{
"type": "FeatureCollection",
"crs": { "type": "name", "properties": { "name": "urn:ogc:def:crs:OGC:1.3:CRS84" } },
"features": [
{ "type": "Feature", "properties": { "parent_city": "Raleigh", "display_name": "Raleigh", "geometry_source": "Unary union of Modemon GO child regions", "source_authority": "Derived gameplay container", "source_query_or_filter": "unary_union(child geometries)", "retrieved_at_utc": "2026-10-03T18:39:58Z", "original_crs": "EPSG:4326", "final_crs": "EPSG:4326", "review_required": true, "geometry_valid": true, "notes": "Derived from child polygons without filling gaps or connecting disconnected areas." }, "geometry": { "type": "MultiPolygon", "coordinates": [ [ [ [ -78.68712679265272, 35.752694964902624 ], [ -78.687766797448333, 35.752712832791012 ], [ -78.687534870079929, 35.752747882053988 ], [ -78.687200589585771, 35.752822010402795 ], [ -78.68712478952429, 35.752836969279436 ], [ -78.686111616138248, 35.753043675830661 ], [ -78.685785582425055, 35.753109174843871 ], [ -78.68553778449386, 35.753158957083777 ], [ -78.685326463036304, 35.753202236954863 ], [ -78.684998001730918, 35.753269507764571 ], [ -78.68468796896623, 35.753332417774054 ], [ -78.684521911631236, 35.753366206785877 ], [ -78.684493822800391, 35.753371922525211 ], [ -78.684287384941754, 35.753414777890363 ], [ -78.683931778470651, 35.753488600414236 ], [ -78.683597444626045, 35.753551264304072 ], [ -78.682899677596041, 35.753664597641311 ], [ -78.682628742883736, 35.753708602725979 ], [ -78.682147275186168, 35.753786800657394 ], [ -78.682149156364105, 35.753647669586748 ], [ -78.682161339775647, 35.752746518527275 ], [ -78.6821635993104, 35.752580019621533 ], [ -78.682661191765149, 35.752582434953119 ], [ -78.684486306264375, 35.752616029591913 ], [ -78.685289290617874, 35.752647527596842 ], [ -78.68657643978581, 35.752679598537625 ], [ -78.68712679265272, 35.752694964902624 ] ] ], [ [ [ -78.671382589772023, 35.754934997029437 ], [ -78.671447384697984, 35.754956463676535 ], [ -78.671803575053389, 35.755046559157016 ], [ -78.671813544316208, 35.755049144070092 ], [ -78.672126667810346, 35.755130346036417 ], [ -78.672232019022076, 35.755156736485759 ], [ -78.672698894547537, 35.755272456174531 ], [ -78.672706639962783, 35.755275626326807 ], [ -78.672921889189809, 35.755327843272589 ], [ -78.6731359393346, 35.755383239304571 ], [ -78.673341187258302, 35.755434896862972 ], [ -78.673616584435536, 35.755504207658745 ], [ -78.673502269857465, 35.755538930622734 ], [ -78.673223879260519, 35.755619401499224 ], [ -78.672489727127925, 35.755745968106027 ], [ -78.6721264462997, 35.755808594767508 ], [ -78.671895405726232, 35.755848496578828 ], [ -78.671862387309801, 35.755854032077259 ], [ -78.671622211104307, 35.755894292732698 ], [ -78.671378644250936, 35.755906513413649 ], [ -78.671003614620474, 35.755922157023669 ], [ -78.670932255545182, 35.75592557325875 ], [ -78.670725900494844, 35.755935451403722 ], [ -78.670160807590008, 35.75596250062447 ], [ -78.66993411600258, 35.755973350794797 ], [ -78.669895782639628, 35.755965671905948 ], [ -78.668795825729077, 35.755745322689933 ], [ -78.668939713880448, 35.755634115278909 ], [ -78.669014888104741, 35.755576013617436 ], [ -78.669389865244156, 35.755325286212717 ], [ -78.669421588638372, 35.755304075095857 ], [ -78.669830548427484, 35.755030620737799 ], [ -78.669864788441345, 35.75500749373505 ], [ -78.670371712258159, 35.754665087049347 ], [ -78.670520754320265, 35.754704446061794 ], [ -78.670533319110689, 35.754707763693624 ], [ -78.670848843132049, 35.754791351429304 ], [ -78.670860742941016, 35.754794503183192 ], [ -78.671158364631992, 35.754874630997833 ], [ -78.671382589772023, 35.754934997029437 ] ] ], [ [ [ -78.669181920829985, 35.774331110090095 ], [ -78.669138891737816, 35.774203812715598 ], [ -78.669103447743453, 35.77407497208204 ], [ -78.669062827015324, 35.773892459986158 ], [ -78.669030354697924, 35.773708866752237 ], [ -78.669006072876527, 35.773524435865625 ], [ -78.668990012582213, 35.773339408977535 ], [ -78.668982198205526, 35.773154028620837 ], [ -78.668982635326401, 35.772968539078327 ], [ -78.668991327312824, 35.77278318462529 ], [ -78.669008258734138, 35.772598208582814 ], [ -78.669033411944582, 35.772413855165844 ], [ -78.669066750507966, 35.772230365832499 ], [ -78.669108231353306, 35.772047982021512 ], [ -78.669157799248808, 35.771866944235491 ], [ -78.669215390127306, 35.771687490247643 ], [ -78.669280926663092, 35.771509855089612 ], [ -78.669354324889369, 35.771334275576514 ], [ -78.669512200584279, 35.771093254601467 ], [ -78.669671253323514, 35.770775283740633 ], [ -78.669885798840184, 35.77067376120587 ], [ -78.670053755513266, 35.770337984308767 ], [ -78.66999547650839, 35.770156207744442 ], [ -78.670122714479291, 35.769901830489268 ], [ -78.670184069748956, 35.769662734691593 ], [ -78.670430387110216, 35.769143819084107 ], [ -78.670504336300368, 35.768958906749809 ], [ -78.670569852893991, 35.768771893037275 ], [ -78.67062684520981, 35.76858303459688 ], [ -78.670675238151276, 35.768392589925149 ], [ -78.670714964365999, 35.76820081753776 ], [ -78.670745969760432, 35.768007979589925 ], [ -78.670768211294813, 35.767814340067808 ], [ -78.670781660308123, 35.767620162994561 ], [ -78.670786298089837, 35.76742571331981 ], [ -78.670782116985876, 35.767231256922507 ], [ -78.670769123723048, 35.767037058817365 ], [ -78.670747337189482, 35.766843384951407 ], [ -78.670716785127325, 35.766650499491064 ], [ -78.670677510768087, 35.766458664840243 ], [ -78.670629567291385, 35.766268144329139 ], [ -78.670573020054874, 35.766079197714014 ], [ -78.67050794769591, 35.765892082081173 ], [ -78.670434436594491, 35.765707053635026 ], [ -78.670350671549571, 35.765430842679741 ], [ -78.670160202034793, 35.76509839035031 ], [ -78.670079624872315, 35.764957745850033 ], [ -78.669849430372537, 35.764670097082124 ], [ -78.669613650244699, 35.764385469355325 ], [ -78.6694562919145, 35.764218901405947 ], [ -78.669295046730525, 35.764054822141475 ], [ -78.669099125864889, 35.763859233587695 ], [ -78.668897594406005, 35.763667469216927 ], [ -78.66869056583657, 35.763479635670265 ], [ -78.668478155858324, 35.763295836891032 ], [ -78.66826048127524, 35.76311617682547 ], [ -78.668037665545, 35.762940754030133 ], [ -78.667809831015589, 35.762769667058791 ], [ -78.666927553198946, 35.762123960489987 ], [ -78.666933976402049, 35.76211826617628 ], [ -78.667591573413418, 35.761535314776793 ], [ -78.667648514506709, 35.76148483751318 ], [ -78.667717357178773, 35.76142380809339 ], [ -78.667709242805103, 35.76141909711194 ], [ -78.667599294516904, 35.761355263353465 ], [ -78.667508599082367, 35.761302608368574 ], [ -78.667127901977224, 35.761081581318969 ], [ -78.667052386572479, 35.761037738551991 ], [ -78.665838722327237, 35.760333089009954 ], [ -78.665637061317128, 35.760216002147061 ], [ -78.664143491273791, 35.759348800572091 ], [ -78.66400334774842, 35.759267429109741 ], [ -78.664270870622985, 35.759084679876061 ], [ -78.664325075659406, 35.759047663724836 ], [ -78.664338442276616, 35.759038532885263 ], [ -78.664365951789733, 35.75901974154165 ], [ -78.66439868793482, 35.758997380807571 ], [ -78.664556171415086, 35.758889805315796 ], [ -78.664613218551835, 35.75885083731724 ], [ -78.66461912387588, 35.758846803791982 ], [ -78.664854264030879, 35.758686181577303 ], [ -78.664994460466403, 35.758707995201085 ], [ -78.665130999006237, 35.758729238864284 ], [ -78.665897578860026, 35.758848507704506 ], [ -78.666085630287213, 35.758877764930887 ], [ -78.66618847500547, 35.758893766484292 ], [ -78.667076811242936, 35.758803150299705 ], [ -78.668085514411587, 35.758369496341317 ], [ -78.668858838367143, 35.757931632983343 ], [ -78.669860338268407, 35.757562599771823 ], [ -78.672268641292675, 35.757075625030289 ], [ -78.672498527508452, 35.757029137718582 ], [ -78.672797390925467, 35.756968701161419 ], [ -78.673006875272605, 35.756926338560518 ], [ -78.673152405474468, 35.756896908781272 ], [ -78.675221682603109, 35.756478428247149 ], [ -78.675607234237788, 35.756418743234775 ], [ -78.676153060736013, 35.75633424535387 ], [ -78.676604493642373, 35.756264358657468 ], [ -78.677035612258564, 35.756197210619867 ], [ -78.677186402110109, 35.756173620835462 ], [ -78.677548358474382, 35.756116994837228 ], [ -78.677717373367429, 35.756066878893833 ], [ -78.677770748080547, 35.756051095884558 ], [ -78.678438428994866, 35.755853656628439 ], [ -78.679804391265208, 35.755460820647784 ], [ -78.680587038114098, 35.755326689171653 ], [ -78.68127400668952, 35.755208949435399 ], [ -78.681285644150847, 35.755206954545933 ], [ -78.68139939844076, 35.75518745752516 ], [ -78.681420416744558, 35.755183669129813 ], [ -78.681880024460867, 35.755069700776907 ], [ -78.682139920209138, 35.755005254655792 ], [ -78.682718424678825, 35.75486162603864 ], [ -78.683848472907755, 35.754630682071472 ], [ -78.684511705983141, 35.754495134594364 ], [ -78.685212398355688, 35.754351926875991 ], [ -78.686753917494826, 35.754036854251581 ], [ -78.687564507392381, 35.753871168114166 ], [ -78.688302427458396, 35.753720330627203 ], [ -78.689401921693971, 35.753495574522816 ], [ -78.691179593250908, 35.753132163817 ], [ -78.691539830567507, 35.753058516649411 ], [ -78.691795208332039, 35.753012067391182 ], [ -78.692844097341649, 35.752821285565531 ], [ -78.693482293892018, 35.752837472072947 ], [ -78.693774507780105, 35.752844881748508 ], [ -78.693773237628506, 35.753272556476205 ], [ -78.69430037727561, 35.753285490311349 ], [ -78.694417949252241, 35.753141298990236 ], [ -78.694401670342444, 35.753287956463268 ], [ -78.694381993643873, 35.753430145493496 ], [ -78.694354029319783, 35.753571409655059 ], [ -78.694317839363435, 35.753711426412785 ], [ -78.694273506755508, 35.753849879592181 ], [ -78.694263389467082, 35.753878128810086 ], [ -78.694293326446356, 35.753887387873121 ], [ -78.694281078951349, 35.753918693648934 ], [ -78.69427824513312, 35.753925937037572 ], [ -78.694241179398347, 35.75400852080255 ], [ -78.694201029903397, 35.75409014137432 ], [ -78.694198110558034, 35.754088704494244 ], [ -78.694186455950558, 35.754104434524962 ], [ -78.694192417773763, 35.754107204938883 ], [ -78.694179101838685, 35.754133586619524 ], [ -78.694127293156384, 35.754235910859286 ], [ -78.69407054483267, 35.754336479444326 ], [ -78.694041500695377, 35.754384376606055 ], [ -78.694028357579555, 35.754405677762847 ], [ -78.694015221835826, 35.75439900177161 ], [ -78.694004742523134, 35.754412703081847 ], [ -78.694019521588913, 35.754420221463327 ], [ -78.693898476728393, 35.754619465603753 ], [ -78.693875434234911, 35.754611918324713 ], [ -78.693854289484307, 35.754397970877235 ], [ -78.693777776528705, 35.754407813299423 ], [ -78.69370303714085, 35.754424396863321 ], [ -78.693630961089312, 35.754447526413614 ], [ -78.693562409709472, 35.754476923800851 ], [ -78.693498199273719, 35.754512239556647 ], [ -78.693439096572106, 35.754553051980963 ], [ -78.693385805616543, 35.754598874318987 ], [ -78.693338963193767, 35.754649161059 ], [ -78.692876528221774, 35.75521461730672 ], [ -78.692762593657363, 35.755149811835317 ], [ -78.689084397064164, 35.759529080240888 ], [ -78.689081240795815, 35.759691147326485 ], [ -78.689075223247755, 35.760099086490577 ], [ -78.689065681008159, 35.760518312366081 ], [ -78.689051286390537, 35.76128334896984 ], [ -78.689042702999004, 35.761737885843779 ], [ -78.689012328401816, 35.76334636649581 ], [ -78.689004554708049, 35.763758450521891 ], [ -78.688990597142038, 35.764498675910332 ], [ -78.688989042832617, 35.764581086200543 ], [ -78.688984014629241, 35.764847383332857 ], [ -78.688981875299788, 35.76496085722772 ], [ -78.688980276113782, 35.765045730786774 ], [ -78.688972964298372, 35.765433668540368 ], [ -78.688976299024276, 35.765433866339713 ], [ -78.690616896249537, 35.765426561397305 ], [ -78.690739571491562, 35.765426003134614 ], [ -78.690739064699557, 35.765502457238924 ], [ -78.690733290196391, 35.765740102980317 ], [ -78.69071911806202, 35.765977514661124 ], [ -78.690696560036471, 35.766214494912418 ], [ -78.69069383803631, 35.766238578432436 ], [ -78.690592202650308, 35.766239570470731 ], [ -78.688960807811299, 35.766255571429006 ], [ -78.688957472164475, 35.766255604373121 ], [ -78.688921042892204, 35.768188391475086 ], [ -78.688912871844352, 35.768621885437398 ], [ -78.688906948910017, 35.768936083144091 ], [ -78.68890267922167, 35.769162597100923 ], [ -78.688895937555941, 35.769520281945482 ], [ -78.688142392209556, 35.769510043650193 ], [ -78.687018027393847, 35.769494709437438 ], [ -78.686928452582251, 35.769493539134047 ], [ -78.68645213835039, 35.769487059993942 ], [ -78.682347222957091, 35.769431170988774 ], [ -78.682367900026946, 35.771303458786434 ], [ -78.681693758563412, 35.77130068230381 ], [ -78.681674113383124, 35.771720116839965 ], [ -78.681672567883169, 35.771753104034048 ], [ -78.681654907616064, 35.772130142366237 ], [ -78.681678604867216, 35.772130239447712 ], [ -78.681563428077411, 35.773680183258115 ], [ -78.681566765111057, 35.773680157730183 ], [ -78.681563293553879, 35.77368092111206 ], [ -78.681552631675544, 35.773751349964904 ], [ -78.681544591806315, 35.77380446172392 ], [ -78.681508974044306, 35.774046578451618 ], [ -78.681513297678251, 35.774160618625707 ], [ -78.681526064363752, 35.774497316968684 ], [ -78.681533661130203, 35.774713841030881 ], [ -78.68146884054164, 35.774709367605901 ], [ -78.681466303506497, 35.774798909160488 ], [ -78.681465076975513, 35.77480815650479 ], [ -78.6814619547402, 35.774817102347882 ], [ -78.681457025185722, 35.774825490937481 ], [ -78.681450430833337, 35.774833081985712 ], [ -78.681338846051219, 35.774940904323323 ], [ -78.681211134075298, 35.775059240958704 ], [ -78.681077508430292, 35.775173158881742 ], [ -78.68094179316364, 35.775279756730477 ], [ -78.680800900328961, 35.775381796254159 ], [ -78.680770917752596, 35.775404046817457 ], [ -78.680551529238485, 35.775545524374543 ], [ -78.680513230853265, 35.77556839843232 ], [ -78.68031715640916, 35.775685502023606 ], [ -78.679874147204899, 35.775953583417241 ], [ -78.679419223048626, 35.776200058934414 ], [ -78.679382075363932, 35.776055232408552 ], [ -78.679318501776962, 35.775807375158109 ], [ -78.679315017517382, 35.775803501900832 ], [ -78.679251553263384, 35.775824150577286 ], [ -78.679186731176088, 35.775845241812661 ], [ -78.679136817152255, 35.775861481559936 ], [ -78.678971477247799, 35.775872258732996 ], [ -78.678904033557743, 35.775876654424636 ], [ -78.678398244368154, 35.77590961922111 ], [ -78.675218687503303, 35.776517570479292 ], [ -78.67451615285556, 35.776530144042717 ], [ -78.674512810821028, 35.776529733111346 ], [ -78.674477333701077, 35.776935323014065 ], [ -78.674298907590469, 35.776904157973057 ], [ -78.674122221135121, 35.776866989700785 ], [ -78.673947578368995, 35.776823882155014 ], [ -78.671680216666786, 35.776230851632988 ], [ -78.671060417699579, 35.776051053984766 ], [ -78.670816634071187, 35.775955795068711 ], [ -78.670583070635303, 35.775844827009024 ], [ -78.670361248552751, 35.775718872542434 ], [ -78.670152612493183, 35.775578752008911 ], [ -78.669958521225226, 35.775425378007483 ], [ -78.669780238766535, 35.775259749451131 ], [ -78.669780984703408, 35.775256658941821 ], [ -78.669684926625223, 35.775154711820498 ], [ -78.669592562080325, 35.775046229034373 ], [ -78.669506727910985, 35.774934240514177 ], [ -78.669427621011849, 35.774819009100497 ], [ -78.66935542719871, 35.774700801208787 ], [ -78.669290314546345, 35.774579893120425 ], [ -78.669232433403877, 35.77445656737742 ], [ -78.669181920829985, 35.774331110090095 ] ] ], [ [ [ -78.68238880798198, 35.774001775619233 ], [ -78.681639163186745, 35.774672334738682 ], [ -78.68163089454616, 35.774494089248776 ], [ -78.681579693499842, 35.774495665282075 ], [ -78.68155665167717, 35.774048748261393 ], [ -78.681591737431347, 35.773801256281295 ], [ -78.681591748729375, 35.773801195920377 ], [ -78.682396931816513, 35.773745427650077 ], [ -78.68238880798198, 35.774001775619233 ] ] ], [ [ [ -78.666604415057094, 35.781675213499597 ], [ -78.666612020787795, 35.781670426521899 ], [ -78.666781726423807, 35.781601521250302 ], [ -78.6668298667051, 35.781578298078003 ], [ -78.666878861128595, 35.781552335320498 ], [ -78.666926178259999, 35.781524304771303 ], [ -78.6669844987251, 35.781485141083003 ], [ -78.6670140899014, 35.781463246194299 ], [ -78.667054680174402, 35.781431247499597 ], [ -78.667071604151403, 35.781415151503602 ], [ -78.667107997658803, 35.781378849100903 ], [ -78.667141030218303, 35.781339964154498 ], [ -78.667171546127605, 35.781298153757298 ], [ -78.667205507188996, 35.781239518279499 ], [ -78.667231039777903, 35.781178630734502 ], [ -78.667233612903203, 35.781167819779498 ], [ -78.667257425273405, 35.781116372758802 ], [ -78.667268502381702, 35.781087558962398 ], [ -78.667283009725594, 35.781043126052502 ], [ -78.667292414998002, 35.781011728028098 ], [ -78.667302719927093, 35.780966255199402 ], [ -78.667311402175599, 35.780904634786602 ], [ -78.667313202343706, 35.780874934861899 ], [ -78.667322377623833, 35.780732737672203 ], [ -78.667263991679818, 35.780570218924353 ], [ -78.667294498272526, 35.78012637461179 ], [ -78.667299622103911, 35.78005182274574 ], [ -78.667673082642665, 35.779840268953805 ], [ -78.667930968944759, 35.779705211054925 ], [ -78.667936624563097, 35.779702248415191 ], [ -78.667980006964257, 35.779687934264601 ], [ -78.668151847296841, 35.779631232643254 ], [ -78.668582463767621, 35.779653180977078 ], [ -78.66958780381897, 35.77970295953547 ], [ -78.670178542587479, 35.779730659773072 ], [ -78.670679900905029, 35.779767388631868 ], [ -78.671177783838957, 35.779829516861653 ], [ -78.6712813702284, 35.779851088970723 ], [ -78.671676379490506, 35.779924443241306 ], [ -78.673255800753552, 35.780371522104168 ], [ -78.674837368881754, 35.780813606160031 ], [ -78.67503010958589, 35.780867843501476 ], [ -78.675293435641166, 35.780941942415488 ], [ -78.675451135170505, 35.780986318677662 ], [ -78.675568990071639, 35.781019482221204 ], [ -78.675653619688504, 35.781043295845251 ], [ -78.675837520453413, 35.781116481741229 ], [ -78.676339899345678, 35.781316417773745 ], [ -78.676474531222127, 35.781374124543063 ], [ -78.676663305089519, 35.781458347408517 ], [ -78.676714892432329, 35.781481363227329 ], [ -78.677193496728151, 35.781694892537246 ], [ -78.67787377247231, 35.781997010519568 ], [ -78.678409733261603, 35.782238814095827 ], [ -78.679746012746733, 35.782804331522101 ], [ -78.680460007794835, 35.78311012802542 ], [ -78.681443712742592, 35.783529436633017 ], [ -78.682086769887235, 35.783804593191839 ], [ -78.682602542841735, 35.784025283489598 ], [ -78.682783374970015, 35.784102656484649 ], [ -78.683271862663361, 35.784313580687765 ], [ -78.68380327126799, 35.784541960732426 ], [ -78.684013269479465, 35.784634878290959 ], [ -78.684226156203522, 35.784723324178728 ], [ -78.684441790058258, 35.784807237624577 ], [ -78.68466002300508, 35.784886562347786 ], [ -78.684685260666342, 35.784898819282773 ], [ -78.684843979593637, 35.78496052964401 ], [ -78.685006106749739, 35.785016044640344 ], [ -78.68517127975538, 35.785065239837728 ], [ -78.685339127325861, 35.785108004300895 ], [ -78.685509273685668, 35.785144243309105 ], [ -78.685681334157948, 35.785173874739471 ], [ -78.685854925110377, 35.785196831796675 ], [ -78.685978468929605, 35.785211364528138 ], [ -78.686102724058628, 35.785221056933665 ], [ -78.686227407371135, 35.785225887551064 ], [ -78.686352232383442, 35.785225844825433 ], [ -78.686476910353932, 35.785220928914633 ], [ -78.686562908723303, 35.78521548342875 ], [ -78.686620247464049, 35.785210650992177 ], [ -78.686777357749719, 35.785190970313472 ], [ -78.686934804706738, 35.78517317050607 ], [ -78.686959688682677, 35.785168597920794 ], [ -78.686954270776752, 35.785588407707884 ], [ -78.686938137440791, 35.786598859131047 ], [ -78.686919959495583, 35.787375787009324 ], [ -78.686912019099807, 35.787575804972548 ], [ -78.686901595603757, 35.787682831917721 ], [ -78.686883552725078, 35.787789183998449 ], [ -78.68685795266893, 35.787894501734534 ], [ -78.686824879752464, 35.787998429306533 ], [ -78.686784448152181, 35.788100613674658 ], [ -78.686736793033802, 35.788200709964038 ], [ -78.686680488479311, 35.788291850753296 ], [ -78.68661969882983, 35.788381058309383 ], [ -78.686554523099133, 35.788468185961101 ], [ -78.686485068032141, 35.788553090662411 ], [ -78.68615909542163, 35.788920982812023 ], [ -78.685970483456188, 35.788915690846366 ], [ -78.685892065966982, 35.788995952704276 ], [ -78.685863671352237, 35.789265514238139 ], [ -78.685733388852825, 35.789417496590453 ], [ -78.68558142748752, 35.789595114796704 ], [ -78.685513215298883, 35.78968107399465 ], [ -78.685393205236366, 35.789583659549933 ], [ -78.6852683014109, 35.789489930561039 ], [ -78.685248728670217, 35.789462276302189 ], [ -78.684769341081449, 35.790669216958321 ], [ -78.684214229859663, 35.790338214422981 ], [ -78.683236038286054, 35.789754924131273 ], [ -78.683194058238726, 35.789729960387838 ], [ -78.683134284679994, 35.789694653387699 ], [ -78.683062025727068, 35.789652332961353 ], [ -78.682800578540963, 35.789502522302705 ], [ -78.682536204899321, 35.789356161008534 ], [ -78.682268973219252, 35.789213287996589 ], [ -78.681998951926516, 35.789073939481106 ], [ -78.681978578772757, 35.789063626289582 ], [ -78.6819236635951, 35.789035964860908 ], [ -78.681871702213385, 35.789009975003523 ], [ -78.68156198149623, 35.788858734044801 ], [ -78.68124893606128, 35.78871210839408 ], [ -78.680932668557446, 35.788570147869343 ], [ -78.680613283857582, 35.788432898689763 ], [ -78.680290887938426, 35.788300407078303 ], [ -78.679965587894486, 35.78817271565638 ], [ -78.679643733136928, 35.788052150344704 ], [ -78.679603160841168, 35.788037307554283 ], [ -78.675981319495278, 35.786712273154393 ], [ -78.675087543590038, 35.786385266658563 ], [ -78.675058367953753, 35.786374591717731 ], [ -78.674895665839088, 35.786315062689127 ], [ -78.67489149047924, 35.786313535482627 ], [ -78.674728550021769, 35.786253918162366 ], [ -78.673606852992265, 35.785843503318375 ], [ -78.673591463994896, 35.785837872839288 ], [ -78.673497150656686, 35.785803364443147 ], [ -78.672994010952451, 35.785619266981207 ], [ -78.672451962930737, 35.78542092880523 ], [ -78.671902976494465, 35.785220049346449 ], [ -78.671892210325709, 35.785216110309548 ], [ -78.671891527709732, 35.78521585969947 ], [ -78.671811082482833, 35.785186424061393 ], [ -78.671542610360788, 35.785088185637875 ], [ -78.671526458402525, 35.785082275223964 ], [ -78.669356395777058, 35.784288183381676 ], [ -78.669349076013347, 35.784285504541522 ], [ -78.668712451639834, 35.784052534413746 ], [ -78.668707839122249, 35.784050846266346 ], [ -78.66868585676508, 35.784042801451754 ], [ -78.668682775126911, 35.784041673597905 ], [ -78.667507340563731, 35.783611514765873 ], [ -78.667494993155415, 35.783606995961989 ], [ -78.667294202990291, 35.783533513449164 ], [ -78.667283366583334, 35.783529547670675 ], [ -78.667130373550677, 35.78347355716663 ], [ -78.667052976934116, 35.783445232643551 ], [ -78.666885221314132, 35.783383838465454 ], [ -78.666867720319615, 35.783377434308377 ], [ -78.666584159359076, 35.783273658005129 ], [ -78.666541546305695, 35.783258062533285 ], [ -78.666301206600124, 35.783170104433829 ], [ -78.666281798221021, 35.783163000929669 ], [ -78.665432069683519, 35.782852014636227 ], [ -78.665893994064149, 35.782048811314034 ], [ -78.665966340677016, 35.782029396368948 ], [ -78.666041625152261, 35.782009191741388 ], [ -78.666066957500931, 35.782002393250721 ], [ -78.666092404913996, 35.781970347597401 ], [ -78.666133876416097, 35.781930282759198 ], [ -78.666186325229503, 35.781883551869598 ], [ -78.666231137528797, 35.781849848853703 ], [ -78.666286915051998, 35.781814283026698 ], [ -78.666360412116205, 35.781774135476702 ], [ -78.6664288036892, 35.781745647264103 ], [ -78.666604415057094, 35.781675213499597 ] ], [ [ -78.66801277763625, 35.780995226665624 ], [ -78.667551651384656, 35.781130629519687 ], [ -78.667564029662501, 35.781166545106302 ], [ -78.667877126046506, 35.781099073261899 ], [ -78.668175131874008, 35.781034872342538 ], [ -78.66801277763625, 35.780995226665624 ] ], [ [ -78.668106990580895, 35.781944686859809 ], [ -78.668024431975894, 35.781943382812997 ], [ -78.667499057887724, 35.781931186928951 ], [ -78.668016000358364, 35.781970494983398 ], [ -78.668106990580895, 35.781944686859809 ] ], [ [ -78.666321954825094, 35.781901948589699 ], [ -78.66611310719513, 35.781990007969391 ], [ -78.666430440513906, 35.781904844622204 ], [ -78.666321954825094, 35.781901948589699 ] ] ], [ [ [ -78.697222574240982, 35.78728763645703 ], [ -78.697138306730849, 35.78757966574949 ], [ -78.697020891304433, 35.787982742100617 ], [ -78.696983725344978, 35.788110806551984 ], [ -78.696832294434259, 35.788632582723075 ], [ -78.696805134852255, 35.788726160389913 ], [ -78.696754534037126, 35.788900514134774 ], [ -78.69670428570879, 35.789073738439967 ], [ -78.69664373978641, 35.789283040448176 ], [ -78.696613939775631, 35.789282659790068 ], [ -78.696545598914625, 35.789280506637724 ], [ -78.695347427686329, 35.789242758864567 ], [ -78.693931374475639, 35.789200768361113 ], [ -78.693935185220724, 35.789118407614581 ], [ -78.693943224714332, 35.788944659291737 ], [ -78.693944495710042, 35.788917201202558 ], [ -78.693975978636274, 35.788236793478035 ], [ -78.693996399761872, 35.78774061266239 ], [ -78.694005513229854, 35.787337296943527 ], [ -78.694007021446083, 35.787050034665121 ], [ -78.694650611399098, 35.787049761053993 ], [ -78.695320765480972, 35.787046458861163 ], [ -78.695484731230593, 35.7870432634083 ], [ -78.696323474369493, 35.78703986138887 ], [ -78.696540533340325, 35.787039029473526 ], [ -78.696970076496399, 35.787044297070864 ], [ -78.697137736105859, 35.787046352609671 ], [ -78.697247649890556, 35.787046861942088 ], [ -78.697291352791993, 35.787047064273743 ], [ -78.697222574240982, 35.78728763645703 ] ] ], [ [ [ -78.686851034433204, 35.789083098123442 ], [ -78.68640897426134, 35.789077106484307 ], [ -78.686273648065537, 35.78907520688491 ], [ -78.68658396852237, 35.788713294270309 ], [ -78.686691983420815, 35.78858315641429 ], [ -78.686753449249451, 35.788507324730311 ], [ -78.686811351128, 35.78842965321973 ], [ -78.686865607871383, 35.78835025434703 ], [ -78.686917522809836, 35.788261653903618 ], [ -78.686962899997624, 35.788170702153323 ], [ -78.687001581133629, 35.788077717772936 ], [ -78.687033428898886, 35.787983029406902 ], [ -78.687058331406035, 35.787886969369538 ], [ -78.687084042764823, 35.787763107591999 ], [ -78.687103125239176, 35.787638452721367 ], [ -78.687106090152852, 35.78763468189463 ], [ -78.687105301670726, 35.787620601751044 ], [ -78.687113234648081, 35.787531333915538 ], [ -78.687116392846434, 35.787477595680834 ], [ -78.687125280378083, 35.787249937657926 ], [ -78.68712373309701, 35.78721439001324 ], [ -78.68712778675156, 35.787194258949185 ], [ -78.687135813061829, 35.787174935777529 ], [ -78.687147597633981, 35.787156936418171 ], [ -78.687162825534784, 35.787140744084134 ], [ -78.687181089112144, 35.787126789472104 ], [ -78.687201900177413, 35.787115447188654 ], [ -78.687224701123384, 35.787107021357173 ], [ -78.687248883768191, 35.787101735751868 ], [ -78.687273799317822, 35.787099732020621 ], [ -78.687702454815948, 35.787095337842302 ], [ -78.688110837428013, 35.787101877665975 ], [ -78.688254562068423, 35.7871012152698 ], [ -78.688256291836325, 35.787089543661935 ], [ -78.688447984032678, 35.787090477465647 ], [ -78.68847966908794, 35.787090631494785 ], [ -78.68848209726265, 35.787090629591269 ], [ -78.689830917037824, 35.787089784116439 ], [ -78.69153278500211, 35.787100115061627 ], [ -78.692591932000113, 35.787103822303727 ], [ -78.693804501629046, 35.787106362012828 ], [ -78.693803214160525, 35.787335414138788 ], [ -78.693794108781063, 35.787736326878516 ], [ -78.693773691810165, 35.788230790611671 ], [ -78.693731084865107, 35.789116597693024 ], [ -78.693727123480031, 35.789198953548357 ], [ -78.691755132055746, 35.789150360744799 ], [ -78.691752115503235, 35.789232745069448 ], [ -78.690910642574735, 35.789211759811714 ], [ -78.690914662254713, 35.789138058905067 ], [ -78.690439640407931, 35.789123468838866 ], [ -78.688311290437611, 35.789063348986282 ], [ -78.687008263586691, 35.789026624543801 ], [ -78.68685313034635, 35.789022921586692 ], [ -78.686851034433204, 35.789083098123442 ] ] ], [ [ [ -78.685693556625068, 35.789738402514679 ], [ -78.68570075561685, 35.789730007930295 ], [ -78.685716412060842, 35.789713907028798 ], [ -78.685832441413439, 35.789574609542079 ], [ -78.685820940657933, 35.789714176616613 ], [ -78.685803180757731, 35.78983776021466 ], [ -78.685781269233999, 35.789835986644974 ], [ -78.685662641843763, 35.789776613703118 ], [ -78.685693556625068, 35.789738402514679 ] ] ], [ [ [ -78.661410642101856, 35.758697546456375 ], [ -78.661043465210241, 35.758698219662463 ], [ -78.660897031039795, 35.75869848804787 ], [ -78.66078645287935, 35.7586986911815 ], [ -78.659546654663899, 35.758700953558098 ], [ -78.65936889512885, 35.758701276751928 ], [ -78.658368161278048, 35.758703092268874 ], [ -78.658243435724529, 35.758306992464703 ], [ -78.658191658048992, 35.758308374055119 ], [ -78.657672060097084, 35.756658200403272 ], [ -78.657618792425737, 35.756489023938279 ], [ -78.657969047773335, 35.756612458182005 ], [ -78.658322130539986, 35.756730417298094 ], [ -78.658677913670488, 35.756842860345699 ], [ -78.659036265691199, 35.756949744570065 ], [ -78.659397057322664, 35.757051030829487 ], [ -78.659760157056098, 35.757146683582718 ], [ -78.660125431172688, 35.757236666382489 ], [ -78.660492748140342, 35.757320948197098 ], [ -78.662090532933291, 35.757674164048339 ], [ -78.663787032485516, 35.758341410223437 ], [ -78.663888290873942, 35.758381234861872 ], [ -78.66384776023061, 35.758419729835929 ], [ -78.663668438858167, 35.75859004061946 ], [ -78.663611274663907, 35.758644331790862 ], [ -78.663513004334163, 35.758737664228285 ], [ -78.663007252843244, 35.759217994956366 ], [ -78.662395421872276, 35.75862096553157 ], [ -78.662279209349251, 35.758507562944715 ], [ -78.662248543341079, 35.758477638547973 ], [ -78.662228651860431, 35.758458227685601 ], [ -78.662160484977306, 35.758391708799358 ], [ -78.662114103355123, 35.758346323995596 ], [ -78.66198448909708, 35.758434326870557 ], [ -78.66190280259282, 35.758489788547202 ], [ -78.66184121852956, 35.75853160178464 ], [ -78.661781205836135, 35.758572347643266 ], [ -78.66159730922675, 35.75869720357084 ], [ -78.661410642101856, 35.758697546456375 ] ] ], [ [ [ -78.653148574920394, 35.771444606122301 ], [ -78.6530158391068, 35.771363055959696 ], [ -78.652896370211593, 35.771309595323899 ], [ -78.652819464014996, 35.771262344519201 ], [ -78.652574167371199, 35.771122459292499 ], [ -78.652611737368005, 35.771034123999698 ], [ -78.652622779495701, 35.771008169516598 ], [ -78.652325080540507, 35.7708283315228 ], [ -78.652189330232702, 35.770746326565799 ], [ -78.652180229603701, 35.7707459102946 ], [ -78.6520051459473, 35.770737892051699 ], [ -78.651831208085994, 35.770730144533601 ], [ -78.651714081923501, 35.770724559320001 ], [ -78.651560715225102, 35.770679966178598 ], [ -78.651404917267598, 35.770641377001603 ], [ -78.650724320758101, 35.770527815647 ], [ -78.650040283541699, 35.770434110000402 ], [ -78.6496349345271, 35.770375842291998 ], [ -78.649230789235702, 35.770312259621903 ], [ -78.648827953844403, 35.770243379433303 ], [ -78.648426533426999, 35.770169218266197 ], [ -78.649047286949894, 35.769111018878398 ], [ -78.6499393239108, 35.7685062129393 ], [ -78.652155488117202, 35.767054124343602 ], [ -78.654433239732001, 35.765518604345097 ], [ -78.657371231506104, 35.763537042852697 ], [ -78.657676355410501, 35.763325837474802 ], [ -78.657701775151494, 35.763349492841698 ], [ -78.658054716828801, 35.763116518884203 ], [ -78.658185933236695, 35.7631379257041 ], [ -78.658337639902797, 35.763030206910003 ], [ -78.659239598877093, 35.762405798703497 ], [ -78.659554673198102, 35.763404914022402 ], [ -78.659619821984506, 35.7636246830196 ], [ -78.659677116386007, 35.763845901028603 ], [ -78.6597265084702, 35.764068380445003 ], [ -78.659767955824606, 35.764291935480898 ], [ -78.659801423795997, 35.764516375862101 ], [ -78.659826885459296, 35.764741514038398 ], [ -78.659844317218003, 35.764967159763302 ], [ -78.659853704321904, 35.765193122813699 ], [ -78.659855040867896, 35.765419212989499 ], [ -78.659848324273895, 35.765645239197099 ], [ -78.659668942021796, 35.769417433402197 ], [ -78.659655604257395, 35.769606358285699 ], [ -78.659633591093296, 35.769794743341699 ], [ -78.659602933445598, 35.769982323655 ], [ -78.659563675492393, 35.770168837048999 ], [ -78.659515870264599, 35.770354020469703 ], [ -78.659459586263907, 35.770537614509301 ], [ -78.659394901944296, 35.770719360688197 ], [ -78.6593219079096, 35.770899005065402 ], [ -78.659240706928401, 35.771076294634398 ], [ -78.659151412817806, 35.771250980023403 ], [ -78.659054150435196, 35.771422817298202 ], [ -78.658949057910505, 35.771591563462302 ], [ -78.658836281085499, 35.771756983651699 ], [ -78.658715977968697, 35.7719188439372 ], [ -78.658588319814797, 35.772076917636397 ], [ -78.658453482288394, 35.772230982585597 ], [ -78.658311658728493, 35.772380822979798 ], [ -78.658163044672193, 35.772526227526399 ], [ -78.658007851112004, 35.772666993088102 ], [ -78.657846294552698, 35.772802921951403 ], [ -78.657678601431698, 35.7729338227401 ], [ -78.657505009221794, 35.773059511320298 ], [ -78.656969411765701, 35.773432913092897 ], [ -78.656840975527601, 35.773359765448802 ], [ -78.656063286540501, 35.773901933155003 ], [ -78.656039514236795, 35.773843927197198 ], [ -78.656027137741802, 35.773809810369102 ], [ -78.655892472322506, 35.773480318853402 ], [ -78.655840599545499, 35.773384504713 ], [ -78.655782106276902, 35.773291257815501 ], [ -78.6557171814854, 35.773200880638399 ], [ -78.655646038499498, 35.773113668516402 ], [ -78.655568908394699, 35.7730299042151 ], [ -78.655486041083407, 35.772949861539701 ], [ -78.654955546036405, 35.772563445184304 ], [ -78.654634564474904, 35.772359726991198 ], [ -78.654310984679995, 35.7721587586963 ], [ -78.6533486901521, 35.771567550492897 ], [ -78.653148574920394, 35.771444606122301 ] ] ], [ [ [ -78.666125248465718, 35.769920017043695 ], [ -78.666301894822567, 35.769870301378468 ], [ -78.666482468836278, 35.76983106164748 ], [ -78.666666036450451, 35.769802500825655 ], [ -78.666851648127363, 35.769784766649046 ], [ -78.666823035446797, 35.768747232563463 ], [ -78.665584667081205, 35.76788347860407 ], [ -78.664834623690538, 35.76676440714045 ], [ -78.664135470898088, 35.765282969331317 ], [ -78.66751974560421, 35.76307897179484 ], [ -78.667939469887855, 35.763418134379499 ], [ -78.668339285120666, 35.763772917213323 ], [ -78.668718316999559, 35.764142544700761 ], [ -78.668984609199768, 35.764483583573984 ], [ -78.669113526309133, 35.76463712511989 ], [ -78.669099467454487, 35.764815959521776 ], [ -78.669318104757565, 35.765131805088785 ], [ -78.669490585306448, 35.765210274513684 ], [ -78.669625074051538, 35.765452636375365 ], [ -78.669761525242848, 35.765609178388573 ], [ -78.669917282852097, 35.765990941808475 ], [ -78.670035746525002, 35.766381500985737 ], [ -78.670116182909638, 35.766778439946975 ], [ -78.670158093862923, 35.767179303218853 ], [ -78.670161219545776, 35.767581611016759 ], [ -78.670125540044566, 35.7679828745839 ], [ -78.670051275508527, 35.768380611587382 ], [ -78.669938884802065, 35.768772361475293 ], [ -78.669789062679754, 35.76915570069977 ], [ -78.669570261640828, 35.769522125103229 ], [ -78.66934313435749, 35.76997392772028 ], [ -78.669162356547588, 35.77004449128534 ], [ -78.668994453182037, 35.770380268941281 ], [ -78.669047596017023, 35.770528526992614 ], [ -78.668907123130339, 35.770808434839708 ], [ -78.668909676074776, 35.770928355737773 ], [ -78.668753708663857, 35.771264267268478 ], [ -78.668595382459273, 35.771691470606406 ], [ -78.668481053806914, 35.772127899275233 ], [ -78.668411510363796, 35.772570549271428 ], [ -78.668387231552472, 35.773016373720793 ], [ -78.668408385240909, 35.77346230384947 ], [ -78.668474826566481, 35.773905270106908 ], [ -78.668512274881635, 35.774073276428389 ], [ -78.668556247484972, 35.774240229544098 ], [ -78.668606700112164, 35.774405961240689 ], [ -78.668709025672342, 35.774686827157332 ], [ -78.668798102736602, 35.774868097282663 ], [ -78.668903593570448, 35.775043419949007 ], [ -78.669024905406658, 35.775211809821961 ], [ -78.669161356549481, 35.775372320524312 ], [ -78.669312180204372, 35.775524049955642 ], [ -78.669476528786149, 35.775666145363161 ], [ -78.669653478681852, 35.775797808135188 ], [ -78.669655114383616, 35.775798935652688 ], [ -78.669822571653867, 35.775906863414626 ], [ -78.669998496775563, 35.776005440840677 ], [ -78.670182104912612, 35.776094228142227 ], [ -78.670372576943777, 35.77617282920648 ], [ -78.671105466716838, 35.776392569874467 ], [ -78.670887930792475, 35.776427288217313 ], [ -78.670667377094546, 35.776494928816831 ], [ -78.670393218036708, 35.776584772946727 ], [ -78.670340502365931, 35.776514950578509 ], [ -78.670191162877629, 35.776459490119755 ], [ -78.670014890254876, 35.776445309536498 ], [ -78.66983749737507, 35.776444102390784 ], [ -78.669497382936626, 35.776453541118073 ], [ -78.669519769971018, 35.776359336014877 ], [ -78.669520421567412, 35.776356600384027 ], [ -78.668804533943572, 35.776409341026152 ], [ -78.668438032148046, 35.776446205226904 ], [ -78.668120192364114, 35.776509696981201 ], [ -78.667794300690886, 35.776607175669284 ], [ -78.667521172531707, 35.776688871558989 ], [ -78.667167598135507, 35.776772994330329 ], [ -78.666085116723792, 35.777030530982444 ], [ -78.665522583814905, 35.777240514622491 ], [ -78.665488009291693, 35.777253420750704 ], [ -78.66524141873451, 35.777345467887947 ], [ -78.665273825438192, 35.77640497346168 ], [ -78.663294488709667, 35.776185894375814 ], [ -78.663293219462403, 35.7761934644289 ], [ -78.663279040771698, 35.776605050118299 ], [ -78.663278502504497, 35.776613724123003 ], [ -78.663248327606794, 35.777100718424101 ], [ -78.663209175651303, 35.777725769168001 ], [ -78.662497208179701, 35.777351389928 ], [ -78.659777853033503, 35.775589677668101 ], [ -78.659735894738105, 35.775632686480897 ], [ -78.659377343963598, 35.775417567769701 ], [ -78.658990801987201, 35.775236225251099 ], [ -78.658545305641894, 35.775076014263902 ], [ -78.658544743591094, 35.775082343774102 ], [ -78.658098655594401, 35.774956278949396 ], [ -78.657040729776696, 35.774689024576602 ], [ -78.656348498940702, 35.774313248418103 ], [ -78.656308943949099, 35.7742716674775 ], [ -78.657268359511505, 35.773602802943103 ], [ -78.657139922733293, 35.773529655618198 ], [ -78.657635737956298, 35.773183987643399 ], [ -78.657807326839801, 35.773059952641503 ], [ -78.657973350569506, 35.772930986701098 ], [ -78.658133597191096, 35.772797255098098 ], [ -78.658287859156204, 35.772658928528998 ], [ -78.6584359388374, 35.772516186732297 ], [ -78.658577646346401, 35.772369211270401 ], [ -78.658712800609806, 35.772218192743999 ], [ -78.658841226081094, 35.772063323571999 ], [ -78.658962759353997, 35.771904803417499 ], [ -78.659077243647502, 35.771742835567103 ], [ -78.659184532115901, 35.771577628742698 ], [ -78.659284486754402, 35.771409394394396 ], [ -78.659376978390796, 35.771238348502699 ], [ -78.659461891106005, 35.771064712492503 ], [ -78.659539112302298, 35.770888707796999 ], [ -78.659608545955805, 35.770710560401099 ], [ -78.659670100454605, 35.770530499906499 ], [ -78.659723698559702, 35.770348757756203 ], [ -78.659769270772301, 35.770165566314901 ], [ -78.659806757530703, 35.769981162480597 ], [ -78.659836112550593, 35.7697957822852 ], [ -78.659857297286806, 35.769609662682299 ], [ -78.659870285342294, 35.769423045164402 ], [ -78.660019613535397, 35.766282698246599 ], [ -78.660600154673901, 35.766301032881898 ], [ -78.661982205463602, 35.7660853984423 ], [ -78.662408174080795, 35.766062576786297 ], [ -78.662682052258205, 35.765913014225802 ], [ -78.662794162205302, 35.766043859492399 ], [ -78.662999609717104, 35.766218746147302 ], [ -78.663097341430202, 35.766338891938098 ], [ -78.663409496706706, 35.766861967210403 ], [ -78.663602034619402, 35.767156521256602 ], [ -78.663874762789803, 35.767575881225802 ], [ -78.664024979590295, 35.767798075237501 ], [ -78.664496090407496, 35.768444534738897 ], [ -78.6646849754908, 35.768863915008502 ], [ -78.664873394354899, 35.769160293345799 ], [ -78.665118808931894, 35.770028308560498 ], [ -78.665204259672265, 35.770268478451321 ], [ -78.66595344351019, 35.769979951479094 ], [ -78.666125248465718, 35.769920017043695 ] ], [ [ -78.665912785101298, 35.772188139624944 ], [ -78.665755233716425, 35.771950551167251 ], [ -78.665018178364193, 35.770349031428992 ], [ -78.6650170659465, 35.770349459830598 ], [ -78.665757594403701, 35.771958532405897 ], [ -78.665915143645293, 35.772196119100499 ], [ -78.666306213881825, 35.772707220560214 ], [ -78.66630400022612, 35.772699435109494 ], [ -78.665912785101298, 35.772188139624944 ] ] ], [ [ [ -78.664529487711306, 35.778967187458299 ], [ -78.664726419724403, 35.779040016901902 ], [ -78.664792072759298, 35.779060976372001 ], [ -78.664856879656796, 35.7790843364753 ], [ -78.665220530424406, 35.779197118068701 ], [ -78.665280292031298, 35.779216858684002 ], [ -78.665338377203199, 35.779234360220102 ], [ -78.665412466695201, 35.779254307780498 ], [ -78.665468871174994, 35.779270604942496 ], [ -78.665664203580107, 35.779321105656898 ], [ -78.665796405705805, 35.779353062490699 ], [ -78.665860389653304, 35.779370924274197 ], [ -78.6659168028403, 35.779385154458403 ], [ -78.665984178996197, 35.779399075767998 ], [ -78.666086059632207, 35.779424771300597 ], [ -78.666198903370699, 35.779448261442397 ], [ -78.666390089419195, 35.779483297801598 ], [ -78.666418713044607, 35.779492304945798 ], [ -78.666445638661898, 35.779502681089802 ], [ -78.666475923453802, 35.779516844879197 ], [ -78.666530562633298, 35.779552539150501 ], [ -78.666558280695995, 35.779575960858402 ], [ -78.666611166994699, 35.779627965610999 ], [ -78.666675806690606, 35.779691334256697 ], [ -78.667057696570694, 35.780084038939897 ], [ -78.667161764354006, 35.780193016049601 ], [ -78.667156204849604, 35.780315082228803 ], [ -78.667140074477203, 35.780548047592198 ], [ -78.667131270632794, 35.780639194945699 ], [ -78.667110950505204, 35.780866137739899 ], [ -78.667109158047197, 35.780892064638003 ], [ -78.667100476365604, 35.780953510177 ], [ -78.667091048817497, 35.780990573101597 ], [ -78.667083363113903, 35.781015620402201 ], [ -78.667069728035599, 35.7810518137426 ], [ -78.667048456888693, 35.781100181456097 ], [ -78.667031415676504, 35.781144773260202 ], [ -78.667016948987794, 35.781178217010499 ], [ -78.667005900643801, 35.781199481167903 ], [ -78.666986393222203, 35.781230506338197 ], [ -78.666937263275898, 35.781289439192797 ], [ -78.666916950336798, 35.781308960042502 ], [ -78.666910179049395, 35.781315809803601 ], [ -78.666863671684197, 35.781351910531697 ], [ -78.6668137947064, 35.781386458016399 ], [ -78.666737754900197, 35.781431238127702 ], [ -78.666684545703305, 35.781457021647 ], [ -78.666603496441596, 35.781489080759201 ], [ -78.666508932047293, 35.781528142351704 ], [ -78.666258170590197, 35.7816316821622 ], [ -78.666167775833699, 35.781680715711502 ], [ -78.666100164344101, 35.781724142158602 ], [ -78.666041826276398, 35.781767423634001 ], [ -78.665982604301703, 35.7818216945996 ], [ -78.665929289896297, 35.781872028422001 ], [ -78.665886072442404, 35.7819277141759 ], [ -78.665843670369199, 35.781989241985102 ], [ -78.665809690237197, 35.782054052156603 ], [ -78.665772310332898, 35.782124870390497 ], [ -78.6656915352266, 35.782294292396003 ], [ -78.665597128052198, 35.782498879070403 ], [ -78.665486572539905, 35.782734499799403 ], [ -78.665421204705595, 35.782848677919603 ], [ -78.665412704605501, 35.782864794111902 ], [ -78.665369783886902, 35.782848536691098 ], [ -78.664963275580106, 35.782700267171201 ], [ -78.662921467593193, 35.7819635081499 ], [ -78.662790168679194, 35.7819171237511 ], [ -78.661788657939198, 35.781550847220601 ], [ -78.661132199455196, 35.781312237852497 ], [ -78.661006777658699, 35.781272911001103 ], [ -78.660351196988501, 35.781028118383702 ], [ -78.660132381884694, 35.7809474909036 ], [ -78.661011109446804, 35.780239244630302 ], [ -78.661194621261799, 35.780094318885098 ], [ -78.661360370130893, 35.779963937223798 ], [ -78.661667316615905, 35.779727833540299 ], [ -78.661771305000798, 35.779653432010697 ], [ -78.662097734214001, 35.779394374380203 ], [ -78.6622093678574, 35.779303677454898 ], [ -78.6622761727442, 35.779251318526697 ], [ -78.662315091550795, 35.7792179430961 ], [ -78.662354824190899, 35.779188864837003 ], [ -78.662394554128795, 35.779162017396402 ], [ -78.662456234579807, 35.779124925639898 ], [ -78.662522980865006, 35.779087335017799 ], [ -78.662709656753606, 35.778989803248102 ], [ -78.662769618147493, 35.7789624988296 ], [ -78.662934226220003, 35.778901655432797 ], [ -78.663173913190207, 35.778826084065301 ], [ -78.663238035559004, 35.778810457984399 ], [ -78.6634818185006, 35.778764258784399 ], [ -78.663643753585902, 35.778737919705797 ], [ -78.663863916928904, 35.778695257216903 ], [ -78.663968241361999, 35.7787401888556 ], [ -78.664026293971304, 35.7787664457368 ], [ -78.664096968508005, 35.778796693415202 ], [ -78.664529487711306, 35.778967187458299 ] ] ], [ [ [ -78.5904032, 35.7812721 ], [ -78.5902879, 35.781457 ], [ -78.59022, 35.7816264 ], [ -78.5902013, 35.7817744 ], [ -78.5902254, 35.7819071 ], [ -78.5903281, 35.78226 ], [ -78.5903461, 35.7823902 ], [ -78.5903595, 35.7825316 ], [ -78.5903523, 35.7826886 ], [ -78.5903201, 35.7829019 ], [ -78.5902772, 35.7832217 ], [ -78.5902925, 35.7835043 ], [ -78.5903362, 35.7836547 ], [ -78.5904427, 35.7838306 ], [ -78.5905285, 35.7839568 ], [ -78.5906634, 35.7840877 ], [ -78.5908056, 35.784203 ], [ -78.5909021, 35.7842683 ], [ -78.5909209, 35.7842988 ], [ -78.5909182, 35.7843401 ], [ -78.5908968, 35.7843684 ], [ -78.5896166, 35.7855474 ], [ -78.5887188, 35.7863767 ], [ -78.5884479, 35.7866443 ], [ -78.5882754, 35.7868377 ], [ -78.5881448, 35.7870033 ], [ -78.5859201, 35.7853603 ], [ -78.5860044, 35.785282 ], [ -78.5857577, 35.7850949 ], [ -78.5863639, 35.7844944 ], [ -78.5863317, 35.7843989 ], [ -78.5863156, 35.7842465 ], [ -78.5862938, 35.7841895 ], [ -78.5861654, 35.7839767 ], [ -78.5859076, 35.7836934 ], [ -78.5854036, 35.7837591 ], [ -78.5851193, 35.7833675 ], [ -78.5850764, 35.7833066 ], [ -78.5856201, 35.7830517 ], [ -78.5855128, 35.782895 ], [ -78.5863504, 35.782508 ], [ -78.5858596, 35.7817551 ], [ -78.5858569, 35.7817377 ], [ -78.5858649, 35.781716 ], [ -78.5861163, 35.7815981 ], [ -78.5863129, 35.7815288 ], [ -78.586465, 35.781485 ], [ -78.5866742, 35.7814458 ], [ -78.5868807, 35.7814306 ], [ -78.5871685, 35.7814418 ], [ -78.5873911, 35.7814723 ], [ -78.5876728, 35.7815506 ], [ -78.5887, 35.7818618 ], [ -78.5887483, 35.7817007 ], [ -78.5888154, 35.7815375 ], [ -78.5889629, 35.7811959 ], [ -78.5889889, 35.7810999 ], [ -78.5890031, 35.780974 ], [ -78.5889951, 35.7808238 ], [ -78.5889897, 35.7805279 ], [ -78.5890139, 35.7804931 ], [ -78.5890613, 35.7804427 ], [ -78.589089, 35.7803886 ], [ -78.589089, 35.7803299 ], [ -78.5890487, 35.7802668 ], [ -78.5890004, 35.7802341 ], [ -78.5889253, 35.7802233 ], [ -78.5888556, 35.7802298 ], [ -78.5887824, 35.7802839 ], [ -78.5887448, 35.7803491 ], [ -78.588743, 35.7803843 ], [ -78.5877827, 35.7801602 ], [ -78.587827, 35.7782292 ], [ -78.5885031, 35.7781946 ], [ -78.5888332, 35.778179 ], [ -78.5891402, 35.7782187 ], [ -78.589285, 35.7782562 ], [ -78.5892714, 35.7792876 ], [ -78.5895852, 35.7795487 ], [ -78.5911482, 35.7802882 ], [ -78.5911796, 35.7808224 ], [ -78.5908638, 35.780891 ], [ -78.5907305, 35.7809587 ], [ -78.5905366, 35.7811281 ], [ -78.5904032, 35.7812721 ] ] ], [ [ [ -78.641192736036601, 35.790037367661697 ], [ -78.640873615923098, 35.791047483102602 ], [ -78.640826946579693, 35.7911919043542 ], [ -78.640172907960604, 35.7911615136615 ], [ -78.640128586968899, 35.791932017522598 ], [ -78.639940826969394, 35.792413042066102 ], [ -78.639733526999194, 35.792405612417099 ], [ -78.639676241904596, 35.792403559209603 ], [ -78.639363224141107, 35.792392338854803 ], [ -78.6393499947241, 35.792292663110999 ], [ -78.638326595525101, 35.792280274522099 ], [ -78.638391892571505, 35.791240296818103 ], [ -78.636634090852894, 35.791151964887703 ], [ -78.636456437132594, 35.791217174643101 ], [ -78.635768493648897, 35.791242475913897 ], [ -78.635859527139303, 35.790108595329002 ], [ -78.636019990868903, 35.787844184273503 ], [ -78.635728217283997, 35.787816605338001 ], [ -78.635201765393703, 35.787767192070604 ], [ -78.635195343709896, 35.787849107129297 ], [ -78.635163885203497, 35.788268327846303 ], [ -78.635201344907898, 35.788271508198797 ], [ -78.635186349377605, 35.788595590481599 ], [ -78.634987872580595, 35.788578466219398 ], [ -78.634964042671299, 35.788966776310502 ], [ -78.634698383299806, 35.7889445063891 ], [ -78.634689877416307, 35.789082625851599 ], [ -78.634679088940004, 35.789293076971397 ], [ -78.635144436707193, 35.789325220839402 ], [ -78.635135355713402, 35.789501233921499 ], [ -78.635442230648195, 35.7895294335881 ], [ -78.6354275804038, 35.789720135488601 ], [ -78.635130980018999, 35.789692117984799 ], [ -78.635131079209799, 35.7896838628456 ], [ -78.634855887259704, 35.789663490009602 ], [ -78.634826270191695, 35.7899666233467 ], [ -78.634809643550795, 35.790103214984498 ], [ -78.635291614549502, 35.790148824638003 ], [ -78.635257318809494, 35.790650792807803 ], [ -78.634885646844495, 35.790631993375598 ], [ -78.634886579728899, 35.7906120782133 ], [ -78.6343724576016, 35.790589760440703 ], [ -78.634092495871101, 35.7906102106978 ], [ -78.633910967313099, 35.790604980200698 ], [ -78.633254680623395, 35.790585713274098 ], [ -78.633274960403398, 35.790017082184001 ], [ -78.634172592707301, 35.790048111800701 ], [ -78.634177273512407, 35.789911101304803 ], [ -78.634225254647802, 35.789188218168299 ], [ -78.633945997726201, 35.789177927954597 ], [ -78.633955578400503, 35.789033599689198 ], [ -78.633871851815002, 35.789030587289503 ], [ -78.633901048208202, 35.788586967933597 ], [ -78.633934173247894, 35.788588298704298 ], [ -78.633941576705595, 35.788464763360899 ], [ -78.633907898689799, 35.7884634111008 ], [ -78.633933303150002, 35.788015000415903 ], [ -78.633767883629105, 35.788008626502098 ], [ -78.633782864849294, 35.7876197914633 ], [ -78.634017102224703, 35.787628189218502 ], [ -78.634180425898904, 35.787634046341402 ], [ -78.634309139965694, 35.787638661868598 ], [ -78.634420974132695, 35.787677999697401 ], [ -78.6344337024791, 35.787394323420799 ], [ -78.634436844219707, 35.787342179973301 ], [ -78.634512287668002, 35.786014410919996 ], [ -78.634521508524898, 35.7860145314202 ], [ -78.634521799668605, 35.7860059163079 ], [ -78.635110952098401, 35.786022228192103 ], [ -78.635301522786705, 35.786024716868802 ], [ -78.636138405493895, 35.786035639532898 ], [ -78.636220284611795, 35.784534171287603 ], [ -78.636393379690702, 35.7815629598567 ], [ -78.636526811467405, 35.7815661972786 ], [ -78.636866005950594, 35.781579675367098 ], [ -78.636886938750294, 35.781234949120702 ], [ -78.636891667840501, 35.7811343419813 ], [ -78.635593909333807, 35.781088888676102 ], [ -78.635598186594507, 35.7810027486873 ], [ -78.6356332252941, 35.780291731046901 ], [ -78.635343289568894, 35.7802831020051 ], [ -78.634834414720501, 35.780261874222397 ], [ -78.634772918133393, 35.781064925754599 ], [ -78.634761644873294, 35.781064551247297 ], [ -78.634758709161005, 35.781362937778702 ], [ -78.634438750214599, 35.781354231004897 ], [ -78.634366110769903, 35.781398937170202 ], [ -78.634360087850595, 35.781489465046 ], [ -78.634326135633103, 35.781488481619903 ], [ -78.6343137240153, 35.7814881225828 ], [ -78.634322257792903, 35.781354319447999 ], [ -78.634336482696398, 35.781050446942601 ], [ -78.633455919065995, 35.781021236143602 ], [ -78.633459271208494, 35.780934217325999 ], [ -78.633473519925602, 35.780766158499901 ], [ -78.633488598223195, 35.780601021630403 ], [ -78.633513037933795, 35.780601610727103 ], [ -78.633519204125605, 35.780356600970599 ], [ -78.633533919038996, 35.7802250031067 ], [ -78.633194223804495, 35.780211598935203 ], [ -78.633300853679401, 35.778080534355198 ], [ -78.633301615664493, 35.778065432720197 ], [ -78.633299797498196, 35.778065128900302 ], [ -78.632358845488596, 35.778050813251099 ], [ -78.632449171879003, 35.776685433237702 ], [ -78.633369614619795, 35.776720210277198 ], [ -78.6334390416377, 35.775407657377997 ], [ -78.633458659141894, 35.775408332030601 ], [ -78.633460333517803, 35.775380305948303 ], [ -78.635190009504299, 35.775438897812798 ], [ -78.635193862157195, 35.775376551175803 ], [ -78.635329707847802, 35.772867572824197 ], [ -78.635683735126406, 35.772879103163397 ], [ -78.635621349472999, 35.774028035401898 ], [ -78.635682890417598, 35.774211431779001 ], [ -78.635670685918697, 35.774488531995203 ], [ -78.635953838498693, 35.774496418983702 ], [ -78.635948186101601, 35.774666353689099 ], [ -78.636118238710395, 35.774672396077897 ], [ -78.636133722673407, 35.774228233840198 ], [ -78.636306469534603, 35.7742345868716 ], [ -78.636778546965502, 35.774254869700798 ], [ -78.636789926203804, 35.774036073527803 ], [ -78.636810662924603, 35.773637344990803 ], [ -78.636849797103594, 35.772884841108798 ], [ -78.636903170831303, 35.7718585072586 ], [ -78.636892190635706, 35.771858177082002 ], [ -78.636809362080299, 35.7718596075661 ], [ -78.636088353191496, 35.771833953827297 ], [ -78.636081245696602, 35.771971196803797 ], [ -78.636073418427699, 35.771970939968902 ], [ -78.636064048524602, 35.772056920793901 ], [ -78.6352506632238, 35.772014303850298 ], [ -78.635435097531897, 35.769382849908297 ], [ -78.636917453743905, 35.769387277522398 ], [ -78.638245146563804, 35.769391227861099 ], [ -78.638763217049899, 35.769392766273398 ], [ -78.640662370173601, 35.769197466735498 ], [ -78.642768887662996, 35.768955835025402 ], [ -78.644517600016499, 35.769394045575297 ], [ -78.646373905087202, 35.769859184579097 ], [ -78.646674393033194, 35.769934475822701 ], [ -78.647334929791, 35.770099978261896 ], [ -78.647968605083804, 35.770258746594401 ], [ -78.648196931858493, 35.770315953483298 ], [ -78.648054698478504, 35.770628087366603 ], [ -78.648006186268503, 35.771191049739201 ], [ -78.648159275784096, 35.771255412297101 ], [ -78.649035059329606, 35.771289257160198 ], [ -78.649008621685297, 35.7718344384311 ], [ -78.649540068666695, 35.771853563888499 ], [ -78.649529356943603, 35.772074896024499 ], [ -78.649514221239997, 35.772387581816403 ], [ -78.649320888250699, 35.772556872468002 ], [ -78.649307766960305, 35.772862132344699 ], [ -78.648752417955293, 35.772849027411397 ], [ -78.648600728223698, 35.772845842600198 ], [ -78.648078247743996, 35.772833172820498 ], [ -78.647871679631393, 35.772821180977203 ], [ -78.646985434181701, 35.772790215169699 ], [ -78.646965425058397, 35.773181771850901 ], [ -78.646945732847996, 35.773558450792599 ], [ -78.647676923126099, 35.773579918922302 ], [ -78.647617394602193, 35.773770394234397 ], [ -78.647494025254403, 35.774166337051099 ], [ -78.647428202150905, 35.774387835649399 ], [ -78.647381791458699, 35.774551651651699 ], [ -78.648470431943807, 35.774596548640297 ], [ -78.648852687621698, 35.774615149061198 ], [ -78.648785965345894, 35.775024661230198 ], [ -78.649103777270895, 35.7750429939151 ], [ -78.648986405953906, 35.775457798076403 ], [ -78.6489340519812, 35.775655671236898 ], [ -78.648902535822302, 35.7757542395371 ], [ -78.648865633695905, 35.775905141839402 ], [ -78.648852625325304, 35.776013141116401 ], [ -78.648875209210999, 35.776017216322103 ], [ -78.648895038505103, 35.776168443470397 ], [ -78.648914769140603, 35.776260865321198 ], [ -78.648963389350598, 35.776476959976598 ], [ -78.649072941294705, 35.776481054077003 ], [ -78.649028951550804, 35.776520247853703 ], [ -78.649058711737993, 35.776570754228402 ], [ -78.649127688370598, 35.776687782341597 ], [ -78.649161138043198, 35.776744534856 ], [ -78.649451460969999, 35.776658127145502 ], [ -78.6496200754396, 35.7766079437326 ], [ -78.649700620420305, 35.776580385841797 ], [ -78.649753104954499, 35.776561802187999 ], [ -78.649890040495606, 35.7766136611205 ], [ -78.650256700500407, 35.776751424856002 ], [ -78.649793610436205, 35.777149548507502 ], [ -78.6497927741772, 35.777154926262398 ], [ -78.649777627389795, 35.777155172050797 ], [ -78.649686144500606, 35.777271944815602 ], [ -78.649433336915706, 35.777722400041597 ], [ -78.649289214002707, 35.778197771772398 ], [ -78.649220694974801, 35.778611801503097 ], [ -78.649102561403495, 35.779934384608701 ], [ -78.649099528286797, 35.779939764138497 ], [ -78.649103460289197, 35.779939831347797 ], [ -78.6490876553937, 35.780668182356102 ], [ -78.649114286812804, 35.780746727813103 ], [ -78.6491831851678, 35.780820411425402 ], [ -78.649188667327905, 35.780862213754702 ], [ -78.649188829041194, 35.780863439153698 ], [ -78.649308752655202, 35.780863439213199 ], [ -78.650554470527993, 35.7809211871907 ], [ -78.650652778479596, 35.782552080237501 ], [ -78.650683647976706, 35.782961727968399 ], [ -78.650692660898898, 35.783433861131499 ], [ -78.650702233936499, 35.7839353878867 ], [ -78.650708592676494, 35.784322110566798 ], [ -78.650761262536193, 35.785899380364398 ], [ -78.650787640592299, 35.786386107881 ], [ -78.650831978630606, 35.786900744724598 ], [ -78.650869166593296, 35.787453300474503 ], [ -78.650978055128704, 35.788554435517199 ], [ -78.651139008998697, 35.789310481825403 ], [ -78.650546387682397, 35.789319372543801 ], [ -78.650503785581506, 35.7891483712677 ], [ -78.6500369364622, 35.789159125470498 ], [ -78.649949220550297, 35.789009273387201 ], [ -78.648813765588599, 35.789004116612197 ], [ -78.648315565923895, 35.789005426883897 ], [ -78.647304843396995, 35.789006627103198 ], [ -78.6469816726011, 35.788801723604998 ], [ -78.6469240871387, 35.788802375163101 ], [ -78.646923866336095, 35.788789601537999 ], [ -78.646642987136104, 35.788792824379101 ], [ -78.646643911942405, 35.788648493495302 ], [ -78.646511772455497, 35.788649798411399 ], [ -78.645984954668606, 35.7886537363784 ], [ -78.645835149493294, 35.788654780116801 ], [ -78.6457398248142, 35.789011468766802 ], [ -78.645661952486805, 35.7893136738831 ], [ -78.645236069992194, 35.790343076540402 ], [ -78.644759599434295, 35.790215605219302 ], [ -78.644537787208606, 35.790730719494498 ], [ -78.645018035375003, 35.7908523267836 ], [ -78.644917601865501, 35.791083626922898 ], [ -78.644681431455496, 35.791645186391399 ], [ -78.644394181439495, 35.792328193198898 ], [ -78.644084320474306, 35.793064946179399 ], [ -78.643797239259797, 35.793747525444502 ], [ -78.6434155338398, 35.794655065959901 ], [ -78.642828455761205, 35.796050861080403 ], [ -78.642699588616395, 35.796357237009502 ], [ -78.642548515973402, 35.796716404283003 ], [ -78.641425397992094, 35.796176592494703 ], [ -78.641202798951198, 35.7959096962012 ], [ -78.641139596403306, 35.795228790939902 ], [ -78.641712632494404, 35.793743464021802 ], [ -78.641993352495305, 35.792710693606502 ], [ -78.642257576553206, 35.7917385875486 ], [ -78.642468938404704, 35.790960949617997 ], [ -78.642544097774305, 35.790643364443198 ], [ -78.642636068304597, 35.790254733895402 ], [ -78.642701563049997, 35.789977982752497 ], [ -78.642735466889505, 35.789834715787102 ], [ -78.642474321955405, 35.789816141855802 ], [ -78.642215507081602, 35.789800785704799 ], [ -78.642200269382997, 35.790001094984802 ], [ -78.641976766857397, 35.789997052071598 ], [ -78.641978806957695, 35.790023511687103 ], [ -78.641192736036601, 35.790037367661697 ] ] ], [ [ [ -78.661430100846005, 35.782837651725899 ], [ -78.661431336143806, 35.782743902337501 ], [ -78.661431901025793, 35.782608943248299 ], [ -78.661433293703098, 35.7824775918466 ], [ -78.661433864340694, 35.782341256403001 ], [ -78.661434424907299, 35.782207326623798 ], [ -78.661434463149803, 35.782198189762603 ], [ -78.661434973260299, 35.7820763144693 ], [ -78.661435188850405, 35.782024805715999 ], [ -78.661511782108406, 35.782052147331001 ], [ -78.6625132958969, 35.782418087165198 ], [ -78.662918949681796, 35.782567736180297 ], [ -78.663287632614001, 35.782690495395698 ], [ -78.663704226654701, 35.782843950462301 ], [ -78.664197405231604, 35.783027666150801 ], [ -78.664682185595595, 35.783204481229497 ], [ -78.665132470389906, 35.783366440881998 ], [ -78.6651265116612, 35.783379474217 ], [ -78.664918421128903, 35.783761290734503 ], [ -78.664797856083496, 35.783971644585101 ], [ -78.664696910698694, 35.784125732499199 ], [ -78.6645884093913, 35.784272414780503 ], [ -78.664529961614605, 35.784342310191498 ], [ -78.664514714039896, 35.784359610131901 ], [ -78.664459704571598, 35.784412344305203 ], [ -78.664401332330698, 35.784463182669398 ], [ -78.6643395976525, 35.7845117773007 ], [ -78.664274497681603, 35.784558815914203 ], [ -78.664191670589503, 35.784612852366301 ], [ -78.664068350434306, 35.784673982486098 ], [ -78.663934058239207, 35.784737654660503 ], [ -78.663876612159896, 35.784768059073798 ], [ -78.663823373132601, 35.7848005373516 ], [ -78.663747286915907, 35.784854245080297 ], [ -78.663677922029805, 35.784912433886603 ], [ -78.663655078867393, 35.784933492098403 ], [ -78.663612751830996, 35.7849769869309 ], [ -78.663556841698806, 35.785043625991698 ], [ -78.663522926533105, 35.785091271290597 ], [ -78.663491534381905, 35.785140291793503 ], [ -78.663452439365699, 35.785216247603898 ], [ -78.663442225206595, 35.785241115502302 ], [ -78.663419207806896, 35.785303211529303 ], [ -78.663407288375197, 35.785331677398098 ], [ -78.663380932825703, 35.785385696234201 ], [ -78.663333391955106, 35.785465579270102 ], [ -78.663296936761299, 35.785516648008901 ], [ -78.6632774419284, 35.785541665103601 ], [ -78.663213926724296, 35.7856134323739 ], [ -78.663191072084103, 35.785636373377301 ], [ -78.663167374013995, 35.785658634231403 ], [ -78.663118309129004, 35.785701427033899 ], [ -78.663065875888606, 35.785741804805298 ], [ -78.663038825596402, 35.785760961136802 ], [ -78.662982198864199, 35.785797035959497 ], [ -78.662952625033299, 35.785814124811303 ], [ -78.662905316892207, 35.785839063995297 ], [ -78.662816081649396, 35.785876877346098 ], [ -78.662767391052199, 35.785889253279102 ], [ -78.662717066735595, 35.785896017389298 ], [ -78.662360777774097, 35.785923404024203 ], [ -78.662287890701293, 35.785927085012098 ], [ -78.6622149432051, 35.785924306735303 ], [ -78.662142795801799, 35.7859151013242 ], [ -78.662086704171998, 35.7858928726722 ], [ -78.662102843281801, 35.784813119567602 ], [ -78.661429134950694, 35.784580090499098 ], [ -78.661414997942899, 35.784472234716901 ], [ -78.661424525103996, 35.784196708402902 ], [ -78.661427896790698, 35.784196702450103 ], [ -78.661428870887804, 35.783949446548803 ], [ -78.661429229251198, 35.783851408848797 ], [ -78.661430474627295, 35.783755255625003 ], [ -78.661419516197, 35.783755396426699 ], [ -78.661420536775395, 35.783511575655602 ], [ -78.661429808658895, 35.783511601422902 ], [ -78.661430778304904, 35.783078559606402 ], [ -78.661429988013694, 35.782864608930801 ], [ -78.661430100846005, 35.782837651725899 ] ] ] ] } },
{ "type": "Feature", "properties": { "parent_city": "Durham", "display_name": "Durham", "geometry_source": "Unary union of Modemon GO child regions", "source_authority": "Derived gameplay container", "source_query_or_filter": "unary_union(child geometries)", "retrieved_at_utc": "2026-10-03T18:39:58Z", "original_crs": "EPSG:4326", "final_crs": "EPSG:4326", "review_required": true, "geometry_valid": true, "notes": "Derived from child polygons without filling gaps or connecting disconnected areas." }, "geometry": { "type": "MultiPolygon", "coordinates": [ [ [ [ -78.906629254340643, 35.987461561359318 ], [ -78.906637950093327, 35.987455799101305 ], [ -78.906647656312401, 35.987451301279826 ], [ -78.906658136292975, 35.987448150126646 ], [ -78.906779690413074, 35.987417145810028 ], [ -78.906898376817495, 35.987379546152248 ], [ -78.907642102193506, 35.987120015547589 ], [ -78.907354884527081, 35.987627379257546 ], [ -78.907048616085092, 35.988178653775407 ], [ -78.906995806261676, 35.988159301487663 ], [ -78.906955188961717, 35.988148556877753 ], [ -78.906719747486108, 35.988714746182396 ], [ -78.906731747005225, 35.988566879155712 ], [ -78.906736413915823, 35.988418731811279 ], [ -78.906733781774207, 35.988270551414267 ], [ -78.906723812307803, 35.988122585173549 ], [ -78.906706541183311, 35.987975082070349 ], [ -78.906682002023572, 35.987828230990097 ], [ -78.906650228351339, 35.987682306663977 ], [ -78.906611285434707, 35.987537534054887 ], [ -78.90660943842262, 35.987528932510919 ], [ -78.906608941544874, 35.987520168890214 ], [ -78.90660979666113, 35.987511461245155 ], [ -78.906608590271262, 35.987502422372216 ], [ -78.906609274680989, 35.987493357473888 ], [ -78.906611754537039, 35.987484513716055 ], [ -78.906615989477032, 35.987476083364541 ], [ -78.906621879859102, 35.987468368523771 ], [ -78.906629254340643, 35.987461561359318 ] ] ], [ [ [ -78.907338952743089, 35.988608410370368 ], [ -78.907348506749798, 35.988591212210302 ], [ -78.907413064448818, 35.988475012629053 ], [ -78.907481671038013, 35.988337407608761 ], [ -78.907359157213904, 35.988292509608456 ], [ -78.907485561548569, 35.988065545850084 ], [ -78.907974412123991, 35.987187791740865 ], [ -78.908005206859968, 35.98718813428767 ], [ -78.908225402681893, 35.987008730726863 ], [ -78.908225107230123, 35.986971315030729 ], [ -78.908356342565625, 35.986924905194002 ], [ -78.908309478916749, 35.986880614275073 ], [ -78.908636032390575, 35.986764910823155 ], [ -78.908740231547071, 35.986730622519268 ], [ -78.908767553030756, 35.986721635880592 ], [ -78.908778677933256, 35.986743966079267 ], [ -78.908825610780525, 35.986758960787 ], [ -78.90884040118776, 35.986732527572038 ], [ -78.908877201828489, 35.986708523072473 ], [ -78.909189976577125, 35.986824711018336 ], [ -78.909144913438269, 35.986989645895001 ], [ -78.909137588503441, 35.987016464140659 ], [ -78.909117688353334, 35.98708930237126 ], [ -78.909113186908641, 35.987105767873352 ], [ -78.909101965068515, 35.987146850955064 ], [ -78.909096975696457, 35.987165115442174 ], [ -78.909079937167235, 35.987227467029719 ], [ -78.909075639331633, 35.987243208134117 ], [ -78.909056031351469, 35.987236670896792 ], [ -78.909054606401497, 35.987239492478658 ], [ -78.90903526649997, 35.987293111725151 ], [ -78.909034212631596, 35.987315319507452 ], [ -78.909030566197771, 35.98739223552311 ], [ -78.909026917642507, 35.987469153251709 ], [ -78.909023115620741, 35.987549144178729 ], [ -78.909019252469989, 35.987617767225764 ], [ -78.908652701710267, 35.987594236043044 ], [ -78.908538135684552, 35.987810458461666 ], [ -78.90853749348598, 35.987810430509874 ], [ -78.908477664568366, 35.987920393196362 ], [ -78.908440991467089, 35.987987793206671 ], [ -78.90836447368865, 35.988128497067805 ], [ -78.908325520328063, 35.988200112120808 ], [ -78.908321174934912, 35.988276121022757 ], [ -78.908312174475284, 35.988432918534691 ], [ -78.908435479480971, 35.988436582252682 ], [ -78.908431943436085, 35.988573906947138 ], [ -78.908428407379148, 35.988711231634106 ], [ -78.908470624602202, 35.988712499468733 ], [ -78.908461074606748, 35.988877180718227 ], [ -78.908451318611498, 35.989044636368646 ], [ -78.907752169152317, 35.989023684000635 ], [ -78.907746273701207, 35.989130052245514 ], [ -78.907743538394342, 35.989179449827056 ], [ -78.907740803084124, 35.989228847407581 ], [ -78.907738067770609, 35.989278244987062 ], [ -78.907735332453711, 35.989327642565527 ], [ -78.90773259713346, 35.989377040143005 ], [ -78.907729861811859, 35.989426436002489 ], [ -78.907726824437148, 35.989481322389501 ], [ -78.907724089106523, 35.989530719963788 ], [ -78.907721353772487, 35.989580117537081 ], [ -78.907718618435112, 35.989629515109314 ], [ -78.907715883094383, 35.989678912680574 ], [ -78.9077131456377, 35.989728310249234 ], [ -78.90770706872803, 35.989838081289641 ], [ -78.907704333373147, 35.989887478856616 ], [ -78.907701595902296, 35.989936876420941 ], [ -78.907698862653419, 35.989986273987427 ], [ -78.907696125175846, 35.990035671549727 ], [ -78.907693391920219, 35.990085069114208 ], [ -78.907686982758676, 35.990200825119423 ], [ -78.907850267149044, 35.990205537772127 ], [ -78.90786421284956, 35.989929885927658 ], [ -78.908916447399434, 35.98995864392333 ], [ -78.908899801454481, 35.990235835675072 ], [ -78.908854927841404, 35.990234540254065 ], [ -78.908845921986625, 35.990353831258496 ], [ -78.908807106387414, 35.99086931852171 ], [ -78.90879977943662, 35.990966658034381 ], [ -78.908773001565223, 35.991326915913781 ], [ -78.908770654648521, 35.991339743086613 ], [ -78.908765637849385, 35.991352073788505 ], [ -78.908758120648031, 35.991363496081746 ], [ -78.908748306172654, 35.991373735408303 ], [ -78.908736465251366, 35.991382434847807 ], [ -78.908722969966533, 35.991389374910348 ], [ -78.908708226204055, 35.991394336131243 ], [ -78.908692639788171, 35.991397153987791 ], [ -78.9086767178282, 35.991397773916972 ], [ -78.908453354732643, 35.991390931288969 ], [ -78.908366002444652, 35.991376816128131 ], [ -78.908342162967884, 35.991372964330679 ], [ -78.908232396636535, 35.991350026103021 ], [ -78.90812921982949, 35.99132339789211 ], [ -78.908124359953774, 35.991322144309535 ], [ -78.908018390842585, 35.991289429092681 ], [ -78.907914827226094, 35.991251988879299 ], [ -78.907813973245993, 35.991209911468331 ], [ -78.907193837144405, 35.990933221635942 ], [ -78.906566171163405, 35.990653171407963 ], [ -78.906335113627676, 35.990550060839205 ], [ -78.906386594002839, 35.990405438319243 ], [ -78.906447484629098, 35.990249340121956 ], [ -78.906513207283965, 35.990094536717585 ], [ -78.906648414060484, 35.990124885632433 ], [ -78.906678718413673, 35.989936458089673 ], [ -78.906681064510039, 35.989924592432345 ], [ -78.906712650426925, 35.9897659718266 ], [ -78.906752665696871, 35.989596369257228 ], [ -78.906798696423337, 35.989427787678764 ], [ -78.906850742411734, 35.989260364439396 ], [ -78.906908733783197, 35.989094209362221 ], [ -78.906913298454072, 35.989036249120325 ], [ -78.907050422730222, 35.989043853112264 ], [ -78.907175755088687, 35.989050788687017 ], [ -78.90718366269202, 35.988992006845734 ], [ -78.907338952743089, 35.988608410370368 ] ] ], [ [ [ -78.908613909551406, 35.993949225834243 ], [ -78.908684861882449, 35.993949666919193 ], [ -78.908685475350964, 35.994516419544929 ], [ -78.908683020315223, 35.994525744079723 ], [ -78.908678617847471, 35.994534584700965 ], [ -78.908672401357208, 35.994542671950065 ], [ -78.90866455704024, 35.994549765595536 ], [ -78.908655321772144, 35.99455564948088 ], [ -78.908644972528677, 35.994560145252137 ], [ -78.908633822150605, 35.994563120939283 ], [ -78.908622208787392, 35.994564484080776 ], [ -78.908610478981487, 35.99456419372936 ], [ -78.908152959415773, 35.994560428750958 ], [ -78.907759363939192, 35.994556760134671 ], [ -78.907747696313081, 35.994555678242108 ], [ -78.907736431973973, 35.994552970719241 ], [ -78.907725915208459, 35.994548721955866 ], [ -78.907716462791726, 35.994543055810432 ], [ -78.907708357635386, 35.994536147624117 ], [ -78.907701846700292, 35.994528201898362 ], [ -78.907697128307873, 35.994519462587512 ], [ -78.907694339491414, 35.994510189051972 ], [ -78.907693570775336, 35.994500664653906 ], [ -78.907701592013979, 35.993958594279029 ], [ -78.907712511599954, 35.993331771349894 ], [ -78.907716557019313, 35.993057000033765 ], [ -78.907716281098089, 35.992960218075268 ], [ -78.907711904289826, 35.992863501692227 ], [ -78.907703434928635, 35.992766965925014 ], [ -78.908009299840913, 35.99263466663043 ], [ -78.908098853080062, 35.992731974219303 ], [ -78.908184510196037, 35.992831545160939 ], [ -78.908266205788408, 35.992933290133671 ], [ -78.908333222751978, 35.993025335385369 ], [ -78.908393509473598, 35.99312040593518 ], [ -78.908446859259982, 35.993218173703745 ], [ -78.908493090769355, 35.993318308913089 ], [ -78.908532045914683, 35.993420466349441 ], [ -78.908563591961226, 35.993524299099803 ], [ -78.908587619422107, 35.99362945168307 ], [ -78.908604048389094, 35.993735566921906 ], [ -78.908612822202556, 35.9938422790704 ], [ -78.908613909551406, 35.993949225834243 ] ] ], [ [ [ -78.910166830753909, 35.993956714889109 ], [ -78.909929921532921, 35.99395964636976 ], [ -78.909693014407409, 35.993962577392544 ], [ -78.909489301310515, 35.993965096454161 ], [ -78.909489042596817, 35.99398289740823 ], [ -78.909304255906704, 35.993985105682917 ], [ -78.909304075317294, 35.993967206537938 ], [ -78.908956028245527, 35.993970338576297 ], [ -78.908956384943323, 35.993955679680852 ], [ -78.908962563134168, 35.993702503833582 ], [ -78.908990278428107, 35.993603078082572 ], [ -78.908995947061882, 35.993571130205417 ], [ -78.909019348680587, 35.993439287272565 ], [ -78.909296086175701, 35.993441759417721 ], [ -78.909709680083239, 35.993582948656673 ], [ -78.909942961404298, 35.993662583892913 ], [ -78.910176245298672, 35.993742218682705 ], [ -78.910359539658316, 35.993804787824267 ], [ -78.910352971738675, 35.993954411872259 ], [ -78.910166830753909, 35.993956714889109 ] ] ], [ [ [ -78.909809551618935, 35.994101029277417 ], [ -78.909813651875879, 35.994097802756649 ], [ -78.909818357817784, 35.994095182759615 ], [ -78.909823540481767, 35.994093244736064 ], [ -78.909829051917015, 35.994092040084695 ], [ -78.909834733622262, 35.994091608177946 ], [ -78.909841933981397, 35.994091555116626 ], [ -78.90984188405379, 35.994087077322618 ], [ -78.909909524742829, 35.994086582958246 ], [ -78.909973749063965, 35.994086113509596 ], [ -78.910037975499009, 35.994085642311795 ], [ -78.910102199818652, 35.994085172795621 ], [ -78.910166424139462, 35.994084701528692 ], [ -78.910230650570369, 35.994084231946523 ], [ -78.910294874887754, 35.994083762329048 ], [ -78.910359101319074, 35.994083290962436 ], [ -78.910505814936229, 35.994082222435729 ], [ -78.910774480379317, 35.99408025563249 ], [ -78.911021386896266, 35.994392039869631 ], [ -78.911025448683446, 35.994515613797013 ], [ -78.910788904274952, 35.994519632310322 ], [ -78.910793866382974, 35.994671299322256 ], [ -78.910670746401692, 35.99478186212027 ], [ -78.91056564484478, 35.994904925220546 ], [ -78.910527326205425, 35.994949789751828 ], [ -78.91047540489464, 35.994949413477151 ], [ -78.910469571278028, 35.995021947811331 ], [ -78.910466840286929, 35.995055453430595 ], [ -78.910453500423571, 35.995072324516038 ], [ -78.910385891235833, 35.99515783818034 ], [ -78.910321935841083, 35.995238727358746 ], [ -78.910273019227702, 35.995300597089468 ], [ -78.910229199441957, 35.995356020036624 ], [ -78.910220063522232, 35.995367576849915 ], [ -78.910206795493906, 35.995384355244909 ], [ -78.910204420086444, 35.995424775194195 ], [ -78.910104188680293, 35.995424976185838 ], [ -78.910023057019899, 35.995425137939733 ], [ -78.909941925359206, 35.995425299639727 ], [ -78.909860793698172, 35.995425461285834 ], [ -78.909770602333424, 35.99542564194077 ], [ -78.909765168604963, 35.995425292824201 ], [ -78.909759875106658, 35.995424241586377 ], [ -78.909754859145522, 35.995422510648908 ], [ -78.909750249548495, 35.995420148180969 ], [ -78.90974616667782, 35.995417214364174 ], [ -78.909742716086981, 35.9954137865384 ], [ -78.909739990641015, 35.99540995233577 ], [ -78.909738055723267, 35.995405813103538 ], [ -78.909736966149083, 35.99540147361504 ], [ -78.909736747145161, 35.995397047206268 ], [ -78.909740264902567, 35.995327223956536 ], [ -78.909743588145886, 35.995261294559747 ], [ -78.909748477947133, 35.995164269270049 ], [ -78.90975332439379, 35.995068215727194 ], [ -78.909758443195287, 35.994966659618427 ], [ -78.909761208967552, 35.99491176451469 ], [ -78.9097663277511, 35.994810206682438 ], [ -78.909771167818818, 35.994714151403898 ], [ -78.909776288690111, 35.994612593564881 ], [ -78.909779056550803, 35.994557698454621 ], [ -78.909784175289488, 35.994456140607475 ], [ -78.909789059728865, 35.994360044141288 ], [ -78.909794115851355, 35.994259667488301 ], [ -78.909796887974778, 35.994204717431423 ], [ -78.90980125911102, 35.994117953815298 ], [ -78.909801974142113, 35.994113354684053 ], [ -78.909803629172131, 35.994108917638393 ], [ -78.909806179692723, 35.994104767981383 ], [ -78.909809551618935, 35.994101029277417 ] ] ], [ [ [ -78.90893881999618, 35.994099322244956 ], [ -78.908942203144775, 35.99409690732741 ], [ -78.908944740599111, 35.994095013726515 ], [ -78.908947717104851, 35.99409347757453 ], [ -78.908950657693467, 35.994091941395745 ], [ -78.908954479303873, 35.994090405873486 ], [ -78.908957863014308, 35.994089364501065 ], [ -78.908961242282132, 35.994088515421517 ], [ -78.908964625589391, 35.994087831170305 ], [ -78.908968006597846, 35.994087311742703 ], [ -78.908972230379447, 35.994086986956269 ], [ -78.909352969341114, 35.994085208039571 ], [ -78.909390122478996, 35.994085043306832 ], [ -78.909663564029273, 35.994083872277855 ], [ -78.909645731581179, 35.994493862280478 ], [ -78.90963704663298, 35.994702634675384 ], [ -78.909632673014713, 35.994804630875251 ], [ -78.909614633034309, 35.995094078333111 ], [ -78.909584679499972, 35.99543008009438 ], [ -78.909162963604331, 35.995431140784888 ], [ -78.908890426570508, 35.995431791140732 ], [ -78.908888484551454, 35.995267484586535 ], [ -78.908881529930937, 35.994688859973444 ], [ -78.908878829979514, 35.994477332048127 ], [ -78.908917264945373, 35.994477882658572 ], [ -78.908924421236733, 35.994127634011434 ], [ -78.908924861866126, 35.994124722424274 ], [ -78.90892527273067, 35.994121975640333 ], [ -78.908925715505717, 35.994119034866983 ], [ -78.908926563710239, 35.994116290126001 ], [ -78.908927817536039, 35.994113571441375 ], [ -78.908929138815139, 35.994110990161566 ], [ -78.908930798136254, 35.994108409133752 ], [ -78.908932488962577, 35.994105992954815 ], [ -78.90893418398332, 35.994103604249894 ], [ -78.908936721810164, 35.994101380998607 ], [ -78.90893881999618, 35.994099322244956 ] ] ], [ [ [ -78.908658366521877, 35.994738305751426 ], [ -78.908661337987013, 35.994741247359059 ], [ -78.908664275710038, 35.994744133999625 ], [ -78.908666807313125, 35.994747432399933 ], [ -78.90866933897864, 35.994750675858455 ], [ -78.908671025314817, 35.994754110981141 ], [ -78.908672711651121, 35.994757546103855 ], [ -78.908674363778857, 35.994761338322554 ], [ -78.908675238621342, 35.994764937663952 ], [ -78.90867607944179, 35.994768729276103 ], [ -78.908676514639652, 35.994772493114176 ], [ -78.908676916001923, 35.994776284397766 ], [ -78.908674891687696, 35.995071402698244 ], [ -78.908672879953855, 35.99535539526363 ], [ -78.90867287569327, 35.995359158772281 ], [ -78.908672026252233, 35.995362976590833 ], [ -78.908671176904406, 35.995366711996802 ], [ -78.908669921837557, 35.995370502041183 ], [ -78.908668633185442, 35.995374098047257 ], [ -78.908666533215751, 35.995377696880645 ], [ -78.908664399816232, 35.995380964321363 ], [ -78.908661860573105, 35.995384396284003 ], [ -78.908659321702999, 35.995387498596102 ], [ -78.908656377393569, 35.99539040830885 ], [ -78.908653025314166, 35.995393317716555 ], [ -78.908649610223989, 35.995395897426405 ], [ -78.908646227043263, 35.995398284863796 ], [ -78.908643250265868, 35.995400013303652 ], [ -78.908640307510936, 35.995401549472675 ], [ -78.908636079957731, 35.995403276976937 ], [ -78.908632697927473, 35.99540464799194 ], [ -78.908628470776463, 35.995406020091629 ], [ -78.908623804385286, 35.995407196132554 ], [ -78.908619577796046, 35.995408072039453 ], [ -78.908614945767638, 35.995408755346645 ], [ -78.908606494020347, 35.99540924349985 ], [ -78.908149690455389, 35.995408900892279 ], [ -78.907754208707175, 35.995408602897072 ], [ -78.90774954365196, 35.995408599374365 ], [ -78.907744879005094, 35.995408238730143 ], [ -78.907740653977129, 35.99540774106336 ], [ -78.907736023543606, 35.995407023323089 ], [ -78.907731796968505, 35.995406031178838 ], [ -78.907727572977635, 35.99540462697307 ], [ -78.907723351036864, 35.995403277710416 ], [ -78.907720377790369, 35.995401901920033 ], [ -78.90771743834685, 35.995400527872029 ], [ -78.907714465322542, 35.995398958068542 ], [ -78.907710681736816, 35.995396730068173 ], [ -78.907707301883974, 35.99539433754736 ], [ -78.907703926478874, 35.995391751016726 ], [ -78.907700954991284, 35.995388838574272 ], [ -78.907698422998948, 35.995385897276073 ], [ -78.907695891163954, 35.995382818623426 ], [ -78.907693796897973, 35.995379548005189 ], [ -78.907691673052952, 35.995376277364542 ], [ -78.907689986745496, 35.995372842229131 ], [ -78.907688740090279, 35.995369240883683 ], [ -78.907687899087975, 35.995365643278582 ], [ -78.907687058087717, 35.99536204395654 ], [ -78.907686622964263, 35.995358252644991 ], [ -78.907686627082271, 35.99535465396157 ], [ -78.907690784551775, 35.995059674674067 ], [ -78.907695338780741, 35.994772442444649 ], [ -78.907695340974158, 35.994768678933575 ], [ -78.907696192725069, 35.994764723768142 ], [ -78.907697039841779, 35.994761125720828 ], [ -78.90769789140397, 35.99475733538064 ], [ -78.907699585745107, 35.994753737973461 ], [ -78.907701313890556, 35.994750140591798 ], [ -78.907703379703392, 35.994746873116007 ], [ -78.907705918998687, 35.994743413701599 ], [ -78.907708455740973, 35.994740338877783 ], [ -78.907711435946752, 35.994737456685215 ], [ -78.907714819755938, 35.994734519855612 ], [ -78.907718201043579, 35.994731940145684 ], [ -78.907721586336592, 35.994729552734981 ], [ -78.907725375013044, 35.994727302983357 ], [ -78.907728351565353, 35.994725766861507 ], [ -78.907731733582509, 35.994724395871209 ], [ -78.907735958975309, 35.994722695867026 ], [ -78.907740186103723, 35.99472132551476 ], [ -78.907744415156259, 35.994720119989189 ], [ -78.907749047340999, 35.994719271889586 ], [ -78.907754995598353, 35.994718589608937 ], [ -78.907759627217544, 35.994718235984628 ], [ -78.907763007851869, 35.994718073711866 ], [ -78.908609369494613, 35.994721099795342 ], [ -78.908614034510137, 35.994721103285293 ], [ -78.908618665129893, 35.994721628696325 ], [ -78.908623329367586, 35.994722318957713 ], [ -78.908627959614108, 35.994723174018887 ], [ -78.908632183802794, 35.994724385897811 ], [ -78.908636407804892, 35.994725762601782 ], [ -78.908640631402733, 35.994727496427025 ], [ -78.908644010293585, 35.99472887249874 ], [ -78.908647827833803, 35.994730963141699 ], [ -78.908651611445265, 35.994733163642735 ], [ -78.908654988999004, 35.994735720961707 ], [ -78.908658366521877, 35.994738305751426 ] ] ], [ [ [ -78.91126123294417, 35.99481079697275 ], [ -78.911467185637179, 35.995043077170813 ], [ -78.911643674174599, 35.995171464823486 ], [ -78.911741673277163, 35.995202962363564 ], [ -78.911741235312775, 35.995232493253894 ], [ -78.911739333191051, 35.995426161645717 ], [ -78.911228884603446, 35.995422852397624 ], [ -78.911028592731071, 35.99542152715528 ], [ -78.910775058809108, 35.99541977296559 ], [ -78.910622936246853, 35.995418811881599 ], [ -78.91062391072694, 35.995303956808748 ], [ -78.910777412148221, 35.995185092593722 ], [ -78.911032889804588, 35.994986966553761 ], [ -78.911235012724845, 35.994830529496248 ], [ -78.91126123294417, 35.99481079697275 ] ] ], [ [ [ -78.911716585620127, 35.996133850120529 ], [ -78.911716572662911, 35.99614569006048 ], [ -78.91133710276533, 35.99615280490444 ], [ -78.911338374686878, 35.99613357621152 ], [ -78.911346949119718, 35.996019579995817 ], [ -78.911358101796651, 35.995870392010453 ], [ -78.911382116998567, 35.995550208800921 ], [ -78.911734967223353, 35.995552524571785 ], [ -78.911724880555539, 35.995875107881929 ], [ -78.911720083328419, 35.996024820722717 ], [ -78.911716585620127, 35.996133850120529 ] ] ], [ [ [ -78.911218143758305, 35.996182524412973 ], [ -78.911248332654097, 35.996181668997956 ], [ -78.911408066815227, 35.99617705823335 ], [ -78.911716546147247, 35.996169919357293 ], [ -78.911716772572049, 35.996333700900564 ], [ -78.911714056764083, 35.996496628709771 ], [ -78.911699015500517, 35.996496672780353 ], [ -78.911693234832114, 35.996805468702306 ], [ -78.911665758091374, 35.996828002423904 ], [ -78.911239701480739, 35.99683675899395 ], [ -78.911209273829456, 35.996837396183231 ], [ -78.910622502705507, 35.996849440072559 ], [ -78.910355265076078, 35.996854929016415 ], [ -78.910351203383939, 35.996829050190556 ], [ -78.910346181888357, 35.996784681045348 ], [ -78.910344879195762, 35.996740122332263 ], [ -78.910346136774621, 35.996642766476306 ], [ -78.910362749464767, 35.996356092599989 ], [ -78.910398111952361, 35.995745330966692 ], [ -78.910409382270856, 35.995550735478432 ], [ -78.911153352326835, 35.995556882887399 ], [ -78.911157611702748, 35.995556913455985 ], [ -78.911158161655621, 35.995548672590012 ], [ -78.9113280296976, 35.995549812431506 ], [ -78.911292861113409, 35.996019539015151 ], [ -78.911284286602267, 35.996133536943994 ], [ -78.911282571185879, 35.996154495979724 ], [ -78.911084809146615, 35.996158472831411 ], [ -78.911083297561376, 35.996180393493361 ], [ -78.911083737027354, 35.996180393813233 ], [ -78.911218217326194, 35.996177110986196 ], [ -78.911218143758305, 35.996182524412973 ] ] ], [ [ [ -78.908664864741894, 35.996823383379692 ], [ -78.908662313514299, 35.996831761805552 ], [ -78.90865818025739, 35.996839711532942 ], [ -78.908652564495625, 35.996847036906246 ], [ -78.908645605879911, 35.996853557752047 ], [ -78.908637477847378, 35.996859111091489 ], [ -78.908628379154294, 35.996863564869479 ], [ -78.908618533893588, 35.996866802502225 ], [ -78.908608187240091, 35.996868748628003 ], [ -78.908597592788951, 35.99686935536252 ], [ -78.908317823667744, 35.996867449392496 ], [ -78.907730332852339, 35.996863446161861 ], [ -78.907719744174443, 35.996862694733288 ], [ -78.907709429582638, 35.996860606022672 ], [ -78.907699644679241, 35.996857224863447 ], [ -78.90769063233661, 35.996852642436494 ], [ -78.907682618502449, 35.996846968796227 ], [ -78.9076757931728, 35.996840343157714 ], [ -78.907670333635153, 35.996832932197279 ], [ -78.907666370678569, 35.996824916291608 ], [ -78.907664001265076, 35.996816494677951 ], [ -78.907663286428573, 35.996807875151028 ], [ -78.907669273975657, 35.996377955313896 ], [ -78.907671872762634, 35.996191491815736 ], [ -78.907679644262345, 35.9956334541613 ], [ -78.907680789622319, 35.995624030795824 ], [ -78.907683905888504, 35.995614904231758 ], [ -78.90768890189338, 35.995606350825845 ], [ -78.907695631568401, 35.995598619422452 ], [ -78.907703891821043, 35.995591939936467 ], [ -78.907713441562152, 35.995586513066343 ], [ -78.907723995382995, 35.995582496553851 ], [ -78.907735238337168, 35.995580012062838 ], [ -78.9077468428586, 35.995579131456878 ], [ -78.908607517024805, 35.995574862814024 ], [ -78.908618185962524, 35.995575495758004 ], [ -78.908628597711299, 35.995577488317579 ], [ -78.908638488227865, 35.995580790504384 ], [ -78.90864761886138, 35.99558531801042 ], [ -78.908655753102749, 35.995590960775559 ], [ -78.908662692512067, 35.995597574429368 ], [ -78.908668259796556, 35.99560499744814 ], [ -78.908672315728865, 35.995613037431696 ], [ -78.908674761228482, 35.995621498576021 ], [ -78.908675533151836, 35.995630167934685 ], [ -78.908670847512582, 35.996198878675081 ], [ -78.908665770320368, 35.99681478395636 ], [ -78.908664864741894, 35.996823383379692 ] ] ], [ [ [ -78.910209036065041, 35.995596052701252 ], [ -78.910210319183946, 35.995599267738058 ], [ -78.910210721753714, 35.99560204259349 ], [ -78.910211189086581, 35.995605476797749 ], [ -78.910211187377413, 35.995608910657239 ], [ -78.910185811834523, 35.995962579638295 ], [ -78.910215830841054, 35.995962436879502 ], [ -78.910203370047185, 35.996132747185435 ], [ -78.9101983912241, 35.996201995897437 ], [ -78.910189222747505, 35.996330005170677 ], [ -78.910151427072506, 35.996877691692255 ], [ -78.909722095841659, 35.996880149731311 ], [ -78.908917522383149, 35.99688466380551 ], [ -78.90892215858338, 35.996131798696801 ], [ -78.908925320034555, 35.995577246321972 ], [ -78.910170626377194, 35.995574212579491 ], [ -78.910174851795944, 35.995574380511812 ], [ -78.910179076817059, 35.995574905565249 ], [ -78.910183301471235, 35.99557576026892 ], [ -78.910187052460429, 35.995576971745699 ], [ -78.910190904497227, 35.99557851294734 ], [ -78.910194282869128, 35.995580410922102 ], [ -78.910197661027098, 35.995582501192871 ], [ -78.910201038481929, 35.995585223293368 ], [ -78.910203130158209, 35.995587120322078 ], [ -78.910205661911846, 35.995590363747681 ], [ -78.910207349278863, 35.995592947251282 ], [ -78.910209036065041, 35.995596052701252 ] ] ], [ [ [ -78.910514188055515, 35.997064759882306 ], [ -78.910668846618421, 35.997066081791466 ], [ -78.910676169001022, 35.997320522333439 ], [ -78.910513904077462, 35.997320760701946 ], [ -78.910375301138842, 35.997320823920639 ], [ -78.910375586899676, 35.997063614384025 ], [ -78.910514188055515, 35.997064759882306 ] ] ], [ [ [ -78.910219550437375, 35.99753910294416 ], [ -78.910219349817297, 35.997721262097741 ], [ -78.909896944686579, 35.997721024731526 ], [ -78.908907280196829, 35.997720290790298 ], [ -78.908908008770425, 35.997076951096545 ], [ -78.910220070947176, 35.99707141180243 ], [ -78.910219550437375, 35.99753910294416 ] ] ], [ [ [ -78.910931090456344, 35.997603795734371 ], [ -78.910933215057341, 35.997608467330295 ], [ -78.910935306065156, 35.99761294660567 ], [ -78.91093581196742, 35.997614018338226 ], [ -78.910937464714891, 35.997617398459447 ], [ -78.910939961391378, 35.997621878030472 ], [ -78.910942052430244, 35.997626329834851 ], [ -78.910944177244758, 35.997630809134684 ], [ -78.910946302089798, 35.997635260963612 ], [ -78.910948796654395, 35.997639740532868 ], [ -78.910950923612816, 35.997644192363254 ], [ -78.910953454096514, 35.997648671958579 ], [ -78.910955545136815, 35.997653123762703 ], [ -78.910958041813501, 35.997657605050186 ], [ -78.910960200647636, 35.997661892078455 ], [ -78.910962731164631, 35.997666342485815 ], [ -78.910965261649679, 35.997670822080842 ], [ -78.910967350578346, 35.997675273883168 ], [ -78.910969883358703, 35.997679588654599 ], [ -78.910972413876749, 35.997684039061724 ], [ -78.910974944573212, 35.997688328077587 ], [ -78.910977475059639, 35.997692807672315 ], [ -78.910979600090073, 35.997697094675551 ], [ -78.910982164382716, 35.997701574294773 ], [ -78.91098466130677, 35.997705834098021 ], [ -78.910987189683311, 35.997710311974103 ], [ -78.91098887769374, 35.997712375235672 ], [ -78.910991410294557, 35.997716854831658 ], [ -78.91099390718729, 35.997721143822439 ], [ -78.910996471695583, 35.99772542942857 ], [ -78.910997163939953, 35.997862097472897 ], [ -78.911198049184975, 35.998097641463715 ], [ -78.910996062310929, 35.998096478050414 ], [ -78.910697723758389, 35.998097798698254 ], [ -78.910374432064359, 35.998103056117074 ], [ -78.910374577984598, 35.997971718043303 ], [ -78.910374695306444, 35.997866120139257 ], [ -78.910375012141031, 35.997580945340502 ], [ -78.910375270618516, 35.997348294765686 ], [ -78.910676983722226, 35.997347993796488 ], [ -78.910683935494106, 35.997574633523698 ], [ -78.910915915219022, 35.997569995505891 ], [ -78.910917600557013, 35.997574474485781 ], [ -78.910919725217155, 35.997579091140359 ], [ -78.91092181622345, 35.997583570415976 ], [ -78.910923941066045, 35.997588022245388 ], [ -78.910924783538277, 35.997590440295753 ], [ -78.91092687457548, 35.997594892100459 ], [ -78.910928999388332, 35.997599371400611 ], [ -78.910931090456344, 35.997603795734371 ] ] ], [ [ [ -78.908583114679502, 35.998559393275166 ], [ -78.908219824675385, 35.999130597010449 ], [ -78.908198388973943, 35.999164342577195 ], [ -78.908093907032708, 35.999182175012997 ], [ -78.907557805520341, 35.998828412982867 ], [ -78.907560107581048, 35.998825586943937 ], [ -78.907491692849746, 35.998788228022946 ], [ -78.907450272399458, 35.998765615610111 ], [ -78.907423244405251, 35.998750843283496 ], [ -78.90650198157968, 35.998235035662972 ], [ -78.906410224776877, 35.998183155363165 ], [ -78.906313264473866, 35.998129128275949 ], [ -78.905741910300236, 35.997811180555679 ], [ -78.905783655658936, 35.997728443044963 ], [ -78.905819653905354, 35.997643942951484 ], [ -78.905847236515257, 35.997561304377776 ], [ -78.905867043363344, 35.99747720384795 ], [ -78.905878904898103, 35.997392109956586 ], [ -78.905882793074227, 35.997306539480086 ], [ -78.905878667190052, 35.997220992014164 ], [ -78.905866562678554, 35.997135905402338 ], [ -78.905846546502246, 35.997051856582125 ], [ -78.907064447118088, 35.997057761396732 ], [ -78.907671692591279, 35.997061490882096 ], [ -78.908077623894584, 35.997063829845835 ], [ -78.908379506637317, 35.997065787290701 ], [ -78.908717558857802, 35.997067990788281 ], [ -78.908713487814822, 35.997588560693522 ], [ -78.908711435432934, 35.997848790651723 ], [ -78.908710488863974, 35.997968288192517 ], [ -78.908710138976076, 35.998006747136188 ], [ -78.908707952143303, 35.998238269904427 ], [ -78.908700794665208, 35.998287849453881 ], [ -78.908689145862255, 35.998336848757077 ], [ -78.90867310105476, 35.998385048117107 ], [ -78.908583114679502, 35.998559393275166 ] ] ], [ [ [ -78.910196370659406, 35.998814214474812 ], [ -78.910188949529697, 35.998816712300751 ], [ -78.910181109129994, 35.998818136737725 ], [ -78.910173081931575, 35.998818439882776 ], [ -78.910165113037223, 35.998817615048388 ], [ -78.910157436950811, 35.998815686443912 ], [ -78.91015028602709, 35.998812710899038 ], [ -78.909082498121847, 35.998229646947358 ], [ -78.908936749048991, 35.998150066914512 ], [ -78.908928945531116, 35.998145061401132 ], [ -78.908922224857349, 35.998139122685238 ], [ -78.908916722065058, 35.998132415693007 ], [ -78.908912572222647, 35.998125077879536 ], [ -78.908909876530231, 35.998117301616375 ], [ -78.908908734075226, 35.998109279273571 ], [ -78.908906886022436, 35.998071230754995 ], [ -78.90890713961565, 35.997846656655064 ], [ -78.909240532120862, 35.997846904796468 ], [ -78.909788625076857, 35.997847310760264 ], [ -78.910219209178621, 35.9978476279624 ], [ -78.910218980422528, 35.998051269285519 ], [ -78.910218837304313, 35.998179861988319 ], [ -78.91021868138219, 35.998321857019498 ], [ -78.910218566731331, 35.998424870929178 ], [ -78.91021845207635, 35.998527888268519 ], [ -78.910217756221854, 35.998788613624278 ], [ -78.910217748700504, 35.998795371448239 ], [ -78.910214002460776, 35.998801147875426 ], [ -78.910209088475014, 35.99880631221771 ], [ -78.910203152702337, 35.998810711775732 ], [ -78.910196370659406, 35.998814214474812 ] ] ], [ [ [ -78.910123104154167, 35.998996278598362 ], [ -78.910120224378744, 35.99900188053298 ], [ -78.910116263292451, 35.999007042138366 ], [ -78.910026397959896, 35.999105349096894 ], [ -78.910020712710548, 35.999110536900019 ], [ -78.910014045914778, 35.999114872383565 ], [ -78.910006573096112, 35.999118218322444 ], [ -78.909998490907014, 35.999120437507159 ], [ -78.909990035991996, 35.999121530112006 ], [ -78.909981519038695, 35.999121413953212 ], [ -78.909973136516115, 35.999120116646381 ], [ -78.909965127150841, 35.999117665838348 ], [ -78.909957795107957, 35.999114144165965 ], [ -78.908912882528696, 35.998508928398088 ], [ -78.908900552783322, 35.998500540593533 ], [ -78.908889948793004, 35.998490698119468 ], [ -78.908881340695658, 35.998479675886337 ], [ -78.908874931078742, 35.998467693812465 ], [ -78.908870888661355, 35.998455026732699 ], [ -78.908869280651089, 35.998442031818392 ], [ -78.90887017434838, 35.998428983828518 ], [ -78.908873501767729, 35.998416212362535 ], [ -78.908889616679929, 35.998365705477127 ], [ -78.908892327112767, 35.998358565075776 ], [ -78.908896425206848, 35.998351865242938 ], [ -78.90890180932675, 35.998345798198599 ], [ -78.908908306030682, 35.998340528638451 ], [ -78.90891578208344, 35.998336166346441 ], [ -78.908924034494177, 35.99833284852533 ], [ -78.9089328265283, 35.99833065741101 ], [ -78.908941953206465, 35.998329620321513 ], [ -78.9089511503268, 35.998329819472396 ], [ -78.908960172858471, 35.998331199739354 ], [ -78.908968826417507, 35.998333760977516 ], [ -78.908976866003897, 35.998337420591888 ], [ -78.90908106168682, 35.998394335383978 ], [ -78.910104896595556, 35.998953355734578 ], [ -78.910110740849731, 35.998957151012171 ], [ -78.91011577084609, 35.998961659932505 ], [ -78.910119857820632, 35.998966772517484 ], [ -78.910122860362776, 35.998972351308979 ], [ -78.910124711043451, 35.998978231432368 ], [ -78.910125382517307, 35.998984302984105 ], [ -78.910124834884002, 35.998990346168135 ], [ -78.910123104154167, 35.998996278598362 ] ] ], [ [ [ -78.909892961985747, 35.999226671897624 ], [ -78.909891606847353, 35.999229253157715 ], [ -78.909889780747633, 35.999231641774522 ], [ -78.909862564962509, 35.999261482507613 ], [ -78.909572090301054, 35.999573995943791 ], [ -78.909266481391484, 35.999902787621288 ], [ -78.9091014136269, 35.999803769889027 ], [ -78.908962494710011, 35.999720567152245 ], [ -78.908823981757891, 35.999637364557564 ], [ -78.908687158265238, 35.999555179486862 ], [ -78.908335368796557, 35.99934407730283 ], [ -78.908530114948093, 35.999029160116265 ], [ -78.908762110019836, 35.998656087138585 ], [ -78.908784611107734, 35.998608496951533 ], [ -78.908786846596186, 35.998604707642805 ], [ -78.908789825414473, 35.998601276010113 ], [ -78.908793479826215, 35.998598311886234 ], [ -78.908797674575965, 35.998595842640981 ], [ -78.908802308090259, 35.998594005552803 ], [ -78.908807245175907, 35.998592773049815 ], [ -78.908812384290485, 35.998592254939659 ], [ -78.90881755643673, 35.99859242190837 ], [ -78.908822592578545, 35.998593278980593 ], [ -78.908827423027901, 35.998594793482624 ], [ -78.908831849203196, 35.998596939512439 ], [ -78.909884940405803, 35.999206777087473 ], [ -78.909887575305675, 35.999208564636149 ], [ -78.909889837967711, 35.999210681560321 ], [ -78.909891660840486, 35.999213072868613 ], [ -78.909892974290543, 35.999215656096993 ], [ -78.909893784717909, 35.999218376308598 ], [ -78.909894052038794, 35.999221178532217 ], [ -78.909893778488865, 35.999223952885949 ], [ -78.909892961985747, 35.999226671897624 ] ] ], [ [ [ -78.90761732326817, 36.0001403556711 ], [ -78.907615224263978, 36.000142962096511 ], [ -78.9076122803706, 36.000145324079213 ], [ -78.907608897526302, 36.000147217008717 ], [ -78.907605548866158, 36.000148780313964 ], [ -78.907601693734193, 36.000149793819283 ], [ -78.90759746691684, 36.000150642218387 ], [ -78.907593680342245, 36.000150831650188 ], [ -78.907589860399455, 36.00015063818185 ], [ -78.907586074833901, 36.000149946830419 ], [ -78.907582695136043, 36.000149092677859 ], [ -78.90757678210494, 36.000146341120875 ], [ -78.907498633972679, 36.000105432838915 ], [ -78.907376678816263, 36.000029493452622 ], [ -78.907034563755744, 35.999816444465999 ], [ -78.906812445051045, 35.999678069432164 ], [ -78.907035012521234, 35.999427043883976 ], [ -78.907446698783232, 35.998963294867877 ], [ -78.907656071133118, 35.999102096970738 ], [ -78.908064481024127, 35.99937285549187 ], [ -78.908067859661429, 35.999374616168495 ], [ -78.908070798471115, 35.999376678693451 ], [ -78.908073331416247, 35.999378905737906 ], [ -78.908075052788476, 35.999381324467628 ], [ -78.908076706172295, 35.999384072796296 ], [ -78.9080775482023, 35.999386820514438 ], [ -78.908077982661595, 35.999389375630017 ], [ -78.908077981644169, 35.9993921227138 ], [ -78.908077538811213, 35.999395061761092 ], [ -78.90807669052036, 35.99939780820737 ], [ -78.90761732326817, 36.0001403556711 ] ] ], [ [ [ -78.9091028321441, 36.000044992387735 ], [ -78.909102826347564, 36.000048261413212 ], [ -78.909102418136982, 36.000052381735209 ], [ -78.909101568326335, 36.000056501728693 ], [ -78.909100277132296, 36.00006042909785 ], [ -78.90909902375401, 36.000064548790974 ], [ -78.908927646059013, 36.000252431564405 ], [ -78.908826947259314, 36.000363613339523 ], [ -78.908726246844196, 36.00047410997184 ], [ -78.908511745353323, 36.000709675024389 ], [ -78.908344916790824, 36.000610654983447 ], [ -78.90821397192795, 36.000532621921266 ], [ -78.908119410383861, 36.000476400456144 ], [ -78.907776942531882, 36.000272858233025 ], [ -78.907986498203698, 35.999926554034019 ], [ -78.908092786463328, 35.999750298713629 ], [ -78.908244356762921, 35.999499054431737 ], [ -78.9083148618612, 35.999542209120015 ], [ -78.908425498788574, 35.999610282439683 ], [ -78.908589787959784, 35.999711003703389 ], [ -78.908675090224762, 35.999763426924396 ], [ -78.908848634307418, 35.999870006040453 ], [ -78.909094411831248, 36.000017158163054 ], [ -78.909096537565802, 36.000020785895472 ], [ -78.909098223473137, 36.000024715479888 ], [ -78.909099909349635, 36.000028672535009 ], [ -78.909101155739364, 36.000032629263153 ], [ -78.90910199415039, 36.000036750512713 ], [ -78.909102834674371, 36.000040871763879 ], [ -78.9091028321441, 36.000044992387735 ] ] ], [ [ [ -78.9520868, 36.0006584 ], [ -78.9520009, 36.0009708 ], [ -78.9519151, 36.0012833 ], [ -78.9518379, 36.0016166 ], [ -78.9516576, 36.0023596 ], [ -78.9515546, 36.0027623 ], [ -78.9514774, 36.0028942 ], [ -78.9513915, 36.0030331 ], [ -78.9512885, 36.003165 ], [ -78.9510911, 36.0034081 ], [ -78.9509674, 36.0035062 ], [ -78.9508594, 36.0036164 ], [ -78.9507271, 36.0036729 ], [ -78.9504388, 36.0038594 ], [ -78.9502121, 36.0040062 ], [ -78.9499925, 36.004158 ], [ -78.9497436, 36.0043524 ], [ -78.9494861, 36.004526 ], [ -78.9492629, 36.0046787 ], [ -78.94908, 36.0047951 ], [ -78.9489075, 36.0049783 ], [ -78.947723, 36.0060336 ], [ -78.9461253, 36.0074685 ], [ -78.9457969, 36.007931 ], [ -78.945534, 36.008178 ], [ -78.9453878, 36.0082797 ], [ -78.9453182, 36.00833 ], [ -78.9451678, 36.0084194 ], [ -78.9449677, 36.0085184 ], [ -78.944657, 36.00862 ], [ -78.9444639, 36.0086758 ], [ -78.944263, 36.0087055 ], [ -78.9441007, 36.0087233 ], [ -78.9436005, 36.0087505 ], [ -78.943082, 36.0087794 ], [ -78.9428274, 36.0087922 ], [ -78.9427681, 36.008795 ], [ -78.9426511, 36.0088063 ], [ -78.9426581, 36.0086989 ], [ -78.9426356, 36.0085682 ], [ -78.9425281, 36.00809 ], [ -78.9423615, 36.0078259 ], [ -78.9423173, 36.0077367 ], [ -78.9420537, 36.0073706 ], [ -78.9419142, 36.0072064 ], [ -78.9418226, 36.0071174 ], [ -78.9416124, 36.0068973 ], [ -78.941522, 36.0068083 ], [ -78.9414149, 36.006702 ], [ -78.9410865, 36.0062774 ], [ -78.9409292, 36.0061132 ], [ -78.9408215, 36.0059733 ], [ -78.9403882, 36.0052997 ], [ -78.9402622, 36.0050763 ], [ -78.9401965, 36.0050061 ], [ -78.9400994, 36.0048708 ], [ -78.9400532, 36.0047945 ], [ -78.940022, 36.0047456 ], [ -78.9399098, 36.0046374 ], [ -78.9397701, 36.0044839 ], [ -78.9396658, 36.0043807 ], [ -78.9395738, 36.0042907 ], [ -78.9394789, 36.0042042 ], [ -78.939327, 36.0041169 ], [ -78.9392346, 36.0040935 ], [ -78.9391059, 36.0040682 ], [ -78.938998, 36.0040588 ], [ -78.9388946, 36.0040608 ], [ -78.9387922, 36.0040437 ], [ -78.938633, 36.0040091 ], [ -78.9385069, 36.003973 ], [ -78.9383457, 36.0040007 ], [ -78.938157, 36.0039359 ], [ -78.9378361, 36.0038307 ], [ -78.9376705, 36.0037287 ], [ -78.937539, 36.0036527 ], [ -78.9375226, 36.0035463 ], [ -78.937523, 36.0034569 ], [ -78.9375753, 36.0032173 ], [ -78.937591, 36.0030937 ], [ -78.9356454, 36.002211 ], [ -78.9357484, 36.0018986 ], [ -78.9359715, 36.0016347 ], [ -78.9362376, 36.0014195 ], [ -78.9363663, 36.0012875 ], [ -78.9365208, 36.0011 ], [ -78.9365895, 36.0008362 ], [ -78.9365723, 36.000614 ], [ -78.9364865, 36.0004404 ], [ -78.9363406, 36.000246 ], [ -78.9360659, 36.0000654 ], [ -78.9357398, 36.0000029 ], [ -78.935302, 35.999989 ], [ -78.9349587, 35.9999543 ], [ -78.9346326, 35.9998779 ], [ -78.9344523, 35.9997182 ], [ -78.9344008, 35.9995099 ], [ -78.9342635, 35.9991627 ], [ -78.9337485, 35.9989544 ], [ -78.9333653, 35.9990067 ], [ -78.9329846, 35.9990586 ], [ -78.9324782, 35.9992808 ], [ -78.9317486, 35.9996488 ], [ -78.9313109, 35.9998502 ], [ -78.930856, 35.9999751 ], [ -78.9302895, 35.999996 ], [ -78.9303802, 35.9984433 ], [ -78.9305261, 35.9984224 ], [ -78.9308608, 35.9983599 ], [ -78.9310583, 35.9983044 ], [ -78.9313029, 35.9982343 ], [ -78.9318136, 35.9980475 ], [ -78.9319974, 35.9979634 ], [ -78.9325603, 35.9977489 ], [ -78.9346889, 35.9969364 ], [ -78.9349531, 35.9968343 ], [ -78.9354013, 35.9965753 ], [ -78.9355464, 35.9964636 ], [ -78.9357961, 35.9962628 ], [ -78.9359275, 35.9961486 ], [ -78.936354, 35.995617 ], [ -78.9364913, 35.9954434 ], [ -78.9368947, 35.9949434 ], [ -78.9373067, 35.9944087 ], [ -78.9374269, 35.9942837 ], [ -78.9375814, 35.994124 ], [ -78.9378045, 35.9939851 ], [ -78.9381908, 35.9938115 ], [ -78.9385599, 35.9936865 ], [ -78.9389375, 35.9935546 ], [ -78.9391521, 35.9934504 ], [ -78.9393495, 35.9933254 ], [ -78.9394953, 35.9932073 ], [ -78.9396842, 35.9929504 ], [ -78.9397787, 35.9927976 ], [ -78.9399846, 35.9924921 ], [ -78.9401306, 35.9922698 ], [ -78.9401992, 35.9921657 ], [ -78.940328, 35.991992 ], [ -78.9406627, 35.9915823 ], [ -78.9408125, 35.991667 ], [ -78.9409631, 35.9917351 ], [ -78.941212, 35.9918323 ], [ -78.941521, 35.9919434 ], [ -78.9419588, 35.9920962 ], [ -78.9426454, 35.9923323 ], [ -78.9433149, 35.9926032 ], [ -78.9437269, 35.9928254 ], [ -78.9442933, 35.9931796 ], [ -78.9448856, 35.9936032 ], [ -78.9454864, 35.9940198 ], [ -78.945967, 35.9943601 ], [ -78.946216, 35.9945545 ], [ -78.9464734, 35.9947212 ], [ -78.9468768, 35.9950198 ], [ -78.9476601, 35.9955883 ], [ -78.9481386, 35.9959226 ], [ -78.9483703, 35.9960684 ], [ -78.9485849, 35.9961864 ], [ -78.9486396, 35.9962121 ], [ -78.94922, 35.996485 ], [ -78.9501212, 35.9968114 ], [ -78.9506277, 35.9969711 ], [ -78.9510654, 35.99711 ], [ -78.9522516, 35.997481 ], [ -78.9524644, 35.9975406 ], [ -78.9528404, 35.9976697 ], [ -78.9530996, 35.9977766 ], [ -78.9531253, 35.9979572 ], [ -78.9530481, 35.9981863 ], [ -78.9529022, 35.9985891 ], [ -78.9528163, 35.9988044 ], [ -78.9525674, 35.9993946 ], [ -78.9523357, 35.9999362 ], [ -78.9521898, 36.000339 ], [ -78.9520868, 36.0006584 ] ] ], [ [ [ -78.912680321507068, 36.001205414900937 ], [ -78.912662645567949, 36.001169360543464 ], [ -78.912638949413605, 36.001135664369102 ], [ -78.912609671798251, 36.001105013459011 ], [ -78.912549564068328, 36.001041348014198 ], [ -78.912443654758789, 36.000940124571194 ], [ -78.912372168753421, 36.00086315499864 ], [ -78.912257484454884, 36.000748711623253 ], [ -78.912141313287009, 36.000632041928249 ], [ -78.912014129350595, 36.000511957803006 ], [ -78.911954281653692, 36.000458676211977 ], [ -78.911899738680049, 36.000408172970211 ], [ -78.911808749597114, 36.000328936376668 ], [ -78.911716874801911, 36.00025601736489 ], [ -78.911642604011263, 36.000191764328392 ], [ -78.911522112041013, 36.000103495738344 ], [ -78.911415604534653, 36.000025950793997 ], [ -78.911303724120074, 35.999946451423973 ], [ -78.911034500433487, 35.999751020405718 ], [ -78.910855395769474, 35.999626227165891 ], [ -78.910708067873941, 35.99953368018631 ], [ -78.910557355214337, 35.999443245802411 ], [ -78.910330084746462, 35.999314131050909 ], [ -78.910185614618683, 35.999236804375762 ], [ -78.910180884667525, 35.999234161980048 ], [ -78.910172912239844, 35.999228883432657 ], [ -78.910166090332254, 35.999222615063367 ], [ -78.910160551841145, 35.999215550982846 ], [ -78.910156505759474, 35.999207856170187 ], [ -78.910154013116212, 35.999199750437072 ], [ -78.910153143452817, 35.999191398659882 ], [ -78.910153930299828, 35.999183048100981 ], [ -78.910156339605535, 35.999174918501986 ], [ -78.910160335236256, 35.999167202132199 ], [ -78.910165788060112, 35.999160118663326 ], [ -78.910231350813746, 35.999088358059822 ], [ -78.910239269555589, 35.999081111574306 ], [ -78.910248573008843, 35.999075074822862 ], [ -78.910258990540001, 35.999070412431557 ], [ -78.910270251546393, 35.999067261555481 ], [ -78.910282017812918, 35.999065759300457 ], [ -78.910293951308063, 35.999065877947139 ], [ -78.91030564629601, 35.99906767213924 ], [ -78.910316798612641, 35.999071059241153 ], [ -78.910327070287195, 35.999075956592243 ], [ -78.910611126205879, 35.999245220361367 ], [ -78.910820910316431, 35.99938410145085 ], [ -78.910852159058066, 35.999404205445359 ], [ -78.911054549918816, 35.999534427413458 ], [ -78.911068967680919, 35.999519741008342 ], [ -78.911103216315922, 35.999484740608857 ], [ -78.911146539442456, 35.999440514878984 ], [ -78.911156828185554, 35.999430002745157 ], [ -78.911113351087877, 35.999401126732785 ], [ -78.910933193257719, 35.999281607225527 ], [ -78.910714525031594, 35.999136511418918 ], [ -78.910421719166976, 35.998962104418396 ], [ -78.910381008623744, 35.998938695150464 ], [ -78.91037884667135, 35.998937211855534 ], [ -78.910376955414861, 35.998935507275377 ], [ -78.910376574282111, 35.998881087241138 ], [ -78.910375883344372, 35.9987746097148 ], [ -78.910375038869816, 35.998500147799675 ], [ -78.910374276405548, 35.998243159097427 ], [ -78.910634584798473, 35.998240930641174 ], [ -78.910719100580579, 35.998240140839727 ], [ -78.910939652748638, 35.998238268981233 ], [ -78.910942289639991, 35.998238245149594 ], [ -78.911342724986412, 35.998234853596273 ], [ -78.91166981967524, 35.998523479580371 ], [ -78.911785577656133, 35.99864168789302 ], [ -78.911905906256948, 35.998753993153052 ], [ -78.911931742680395, 35.998777169708873 ], [ -78.911933397682745, 35.998778544444505 ], [ -78.912010772329467, 35.998847606975275 ], [ -78.912182305912552, 35.999000166145834 ], [ -78.91236792820655, 35.999194243622576 ], [ -78.9124989893064, 35.999295375336715 ], [ -78.912456379095687, 35.999384336613105 ], [ -78.912425833348649, 35.999448115756628 ], [ -78.912802193932535, 35.999831685623015 ], [ -78.912935588697891, 35.99977477876817 ], [ -78.91296309196747, 35.999694968102332 ], [ -78.91323160949409, 35.999922480309763 ], [ -78.913270452043633, 35.999955143247178 ], [ -78.91351253456871, 36.00002484355727 ], [ -78.913501071007914, 36.000057278500158 ], [ -78.913832295130533, 36.000135804452668 ], [ -78.913405845139252, 36.001374794460652 ], [ -78.913295023716159, 36.001721862908504 ], [ -78.913279587288017, 36.001770174839578 ], [ -78.913267339911215, 36.001812029955701 ], [ -78.913261508961597, 36.00182697165797 ], [ -78.913253041976233, 36.001841030705073 ], [ -78.913242142092329, 36.001853934249546 ], [ -78.913187117096328, 36.001912966242188 ], [ -78.9131871, 36.001913 ], [ -78.913187048028277, 36.001913040339865 ], [ -78.91312844930863, 36.001975906299684 ], [ -78.913123814411065, 36.001980900975546 ], [ -78.912942252207159, 36.002152136395196 ], [ -78.912938969551618, 36.002155210787222 ], [ -78.912876140186768, 36.002115048978823 ], [ -78.9126833, 36.0020222 ], [ -78.9126192, 36.0019941 ], [ -78.9126406, 36.0015991 ], [ -78.9126566, 36.0015711 ], [ -78.9126673, 36.0013336 ], [ -78.912692521341242, 36.001338331276138 ], [ -78.912694157181548, 36.001320527542681 ], [ -78.912696229708914, 36.00128174022047 ], [ -78.912691572311175, 36.001243112913258 ], [ -78.912680321507068, 36.001205414900937 ] ] ], [ [ [ -78.911436491382275, 36.000185104496815 ], [ -78.911546911092316, 36.000269492488542 ], [ -78.9116203058568, 36.000332975764103 ], [ -78.911713058848576, 36.000406609722639 ], [ -78.911802666738922, 36.000481367642102 ], [ -78.911858056494637, 36.000530388111777 ], [ -78.9119162122023, 36.000583228995247 ], [ -78.912035864043403, 36.000700862892096 ], [ -78.912151452114045, 36.000821295768596 ], [ -78.912266514628527, 36.000931811183456 ], [ -78.91233806600566, 36.001008863275146 ], [ -78.912444450238567, 36.001110499209737 ], [ -78.912508946256523, 36.001178315941914 ], [ -78.912529918075165, 36.001200966918745 ], [ -78.912545881529454, 36.001226196564296 ], [ -78.912556298618014, 36.001253262782967 ], [ -78.91256093354913, 36.001281368753581 ], [ -78.912559618174043, 36.001309690231608 ], [ -78.912558115903479, 36.001385673453804 ], [ -78.912558816718075, 36.001518854218567 ], [ -78.912558814218571, 36.001521160048824 ], [ -78.912545561027187, 36.001677734240026 ], [ -78.912531865517337, 36.001836862889569 ], [ -78.912523818601017, 36.00183754389856 ], [ -78.912522970614589, 36.00184012554827 ], [ -78.91252171708777, 36.001842569553531 ], [ -78.912520024123609, 36.001844958302463 ], [ -78.912518362883603, 36.001847319603307 ], [ -78.912516198876872, 36.001849570660767 ], [ -78.91251410057869, 36.001851631186483 ], [ -78.912511968476622, 36.00185368825408 ], [ -78.912509430861974, 36.001855581923252 ], [ -78.91250689345577, 36.001857283296836 ], [ -78.912502665110651, 36.00185950540488 ], [ -78.91249972237236, 36.001860876838172 ], [ -78.912495900640096, 36.001862247641839 ], [ -78.912492958259207, 36.001863289425415 ], [ -78.912489576768692, 36.001863973773773 ], [ -78.912485755602376, 36.001864822631973 ], [ -78.912482374469391, 36.001865177330579 ], [ -78.912478148358645, 36.001865339127995 ], [ -78.912474767791963, 36.001865171881235 ], [ -78.91247138725322, 36.00186497888054 ], [ -78.912468007046144, 36.001864480267095 ], [ -78.912464221356458, 36.001863790784277 ], [ -78.912460841594793, 36.001862881825602 ], [ -78.912236953237212, 36.001781709754653 ], [ -78.912222325705116, 36.001773458000265 ], [ -78.912209791614387, 36.001765674752349 ], [ -78.912173000255933, 36.001742765116795 ], [ -78.911868095620576, 36.001552914471951 ], [ -78.911860426490747, 36.001548211428819 ], [ -78.911855181417963, 36.001544991841627 ], [ -78.911709645618913, 36.001455635768778 ], [ -78.911461599526078, 36.001303322839014 ], [ -78.911215651562586, 36.00114996702915 ], [ -78.910998488413838, 36.001014542667029 ], [ -78.910867069226768, 36.000932611260296 ], [ -78.910604231714444, 36.000768693073105 ], [ -78.910206295005096, 36.000520559397259 ], [ -78.909375731533899, 36.000004620700821 ], [ -78.909992736188698, 35.999339375918069 ], [ -78.910021030265796, 35.999308876650758 ], [ -78.910024382427906, 35.999305994680746 ], [ -78.910028239021088, 35.999303607557508 ], [ -78.910032500708411, 35.999301742678462 ], [ -78.910037099785384, 35.999300482406355 ], [ -78.910041901026545, 35.999299826641519 ], [ -78.910046735336905, 35.999299831918151 ], [ -78.910051535140184, 35.999300465564737 ], [ -78.910056131429485, 35.99930170513688 ], [ -78.910060422787652, 35.999303548842931 ], [ -78.910107285391064, 35.999327675266279 ], [ -78.91025114886358, 35.999403408276521 ], [ -78.910484609435102, 35.99953137393063 ], [ -78.910628663438089, 35.999618864149973 ], [ -78.910774338857536, 35.999707811335021 ], [ -78.910952089796979, 35.999833977244933 ], [ -78.911226277399507, 36.000034631504676 ], [ -78.911326162785429, 36.000108380832053 ], [ -78.911436491382275, 36.000185104496815 ] ] ], [ [ [ -78.908848688295436, 36.000570182762466 ], [ -78.908852072680389, 36.00056691625845 ], [ -78.908929079358359, 36.000481978929493 ], [ -78.908959542935804, 36.000448871809162 ], [ -78.909051781228342, 36.00034729842276 ], [ -78.909248543455135, 36.00013127673342 ], [ -78.90939296596288, 36.000219647729786 ], [ -78.909528508016777, 36.000302490338171 ], [ -78.909663642923348, 36.000385002842151 ], [ -78.909799217380666, 36.000467707814124 ], [ -78.909934350727994, 36.000550220011704 ], [ -78.910085533859458, 36.000642523486448 ], [ -78.909786836989838, 36.000957695884438 ], [ -78.909640448302184, 36.001112111104149 ], [ -78.909475848611223, 36.001286265887003 ], [ -78.909248242411124, 36.001150114722265 ], [ -78.909013845809852, 36.001010361107049 ], [ -78.908647726041494, 36.000791337676723 ], [ -78.908848688295436, 36.000570182762466 ] ] ], [ [ [ -78.911068243511622, 36.001341880880197 ], [ -78.911058158172438, 36.001351653151545 ], [ -78.911046113707116, 36.001359885629483 ], [ -78.911032516135961, 36.001366276430069 ], [ -78.911017771328332, 36.001370661023401 ], [ -78.910964409877423, 36.001382956545811 ], [ -78.910557232301912, 36.001476856575074 ], [ -78.910494708445398, 36.001489584716786 ], [ -78.910431342863802, 36.001499180535639 ], [ -78.910367406083878, 36.001505589287234 ], [ -78.910280311258177, 36.001512008471458 ], [ -78.910192848970325, 36.001512548567554 ], [ -78.910105667947505, 36.001507182581157 ], [ -78.910019302756282, 36.001495938377474 ], [ -78.909934397743925, 36.001478926316381 ], [ -78.909928787451108, 36.001477383814219 ], [ -78.90985152755951, 36.001456229237313 ], [ -78.909771266727276, 36.001428039864358 ], [ -78.909694156023235, 36.001394495956248 ], [ -78.909620736036203, 36.001355900097764 ], [ -78.909807740256781, 36.001159979018745 ], [ -78.909953684864306, 36.001009464131926 ], [ -78.91007891979217, 36.000876185501603 ], [ -78.910199921396611, 36.000747326428296 ], [ -78.910222364140481, 36.000723443300046 ], [ -78.910250269538977, 36.000740688014339 ], [ -78.910380708848294, 36.000821300772849 ], [ -78.910486280683799, 36.000887145053326 ], [ -78.910766282072458, 36.001062282404853 ], [ -78.911046043245946, 36.001239838076174 ], [ -78.911058069580307, 36.001248033137927 ], [ -78.911068198844447, 36.001257820125396 ], [ -78.911076065861309, 36.001268869123351 ], [ -78.911081427973912, 36.00128087777648 ], [ -78.911084186296733, 36.001293461421604 ], [ -78.911084172216334, 36.00130623534465 ], [ -78.911081453769839, 36.001318815003572 ], [ -78.911076096881416, 36.001330815854651 ], [ -78.911068243511622, 36.001341880880197 ] ] ], [ [ [ -78.908369159871455, 36.001591573992052 ], [ -78.908369165550781, 36.001586574306778 ], [ -78.908369168898716, 36.001581766915471 ], [ -78.908369173913769, 36.001579212132761 ], [ -78.908369616757057, 36.001574405071054 ], [ -78.908369621803274, 36.001571822817574 ], [ -78.908369625338423, 36.001566850601456 ], [ -78.908369632912255, 36.001562043213276 ], [ -78.908369633732562, 36.001559460956635 ], [ -78.908370044881266, 36.001554653871104 ], [ -78.908370049927484, 36.001552071617631 ], [ -78.908370055388332, 36.001547264227817 ], [ -78.908370058321594, 36.001544681972732 ], [ -78.908370061856687, 36.001539709756564 ], [ -78.908370508925643, 36.001534902697948 ], [ -78.908370509745922, 36.001532320441235 ], [ -78.908370515237948, 36.001527485580638 ], [ -78.908370518108768, 36.001524958267112 ], [ -78.908370931370214, 36.001520151183094 ], [ -78.908370934303434, 36.001517568927959 ], [ -78.908370937838512, 36.001512596711756 ], [ -78.908371382794286, 36.001507789651519 ], [ -78.908371387840447, 36.00150520739799 ], [ -78.908371391188268, 36.001500400006506 ], [ -78.908371801921973, 36.00149781805721 ], [ -78.908371807382707, 36.001493010667311 ], [ -78.908371810313952, 36.00149043012911 ], [ -78.90837225527153, 36.001485621351897 ], [ -78.908372256060531, 36.001483066565932 ], [ -78.9083726695401, 36.00147806718627 ], [ -78.908372675000791, 36.001473259796327 ], [ -78.90837267793394, 36.001470677541171 ], [ -78.908373122826987, 36.00146592542243 ], [ -78.908373125791343, 36.001463315696455 ], [ -78.908373536939351, 36.00145850861076 ], [ -78.90837353775953, 36.001455926353977 ], [ -78.90837398482779, 36.001451119295204 ], [ -78.908373987760939, 36.001448537040019 ], [ -78.908374399096047, 36.001443565129513 ], [ -78.908374404556625, 36.0014387577395 ], [ -78.90837484698433, 36.001436175813915 ], [ -78.908374850331938, 36.001431368422317 ], [ -78.908375258921041, 36.001428813942148 ], [ -78.908375266494517, 36.001424006553691 ], [ -78.908375706809167, 36.001421424626514 ], [ -78.908375711853239, 36.001418844089798 ], [ -78.908376120475424, 36.001416260421912 ], [ -78.90837612362688, 36.001413485871083 ], [ -78.908376126497558, 36.001410958557429 ], [ -78.90837656892505, 36.001408376631808 ], [ -78.908376572045285, 36.001405629551797 ], [ -78.908376980665423, 36.001403047600789 ], [ -78.908376983598444, 36.001400465345569 ], [ -78.908377460020304, 36.001397718620453 ], [ -78.908377462922104, 36.00139516383603 ], [ -78.908377465855125, 36.001392581580767 ], [ -78.908377840855152, 36.00138983477963 ], [ -78.908377843788145, 36.00138725252436 ], [ -78.908378286215452, 36.001384670598732 ], [ -78.908378287220742, 36.001381925234014 ], [ -78.908378697924405, 36.001379369038418 ], [ -78.908378700857369, 36.001376786783169 ], [ -78.908379141358864, 36.001374040031095 ], [ -78.908379144291814, 36.001371457775839 ], [ -78.908379555024638, 36.001368875826422 ], [ -78.908379556033793, 36.001366127027815 ], [ -78.90838000054076, 36.001363574291432 ], [ -78.908380001360726, 36.001360992034549 ], [ -78.908380412278717, 36.001358246977219 ], [ -78.908380413100645, 36.001355663003444 ], [ -78.908380857640651, 36.001353081079323 ], [ -78.908380860760758, 36.001350333999198 ], [ -78.908381269349249, 36.001347779518952 ], [ -78.908381272282142, 36.001345197263646 ], [ -78.908381714894389, 36.001342452230062 ], [ -78.908381717827254, 36.00133986997475 ], [ -78.908382126448828, 36.001337286306757 ], [ -78.908382129568906, 36.001334539226654 ], [ -78.90838257196458, 36.001331984771703 ], [ -78.90838298058415, 36.001329402820637 ], [ -78.908382983704186, 36.00132665574052 ], [ -78.908383392323742, 36.001324073789405 ], [ -78.908383395256578, 36.001321491534121 ], [ -78.908383835757547, 36.001318744781997 ], [ -78.908383840772103, 36.001316189999017 ], [ -78.908384281085901, 36.001313608071683 ], [ -78.90839701338669, 36.001265543675224 ], [ -78.908410585393455, 36.001222287300536 ], [ -78.908425002338831, 36.001181091868915 ], [ -78.90842835689628, 36.001172496014732 ], [ -78.908440258289119, 36.001141600255004 ], [ -78.90845592139253, 36.001104526376437 ], [ -78.908477949015889, 36.001057842473777 ], [ -78.908479200881033, 36.001055098045747 ], [ -78.9084936371423, 36.001026619894247 ], [ -78.908523685012767, 36.000971013969711 ], [ -78.908525820865677, 36.000967581715351 ], [ -78.908528360290347, 36.000964149763163 ], [ -78.908530899341017, 36.000961047460599 ], [ -78.90853384193224, 36.000957972930877 ], [ -78.908536822153309, 36.000955253833112 ], [ -78.908540206004432, 36.000952483529659 ], [ -78.908543589452407, 36.000950068629642 ], [ -78.908546532598464, 36.000948367641485 ], [ -78.908550355319989, 36.00094614536588 ], [ -78.908553295979104, 36.000944774025641 ], [ -78.908556678243016, 36.00094340301586 ], [ -78.908560907796385, 36.000942032640161 ], [ -78.908565574728584, 36.000940662591645 ], [ -78.908569801795096, 36.000939621863722 ], [ -78.908574434141514, 36.000938938559699 ], [ -78.908579100106223, 36.000938421822561 ], [ -78.90858288668629, 36.000938258114161 ], [ -78.90858755224815, 36.000938096780274 ], [ -78.908592183442551, 36.000938429895378 ], [ -78.908596848226239, 36.000938955331243 ], [ -78.908601479016099, 36.000939645566483 ], [ -78.908605703716646, 36.000940692618514 ], [ -78.908610367753596, 36.000941877353242 ], [ -78.908614591863071, 36.000943446350227 ], [ -78.908617971013825, 36.000944822419292 ], [ -78.908621755289374, 36.000946693266222 ], [ -78.90862557315441, 36.000948756433957 ], [ -78.908779696940002, 36.001040898885087 ], [ -78.908945679634357, 36.001139917683979 ], [ -78.909392445867084, 36.001406909144187 ], [ -78.909131418891036, 36.001677797347227 ], [ -78.908756613980813, 36.001662079396958 ], [ -78.908749001214801, 36.001682415853914 ], [ -78.908741388444966, 36.001702752310216 ], [ -78.90911237349161, 36.001718302640178 ], [ -78.909110499912828, 36.001880901025864 ], [ -78.909106314410039, 36.002205053548707 ], [ -78.908920374365479, 36.002203376705005 ], [ -78.908734434142161, 36.002201864403098 ], [ -78.908362553341945, 36.002199168599709 ], [ -78.908366245759382, 36.001924820323254 ], [ -78.908368583146952, 36.001742141129114 ], [ -78.908369490742174, 36.001687200169002 ], [ -78.908369294491706, 36.001666514493706 ], [ -78.908369098243199, 36.001645827101342 ], [ -78.908369103702171, 36.00164102142864 ], [ -78.908369106635448, 36.001638439173639 ], [ -78.908369112283566, 36.001633466959184 ], [ -78.908369115631515, 36.001628659568006 ], [ -78.908369120677762, 36.001626077314555 ], [ -78.908369124025725, 36.001621269923355 ], [ -78.90836912904075, 36.001618715140715 ], [ -78.908369134720104, 36.001613715455449 ], [ -78.908369140180994, 36.001608908065769 ], [ -78.908369141001316, 36.001606325809178 ], [ -78.90836914857519, 36.001601518421076 ], [ -78.908369151508467, 36.00159893616604 ], [ -78.908369156969371, 36.001594128776318 ], [ -78.908369159871455, 36.001591573992052 ] ] ], [ [ [ -78.909540775062837, 36.001482536355148 ], [ -78.90961828670406, 36.001520338632943 ], [ -78.909698302167882, 36.001554461621531 ], [ -78.909794314424687, 36.001587140416049 ], [ -78.909893001932488, 36.001613997293759 ], [ -78.909899356179977, 36.001615375521233 ], [ -78.909902735933102, 36.001616257080066 ], [ -78.909905642628857, 36.001616918523318 ], [ -78.909909056404203, 36.001617607811276 ], [ -78.909912436372295, 36.001618297074202 ], [ -78.909915816340416, 36.001618986337057 ], [ -78.909918790620452, 36.001619675300674 ], [ -78.9099221705887, 36.001620364563344 ], [ -78.909925550526324, 36.001621081296733 ], [ -78.909928930525382, 36.001621743088386 ], [ -78.909931870998179, 36.001622432026799 ], [ -78.909935251150699, 36.001622956464274 ], [ -78.909938662813644, 36.001623645749852 ], [ -78.909942011087821, 36.001624334988584 ], [ -78.909948365551628, 36.001625520917962 ], [ -78.909951745520374, 36.001626210179815 ], [ -78.909955125673179, 36.001626734616728 ], [ -78.909958505642052, 36.001627423878389 ], [ -78.909964826268265, 36.001628637252757 ], [ -78.909968206423159, 36.001629159972417 ], [ -78.909971586604954, 36.001629658655055 ], [ -78.909974966574069, 36.001630347916269 ], [ -78.909978346727186, 36.0016308723526 ], [ -78.909984699232368, 36.001631920924453 ], [ -78.909988081529221, 36.001632417891287 ], [ -78.909991461682523, 36.001632942327227 ], [ -78.909994841837786, 36.001633465046147 ], [ -78.909998221805367, 36.001634156023627 ], [ -78.910004542831118, 36.001635012275557 ], [ -78.910007922984633, 36.001635536711063 ], [ -78.910011301025236, 36.001636061144907 ], [ -78.910014683322416, 36.001636558111009 ], [ -78.910018063476073, 36.001637082546218 ], [ -78.910021443813619, 36.001637442156536 ], [ -78.910024824028653, 36.001637911649958 ], [ -78.910031144993738, 36.001638822842068 ], [ -78.910034556872645, 36.00163931982943 ], [ -78.910037937210348, 36.001639679439293 ], [ -78.910041317364261, 36.001640203873883 ], [ -78.910044699845642, 36.0016405360143 ], [ -78.91004807999964, 36.001641060448691 ], [ -78.910051458255154, 36.001641392585874 ], [ -78.910054840705996, 36.001641752196839 ], [ -78.910058254667447, 36.001642276655822 ], [ -78.910064542070913, 36.001642968054938 ], [ -78.910067922439538, 36.001643300193187 ], [ -78.910071302779485, 36.001643658085214 ], [ -78.910074681033294, 36.001643991938671 ], [ -78.910078063484335, 36.001644351548961 ], [ -78.910081443853059, 36.001644683686848 ], [ -78.910084790383877, 36.001645043270521 ], [ -78.910088204559997, 36.001645375433107 ], [ -78.910091582785242, 36.001645735039943 ], [ -78.910094965267049, 36.001646067179024 ], [ -78.910098345607224, 36.001646425070255 ], [ -78.910101726157919, 36.001646594099739 ], [ -78.910105106526842, 36.001646926236958 ], [ -78.910108486865184, 36.001647285844882 ], [ -78.910111867417839, 36.001647453157126 ], [ -78.910118222620596, 36.001647979778433 ], [ -78.910121602989648, 36.001648311915218 ], [ -78.910124983511778, 36.001648506697869 ], [ -78.910128363880858, 36.001648838834456 ], [ -78.910131744433642, 36.001649006146174 ], [ -78.910135124925205, 36.001649228399344 ], [ -78.91013850532498, 36.001649533064857 ], [ -78.910141885877792, 36.001649700376291 ], [ -78.910145266400008, 36.001649895158373 ], [ -78.910148646952848, 36.001650062469601 ], [ -78.910152027505703, 36.001650229780751 ], [ -78.910155408058586, 36.001650397091794 ], [ -78.910158788582777, 36.001650590156608 ], [ -78.91016216913377, 36.001650759184379 ], [ -78.910165516064765, 36.001650759928587 ], [ -78.910171871480301, 36.001651095968469 ], [ -78.910175252216774, 36.001651098454147 ], [ -78.910178632739147, 36.001651293235341 ], [ -78.910182013292115, 36.001651460545624 ], [ -78.910185391915675, 36.001651463029496 ], [ -78.910188774581613, 36.001651630341165 ], [ -78.910192153205159, 36.001651632824839 ], [ -78.910195535871139, 36.001651800136344 ], [ -78.910198916607655, 36.001651802621367 ], [ -78.910202295231201, 36.001651805104778 ], [ -78.910208652914804, 36.001652002073349 ], [ -78.910212031538364, 36.001652004556504 ], [ -78.910215414387849, 36.001652007042615 ], [ -78.910218795124379, 36.001652009527128 ], [ -78.910222175677461, 36.001652176836316 ], [ -78.910225556413991, 36.001652179320644 ], [ -78.910228937152439, 36.001652180087923 ], [ -78.910232317887065, 36.001652184288965 ], [ -78.910235698623595, 36.001652186772986 ], [ -78.910239079543544, 36.001652024432133 ], [ -78.910245401520811, 36.001652029076844 ], [ -78.910248782257341, 36.001652031560518 ], [ -78.910252196801252, 36.001652034068911 ], [ -78.910255543944331, 36.001651844231986 ], [ -78.910258924680861, 36.001651846715362 ], [ -78.910262305417362, 36.001651849198659 ], [ -78.91026568633724, 36.001651686857059 ], [ -78.91026906707377, 36.001651689340164 ], [ -78.91027244799362, 36.001651526998394 ], [ -78.91027582873204, 36.001651527764366 ], [ -78.910282184912006, 36.001651177028585 ], [ -78.910285565648479, 36.001651179511228 ], [ -78.910288946568286, 36.001651017168982 ], [ -78.910292327488065, 36.001650854826657 ], [ -78.910295708407858, 36.001650692484226 ], [ -78.910299089358148, 36.001650502670927 ], [ -78.910302470094621, 36.001650505153108 ], [ -78.91030581509402, 36.001650342784032 ], [ -78.910309231934093, 36.001650180467593 ], [ -78.910315554308283, 36.001649827988302 ], [ -78.910318935227963, 36.001649665645232 ], [ -78.910322316300324, 36.001649365948047 ], [ -78.910325697281039, 36.00164914866324 ], [ -78.910329078200689, 36.001648986319893 ], [ -78.910332459120312, 36.001648823976453 ], [ -78.910335840041824, 36.001648659915958 ], [ -78.91033922117326, 36.001648306993715 ], [ -78.910345577537782, 36.001647789712898 ], [ -78.91034895845732, 36.001647627368961 ], [ -78.910352339560035, 36.001647300200176 ], [ -78.910355720510054, 36.001647110385306 ], [ -78.910359101612727, 36.001646783216351 ], [ -78.910362482532165, 36.00164662087208 ], [ -78.910365863665305, 36.001646266232143 ], [ -78.910372186222077, 36.0016457489251 ], [ -78.910375567324607, 36.001645421755697 ], [ -78.910378948457634, 36.001645067115369 ], [ -78.910382329560107, 36.001644739945739 ], [ -78.910385708580108, 36.001644385303713 ], [ -78.910389091795494, 36.001644058135447 ], [ -78.910395414535088, 36.001643376002434 ], [ -78.910398829475298, 36.0016430213864 ], [ -78.9104039009476, 36.001642693738965 ], [ -78.910409378317894, 36.001642177527124 ], [ -78.910414450001738, 36.001641659300596 ], [ -78.910419521655001, 36.001641168544651 ], [ -78.91042503072147, 36.001640650638436 ], [ -78.910430104518099, 36.00164013241281 ], [ -78.910435176201659, 36.001639614185457 ], [ -78.910440653542977, 36.001639123726036 ], [ -78.910445725409417, 36.001638440673439 ], [ -78.910450797092793, 36.001637922445447 ], [ -78.910456308454769, 36.001637239714547 ], [ -78.910461380322857, 36.001636554944362 ], [ -78.91046644989116, 36.001636038431052 ], [ -78.910471523870143, 36.001635355378966 ], [ -78.910477001454836, 36.001634645151519 ], [ -78.910482107097565, 36.001633989592982 ], [ -78.910487145338863, 36.001633141689112 ], [ -78.910492217206425, 36.001632456917655 ], [ -78.910497728565772, 36.001631775901821 ], [ -78.910505334632006, 36.001630407932737 ], [ -78.910509969116561, 36.001629722840143 ], [ -78.910514633178707, 36.001629041202911 ], [ -78.910519267844037, 36.001628193002091 ], [ -78.910524339737691, 36.001627484192362 ], [ -78.910529005885891, 36.001626826593025 ], [ -78.910533638468436, 36.001625950919347 ], [ -78.91053830479737, 36.001625130211821 ], [ -78.910542937379731, 36.001624254537717 ], [ -78.910547603556168, 36.001623571183835 ], [ -78.910552236138329, 36.001622695509447 ], [ -78.910557308185545, 36.001621847627405 ], [ -78.910561974544464, 36.00162099944815 ], [ -78.910566607278611, 36.001619986419229 ], [ -78.91057127366777, 36.001619110768814 ], [ -78.910575906218966, 36.001618262564335 ], [ -78.910580572760196, 36.00161724955958 ], [ -78.910585205341647, 36.001616373883941 ], [ -78.910589871882635, 36.001615360878837 ], [ -78.910594504435338, 36.001614510956671 ], [ -78.910599171004648, 36.001613472197384 ], [ -78.910775418785974, 36.001573933177475 ], [ -78.911012566774218, 36.001520373216202 ], [ -78.911015950951565, 36.001519166964982 ], [ -78.911019332803747, 36.001518153007723 ], [ -78.911022748281297, 36.001517303899803 ], [ -78.91102694135725, 36.001516427887253 ], [ -78.911031165703278, 36.00151593648885 ], [ -78.911035393941859, 36.001515747272201 ], [ -78.911039180360362, 36.001515750029412 ], [ -78.911042560697382, 36.001516109611522 ], [ -78.9110459410647, 36.001516441722721 ], [ -78.911049321038277, 36.001517130954241 ], [ -78.911053545619083, 36.001518342746159 ], [ -78.91105692519902, 36.00151938909783 ], [ -78.911060304627611, 36.001520572803479 ], [ -78.911064122763904, 36.001522471069698 ], [ -78.911067535030838, 36.001524533865336 ], [ -78.911070034682282, 36.001526431171577 ], [ -78.911072565846453, 36.001528493325672 ], [ -78.911075101236676, 36.00153055548278 ], [ -78.911077194837247, 36.001532782143208 ], [ -78.911079288225977, 36.001535201099173 ], [ -78.911081009582958, 36.001537757138443 ], [ -78.911082694989489, 36.00154034062237 ], [ -78.911083945126819, 36.00154292378943 ], [ -78.911084787281766, 36.001545671484521 ], [ -78.911085629255126, 36.001548584004446 ], [ -78.911082527111262, 36.001692638730766 ], [ -78.910659503352321, 36.001686999059949 ], [ -78.910523024846569, 36.001685197706308 ], [ -78.910522143095747, 36.001718162044533 ], [ -78.910568188216871, 36.001718690234092 ], [ -78.911081647700058, 36.001725604791403 ], [ -78.911075478698393, 36.00195291960663 ], [ -78.911076058905792, 36.002193289667666 ], [ -78.910568943925952, 36.002193908454856 ], [ -78.910399907649577, 36.002194169192641 ], [ -78.910146349941087, 36.00219466974157 ], [ -78.90989032642328, 36.002193244988575 ], [ -78.909721289080352, 36.002192569061975 ], [ -78.909472634920576, 36.002191782424653 ], [ -78.909283819338356, 36.002191807193846 ], [ -78.909284544511479, 36.001847598396779 ], [ -78.909284835752899, 36.001708870974568 ], [ -78.909503903855651, 36.001710516866666 ], [ -78.909724158591004, 36.001712932425754 ], [ -78.909893192015559, 36.001716216357387 ], [ -78.90989312741489, 36.001683253042408 ], [ -78.909821691818465, 36.001681852547087 ], [ -78.909724905407671, 36.001679995464137 ], [ -78.909504348639558, 36.001677552211696 ], [ -78.909312493236015, 36.001676117102221 ], [ -78.90951012978428, 36.001466523924677 ], [ -78.909540775062837, 36.001482536355148 ] ] ], [ [ [ -78.9113502541815, 36.001473588669519 ], [ -78.911353634367188, 36.001474085597046 ], [ -78.911356980715468, 36.001474609970693 ], [ -78.911360394678326, 36.001475134393345 ], [ -78.911363774652827, 36.001475823616154 ], [ -78.911367594303343, 36.001476348332915 ], [ -78.911370974277972, 36.001477037555553 ], [ -78.911374354280952, 36.001477701024214 ], [ -78.911377734227415, 36.001478416000481 ], [ -78.911381145896513, 36.001479105245856 ], [ -78.911384899864558, 36.001479794739367 ], [ -78.911388279839485, 36.001480483961465 ], [ -78.911391659814456, 36.001481173183542 ], [ -78.911395039608436, 36.00148202723031 ], [ -78.911398419583534, 36.001482716452152 ], [ -78.911401765570403, 36.001483570474228 ], [ -78.911405179171865, 36.001484424545232 ], [ -78.911408558935975, 36.001485306062371 ], [ -78.911411938730296, 36.001486160108698 ], [ -78.911415318524718, 36.001487014154868 ], [ -78.911418698319196, 36.001487868200947 ], [ -78.9114220779026, 36.001488914542556 ], [ -78.91142545772739, 36.001489741117666 ], [ -78.911428837280809, 36.001490814929902 ], [ -78.9114322170756, 36.001491668975618 ], [ -78.911435596689472, 36.001492687846053 ], [ -78.91143857058573, 36.001493733893113 ], [ -78.911441950199787, 36.001494752763371 ], [ -78.911445327670833, 36.001495799102791 ], [ -78.911448709186928, 36.001497010269986 ], [ -78.911452088801255, 36.001498029139981 ], [ -78.911455028709639, 36.001499239986934 ], [ -78.911458408324123, 36.001500258856737 ], [ -78.911461787727646, 36.001501470022035 ], [ -78.911464761443654, 36.001502680893232 ], [ -78.911468140847376, 36.001503892058352 ], [ -78.911471520281353, 36.001505075752618 ], [ -78.911474460190277, 36.001506286599067 ], [ -78.911477839594284, 36.00150749776396 ], [ -78.911833420678235, 36.00172807087452 ], [ -78.911989708467573, 36.001824633607249 ], [ -78.912145523266574, 36.001921250737581 ], [ -78.912301338468609, 36.002017840194696 ], [ -78.91245718782163, 36.002114456944412 ], [ -78.912441229971208, 36.002393439091072 ], [ -78.911965406095945, 36.002377466256227 ], [ -78.911864426338127, 36.002373959598927 ], [ -78.911869637978839, 36.002245374199376 ], [ -78.911278850314091, 36.002244587759549 ], [ -78.911280277133798, 36.002082703283946 ], [ -78.911286450397768, 36.001482113251846 ], [ -78.911287299719092, 36.001478350365936 ], [ -78.91128855382145, 36.001475411898596 ], [ -78.911290244338844, 36.001473352814472 ], [ -78.911293223759102, 36.001471294666146 ], [ -78.911296606179747, 36.001469758755967 ], [ -78.911300833208557, 36.001468745404559 ], [ -78.911304214148856, 36.001468555563434 ], [ -78.91130799805957, 36.001468915431154 ], [ -78.911311380720178, 36.001469082711772 ], [ -78.91131475894349, 36.001469442284808 ], [ -78.911318580917751, 36.001469774709079 ], [ -78.911321961254075, 36.001470134283423 ], [ -78.911325341620625, 36.001470466386891 ], [ -78.911329127644436, 36.001470826255513 ], [ -78.911332505898116, 36.00147115835729 ], [ -78.911335888136151, 36.001471710228422 ], [ -78.911339707816481, 36.001472207475238 ], [ -78.911343088183202, 36.001472539578259 ], [ -78.911346468338621, 36.001473063976739 ], [ -78.9113502541815, 36.001473588669519 ] ] ], [ [ [ -78.9140864, 36.0023321 ], [ -78.9134879, 36.0017075 ], [ -78.9134559, 36.0016594 ], [ -78.9136387, 36.0010681 ], [ -78.9139311, 36.0002697 ], [ -78.9167317, 36.0019588 ], [ -78.9163022, 36.0024984 ], [ -78.9172982, 36.0030085 ], [ -78.9167637, 36.0037292 ], [ -78.9156909, 36.0032165 ], [ -78.9155804, 36.0031637 ], [ -78.9154662, 36.0033042 ], [ -78.9145479, 36.0027682 ], [ -78.9146392, 36.0026278 ], [ -78.9140864, 36.0023321 ] ] ], [ [ [ -78.9082165176752, 36.001296148059609 ], [ -78.908216106750004, 36.001298894833397 ], [ -78.90821566624335, 36.001301641584952 ], [ -78.908215663117616, 36.001304388665112 ], [ -78.908215254524094, 36.001306943144854 ], [ -78.908215251398332, 36.001309690224993 ], [ -78.908214808778681, 36.001312436974963 ], [ -78.908214399966269, 36.0013151837503 ], [ -78.908214396842439, 36.001317929113512 ], [ -78.908213954220756, 36.001320677580388 ], [ -78.908213951282505, 36.001323259835672 ], [ -78.908213542470008, 36.001326006610988 ], [ -78.908213539344217, 36.001328753691112 ], [ -78.908213060804229, 36.001331500414082 ], [ -78.908212685798858, 36.001334247214778 ], [ -78.908212684817244, 36.001336966825662 ], [ -78.908212242351667, 36.001339577938509 ], [ -78.90821223922778, 36.001342323301699 ], [ -78.908211830415112, 36.001345070076979 ], [ -78.908211827289264, 36.001347817157082 ], [ -78.908211384669272, 36.001350563906996 ], [ -78.908211381543396, 36.001353310987085 ], [ -78.908210972730657, 36.001356057762379 ], [ -78.908210969792322, 36.001358640017635 ], [ -78.908210527203494, 36.001361359296737 ], [ -78.908210524046339, 36.001364133847602 ], [ -78.908210081426262, 36.001366880597473 ], [ -78.908210078300328, 36.001369627677541 ], [ -78.908209669485501, 36.001372376169762 ], [ -78.908209666578344, 36.001374930954235 ], [ -78.908209257767396, 36.001377676012602 ], [ -78.908209254639502, 36.00138042480954 ], [ -78.908208812021186, 36.00138316984247 ], [ -78.908208808895225, 36.001385916922537 ], [ -78.90820839796929, 36.00138866369619 ], [ -78.908208396956255, 36.001391410777835 ], [ -78.908207954523462, 36.001393992702859 ], [ -78.908207951397458, 36.001396739782891 ], [ -78.908207948271468, 36.001399486862958 ], [ -78.908207539458388, 36.001402233638174 ], [ -78.908207536363633, 36.001404953247381 ], [ -78.908207127519205, 36.001407727493408 ], [ -78.908207122280231, 36.001410474571863 ], [ -78.90820668196028, 36.001413056498471 ], [ -78.908206678834247, 36.001415803578503 ], [ -78.908206675708215, 36.001418550658521 ], [ -78.90820623308764, 36.001421297408278 ], [ -78.908206229961607, 36.001424044488346 ], [ -78.908206226835532, 36.001426791568342 ], [ -78.908205815909298, 36.001429538341959 ], [ -78.908205814896192, 36.001432285423533 ], [ -78.908205372463101, 36.001434867348529 ], [ -78.908205369336997, 36.001437614428518 ], [ -78.908205366212869, 36.001440359791573 ], [ -78.908204957397558, 36.001443108283688 ], [ -78.90820495427144, 36.00144585536367 ], [ -78.908204951145336, 36.001448602443666 ], [ -78.908204508524548, 36.001451349193417 ], [ -78.908204505617263, 36.001453903977854 ], [ -78.908204502491145, 36.001456651057815 ], [ -78.908204059870371, 36.001459397807572 ], [ -78.908204056744225, 36.001462144887526 ], [ -78.908204053618093, 36.001464891967515 ], [ -78.908203644804487, 36.001467638742682 ], [ -78.908203641678341, 36.001470385822643 ], [ -78.908203638552195, 36.001473132902575 ], [ -78.908203635613631, 36.001475715157753 ], [ -78.908203226800012, 36.001478461932884 ], [ -78.908203223673851, 36.00148120901283 ], [ -78.908203220547691, 36.001483956092756 ], [ -78.908202777926661, 36.001486702842485 ], [ -78.908202774800472, 36.001489449922438 ], [ -78.908202771674311, 36.001492197002392 ], [ -78.908202768735691, 36.001494779257492 ], [ -78.908202359921958, 36.001497526032601 ], [ -78.908202356795755, 36.001500273112562 ], [ -78.908202353669566, 36.001503020192487 ], [ -78.908202350512113, 36.001505794743217 ], [ -78.908201907922205, 36.001508514022106 ], [ -78.908201904795973, 36.001511261102031 ], [ -78.908201901669784, 36.001514008181935 ], [ -78.908201896618181, 36.001516590435486 ], [ -78.908201895604932, 36.001519337516953 ], [ -78.908201484678088, 36.001522084290457 ], [ -78.908201483664826, 36.001524831371952 ], [ -78.908201480538594, 36.001527578451864 ], [ -78.908201477412362, 36.00153032553176 ], [ -78.908201474288106, 36.001533070894709 ], [ -78.908201065472127, 36.001535819386696 ], [ -78.908201060201662, 36.001538593935855 ], [ -78.908201059438483, 36.001541121250909 ], [ -78.908201054199282, 36.001543868329229 ], [ -78.908201053184058, 36.001546617127623 ], [ -78.908201047915554, 36.001549389959777 ], [ -78.908201046933542, 36.001552109570447 ], [ -78.9082006043121, 36.001554856320091 ], [ -78.90820060118584, 36.001557603399924 ], [ -78.908200598059594, 36.001560350479807 ], [ -78.908200593007948, 36.001562932733272 ], [ -78.908200589881716, 36.00156567981314 ], [ -78.908200588868411, 36.001568426894615 ], [ -78.908200583629196, 36.00157117397287 ], [ -78.908200582615905, 36.001573921054309 ], [ -78.908200579489645, 36.00157666813417 ], [ -78.908200136868018, 36.001579414883764 ], [ -78.90820013371048, 36.001582189434416 ], [ -78.908200130803039, 36.001584744218661 ], [ -78.908200127676778, 36.001587491298487 ], [ -78.908200124550504, 36.001590238378348 ], [ -78.908200121455479, 36.001592957987356 ], [ -78.908200118297955, 36.001595732537993 ], [ -78.908200115171681, 36.001598479617805 ], [ -78.908200112045421, 36.001601226697623 ], [ -78.908200108919146, 36.001603973777449 ], [ -78.908200105792858, 36.001606720857296 ], [ -78.908200100741212, 36.001609303110705 ], [ -78.908200099727907, 36.001612050192087 ], [ -78.908200096601632, 36.001614797271941 ], [ -78.908200093475372, 36.001617544351738 ], [ -78.908200090349112, 36.001620291431543 ], [ -78.908200087222809, 36.001623038511298 ], [ -78.908200084127799, 36.001625758120333 ], [ -78.908200080970275, 36.001628532670885 ], [ -78.908200078062833, 36.001631087455145 ], [ -78.908200074936559, 36.001633834534921 ], [ -78.908200071841549, 36.001636554143865 ], [ -78.90820006868401, 36.001639328694509 ], [ -78.908200065557722, 36.001642075774257 ], [ -78.908200062431462, 36.001644822854026 ], [ -78.908200059305173, 36.001647569933809 ], [ -78.908200056178913, 36.001650317013592 ], [ -78.908200053240222, 36.001652899268549 ], [ -78.908200050113933, 36.001655646348318 ], [ -78.908200046987659, 36.001658393428066 ], [ -78.908200043861385, 36.001661140507835 ], [ -78.908200038622155, 36.001663887585977 ], [ -78.908200037610783, 36.001666632950425 ], [ -78.908200034513825, 36.001669354276281 ], [ -78.908200031356273, 36.001672128826819 ], [ -78.908200467725891, 36.001674876236827 ], [ -78.908200464787214, 36.00167745849177 ], [ -78.908200461660925, 36.001680205571525 ], [ -78.908200458534679, 36.001682952651223 ], [ -78.908200455408434, 36.001685699730956 ], [ -78.908200452284106, 36.00168844509377 ], [ -78.908200449155899, 36.001691193890416 ], [ -78.908200446029625, 36.001693940970156 ], [ -78.908200440790409, 36.001696688048263 ], [ -78.908200879460651, 36.001699270635029 ], [ -78.90820087422145, 36.001702017713129 ], [ -78.908200873208173, 36.001704764794482 ], [ -78.908197676172577, 36.002998939889203 ], [ -78.908194006434002, 36.00438159738632 ], [ -78.907029304755952, 36.004377639912491 ], [ -78.905735695815167, 36.004373379648847 ], [ -78.905735979001506, 36.004129246925345 ], [ -78.905736483641462, 36.004075322143876 ], [ -78.905736949951603, 36.004023457641338 ], [ -78.905737006098889, 36.00397541126199 ], [ -78.905737497581001, 36.003930936421227 ], [ -78.905738010538812, 36.003868083632668 ], [ -78.905738489880207, 36.003805065991813 ], [ -78.905738544646056, 36.003758200851593 ], [ -78.905742006717603, 36.003688674929727 ], [ -78.905749681807009, 36.003630277930135 ], [ -78.905758188577479, 36.003583446777448 ], [ -78.905764137518119, 36.003555623444896 ], [ -78.905775580799371, 36.003512887703998 ], [ -78.905787457258, 36.003473750970457 ], [ -78.905799333311435, 36.003438570030411 ], [ -78.905813337151713, 36.003403390729076 ], [ -78.905829440704906, 36.003365108843411 ], [ -78.905844251327466, 36.003333858484339 ], [ -78.905872204884716, 36.003280833902174 ], [ -78.905915393035386, 36.003209800197645 ], [ -78.905947158830699, 36.00316361876208 ], [ -78.905981432559599, 36.003112137381919 ], [ -78.906053847812075, 36.002997310175289 ], [ -78.906096591543189, 36.002930231853554 ], [ -78.9070326843472, 36.00144719406763 ], [ -78.907414964766915, 36.000837795122834 ], [ -78.907691443653917, 36.000392290079311 ], [ -78.908260265056356, 36.00073063898062 ], [ -78.908424555414086, 36.000828421042421 ], [ -78.908396177705939, 36.000872023445496 ], [ -78.908377546807174, 36.000902749332582 ], [ -78.908356816133164, 36.000938610686354 ], [ -78.908338185527967, 36.00097277042039 ], [ -78.908320803281853, 36.001007260737886 ], [ -78.908297112422801, 36.001057899163911 ], [ -78.908279725413223, 36.001098405582049 ], [ -78.908263178327829, 36.001141659710406 ], [ -78.908247068593141, 36.00118678218049 ], [ -78.908232646637245, 36.001234158523062 ], [ -78.908216518719215, 36.001293373507124 ], [ -78.9082165176752, 36.001296148059609 ] ] ], [ [ [ -78.913278690042887, 36.00213306369043 ], [ -78.913280783719941, 36.002135290312538 ], [ -78.913282913494868, 36.002137352135385 ], [ -78.913285007172121, 36.002139578757401 ], [ -78.913286695335856, 36.00214164026675 ], [ -78.913288822820988, 36.002143866912753 ], [ -78.913290916469009, 36.002146121005445 ], [ -78.913293044133383, 36.002148181109661 ], [ -78.913294732118487, 36.002150409160564 ], [ -78.913296825796408, 36.002152635782373 ], [ -78.913298953488763, 36.002154670132619 ], [ -78.913301047107865, 36.002156951695987 ], [ -78.913303140963322, 36.002159013492928 ], [ -78.913305268449292, 36.002161240138634 ], [ -78.913306956436855, 36.00216346647241 ], [ -78.913309050292639, 36.002165528269245 ], [ -78.913311177778951, 36.002167754914836 ], [ -78.913313305442543, 36.002169816735595 ], [ -78.913315396978987, 36.002172070826376 ], [ -78.913317084937532, 36.002174324630808 ], [ -78.913319212630995, 36.002176358980677 ], [ -78.913321308423221, 36.002178585603545 ], [ -78.913323433974412, 36.002180647422662 ], [ -78.913325527653896, 36.002182874043996 ], [ -78.913327657431239, 36.002184935865991 ], [ -78.913329751081449, 36.002187189958001 ], [ -78.913331439247315, 36.002189251466667 ], [ -78.913333566734906, 36.002191478111826 ], [ -78.913335660592054, 36.002193539908184 ], [ -78.913337788079886, 36.002195766553299 ], [ -78.913339881760166, 36.002197993174349 ], [ -78.913342043232859, 36.002200055018577 ], [ -78.913344103076298, 36.002202309086364 ], [ -78.913345791242861, 36.002204370594804 ], [ -78.913347952536981, 36.002206598980592 ], [ -78.913350012589163, 36.002208659035823 ], [ -78.913352137964807, 36.002210885679162 ], [ -78.913354233937739, 36.002212945759744 ], [ -78.913356359311777, 36.002215174119954 ], [ -78.913358455283088, 36.002217235917414 ], [ -78.913360582951043, 36.002219296020392 ], [ -78.913362642823159, 36.002221524334011 ], [ -78.913364364766807, 36.002223615053857 ], [ -78.913366490145094, 36.002225839979992 ], [ -78.913368552309365, 36.002227901753294 ], [ -78.913370713606596, 36.002230128421758 ], [ -78.91337280746383, 36.002232191934368 ], [ -78.913374932842586, 36.002234416860389 ], [ -78.913377028814878, 36.00223647865748 ], [ -78.913379154369011, 36.00223854047556 ], [ -78.913381248022034, 36.002240794566674 ], [ -78.913383375689364, 36.002242856386133 ], [ -78.9133854714851, 36.002245083007907 ], [ -78.913387597010171, 36.002247172296642 ], [ -78.913389690722639, 36.002249371445991 ], [ -78.913391378891376, 36.002251432953734 ], [ -78.9133935086722, 36.00225349477455 ], [ -78.913395636163159, 36.002255721418564 ], [ -78.91339772791062, 36.002257783212357 ], [ -78.913399823884092, 36.002259845009057 ], [ -78.913401951345946, 36.002262099123762 ], [ -78.913404043093706, 36.00226416091742 ], [ -78.913406172698259, 36.002266387562734 ], [ -78.913408266559202, 36.002268449357807 ], [ -78.913410394227938, 36.00227051117681 ], [ -78.913412485799185, 36.002272737795067 ], [ -78.913414615581132, 36.002274799615492 ], [ -78.913416709440668, 36.002276863127335 ], [ -78.913418836934781, 36.002279088054003 ], [ -78.913420928683408, 36.002281149847356 ], [ -78.913423058465767, 36.002283211667617 ], [ -78.913425150008209, 36.002285465756415 ], [ -78.913427279790824, 36.002287527576613 ], [ -78.913429373682334, 36.00228956190054 ], [ -78.913431534953389, 36.002291816038614 ], [ -78.913433592895061, 36.00229387780778 ], [ -78.913435722678116, 36.002295939627849 ], [ -78.913437816570038, 36.002297973951585 ], [ -78.913439944033982, 36.002300228065579 ], [ -78.913442035783675, 36.002302289858534 ], [ -78.913444165567157, 36.002304351678433 ], [ -78.913446293060858, 36.002306578321523 ], [ -78.913448386923903, 36.002308640115892 ], [ -78.913450478674051, 36.002310701908684 ], [ -78.913452608457973, 36.002312763728405 ], [ -78.913454700002021, 36.002315017816706 ], [ -78.913456829786128, 36.002317079636349 ], [ -78.913458923649699, 36.002319141430512 ], [ -78.913461051291591, 36.002321230719382 ], [ -78.91346314289504, 36.002323429865953 ], [ -78.913465272679588, 36.002325491685447 ], [ -78.913467366541752, 36.002327555196366 ], [ -78.913469897764713, 36.002329643054011 ], [ -78.91347202757909, 36.00233167740258 ], [ -78.913474119153634, 36.002333904019736 ], [ -78.913476282746373, 36.002335965862969 ], [ -78.913478342832761, 36.002338000162027 ], [ -78.913480470475662, 36.002340089450556 ], [ -78.913482562227443, 36.0023421512428 ], [ -78.913484691836231, 36.002344377886708 ], [ -78.913486785730655, 36.002346412209555 ], [ -78.913488913373996, 36.002348501497927 ], [ -78.913491041045035, 36.00235056503238 ], [ -78.913493134912201, 36.00235262510899 ], [ -78.91349522877762, 36.002354686902507 ], [ -78.913497761936554, 36.0023569413027 ], [ -78.913499889609909, 36.002359003120077 ], [ -78.913501981362685, 36.002361064911995 ], [ -78.913504111149237, 36.002363126730742 ], [ -78.913506205015196, 36.00236518852406 ], [ -78.913508332718422, 36.002367222870504 ], [ -78.913510426555149, 36.002369312134498 ], [ -78.913512554229158, 36.00237137395164 ], [ -78.913514647918831, 36.00237360056957 ], [ -78.913517179201548, 36.002375635201531 ], [ -78.913519308959422, 36.002377724490827 ], [ -78.913521402826134, 36.002379786283861 ], [ -78.913523530500726, 36.002381848100782 ], [ -78.913525622254667, 36.002383909892288 ], [ -78.913527752042427, 36.002385971710616 ], [ -78.91352984379661, 36.002388033502022 ], [ -78.913531973584597, 36.002390095320315 ], [ -78.913534506951791, 36.002392157424183 ], [ -78.913536600819285, 36.002394219216953 ], [ -78.91353869468692, 36.00239628100968 ], [ -78.913540820072669, 36.002398507649552 ], [ -78.913542949859377, 36.002400571184552 ], [ -78.91354504372913, 36.002402631260281 ], [ -78.913547543289411, 36.002404693339912 ], [ -78.913549704772961, 36.002406755180296 ], [ -78.913551798641208, 36.002408816972803 ], [ -78.913553926346765, 36.00241085131838 ], [ -78.913556018072796, 36.002412940580122 ], [ -78.913558147862119, 36.002415002397903 ], [ -78.913560681230763, 36.002417064501245 ], [ -78.913562775099564, 36.002419126293532 ], [ -78.913564902776216, 36.002421188109729 ], [ -78.913566996645244, 36.002423249901945 ], [ -78.913569124322123, 36.002425311718035 ], [ -78.91357169149903, 36.00242737384503 ], [ -78.913573751560733, 36.002429435613223 ], [ -78.913575879237939, 36.002431497429193 ], [ -78.913577973107508, 36.002433559221217 ], [ -78.913580100784941, 36.002435621037122 ], [ -78.913582634331377, 36.002437518315226 ], [ -78.913584728201272, 36.002439580107129 ], [ -78.913586855879046, 36.0024416419229 ], [ -78.913588949778571, 36.002443676243928 ], [ -78.913591077427128, 36.002445765530481 ], [ -78.913593610797591, 36.002447827633056 ], [ -78.913595704668026, 36.002449889424746 ], [ -78.913597832346341, 36.002451951240367 ], [ -78.913599926217003, 36.002454013031993 ], [ -78.913602459587949, 36.00245607513439 ], [ -78.91360458726659, 36.002458136949862 ], [ -78.91360668113758, 36.002460198741382 ], [ -78.913608808816463, 36.002462260556754 ], [ -78.913611342364405, 36.002464157834254 ], [ -78.913613436235721, 36.002466219625639 ], [ -78.913615563914917, 36.002468281440876 ], [ -78.91361765778646, 36.00247034323219 ], [ -78.913620191158358, 36.002472405334267 ], [ -78.913622285030172, 36.00247446712546 ], [ -78.913624412739196, 36.002476501469822 ], [ -78.913626540595416, 36.00247839846012 ], [ -78.913629073967812, 36.002480460561955 ], [ -78.913631201620163, 36.002482548130786 ], [ -78.9136332955201, 36.002484584167988 ], [ -78.91363538939251, 36.002486645958996 ], [ -78.913637922765375, 36.002488708060653 ], [ -78.913640050622263, 36.002490605050703 ], [ -78.913642144495, 36.002492666841569 ], [ -78.913644677868234, 36.002494728943084 ], [ -78.913646805549007, 36.00249679075776 ], [ -78.913648899422057, 36.002498852548541 ], [ -78.913651432972117, 36.00250074982516 ], [ -78.913653560655035, 36.002502809922809 ], [ -78.913655654526593, 36.002504873430375 ], [ -78.913657782178475, 36.002506962715657 ], [ -78.913660315581964, 36.002508997346006 ], [ -78.913662409632124, 36.002510894311797 ], [ -78.913664537343166, 36.002512928655428 ], [ -78.913667036880454, 36.002515018203304 ], [ -78.913669164562279, 36.002517080017597 ], [ -78.913671292420631, 36.002518977007099 ], [ -78.91367382582483, 36.002521011637221 ], [ -78.913675953506981, 36.002523073451371 ], [ -78.913678047381509, 36.002525135241612 ], [ -78.913681794046525, 36.002528764035723 ], [ -78.913683957855568, 36.00253063357966 ], [ -78.91368605190867, 36.002532528828056 ], [ -78.913689868330422, 36.00253613191736 ], [ -78.913690206055065, 36.002536461805633 ], [ -78.913693650740797, 36.00253992556123 ], [ -78.913697464875753, 36.002543691756614 ], [ -78.91370124957615, 36.002547320576987 ], [ -78.913703377465453, 36.002549190095117 ], [ -78.913707159906465, 36.002552956267728 ], [ -78.913710976331956, 36.002556557639444 ], [ -78.913714792522654, 36.002560378777304 ], [ -78.913718572851792, 36.002564144948103 ], [ -78.913722357583495, 36.002567746297025 ], [ -78.913724485444448, 36.002569643285568 ], [ -78.913728267858019, 36.002573436928316 ], [ -78.913732084285428, 36.002577038299286 ], [ -78.913734178339027, 36.002578935263791 ], [ -78.91373799459069, 36.002582701459318 ], [ -78.913741777211143, 36.002586302806144 ], [ -78.913745593434143, 36.002590096472176 ], [ -78.913749376055279, 36.002593697818753 ], [ -78.913751503919386, 36.002595593089893 ], [ -78.913755286362999, 36.002599360977911 ], [ -78.913759100650466, 36.002602989817277 ], [ -78.913762885209579, 36.002606755989618 ], [ -78.913765013072535, 36.002608652977429 ], [ -78.913768793582406, 36.002612254321896 ], [ -78.913772611920876, 36.002616047988525 ], [ -78.913776394544428, 36.002619649334221 ], [ -78.913778522406218, 36.002621548038711 ], [ -78.913782304855928, 36.002625312492029 ], [ -78.913786121288226, 36.002628913861251 ], [ -78.913789901594484, 36.002632707500474 ], [ -78.913792031569884, 36.002634606206207 ], [ -78.913795814197016, 36.002638205834351 ], [ -78.91394403012049, 36.002762615732649 ], [ -78.914138262311738, 36.002915737314673 ], [ -78.913843039459735, 36.002737134057746 ], [ -78.913754352848699, 36.002681965041617 ], [ -78.913607384165346, 36.002592938193949 ], [ -78.913144122026637, 36.002304825506386 ], [ -78.913140304543887, 36.00230224053594 ], [ -78.913137365673606, 36.002300015027537 ], [ -78.91313398822497, 36.002296934178226 ], [ -78.913130608868812, 36.002293662748642 ], [ -78.913127639607964, 36.002290226785718 ], [ -78.913125107733663, 36.002286791133727 ], [ -78.913122576242358, 36.002283000078329 ], [ -78.913120923723753, 36.002279233684867 ], [ -78.913119203795276, 36.002275276664683 ], [ -78.913117991157065, 36.002271156897265 ], [ -78.913116677099808, 36.002267033623873 ], [ -78.913116275846662, 36.002262912716517 ], [ -78.913115840785863, 36.002258791785131 ], [ -78.913115845222364, 36.002254672883218 ], [ -78.913116289339129, 36.002250386035215 ], [ -78.913117136854822, 36.002246266015916 ], [ -78.913118394108352, 36.002242312829814 ], [ -78.91311968323582, 36.002238193124533 ], [ -78.913121377671686, 36.002234429111091 ], [ -78.913123478003925, 36.002230474807504 ], [ -78.913125610841846, 36.002227729242769 ], [ -78.913128150286141, 36.002224134088834 ], [ -78.913131095070128, 36.002220865438979 ], [ -78.913214449930408, 36.002138347411801 ], [ -78.913250833793626, 36.002102468897029 ], [ -78.91325255555644, 36.002104722726415 ], [ -78.913254615424478, 36.002106949325004 ], [ -78.913256743085043, 36.002109011146828 ], [ -78.913258836760832, 36.002111237769377 ], [ -78.913260524716534, 36.00211349157459 ], [ -78.913262652406956, 36.002115525925511 ], [ -78.913264746053514, 36.0021177800187 ], [ -78.91326687353741, 36.002120006665102 ], [ -78.91326856152304, 36.00212223299944 ], [ -78.913270655376706, 36.002124294796985 ], [ -78.91327278074796, 36.002126521441774 ], [ -78.913274876508083, 36.002128775536306 ], [ -78.913276564671335, 36.002130837045748 ], [ -78.913278690042887, 36.00213306369043 ] ] ], [ [ [ -78.9289917, 36.0062715 ], [ -78.9278741, 36.005927 ], [ -78.9262257, 36.0055659 ], [ -78.9238396, 36.0051146 ], [ -78.9233074, 36.0047535 ], [ -78.9228954, 36.0043369 ], [ -78.9224277, 36.0035952 ], [ -78.921542, 36.00316 ], [ -78.9194753, 36.0023353 ], [ -78.9201118, 36.001645 ], [ -78.9211953, 36.0004179 ], [ -78.9211953, 35.9997386 ], [ -78.9216151, 35.9997276 ], [ -78.9235566, 36.0000993 ], [ -78.9220279, 36.0020159 ], [ -78.9230393, 36.0025054 ], [ -78.9234827, 36.0026772 ], [ -78.9237414, 36.0027626 ], [ -78.9240665, 36.002916 ], [ -78.9247436, 36.0031241 ], [ -78.9249868, 36.0024799 ], [ -78.9256091, 36.0025554 ], [ -78.9259358, 36.0014982 ], [ -78.926107, 36.0009444 ], [ -78.9261827, 36.0004485 ], [ -78.9267428, 36.0002913 ], [ -78.9273863, 36.0001106 ], [ -78.9272202, 36.0007825 ], [ -78.9268049, 36.0026384 ], [ -78.9269503, 36.0028148 ], [ -78.9277496, 36.0029324 ], [ -78.9279987, 36.0026888 ], [ -78.9280091, 36.0022102 ], [ -78.9279572, 36.0014879 ], [ -78.9279053, 36.001026 ], [ -78.9274382, 36.0009001 ], [ -78.9275731, 36.000203 ], [ -78.9278338, 35.9996732 ], [ -78.9280205, 35.998251 ], [ -78.9300896, 35.9985405 ], [ -78.9301207, 35.9991824 ], [ -78.9301653, 36.000136 ], [ -78.9301106, 36.0014687 ], [ -78.9300649, 36.0022238 ], [ -78.9300185, 36.0031866 ], [ -78.9300017, 36.0036775 ], [ -78.9301093, 36.0036761 ], [ -78.9319546, 36.0037178 ], [ -78.9318074, 36.0051965 ], [ -78.9318055, 36.0052507 ], [ -78.9326544, 36.0052669 ], [ -78.9331332, 36.005306 ], [ -78.9333317, 36.0053418 ], [ -78.9333938, 36.0053626 ], [ -78.9332675, 36.0056742 ], [ -78.9331947, 36.0058908 ], [ -78.9326666, 36.0077016 ], [ -78.9317225, 36.007535 ], [ -78.9297925, 36.0065437 ], [ -78.929629, 36.0064995 ], [ -78.9289917, 36.0062715 ] ] ], [ [ [ -78.9182165, 36.0043797 ], [ -78.9179449, 36.0042595 ], [ -78.9180466, 36.0041133 ], [ -78.9181211, 36.0041426 ], [ -78.9181708, 36.0040655 ], [ -78.9182211, 36.0039546 ], [ -78.9184358, 36.0040692 ], [ -78.9182165, 36.0043797 ] ] ], [ [ [ -78.9411128, 36.0086246 ], [ -78.94076, 36.0085444 ], [ -78.9402255, 36.0083483 ], [ -78.9386216, 36.0081574 ], [ -78.937538, 36.0079925 ], [ -78.9370713, 36.0079534 ], [ -78.9366045, 36.0079665 ], [ -78.93536, 36.007845 ], [ -78.9342335, 36.0077191 ], [ -78.9328763, 36.0075651 ], [ -78.9333054, 36.0059421 ], [ -78.9334986, 36.0054474 ], [ -78.9342388, 36.0044926 ], [ -78.9346251, 36.0039892 ], [ -78.9348826, 36.0036139 ], [ -78.9349405, 36.0035275 ], [ -78.9351883, 36.0031582 ], [ -78.9354619, 36.0027936 ], [ -78.9360091, 36.002581 ], [ -78.9361754, 36.0025072 ], [ -78.9370605, 36.0028891 ], [ -78.9375165, 36.0031061 ], [ -78.937571, 36.0032157 ], [ -78.9375197, 36.0034573 ], [ -78.9375196, 36.0035465 ], [ -78.937536, 36.0036558 ], [ -78.9378333, 36.0038368 ], [ -78.9381598, 36.0039428 ], [ -78.9383429, 36.0040053 ], [ -78.9388576, 36.0041433 ], [ -78.9392385, 36.004191 ], [ -78.9394423, 36.0042952 ], [ -78.9397427, 36.0045859 ], [ -78.9400592, 36.0050026 ], [ -78.9404455, 36.0056448 ], [ -78.94066, 36.006005 ], [ -78.9406493, 36.0062697 ], [ -78.9406815, 36.0063305 ], [ -78.9409122, 36.0063825 ], [ -78.9413467, 36.0068035 ], [ -78.9416578, 36.0071116 ], [ -78.9419046, 36.0073633 ], [ -78.9421406, 36.0076801 ], [ -78.9423337, 36.0080749 ], [ -78.9425108, 36.0084785 ], [ -78.9425108, 36.0086564 ], [ -78.9425021, 36.0086984 ], [ -78.9424579, 36.0087272 ], [ -78.9424089, 36.0087418 ], [ -78.9422815, 36.0087402 ], [ -78.942024, 36.0087331 ], [ -78.9416063, 36.0087027 ], [ -78.9411128, 36.0086246 ] ] ], [ [ [ -78.9194934, 36.0098486 ], [ -78.9172121, 36.0097637 ], [ -78.917065, 36.0097574 ], [ -78.9164092, 36.0097322 ], [ -78.9163288, 36.0097291 ], [ -78.9150897, 36.0096804 ], [ -78.914972, 36.0096769 ], [ -78.9147904, 36.0096699 ], [ -78.9146936, 36.0096662 ], [ -78.9139735, 36.0096212 ], [ -78.9138831, 36.0096214 ], [ -78.9124746, 36.0095809 ], [ -78.9124574, 36.0092129 ], [ -78.9124574, 36.0088032 ], [ -78.9123801, 36.0085394 ], [ -78.9122686, 36.0081853 ], [ -78.9122428, 36.0078381 ], [ -78.9122686, 36.0073799 ], [ -78.9123458, 36.0062204 ], [ -78.9124831, 36.0041929 ], [ -78.9125518, 36.0031583 ], [ -78.9125863, 36.0029804 ], [ -78.9127124, 36.0026428 ], [ -78.9127724, 36.0025481 ], [ -78.9128034, 36.0024963 ], [ -78.9129037, 36.0024292 ], [ -78.9129638, 36.0024309 ], [ -78.914938, 36.0036232 ], [ -78.9173237, 36.0048664 ], [ -78.9179944, 36.0052167 ], [ -78.9183494, 36.0054 ], [ -78.9186997, 36.0055801 ], [ -78.9189823, 36.0057166 ], [ -78.9192924, 36.0058634 ], [ -78.9195416, 36.0059692 ], [ -78.9196326, 36.0060068 ], [ -78.9196952, 36.0060284 ], [ -78.9196586, 36.0066786 ], [ -78.9196435, 36.0073323 ], [ -78.9196203, 36.0074974 ], [ -78.9196151, 36.0076084 ], [ -78.9195747, 36.008408 ], [ -78.9194989, 36.0097567 ], [ -78.9194934, 36.0098486 ] ] ], [ [ [ -78.902609481884028, 35.988338946091019 ], [ -78.902733312332359, 35.988325254333674 ], [ -78.902855941401683, 35.988305684425349 ], [ -78.90297694857631, 35.988280302996017 ], [ -78.903095915427585, 35.9882491989991 ], [ -78.903239078747788, 35.988208591931468 ], [ -78.903864491736314, 35.988031197495644 ], [ -78.903703364456291, 35.988416100223297 ], [ -78.903387065194011, 35.989171653871033 ], [ -78.903357619800417, 35.989104203112376 ], [ -78.903320075603744, 35.989039462126165 ], [ -78.903274807901894, 35.988978069901947 ], [ -78.903222265967173, 35.988920634582442 ], [ -78.903162962493283, 35.988867724870381 ], [ -78.902780158762866, 35.988559062675819 ], [ -78.902736408571357, 35.988520475782408 ], [ -78.902697159892298, 35.988478813993524 ], [ -78.902662741874678, 35.988434422679852 ], [ -78.902633432931353, 35.988387672925107 ], [ -78.902609481884028, 35.988338946091019 ] ] ], [ [ [ -78.906366303058419, 35.987557398601865 ], [ -78.906369680016155, 35.987560148287827 ], [ -78.906372213699527, 35.987563199508038 ], [ -78.906374744983594, 35.987566497965119 ], [ -78.906377276299736, 35.987569768951197 ], [ -78.906378962388217, 35.987573204115236 ], [ -78.906380648285577, 35.987576804104975 ], [ -78.906381928565509, 35.987580403783767 ], [ -78.906383613251876, 35.987585047669498 ], [ -78.906384015681908, 35.987587795075271 ], [ -78.906384857722387, 35.98759037799217 ], [ -78.906385699571672, 35.987593125734691 ], [ -78.906386541421014, 35.987595873477233 ], [ -78.906387383270399, 35.987598621219796 ], [ -78.906387819502186, 35.98760136865144 ], [ -78.90638866135167, 35.987604116393968 ], [ -78.906389503392461, 35.987606699310803 ], [ -78.906390345242087, 35.987609447053266 ], [ -78.906390747672461, 35.987612194459025 ], [ -78.906391589522173, 35.987614942201482 ], [ -78.906392431371955, 35.987617689943988 ], [ -78.906393273189906, 35.987620465157427 ], [ -78.906393709676962, 35.987622992821471 ], [ -78.906394551526901, 35.9876257405639 ], [ -78.906395393376869, 35.987628488306349 ], [ -78.906395829577164, 35.987631263208897 ], [ -78.906396637657608, 35.987633983454508 ], [ -78.906397479507746, 35.987636731196915 ], [ -78.906398321549162, 35.987639314113622 ], [ -78.906398721869408, 35.98764205980077 ], [ -78.906399599631811, 35.987644809287616 ], [ -78.906400441482177, 35.987647557030002 ], [ -78.90640084391309, 35.987650304435682 ], [ -78.906401719565054, 35.987653052203953 ], [ -78.906402527614063, 35.987655799920418 ], [ -78.906402963846645, 35.98765854735197 ], [ -78.906403805888473, 35.987661130268627 ], [ -78.906404645626537, 35.987663878009371 ], [ -78.906405050170278, 35.987666625416608 ], [ -78.906405892021041, 35.987669373158944 ], [ -78.906406328255827, 35.987672118873547 ], [ -78.9064071701047, 35.987674868332789 ], [ -78.906408011955619, 35.987677616075089 ], [ -78.906408414386945, 35.987680363480699 ], [ -78.90640925623795, 35.987683111223006 ], [ -78.906409692662137, 35.987685693828809 ], [ -78.90641053448141, 35.987688469042041 ], [ -78.906411376364446, 35.987691189313381 ], [ -78.906411778795956, 35.987693936718955 ], [ -78.906412620647231, 35.987696684461206 ], [ -78.906413056880396, 35.987699431892686 ], [ -78.906413898731785, 35.98770217963493 ], [ -78.906414301163423, 35.987704927040461 ], [ -78.906415143014911, 35.987707674782698 ], [ -78.906415984866442, 35.987710422524891 ], [ -78.906416421099792, 35.987713169956365 ], [ -78.906417263174475, 35.987715725401955 ], [ -78.906417665606313, 35.987718472807508 ], [ -78.906418507458056, 35.987721220549673 ], [ -78.906418943691548, 35.987723967981097 ], [ -78.906419785543378, 35.987726715723291 ], [ -78.906420187975357, 35.987729463128822 ], [ -78.906421029827285, 35.987732210870952 ], [ -78.90642146606092, 35.987734958302362 ], [ -78.906422307912976, 35.987737706044499 ], [ -78.906422710313208, 35.987740480920927 ], [ -78.906423552197225, 35.987743201192131 ], [ -78.906423988432991, 35.987745946906593 ], [ -78.906424390863208, 35.987748696029016 ], [ -78.906425232715492, 35.987751443771103 ], [ -78.906425668949367, 35.987754191202484 ], [ -78.906426510801751, 35.987756938944564 ], [ -78.906426913425278, 35.987759521524332 ], [ -78.906427755277747, 35.987762269266426 ], [ -78.906428191511779, 35.987765016697793 ], [ -78.906429033364361, 35.987767764439852 ], [ -78.906429435798856, 35.987770510128364 ], [ -78.906429871999137, 35.987773286747576 ], [ -78.906430713883736, 35.987776007018681 ], [ -78.906431116316313, 35.987778754424092 ], [ -78.906431958169136, 35.987781502166101 ], [ -78.90643239440341, 35.987784249597425 ], [ -78.906432796836114, 35.987786997002843 ], [ -78.906433638691041, 35.987789743027911 ], [ -78.906434074923439, 35.987792492176162 ], [ -78.906434477358232, 35.987795237864624 ], [ -78.906435319209351, 35.987797987323574 ], [ -78.906435755443837, 35.987800734754828 ], [ -78.906436157876712, 35.987803482160217 ], [ -78.906436999729962, 35.987806229902198 ], [ -78.9064374697641, 35.987808979076291 ], [ -78.906437838397537, 35.98781172473884 ], [ -78.906438680219068, 35.987814499951753 ], [ -78.906439116485615, 35.987817219912003 ], [ -78.906439518918702, 35.987819967317385 ], [ -78.906440394573821, 35.987822715085215 ], [ -78.906440797007022, 35.987825462490555 ], [ -78.906441199440209, 35.987828209895873 ], [ -78.906441635675066, 35.98783095732712 ], [ -78.90644247752877, 35.987833705069043 ], [ -78.906442879962057, 35.987836452474347 ], [ -78.906443282395415, 35.987839199879673 ], [ -78.906443718628353, 35.987841949027818 ], [ -78.906444560484246, 35.987844695052758 ], [ -78.906444996719287, 35.987847442483954 ], [ -78.90644539915273, 35.987850189889286 ], [ -78.906445835387842, 35.987852937320476 ], [ -78.906446677273777, 35.987855657591361 ], [ -78.906447079675459, 35.987858432467604 ], [ -78.906447515910671, 35.987861179898815 ], [ -78.906447918344256, 35.987863927304076 ], [ -78.906448354579524, 35.98786667473523 ], [ -78.906449162632242, 35.987869422451162 ], [ -78.906449598867539, 35.987872169882358 ], [ -78.90645003490981, 35.987875083856089 ], [ -78.906450437345541, 35.987877829544423 ], [ -78.906450873580951, 35.98788057697557 ], [ -78.906451715435537, 35.987883324717366 ], [ -78.906452084035948, 35.987886099567611 ], [ -78.906452554104874, 35.98788881955371 ], [ -78.906452956538786, 35.987891566958979 ], [ -78.906453390661781, 35.987894314388491 ], [ -78.906453795208321, 35.987897061795294 ], [ -78.906454231443988, 35.987899809226413 ], [ -78.906455073298858, 35.987902556968166 ], [ -78.906455475732926, 35.987905304373349 ], [ -78.906455911968635, 35.987908051804453 ], [ -78.90645631440276, 35.987910799209644 ], [ -78.906456750638569, 35.987913546640783 ], [ -78.906457153072736, 35.987916294045959 ], [ -78.906457589308587, 35.987919041477028 ], [ -78.906457955828643, 35.98792178885472 ], [ -78.90645842775578, 35.987924728609912 ], [ -78.906458830190061, 35.987927476015052 ], [ -78.90645926642604, 35.987930223446149 ], [ -78.906459668860379, 35.987932970851283 ], [ -78.906460510715775, 35.987935718592965 ], [ -78.906460946951867, 35.987938466024005 ], [ -78.906461349386291, 35.987941213429195 ], [ -78.906461785622426, 35.987943960860193 ], [ -78.906462188056921, 35.987946708265369 ], [ -78.906462624293127, 35.987949455696366 ], [ -78.906463026727664, 35.987952203101536 ], [ -78.906463462963927, 35.987954950532533 ], [ -78.906463865207428, 35.987957862763317 ], [ -78.906464301443748, 35.987960610194357 ], [ -78.906464703878399, 35.987963357599455 ], [ -78.906465140146651, 35.987966077559513 ], [ -78.906465542549498, 35.9879688524356 ], [ -78.906465976673331, 35.98797159986497 ], [ -78.906466381220696, 35.987974347271681 ], [ -78.906466817457172, 35.987977094702671 ], [ -78.906467219891994, 35.987979842107769 ], [ -78.906467216707256, 35.987982589202282 ], [ -78.906467652943817, 35.98798533663323 ], [ -78.906468055187631, 35.987988248864013 ], [ -78.906468491424249, 35.987990996294968 ], [ -78.906468893859198, 35.987993743700052 ], [ -78.906469330066031, 35.987996516885012 ], [ -78.906469732530894, 35.987999238536062 ], [ -78.906470166655041, 35.988001985965397 ], [ -78.906470571202703, 35.988004733372051 ], [ -78.906471007439492, 35.988007480802992 ], [ -78.906471409874612, 35.988010228208061 ], [ -78.906471843807807, 35.988013140463011 ], [ -78.906471842735812, 35.988015887559101 ], [ -78.906472245170988, 35.988018634964142 ], [ -78.906472681407919, 35.988021382395033 ], [ -78.906473083843167, 35.988024129800081 ], [ -78.906473520080169, 35.988026877230972 ], [ -78.90647392251546, 35.988029624635999 ], [ -78.906474358752519, 35.988032372066904 ], [ -78.906474355376929, 35.988035283987024 ], [ -78.906474757780458, 35.988038058862927 ], [ -78.906475194017588, 35.988040806293824 ], [ -78.906475596453006, 35.98804355369883 ], [ -78.90647606437922, 35.988046301153972 ], [ -78.906476061194766, 35.988049048248413 ], [ -78.906476431941215, 35.988051795629076 ], [ -78.906476868178473, 35.988054543059967 ], [ -78.906477270422954, 35.988057455290622 ], [ -78.906477706660283, 35.988060202721478 ], [ -78.906477703475886, 35.988062949815891 ], [ -78.906478105879671, 35.988065724691793 ], [ -78.906478542150879, 35.988068442934768 ], [ -78.906478944584578, 35.988071192056644 ], [ -78.906478941400209, 35.988073939151057 ], [ -78.906479377446615, 35.988076851407556 ], [ -78.906479779882361, 35.98807959881249 ], [ -78.906480216119888, 35.988082346243345 ], [ -78.906480212935577, 35.988085093337716 ], [ -78.906480615371393, 35.988087840742665 ], [ -78.906481051608964, 35.988090588173442 ], [ -78.906481048233644, 35.988093500093505 ], [ -78.906481448556931, 35.98809624749682 ], [ -78.906481920708856, 35.988098994955131 ], [ -78.906482289343131, 35.988101742334138 ], [ -78.906482286158905, 35.988104489428508 ], [ -78.906482722396646, 35.988107236859314 ], [ -78.906483124832647, 35.988109984264185 ], [ -78.906483121425552, 35.988112923655137 ], [ -78.906483557663364, 35.988115671085922 ], [ -78.906483960099436, 35.988118418490814 ], [ -78.906483956917256, 35.988121163868229 ], [ -78.906484393153164, 35.98812391301594 ], [ -78.906484389968966, 35.988126660110261 ], [ -78.906484823903199, 35.988129572365068 ], [ -78.906485228454031, 35.988132318054625 ], [ -78.906485225267915, 35.988135066865894 ], [ -78.906485627704143, 35.988137814270779 ], [ -78.906486063942168, 35.988140561701492 ], [ -78.906486060726237, 35.988143336266759 ], [ -78.906486463003333, 35.988146221026355 ], [ -78.90648645981922, 35.988148968120683 ], [ -78.906486896089191, 35.98815168808045 ], [ -78.906486892873261, 35.988154462645703 ], [ -78.90648729530966, 35.988157210050545 ], [ -78.906487697746115, 35.988159957455366 ], [ -78.906487692258409, 35.988162869373731 ], [ -78.906488130609205, 35.988165616806079 ], [ -78.906488127425163, 35.98816836390035 ], [ -78.906488563663444, 35.988171111331042 ], [ -78.906488560479431, 35.988173858425355 ], [ -78.906488962915958, 35.988176605830148 ], [ -78.906488959509062, 35.988179545221016 ], [ -78.906489395747442, 35.988182292651707 ], [ -78.906489392563429, 35.988185039745986 ], [ -78.906489794998066, 35.98818778886772 ], [ -78.906489791816085, 35.988190534245071 ], [ -78.9064902278635, 35.988193446501377 ], [ -78.906490224679516, 35.988196193595648 ], [ -78.906490660917967, 35.988198941026312 ], [ -78.906490657734011, 35.988201688120569 ], [ -78.906491060168818, 35.988204437242302 ], [ -78.906491056795829, 35.988207347445275 ], [ -78.90649145923264, 35.988210094850061 ], [ -78.906491456048684, 35.988212841944289 ], [ -78.906491892287349, 35.988215589374903 ], [ -78.906491889103421, 35.988218336469167 ], [ -78.906491885919507, 35.988221083563424 ], [ -78.906492288167343, 35.988223994076876 ], [ -78.906492284981454, 35.98822674288806 ], [ -78.906492721220189, 35.988229490318687 ], [ -78.906492718036304, 35.98823223741293 ], [ -78.906493120473272, 35.988234984817645 ], [ -78.906493117066532, 35.988237924208455 ], [ -78.906493113882661, 35.988240671302663 ], [ -78.906493514207128, 35.988243418705792 ], [ -78.906493513135857, 35.988246165801606 ], [ -78.906493507807554, 35.988248940365175 ], [ -78.906493945999841, 35.988251825152105 ], [ -78.90649394281597, 35.988254572246298 ], [ -78.906494379086752, 35.988257292205908 ], [ -78.906494373758491, 35.988260066769463 ], [ -78.906494372687263, 35.988262813865269 ], [ -78.906494774965253, 35.988265698624673 ], [ -78.906494771747589, 35.988268474906754 ], [ -78.906494768565764, 35.98827122028402 ], [ -78.906494765379946, 35.988273969095118 ], [ -78.906495201621027, 35.988276714808734 ], [ -78.906495198246191, 35.988279626728584 ], [ -78.906495195062377, 35.988282373822734 ], [ -78.906495597499685, 35.988285121227428 ], [ -78.906495594315899, 35.988287868321613 ], [ -78.906495591132099, 35.988290615415764 ], [ -78.906496027148435, 35.988293555142889 ], [ -78.90649602396465, 35.988296302237046 ], [ -78.906496020780864, 35.988299049331196 ], [ -78.906496017597092, 35.988301796425347 ], [ -78.906496384120175, 35.988304543802514 ], [ -78.906496382857981, 35.988307455723927 ], [ -78.906496379674223, 35.988310202818056 ], [ -78.906496376490466, 35.988312949912235 ], [ -78.906496371194066, 35.988315697004737 ], [ -78.906496843347796, 35.988318444462735 ], [ -78.906496837858413, 35.98832135809787 ], [ -78.906496836789259, 35.988324103476664 ], [ -78.906496833605502, 35.988326850570814 ], [ -78.906497236043094, 35.98832959797538 ], [ -78.906497232859365, 35.988332345069544 ], [ -78.906497229484586, 35.988335256989309 ], [ -78.906497226300843, 35.988338004083424 ], [ -78.9064972231171, 35.988340751177546 ], [ -78.906497219933357, 35.988343498271647 ], [ -78.906497655950034, 35.988346437998722 ], [ -78.906497652766291, 35.988349185092801 ], [ -78.906497649582576, 35.988351932186887 ], [ -78.906497646398847, 35.988354679281017 ], [ -78.906497643215118, 35.988357426375089 ], [ -78.906497639840381, 35.988360338294854 ], [ -78.906497634544039, 35.988363085387334 ], [ -78.906497633472895, 35.988365832483041 ], [ -78.90649803591073, 35.988368579887606 ], [ -78.906498032758861, 35.988371299510746 ], [ -78.906498029352264, 35.988374238901407 ], [ -78.906498026168563, 35.988376985995487 ], [ -78.906498023016681, 35.988379705618627 ], [ -78.90649801980112, 35.988382480183638 ], [ -78.906498016617419, 35.988385227277696 ], [ -78.906498013242668, 35.988388139197411 ], [ -78.906498010056978, 35.988390888008404 ], [ -78.906498006875239, 35.988393633385542 ], [ -78.906498003689535, 35.988396382196512 ], [ -78.906498000314784, 35.988399294116213 ], [ -78.906497997101226, 35.988402066964269 ], [ -78.906497993917512, 35.988404814058278 ], [ -78.906497990733783, 35.988407561152336 ], [ -78.906498426973698, 35.988410308582722 ], [ -78.906498423598961, 35.988413220502409 ], [ -78.906498420415275, 35.988415967596453 ], [ -78.906498417231575, 35.988418714690468 ], [ -78.90649841404786, 35.988421461784512 ], [ -78.906498410864145, 35.988424208878534 ], [ -78.906497968065707, 35.988427120461814 ], [ -78.906497964881993, 35.988429867555851 ], [ -78.906497961698264, 35.988432614649881 ], [ -78.906497958514549, 35.988435361743896 ], [ -78.906497955139798, 35.988438273663519 ], [ -78.906497951956084, 35.988441020757556 ], [ -78.906497948772355, 35.98844376785155 ], [ -78.906497945556808, 35.988446542416455 ], [ -78.906497942404911, 35.988449262039531 ], [ -78.906497938998328, 35.9884522014301 ], [ -78.906497935814627, 35.988454948524073 ], [ -78.906497932630884, 35.988457695618095 ], [ -78.90649792944717, 35.988460442712068 ], [ -78.906497926263441, 35.988463189806026 ], [ -78.906497922888704, 35.988466101725678 ], [ -78.906497919704975, 35.988468848819643 ], [ -78.906497508786586, 35.988471595601531 ], [ -78.906497507715471, 35.988474342697074 ], [ -78.906497504531728, 35.988477089791076 ], [ -78.906497501156963, 35.988480001710677 ], [ -78.906497497973234, 35.988482748804635 ], [ -78.906497494789477, 35.988485495898587 ], [ -78.906497491605734, 35.988488242992538 ], [ -78.906497048806898, 35.988491154575783 ], [ -78.906497045623155, 35.988493901669727 ], [ -78.906497042439412, 35.988496648763686 ], [ -78.906497039255655, 35.988499395857602 ], [ -78.906497036071912, 35.988502142951575 ], [ -78.906497032665271, 35.988505082342051 ], [ -78.906496623859269, 35.988507829125481 ], [ -78.906496620675497, 35.98851057621944 ], [ -78.906496617523587, 35.988513295842424 ], [ -78.906496614307969, 35.988516070407272 ], [ -78.906496610933189, 35.988518982326831 ], [ -78.906496134555184, 35.988521701587551 ], [ -78.906496131339551, 35.988524476152406 ], [ -78.906496128155766, 35.988527223246351 ], [ -78.906496122859366, 35.988529970338625 ], [ -78.906495749776624, 35.988532881975161 ], [ -78.906495746592839, 35.988535629069069 ], [ -78.906495743409025, 35.988538376162978 ], [ -78.906495740225239, 35.988541123256873 ], [ -78.90649529761707, 35.988543870014389 ], [ -78.906495294242234, 35.988546781933934 ], [ -78.906495291058391, 35.988549529027829 ], [ -78.906494882252133, 35.988552275811202 ], [ -78.906494879068305, 35.988555022905068 ], [ -78.906494873771862, 35.98855776999735 ], [ -78.906494872477765, 35.988560709389397 ], [ -78.906494429869483, 35.988563456146906 ], [ -78.90649442668564, 35.988566203240772 ], [ -78.906494423501783, 35.988568950334646 ], [ -78.906494014695383, 35.98857169711799 ], [ -78.906494011320504, 35.988574609037492 ], [ -78.906494008136633, 35.988577356131337 ], [ -78.906493565496362, 35.988580130359786 ], [ -78.906493562344338, 35.98858284998267 ], [ -78.906493119735927, 35.988585596740144 ], [ -78.906493114216559, 35.988588536128979 ], [ -78.906493111064492, 35.988591255751864 ], [ -78.906492704370493, 35.988594002536814 ], [ -78.906492701186579, 35.988596749630652 ], [ -78.90649269800268, 35.988599496724511 ], [ -78.906492289005016, 35.988602408333442 ], [ -78.906492283708488, 35.988605155425674 ], [ -78.906491843212464, 35.988607902184732 ], [ -78.906491840028536, 35.988610649278549 ], [ -78.906491836844609, 35.988613396372351 ], [ -78.906491425702399, 35.988616335450594 ], [ -78.906491424631056, 35.988619082546023 ], [ -78.906490982022333, 35.988621829303462 ], [ -78.906490978838363, 35.988624576397264 ], [ -78.906490570063383, 35.988627295709648 ], [ -78.906490566656529, 35.988630235099983 ], [ -78.906490157849632, 35.988632981883285 ], [ -78.906490154665647, 35.988635728977052 ], [ -78.906489712056811, 35.988638475734469 ], [ -78.906489708874815, 35.98864122111133 ], [ -78.906489266263904, 35.988643969585638 ], [ -78.90648926288884, 35.988646881505055 ], [ -78.906488854081857, 35.988649628288321 ], [ -78.906488850897816, 35.988652375382095 ], [ -78.906488408288823, 35.988655122139484 ], [ -78.906488405104753, 35.988657869233229 ], [ -78.906487996106648, 35.988660780842132 ], [ -78.906487992922592, 35.988663527935891 ], [ -78.906487550313486, 35.988666274693252 ], [ -78.906487547129416, 35.988669021786997 ], [ -78.906487102407709, 35.988671768542751 ], [ -78.906487099255429, 35.988674488165522 ], [ -78.906486692306075, 35.988677454717887 ], [ -78.906486689121976, 35.988680201811619 ], [ -78.906486280314724, 35.988682948594857 ], [ -78.906485837705475, 35.988685695352181 ], [ -78.906485834519358, 35.988688444162875 ], [ -78.90648542360141, 35.988691189227509 ], [ -78.906485422306986, 35.988694128619429 ], [ -78.906484979729484, 35.988696847905821 ], [ -78.906484570922103, 35.988699594689017 ], [ -78.906484565625291, 35.988702341781135 ], [ -78.906484158930439, 35.988705088565951 ], [ -78.906484155746242, 35.988707835659625 ], [ -78.906483712943782, 35.988710748959512 ], [ -78.906483270336267, 35.98871349399986 ], [ -78.906483267150051, 35.988716242810497 ], [ -78.906482858344503, 35.988718987876709 ], [ -78.906482415734928, 35.988721734634034 ], [ -78.906482412550659, 35.988724481727729 ], [ -78.906482003552028, 35.98872739333649 ], [ -78.906481560942368, 35.988730140093786 ], [ -78.90648155775807, 35.988732887187474 ], [ -78.906481180639702, 35.988735633994871 ], [ -78.906480706340673, 35.988738380727845 ], [ -78.906480703158337, 35.988741126104621 ], [ -78.9064802941257, 35.988744066901219 ], [ -78.906479851515911, 35.988746813658473 ], [ -78.906479442706129, 35.988749562158517 ], [ -78.906479439523736, 35.98875230753525 ], [ -78.906478996913847, 35.988755054292469 ], [ -78.906478588105998, 35.988757801075607 ], [ -78.906478145496052, 35.98876054783284 ], [ -78.906478142120591, 35.988763459752121 ], [ -78.906477733312656, 35.988766206535225 ], [ -78.906477290702639, 35.988768953292436 ], [ -78.906476881862787, 35.988771727546471 ], [ -78.90647687871018, 35.988774447169149 ], [ -78.906476436100093, 35.988777193926353 ], [ -78.90647602729203, 35.988779940709449 ], [ -78.906475584488817, 35.988782854009202 ], [ -78.90647558130631, 35.988785599385892 ], [ -78.906475204187501, 35.988788346193203 ], [ -78.906474729887947, 35.988791092926164 ], [ -78.906474321079742, 35.988793839709217 ], [ -78.90647387846947, 35.988796586466343 ], [ -78.906473469661208, 35.988799333249432 ], [ -78.906473466476655, 35.988802080343021 ], [ -78.906473023675218, 35.988804991925818 ], [ -78.906472612754271, 35.988807738707237 ], [ -78.906472172256485, 35.98881048546599 ], [ -78.906471763446106, 35.988813233965971 ], [ -78.906471320837611, 35.988815979006155 ], [ -78.906470912029178, 35.988818725789208 ], [ -78.906470906731897, 35.988821472881149 ], [ -78.906470466233984, 35.988824219639916 ], [ -78.906470057202512, 35.988827158719445 ], [ -78.906469614591941, 35.988829905476592 ], [ -78.906469205783353, 35.988832652259575 ], [ -78.906468763172697, 35.988835399016693 ], [ -78.906468354364094, 35.988838145799676 ], [ -78.906467911721492, 35.98884092002772 ], [ -78.906467502944665, 35.988843639339748 ], [ -78.906467060333881, 35.98884638609686 ], [ -78.906467057149101, 35.988849133190406 ], [ -78.906466648149234, 35.988852044798996 ], [ -78.906466205538379, 35.988854791556086 ], [ -78.906465796729563, 35.98885753833904 ], [ -78.906465354118666, 35.988860285096116 ], [ -78.906464945309779, 35.988863031879099 ], [ -78.90646450269881, 35.988865778636104 ], [ -78.906464091777266, 35.988868525417431 ], [ -78.906463651278841, 35.988871272176134 ], [ -78.906463242469869, 35.988874018959059 ], [ -78.906462799858772, 35.988876765716114 ], [ -78.906462391051704, 35.988879510782091 ], [ -78.906461948247482, 35.988882424081687 ], [ -78.906461539438368, 35.988885170864584 ], [ -78.906461096827172, 35.988887917621611 ], [ -78.906460688018001, 35.988890664404558 ], [ -78.906460245406734, 35.988893411161548 ], [ -78.90645983659752, 35.988896157944446 ], [ -78.906459393986196, 35.988898904701443 ], [ -78.906458985176911, 35.988901651484362 ], [ -78.906458542565531, 35.988904398241353 ], [ -78.906457694329873, 35.988907144687701 ], [ -78.906457285520489, 35.988909891470591 ], [ -78.906456809107013, 35.98891263820169 ], [ -78.906456434099582, 35.988915385010451 ], [ -78.906455991296923, 35.988918296593042 ], [ -78.906455582487425, 35.988921043375882 ], [ -78.906455139875831, 35.98892379013288 ], [ -78.906454731066276, 35.988926536915706 ], [ -78.906454288422751, 35.988929311143579 ], [ -78.906453879645014, 35.988932030455494 ], [ -78.906453437033278, 35.988934777212449 ], [ -78.906452588797109, 35.988937523658755 ], [ -78.906452179987411, 35.988940270441596 ], [ -78.90645173737559, 35.988943017198551 ], [ -78.906451328565836, 35.988945763981334 ], [ -78.906450850039306, 35.988948510710777 ], [ -78.906450477144119, 35.98895125752108 ], [ -78.906450034532185, 35.988954004277986 ], [ -78.906449186295703, 35.988956750724249 ], [ -78.906448777485792, 35.988959497507039 ], [ -78.906387360695589, 35.989074661936428 ], [ -78.906349958643503, 35.989262124262872 ], [ -78.906239903595633, 35.989812337961247 ], [ -78.906021682961736, 35.9903279098261 ], [ -78.906020429448844, 35.990330326304765 ], [ -78.906019141941172, 35.990332907582946 ], [ -78.906017888460113, 35.990335296590736 ], [ -78.906016601144302, 35.990337713043338 ], [ -78.906014908228954, 35.990340101712974 ], [ -78.906013215505524, 35.99034232555703 ], [ -78.906011522750006, 35.990344576871991 ], [ -78.906009830028381, 35.990346798999063 ], [ -78.906007731671195, 35.990349024247884 ], [ -78.906005599705225, 35.990351082928193 ], [ -78.906003501543822, 35.990353139917559 ], [ -78.906001335773027, 35.990355200288697 ], [ -78.905999271604074, 35.990357094195417 ], [ -78.905996734198169, 35.990358987737864 ], [ -78.905994197016213, 35.990360688983877 ], [ -78.905991659610081, 35.990362582526267 ], [ -78.905989122587954, 35.990364146417591 ], [ -78.905986551827112, 35.990365655340931 ], [ -78.905984048607451, 35.990367219258118 ], [ -78.905981072374843, 35.99036859051462 ], [ -78.905978127834175, 35.990369960078425 ], [ -78.905975153712021, 35.990371333053332 ], [ -78.905972211473909, 35.990372539510076 ], [ -78.905969235659157, 35.990373551927419 ], [ -78.905966293643004, 35.990374567804523 ], [ -78.905963317986192, 35.990375444584011 ], [ -78.905958685647832, 35.990376622268407 ], [ -78.90595530435921, 35.990377498735405 ], [ -78.905950604799571, 35.990378346716405 ], [ -78.90594725772975, 35.990378866087262 ], [ -78.905942626191646, 35.990379356998098 ], [ -78.905939245705426, 35.990379544974758 ], [ -78.905935829331938, 35.990379708886607 ], [ -78.905932482678367, 35.990379871135133 ], [ -78.905929104719206, 35.990379703708143 ], [ -78.905924440147018, 35.990379535290131 ], [ -78.905921060107246, 35.99037934039039 ], [ -78.905917680227674, 35.990379008135903 ], [ -78.905913050259187, 35.990378152970521 ], [ -78.905909670603975, 35.990377628419417 ], [ -78.905905007057228, 35.990376580931326 ], [ -78.905902067220964, 35.990375727067438 ], [ -78.905898687950412, 35.990374872864969 ], [ -78.905895714535831, 35.990373826678521 ], [ -78.904535293236023, 35.989914226018847 ], [ -78.903584139861763, 35.989592728142576 ], [ -78.903501920987935, 35.9894310790689 ], [ -78.903524919992577, 35.989308521833493 ], [ -78.903527846690281, 35.989292041571396 ], [ -78.903539310224147, 35.989259937076653 ], [ -78.90365208361986, 35.988940841018064 ], [ -78.904035991419548, 35.988016580440608 ], [ -78.905546100142416, 35.987652393575559 ], [ -78.906304634954253, 35.987540511607072 ], [ -78.906309268439813, 35.98754002068361 ], [ -78.906315217909821, 35.987539668124228 ], [ -78.906319848708506, 35.987539671675847 ], [ -78.906324512894045, 35.98754003237552 ], [ -78.90632914311864, 35.987540530403912 ], [ -78.906333806698299, 35.987541413051289 ], [ -78.906338434204514, 35.98754243302573 ], [ -78.906342659904055, 35.987543809814582 ], [ -78.906346038646177, 35.987545021128042 ], [ -78.906349856233348, 35.987546727255406 ], [ -78.90635279536545, 35.987548103057492 ], [ -78.906355767884648, 35.987549836007737 ], [ -78.906359551064952, 35.987552064056921 ], [ -78.90636336763248, 35.987554649254243 ], [ -78.906366303058419, 35.987557398601865 ] ] ], [ [ [ -78.902568219409048, 35.988661672984861 ], [ -78.902570751631586, 35.988664094166303 ], [ -78.902573317693481, 35.988666484469888 ], [ -78.902575816348659, 35.988668711610792 ], [ -78.902578348573698, 35.988671131075144 ], [ -78.902580880832048, 35.98867352306852 ], [ -78.902583852681474, 35.988675778057598 ], [ -78.902586384940136, 35.988678170050889 ], [ -78.902588917397964, 35.988680397218452 ], [ -78.902591449822765, 35.988682651856891 ], [ -78.902594387704994, 35.98868504417343 ], [ -78.902596920163262, 35.988687271340851 ], [ -78.90259945258849, 35.988689525979126 ], [ -78.902602424472178, 35.988691753496816 ], [ -78.902604956932961, 35.988693978947111 ], [ -78.902607895012892, 35.98869620815465 ], [ -78.902610427438702, 35.988698462792698 ], [ -78.902613399356198, 35.988700662839143 ], [ -78.902615931782321, 35.988702917477084 ], [ -78.902913947924304, 35.988940778521531 ], [ -78.903006375554213, 35.989014501591264 ], [ -78.903009750345788, 35.989017251366846 ], [ -78.903013127250219, 35.989020001144048 ], [ -78.903016503923737, 35.989022943217662 ], [ -78.903019880828637, 35.989025692994687 ], [ -78.903023259615253, 35.989028635069815 ], [ -78.903026670157615, 35.989031522228117 ], [ -78.903029573636047, 35.98903443645478 ], [ -78.903032984114915, 35.989037376837828 ], [ -78.903036360820835, 35.989040293156862 ], [ -78.903039298101987, 35.98904320741012 ], [ -78.903042674810436, 35.989046122012077 ], [ -78.90304564566307, 35.989049228588478 ], [ -78.903049022372002, 35.989052143190271 ], [ -78.903051959422982, 35.989055249739707 ], [ -78.903054930309324, 35.989058328844955 ], [ -78.903057867591798, 35.989061243097744 ], [ -78.903061244070614, 35.989064349995665 ], [ -78.90306421492464, 35.989067456571604 ], [ -78.903067152011815, 35.989070533932797 ], [ -78.903070122666222, 35.989073807051128 ], [ -78.903072654128763, 35.989076884090331 ], [ -78.903075591179487, 35.989079992356082 ], [ -78.903078561869634, 35.989083236286362 ], [ -78.903081498726934, 35.989086505943696 ], [ -78.903084030153181, 35.989089613887401 ], [ -78.903087000844039, 35.98909285781744 ], [ -78.903089532074759, 35.989096128869704 ], [ -78.903092468928861, 35.989099401960623 ], [ -78.903095000195066, 35.989102643824928 ], [ -78.90309753142644, 35.98910591487698 ], [ -78.903100502085451, 35.989109186277609 ], [ -78.903103033119294, 35.989112622155126 ], [ -78.903105564351293, 35.989115893207057 ], [ -78.903108095385548, 35.989119329084474 ], [ -78.903110626617973, 35.989122600136241 ], [ -78.903113123850531, 35.989126035986757 ], [ -78.903115249227042, 35.989129499013266 ], [ -78.903117780295133, 35.989132907419517 ], [ -78.903120311330454, 35.989136343296686 ], [ -78.903122436740588, 35.989139778852092 ], [ -78.903124967776307, 35.989143214729147 ], [ -78.90312705938463, 35.989146650257659 ], [ -78.903129590420761, 35.989150086134629 ], [ -78.903131715831663, 35.989153521689822 ], [ -78.903133807242639, 35.989157122043771 ], [ -78.903135932653896, 35.989160557598943 ], [ -78.903138463492965, 35.989164158301257 ], [ -78.903140555102382, 35.989167593829521 ], [ -78.903142680316336, 35.989171194210122 ], [ -78.903144366069697, 35.989174821713178 ], [ -78.903146457481782, 35.9891784220669 ], [ -78.903148582696247, 35.989182022447366 ], [ -78.90315067411079, 35.989185621084083 ], [ -78.903152359862759, 35.989189250303923 ], [ -78.903154485077792, 35.98919285068429 ], [ -78.903156170865117, 35.98919645071625 ], [ -78.903157822852478, 35.989200049004403 ], [ -78.903159948032965, 35.989203678572494 ], [ -78.903161633622915, 35.989207443429947 ], [ -78.903163319410851, 35.989211043461758 ], [ -78.903165005165988, 35.989214670964479 ], [ -78.90316672455856, 35.989218435848606 ], [ -78.903168376313985, 35.989222228150041 ], [ -78.903170062102575, 35.989225828181745 ], [ -78.903171342067594, 35.989229592717464 ], [ -78.903173027625641, 35.98923338504563 ], [ -78.903174713414629, 35.989236985077255 ], [ -78.903175959544868, 35.989240777057041 ], [ -78.903177645136338, 35.989244541914182 ], [ -78.903178925104058, 35.989248304732889 ], [ -78.903180171232606, 35.989252098429539 ], [ -78.903181451165565, 35.989255890435984 ], [ -78.903183134644991, 35.989259655291391 ], [ -78.903184382888597, 35.989263447272748 ], [ -78.903185660742253, 35.989267211806599 ], [ -78.903186503162232, 35.989271168291971 ], [ -78.903187749326506, 35.989274932800683 ], [ -78.903189029260176, 35.989278724807072 ], [ -78.903190275193936, 35.989282681612202 ], [ -78.903191115732426, 35.989286445799401 ], [ -78.90319239546865, 35.989290402631291 ], [ -78.903193236007311, 35.989294166818418 ], [ -78.903194076315316, 35.989298123302071 ], [ -78.903195322447402, 35.989301915281565 ], [ -78.903196162788561, 35.989305844294243 ], [ -78.903197003294608, 35.989309635952239 ], [ -78.903197843602953, 35.989313592435835 ], [ -78.903198683944353, 35.989317521448491 ], [ -78.903199524450642, 35.989321313106451 ], [ -78.903199959132891, 35.989325269268576 ], [ -78.903200799474519, 35.989329198281169 ], [ -78.903201639816203, 35.989333127293769 ], [ -78.90320204086116, 35.989336946074395 ], [ -78.903202881203015, 35.989340875087024 ], [ -78.903203313772906, 35.989344831247365 ], [ -78.903203714653202, 35.989348787382639 ], [ -78.90320455704196, 35.989352771338702 ], [ -78.90320499179056, 35.989356672558912 ], [ -78.903205426473235, 35.989360628720966 ], [ -78.903205827353759, 35.989364584856162 ], [ -78.903206228234282, 35.9893685409914 ], [ -78.903206223718996, 35.989372304508706 ], [ -78.903206658401842, 35.989376260670696 ], [ -78.903207059282465, 35.989380216805891 ], [ -78.903207054569435, 35.989384145148762 ], [ -78.903207489252424, 35.989388101310738 ], [ -78.903207484506481, 35.989392057124512 ], [ -78.903207479760496, 35.989396012938265 ], [ -78.903207880674231, 35.989399941602535 ], [ -78.903207875928288, 35.98940389741626 ], [ -78.90320787118236, 35.989407853229999 ], [ -78.903207866436418, 35.98941180904378 ], [ -78.903207859610802, 35.989415737384917 ], [ -78.903207451350696, 35.989419692878883 ], [ -78.903207446604753, 35.989423648692586 ], [ -78.903207439746154, 35.989427604504641 ], [ -78.903206997716595, 35.989431532500902 ], [ -78.903206992970624, 35.989435488314612 ], [ -78.903206582597733, 35.989439443806866 ], [ -78.903206577851734, 35.989443399620527 ], [ -78.903206133709418, 35.989447327615117 ], [ -78.903205723336427, 35.989451283107371 ], [ -78.903205312963337, 35.989455238599646 ], [ -78.903204866675352, 35.989459194063372 ], [ -78.903204424645509, 35.989463122059604 ], [ -78.903204014272362, 35.989467077551808 ], [ -78.903203570096835, 35.989471033017239 ], [ -78.903202720524888, 35.989474795864737 ], [ -78.903202343920867, 35.989478778854675 ], [ -78.903201460348797, 35.989482706500908 ], [ -78.903201016173057, 35.989486661966282 ], [ -78.903200166403067, 35.989490589639331 ], [ -78.90319931679781, 35.989494379957677 ], [ -78.903198906391282, 35.989498362920806 ], [ -78.90319805665402, 35.989502263122851 ], [ -78.903197207048535, 35.98950605344119 ], [ -78.902640947311269, 35.98931743530715 ], [ -78.902469065921309, 35.989259087233755 ], [ -78.901884528932612, 35.989060828217283 ], [ -78.90182210997061, 35.988966360376544 ], [ -78.90182420843864, 35.988964109444431 ], [ -78.901826340441232, 35.988962078306912 ], [ -78.901828438909035, 35.988959827374742 ], [ -78.901830131718796, 35.988957603587444 ], [ -78.901832263955072, 35.988955380153293 ], [ -78.90183436242252, 35.988953129221017 ], [ -78.901836494457982, 35.988951070612394 ], [ -78.901838187267344, 35.988948846824989 ], [ -78.901840285701041, 35.988946623363532 ], [ -78.90184241793672, 35.988944399929181 ], [ -78.901844110779209, 35.988942148670759 ], [ -78.901846207099965, 35.988939925207475 ], [ -78.901848341447916, 35.988937701774752 ], [ -78.901850034256682, 35.988935477987155 ], [ -78.901852132489196, 35.988933419351078 ], [ -78.901854264757631, 35.988931168445568 ], [ -78.901855957566084, 35.988928944657914 ], [ -78.901858053886144, 35.988926721194424 ], [ -78.901860188233442, 35.988924497761438 ], [ -78.901861881072932, 35.988922248219723 ], [ -78.901863979507368, 35.988920023040919 ], [ -78.901866111741697, 35.988917799606092 ], [ -78.901867804549553, 35.988915575818254 ], [ -78.901869903014983, 35.988913324885331 ], [ -78.901871595822627, 35.988911101097436 ], [ -78.901873728056515, 35.988908877662517 ], [ -78.901875824375566, 35.988906654198672 ], [ -78.90187751721632, 35.988904402939809 ], [ -78.901879651562496, 35.988902179506475 ], [ -78.901881749993834, 35.988899956044214 ], [ -78.901883476602919, 35.988897732283306 ], [ -78.901885575067496, 35.988895481350113 ], [ -78.901887267874343, 35.988893257561969 ], [ -78.901889400107265, 35.988891034126759 ], [ -78.901891056999261, 35.988888810309717 ], [ -78.901893191378036, 35.988886559405238 ], [ -78.901895256006625, 35.9888843359156 ], [ -78.901896982648353, 35.988882084683524 ], [ -78.901899114847382, 35.988879888719076 ], [ -78.901900807686914, 35.988877637459851 ], [ -78.901902904004416, 35.988875413995508 ], [ -78.901904598922982, 35.988873190208857 ], [ -78.901906731154966, 35.988870966773291 ], [ -78.901908423994115, 35.988868715513959 ], [ -78.901910520311162, 35.988866492049517 ], [ -78.901912213116717, 35.988864268260997 ], [ -78.90191434746086, 35.988862044827037 ], [ -78.901916444011363, 35.988859629065949 ], [ -78.901918138929233, 35.98885740527907 ], [ -78.901920271160421, 35.988855181843263 ], [ -78.901921963965435, 35.98885295805465 ], [ -78.901924060315125, 35.988850707118999 ], [ -78.901925753119968, 35.988848483330308 ], [ -78.90192788746333, 35.988846259896064 ], [ -78.901929580501701, 35.98884384381082 ], [ -78.901931676817554, 35.988841620345966 ], [ -78.901933371734614, 35.988839396558866 ], [ -78.901935064570267, 35.988837147016021 ], [ -78.901937160887897, 35.988834921834155 ], [ -78.901938889606669, 35.988832698074106 ], [ -78.901940988268308, 35.988830282314261 ], [ -78.901942681072271, 35.988828058525293 ], [ -78.901944813301995, 35.988825835089081 ], [ -78.901946506105745, 35.988823611300049 ], [ -78.901948604599966, 35.988821332894766 ], [ -78.901950297570451, 35.988818971750966 ], [ -78.901951990373902, 35.988816747961906 ], [ -78.901954122636468, 35.988814497054612 ], [ -78.901955815439734, 35.988812273265452 ], [ -78.901957914066926, 35.98880988497622 ], [ -78.901959606903361, 35.988807633716107 ], [ -78.901961739132105, 35.988805410279518 ], [ -78.901963431934945, 35.988803186490259 ], [ -78.901965124969294, 35.988800772121394 ], [ -78.901967223397733, 35.988798546940664 ], [ -78.901968916200289, 35.988796323151306 ], [ -78.90197104842845, 35.988794099714603 ], [ -78.901972741464462, 35.988791683628662 ], [ -78.90197443426672, 35.988789459839225 ], [ -78.90197653269253, 35.988787236375273 ], [ -78.901978225728229, 35.988784820289254 ], [ -78.901979918530202, 35.98878259649976 ], [ -78.901982016955699, 35.988780373035716 ], [ -78.901983743793082, 35.98877795697674 ], [ -78.901985436594771, 35.988775733187168 ], [ -78.901987535019884, 35.988773509722989 ], [ -78.901989228054973, 35.988771093636799 ], [ -78.901990887054424, 35.988768869819992 ], [ -78.901993053083203, 35.988766646409971 ], [ -78.901994746117964, 35.98876423032371 ], [ -78.901996438919042, 35.988762006533953 ], [ -78.901998537577114, 35.988759590773071 ], [ -78.902000230377993, 35.988757366983229 ], [ -78.902001923178787, 35.988755143193423 ], [ -78.902004055638528, 35.988752727459563 ], [ -78.902005748439109, 35.988750503669635 ], [ -78.902007441439793, 35.988748115054094 ], [ -78.902009165962866, 35.98874586381865 ], [ -78.902011232697262, 35.988743640328671 ], [ -78.902012925697647, 35.988741251713016 ], [ -78.902014618497745, 35.988739027922996 ], [ -78.902026466494547, 35.988724779997007 ], [ -78.902028159093774, 35.988722721032417 ], [ -78.902030290918063, 35.988720827245828 ], [ -78.902031983517105, 35.98871876828116 ], [ -78.902033676116062, 35.988716709316463 ], [ -78.90203536871492, 35.988714650351739 ], [ -78.902037466736829, 35.988712756537915 ], [ -78.902039159335516, 35.98871069757314 ], [ -78.90204085196747, 35.98870861113739 ], [ -78.902042983957884, 35.988706579995906 ], [ -78.902046368921162, 35.988702654362683 ], [ -78.902048467175945, 35.988700568252121 ], [ -78.902050159774106, 35.988698509287197 ], [ -78.902051852372168, 35.988696450322266 ], [ -78.902055676759744, 35.98869252504111 ], [ -78.90205736935755, 35.988690466076093 ], [ -78.902059061955256, 35.98868840711102 ], [ -78.902061160176018, 35.988686348471148 ], [ -78.902064545168813, 35.988682397083423 ], [ -78.902066677193346, 35.988680336753617 ], [ -78.902068369790626, 35.988678277788416 ], [ -78.902070062387793, 35.988676218823194 ], [ -78.902071721182949, 35.988674159830829 ], [ -78.902073853036129, 35.988672240289418 ], [ -78.902075545601789, 35.988670207078144 ], [ -78.902077238198615, 35.988668148112822 ], [ -78.902078930795369, 35.988666089147429 ], [ -78.902081062817004, 35.988664030534316 ], [ -78.902082755413559, 35.988661971568895 ], [ -78.902086546029352, 35.988658018788726 ], [ -78.902088238625637, 35.988655959823227 ], [ -78.902089931221852, 35.988653900857713 ], [ -78.902091623817967, 35.988651841892143 ], [ -78.902093755838919, 35.988649783278767 ], [ -78.902097140764013, 35.988645885115062 ], [ -78.902098833393111, 35.988643798678417 ], [ -78.90210093161167, 35.988641740037849 ], [ -78.902102624207259, 35.988639681072122 ], [ -78.902104316802749, 35.988637622106395 ], [ -78.902106009398167, 35.988635563140633 ], [ -78.902108141218307, 35.988633669352645 ], [ -78.902109833813554, 35.98863161038679 ], [ -78.902111526408703, 35.988629551420956 ], [ -78.902113216924462, 35.988627464982443 ], [ -78.902115317221529, 35.988625433814242 ], [ -78.902117009818483, 35.988623373131404 ], [ -78.902118702411187, 35.988621315882362 ], [ -78.90212039500588, 35.988619256916387 ], [ -78.902122526825281, 35.988617363128114 ], [ -78.90212421941979, 35.988615304162117 ], [ -78.902125909901613, 35.988613245194372 ], [ -78.90212760460858, 35.988611186229981 ], [ -78.902129702825576, 35.988609127588838 ], [ -78.902131361617847, 35.988607068595655 ], [ -78.902133088013812, 35.988605009656538 ], [ -78.902134780607796, 35.988602950690371 ], [ -78.902136473203797, 35.98860089000722 ], [ -78.902138605220173, 35.988598833109968 ], [ -78.902141990207582, 35.988594880003014 ], [ -78.902143682801139, 35.988592821036718 ], [ -78.902145781017239, 35.988590762395312 ], [ -78.902147473577273, 35.988588730899828 ], [ -78.902149166203884, 35.988586644462522 ], [ -78.902150858797086, 35.988584585496092 ], [ -78.902152551390188, 35.988582526529633 ], [ -78.902154683407744, 35.98858046791517 ], [ -78.902156376000676, 35.988578408948648 ], [ -78.902158068593508, 35.988576349982125 ], [ -78.902159761186269, 35.988574291015588 ], [ -78.902163551760836, 35.988570365703815 ], [ -78.902165244355416, 35.98856830502023 ], [ -78.902166934833119, 35.988566247768844 ], [ -78.902168629540114, 35.98856418708688 ], [ -78.902170286215807, 35.988562129808351 ], [ -78.90217245414685, 35.988560071222309 ], [ -78.902174146738886, 35.988558012255531 ], [ -78.902175839330823, 35.988555953288746 ], [ -78.902177529810089, 35.988553894320198 ], [ -78.902179224514484, 35.988551835355061 ], [ -78.902181322728623, 35.988549776713 ], [ -78.902183015322294, 35.98854771602921 ], [ -78.902184707911744, 35.988545658779195 ], [ -78.902186400505229, 35.988543598095319 ], [ -78.902188093061199, 35.988541568316201 ], [ -78.902189785685763, 35.988539481878249 ], [ -78.902538271951585, 35.988632804582494 ], [ -78.902540804174379, 35.988635224047648 ], [ -78.902543336430483, 35.988637616041871 ], [ -78.902545429228724, 35.988640035156301 ], [ -78.902547961286018, 35.988642591976024 ], [ -78.902550493509395, 35.988645011441008 ], [ -78.90255302576611, 35.988647403434982 ], [ -78.902555557989785, 35.988649822899831 ], [ -78.902558090246799, 35.98865221489369 ], [ -78.902560622437605, 35.988654661829408 ], [ -78.902563154728099, 35.988657026352215 ], [ -78.902565686919218, 35.988659473287782 ], [ -78.902568219409048, 35.988661672984861 ] ] ], [ [ [ -78.90275652435605, 35.990545368924899 ], [ -78.902755803539009, 35.990554461233053 ], [ -78.902753257639986, 35.990563332320747 ], [ -78.902537151632771, 35.991097387451717 ], [ -78.902505080388494, 35.991176615510561 ], [ -78.902444371044979, 35.991315679857806 ], [ -78.902259021534547, 35.991740232305602 ], [ -78.902254581416116, 35.991748305206194 ], [ -78.902248625176327, 35.991755717591069 ], [ -78.902241281956009, 35.991762249795926 ], [ -78.902232723083628, 35.991767737132044 ], [ -78.902223185346159, 35.991772044151041 ], [ -78.902212937196438, 35.991775056032978 ], [ -78.902202255525708, 35.99177666826651 ], [ -78.902191370621026, 35.991776879318955 ], [ -78.902180586745359, 35.991775661963004 ], [ -78.902170180629724, 35.991773043891222 ], [ -78.901825895048134, 35.991661457186275 ], [ -78.901642721445299, 35.991599361167694 ], [ -78.901461991809583, 35.99153265344443 ], [ -78.901283936384345, 35.991461387438022 ], [ -78.90119410059431, 35.991423240092608 ], [ -78.900469174225776, 35.99110959279465 ], [ -78.900460017378876, 35.991104832861211 ], [ -78.900451914039436, 35.991098947477099 ], [ -78.900445094354311, 35.991092046713995 ], [ -78.900439729145816, 35.99108437794969 ], [ -78.9004359196189, 35.991076106092486 ], [ -78.900433800713856, 35.991067451020001 ], [ -78.900433405995571, 35.991058605056303 ], [ -78.900434802730402, 35.991049842965559 ], [ -78.900437855434888, 35.991041384404824 ], [ -78.900442563871238, 35.991033421670302 ], [ -78.900803044880234, 35.990531656023762 ], [ -78.900819303596336, 35.990506203661162 ], [ -78.90113298645764, 35.990014947778967 ], [ -78.901139046326151, 35.990007425643498 ], [ -78.90114645724924, 35.99000075620053 ], [ -78.90115505001252, 35.989995104138508 ], [ -78.901164621599207, 35.989990634118698 ], [ -78.901174969127496, 35.989987400918636 ], [ -78.90118575440475, 35.989985541619241 ], [ -78.90119680841913, 35.989985056083754 ], [ -78.90120779311286, 35.989985971509576 ], [ -78.901218505671636, 35.989988287732785 ], [ -78.901967260879772, 35.990242063191253 ], [ -78.902180602911145, 35.99031437292485 ], [ -78.90235532469832, 35.990373602719188 ], [ -78.902714836057626, 35.990495446781061 ], [ -78.902724804893296, 35.990499659491299 ], [ -78.902733756015166, 35.990505133336832 ], [ -78.902741488916533, 35.990511705049421 ], [ -78.902747764998409, 35.99051926455568 ], [ -78.902752455718911, 35.990527537043924 ], [ -78.902755419793777, 35.990536302634411 ], [ -78.90275652435605, 35.990545368924899 ] ] ], [ [ [ -78.904359599448853, 35.991046882107355 ], [ -78.904477593677754, 35.991085457782425 ], [ -78.904596028588855, 35.99112307735502 ], [ -78.904714937957081, 35.99115976145346 ], [ -78.904834287973955, 35.991195511767117 ], [ -78.904954044897693, 35.991230273326501 ], [ -78.905074208659769, 35.991264101072304 ], [ -78.905307811051102, 35.99132878413382 ], [ -78.905385551054806, 35.991423069672521 ], [ -78.904857535317703, 35.992120476096048 ], [ -78.904508207606213, 35.99258025906277 ], [ -78.904481768839673, 35.992612489252529 ], [ -78.904473762694394, 35.992608005232022 ], [ -78.904440555908593, 35.992589299034073 ], [ -78.904440454335202, 35.992589436309245 ], [ -78.904364458157914, 35.992679783632902 ], [ -78.903951164623876, 35.993171106366262 ], [ -78.903989675531051, 35.993192509011344 ], [ -78.903995992660597, 35.993196030253138 ], [ -78.903958787614869, 35.993241904904515 ], [ -78.90389629182198, 35.993318911664581 ], [ -78.903218147629929, 35.994141239859282 ], [ -78.903213815285326, 35.99414574165511 ], [ -78.90321229003824, 35.994147361229984 ], [ -78.903205389597233, 35.994152767530522 ], [ -78.903197710569415, 35.994157319898761 ], [ -78.90318922135603, 35.994160941047554 ], [ -78.903180192463239, 35.994163571098532 ], [ -78.903170826846534, 35.994165102045891 ], [ -78.903161291348681, 35.99416558896349 ], [ -78.903151761430365, 35.994164947860718 ], [ -78.903142467311227, 35.994163239012806 ], [ -78.903133512490243, 35.994160484822011 ], [ -78.903125167366341, 35.994156714690654 ], [ -78.902585927606026, 35.993872044412107 ], [ -78.901833930918784, 35.993474817435931 ], [ -78.901826465798379, 35.993470251265443 ], [ -78.901819846713224, 35.993464916588934 ], [ -78.901814208812155, 35.993458868456969 ], [ -78.901809653339697, 35.993452244305644 ], [ -78.90180641618764, 35.993445648684776 ], [ -78.901804294933228, 35.993438751780744 ], [ -78.901803255571821, 35.993431718391854 ], [ -78.901803331840028, 35.993424603486979 ], [ -78.901804557340924, 35.993417571918613 ], [ -78.901806896057224, 35.993410706070534 ], [ -78.902052471430352, 35.992836211678018 ], [ -78.90205264088226, 35.992835854692004 ], [ -78.902163728748235, 35.992575903988545 ], [ -78.902220953516604, 35.992442084005432 ], [ -78.902285701742244, 35.992290606202957 ], [ -78.902435875789266, 35.991939455507335 ], [ -78.902477469917898, 35.991842296576621 ], [ -78.902490385447194, 35.991812116336057 ], [ -78.90273575307819, 35.991231878625754 ], [ -78.902826155474642, 35.991052620302227 ], [ -78.90285187338705, 35.991001572285327 ], [ -78.902992556584081, 35.990722524403751 ], [ -78.903236850590289, 35.990667034566869 ], [ -78.903239656977135, 35.990666404958233 ], [ -78.904242079688132, 35.991007367526933 ], [ -78.904359599448853, 35.991046882107355 ] ] ], [ [ [ -78.902747889693146, 35.994679872935791 ], [ -78.902703466970067, 35.994654866515909 ], [ -78.901546897778815, 35.994004088202416 ], [ -78.901545850587482, 35.994003482998501 ], [ -78.901719929029127, 35.993596312021793 ], [ -78.901721013170615, 35.993596065655808 ], [ -78.901729872358274, 35.993593984993751 ], [ -78.901742855564706, 35.993591962590088 ], [ -78.901756105784884, 35.993591011765332 ], [ -78.90176935899261, 35.99359107736511 ], [ -78.90178254124217, 35.993592159330149 ], [ -78.901795519430891, 35.993594257553369 ], [ -78.901808225984695, 35.993597344509588 ], [ -78.902212361622986, 35.993813370265762 ], [ -78.902731519714777, 35.994098245980148 ], [ -78.903051501623693, 35.994274451482134 ], [ -78.903057441569217, 35.994282450228681 ], [ -78.903062702921474, 35.994290778087205 ], [ -78.903067224476075, 35.994299380067524 ], [ -78.903062315824201, 35.994305227474598 ], [ -78.902748262071881, 35.994679433697861 ], [ -78.902747889693146, 35.994679872935791 ] ] ], [ [ [ -78.906596030267423, 35.991898918681223 ], [ -78.906604137583884, 35.991903649879532 ], [ -78.906612445335981, 35.99191044155004 ], [ -78.906619196930109, 35.991918275925634 ], [ -78.906624153852889, 35.991926960527749 ], [ -78.906627221350135, 35.991936220574836 ], [ -78.906628224416309, 35.991945753753086 ], [ -78.906627199284713, 35.99195528538111 ], [ -78.906624110358464, 35.99196453900521 ], [ -78.906621165127021, 35.991970115068796 ], [ -78.906661168949952, 35.991986820494553 ], [ -78.906711376500425, 35.992007764222492 ], [ -78.90680162176146, 35.992045413334701 ], [ -78.90678570511794, 35.992070564557729 ], [ -78.906791899382824, 35.99206342684375 ], [ -78.906800256647983, 35.992056647901705 ], [ -78.90680989694728, 35.992051161071402 ], [ -78.906820583467123, 35.992047130997435 ], [ -78.906831978081357, 35.992044638117491 ], [ -78.906843708789324, 35.992043824653088 ], [ -78.9068554714013, 35.992044656033592 ], [ -78.906866860238409, 35.992047166288259 ], [ -78.90687753743228, 35.992051212654317 ], [ -78.906883685867186, 35.992054486381384 ], [ -78.906938880727694, 35.992089031924742 ], [ -78.907026190982705, 35.992151072814643 ], [ -78.907107309243372, 35.992218410820279 ], [ -78.907181762704482, 35.992290661001384 ], [ -78.907249112421923, 35.992367383501708 ], [ -78.907308919477543, 35.992448110993877 ], [ -78.907360880162045, 35.99253237625264 ], [ -78.907404623248837, 35.992619629587907 ], [ -78.907439946430273, 35.992709403849339 ], [ -78.90746657780123, 35.992801121948666 ], [ -78.907484389055981, 35.992894261846956 ], [ -78.907493273108543, 35.992988219106593 ], [ -78.907493966741853, 35.993061347206947 ], [ -78.907503488513527, 35.993336200900629 ], [ -78.907488833533705, 35.99473728831191 ], [ -78.90747953149021, 35.995361337541219 ], [ -78.907478371322853, 35.995370759177668 ], [ -78.907475214909581, 35.995379877122296 ], [ -78.907470204122262, 35.995388416773636 ], [ -78.90746346601162, 35.995396130989562 ], [ -78.907455212109326, 35.995402800163014 ], [ -78.907445637044688, 35.995408204674028 ], [ -78.907435087474127, 35.995412207430533 ], [ -78.907423861460131, 35.995414671303763 ], [ -78.907412265451356, 35.99541551582999 ], [ -78.906837581774525, 35.995417604520547 ], [ -78.906786603955396, 35.995417785400257 ], [ -78.906722106998856, 35.995415565969274 ], [ -78.906658224602381, 35.995408100034055 ], [ -78.906595563087137, 35.99539544300076 ], [ -78.906534770870294, 35.99537778766355 ], [ -78.906476483783905, 35.995355246112382 ], [ -78.906421276203886, 35.995328088348877 ], [ -78.906097983370913, 35.995171173777031 ], [ -78.905737931065303, 35.994996456311597 ], [ -78.905683350057814, 35.995071711902362 ], [ -78.905667097602546, 35.995094143072784 ], [ -78.905631807923669, 35.995142687788793 ], [ -78.906006971726512, 35.995324353584557 ], [ -78.906450270606769, 35.995539006287913 ], [ -78.906491162792122, 35.995556357990608 ], [ -78.906534187019673, 35.99556988427284 ], [ -78.906578804714982, 35.995579416461183 ], [ -78.906624451895084, 35.995584832220821 ], [ -78.906662990004619, 35.995586157954435 ], [ -78.907402531491087, 35.995583276599284 ], [ -78.907413238435154, 35.995583923412774 ], [ -78.907423683934425, 35.995585938420732 ], [ -78.907433603948462, 35.995589269915286 ], [ -78.907442753483281, 35.995593838732084 ], [ -78.907450896043173, 35.995599524507043 ], [ -78.907457826846084, 35.995606188013809 ], [ -78.907463372837171, 35.995613659145477 ], [ -78.907467394789876, 35.995621747217385 ], [ -78.907469789406818, 35.995630251270626 ], [ -78.907470497773375, 35.995638958361248 ], [ -78.907459214366241, 35.996369215153727 ], [ -78.907456983256779, 35.996512844948448 ], [ -78.907455685883946, 35.996595807729996 ], [ -78.907452194730737, 35.996819311557857 ], [ -78.90745102388837, 35.996828808725439 ], [ -78.907447850429577, 35.996837998762281 ], [ -78.907442765524678, 35.996846603594797 ], [ -78.907435925822426, 35.99685436236809 ], [ -78.90742753653339, 35.996861043451915 ], [ -78.907417851432299, 35.996866442723601 ], [ -78.907407162275746, 35.996870399012678 ], [ -78.907395790355096, 35.996872790660412 ], [ -78.907384082252818, 35.99687355096912 ], [ -78.906911260225542, 35.996870590443535 ], [ -78.90684567703866, 35.996867563295346 ], [ -78.906780771753702, 35.996859330898694 ], [ -78.906717173918381, 35.996845970997221 ], [ -78.906655491889282, 35.996827614544344 ], [ -78.906596317065151, 35.996804438838694 ], [ -78.906540221781441, 35.996776660654803 ], [ -78.906375388872974, 35.996685748348391 ], [ -78.906155099493276, 35.996563349374888 ], [ -78.905032606313554, 35.995938798502195 ], [ -78.904331878995762, 35.995552500417865 ], [ -78.904286979627813, 35.995527741447894 ], [ -78.90362926868255, 35.9951651580214 ], [ -78.903579304479763, 35.99513762023134 ], [ -78.903525759386469, 35.995108101688245 ], [ -78.903088684259785, 35.994867138165709 ], [ -78.902907149008414, 35.994757028016622 ], [ -78.902905191751145, 35.994755955095961 ], [ -78.90334954953147, 35.994221888582246 ], [ -78.903408724613911, 35.994150730805082 ], [ -78.903825621354528, 35.993649633282878 ], [ -78.905642301820535, 35.991495956354768 ], [ -78.905800222150319, 35.991500940592324 ], [ -78.906129509824154, 35.991665552657516 ], [ -78.906596030267423, 35.991898918681223 ] ] ], [ [ [ -78.902498651961835, 35.994789557852016 ], [ -78.902491813660362, 35.994797656308478 ], [ -78.902483455383901, 35.994804737127986 ], [ -78.902473780191883, 35.994810608176117 ], [ -78.902463024915207, 35.994815104816219 ], [ -78.902263226070772, 35.994882523531082 ], [ -78.902256630011905, 35.994884221449198 ], [ -78.902249768873787, 35.994884985144282 ], [ -78.902242839178783, 35.994884787302787 ], [ -78.902236079638385, 35.994883655586577 ], [ -78.902229625470866, 35.994881590103972 ], [ -78.90222371324154, 35.994878645986063 ], [ -78.901811630500205, 35.994632945404248 ], [ -78.901558040188164, 35.994485662114734 ], [ -78.90138203902788, 35.994387723749348 ], [ -78.901376229386884, 35.994383873132904 ], [ -78.901371299598978, 35.994379254041306 ], [ -78.901367418450718, 35.994374058907262 ], [ -78.901364651336934, 35.99436837019632 ], [ -78.901363105740089, 35.994362407762665 ], [ -78.901362842762197, 35.994356309010008 ], [ -78.901363864280682, 35.994350266236417 ], [ -78.901366102485071, 35.994344444212366 ], [ -78.901369523335831, 35.994339035206679 ], [ -78.901412834601274, 35.994277233166663 ], [ -78.901449624903265, 35.994212706229838 ], [ -78.901454569819592, 35.994204935953306 ], [ -78.901460933640564, 35.994197881064608 ], [ -78.90146864845552, 35.994191788746853 ], [ -78.901477477500606, 35.994186768692501 ], [ -78.901487183978631, 35.994182958064847 ], [ -78.90149749728829, 35.994180494000091 ], [ -78.901508180766911, 35.994179403778077 ], [ -78.901518963914199, 35.994179742122462 ], [ -78.901529508721765, 35.994181481289878 ], [ -78.901539578594168, 35.994184593618797 ], [ -78.901548903232083, 35.99418896900783 ], [ -78.902476672543528, 35.994711028482286 ], [ -78.902485995068261, 35.994717244347243 ], [ -78.902493930183908, 35.994724640352693 ], [ -78.902500275329203, 35.99473299657005 ], [ -78.902504859634391, 35.994742093095972 ], [ -78.902507520746937, 35.994751655092088 ], [ -78.90250825262676, 35.994761435315617 ], [ -78.902506954125116, 35.994771213918789 ], [ -78.902503733391626, 35.994780661336954 ], [ -78.902498651961835, 35.994789557852016 ] ] ], [ [ [ -78.906338930834153, 35.996841396131522 ], [ -78.906337975218435, 35.996847384049374 ], [ -78.906335773255506, 35.996853176998549 ], [ -78.906332420239877, 35.996858587906694 ], [ -78.906327986092322, 35.996863446851393 ], [ -78.90632263996514, 35.996867645795653 ], [ -78.906316483433955, 35.996871047462811 ], [ -78.90630968565317, 35.996873542099102 ], [ -78.906302483292507, 35.996875102414954 ], [ -78.906295079311931, 35.996875618682559 ], [ -78.905854390270633, 35.996877285231783 ], [ -78.905520906833985, 35.996871506130148 ], [ -78.905517796805199, 35.996871448783125 ], [ -78.905485026558466, 35.996853539894985 ], [ -78.905483303623456, 35.996850764003753 ], [ -78.905445312520939, 35.996789639379926 ], [ -78.905401398133606, 35.996731229772884 ], [ -78.905351803026306, 35.996675892485577 ], [ -78.905296864838419, 35.996623984894484 ], [ -78.905236914867572, 35.99657586437101 ], [ -78.905172400678268, 35.996531833435 ], [ -78.905103687431392, 35.996492194542839 ], [ -78.904798048199567, 35.99632372507611 ], [ -78.903818173828313, 35.995783292025315 ], [ -78.903234041282857, 35.995461091682515 ], [ -78.902801221789048, 35.995222383149795 ], [ -78.90245758839778, 35.995033796275123 ], [ -78.902456743980579, 35.995033218712052 ], [ -78.902456001110025, 35.995032531346567 ], [ -78.902455427362071, 35.995031761703352 ], [ -78.902454986786111, 35.995030937224755 ], [ -78.902454753329749, 35.995030057969743 ], [ -78.902454720621279, 35.995029151404061 ], [ -78.90245485482302, 35.995028244971685 ], [ -78.902455162206806, 35.995027393619438 ], [ -78.902455636467465, 35.995026569871264 ], [ -78.902456313420728, 35.99502585788553 ], [ -78.90245709169227, 35.995025224959456 ], [ -78.902458005047166, 35.995024703741755 ], [ -78.902806286069918, 35.994862957999288 ], [ -78.902807537399738, 35.994862491989622 ], [ -78.902808854027185, 35.994862190857326 ], [ -78.90281024229273, 35.994862052890404 ], [ -78.902811628242759, 35.994862083180884 ], [ -78.902812980158714, 35.994862304023584 ], [ -78.902814264233925, 35.994862717108589 ], [ -78.902815446730216, 35.994863267467267 ], [ -78.903550680899514, 35.995271490764338 ], [ -78.904936714143844, 35.996041047808603 ], [ -78.906319765540601, 35.996810256935966 ], [ -78.906325541818845, 35.996814079816836 ], [ -78.906330438297672, 35.996818643736468 ], [ -78.906334317802219, 35.996823811235387 ], [ -78.906337051641003, 35.996829417389741 ], [ -78.906338599797536, 35.99683535228548 ], [ -78.906338930834153, 35.996841396131522 ] ] ], [ [ [ -78.904074132257222, 35.996108336486671 ], [ -78.904109604071351, 35.996128115899594 ], [ -78.90452722716455, 35.996360736764842 ], [ -78.904739650572353, 35.99648229812454 ], [ -78.90485744787749, 35.996551422523019 ], [ -78.904862954695261, 35.996554338724721 ], [ -78.904865488273117, 35.996555879066911 ], [ -78.90486802185103, 35.996557419409058 ], [ -78.904870961286164, 35.99655879524191 ], [ -78.904873494831904, 35.996560363054776 ], [ -78.904876028410129, 35.996561903396731 ], [ -78.904878561988468, 35.996563443738673 ], [ -78.904881535034946, 35.996564984422754 ], [ -78.904884068581097, 35.996566552235358 ], [ -78.904886568354485, 35.996568092550767 ], [ -78.904889135738458, 35.996569632918785 ], [ -78.904891666977733, 35.99657136555475 ], [ -78.904894202669496, 35.996572905897992 ], [ -78.90489714191132, 35.9965744465553 ], [ -78.904899675490441, 35.996575986896787 ], [ -78.904902206730156, 35.996577719532482 ], [ -78.904904742422303, 35.996579259875496 ], [ -78.904907276001751, 35.99658080021684 ], [ -78.904909809354592, 35.996582532854028 ], [ -78.904912342903856, 35.996584098949171 ], [ -78.904914876513928, 35.996585613536368 ], [ -78.90491740986711, 35.996587346173435 ], [ -78.90491994325275, 35.996589051339583 ], [ -78.904922474687567, 35.996590619149764 ], [ -78.90492501018629, 35.99659232431744 ], [ -78.904927543766505, 35.996593864658365 ], [ -78.904930077120198, 35.996595597295112 ], [ -78.904932610538737, 35.996597274990158 ], [ -78.904935144054519, 35.996598870272557 ], [ -78.904937677440913, 35.99660057543835 ], [ -78.90494017698984, 35.99660230804858 ], [ -78.904942744181639, 35.996604013240599 ], [ -78.904945277536015, 35.996605745877041 ], [ -78.904949938614408, 35.996609183363333 ], [ -78.90495247008279, 35.996610723702041 ], [ -78.904955005582764, 35.996612428869092 ], [ -78.904957536630619, 35.996614326328775 ], [ -78.904962163904756, 35.996617763788258 ], [ -78.904964699372755, 35.996619496425964 ], [ -78.904967232760413, 35.996621201591104 ], [ -78.904971893840653, 35.996624639076558 ], [ -78.904974424921662, 35.99662650906501 ], [ -78.904976960390215, 35.996628241702453 ], [ -78.904981587439451, 35.996631871457133 ], [ -78.904984118715021, 35.996633576620312 ], [ -78.90498624621398, 35.99663547376548 ], [ -78.904988781715417, 35.996637178931827 ], [ -78.904990841603976, 35.996639076024309 ], [ -78.904993408765705, 35.996640808686074 ], [ -78.904995534184579, 35.996642678358597 ], [ -78.904998069654084, 35.996644410995572 ], [ -78.905000600703957, 35.996646308454324 ], [ -78.905005227787626, 35.996649910737247 ], [ -78.905007357400322, 35.996651807883694 ], [ -78.905009890595821, 35.996653677873077 ], [ -78.905014111984798, 35.99665730731104 ], [ -78.905016643067796, 35.996659177298632 ], [ -78.90501873887564, 35.996661074418583 ], [ -78.90502126995888, 35.996662944406026 ], [ -78.905023399539928, 35.996664869023036 ], [ -78.905025493267601, 35.996666738670385 ], [ -78.905028026431665, 35.99666863613021 ], [ -78.905030153932557, 35.99667053327461 ], [ -78.905032247628185, 35.996672430392657 ], [ -78.90503478082492, 35.996674300381514 ], [ -78.905036906215315, 35.996676195807176 ], [ -78.905038999909237, 35.996678094642078 ], [ -78.905041535186797, 35.996679992103232 ], [ -78.905043662494265, 35.996682054072487 ], [ -78.905045756222862, 35.996683923719488 ], [ -78.905047881611736, 35.99668582086192 ], [ -78.905049977421029, 35.996687717981317 ], [ -78.90505251035998, 35.99668980773658 ], [ -78.905054637894324, 35.996691677409629 ], [ -78.90505673139711, 35.996693739352381 ], [ -78.905058858931667, 35.996695609025416 ], [ -78.905060952628645, 35.996697506142965 ], [ -78.905063079937079, 35.996699568111886 ], [ -78.905065173634256, 35.996701465229386 ], [ -78.90506729883009, 35.996703527196551 ], [ -78.905069394640279, 35.996705424315607 ], [ -78.905071488143847, 35.996707486258053 ], [ -78.905073615452793, 35.996709548226782 ], [ -78.905075740907634, 35.996711390427031 ], [ -78.905077836491984, 35.996713479841915 ], [ -78.905079963801285, 35.996715541810474 ], [ -78.905082057499257, 35.996717438927682 ], [ -78.90508418269593, 35.996719500894557 ], [ -78.905086278313021, 35.996721562838403 ], [ -78.905088405622763, 35.996723624806819 ], [ -78.905090497014399, 35.996725686747325 ], [ -78.905092624326386, 35.996727746998758 ], [ -78.905094312133158, 35.996729837813497 ], [ -78.905096407976984, 35.996731707461187 ], [ -78.905098569092516, 35.996733769455709 ], [ -78.905100628824556, 35.996735803900506 ], [ -78.90510275398988, 35.996737893337915 ], [ -78.90510447774956, 35.996739954992563 ], [ -78.905106537257723, 35.996742180016348 ], [ -78.905108664598814, 35.996744216230482 ], [ -78.905110318603036, 35.996746305301755 ], [ -78.905112445914, 35.996748367269767 ], [ -78.905114571112264, 35.996750429236101 ], [ -78.905116227263932, 35.996752489121143 ], [ -78.905118354379312, 35.996754717631056 ], [ -78.905120481692762, 35.996756777882013 ], [ -78.905122169533172, 35.996758841225436 ], [ -78.905124260926584, 35.996760903165317 ], [ -78.905125950655872, 35.996763157089369 ], [ -78.905128077967703, 35.996765219057075 ], [ -78.905129765584377, 35.996767472979414 ], [ -78.905131857010517, 35.996769507448313 ], [ -78.905133544853513, 35.996771569074653 ], [ -78.905135674086779, 35.996773794152055 ], [ -78.905137361960243, 35.996775830024369 ], [ -78.905139455241198, 35.996778084261614 ], [ -78.905141143084549, 35.996780145887833 ], [ -78.905143303976416, 35.996782400177423 ], [ -78.905144957820866, 35.996784626602491 ], [ -78.905146645662498, 35.996786689945566 ], [ -78.905148738978298, 35.996788914994809 ], [ -78.905150426628325, 35.996791141445996 ], [ -78.905152114472244, 35.99679320307208 ], [ -78.905154241527171, 35.996795484806093 ], [ -78.905155929209783, 35.99679768378634 ], [ -78.905157617051955, 35.996799747129252 ], [ -78.905159304704469, 35.996801971863356 ], [ -78.905161395906191, 35.996804198627707 ], [ -78.905163085637426, 35.996806452551148 ], [ -78.905164771209698, 35.996808649812692 ], [ -78.9051664609391, 35.996810905453096 ], [ -78.905168148590064, 35.996813131904013 ], [ -78.905169802403535, 35.996815385799501 ], [ -78.905171523858002, 35.996817613993571 ], [ -78.905173651172447, 35.996819675960431 ], [ -78.905175338825813, 35.996821900694336 ], [ -78.90517702624922, 35.996824321157959 ], [ -78.905178713902799, 35.9968265458918 ], [ -78.905180401554432, 35.996828772342553 ], [ -78.905182089208196, 35.996830997076344 ], [ -78.905183776825709, 35.996833252714794 ], [ -78.905185464445339, 35.996835506636344 ], [ -78.905187152129642, 35.996837705616095 ], [ -78.905190087738404, 35.996842350472143 ], [ -78.905191773277863, 35.996844576921085 ], [ -78.905193463043076, 35.996846803373295 ], [ -78.905195150663261, 35.996849057294632 ], [ -78.905196838122137, 35.996851448570226 ], [ -78.905198525774821, 35.996853675020681 ], [ -78.905201495190212, 35.996858319902685 ], [ -78.905203182843138, 35.996860546353098 ], [ -78.905204870270225, 35.996862965099375 ], [ -78.905207806106858, 35.996867417659054 ], [ -78.905209493534201, 35.99686983640531 ], [ -78.905212462950857, 35.996874481286973 ], [ -78.905215398594677, 35.996879098671556 ], [ -78.905217083941949, 35.996881489945132 ], [ -78.905220055440012, 35.996886162299155 ], [ -78.904852423507762, 35.996884667801019 ], [ -78.904761149440276, 35.996884241273015 ], [ -78.904481816716995, 35.996883169870543 ], [ -78.904395634589051, 35.99686491673652 ], [ -78.904309281327969, 35.996846690878357 ], [ -78.904214788766893, 35.996825491722994 ], [ -78.904143072864727, 35.996809419951198 ], [ -78.90407138868359, 35.996793348162058 ], [ -78.903999708756743, 35.996777276334093 ], [ -78.903869759788819, 35.996748137430806 ], [ -78.9037649698016, 35.996687728883003 ], [ -78.903719769087076, 35.996661925585258 ], [ -78.903550011894367, 35.996566193024314 ], [ -78.903493424238761, 35.996534199703213 ], [ -78.903438969134825, 35.996503416759786 ], [ -78.903132394909704, 35.996329942684433 ], [ -78.902952504855421, 35.996228157650414 ], [ -78.902883690583721, 35.996189314079032 ], [ -78.902773459553543, 35.996127059791476 ], [ -78.902729948264707, 35.996102466184745 ], [ -78.902521783731061, 35.995984697406378 ], [ -78.902692742269991, 35.995783087521744 ], [ -78.902609131712893, 35.995736155560998 ], [ -78.902438172665768, 35.995938094982606 ], [ -78.902299227851003, 35.995859527090246 ], [ -78.902231664424363, 35.995821151150864 ], [ -78.901885840651644, 35.995625858063555 ], [ -78.902079650705119, 35.995397510711747 ], [ -78.902324238607335, 35.995109756630718 ], [ -78.902363088154374, 35.995131077629992 ], [ -78.902617682741791, 35.995289430777966 ], [ -78.902823334313382, 35.995413543203156 ], [ -78.903053892666577, 35.995547839272781 ], [ -78.903401008847212, 35.995738679795807 ], [ -78.903613840324994, 35.995855434346403 ], [ -78.904074132257222, 35.996108336486671 ] ] ], [ [ [ -78.902238494680546, 35.996126632850448 ], [ -78.90215660970695, 35.996384958402736 ], [ -78.901968633204206, 35.996345496872522 ], [ -78.901645032935335, 35.996276394737279 ], [ -78.901691698046861, 35.996126194045772 ], [ -78.90177610129841, 35.995855151782635 ], [ -78.901777793813878, 35.995851554457424 ], [ -78.901779084895679, 35.995847956809463 ], [ -78.901781184982127, 35.995844524637235 ], [ -78.901783318875459, 35.995841090775244 ], [ -78.90178585802218, 35.995837990323501 ], [ -78.901788802796389, 35.99583491595174 ], [ -78.901791779028457, 35.995832033901415 ], [ -78.901795165011237, 35.99582926206395 ], [ -78.901798548646866, 35.995826682520722 ], [ -78.901802337504492, 35.995824462141528 ], [ -78.901806159970462, 35.995822403180739 ], [ -78.901809102937747, 35.995820812234889 ], [ -78.901813330592148, 35.995819139908896 ], [ -78.901817997342576, 35.995817770115359 ], [ -78.901822224428287, 35.995816564793643 ], [ -78.901826856938825, 35.995815552093788 ], [ -78.901831522853072, 35.995814869071239 ], [ -78.901834903779275, 35.995814514666598 ], [ -78.90183953545386, 35.995814188737725 ], [ -78.901844200532324, 35.995814192486179 ], [ -78.901848831404692, 35.995814525857618 ], [ -78.901853495848158, 35.995815051552015 ], [ -78.901858123972858, 35.99581590686774 ], [ -78.901862789894281, 35.99581695450982 ], [ -78.901867014071996, 35.995818139151318 ], [ -78.901871237779915, 35.995819710101586 ], [ -78.901874616603124, 35.995821084643026 ], [ -78.901877553847555, 35.995822460546613 ], [ -78.901880528922206, 35.995824001305856 ], [ -78.902094605274215, 35.99594400106529 ], [ -78.902266488863788, 35.996038226477161 ], [ -78.902238494680546, 35.996126632850448 ] ] ], [ [ [ -78.902373278077874, 35.996122784831115 ], [ -78.902408788548968, 35.99611201714756 ], [ -78.902434969614561, 35.996126789923999 ], [ -78.90249875058025, 35.996162388168081 ], [ -78.90256969373317, 35.996201755601561 ], [ -78.902635972623855, 35.996238729309098 ], [ -78.903384934022412, 35.99665652417842 ], [ -78.903411757513481, 35.996671489546252 ], [ -78.903355693863048, 35.996881075455981 ], [ -78.90213573154756, 35.996875461662668 ], [ -78.902248566712117, 35.996518760258816 ], [ -78.902267670948177, 35.99645768202673 ], [ -78.902280432263623, 35.996417692918243 ], [ -78.902372428164441, 35.996126739958989 ], [ -78.902373278077874, 35.996122784831115 ] ] ], [ [ [ -78.901566580455693, 35.996850610255152 ], [ -78.901562762730521, 35.996848739159446 ], [ -78.901558978810954, 35.996846868090849 ], [ -78.901555600991486, 35.996844640228012 ], [ -78.901552223205755, 35.996842384894258 ], [ -78.901548845587811, 35.996839992206105 ], [ -78.901545873835346, 35.996837435019778 ], [ -78.901542936156716, 35.996834658093796 ], [ -78.901540404108815, 35.996831908965561 ], [ -78.901537872228758, 35.996829022482991 ], [ -78.901536184509979, 35.996826933336173 ], [ -78.901534058361307, 35.996823992238845 ], [ -78.901531966387054, 35.996820748989336 ], [ -78.901530280110492, 35.996817478595986 ], [ -78.901528155873677, 35.996812971660148 ], [ -78.901526909234462, 35.996809564266712 ], [ -78.901525628823492, 35.996806129375152 ], [ -78.901524787881968, 35.996802694837868 ], [ -78.90152438661103, 35.996799095829701 ], [ -78.901523951333502, 35.996795661619352 ], [ -78.901523550062635, 35.996792062611163 ], [ -78.901523554455665, 35.996788463929981 ], [ -78.901523963673981, 35.996783821681888 ], [ -78.901524409649014, 35.996780223356666 ], [ -78.901525257766551, 35.996777779132358 ], [ -78.901526104944878, 35.996774373426668 ], [ -78.901644850161489, 35.996424572518904 ], [ -78.902071940918887, 35.996513316919859 ], [ -78.901954046296964, 35.996860042173857 ], [ -78.901610077219843, 35.996859435975132 ], [ -78.901605445886375, 35.996859432244975 ], [ -78.901599935814701, 35.996859262981602 ], [ -78.901595305115833, 35.996858739021896 ], [ -78.901589795884135, 35.996857881269889 ], [ -78.901585571287399, 35.996856998798648 ], [ -78.901581346858322, 35.996855978972995 ], [ -78.901578406831689, 35.996855125007258 ], [ -78.901574182838544, 35.996853748060325 ], [ -78.901570364509695, 35.996852371440134 ], [ -78.901566580455693, 35.996850610255152 ] ] ], [ [ [ -78.90528490522064, 35.997078316407382 ], [ -78.905285747324967, 35.997080899322178 ], [ -78.905286589235871, 35.997083647062063 ], [ -78.905287431340327, 35.997086229976858 ], [ -78.905288273444853, 35.997088812891661 ], [ -78.905289149387087, 35.997091368361808 ], [ -78.905289957686293, 35.997093951250378 ], [ -78.905290799790976, 35.997096534165145 ], [ -78.905291202424749, 35.997099116739165 ], [ -78.905292078367253, 35.997101672209318 ], [ -78.905292886473092, 35.997104419922898 ], [ -78.905293728577959, 35.997107002837652 ], [ -78.905294165049668, 35.997109557967008 ], [ -78.905294971204043, 35.997112168324747 ], [ -78.905295849259659, 35.997114723796471 ], [ -78.905296251700179, 35.99711747119558 ], [ -78.905297093805302, 35.99712005411029 ], [ -78.905297530244937, 35.997122636710479 ], [ -78.905298372350146, 35.99712521962514 ], [ -78.90529877475656, 35.997127996212008 ], [ -78.905299616930392, 35.997130520751142 ], [ -78.905300053368137, 35.997133105068251 ], [ -78.905300895473545, 35.997135687982912 ], [ -78.905301297914363, 35.997138435381956 ], [ -78.905301734354211, 35.997141017982116 ], [ -78.905302576459746, 35.997143600896742 ], [ -78.905302978932895, 35.997146320824939 ], [ -78.905303415372856, 35.997148903425135 ], [ -78.905304257478548, 35.997151486339753 ], [ -78.905304659919537, 35.997154233738762 ], [ -78.905305096359584, 35.997156816338901 ], [ -78.905305498800644, 35.997159563737931 ], [ -78.905305935272992, 35.997162118867259 ], [ -78.905306337907575, 35.997164701441179 ], [ -78.905307179820028, 35.997167449180829 ], [ -78.905307616262263, 35.997170030064048 ], [ -78.905308018669189, 35.997172806650802 ], [ -78.905308455141693, 35.997175361780045 ], [ -78.905308857808691, 35.997177916883146 ], [ -78.905309294055527, 35.997180664308331 ], [ -78.905309660772019, 35.997183246854391 ], [ -78.905309659692563, 35.997185966469701 ], [ -78.905310129906169, 35.997188576566884 ], [ -78.905310532347542, 35.997191323965822 ], [ -78.905310968787987, 35.997193906565911 ], [ -78.905311371229431, 35.997196653964892 ], [ -78.905311805589321, 35.997199209092472 ], [ -78.905311804477705, 35.997201956178664 ], [ -78.90531220711469, 35.9972045370356 ], [ -78.905312643359778, 35.997207286177648 ], [ -78.905312640328816, 35.997209868437082 ], [ -78.905313042770373, 35.997212615836027 ], [ -78.905313479243262, 35.997215170965262 ], [ -78.905313475986631, 35.997217945520575 ], [ -78.905313878655988, 35.9972204989067 ], [ -78.90531387542957, 35.997223247708114 ], [ -78.905314311870285, 35.997225830308153 ], [ -78.905314308645913, 35.99722857739264 ], [ -78.905314711281108, 35.997231159966482 ], [ -78.90531470805675, 35.997233907050962 ], [ -78.905314705025845, 35.99723648931036 ], [ -78.905315141273206, 35.99723923673546 ], [ -78.90531513827456, 35.997241791524061 ], [ -78.90531513505222, 35.997244536891607 ], [ -78.90531553768551, 35.997247121182362 ], [ -78.905315534461153, 35.997249868266785 ], [ -78.905315531236823, 35.997252615351272 ], [ -78.905315528238205, 35.997255170139773 ], [ -78.905315964453436, 35.997257945035741 ], [ -78.905315961422588, 35.997260527295111 ], [ -78.905315958198273, 35.997263274379556 ], [ -78.905315955199654, 35.997265829168136 ], [ -78.905315951975325, 35.997268576252573 ], [ -78.905315948944462, 35.997271158511957 ], [ -78.905315945720119, 35.997273905596366 ], [ -78.905315942495818, 35.997276652680839 ], [ -78.905315939464955, 35.997279234940208 ], [ -78.90531593620841, 35.997282009495471 ], [ -78.905315933209749, 35.997284564283987 ], [ -78.905315929985434, 35.997287311368424 ], [ -78.905315926986816, 35.997289866156954 ], [ -78.905315484292501, 35.997292611183831 ], [ -78.905315481291836, 35.997295167689238 ], [ -78.905315478035263, 35.997297942244522 ], [ -78.905315474808916, 35.997300691045872 ], [ -78.905315471780042, 35.997303271588251 ], [ -78.905315062889215, 35.997306018358273 ], [ -78.905315059858339, 35.997308600617593 ], [ -78.905314617161892, 35.997311347361382 ], [ -78.905314614161199, 35.997313903866811 ], [ -78.905314610938859, 35.997316649234293 ], [ -78.905314202241399, 35.997319231179183 ], [ -78.905314198984783, 35.997322005734432 ], [ -78.90531375651392, 35.997324560182278 ], [ -78.905313753289519, 35.997327307266666 ], [ -78.905313344591988, 35.997329889211549 ], [ -78.905313341367574, 35.997332636295916 ], [ -78.905312898928869, 35.997335163272922 ], [ -78.905312490005571, 35.997337937513734 ], [ -78.905312486974594, 35.99734051977304 ], [ -78.905312044277863, 35.997343266516779 ], [ -78.90531163558019, 35.997345848461649 ], [ -78.905311632355733, 35.997348595546008 ], [ -78.905311189820154, 35.997351204935519 ], [ -78.905310780961187, 35.997353924234602 ], [ -78.905310338490054, 35.997356478682413 ], [ -78.905309929596783, 35.997359227169248 ], [ -78.905309453287785, 35.997361809061687 ], [ -78.905309447952419, 35.997364554427485 ], [ -78.905309075172951, 35.99736713640015 ], [ -78.905308632475936, 35.997369883143833 ], [ -78.905308223778036, 35.997372465088674 ], [ -78.905307781306718, 35.997375019536491 ], [ -78.90530737241528, 35.997377766306371 ], [ -78.905306929911632, 35.997380348224965 ], [ -78.90530608154765, 35.997383094654197 ], [ -78.905305672849579, 35.997385676599016 ], [ -78.905305230152379, 35.99738842334267 ], [ -78.90530482145428, 35.997391005287454 ], [ -78.905304378982734, 35.997393559735222 ], [ -78.905303970091083, 35.997396306505074 ], [ -78.905303121920312, 35.997398888109224 ], [ -78.905302679416408, 35.997401470027782 ], [ -78.905302270524672, 35.997404216797641 ], [ -78.905301422353759, 35.997406798401748 ], [ -78.905300979882028, 35.997409352849473 ], [ -78.905300570990178, 35.997412099619332 ], [ -78.905299722819123, 35.997414681223404 ], [ -78.905299280315049, 35.997417263141948 ], [ -78.90529843214388, 35.997419844746013 ], [ -78.905298023251888, 35.997422591515814 ], [ -78.905297175112906, 35.997425145649053 ], [ -78.905296732608676, 35.997427727567597 ], [ -78.905295884437351, 35.997430309171619 ], [ -78.905295475545216, 35.997433055941407 ], [ -78.905294593568172, 35.997435637519224 ], [ -78.905293779234555, 35.997438191678661 ], [ -78.905293336697895, 35.997440801068002 ], [ -78.905292488365049, 35.997443520026181 ], [ -78.905291671886189, 35.997446101654766 ], [ -78.905291231494573, 35.997448683574895 ], [ -78.905290383355066, 35.997451237708063 ], [ -78.905289535183286, 35.997453819312042 ], [ -78.905288720817012, 35.997456400942227 ], [ -78.905287838839527, 35.997458982519952 ], [ -78.905286990699821, 35.997461536653091 ], [ -78.90528654800157, 35.997464283396596 ], [ -78.905285699829491, 35.99746686500054 ], [ -78.905284851657399, 35.997469446604448 ], [ -78.905284003485249, 35.997472028208357 ], [ -78.905283155345273, 35.997474582341468 ], [ -78.905282307140752, 35.997477191416237 ], [ -78.90528105333334, 35.99747974523472 ], [ -78.905280205160935, 35.997482326838636 ], [ -78.905279357020746, 35.997484880971655 ], [ -78.905278508848241, 35.997487462575513 ], [ -78.905277660675694, 35.997490044179379 ], [ -78.905276812728886, 35.997492433487317 ], [ -78.905275964556211, 35.997495015091175 ], [ -78.905274676910381, 35.997497596354243 ], [ -78.905273828737592, 35.997500177958067 ], [ -78.905272980597019, 35.997502732091093 ], [ -78.905271724643796, 35.997505313378674 ], [ -78.905270878583678, 35.997507894984096 ], [ -78.905270030636473, 35.997510284292005 ], [ -78.905268742990216, 35.997512865554974 ], [ -78.905267894817072, 35.997515447158712 ], [ -78.905266640976336, 35.997518028447921 ], [ -78.905265792835337, 35.997520582580819 ], [ -78.905264471576729, 35.997522998992501 ], [ -78.905263657208948, 35.997525580622423 ], [ -78.905262403400201, 35.99752813444077 ], [ -78.905261555420267, 35.997530551219384 ], [ -78.905260267773386, 35.997533132482275 ], [ -78.905008580973799, 35.997392645033727 ], [ -78.904919055283386, 35.99734243933613 ], [ -78.904536900580382, 35.997127703693081 ], [ -78.904533520358996, 35.997125640736293 ], [ -78.904530516418703, 35.997123413248175 ], [ -78.904527612009673, 35.997120993541692 ], [ -78.904525079625543, 35.99711843505461 ], [ -78.904522545352222, 35.997115687703797 ], [ -78.904520421199933, 35.997112746660385 ], [ -78.904518326595095, 35.99710983311094 ], [ -78.904516642076658, 35.997106755056691 ], [ -78.904515361338554, 35.997103485021952 ], [ -78.904514112293285, 35.997100215011976 ], [ -78.90451327102636, 35.997096945320713 ], [ -78.904512837732824, 35.99709351112309 ], [ -78.904512435904394, 35.997090269246151 ], [ -78.90451243785617, 35.997086835388728 ], [ -78.904512849698946, 35.997083401851675 ], [ -78.904513293039287, 35.997080133164488 ], [ -78.904514142044889, 35.997076864794373 ], [ -78.904515396715723, 35.997073596741302 ], [ -78.904516683046637, 35.997070356183826 ], [ -78.904518376992968, 35.997067253299292 ], [ -78.904520478489658, 35.997064343029365 ], [ -78.904522611678871, 35.997061432784172 ], [ -78.904525148225247, 35.997058687679406 ], [ -78.904527686689207, 35.99705610740132 ], [ -78.904530598930592, 35.997053692240542 ], [ -78.904533608134884, 35.997051469451506 ], [ -78.90453699111653, 35.997049411779734 ], [ -78.904540376015831, 35.997047518934615 ], [ -78.904544164239738, 35.997045818700634 ], [ -78.904547986073979, 35.99704428331804 ], [ -78.904551773712512, 35.997043077559063 ], [ -78.904555592848581, 35.997042036649859 ], [ -78.904559821647894, 35.997041188356633 ], [ -78.904564047944248, 35.997040669711751 ], [ -78.904567834542462, 35.997040343019385 ], [ -78.904957882024817, 35.997040289974862 ], [ -78.905050002048327, 35.997040171029617 ], [ -78.90517633083067, 35.997040269151888 ], [ -78.905271427397054, 35.997040533508446 ], [ -78.905272674746357, 35.997043473858952 ], [ -78.90527395612709, 35.997046221939712 ], [ -78.90527479784366, 35.997049134504799 ], [ -78.905276045225506, 35.997052047384457 ], [ -78.905276887135756, 35.997054795124441 ], [ -78.90527816832325, 35.997057708030255 ], [ -78.90527901000786, 35.997060648066132 ], [ -78.905280257583556, 35.997063396120609 ], [ -78.905281099300552, 35.997066308685646 ], [ -78.905282378875654, 35.997070595133728 ], [ -78.905284063084096, 35.997075760963369 ], [ -78.90528490522064, 35.997078316407382 ] ] ], [ [ [ -78.905782909239306, 35.997065021008432 ], [ -78.905801949741203, 35.997145003397478 ], [ -78.905813450561936, 35.997225913977829 ], [ -78.905817378386857, 35.997307313191932 ], [ -78.905813666159275, 35.997388706513227 ], [ -78.905802381980536, 35.997469654459557 ], [ -78.905783524292659, 35.99754966255216 ], [ -78.905757302759909, 35.997628291415531 ], [ -78.905722590426748, 35.997709825630217 ], [ -78.905686876473041, 35.997780563009776 ], [ -78.905372991921439, 35.997605907761191 ], [ -78.905684064826332, 35.997062637182573 ], [ -78.905782909239306, 35.997065021008432 ] ] ], [ [ [ -78.903780612605161, 35.997205484754843 ], [ -78.903780544273275, 35.997206089060171 ], [ -78.903767974917301, 35.997342499498984 ], [ -78.903696881404386, 35.997342800597139 ], [ -78.903375152041818, 35.997344112389889 ], [ -78.90327938155572, 35.997343487185674 ], [ -78.903278604027946, 35.997343486570102 ], [ -78.903276737281473, 35.997518859114948 ], [ -78.902768396986104, 35.997520873015461 ], [ -78.902768771457104, 35.997548509005966 ], [ -78.903216698702309, 35.99754680437831 ], [ -78.903747450177633, 35.997544806272003 ], [ -78.903705886703591, 35.998039908373748 ], [ -78.903559269257215, 35.99804102890608 ], [ -78.903217390860732, 35.998038863048727 ], [ -78.902702226615418, 35.998035899043721 ], [ -78.902702213361977, 35.998046887377896 ], [ -78.902613103879276, 35.998046294428022 ], [ -78.901759072510117, 35.998040803228164 ], [ -78.901776816366038, 35.997017005731763 ], [ -78.902478268874205, 35.997025808970591 ], [ -78.902691246160572, 35.997023396540655 ], [ -78.903282400937925, 35.997024415410543 ], [ -78.903282325883652, 35.997030623768296 ], [ -78.903284421787163, 35.997030652898509 ], [ -78.903374444419939, 35.997031740557794 ], [ -78.903375695220731, 35.997031741547111 ], [ -78.903379616617329, 35.997031772119499 ], [ -78.90353569541891, 35.997032609707134 ], [ -78.903796061265382, 35.997034023741925 ], [ -78.903820808820441, 35.997034153111706 ], [ -78.903806642905423, 35.997205450312549 ], [ -78.903781322487873, 35.997205512784845 ], [ -78.903780612605161, 35.997205484754843 ] ] ], [ [ [ -78.90512574197345, 35.997659201769139 ], [ -78.905127022325104, 35.997662828917669 ], [ -78.905127863041272, 35.99766659307911 ], [ -78.905128262138319, 35.997670384368412 ], [ -78.905128699105305, 35.997674313041507 ], [ -78.905128694646919, 35.99767810401741 ], [ -78.905128248633858, 35.997681867179551 ], [ -78.905127399032892, 35.99768565749914 ], [ -78.905126551577055, 35.997689420349502 ], [ -78.905124857059505, 35.99769301771682 ], [ -78.905123162541798, 35.997696615084102 ], [ -78.905121466072615, 35.997700075095551 ], [ -78.905118928718622, 35.997703506982965 ], [ -78.905116389445396, 35.997706774043664 ], [ -78.905113004641436, 35.997710370097984 ], [ -78.905110906069964, 35.997712593608014 ], [ -78.905109179361204, 35.997714817406894 ], [ -78.905107080983328, 35.997716876091808 ], [ -78.905104982379243, 35.997719127072507 ], [ -78.905102850001526, 35.997721350556155 ], [ -78.90510075162139, 35.997723410957882 ], [ -78.905098617132623, 35.997725632722869 ], [ -78.905096518754291, 35.997727691407619 ], [ -78.905094388488976, 35.997729914892723 ], [ -78.905092290110417, 35.997731973577373 ], [ -78.905090157925954, 35.997734032235748 ], [ -78.905088057208062, 35.997736283214508 ], [ -78.905085925023357, 35.997738341872818 ], [ -78.905083826644372, 35.997740400557305 ], [ -78.905081696572324, 35.997742459217164 ], [ -78.905079597999176, 35.997744682726605 ], [ -78.905077060145359, 35.997746741069548 ], [ -78.905074927960129, 35.99774879972761 ], [ -78.905072829580561, 35.997750858411919 ], [ -78.905070697395089, 35.997752917069896 ], [ -78.905068599015323, 35.997754975754148 ], [ -78.905066059048053, 35.99775703409518 ], [ -78.90506392897511, 35.997759092754684 ], [ -78.905061830595017, 35.997761151438816 ], [ -78.905059292934212, 35.997763044956294 ], [ -78.905057160748058, 35.99776510361405 ], [ -78.905055060254782, 35.997767162296398 ], [ -78.905052558318204, 35.997769220666697 ], [ -78.905050392552369, 35.997771087002228 ], [ -78.905047854696988, 35.997773145344517 ], [ -78.905045756510106, 35.99777503920329 ], [ -78.90504321865447, 35.997777097545466 ], [ -78.905041086661598, 35.997778991377871 ], [ -78.905038546692865, 35.997781049718341 ], [ -78.905036450618425, 35.997782943578592 ], [ -78.905033910649465, 35.997785001918928 ], [ -78.90503178079932, 35.99778686999894 ], [ -78.905029243139026, 35.997788761798866 ], [ -78.905026705282538, 35.997790820140693 ], [ -78.905024607094717, 35.997792713999097 ], [ -78.905022069432036, 35.997794607515807 ], [ -78.905019497995823, 35.997796473535352 ], [ -78.90501699202585, 35.99779836707657 ], [ -78.905014862144625, 35.997800260910168 ], [ -78.905012324513834, 35.99780212695584 ], [ -78.905009786850584, 35.997804020472273 ], [ -78.905007249187221, 35.997805913988657 ], [ -78.905005150998562, 35.997807807846719 ], [ -78.905002611222102, 35.997809701361334 ], [ -78.905000073590728, 35.997811567406771 ], [ -78.904997536121002, 35.997813296097888 ], [ -78.904995000569926, 35.997815189615636 ], [ -78.904992460825341, 35.997817055659254 ], [ -78.904989925468143, 35.997818784351892 ], [ -78.904987387803843, 35.997820677867836 ], [ -78.904984850365906, 35.9978223790879 ], [ -78.904982312701364, 35.997824272603708 ], [ -78.904979773150373, 35.997825973822032 ], [ -78.904977237598459, 35.997827867339403 ], [ -78.904974666321962, 35.997829596003761 ], [ -78.904972162689262, 35.997831297249839 ], [ -78.904969625024151, 35.997833190765405 ], [ -78.904967087585462, 35.997834891985093 ], [ -78.904964548001445, 35.997836620673887 ], [ -78.904961573200396, 35.997838321553161 ], [ -78.904959035728993, 35.997840050243518 ], [ -78.904956498289877, 35.997841751462971 ], [ -78.904953960818261, 35.997843480153172 ], [ -78.904951423378918, 35.997845181372497 ], [ -78.904948480270264, 35.997846882276114 ], [ -78.904945940685465, 35.997848610964567 ], [ -78.904943405326279, 35.997850339656217 ], [ -78.904940865967873, 35.997851876048614 ], [ -78.904937891133372, 35.997853604398173 ], [ -78.904935353725762, 35.997855278146304 ], [ -78.904932850253289, 35.997856842037379 ], [ -78.904929839499871, 35.997858570358787 ], [ -78.904927333946745, 35.997860106777239 ], [ -78.904924359111661, 35.997861835126486 ], [ -78.904921821865386, 35.997863371520154 ], [ -78.904918878753421, 35.997865074139995 ], [ -78.904916341476579, 35.997866636287469 ], [ -78.904913804229992, 35.997868172680967 ], [ -78.904910827508161, 35.997869708732324 ], [ -78.904908290034683, 35.997871437421594 ], [ -78.904905347118472, 35.997872973499149 ], [ -78.904902370396314, 35.997874509550343 ], [ -78.904899799343454, 35.997876045917224 ], [ -78.904896890200263, 35.997877609491717 ], [ -78.904894352952965, 35.997879145884809 ], [ -78.904891376230339, 35.997880681935719 ], [ -78.904888433477439, 35.997882078941736 ], [ -78.904885896260183, 35.997883589580759 ], [ -78.904882919504871, 35.997885153102246 ], [ -78.904879976587651, 35.997886689179197 ], [ -78.904877439566505, 35.997888033276055 ], [ -78.904874462810838, 35.997889596797421 ], [ -78.904871520087681, 35.997890968049099 ], [ -78.904868982837456, 35.997892506158585 ], [ -78.904866006310272, 35.997893875666939 ], [ -78.90486306336004, 35.997895439214268 ], [ -78.90486008683061, 35.99789681043935 ], [ -78.90485714410697, 35.997898181690708 ], [ -78.904854604745381, 35.997899718081314 ], [ -78.904851630328551, 35.997901089307859 ], [ -78.904848687604556, 35.997902460559018 ], [ -78.904845711074643, 35.997903831783766 ], [ -78.904842768350477, 35.99790520303479 ], [ -78.904839791820336, 35.997906574259353 ], [ -78.904836849096, 35.997907945510228 ], [ -78.904833872565661, 35.997909316734678 ], [ -78.904831335510607, 35.997910688301417 ], [ -78.904828426786167, 35.997911894753358 ], [ -78.90482541644981, 35.997913265951304 ], [ -78.904822505417854, 35.997914637226486 ], [ -78.904819497226526, 35.997915980955092 ], [ -78.904816554695969, 35.997917187380416 ], [ -78.904813578164962, 35.997918558604354 ], [ -78.904810635634206, 35.997919765029557 ], [ -78.904807253627936, 35.997920971112272 ], [ -78.904804241177999, 35.997922342307959 ], [ -78.904801334565605, 35.997923548760951 ], [ -78.904798324455257, 35.99792472766233 ], [ -78.904795381729471, 35.997926098912224 ], [ -78.904792473003951, 35.997927305363298 ], [ -78.904789462860919, 35.997928511735267 ], [ -78.904786520329409, 35.997929718159888 ], [ -78.904783611636034, 35.997930897139959 ], [ -78.904780195823108, 35.997932103195531 ], [ -78.904777219487514, 35.997933307876615 ], [ -78.90477427695366, 35.997934516017857 ], [ -78.904771300842867, 35.997935530119904 ], [ -78.904768358310861, 35.997936736544055 ], [ -78.904764976303241, 35.997937942625569 ], [ -78.904762000192207, 35.997938956727388 ], [ -78.90475905765993, 35.997940163151341 ], [ -78.904756081321707, 35.99794136954884 ], [ -78.904752699540765, 35.997942383334156 ], [ -78.904749757202865, 35.997943424932842 ], [ -78.904746780896787, 35.997944603859324 ], [ -78.904743399083131, 35.99794564511518 ], [ -78.904740454664577, 35.99794665924118 ], [ -78.904737480438712, 35.997947865639887 ], [ -78.9047340986248, 35.997948906895495 ], [ -78.904731156318846, 35.997949921022922 ], [ -78.904728180174502, 35.997950962594729 ], [ -78.904724798392806, 35.997951976379262 ], [ -78.904721856054167, 35.997953017977267 ], [ -78.904718474272315, 35.997954031761616 ], [ -78.904715498354776, 35.997954881037309 ], [ -78.904712556048381, 35.997955895164218 ], [ -78.90470917423383, 35.9979569364192 ], [ -78.904706198283648, 35.997957813165407 ], [ -78.904702850307217, 35.997958826975712 ], [ -78.904699840356386, 35.997959868520439 ], [ -78.904696492606973, 35.997960690034667 ], [ -78.904693516656508, 35.99796156678066 ], [ -78.904690134841488, 35.997962608035046 ], [ -78.904687192729213, 35.997963457336361 ], [ -78.904683811173683, 35.997964278823879 ], [ -78.904680834995744, 35.99796534786541 ], [ -78.904677451294759, 35.997966196821949 ], [ -78.904674511295084, 35.997967046124629 ], [ -78.90467112973927, 35.997967867611777 ], [ -78.904667748088045, 35.997968769794454 ], [ -78.904664772167422, 35.997969620785788 ], [ -78.904661390578923, 35.997970469743528 ], [ -78.904658448660882, 35.997971154219158 ], [ -78.904655033266437, 35.997972003150338 ], [ -78.904652124926784, 35.997972879948001 ], [ -78.904648709532211, 35.99797372887901 ], [ -78.904645328138201, 35.997974413011299 ], [ -78.904642386025046, 35.99797526231157 ], [ -78.904639004630937, 35.997975946443653 ], [ -78.904635623041912, 35.99797679540071 ], [ -78.904632645204671, 35.99797747984762 ], [ -78.904629265923276, 35.997978163981095 ], [ -78.904625884528912, 35.997978848112872 ], [ -78.904622942382915, 35.99797972488345 ], [ -78.904619560988451, 35.997980409015021 ], [ -78.90461617959393, 35.997981093146471 ], [ -78.904612798199366, 35.997981777277836 ], [ -78.904609822474598, 35.99798246172589 ], [ -78.904606441079906, 35.997983145857106 ], [ -78.904603059652686, 35.997983857459054 ], [ -78.904596736598705, 35.997985006297512 ], [ -78.904593355203801, 35.99798569042833 ], [ -78.904589974003784, 35.997986209734037 ], [ -78.904586996165804, 35.997986894179881 ], [ -78.904583614770743, 35.99798757831045 ], [ -78.90458020187765, 35.99798809759114 ], [ -78.904576854515739, 35.997988589452078 ], [ -78.904573473088007, 35.997989301053188 ], [ -78.904567150195689, 35.997990312535926 ], [ -78.904563768995303, 35.997990831840923 ], [ -78.904560387794859, 35.997991351145814 ], [ -78.904557006626916, 35.997991842979815 ], [ -78.904550649895782, 35.997992881906086 ], [ -78.904547268727697, 35.997993373739803 ], [ -78.904543887527055, 35.997993893044239 ], [ -78.904540506326384, 35.997994412348575 ], [ -78.904537125320701, 35.997994766827794 ], [ -78.904533742039604, 35.9979952586595 ], [ -78.904527419310895, 35.99799613106903 ], [ -78.904524038140508, 35.997996624619034 ], [ -78.904520625474191, 35.997996951602225 ], [ -78.904517276161314, 35.997997306105681 ], [ -78.904513894960317, 35.997997825409286 ], [ -78.904510516067248, 35.997998179889443 ], [ -78.904504159757778, 35.997998861692437 ], [ -78.904052805957704, 35.998037132068148 ], [ -78.903903757978611, 35.997948421386326 ], [ -78.903975774113079, 35.997088282752145 ], [ -78.904350440651953, 35.997203789510493 ], [ -78.904467835253527, 35.997271020176065 ], [ -78.904551041321028, 35.997317428571705 ], [ -78.905099576496383, 35.99763033703718 ], [ -78.905102547247324, 35.997632070009438 ], [ -78.905105488450687, 35.997633775487806 ], [ -78.905108863674428, 35.997636525196114 ], [ -78.905111835343064, 35.997639274590853 ], [ -78.905114775092855, 35.997642216256793 ], [ -78.905117746374174, 35.99764529530151 ], [ -78.905120277955632, 35.99764856630069 ], [ -78.905122369871478, 35.997652000066623 ], [ -78.905124022117732, 35.997655600033184 ], [ -78.90512574197345, 35.997659201769139 ] ] ], [ [ [ -78.90459570321309, 35.998144171659249 ], [ -78.904599084419687, 35.998143652353406 ], [ -78.904605405243259, 35.998142613396567 ], [ -78.904608788530098, 35.99814212156295 ], [ -78.904612169736538, 35.998141602256744 ], [ -78.904618526446114, 35.99814059079813 ], [ -78.9046219078473, 35.998139906666644 ], [ -78.904628230785164, 35.998138865993432 ], [ -78.904631610071306, 35.998138183576934 ], [ -78.904637969088085, 35.99813700729392 ], [ -78.904641350294128, 35.998136487986898 ], [ -78.904644731694944, 35.998135803854801 ], [ -78.904651054824996, 35.998134600072284 ], [ -78.904654434112771, 35.99813391593824 ], [ -78.904660759355451, 35.998132712156846 ], [ -78.904664174561859, 35.998132028050598 ], [ -78.904667114372842, 35.998131343573213 ], [ -78.904670497886102, 35.998130659442033 ], [ -78.904673473615816, 35.998129974992558 ], [ -78.904676855016078, 35.998129290859531 ], [ -78.904680236416297, 35.998128606726453 ], [ -78.904683176227039, 35.998127922248706 ], [ -78.904686559740014, 35.998127238117036 ], [ -78.904689535666222, 35.998126387125254 ], [ -78.904692917064168, 35.99812570470872 ], [ -78.904696298464117, 35.998125020575166 ], [ -78.90469924038743, 35.99812433609867 ], [ -78.904702655785854, 35.998123488883216 ], [ -78.904705561792355, 35.998122802661655 ], [ -78.904708979305553, 35.998121953730745 ], [ -78.904711921228653, 35.998121269253964 ], [ -78.904715302855379, 35.998120392824042 ], [ -78.904718684451609, 35.99811954214794 ], [ -78.904721660178467, 35.998118859414184 ], [ -78.904725041770504, 35.998118012171751 ], [ -78.904727983890027, 35.998117161152621 ], [ -78.90473136551843, 35.998116283005366 ], [ -78.904734341439706, 35.998115435446302 ], [ -78.904737722871289, 35.998114723840757 ], [ -78.904740664956108, 35.998113902009095 ], [ -78.904744046549766, 35.998113053049195 ], [ -78.904747022505262, 35.998112176302108 ], [ -78.904750370519949, 35.998111135019798 ], [ -78.904753312604541, 35.998110313187851 ], [ -78.904756322365685, 35.998109436466876 ], [ -78.904759703958987, 35.99810858750655 ], [ -78.904762646073735, 35.998107739920457 ], [ -78.90476602789596, 35.998106696947168 ], [ -78.904769003818558, 35.998105847670324 ], [ -78.904772385606151, 35.998104833884661 ], [ -78.90477532772266, 35.998103984581306 ], [ -78.90477830175918, 35.998102943006792 ], [ -78.904781685464854, 35.998102094047503 ], [ -78.904784627808155, 35.998101052448092 ], [ -78.904787601617457, 35.998100203169194 ], [ -78.904790985549894, 35.998099161913778 ], [ -78.904793927860524, 35.998098147784965 ], [ -78.904796904009444, 35.998097106211645 ], [ -78.904800285601809, 35.998096257250168 ], [ -78.904803227912225, 35.998095243121156 ], [ -78.904806204060932, 35.998094201547559 ], [ -78.904809583702288, 35.99809321523005 ], [ -78.904812528190178, 35.998092146160758 ], [ -78.904815504306228, 35.99809113205778 ], [ -78.904818886125028, 35.99809009079997 ], [ -78.904821828435004, 35.998089076670496 ], [ -78.904824804777704, 35.998087870271455 ], [ -78.90482774711991, 35.998086828671042 ], [ -78.904831128907986, 35.998085813166767 ], [ -78.904834071248075, 35.998084773283097 ], [ -78.904837081363866, 35.998083594380901 ], [ -78.904839989899912, 35.998082552753822 ], [ -78.904843000047947, 35.99808134638063 ], [ -78.904846348027704, 35.998080332566566 ], [ -78.904849324369692, 35.998079126166935 ], [ -78.904852264566017, 35.99807811203506 ], [ -78.90485524302072, 35.998076905636935 ], [ -78.904858185556549, 35.998075699210744 ], [ -78.904861161671406, 35.998074685106609 ], [ -78.904864543683331, 35.998073479022501 ], [ -78.904867486218876, 35.998072272596097 ], [ -78.904870462560282, 35.998071066195934 ], [ -78.904873405063256, 35.998069887240213 ], [ -78.904876381406496, 35.998068679122923 ], [ -78.904879323939682, 35.998067474413176 ], [ -78.904882300280732, 35.998066268012757 ], [ -78.904885242783365, 35.998065089056681 ], [ -78.904888217011361, 35.998063882654442 ], [ -78.90489116165908, 35.998062676229097 ], [ -78.904894137999747, 35.998061469828322 ], [ -78.904897080502039, 35.998060290872033 ], [ -78.904900054923999, 35.998058919644492 ], [ -78.904902999571348, 35.998057713218827 ], [ -78.904905975911703, 35.998056506817797 ], [ -78.904908918640302, 35.998055135565345 ], [ -78.90491189498043, 35.998053929164165 ], [ -78.904914837708844, 35.998052557911564 ], [ -78.904917847822261, 35.99805137900735 ], [ -78.904920756744644, 35.998050007728345 ], [ -78.904923699278555, 35.998048801300527 ], [ -78.904926709618323, 35.998047430100321 ], [ -78.904929618540422, 35.998046058821018 ], [ -78.904935131937407, 35.998043480850583 ], [ -78.904938108473004, 35.998042107906777 ], [ -78.90494105119852, 35.99804073837047 ], [ -78.904944027731858, 35.998039367143491 ], [ -78.904946970459207, 35.998037995890094 ], [ -78.904949507516292, 35.998036624321045 ], [ -78.90495248404936, 35.998035253093839 ], [ -78.904955426776397, 35.998033881840257 ], [ -78.904958401164009, 35.998032538082128 ], [ -78.904960940365967, 35.998031139043583 ], [ -78.904963883092719, 35.998029767789831 ], [ -78.904966859819453, 35.99802823173723 ], [ -78.904969802545992, 35.998026860483307 ], [ -78.904972339602338, 35.998025488913754 ], [ -78.904975316328745, 35.998023952860954 ], [ -78.904979815256326, 35.998021621337145 ], [ -78.904980863884575, 35.998021072735511 ], [ -78.904983739128369, 35.998019591545322 ], [ -78.904986682016144, 35.998018082936781 ], [ -78.904989252813024, 35.998016766334842 ], [ -78.90499222953882, 35.998015230281659 ], [ -78.905046960692189, 35.997986977846502 ], [ -78.905277349916204, 35.997725908792091 ], [ -78.905600446574653, 35.99791521336644 ], [ -78.905498805587698, 35.998048286050327 ], [ -78.904996854165802, 35.998595088755351 ], [ -78.904678727468522, 35.998404275617212 ], [ -78.904291416962096, 35.99817192645547 ], [ -78.904566118181563, 35.998148269180369 ], [ -78.904569499388529, 35.998147749875329 ], [ -78.904575822098195, 35.998146903217538 ], [ -78.904579200964719, 35.998146576206445 ], [ -78.904582582171514, 35.998146056901049 ], [ -78.904585965491165, 35.998145537597232 ], [ -78.904592322006422, 35.998144690965013 ], [ -78.90459570321309, 35.998144171659249 ] ] ], [ [ [ -78.905515594666824, 35.998201421610766 ], [ -78.90580679571039, 35.998032425984782 ], [ -78.906415754464618, 35.998370485098633 ], [ -78.907309509884939, 35.998877699851114 ], [ -78.906683460742357, 35.99957176869551 ], [ -78.905819502993481, 35.999078031479378 ], [ -78.905825088791573, 35.999071387839827 ], [ -78.905185565951228, 35.998676219442487 ], [ -78.905184343280567, 35.998652263908546 ], [ -78.90522412237469, 35.99857507420235 ], [ -78.905269508663338, 35.998499949143223 ], [ -78.905320337007467, 35.99842716330577 ], [ -78.905376438044783, 35.998356991260664 ], [ -78.905437638253716, 35.998289652633517 ], [ -78.905515594666824, 35.998201421610766 ] ] ], [ [ [ -78.904903408499564, 35.999087321198907 ], [ -78.904902859496303, 35.999151547617714 ], [ -78.904905082644632, 35.999215748721895 ], [ -78.904922583062529, 35.999225322198257 ], [ -78.904931521466125, 35.999328592071237 ], [ -78.904949115245785, 35.999431099490089 ], [ -78.904975263532378, 35.999532404839286 ], [ -78.90505174544893, 35.999838489499631 ], [ -78.904808578980536, 35.999691303791096 ], [ -78.903731348801642, 35.999621013382814 ], [ -78.90382613713804, 35.998632934104926 ], [ -78.903854853124997, 35.998278555182004 ], [ -78.90385628415693, 35.998270946880318 ], [ -78.903859233983013, 35.998263641953287 ], [ -78.903863603070775, 35.998256830901575 ], [ -78.903869287686774, 35.998250683619396 ], [ -78.903876156609797, 35.998245387148422 ], [ -78.90388397095245, 35.998241052901022 ], [ -78.903892597440347, 35.998237818126412 ], [ -78.903901727463762, 35.99823579246506 ], [ -78.903911126461665, 35.998235003203284 ], [ -78.903997736636271, 35.998235593242072 ], [ -78.904052023048237, 35.998240608115978 ], [ -78.90410518769913, 35.998250814077586 ], [ -78.904156520869734, 35.998266045746369 ], [ -78.904205279098676, 35.99828608277469 ], [ -78.904250786599491, 35.998310649927227 ], [ -78.904484869288012, 35.998444975084382 ], [ -78.904593076608137, 35.998507087115577 ], [ -78.904969566772692, 35.998743547499927 ], [ -78.904944044751815, 35.998828222001244 ], [ -78.904924471377342, 35.99891391411181 ], [ -78.904910914597806, 35.999000354329439 ], [ -78.904903408499564, 35.999087321198907 ] ] ], [ [ [ -78.901711002767527, 35.998926837063443 ], [ -78.90171710119958, 35.998858686783954 ], [ -78.90172331045305, 35.998786278609131 ], [ -78.901745910862317, 35.998521807392152 ], [ -78.90176537026737, 35.99828255186695 ], [ -78.901766434108268, 35.998269531535001 ], [ -78.901767880306906, 35.998261775613862 ], [ -78.901770902335002, 35.998254326573146 ], [ -78.901775417535177, 35.998247393811489 ], [ -78.901781296785714, 35.998241171237929 ], [ -78.901788377178065, 35.998235837281811 ], [ -78.901796453581881, 35.99823154115095 ], [ -78.901805301884806, 35.998228404566916 ], [ -78.901814670548802, 35.998226514890675 ], [ -78.901824295398683, 35.998225926851617 ], [ -78.902318906089178, 35.998229482484071 ], [ -78.9025908055131, 35.998231073130562 ], [ -78.903192715370153, 35.998235479917817 ], [ -78.903627151389443, 35.998239174850312 ], [ -78.903637795089082, 35.998239973033584 ], [ -78.903648139213104, 35.998242161691934 ], [ -78.903657913382133, 35.99824568395352 ], [ -78.903666853598466, 35.998250446896151 ], [ -78.903674725485317, 35.998256323282519 ], [ -78.903681322165866, 35.998263158426035 ], [ -78.903686468484892, 35.998270773628363 ], [ -78.903690029464371, 35.998278962751719 ], [ -78.90369190816385, 35.998287514537623 ], [ -78.903692058372243, 35.998296200598205 ], [ -78.903673605883938, 35.998518013224697 ], [ -78.90365295172802, 35.998743312891243 ], [ -78.903651335613119, 35.998751954634074 ], [ -78.903648198557377, 35.998760313601046 ], [ -78.903642581809592, 35.99876974025846 ], [ -78.903635045557635, 35.998778236543281 ], [ -78.903625816183549, 35.998785548528254 ], [ -78.903615172852668, 35.99879145494964 ], [ -78.903603434822301, 35.998795779215278 ], [ -78.903590952987912, 35.998798391115272 ], [ -78.903578105651121, 35.998799211969221 ], [ -78.902451116246482, 35.998790955083585 ], [ -78.902327555682916, 35.998790059703879 ], [ -78.902319475723502, 35.998875789776825 ], [ -78.902316701494911, 35.998905456079463 ], [ -78.902314063986154, 35.998933886302687 ], [ -78.902314029581134, 35.998934380750548 ], [ -78.902299920960971, 35.999139192134081 ], [ -78.902328214729181, 35.999139214758188 ], [ -78.902311910373939, 35.999344381492016 ], [ -78.902286994827492, 35.999344553862223 ], [ -78.902254382580722, 35.999754008197378 ], [ -78.902243636536966, 35.999889815444874 ], [ -78.902232922184183, 36.000025595238661 ], [ -78.902229081912381, 36.000071825589352 ], [ -78.902189883323615, 36.000113385063727 ], [ -78.90206801190692, 36.000111804004959 ], [ -78.901928561236247, 36.000110016418049 ], [ -78.901936267732978, 36.000027774909306 ], [ -78.901948670837143, 35.999891969025789 ], [ -78.901961107706157, 35.999756163160853 ], [ -78.901927300703946, 35.999756493147132 ], [ -78.901914901359078, 35.999889194833678 ], [ -78.901902875049515, 36.00002090786127 ], [ -78.9018947551547, 36.000109467329317 ], [ -78.901832619680903, 36.00010837352459 ], [ -78.901748545925969, 36.000105394029688 ], [ -78.901672895707719, 36.000097778684953 ], [ -78.901620097799736, 36.000091033294169 ], [ -78.901626510709292, 36.000016372714377 ], [ -78.901637283040216, 35.999887598083866 ], [ -78.901648393804393, 35.99975849406821 ], [ -78.90168098003312, 35.999372912038822 ], [ -78.901711002767527, 35.998926837063443 ] ] ], [ [ [ -78.902849980896093, 36.000122456915456 ], [ -78.902446781204247, 36.000113068525202 ], [ -78.9023586476996, 36.000084565798311 ], [ -78.902347847677802, 36.000069585558414 ], [ -78.902377122694105, 35.999735700874446 ], [ -78.902443348337229, 35.998980417068715 ], [ -78.902450965062116, 35.998973636133577 ], [ -78.902459761626872, 35.998967901749239 ], [ -78.902469503436407, 35.998963266953005 ], [ -78.902480021227348, 35.998959923905424 ], [ -78.902491044517049, 35.99895789986126 ], [ -78.902502302789713, 35.998957249546294 ], [ -78.903088568050649, 35.99895974886573 ], [ -78.903549514124279, 35.998961734433458 ], [ -78.903560838326527, 35.998962485086402 ], [ -78.903571924210553, 35.998964636563635 ], [ -78.903582467553662, 35.998968161154231 ], [ -78.903592195957643, 35.998972921289145 ], [ -78.903600946828774, 35.998978834427653 ], [ -78.903608477316126, 35.998985790494963 ], [ -78.903558773988422, 35.999558108107408 ], [ -78.903511262101603, 36.000104821045802 ], [ -78.903466702440085, 36.000136816842577 ], [ -78.902987234568741, 36.000125668472634 ], [ -78.902849980896093, 36.000122456915456 ] ] ], [ [ [ -78.905736120788802, 35.999207299927214 ], [ -78.90606280000631, 35.999403416979845 ], [ -78.906564612082846, 35.999704689963117 ], [ -78.906634141029926, 35.999743561137372 ], [ -78.90670370173963, 35.999782430578769 ], [ -78.907549438468465, 36.000288564425155 ], [ -78.907080155080735, 36.00103173393989 ], [ -78.90610533486722, 36.000443552357218 ], [ -78.906037360683271, 36.000402870730603 ], [ -78.905969424600599, 36.000362189094758 ], [ -78.905474872658587, 36.000066413531798 ], [ -78.905469706743517, 36.000089703089216 ], [ -78.905234778620596, 35.999948350154263 ], [ -78.905124481491015, 35.999507027869441 ], [ -78.905099551543032, 35.999404459838772 ], [ -78.905082601224464, 35.99930082663581 ], [ -78.905073630020283, 35.999196540326096 ], [ -78.905072738866096, 35.999091985581636 ], [ -78.905080548198072, 35.999005733179736 ], [ -78.905094881467122, 35.998920035259857 ], [ -78.90511573826501, 35.998835221469498 ], [ -78.905478460707897, 35.999052742142936 ], [ -78.905638455107862, 35.999148711621615 ], [ -78.905736120788802, 35.999207299927214 ] ] ], [ [ [ -78.905345961894355, 36.000417006429494 ], [ -78.905325720420421, 36.000321254882166 ], [ -78.905270943389425, 36.000101225953287 ], [ -78.905497828764751, 36.000236613133836 ], [ -78.905880392777959, 36.000464863176958 ], [ -78.905501298372172, 36.000883966014158 ], [ -78.905409054479833, 36.000985976231163 ], [ -78.905375432692935, 36.001027925621095 ], [ -78.905347861170597, 36.001072681713197 ], [ -78.905326642748435, 36.001119667858759 ], [ -78.905312116152231, 36.001168334906922 ], [ -78.905340397730271, 36.00095067797966 ], [ -78.905356627363062, 36.000804710561447 ], [ -78.905364552627873, 36.000707772136018 ], [ -78.905365410370692, 36.000610608465266 ], [ -78.905359202311047, 36.000513576671466 ], [ -78.905345961894355, 36.000417006429494 ] ] ], [ [ [ -78.904089030836857, 36.001955815776022 ], [ -78.904007130768917, 36.002091889959793 ], [ -78.903996942992933, 36.002108817713498 ], [ -78.90398983181133, 36.002118553963847 ], [ -78.903980889931475, 36.002127238016172 ], [ -78.903970350049946, 36.002134643418749 ], [ -78.903958482860347, 36.002140574654462 ], [ -78.903945597033001, 36.002144884309907 ], [ -78.903932028670297, 36.002147455898076 ], [ -78.903918124380311, 36.002148222731307 ], [ -78.903904253952817, 36.002147169647998 ], [ -78.903890768119638, 36.002144315810192 ], [ -78.903687923511555, 36.002086848509961 ], [ -78.903600663938917, 36.002062181288423 ], [ -78.903587140803211, 36.002058736765001 ], [ -78.903574439487983, 36.002053630904179 ], [ -78.903562861998893, 36.002046989280245 ], [ -78.903552691281291, 36.002038973508 ], [ -78.903544165875132, 36.002029772637897 ], [ -78.90353749892121, 36.00201961175587 ], [ -78.903532846487224, 36.002008734789044 ], [ -78.903530322358677, 36.001997404517169 ], [ -78.903529989599292, 36.001985892264464 ], [ -78.903532370992238, 36.00194695940975 ], [ -78.903535722197859, 36.001892156054083 ], [ -78.903533615636022, 36.001892099449094 ], [ -78.90359678633645, 36.001166045651324 ], [ -78.903608506710469, 36.001015877030852 ], [ -78.903619742092545, 36.000871921576298 ], [ -78.903644551562664, 36.000587709028316 ], [ -78.903657038692359, 36.000444671372463 ], [ -78.903669476526488, 36.000302181368248 ], [ -78.903694399202948, 36.000016651952251 ], [ -78.903715762391329, 35.999756883910784 ], [ -78.904064382987542, 35.999777706363126 ], [ -78.904390587325608, 35.999797198546503 ], [ -78.904363925502366, 36.00006009251112 ], [ -78.90437211455172, 36.000060624301241 ], [ -78.904356775573973, 36.000345059084623 ], [ -78.904342600132438, 36.000487441345442 ], [ -78.904328369052934, 36.000630372969745 ], [ -78.904299491864052, 36.000920423448868 ], [ -78.904285179366141, 36.001064175671011 ], [ -78.904271003671809, 36.001206557883066 ], [ -78.904230781428936, 36.001610653097387 ], [ -78.904198930287492, 36.00161096120884 ], [ -78.904180688363894, 36.001809021828073 ], [ -78.904119623608224, 36.001906818112396 ], [ -78.904089030836857, 36.001955815776022 ] ] ], [ [ [ -78.904915094022627, 36.002049343758969 ], [ -78.90494037969863, 36.002053156125733 ], [ -78.904879514991364, 36.002320592090044 ], [ -78.904661861705847, 36.00232014772714 ], [ -78.90457660181869, 36.002317553848762 ], [ -78.904491787160893, 36.002310125395503 ], [ -78.904407789566463, 36.002297917600792 ], [ -78.904325048451426, 36.002281013222841 ], [ -78.904243969520721, 36.002259412582035 ], [ -78.904193174583526, 36.002244291281386 ], [ -78.904186449870778, 36.002241758692648 ], [ -78.904180332659308, 36.002238320043048 ], [ -78.904175031970624, 36.002234112850765 ], [ -78.904170676598341, 36.002229219629307 ], [ -78.904167403689982, 36.002223805311303 ], [ -78.904165280664813, 36.002218034774586 ], [ -78.904164374972453, 36.002212047143153 ], [ -78.904164751925308, 36.002206002142351 ], [ -78.904166349979576, 36.002200124641256 ], [ -78.904169162667472, 36.002194522801055 ], [ -78.904267864731835, 36.002037247342209 ], [ -78.904294935024595, 36.00198831555312 ], [ -78.904316023640874, 36.001937456115094 ], [ -78.904330893351798, 36.001885163320033 ], [ -78.904339442127394, 36.00183195903594 ], [ -78.904385998344495, 36.001369235736945 ], [ -78.904402506894598, 36.001203395260184 ], [ -78.904535343777283, 35.999855489840847 ], [ -78.904604244487786, 35.999810263130001 ], [ -78.904802102314392, 35.999817135806836 ], [ -78.905061329883353, 35.999974716263715 ], [ -78.905069091425389, 35.999979428393402 ], [ -78.905164962089643, 36.000371989016102 ], [ -78.905165281716421, 36.000373297562824 ], [ -78.905183936336314, 36.000465339340607 ], [ -78.905195456803526, 36.000558173947297 ], [ -78.905199742130947, 36.000651411563993 ], [ -78.905196826546572, 36.000744672777202 ], [ -78.905186710447069, 36.000837598748937 ], [ -78.905169394227656, 36.000929832356995 ], [ -78.90509781308009, 36.001244953017732 ], [ -78.905083266110879, 36.001309001966135 ], [ -78.904915094022627, 36.002049343758969 ] ] ], [ [ [ -78.902886968495707, 36.000262118877693 ], [ -78.903398952375738, 36.000277304097601 ], [ -78.903444995608339, 36.000278686567327 ], [ -78.903505852619404, 36.000333017024104 ], [ -78.903488951831619, 36.000500356005645 ], [ -78.90347896169294, 36.00059940794192 ], [ -78.903397945301165, 36.001402316252992 ], [ -78.903376069742208, 36.00162997714213 ], [ -78.903358449637238, 36.00180467763132 ], [ -78.903351353086677, 36.001886809770255 ], [ -78.90248397602295, 36.001894993588749 ], [ -78.902484894579757, 36.001872754976127 ], [ -78.902489306853823, 36.001765802573857 ], [ -78.902372491000804, 36.001663270585894 ], [ -78.902462963271773, 36.001660236929723 ], [ -78.902487176340586, 36.001430739242203 ], [ -78.902533223634833, 36.00142929256269 ], [ -78.902555300992873, 36.001148448442869 ], [ -78.902521391523379, 36.001149163103726 ], [ -78.902565374723963, 36.000589342651082 ], [ -78.90257443919802, 36.000473889961384 ], [ -78.90225111767775, 36.000465802506724 ], [ -78.902255514140165, 36.000410454006904 ], [ -78.902257776233967, 36.000383257971819 ], [ -78.902208117577587, 36.000382009514915 ], [ -78.90221024716962, 36.000354320616218 ], [ -78.902219305099479, 36.000244664283294 ], [ -78.902268627749976, 36.000245884996119 ], [ -78.90272429593341, 36.000257291945779 ], [ -78.902813813169359, 36.000259947166171 ], [ -78.902886968495707, 36.000262118877693 ] ] ], [ [ [ -78.90573704694232, 36.002320350202112 ], [ -78.905188077052259, 36.002319293575461 ], [ -78.905349970341931, 36.001610726930934 ], [ -78.905374847811814, 36.001614784412794 ], [ -78.905388542477652, 36.001554853684098 ], [ -78.905471491634245, 36.001191836001063 ], [ -78.905486250765264, 36.001146602967786 ], [ -78.905509154727852, 36.001103656310384 ], [ -78.905539693133335, 36.001063984579709 ], [ -78.906011336844202, 36.000543364030889 ], [ -78.906350317771114, 36.000748199640455 ], [ -78.906391026688965, 36.0007727897626 ], [ -78.907010210532633, 36.001146948313874 ], [ -78.906267114147411, 36.002321389860768 ], [ -78.905791646191048, 36.002320474729032 ], [ -78.90573704694232, 36.002320350202112 ] ] ], [ [ [ -78.902191570176541, 36.001259414634951 ], [ -78.90214399744265, 36.001905298012531 ], [ -78.901512494588786, 36.00191555912258 ], [ -78.901552069788593, 36.001234012411345 ], [ -78.902191570176541, 36.001259414634951 ] ] ], [ [ [ -78.902787849597786, 36.002055280752892 ], [ -78.902791230350985, 36.002055283442914 ], [ -78.902797585736664, 36.002055645620239 ], [ -78.902803907546527, 36.002055815474769 ], [ -78.902807288101144, 36.002055982989098 ], [ -78.90281364371863, 36.002056152870068 ], [ -78.902819965296899, 36.002056515019262 ], [ -78.902823343738589, 36.002056682531517 ], [ -78.902829701239611, 36.0020570429919 ], [ -78.902836020537535, 36.002057544209535 ], [ -78.902839403172152, 36.002057739195465 ], [ -78.902845756279859, 36.002058238722547 ], [ -78.902852079772885, 36.002058765696567 ], [ -78.902858432847665, 36.002059292693779 ], [ -78.902861849323017, 36.002059460235181 ], [ -78.902868136697322, 36.002060152004553 ], [ -78.902874491885285, 36.002060679002582 ], [ -78.90288081306727, 36.002061370798216 ], [ -78.90288716591094, 36.00206209008946 ], [ -78.90289054630064, 36.002062394955473 ], [ -78.902896869397466, 36.002063251576672 ], [ -78.902903224354404, 36.002063970868761 ], [ -78.902909543225519, 36.002064827485952 ], [ -78.902915900097298, 36.002065711603898 ], [ -78.902922219001766, 36.002066540749581 ], [ -78.902928575875876, 36.002067423149867 ], [ -78.902934894745485, 36.002068281482671 ], [ -78.902941251419477, 36.002069330423957 ], [ -78.902947570093147, 36.002070351863949 ], [ -78.902953926800478, 36.002071373333813 ], [ -78.902959841863961, 36.002072421923359 ], [ -78.902963185871201, 36.002073111349858 ], [ -78.902969542611956, 36.002074105348107 ], [ -78.902975896975633, 36.002075319110702 ], [ -78.902981811808402, 36.002076559994734 ], [ -78.902985191934746, 36.002077084624425 ], [ -78.902988130251885, 36.002077773728139 ], [ -78.902991510180087, 36.0020784631824 ], [ -78.902997425079391, 36.00207964912412 ], [ -78.903000807120748, 36.002080338579809 ], [ -78.903003781358692, 36.002081027711661 ], [ -78.903010099802856, 36.002082241443922 ], [ -78.903013076153925, 36.002082930577224 ], [ -78.903016016586534, 36.002083617964992 ], [ -78.903019394202047, 36.002084473958526 ], [ -78.903022370553288, 36.002085163091593 ], [ -78.903025310983992, 36.002085852196082 ], [ -78.903028690912862, 36.002086541649327 ], [ -78.903031665151289, 36.002087230780511 ], [ -78.903034605350982, 36.002088112180282 ], [ -78.903037985282097, 36.002088799916329 ], [ -78.90304099332613, 36.002089490791001 ], [ -78.903043899753598, 36.002090342976075 ], [ -78.903046907797744, 36.00209103385059 ], [ -78.903050253721403, 36.002091888101198 ], [ -78.903053193954506, 36.00209274202976 ], [ -78.903056168193359, 36.00209343116034 ], [ -78.903059108395624, 36.002094310842558 ], [ -78.903062488125002, 36.002095166836533 ], [ -78.903065462364026, 36.0020958559669 ], [ -78.903068402597441, 36.002096709895085 ], [ -78.903071376638522, 36.002097563850057 ], [ -78.903074316839039, 36.002098445248841 ], [ -78.903077696570818, 36.002099299525497 ], [ -78.903080670612113, 36.002100153480249 ], [ -78.9030836108128, 36.002101034878827 ], [ -78.903086584854208, 36.002101888833387 ], [ -78.903238665519012, 36.002146457160627 ], [ -78.903241605525423, 36.002147503380172 ], [ -78.903244985063338, 36.002148522476951 ], [ -78.903247958679856, 36.002149733547824 ], [ -78.903250898490882, 36.002150942874948 ], [ -78.903253871907836, 36.002152320487376 ], [ -78.903256811519299, 36.002153696356046 ], [ -78.90325978474084, 36.00215523707616 ], [ -78.903262724154857, 36.002156777769464 ], [ -78.90326525764749, 36.002158510436914 ], [ -78.903267791173192, 36.002160215633594 ], [ -78.903271608332844, 36.00216280091265 ], [ -78.903274141430586, 36.002164863229481 ], [ -78.903276708500712, 36.002166788219021 ], [ -78.903278768325521, 36.00216882269023 ], [ -78.903281301423661, 36.002170885006876 ], [ -78.903283428633316, 36.002173111827055 ], [ -78.90328511634452, 36.002175338299274 ], [ -78.903287209746765, 36.002177565092644 ], [ -78.903288897260538, 36.002179956389526 ], [ -78.903290584708543, 36.00218240262798 ], [ -78.90329227225547, 36.002184766454036 ], [ -78.903293959703674, 36.002187212692448 ], [ -78.903295241329232, 36.002189768492919 ], [ -78.903296489114254, 36.002192351737342 ], [ -78.903297770707042, 36.002194935008518 ], [ -78.903299018492248, 36.002197518252906 ], [ -78.903299860621445, 36.002200071988483 ], [ -78.903300702516049, 36.002202821453423 ], [ -78.903301544412784, 36.002205569201436 ], [ -78.903301980816025, 36.002208151803586 ], [ -78.903302383214054, 36.002210899203682 ], [ -78.903302819419764, 36.002213646630608 ], [ -78.903303221850777, 36.002216366559928 ], [ -78.903303218327196, 36.002219305934481 ], [ -78.903303212921173, 36.00222205301182 ], [ -78.903303211774016, 36.00222477262173 ], [ -78.903291545221464, 36.002452798622443 ], [ -78.903310958700843, 36.002474460989312 ], [ -78.903307062296946, 36.00253797042555 ], [ -78.903281607642583, 36.00295874815248 ], [ -78.903278217012584, 36.00299514600578 ], [ -78.903264502662708, 36.003152790108949 ], [ -78.903260641645431, 36.003188497382574 ], [ -78.903255535452303, 36.003217669051715 ], [ -78.903248736782189, 36.003248566606878 ], [ -78.90323983973235, 36.003281359701866 ], [ -78.903226675246557, 36.003320495171472 ], [ -78.903216937328665, 36.003349661451644 ], [ -78.903211848383805, 36.003364436712722 ], [ -78.903005229108828, 36.003688593139827 ], [ -78.902368785912174, 36.003690998108731 ], [ -78.901889110107533, 36.00369283898398 ], [ -78.901483411291935, 36.003694408001202 ], [ -78.901485352055616, 36.003489422442819 ], [ -78.901490183457199, 36.002993715650589 ], [ -78.901491122757747, 36.002916660789346 ], [ -78.901494998361571, 36.002511469446311 ], [ -78.90149978955931, 36.002048590057875 ], [ -78.901917758317524, 36.00204376181577 ], [ -78.902700413735204, 36.002035129980214 ], [ -78.902736327316703, 36.002054910095652 ], [ -78.902739674262321, 36.002054912760208 ], [ -78.902743055015506, 36.002054915451581 ], [ -78.902749408950356, 36.002054728213885 ], [ -78.902755733071714, 36.002054733247817 ], [ -78.902759113824871, 36.002054735938728 ], [ -78.902765469409061, 36.002054933292975 ], [ -78.902771791417479, 36.00205493832442 ], [ -78.902775172170664, 36.002054941014919 ], [ -78.902781527788008, 36.002055110897523 ], [ -78.902787849597786, 36.002055280752892 ] ] ], [ [ [ -78.904784147303374, 36.003291198854953 ], [ -78.904794886892176, 36.003272197427791 ], [ -78.904850095447003, 36.003157579014157 ], [ -78.904910780477621, 36.003014501643044 ], [ -78.904967037851065, 36.002870241262045 ], [ -78.904991666978404, 36.002798424251658 ], [ -78.905012341518045, 36.002725780035412 ], [ -78.905073986990516, 36.002484249631337 ], [ -78.906152051714415, 36.002481319016844 ], [ -78.905964512808353, 36.002777639805785 ], [ -78.905915806976907, 36.002854905164185 ], [ -78.905834957482398, 36.002983433727955 ], [ -78.905826049995071, 36.002997134794917 ], [ -78.905801933999072, 36.003035437978966 ], [ -78.905769759491093, 36.003084173848904 ], [ -78.90573592854561, 36.003132743606564 ], [ -78.905702021722206, 36.003188345821542 ], [ -78.905687625632339, 36.003212014543095 ], [ -78.905656281028158, 36.003271904167065 ], [ -78.905621916996779, 36.00334434560628 ], [ -78.905146541295395, 36.003344307105891 ], [ -78.904784147303374, 36.003291198854953 ] ] ], [ [ [ -78.903883225402424, 36.002330004007312 ], [ -78.904075624978717, 36.002386800043162 ], [ -78.904175998648853, 36.002416437407355 ], [ -78.904283814421291, 36.002442426901275 ], [ -78.904393666411579, 36.002461933064289 ], [ -78.904504979922592, 36.002474905651084 ], [ -78.904617146525297, 36.002481229148714 ], [ -78.904729625299083, 36.002480877379192 ], [ -78.904666119693061, 36.002722131451009 ], [ -78.904626728444271, 36.00284082954672 ], [ -78.904580712581193, 36.002957956614402 ], [ -78.904528239329537, 36.003073238069447 ], [ -78.904469346892455, 36.003186510825692 ], [ -78.904415917079788, 36.003284951871244 ], [ -78.904358698067966, 36.003381987195596 ], [ -78.904337225943678, 36.003415622118496 ], [ -78.90429773223272, 36.003477510377337 ], [ -78.904025652108416, 36.003866860363992 ], [ -78.903826102713595, 36.004134461299941 ], [ -78.903632800847021, 36.004405088597821 ], [ -78.903485168396102, 36.004621441896447 ], [ -78.903483781956723, 36.004623446168878 ], [ -78.903268927028776, 36.004934410397979 ], [ -78.903268419008185, 36.004935151707038 ], [ -78.903134368343672, 36.005131296792861 ], [ -78.903132945865948, 36.005133383444708 ], [ -78.903067128491557, 36.005238873996007 ], [ -78.90296747047779, 36.005398674842887 ], [ -78.902798256568332, 36.005398705160573 ], [ -78.902648720452504, 36.005397926801436 ], [ -78.902166573795384, 36.00539545389136 ], [ -78.902171144717229, 36.005388177794202 ], [ -78.902230020359198, 36.00529449461272 ], [ -78.902258136029843, 36.00524971226109 ], [ -78.902286454855158, 36.005204655356899 ], [ -78.902315518807157, 36.005158472738913 ], [ -78.902343803792817, 36.005113388321959 ], [ -78.902371950966426, 36.005068660907824 ], [ -78.902413211722703, 36.005002956280862 ], [ -78.902457247864106, 36.004932913469858 ], [ -78.902610120532074, 36.004689671711823 ], [ -78.902610457168706, 36.004689122564365 ], [ -78.902612997658736, 36.004685113854215 ], [ -78.902728034820925, 36.004502002794759 ], [ -78.902730440031817, 36.004498021444917 ], [ -78.902845583121888, 36.004308974937686 ], [ -78.902975520855691, 36.004100796347423 ], [ -78.9029762681741, 36.004099615696632 ], [ -78.903021286649178, 36.004027183478811 ], [ -78.903322339732426, 36.003554759505626 ], [ -78.903411254244332, 36.003414454031983 ], [ -78.903433496196428, 36.00336114735066 ], [ -78.903448908646638, 36.00330627458213 ], [ -78.903457330335627, 36.003250407337447 ], [ -78.903510945728627, 36.002406024477082 ], [ -78.90351391973347, 36.002385724177174 ], [ -78.903520696371842, 36.002366034671823 ], [ -78.903531392008929, 36.002346827282842 ], [ -78.903545658781326, 36.00232921601949 ], [ -78.903563143294903, 36.002313640134702 ], [ -78.903583416157034, 36.002300482162703 ], [ -78.903605976204844, 36.002290066205731 ], [ -78.903630265302212, 36.002282652795074 ], [ -78.903655685265662, 36.002278420018271 ], [ -78.903681604186843, 36.002277477259696 ], [ -78.903707388151304, 36.002279844622493 ], [ -78.903732394884855, 36.002285464942148 ], [ -78.903883225402424, 36.002330004007312 ] ] ], [ [ [ -78.905533131120436, 36.004128733128695 ], [ -78.905532845400131, 36.004372701025552 ], [ -78.904958102646248, 36.004370716910437 ], [ -78.904671574282062, 36.004369806909075 ], [ -78.904406180464221, 36.00436891277397 ], [ -78.904056193783816, 36.00436775936533 ], [ -78.90419317227817, 36.00418180717223 ], [ -78.904312579635402, 36.004012488354554 ], [ -78.904326601963845, 36.003992637950148 ], [ -78.904598678946712, 36.003603287311009 ], [ -78.904694813908819, 36.003444800874362 ], [ -78.904853516146289, 36.003467697867272 ], [ -78.905141307948782, 36.003509127858607 ], [ -78.905566819726857, 36.003509126129821 ], [ -78.905548107645416, 36.003609546630749 ], [ -78.90553957678388, 36.003676843495775 ], [ -78.905535699186188, 36.003754612047715 ], [ -78.905535639167397, 36.003804057722036 ], [ -78.905535127972257, 36.003867075337645 ], [ -78.905534648471672, 36.003930092976127 ], [ -78.905534156877721, 36.003974567816073 ], [ -78.905534100577427, 36.004022641666133 ], [ -78.905533634169046, 36.00407447869712 ], [ -78.905533131120436, 36.004128733128695 ] ] ], [ [ [ -78.902453623652846, 36.00412768673997 ], [ -78.902342111440561, 36.004081748896972 ], [ -78.902263049138469, 36.004096794612209 ], [ -78.902110030545657, 36.004126040102406 ], [ -78.901945649715145, 36.004157333157984 ], [ -78.901779476507059, 36.004188955917634 ], [ -78.901484868723031, 36.004245033846068 ], [ -78.901485883363819, 36.004106307147026 ], [ -78.901487302023583, 36.003968954305989 ], [ -78.901488754285566, 36.003831766309368 ], [ -78.901678926876627, 36.00383106790666 ], [ -78.901857266567944, 36.003830359703066 ], [ -78.901868220449231, 36.003830368501895 ], [ -78.902027559886562, 36.003829644786954 ], [ -78.902196196363604, 36.003829120602731 ], [ -78.902372000491937, 36.003828354676365 ], [ -78.902479342362682, 36.003827945930738 ], [ -78.902848699651713, 36.003826674362465 ], [ -78.902876659259974, 36.003826559238469 ], [ -78.902899136615488, 36.003858937705878 ], [ -78.902827390317768, 36.003973626185577 ], [ -78.902751175863202, 36.004096167709235 ], [ -78.902674519554324, 36.004218708827622 ], [ -78.902453623652846, 36.00412768673997 ] ] ], [ [ [ -78.901480095730321, 36.00469110072266 ], [ -78.901482006362613, 36.004512542122868 ], [ -78.90148392852872, 36.004322802906657 ], [ -78.901699909932958, 36.004282979397267 ], [ -78.90189733160507, 36.004245530563239 ], [ -78.902094749067857, 36.004207916581635 ], [ -78.902330179949516, 36.00416313532719 ], [ -78.902616631938614, 36.004280938990831 ], [ -78.902540820031206, 36.004403837810052 ], [ -78.902325374943103, 36.004752929393966 ], [ -78.902251662416518, 36.004872423312101 ], [ -78.902266774811125, 36.004872517814427 ], [ -78.902239234859607, 36.004916612148705 ], [ -78.902204104813023, 36.004972900863834 ], [ -78.902165558228134, 36.005034157327223 ], [ -78.902083851984557, 36.005165457167223 ], [ -78.901943271078622, 36.005390934492617 ], [ -78.901473328635703, 36.005389182881281 ], [ -78.90147623340124, 36.005087006600675 ], [ -78.901478171297526, 36.004884411111767 ], [ -78.901479571328792, 36.004762332056941 ], [ -78.901480095730321, 36.00469110072266 ] ] ], [ [ [ -78.905516886722253, 36.005383805932865 ], [ -78.905513908318667, 36.00538655070762 ], [ -78.905510524433012, 36.005389102873309 ], [ -78.905507140514942, 36.00539168250959 ], [ -78.905503385116788, 36.005393904738348 ], [ -78.905500374287357, 36.005395468244103 ], [ -78.905497465109917, 36.00539683953297 ], [ -78.905494046910619, 36.005398018132567 ], [ -78.905489821072294, 36.005399580698231 ], [ -78.905485593346029, 36.005400950966823 ], [ -78.905480926715072, 36.005401798950928 ], [ -78.905476291779934, 36.005402646959318 ], [ -78.905471627648154, 36.005403165295562 ], [ -78.905466995630789, 36.005403326536353 ], [ -78.903336397312174, 36.005395835618813 ], [ -78.903360688929098, 36.005351846642853 ], [ -78.903441480715401, 36.005222083601339 ], [ -78.903529737997744, 36.005095567947514 ], [ -78.903625158257711, 36.004972574135039 ], [ -78.903932869424452, 36.004532157557968 ], [ -78.905532652366645, 36.004537525624421 ], [ -78.90553852199541, 36.0049528610094 ], [ -78.90553298486995, 36.005348793134722 ], [ -78.905532540946382, 36.005352556288564 ], [ -78.90553213291264, 36.005356346940921 ], [ -78.905531281136788, 36.005360137250207 ], [ -78.905529994296188, 36.005363734927535 ], [ -78.905528739151421, 36.005367332629376 ], [ -78.905527044490483, 36.005370929991351 ], [ -78.905524910506429, 36.005374362188888 ], [ -78.905522371008175, 36.005377629248116 ], [ -78.905519829621895, 36.005380704010399 ], [ -78.905516886722253, 36.005383805932865 ] ] ], [ [ [ -78.907516297545484, 36.004956461920244 ], [ -78.907516273954315, 36.004977037520533 ], [ -78.90677123021409, 36.0049747680821 ], [ -78.906771208514144, 36.004995371154479 ], [ -78.906770324431236, 36.005407432223329 ], [ -78.906550566938066, 36.005406742389532 ], [ -78.906297002815734, 36.005405861412484 ], [ -78.906043436393873, 36.005405144732116 ], [ -78.905803393551196, 36.005404437952748 ], [ -78.905798694301495, 36.005404269504915 ], [ -78.905794096671116, 36.005403936310529 ], [ -78.905789431839978, 36.005403245944024 ], [ -78.905784801042557, 36.005402363308171 ], [ -78.905780576305375, 36.005401178806615 ], [ -78.905775910163698, 36.00539980166905 ], [ -78.905771685876047, 36.00539823257666 ], [ -78.905767903570847, 36.005396361646397 ], [ -78.905764928100965, 36.005394793516935 ], [ -78.905761146405851, 36.005392400642059 ], [ -78.905757768337139, 36.00538998060766 ], [ -78.905754390429124, 36.005387423219382 ], [ -78.905751012970697, 36.005384481240405 ], [ -78.905748480701561, 36.005381569101047 ], [ -78.905745507224836, 36.005378296067292 ], [ -78.905743416972427, 36.005375052902529 ], [ -78.905741291020846, 36.005371619131601 ], [ -78.905739604589485, 36.005368182265947 ], [ -78.905738358089593, 36.005364390336446 ], [ -78.905737077556097, 36.005360790676114 ], [ -78.905736270572334, 36.00535699908567 ], [ -78.905735835452603, 36.005353236969789 ], [ -78.905735839884869, 36.005349444288456 ], [ -78.905740889220951, 36.004992163173895 ], [ -78.905741376887036, 36.004950957371605 ], [ -78.905735503196155, 36.004538204248007 ], [ -78.905992447555249, 36.004539088993795 ], [ -78.906164870867428, 36.004539578663476 ], [ -78.906333913164758, 36.004540202851807 ], [ -78.906502955623893, 36.004540689452369 ], [ -78.906671997894364, 36.00454134064362 ], [ -78.906841038274649, 36.004541801020956 ], [ -78.907010082633533, 36.004542477499918 ], [ -78.907029116861722, 36.004542491985795 ], [ -78.90717912516277, 36.004542909940298 ], [ -78.907348167443359, 36.004543560196019 ], [ -78.907517209949106, 36.00454401620555 ], [ -78.907516297545484, 36.004956461920244 ] ] ], [ [ [ -78.900332849017872, 35.98604584114959 ], [ -78.899874612869667, 35.986616148707206 ], [ -78.899870416014977, 35.986620595566635 ], [ -78.899865408684349, 35.986624437399811 ], [ -78.899859692349168, 35.986627619347821 ], [ -78.899853469986368, 35.986630004222114 ], [ -78.899846842999381, 35.986631592105738 ], [ -78.899840012150293, 35.986632328221241 ], [ -78.899833119049632, 35.986632157742832 ], [ -78.899826326296932, 35.98663113574576 ], [ -78.899819838811453, 35.986629262398125 ], [ -78.899813791763549, 35.986626565281789 ], [ -78.899803622114547, 35.9866212550399 ], [ -78.899740220664313, 35.986588182890429 ], [ -78.899720493348113, 35.986578112315442 ], [ -78.899577399825006, 35.986507531674526 ], [ -78.899543618716223, 35.986491515782262 ], [ -78.899342547662982, 35.986401135527124 ], [ -78.89913734531018, 35.986317179737583 ], [ -78.899047747885504, 35.986283014221549 ], [ -78.898773579063032, 35.986180952356243 ], [ -78.898732958557318, 35.986095319077151 ], [ -78.898771854699831, 35.98601972367711 ], [ -78.898864067858938, 35.985827420696054 ], [ -78.898894474601107, 35.985759317801431 ], [ -78.898939357265647, 35.985653455972617 ], [ -78.898947869425825, 35.985632638282816 ], [ -78.899023187421079, 35.985435541220703 ], [ -78.899067221080472, 35.985307260577002 ], [ -78.899072412662036, 35.985291194331793 ], [ -78.899111345336209, 35.985158788799836 ], [ -78.899146992538519, 35.985008084847863 ], [ -78.899173850887038, 35.984856192368916 ], [ -78.899191854530301, 35.984703440966229 ], [ -78.899200967193437, 35.984550160265698 ], [ -78.89920115890574, 35.984396707367658 ], [ -78.899195986655116, 35.98428915409346 ], [ -78.899254917384908, 35.984222997577113 ], [ -78.900373955867551, 35.984260809015041 ], [ -78.900373955630116, 35.9842610013119 ], [ -78.900316036006913, 35.985330479268782 ], [ -78.900633207297858, 35.98533599840087 ], [ -78.900752354617893, 35.985340866640172 ], [ -78.900769111163868, 35.985340933479463 ], [ -78.900764747366168, 35.985421090308783 ], [ -78.900758676328934, 35.985465423567334 ], [ -78.900745407041867, 35.985508707077877 ], [ -78.900725210845238, 35.985550171870692 ], [ -78.900698392848255, 35.985589076473644 ], [ -78.900549982249117, 35.985774439891408 ], [ -78.900332849017872, 35.98604584114959 ] ] ], [ [ [ -78.900318992669455, 35.986343450550507 ], [ -78.900349191778929, 35.986305784994933 ], [ -78.900392828467247, 35.986251318144554 ], [ -78.900522585076203, 35.986089345045308 ], [ -78.900526950939224, 35.986084843358263 ], [ -78.90053219692328, 35.986081001691574 ], [ -78.900538217231386, 35.986077957313952 ], [ -78.90054477723497, 35.986075819918156 ], [ -78.900551674095226, 35.986074616809958 ], [ -78.900558736594149, 35.986074430262931 ], [ -78.900565766185906, 35.986075232644382 ], [ -78.900572458665394, 35.986077021989814 ], [ -78.900578708500404, 35.986079720951167 ], [ -78.900923149997752, 35.986262023606848 ], [ -78.900990135900784, 35.986297460556962 ], [ -78.901036480751188, 35.986321974765509 ], [ -78.901103498408517, 35.986357439149216 ], [ -78.901164672326303, 35.986389822016605 ], [ -78.901173283874499, 35.986394389168375 ], [ -78.901202129819112, 35.98641081268341 ], [ -78.90122955632981, 35.986428800890025 ], [ -78.901269401222606, 35.986460012673525 ], [ -78.901294657476669, 35.986483740547222 ], [ -78.901317643037913, 35.986508950014233 ], [ -78.901320345334327, 35.986512138831806 ], [ -78.901362601741084, 35.986563268996925 ], [ -78.901369790750422, 35.986571955633636 ], [ -78.901414383051474, 35.986620175741301 ], [ -78.901464961050493, 35.986664334954774 ], [ -78.901520957038727, 35.986703965802306 ], [ -78.901581756860239, 35.98673857330418 ], [ -78.901646687035267, 35.986767799788353 ], [ -78.901715038099439, 35.98679134249663 ], [ -78.901786032949587, 35.986808926088948 ], [ -78.901858926067675, 35.986820357664804 ], [ -78.901932910602412, 35.98682549921832 ], [ -78.902007107773571, 35.986824295100462 ], [ -78.902080769646574, 35.986816799653283 ], [ -78.902153051142449, 35.986803039671855 ], [ -78.90252798133389, 35.986714580689245 ], [ -78.902525277891485, 35.987103979700848 ], [ -78.902520823798341, 35.987211277791417 ], [ -78.902509335217545, 35.98731821314032 ], [ -78.902490787135449, 35.987424483544977 ], [ -78.902462694688609, 35.987539179910918 ], [ -78.90242642402896, 35.987652357112182 ], [ -78.902382144590973, 35.987763635834405 ], [ -78.902333742269875, 35.987874057922284 ], [ -78.902325713997186, 35.987888338125046 ], [ -78.902314710702115, 35.987901266436495 ], [ -78.902301144833601, 35.987912436272175 ], [ -78.902285416041082, 35.987921544053137 ], [ -78.902267932422973, 35.987928287924554 ], [ -78.902249302675699, 35.987932448604958 ], [ -78.902230067759888, 35.987933916642952 ], [ -78.902210802338118, 35.987932665027429 ], [ -78.902192114841398, 35.987928694245483 ], [ -78.902174545897452, 35.98792216955615 ], [ -78.901753276307574, 35.987727639144147 ], [ -78.901722126689791, 35.987713245049846 ], [ -78.901543319930099, 35.987629041591752 ], [ -78.901366813793999, 35.987541678847428 ], [ -78.90119267790709, 35.987451241012771 ], [ -78.901052087677499, 35.987375005129422 ], [ -78.9008731344572, 35.987273629480896 ], [ -78.900697088430178, 35.987168959411697 ], [ -78.900524025625685, 35.987061022466946 ], [ -78.90035404101684, 35.986949901149387 ], [ -78.900195395713581, 35.986853623186661 ], [ -78.900040778397866, 35.986753090307765 ], [ -78.90003513847833, 35.986749157341379 ], [ -78.900030378273328, 35.986744510849228 ], [ -78.900026666618274, 35.986739288324358 ], [ -78.90002410474608, 35.986733627204757 ], [ -78.900022726253496, 35.986727692343791 ], [ -78.900022632339258, 35.986721648650338 ], [ -78.900023755162621, 35.98671568836567 ], [ -78.900026128354241, 35.986709948872274 ], [ -78.900029650272302, 35.986704622383769 ], [ -78.900218450637311, 35.98646896581603 ], [ -78.900255350679274, 35.986422928824929 ], [ -78.900275425663878, 35.986397862487557 ], [ -78.900318992669455, 35.986343450550507 ] ] ], [ [ [ -78.898965537626239, 35.986504005292382 ], [ -78.898971010604143, 35.986506234969241 ], [ -78.898973983579964, 35.98650744615162 ], [ -78.898976920883001, 35.986508465007539 ], [ -78.898979895971564, 35.986509676191538 ], [ -78.898982835387343, 35.986510695049049 ], [ -78.898985806250948, 35.986511906229381 ], [ -78.898988747779427, 35.986512925088512 ], [ -78.898991720721384, 35.98651416374139 ], [ -78.898994660137447, 35.986515182598609 ], [ -78.898997633113964, 35.986516393780441 ], [ -78.899000572323885, 35.98651757746326 ], [ -78.899003543394329, 35.986518623817418 ], [ -78.899006484682573, 35.986519834972768 ], [ -78.899009455787578, 35.986520853855886 ], [ -78.899012394963435, 35.986522065009368 ], [ -78.899015367940464, 35.986523276190731 ], [ -78.899018309469724, 35.986524295049136 ], [ -78.899021280334367, 35.986525506228595 ], [ -78.899024221623122, 35.986526717383555 ], [ -78.899027194841182, 35.986527736267924 ], [ -78.899030131904979, 35.986528947419266 ], [ -78.899033106995091, 35.98653015860193 ], [ -78.899036046412277, 35.986531177458176 ], [ -78.899039019390003, 35.986532388638963 ], [ -78.899041958566713, 35.986533599791727 ], [ -78.899044931785241, 35.986534618675655 ], [ -78.899047870962107, 35.986535829828306 ], [ -78.899050843940188, 35.986537041008816 ], [ -78.899056314810124, 35.986539270680069 ], [ -78.899059323702005, 35.98654048189001 ], [ -78.899062262913731, 35.986541665571409 ], [ -78.899065168496335, 35.986542711869902 ], [ -78.899068175275929, 35.986543923077903 ], [ -78.899071080686866, 35.986545106731086 ], [ -78.899074019864585, 35.986546317883125 ], [ -78.89907702664442, 35.986547529090892 ], [ -78.899079932261813, 35.986548547918126 ], [ -78.899082939041818, 35.986549759125751 ], [ -78.899085878219822, 35.986550970277463 ], [ -78.899088851199025, 35.98655218145705 ], [ -78.899094322071036, 35.986554411126583 ], [ -78.899097297163053, 35.986555622307655 ], [ -78.899100234263273, 35.986556805986368 ], [ -78.899103209355459, 35.986558017167326 ], [ -78.899106148534088, 35.986559228318548 ], [ -78.899109121513902, 35.986560439497609 ], [ -78.899112060727035, 35.986561623177757 ], [ -78.89911503370702, 35.986562834356661 ], [ -78.899117973092075, 35.98656388068185 ], [ -78.899123479673278, 35.986566275205504 ], [ -78.899126418852489, 35.986567486356236 ], [ -78.899129391832915, 35.986568697534793 ], [ -78.899132331046658, 35.98656988121445 ], [ -78.89913530402724, 35.986571092392872 ], [ -78.899138243206821, 35.986572303543319 ], [ -78.899141216187587, 35.986573514721591 ], [ -78.89914668685644, 35.98657590921453 ], [ -78.899149661950034, 35.986577120394337 ], [ -78.899152599017498, 35.986578331542695 ], [ -78.89915557414345, 35.986579516968348 ], [ -78.899158511213216, 35.986580726399644 ], [ -78.899161486307179, 35.98658193757916 ], [ -78.899164425487527, 35.986583148728947 ], [ -78.899169932071388, 35.986585543250506 ], [ -78.89917287125202, 35.986586754400129 ], [ -78.899175844233852, 35.986587965577542 ], [ -78.89917878344896, 35.986589149256076 ], [ -78.899181756430977, 35.986590360433368 ], [ -78.89918469560979, 35.986591573299577 ], [ -78.899187228974455, 35.986592947222881 ], [ -78.899190201956728, 35.986594158399981 ], [ -78.89919314117229, 35.986595342078132 ], [ -78.899196114154748, 35.986596553255097 ], [ -78.899199053336147, 35.986597764404038 ], [ -78.899202026318775, 35.986598975580804 ], [ -78.899207499103738, 35.986601370072734 ], [ -78.899210471880707, 35.986602746075086 ], [ -78.899213411062547, 35.986603957223714 ], [ -78.899216384045616, 35.986605168400139 ], [ -78.89921932326196, 35.986606352077672 ], [ -78.899224829608883, 35.986608938893383 ], [ -78.899227768791178, 35.98661015004167 ], [ -78.899230741774673, 35.986611361217776 ], [ -78.899233680991472, 35.986612544894932 ], [ -78.899239187339262, 35.986615131710046 ], [ -78.899242126487692, 35.986616370328903 ], [ -78.899245099540281, 35.986617526562746 ], [ -78.899248038723186, 35.986618737710522 ], [ -78.899250572085478, 35.986620115066337 ], [ -78.899253545071844, 35.986621324524933 ], [ -78.899256484255005, 35.986622535672488 ], [ -78.899259457033594, 35.986623911673647 ], [ -78.899262396216969, 35.986625122821053 ], [ -78.899267902806628, 35.986627517338157 ], [ -78.899270841784457, 35.986628893311114 ], [ -78.899273814769316, 35.986630104486167 ], [ -78.89927928731845, 35.98663269127151 ], [ -78.899282260337856, 35.986633874975396 ], [ -78.899285199316168, 35.986635250948027 ], [ -78.899288172301453, 35.986636462122704 ], [ -78.899293644851483, 35.986639048907435 ], [ -78.899296617837052, 35.986640260081906 ], [ -78.899299556815848, 35.986641636054159 ], [ -78.899305063407724, 35.986644030569551 ], [ -78.899308002386803, 35.986645406541655 ], [ -78.899310975372813, 35.986646617715714 ], [ -78.899313508739226, 35.986647993353323 ], [ -78.899316447889987, 35.986649231970404 ], [ -78.899319420704856, 35.986650580499081 ], [ -78.899322359924369, 35.986651764174148 ], [ -78.899324893291137, 35.986653139811494 ], [ -78.899327900078731, 35.986654351013016 ], [ -78.899330805257534, 35.986655726956684 ], [ -78.899333744443155, 35.986656938102385 ], [ -78.899336311611364, 35.986658313767315 ], [ -78.899339248684583, 35.986659524911154 ], [ -78.899342223578515, 35.986660900912 ], [ -78.899347696166203, 35.986663460223362 ], [ -78.899350669153478, 35.986664671396483 ], [ -78.899353608168354, 35.986666019896482 ], [ -78.899359114489357, 35.986668634177057 ], [ -78.899362053675844, 35.986669845322069 ], [ -78.899364587043848, 35.98667122095857 ], [ -78.899367557713504, 35.986672596955302 ], [ -78.899370499047095, 35.986673780630923 ], [ -78.899373469716949, 35.986675156627491 ], [ -78.899376005197894, 35.986676532265513 ], [ -78.899378944384907, 35.986677743410112 ], [ -78.899381917167631, 35.986679119408237 ], [ -78.899387423524672, 35.986681706216565 ], [ -78.899390362506551, 35.986683082186609 ], [ -78.899395835028784, 35.986685696437704 ], [ -78.899398807846325, 35.986687044964434 ], [ -78.899401747068325, 35.986688228637576 ], [ -78.899404280437594, 35.986689604273224 ], [ -78.899407251108613, 35.986690980268982 ], [ -78.899410192203689, 35.98669235624029 ], [ -78.899415698562592, 35.986694943047318 ], [ -78.899418637545409, 35.986696319016723 ], [ -78.89942117087881, 35.986697723839924 ], [ -78.899424143939086, 35.986698878352399 ], [ -78.899427082887939, 35.986700281792537 ], [ -78.899429616258018, 35.986701657427673 ], [ -78.899432586929919, 35.986703033422813 ], [ -78.899435528231308, 35.986704244567768 ], [ -78.899438027800571, 35.986705620174916 ], [ -78.899441034386399, 35.986706996199416 ], [ -78.899443565644347, 35.98670837183252 ], [ -78.899446504628131, 35.986709747801235 ], [ -78.899449477687057, 35.986710904030033 ], [ -78.89945201313617, 35.986712307137424 ], [ -78.899454952120252, 35.986713683105933 ], [ -78.899457924905576, 35.98671505910216 ], [ -78.899460456164064, 35.986716434734916 ], [ -78.899463397260988, 35.986717810704945 ], [ -78.899466367934053, 35.986719186699268 ], [ -78.899471842607966, 35.986721773477676 ], [ -78.899474373866909, 35.986723149110112 ], [ -78.899477348765501, 35.986724525107626 ], [ -78.899480287750436, 35.986725901075509 ], [ -78.899482787321134, 35.986727276681712 ], [ -78.899485793908539, 35.986728652705075 ], [ -78.899488325167923, 35.986730028337263 ], [ -78.899491266265827, 35.986731404306639 ], [ -78.899494236939844, 35.98673278030023 ], [ -78.899496772390421, 35.986734183406682 ], [ -78.899499711410272, 35.986735531903129 ], [ -78.899502682084616, 35.986736907896542 ], [ -78.899505217569683, 35.986738283531821 ], [ -78.899508156555612, 35.98673965949903 ], [ -78.899510689928292, 35.986741035132461 ], [ -78.899513662715592, 35.986742411127345 ], [ -78.899516194007973, 35.986743761004895 ], [ -78.899519132962197, 35.986745162725846 ], [ -78.899522107862339, 35.986746538722286 ], [ -78.899524607434358, 35.986747914327601 ], [ -78.899527546420998, 35.986749290294334 ], [ -78.899530113595404, 35.986750665955171 ], [ -78.899533084270814, 35.986752041947831 ], [ -78.899536025370281, 35.986753417916091 ], [ -78.89953855874387, 35.986754793548982 ], [ -78.899541531532137, 35.986756169543142 ], [ -78.899544064905911, 35.986757545175905 ], [ -78.899547003893204, 35.986758921142147 ], [ -78.899549537267177, 35.98676029677479 ], [ -78.899552507943255, 35.98676167276696 ], [ -78.899555041317385, 35.986763048399439 ], [ -78.899557980099857, 35.986764589191196 ], [ -78.899560955001391, 35.986765965186649 ], [ -78.899563454574661, 35.986767340791189 ], [ -78.899566461164923, 35.986768716812541 ], [ -78.899568960738364, 35.986770092416997 ], [ -78.899571931415153, 35.986771468408662 ], [ -78.899574464584774, 35.9867730088665 ], [ -78.899577403538956, 35.986774412302985 ], [ -78.899580376328601, 35.986775788296242 ], [ -78.899582911818356, 35.986777162212938 ], [ -78.899585850599735, 35.986778704720926 ], [ -78.899588381862415, 35.986780080351025 ], [ -78.899591356765029, 35.986781456345739 ], [ -78.899593890140451, 35.986782831977401 ], [ -78.899596828924402, 35.986784372768192 ], [ -78.899599360187423, 35.986785748398034 ], [ -78.899602368891536, 35.986787124420225 ], [ -78.899605271762113, 35.98678866518128 ], [ -78.899607805138004, 35.986790040812721 ], [ -78.899610780041314, 35.986791416806938 ], [ -78.899613313178108, 35.98679298473489 ], [ -78.899616250055303, 35.986794360697701 ], [ -78.899618785542003, 35.986795738047547 ], [ -78.899621758130209, 35.98679727714859 ], [ -78.899624291472463, 35.986798680250622 ], [ -78.89962723049679, 35.986800028743914 ], [ -78.899629763668358, 35.986801569200622 ], [ -78.899632736459921, 35.986802945192593 ], [ -78.899635269836722, 35.986804320823381 ], [ -78.899638208622207, 35.986805861613163 ], [ -78.899640741999207, 35.986807237243859 ], [ -78.899643714551956, 35.986808805532249 ], [ -78.899646247926981, 35.986810182879758 ], [ -78.899649186715067, 35.986811721952343 ], [ -78.899651720126585, 35.986813070111843 ], [ -78.899654692884781, 35.986814473574221 ], [ -78.8996572260573, 35.98681601403031 ], [ -78.899660162936073, 35.986817389992076 ], [ -78.899662698221391, 35.986818930449786 ], [ -78.899665671048282, 35.986820278969979 ], [ -78.899668204150757, 35.986821876084683 ], [ -78.899671141029941, 35.986823252046179 ], [ -78.89967364251666, 35.986824790758945 ], [ -78.899676649110944, 35.98682616677759 ], [ -78.89967918228426, 35.986827707233239 ], [ -78.899682119163828, 35.9868290831945 ], [ -78.899684652337356, 35.986830623650008 ], [ -78.899687627243466, 35.986831999642355 ], [ -78.899690160383059, 35.986833567568667 ], [ -78.899693097263025, 35.98683494352963 ], [ -78.899695630436952, 35.986836483984931 ], [ -78.899698605140699, 35.986838023085788 ], [ -78.899701138517585, 35.986839400432167 ], [ -78.899704075193057, 35.98684094121861 ], [ -78.899706644486031, 35.986842316877393 ], [ -78.899709583240167, 35.986843885136381 ], [ -78.899712116414676, 35.986845425591326 ], [ -78.899714649794163, 35.986846801220452 ], [ -78.899717588614749, 35.986848316254296 ], [ -78.899720121962403, 35.986849717637355 ], [ -78.899723094552414, 35.986851258452809 ], [ -78.899725627691154, 35.986852828095358 ], [ -78.899728566684985, 35.986854204057181 ], [ -78.899731099862322, 35.986855742794816 ], [ -78.899733633037613, 35.986857283249257 ], [ -78.899736639634128, 35.986858659266403 ], [ -78.899739139008503, 35.986860199693034 ], [ -78.899742077763875, 35.986861767951204 ], [ -78.899744611144385, 35.986863143579761 ], [ -78.899747583735362, 35.986864684394597 ], [ -78.899750116913395, 35.986866223131798 ], [ -78.899752650294175, 35.986867598760156 ], [ -78.899755589082091, 35.986869141264009 ], [ -78.899758122224142, 35.986870709188899 ], [ -78.899761094815659, 35.986872250003415 ], [ -78.899763628196823, 35.986873625631567 ], [ -78.899766161373293, 35.986875166085369 ], [ -78.89976910016388, 35.986876706871954 ], [ -78.899771633306429, 35.986878274796588 ], [ -78.899774606103222, 35.986879650785013 ], [ -78.899777139314239, 35.986881163767627 ], [ -78.899779672459218, 35.986882729975214 ], [ -78.899782611248199, 35.986884272478378 ], [ -78.899785144389114, 35.986885842119648 ], [ -78.899788117186432, 35.986887218107768 ], [ -78.899790650365929, 35.986888756844131 ], [ -78.899793149742223, 35.986890297269632 ], [ -78.89979615402369, 35.986891838109273 ], [ -78.899798655478605, 35.986893406007354 ], [ -78.899801188656369, 35.98689494646041 ], [ -78.899804161249591, 35.986896487273867 ], [ -78.899806694632261, 35.986897862901067 ], [ -78.899809227810323, 35.986899403353966 ], [ -78.899812166568495, 35.986900971610439 ], [ -78.89981469974677, 35.986902512063224 ], [ -78.899817672340518, 35.986904052876355 ], [ -78.899820205518992, 35.986905593329027 ], [ -78.899822738663445, 35.986907161252567 ], [ -78.899825677456292, 35.986908702037766 ], [ -78.899828210635022, 35.986910242490275 ], [ -78.899830743813894, 35.986911782942734 ], [ -78.899833716612946, 35.986913158929681 ], [ -78.899836249757911, 35.986914726852987 ], [ -78.89983878082235, 35.98691626902044 ], [ -78.89984172173051, 35.986917808090062 ], [ -78.899844254909894, 35.986919348542209 ], [ -78.899846754254085, 35.986920916437533 ], [ -78.899849760684376, 35.986922429806619 ], [ -78.899852293829937, 35.986923997729583 ], [ -78.899854824897105, 35.986925538179797 ], [ -78.899857360155437, 35.986927106104318 ], [ -78.899860298949662, 35.986928646888693 ], [ -78.899862832129728, 35.986930187340427 ], [ -78.899865365311982, 35.986931726075227 ], [ -78.899868337871553, 35.986933296074987 ], [ -78.899870902740517, 35.986934836552557 ], [ -78.899873401917361, 35.986936540085189 ], [ -78.899876342788588, 35.986938110058745 ], [ -78.899878875967119, 35.986939652227129 ], [ -78.899881409149998, 35.986941190961559 ], [ -78.89988394233086, 35.986942731412853 ], [ -78.899886914893315, 35.986944299695196 ], [ -78.899889445961804, 35.986945840144692 ], [ -78.899891981255522, 35.986947380597549 ], [ -78.899894920051139, 35.986948921381064 ], [ -78.899897419431326, 35.986950461804426 ], [ -78.89989998637985, 35.986952029754043 ], [ -78.8999025193569, 35.986953735030724 ], [ -78.899905489841643, 35.986955275839961 ], [ -78.899908025101894, 35.986956843763416 ], [ -78.899910558281618, 35.986958385931125 ], [ -78.899913091465692, 35.986959924664873 ], [ -78.899916030228084, 35.986961492918823 ], [ -78.899918563203656, 35.986963199912061 ], [ -78.899921096388027, 35.986964738645675 ], [ -78.899923629536289, 35.986966306567098 ], [ -78.899926602134485, 35.986967847377514 ], [ -78.899929135317024, 35.98696938782787 ], [ -78.899931668261175, 35.986971120574857 ], [ -78.899934201443926, 35.986972661025113 ], [ -78.899937140241278, 35.986974201807641 ], [ -78.899939673424214, 35.986975742257762 ], [ -78.899942172567592, 35.986977474976818 ], [ -78.899944739551941, 35.986979015454573 ], [ -78.899947272735176, 35.986980555904523 ], [ -78.899950245268343, 35.986982149939344 ], [ -78.899952778279342, 35.986983829460897 ], [ -78.89995531146289, 35.986985369910748 ], [ -78.899957844646536, 35.986986910360486 ], [ -78.899960411597391, 35.986988478308817 ], [ -78.89996331639027, 35.9869901838887 ], [ -78.899965849574215, 35.986991724338303 ], [ -78.899968382724197, 35.986993292258752 ], [ -78.899970913589286, 35.986994999249177 ], [ -78.899973448854183, 35.986996565454348 ], [ -78.89997642145444, 35.986998106263556 ], [ -78.899978954434559, 35.986999811538617 ], [ -78.899981487585052, 35.987001379458775 ], [ -78.899984020769693, 35.987002919908015 ], [ -78.899986553750111, 35.987004625182905 ], [ -78.899989492515587, 35.987006193435022 ], [ -78.899992025496218, 35.987007898709784 ], [ -78.899994558681271, 35.987009439158768 ], [ -78.899997091832375, 35.987011007078635 ], [ -78.89999962269863, 35.987012714068463 ], [ -78.900002157998685, 35.987014252802091 ], [ -78.900005130361819, 35.987015985907242 ], [ -78.900007663545239, 35.987017528072883 ], [ -78.900010196494691, 35.98701925910126 ], [ -78.900012727567884, 35.987020799548105 ], [ -78.900015262866319, 35.987022339998418 ], [ -78.900017795813966, 35.987024072743559 ], [ -78.900020326887457, 35.987025613190269 ], [ -78.900023267596694, 35.987027318798106 ], [ -78.900025834550163, 35.987028886744994 ], [ -78.900028333696994, 35.987030619462331 ], [ -78.900030866917504, 35.987032132439587 ], [ -78.900033397753219, 35.987033865182696 ], [ -78.900035930973914, 35.987035378159824 ], [ -78.90003846600095, 35.987037138377246 ], [ -78.900040999187823, 35.98703867882525 ], [ -78.900043971584594, 35.987040386175444 ], [ -78.900046504739748, 35.987041952377353 ], [ -78.900049037722709, 35.987043657650887 ], [ -78.900051570671764, 35.987045390395352 ], [ -78.900054103859134, 35.987046930843064 ], [ -78.900056636842407, 35.987048636116462 ], [ -78.90005916788337, 35.98705020403326 ], [ -78.900061736780643, 35.987051909335953 ], [ -78.900064234054639, 35.987053449754093 ], [ -78.900066767004304, 35.987055182498203 ], [ -78.90006970771563, 35.98705688810491 ], [ -78.90007224086969, 35.987058456023213 ], [ -78.900074773853703, 35.98706016129622 ], [ -78.900077307041983, 35.987061701743457 ], [ -78.900079837845595, 35.987063461956538 ], [ -78.900082339175327, 35.987065139732501 ], [ -78.900084904018527, 35.987066707676426 ], [ -78.900087437003094, 35.987068412949171 ], [ -78.900089972066326, 35.987070145694538 ], [ -78.900092505255202, 35.987071686141462 ], [ -78.90009503823795, 35.987073393130991 ], [ -78.900097569078468, 35.987075124155758 ], [ -78.900100104414236, 35.987076637133285 ], [ -78.900102637331386, 35.987078397347624 ], [ -78.90010560973306, 35.987080102979355 ], [ -78.900108142922548, 35.987081643425938 ], [ -78.900110673761475, 35.987083376167419 ], [ -78.900113208859679, 35.98708508144135 ], [ -78.900115741811391, 35.987086814184408 ], [ -78.900118241200019, 35.987088354603152 ], [ -78.900120807953215, 35.987090087373751 ], [ -78.900123338826702, 35.987091792644023 ], [ -78.900125873891426, 35.987093525388616 ], [ -78.90012840493516, 35.987095093303992 ], [ -78.900130940068095, 35.987096771106593 ], [ -78.900133470908003, 35.987098503847577 ], [ -78.900136006007159, 35.987100209121053 ], [ -78.900138538959837, 35.987101941863656 ], [ -78.900141072118771, 35.987103508063541 ], [ -78.900143605103551, 35.987105215052004 ], [ -78.900146138090562, 35.987106920323491 ], [ -78.900148671043667, 35.987108653065874 ], [ -78.900151237832134, 35.987110358364916 ], [ -78.90015373725619, 35.987111871311953 ], [ -78.900156270175643, 35.987113631525148 ], [ -78.900158803163194, 35.987115336796371 ], [ -78.900161336116852, 35.987117069538513 ], [ -78.900163869104588, 35.987118774809616 ], [ -78.900166402058474, 35.987120507551623 ], [ -78.900168935046423, 35.987122212822641 ], [ -78.900171468000522, 35.987123945564541 ], [ -78.900174001192653, 35.987125486009752 ], [ -78.900176534146951, 35.987127218751539 ], [ -78.900179066931415, 35.987129088848093 ], [ -78.90018159988594, 35.987130821589737 ], [ -78.900184132874543, 35.987132526860428 ], [ -78.900186665829281, 35.987134259602037 ], [ -78.900189198818097, 35.987135964872635 ], [ -78.90019213718449, 35.987137862771263 ], [ -78.900194668026984, 35.987139595510925 ], [ -78.900197201016155, 35.987141300781367 ], [ -78.900199736084019, 35.987143033524369 ], [ -78.90020226699481, 35.987144711322003 ], [ -78.900204833717652, 35.987146471561786 ], [ -78.900207740396084, 35.987148369434109 ], [ -78.900210307187109, 35.987150074731886 ], [ -78.900212840176934, 35.987151780001966 ], [ -78.900215373132895, 35.987153512742935 ], [ -78.900217906122933, 35.987155218012937 ], [ -78.90022084469453, 35.987156951085147 ], [ -78.900223377684796, 35.987158656355014 ], [ -78.900225908324785, 35.987160553919757 ], [ -78.900228441281286, 35.987162286660414 ], [ -78.900230974271878, 35.987163991930132 ], [ -78.900233948758029, 35.987165725031346 ], [ -78.900236481748834, 35.987167430300957 ], [ -78.900239014671826, 35.987169190512368 ], [ -78.900241547696822, 35.987170868310898 ], [ -78.900244080654005, 35.987172601051277 ], [ -78.900247019056962, 35.987174471477609 ], [ -78.900249585815686, 35.987176204245458 ], [ -78.900252085005846, 35.987177909487102 ], [ -78.900254615850898, 35.987179642225513 ], [ -78.90025715095517, 35.98718134749641 ], [ -78.900260123329915, 35.987183080595237 ], [ -78.900262656287879, 35.98718481333519 ], [ -78.900265189279907, 35.98718651860419 ], [ -78.900267722272019, 35.987188223873126 ], [ -78.900270255230311, 35.987189956612944 ], [ -78.900273193838245, 35.987191662212929 ], [ -78.900275726796764, 35.987193394952598 ], [ -78.900278259789332, 35.987195100221328 ], [ -78.900280792748049, 35.987196832960898 ], [ -78.900283765157837, 35.987198538588224 ], [ -78.900286298116782, 35.987200271327701 ], [ -78.900288831109805, 35.987201976596182 ], [ -78.900291328155035, 35.987203709306229 ], [ -78.900294336479178, 35.987205414962581 ], [ -78.900296835639352, 35.987207145957328 ], [ -78.900299368630698, 35.987208852942501 ], [ -78.900301901592428, 35.987210583964689 ], [ -78.900304434583958, 35.987212290949792 ], [ -78.900307406994798, 35.987213996576479 ], [ -78.900309939954766, 35.987215729315508 ], [ -78.90031247291482, 35.98721746205441 ], [ -78.900315005908908, 35.987219167322351 ], [ -78.900317944484925, 35.987220900392145 ], [ -78.900320477479255, 35.987222605659959 ], [ -78.900323010439749, 35.987224338398647 ], [ -78.900325982885363, 35.987226016553969 ], [ -78.900328513699577, 35.987227776761785 ], [ -78.900331048806905, 35.98722948203109 ], [ -78.900333579655282, 35.98723121476786 ], [ -78.900336520378644, 35.987232920367994 ], [ -78.900339087141134, 35.987234653133889 ], [ -78.900341586335003, 35.98723635837375 ], [ -78.900344119296392, 35.987238091111941 ], [ -78.900347091709037, 35.987239796737697 ], [ -78.900349624670625, 35.987241529475838 ], [ -78.900352157666291, 35.987243234742991 ], [ -78.900355096447541, 35.987244802986183 ], [ -78.900357629443391, 35.987246508253193 ], [ -78.900360162405434, 35.987248240991107 ], [ -78.900362695401512, 35.987249946258039 ], [ -78.90036566570241, 35.987251651881593 ], [ -78.900368200777365, 35.987253384621035 ], [ -78.900370733737731, 35.987255119075662 ], [ -78.900373672352288, 35.987256822956276 ], [ -78.900376205315027, 35.98725855569382 ], [ -78.900378738515258, 35.98726009613469 ], [ -78.900381271512103, 35.987261801401182 ], [ -78.900384243892489, 35.987263534496975 ], [ -78.900386743088205, 35.987265239735834 ], [ -78.900389309852812, 35.98726697250067 ], [ -78.900392248466076, 35.987268678097742 ], [ -78.900394781633054, 35.987270246009189 ], [ -78.900397314630524, 35.987271951275396 ], [ -78.900400287011649, 35.987273684370763 ], [ -78.900402820009376, 35.987275389636807 ], [ -78.900405352973308, 35.98727712237379 ], [ -78.900408291587254, 35.987278827970457 ], [ -78.900410824788779, 35.987280368410651 ], [ -78.900413357719117, 35.987282128618368 ], [ -78.90041589075129, 35.987283806413203 ], [ -78.900418863133211, 35.987285539508107 ], [ -78.900421396131705, 35.987287244773789 ], [ -78.900423929299834, 35.987288812684625 ], [ -78.900426867880725, 35.987290545751804 ], [ -78.900429400879517, 35.987292251017266 ], [ -78.900431933878451, 35.987293956282748 ], [ -78.900434906498432, 35.987295497080602 ], [ -78.900437439463659, 35.987297229816882 ], [ -78.900439972496812, 35.987298907611184 ], [ -78.900442911044507, 35.987300668148933 ], [ -78.900445444247367, 35.987302208588375 ], [ -78.900447977213048, 35.987303941324441 ], [ -78.900450949630326, 35.987305646947583 ], [ -78.90045348259622, 35.987307379683529 ], [ -78.900456421415683, 35.987308920453309 ], [ -78.900458954415697, 35.987310625718195 ], [ -78.900461487381932, 35.987312358453956 ], [ -78.900464493804463, 35.987313899278632 ], [ -78.900466992969584, 35.987315631986746 ], [ -78.900469523857453, 35.987317337249678 ], [ -78.900472464552934, 35.98731907031744 ], [ -78.900474997756945, 35.987320610756299 ], [ -78.900477530757726, 35.987322316020766 ], [ -78.900480501029818, 35.987324049112402 ], [ -78.900483036346714, 35.987325589552825 ], [ -78.900485974930191, 35.987327322618519 ], [ -78.900488507931428, 35.98732902788278 ], [ -78.900491005188258, 35.987330595762941 ], [ -78.900494013521325, 35.987332301414305 ], [ -78.900496546522874, 35.987334006678395 ], [ -78.900499079693915, 35.987335574587682 ], [ -78.900502018312011, 35.987337280182047 ], [ -78.900504551279994, 35.987339012916884 ], [ -78.900507523903002, 35.987340553712961 ], [ -78.900510056905091, 35.987342258976753 ], [ -78.900512587964087, 35.987343826884 ], [ -78.900515528695337, 35.987345532479779 ], [ -78.900518093352687, 35.98734726524016 ], [ -78.900520592757061, 35.987348805650484 ], [ -78.900523567290094, 35.987350511273611 ], [ -78.900526100258972, 35.987352244007987 ], [ -78.900529039081448, 35.987353784776005 ], [ -78.900531572050539, 35.987355517510288 ], [ -78.90053410525681, 35.987357057947889 ], [ -78.900537077677853, 35.987358763568906 ], [ -78.900539610850473, 35.987360331477319 ], [ -78.900542549470302, 35.987362037070717 ], [ -78.900545082439947, 35.987363769804709 ], [ -78.900548052952075, 35.987365310598051 ], [ -78.900550588034505, 35.987367043333663 ], [ -78.900553121241501, 35.987368583770838 ], [ -78.900556059861927, 35.987370289363895 ], [ -78.900558593103, 35.987371802330017 ], [ -78.900561565457394, 35.987373562892337 ], [ -78.900564096552216, 35.987375103327572 ], [ -78.900566631635314, 35.987376836062801 ], [ -78.900569570256323, 35.987378541655559 ], [ -78.900572103464043, 35.987380082092365 ], [ -78.900575073740299, 35.987381815181671 ], [ -78.900577609060818, 35.987383355620068 ], [ -78.900580513847117, 35.987385088655941 ], [ -78.900583080856606, 35.987386629120024 ], [ -78.900585613861722, 35.987388334382196 ], [ -78.900588586454262, 35.987389902647216 ], [ -78.900591119459605, 35.987391607909281 ], [ -78.900594058284767, 35.987393148675721 ], [ -78.900596591459561, 35.987394716582905 ], [ -78.900599563881201, 35.987396423919328 ], [ -78.900602094979604, 35.987397962636848 ], [ -78.900605035680869, 35.987399695701363 ], [ -78.900607568889924, 35.987401236137416 ], [ -78.900610099749613, 35.987402968868295 ], [ -78.900613074489584, 35.987404509663484 ], [ -78.900615607495908, 35.987406214925052 ], [ -78.900618546288214, 35.987407783161807 ], [ -78.900621079328602, 35.987409460952314 ], [ -78.900624049807902, 35.987411030931675 ], [ -78.90062658509855, 35.987412597123019 ], [ -78.900629523722145, 35.987414302714285 ], [ -78.900632054817407, 35.987415844865026 ], [ -78.900635027210981, 35.987417576237696 ], [ -78.90063756253376, 35.987419116674793 ], [ -78.900640501358694, 35.987420659157024 ], [ -78.900643034334394, 35.987422390172014 ], [ -78.900646006963143, 35.987423930964638 ], [ -78.900648539936938, 35.987425663696442 ], [ -78.900651071035057, 35.987427204129851 ], [ -78.900654009862663, 35.987428744894828 ], [ -78.900656544949371, 35.98743047762818 ], [ -78.90065951757866, 35.987432018420471 ], [ -78.900662050586817, 35.9874337236811 ], [ -78.900664989381056, 35.987435291916704 ], [ -78.900667522592371, 35.987436832351463 ], [ -78.900670492906599, 35.98743853796752 ], [ -78.900673026084306, 35.987440105873105 ], [ -78.900675967025393, 35.987441646639226 ], [ -78.900678500034203, 35.987443351899465 ], [ -78.900681472630566, 35.987444920162176 ], [ -78.900684005842493, 35.987446460596601 ], [ -78.900686944468532, 35.987448166186468 ], [ -78.900689477646878, 35.987449734091683 ], [ -78.900692448164918, 35.987451274881501 ], [ -78.900694983487739, 35.987452817034338 ], [ -78.900697922082529, 35.987454548377919 ], [ -78.900700453182495, 35.987456088810291 ], [ -78.90070342792616, 35.987457629603234 ], [ -78.90070592710083, 35.98745936230636 ], [ -78.900708933533494, 35.987460903124948 ], [ -78.900711430830327, 35.987462445246479 ], [ -78.900714405576565, 35.987463984322275 ], [ -78.900716938553089, 35.987465717052622 ], [ -78.900719875270752, 35.987467257814281 ], [ -78.900722850015185, 35.987468798606749 ], [ -78.900725383228675, 35.987470339040279 ], [ -78.900728321822655, 35.987472072100068 ], [ -78.900730855036343, 35.987473612533513 ], [ -78.900733827668645, 35.987475153324013 ], [ -78.90073636084874, 35.987476721228212 ], [ -78.900739299476982, 35.987478426816793 ], [ -78.900741832657289, 35.987479994720928 ], [ -78.900744836978816, 35.98748153553688 ], [ -78.900747338504317, 35.987483075944247 ], [ -78.900750277099235, 35.987484809003476 ], [ -78.900752808201148, 35.987486349434739 ], [ -78.900755782946931, 35.98748789022639 ], [ -78.900758316161628, 35.987489430659259 ], [ -78.900761254959747, 35.987490998892518 ], [ -78.900764227593271, 35.987492539682272 ], [ -78.900766760605563, 35.987494244940628 ], [ -78.900769697291423, 35.987495813171989 ], [ -78.900772232619246, 35.987497353606287 ], [ -78.900775205253197, 35.987498894395749 ], [ -78.900777738468634, 35.987500434828192 ], [ -78.900780675121155, 35.987502030530244 ], [ -78.900783210280451, 35.987503708318989 ], [ -78.900786182914857, 35.987505249108224 ], [ -78.900789121747891, 35.98750678986989 ], [ -78.900791654930032, 35.987508357772981 ], [ -78.900794627564778, 35.98750989856196 ], [ -78.900797160780911, 35.987511438993991 ], [ -78.900800099580607, 35.987513007226305 ], [ -78.900802632796939, 35.987514547658236 ], [ -78.900805605229465, 35.987516253272645 ], [ -78.900808544029474, 35.98751782150476 ], [ -78.900811075133547, 35.987519361934787 ], [ -78.90081404988166, 35.987520902725009 ], [ -78.900816583132283, 35.987522415685696 ], [ -78.900819521898967, 35.987524011388494 ], [ -78.900822494534808, 35.987525552176805 ], [ -78.900825027751978, 35.987527092608254 ], [ -78.900827966586533, 35.987528633369003 ], [ -78.900830499770137, 35.987530201271227 ], [ -78.900833472406433, 35.987531742059254 ], [ -78.900836005624001, 35.987533282490503 ], [ -78.900838944222642, 35.987535015547543 ], [ -78.900841916859264, 35.987536556335357 ], [ -78.900844450077159, 35.9875380967664 ], [ -78.900847388912467, 35.987539637526666 ], [ -78.900849922096796, 35.987541205428506 ], [ -78.900852894733859, 35.98754274621605 ], [ -78.900855833569508, 35.987544286976096 ], [ -78.900858366787915, 35.987545827406855 ], [ -78.90086133939154, 35.987547395665118 ], [ -78.900864278227544, 35.987548936424965 ], [ -78.900866811412484, 35.987550504326464 ], [ -78.900869784083952, 35.987552017642614 ], [ -78.900872317269105, 35.987553585544035 ], [ -78.900875256105536, 35.98755512630359 ], [ -78.900878228743593, 35.987556667090502 ], [ -78.900880761962796, 35.987558207520799 ], [ -78.900883700765789, 35.987559775751059 ], [ -78.900886233985204, 35.987561316181207 ], [ -78.900889206623717, 35.98756285696787 ], [ -78.900892145460787, 35.987564397727041 ], [ -78.900894678882977, 35.987565773331347 ], [ -78.900897651488052, 35.987567341588687 ], [ -78.900900590325463, 35.987568882347652 ], [ -78.900903123545476, 35.987570422777459 ], [ -78.900906096184642, 35.987571963563717 ], [ -78.900909034988629, 35.987573531793345 ], [ -78.900911568208954, 35.987575072222974 ], [ -78.900914540848447, 35.987576613009011 ], [ -78.900917074068957, 35.987578153438534 ], [ -78.900920012839677, 35.987579749138852 ], [ -78.900922985513219, 35.987581262453716 ], [ -78.900925518734056, 35.987582802883061 ], [ -78.900928457774967, 35.987584178815659 ], [ -78.900931430381362, 35.987585747072188 ], [ -78.900933963602512, 35.98758728750132 ], [ -78.900936902441345, 35.987588828259383 ], [ -78.900939875081818, 35.987590369044796 ], [ -78.900942408303266, 35.987591909473799 ], [ -78.900945347110806, 35.987593475985641 ], [ -78.900948319749503, 35.987595018487781 ], [ -78.900950853173597, 35.987596394090872 ], [ -78.900953792013098, 35.987597934848495 ], [ -78.900956764654225, 35.987599475633509 ], [ -78.900959297844665, 35.987601041816106 ], [ -78.900962236682361, 35.987602584290514 ], [ -78.900965209323843, 35.987604125075279 ], [ -78.90096774274852, 35.987605500678029 ], [ -78.900970681588646, 35.987607041435282 ], [ -78.900973654198836, 35.987608607973847 ], [ -78.900976187419374, 35.987610150119039 ], [ -78.900979126259841, 35.987611690876058 ], [ -78.900982099104269, 35.987613066834747 ], [ -78.900984632327237, 35.987614607262806 ], [ -78.9009875711006, 35.987616202961561 ], [ -78.900990541664171, 35.987617716273014 ], [ -78.900993077000024, 35.987619256702644 ], [ -78.900996016043436, 35.987620632633572 ], [ -78.900998988654592, 35.987622199171483 ], [ -78.901001519763469, 35.987623741314451 ], [ -78.901004458604902, 35.987625282070894 ], [ -78.901007467364309, 35.987626658058019 ], [ -78.901010372436119, 35.987628173032839 ], [ -78.901012905628505, 35.987629739214377 ], [ -78.901015878238212, 35.987631307468831 ], [ -78.901018817282463, 35.98763268339922 ], [ -78.90102135050671, 35.987634223826525 ], [ -78.901024321039998, 35.987635762891209 ], [ -78.901027261992795, 35.987637305365702 ], [ -78.901029795419603, 35.987638680967159 ], [ -78.901032765917378, 35.987640249219496 ], [ -78.901035704760019, 35.987641789975136 ], [ -78.901038679719107, 35.987643165934138 ], [ -78.901041212944079, 35.987644706361024 ], [ -78.901044151787076, 35.987646247116452 ], [ -78.901047124633862, 35.987647623073549 ], [ -78.901049657825439, 35.987649190971155 ], [ -78.901052596668748, 35.987650731726404 ], [ -78.90105556951589, 35.987652107683274 ], [ -78.901058508359384, 35.987653648438382 ], [ -78.901061041585066, 35.987655188864863 ], [ -78.901063980630965, 35.987656564794129 ], [ -78.90106698493156, 35.987658133072962 ], [ -78.901069892086639, 35.987659673802156 ], [ -78.901072459350047, 35.987661021959092 ], [ -78.901075398160515, 35.98766259018474 ], [ -78.90107837080636, 35.987664130966749 ], [ -78.901081309852827, 35.987665506895603 ], [ -78.901083843045654, 35.987667074792526 ], [ -78.901086815893891, 35.987668450748608 ], [ -78.901089754738607, 35.987669991502941 ], [ -78.901092287965398, 35.987671531928783 ], [ -78.901095258701361, 35.987672907882931 ], [ -78.901098199658975, 35.987674448638792 ], [ -78.901101172507751, 35.98767582459454 ], [ -78.901103705701274, 35.987677392491044 ], [ -78.90110664454663, 35.987678933244965 ], [ -78.901109617395704, 35.987680309200485 ], [ -78.901112556241273, 35.987681849954264 ], [ -78.901115089670895, 35.987683225553923 ], [ -78.901118060205675, 35.987684766333238 ], [ -78.90112100136615, 35.987686142262824 ], [ -78.901123973980077, 35.987687710514592 ], [ -78.901126912994513, 35.987689113913319 ], [ -78.901129412456925, 35.987690625123093 ], [ -78.901132416791626, 35.987692167646337 ], [ -78.90113535584004, 35.987693543573869 ], [ -78.901138330600745, 35.987695084356091 ], [ -78.901140864031234, 35.987696459955195 ], [ -78.901143802842228, 35.987698029896102 ], [ -78.901146773580038, 35.987699405848986 ], [ -78.901149714541717, 35.98770094488664 ], [ -78.901152248006241, 35.987702293014536 ], [ -78.901155220621348, 35.987703861265608 ], [ -78.901158159670587, 35.987705237192586 ], [ -78.901161132319586, 35.987706777972534 ], [ -78.90116407136901, 35.987708153899391 ], [ -78.901166604564793, 35.987709721794559 ], [ -78.901169575303413, 35.987711097746889 ], [ -78.901172516465763, 35.987712473675252 ], [ -78.901175489117378, 35.987714012737904 ], [ -78.901178428165238, 35.987715390381339 ], [ -78.901180961395156, 35.987716930805298 ], [ -78.901183932134302, 35.987718306757273 ], [ -78.901186870984773, 35.98771984579232 ], [ -78.901189845949318, 35.987721221747606 ], [ -78.901192784762173, 35.987722791687268 ], [ -78.901195318194453, 35.987724167285236 ], [ -78.901198322701944, 35.987725570735165 ], [ -78.90120126369716, 35.987727084017529 ], [ -78.901204168946521, 35.98772845991607 ], [ -78.901207175398739, 35.987730000722202 ], [ -78.901209675029946, 35.98773137629253 ], [ -78.901212647849079, 35.987732779716481 ], [ -78.901215586732164, 35.987734292996805 ], [ -78.901218559585132, 35.987735668949675 ], [ -78.901222340956892, 35.987737540033741 ], [ -78.901226157973966, 35.987739630914398 ], [ -78.901229538322852, 35.987741199493279 ], [ -78.90123247717294, 35.98774274024413 ], [ -78.901237542162988, 35.98774529914003 ], [ -78.901240517129338, 35.98774667509408 ], [ -78.901243084364694, 35.987748050718345 ], [ -78.901246023417087, 35.987749426643198 ], [ -78.901248523049546, 35.98775080221273 ], [ -78.901251495903708, 35.987752178164769 ], [ -78.901254029337906, 35.987753553761472 ], [ -78.901256562772176, 35.987754929358182 ], [ -78.901259502026733, 35.98775614045703 ], [ -78.901262035461201, 35.987757516053556 ], [ -78.901265008315818, 35.987758892005289 ], [ -78.90126754175256, 35.987760265884802 ], [ -78.901270480805778, 35.987761641809051 ], [ -78.901273014238498, 35.987763019122333 ], [ -78.901275987093513, 35.987764395073761 ], [ -78.90127852053061, 35.987765768953061 ], [ -78.901281459582108, 35.987767146593967 ], [ -78.901286966074366, 35.987769733315538 ], [ -78.901289499509716, 35.987771108911559 ], [ -78.901292438563686, 35.987772484835261 ], [ -78.901294971999235, 35.987773860431126 ], [ -78.901297944888626, 35.987775208911074 ], [ -78.901303011928192, 35.987777822747844 ], [ -78.901305950982632, 35.987779198671234 ], [ -78.901308450617094, 35.987780574239501 ], [ -78.901311457274872, 35.987781950217368 ], [ -78.901313990711031, 35.987783325812856 ], [ -78.901316930001073, 35.9877845094394 ], [ -78.901319463437417, 35.987785885034718 ], [ -78.901322436327646, 35.987787233514076 ], [ -78.901324969730567, 35.987788636580262 ], [ -78.901327908785788, 35.987790012503133 ], [ -78.901333415281087, 35.987792599222608 ], [ -78.901335948717943, 35.987793974817592 ], [ -78.901338887773548, 35.987795350740178 ], [ -78.901344360465899, 35.987797939148805 ], [ -78.901346927706797, 35.987799313053955 ], [ -78.901349866762772, 35.987800688976272 ], [ -78.901352400166587, 35.987802092041903 ], [ -78.9013553732931, 35.987803248223813 ], [ -78.901357906697115, 35.987804651289281 ], [ -78.901360845753473, 35.987806027211349 ], [ -78.901363377078624, 35.987807402804101 ], [ -78.901366352284498, 35.987808586458428 ], [ -78.90136888572242, 35.987809962052708 ], [ -78.901371822666562, 35.987811337972829 ], [ -78.901377365078872, 35.987813924719276 ], [ -78.901379862636617, 35.9878152728134 ], [ -78.901382803772748, 35.987816676207565 ], [ -78.901385776833067, 35.987817887330642 ], [ -78.901388310271642, 35.98781926292456 ], [ -78.901391249329038, 35.987820638845875 ], [ -78.901396755828472, 35.987823225562487 ], [ -78.901399289267374, 35.987824601156142 ], [ -78.901402228560173, 35.987825784780583 ], [ -78.901404761999274, 35.987827160374174 ], [ -78.901407734858878, 35.987828536322361 ], [ -78.901413207557738, 35.987831123010949 ], [ -78.901415740997166, 35.987832498604263 ], [ -78.901418714058565, 35.987833709726523 ], [ -78.901421247498178, 35.98783508531973 ], [ -78.901424186556739, 35.987836461240214 ], [ -78.901429693058304, 35.987839047955333 ], [ -78.901432632117135, 35.98784042387561 ], [ -78.901438138652793, 35.987842983119393 ], [ -78.901443611353599, 35.987845569806588 ], [ -78.90144614476047, 35.987846972870287 ], [ -78.901449115777368, 35.98784812904811 ], [ -78.901451651297009, 35.98784953211338 ], [ -78.901454590557918, 35.987850743207467 ], [ -78.901457123998668, 35.987852118799943 ], [ -78.901462630535917, 35.987854678042623 ], [ -78.901468103238301, 35.987857264728682 ], [ -78.901473609742681, 35.987859851441733 ], [ -78.901479082445761, 35.987862438127351 ], [ -78.901484588984417, 35.987864997369016 ], [ -78.901490061688193, 35.987867584054072 ], [ -78.901495568193994, 35.987870170766158 ], [ -78.901501040896363, 35.987872759167658 ], [ -78.901506547639755, 35.987875151865744 ], [ -78.901509081082168, 35.987876527457111 ], [ -78.901514553787521, 35.987879114141052 ], [ -78.901520060294885, 35.98788170085205 ], [ -78.901525533235656, 35.987884095238925 ], [ -78.901528064566094, 35.987885470828211 ], [ -78.901531039743716, 35.987886681949405 ], [ -78.90153357318691, 35.987888057540246 ], [ -78.901536512450463, 35.987889268632344 ], [ -78.90154201691368, 35.987891800398756 ], [ -78.901547491700214, 35.987894414553878 ], [ -78.901552998410807, 35.987896836437692 ], [ -78.901555531854683, 35.987898212028099 ], [ -78.901558471152455, 35.987899395648739 ], [ -78.901561004594441, 35.98790077295596 ], [ -78.901563977662605, 35.98790198235772 ], [ -78.901569450371468, 35.987904569039173 ], [ -78.901574957116921, 35.987906963451074 ], [ -78.901577490561507, 35.987908339041013 ], [ -78.901580427713853, 35.987909550130361 ], [ -78.901583400780552, 35.98791076124855 ], [ -78.902044099384838, 35.988121971265244 ], [ -78.902048761116873, 35.988124364977878 ], [ -78.902053388813968, 35.988126950959796 ], [ -78.902056766282172, 35.988129178816514 ], [ -78.902060987725861, 35.988132286420822 ], [ -78.902064803349447, 35.988135558525421 ], [ -78.902067740996046, 35.988138115680798 ], [ -78.902070272789061, 35.988140864807505 ], [ -78.902072804348833, 35.988143806230724 ], [ -78.902075368510154, 35.988147736634936 ], [ -78.902077022292943, 35.988149798283395 ], [ -78.902078708610546, 35.988152903854683 ], [ -78.902080394726141, 35.988156175968541 ], [ -78.902081675258913, 35.988159416852454 ], [ -78.902083360107852, 35.988163732862034 ], [ -78.902084200985186, 35.988167165690221 ], [ -78.902085040629046, 35.988171614943283 ], [ -78.902085442046697, 35.988175078324026 ], [ -78.902085436445645, 35.988179693442227 ], [ -78.902085432278213, 35.988183127309924 ], [ -78.90208502249223, 35.988186559135542 ], [ -78.902084578900272, 35.988189994367943 ], [ -78.902083322835495, 35.988194443657925 ], [ -78.902081627314743, 35.988198920066559 ], [ -78.902080338881547, 35.988202188078922 ], [ -78.902078644860865, 35.988205428295196 ], [ -78.902076544152393, 35.988209547256339 ], [ -78.902068484735423, 35.988221573079109 ], [ -78.901883077358988, 35.988501628149052 ], [ -78.901865740778661, 35.988528041290429 ], [ -78.901831453730907, 35.988565621490103 ], [ -78.901632180919322, 35.988794321771486 ], [ -78.90132197072198, 35.988858820621445 ], [ -78.900552397831078, 35.988668454566778 ], [ -78.900548545664961, 35.988667435004842 ], [ -78.900544321474641, 35.988666579965667 ], [ -78.90054053694648, 35.988665532987596 ], [ -78.900536718582543, 35.98866451345279 ], [ -78.900532494629573, 35.988663466116677 ], [ -78.900528709898467, 35.988662583963837 ], [ -78.900524891534843, 35.988661564428732 ], [ -78.900520667548307, 35.988660544563125 ], [ -78.900516883020728, 35.988659497584294 ], [ -78.900513064657375, 35.988658478048769 ], [ -78.900508840467893, 35.988657623008372 ], [ -78.900505055906734, 35.988656603500168 ], [ -78.900501237577544, 35.98865555649332 ], [ -78.900497453050448, 35.988654509513886 ], [ -78.900493229064637, 35.988653489647319 ], [ -78.900489374821262, 35.988652442610878 ], [ -78.900485626175069, 35.98865142313128 ], [ -78.900481402223448, 35.988650375793391 ], [ -78.900477617629036, 35.988649383755245 ], [ -78.900473799334478, 35.988648309276641 ], [ -78.900469980768861, 35.988647454565374 ], [ -78.900465756817681, 35.988646407226952 ], [ -78.900461972257574, 35.988645387717334 ], [ -78.900458153931595, 35.988644338992238 ], [ -78.900453929944703, 35.988643320841234 ], [ -78.900450145418773, 35.988642273860364 ], [ -78.900446327057097, 35.988641254322729 ], [ -78.900442542531394, 35.988640207341618 ], [ -78.900438318750403, 35.98863902264754 ], [ -78.900434500422946, 35.988637975638625 ], [ -78.900430713750993, 35.988636956126342 ], [ -78.900426929225645, 35.988635909144747 ], [ -78.900422673552384, 35.988634889249887 ], [ -78.900418886914665, 35.988633842266324 ], [ -78.900415070666384, 35.988632822729457 ], [ -78.900410846716653, 35.988631775389109 ], [ -78.900407062157939, 35.988630755877807 ], [ -78.900403244034734, 35.988629544042283 ], [ -78.900399459476205, 35.988628524530789 ], [ -78.900395235526901, 35.988627477189866 ], [ -78.900391417200524, 35.988626430179622 ], [ -78.900387632642307, 35.98862541066773 ], [ -78.900383814519643, 35.988624198831609 ], [ -78.900379590536843, 35.98862317896107 ], [ -78.90037580601286, 35.988622131977912 ], [ -78.900371987653045, 35.988621112437954 ], [ -78.900368203332789, 35.988619900628898 ], [ -78.900364385007123, 35.988618853617794 ], [ -78.90036016102485, 35.988617833746595 ], [ -78.900356376501364, 35.988616786762812 ], [ -78.900352558345645, 35.988615602396635 ], [ -78.900348773822358, 35.988614555412617 ], [ -78.900344547727897, 35.988613535539145 ], [ -78.900340731719055, 35.988612323703435 ], [ -78.900336947196067, 35.988611276719041 ], [ -78.900333128837275, 35.988610257177875 ], [ -78.900329344518099, 35.988609045367596 ], [ -78.900325120502842, 35.98860805296615 ], [ -78.900321302415904, 35.9886068136571 ], [ -78.900317517893413, 35.988605766672102 ], [ -78.900313699736671, 35.988604584021651 ], [ -78.900309915216525, 35.988603535319498 ], [ -78.900305691235744, 35.988602515446409 ], [ -78.900301873117527, 35.988601301890782 ], [ -78.900298088593416, 35.988600256622114 ], [ -78.900294270437215, 35.988599073970995 ], [ -78.900290485917594, 35.988598025268253 ], [ -78.900286262208965, 35.988596785626989 ], [ -78.900282443819677, 35.988595791838257 ], [ -78.900278659499818, 35.988594581743378 ], [ -78.900274841380238, 35.988593369903811 ], [ -78.900271056825048, 35.988592350388302 ], [ -78.900266833083066, 35.98859113821733 ], [ -78.900263014726107, 35.988590118673976 ], [ -78.900259230408949, 35.98858890686153 ], [ -78.900255409973525, 35.988587859845289 ], [ -78.900251627735244, 35.988586675505239 ], [ -78.900247843418342, 35.988585463692445 ], [ -78.900243583558762, 35.988584416316975 ], [ -78.900239801320808, 35.988583231976556 ], [ -78.900235981089736, 35.988582020134082 ], [ -78.900232198682147, 35.988580973148167 ], [ -78.900228380529953, 35.988579788778068 ], [ -78.900224596213789, 35.988578576964542 ], [ -78.900220372473214, 35.988577364791972 ], [ -78.900216551970928, 35.988576372716388 ], [ -78.900212769767705, 35.988575160904212 ], [ -78.900208915769568, 35.988573921562306 ], [ -78.900205167368412, 35.98857270977755 ], [ -78.900201346900516, 35.988571690230522 ], [ -78.900197564697748, 35.988570478417898 ], [ -78.900193340958012, 35.988569266244362 ], [ -78.900189522809058, 35.988568080156107 ], [ -78.900185738491899, 35.988566870058335 ], [ -78.900181918058507, 35.988565823039764 ], [ -78.900178135822316, 35.988564638697476 ], [ -78.900174317705677, 35.988563426854768 ], [ -78.900170533391091, 35.988562215039579 ], [ -78.900166713162065, 35.988561003194903 ], [ -78.900162491501902, 35.988559818492952 ], [ -78.900158707189803, 35.988558604960438 ], [ -78.900154889071601, 35.988557394834082 ], [ -78.900151104757597, 35.988556183018282 ], [ -78.900147286607762, 35.98855499864564 ], [ -78.900143535891814, 35.98855395168286 ], [ -78.900139683974345, 35.98855273981146 ], [ -78.90013589962679, 35.988551555466096 ], [ -78.900132081513519, 35.988550341905132 ], [ -78.900127857773711, 35.988549131446263 ], [ -78.900124071347861, 35.988547919627912 ], [ -78.900120255311435, 35.988546735256151 ], [ -78.900116437402758, 35.988545356869047 ], [ -78.900112653087703, 35.98854414676903 ], [ -78.900108868774964, 35.988542934951894 ], [ -78.900105050660386, 35.988541723107033 ], [ -78.900101264201211, 35.988540538758848 ], [ -78.900097448199489, 35.988539326915458 ], [ -78.900093663887176, 35.988538115097896 ], [ -78.900089843660453, 35.988536903250797 ], [ -78.900085622002663, 35.98853571854616 ], [ -78.900081837692866, 35.988534505011287 ], [ -78.900078019781105, 35.988533130056886 ], [ -78.90007423335679, 35.988531918236959 ], [ -78.900070417355863, 35.988530706392737 ], [ -78.90006663301034, 35.988529522045212 ], [ -78.900062848698937, 35.98852831022667 ], [ -78.900059030789947, 35.988526933554716 ], [ -78.900055212676889, 35.988525721708264 ], [ -78.900051428365856, 35.988524509889366 ], [ -78.900047610218977, 35.988523325513604 ], [ -78.900043826112395, 35.988521948868815 ], [ -78.900040005887178, 35.988520737020188 ], [ -78.900036223689213, 35.988519525202534 ], [ -78.900032405576837, 35.988518313355392 ], [ -78.900028621470739, 35.988516936710141 ], [ -78.900024803324555, 35.98851575233364 ], [ -78.900020985212606, 35.988514540486122 ], [ -78.900017201106806, 35.988513163840523 ], [ -78.900012977372796, 35.988511951660776 ], [ -78.900009226864867, 35.988510739868232 ], [ -78.900005375155786, 35.988509363166898 ], [ -78.900001588733659, 35.988508151344718 ], [ -78.899997772905209, 35.988506802143483 ], [ -78.899993988595924, 35.988505590322816 ], [ -78.899990170689179, 35.98850421364866 ], [ -78.899986386380135, 35.988503001827759 ], [ -78.89998256826928, 35.988501789979054 ], [ -78.899978782052187, 35.988500413330492 ], [ -78.899974966020153, 35.988499228954183 ], [ -78.899971179803316, 35.988497852305422 ], [ -78.899967363805558, 35.988496640457974 ], [ -78.899963579701563, 35.988495263810705 ], [ -78.899959761591433, 35.988494051961254 ], [ -78.899955977487721, 35.988492675313736 ], [ -78.899952159377818, 35.988491463464058 ], [ -78.899948375274363, 35.988490086816306 ], [ -78.89994455736911, 35.988488710140786 ], [ -78.89994077302741, 35.988487525789353 ], [ -78.899936955122399, 35.988486149113534 ], [ -78.899933170815018, 35.988484937290963 ], [ -78.899929350797649, 35.988483560613197 ], [ -78.899925535005679, 35.988482183938771 ], [ -78.89992174858601, 35.988480972114132 ], [ -78.899918372218224, 35.988479595799518 ], [ -78.899914588115905, 35.9884782191507 ], [ -78.899910770007295, 35.988477007299693 ], [ -78.899906985905233, 35.988475630650711 ], [ -78.899903168001345, 35.988474253973827 ], [ -78.899899381548323, 35.988473069619367 ], [ -78.899895529874868, 35.988471667160624 ], [ -78.89989177954314, 35.988470316292783 ], [ -78.899887963754537, 35.988468937900237 ], [ -78.899884179446559, 35.988467727793086 ], [ -78.899880361543453, 35.988466351115505 ], [ -78.899876577444516, 35.988464972748588 ], [ -78.899872759539548, 35.988463597787721 ], [ -78.899869006923367, 35.988462385989109 ], [ -78.899865157331604, 35.988461009285082 ], [ -78.899861373231047, 35.988459632634616 ], [ -78.899857555328722, 35.98845825595636 ], [ -78.899853771228408, 35.98845687930568 ], [ -78.89985039275021, 35.988455502987414 ], [ -78.899846574848269, 35.988454126308774 ], [ -78.89984279054373, 35.988452914483382 ], [ -78.899839006443884, 35.988451537832248 ], [ -78.899835188542383, 35.988450161153253 ], [ -78.899831370640953, 35.988448784474137 ], [ -78.899827586541534, 35.988447407822633 ], [ -78.899823766561866, 35.988446003670596 ], [ -78.899819984541224, 35.988444654491566 ], [ -78.899816166640321, 35.988443277811946 ], [ -78.899812382541427, 35.988441901159959 ], [ -78.899809004064537, 35.988440524840563 ], [ -78.899805186164016, 35.98843914816063 ], [ -78.899801402065506, 35.988437771508302 ], [ -78.899797584131136, 35.988436422299067 ], [ -78.899793800066988, 35.988435018175593 ], [ -78.899789982166993, 35.988433641495185 ], [ -78.899786198068995, 35.988432264842373 ], [ -78.899782380169256, 35.988430888161673 ], [ -78.899778596069396, 35.988429513225597 ], [ -78.899775217595746, 35.98842813518835 ], [ -78.899771399696377, 35.988426758507345 ], [ -78.899767615803796, 35.988425217028365 ], [ -78.899763797904697, 35.988423840347089 ], [ -78.899760013807622, 35.988422463693482 ], [ -78.899756195908779, 35.988421087012 ], [ -78.89975241181196, 35.988419710358151 ], [ -78.899749033337031, 35.988418334037085 ], [ -78.899745215643392, 35.988416792529634 ], [ -78.899741431546957, 35.988415415875437 ], [ -78.899737613648753, 35.98841403919338 ], [ -78.899733829552588, 35.988412662538934 ], [ -78.899730011654668, 35.988411285856678 ], [ -78.899726227763622, 35.988409744376341 ], [ -78.89972284928956, 35.988408368054564 ], [ -78.89971903139201, 35.988406991371917 ], [ -78.899715247296484, 35.988405614716875 ], [ -78.899711429638231, 35.98840404573744 ], [ -78.899707645542975, 35.988402669082234 ], [ -78.899704267069509, 35.988401292759903 ], [ -78.899700447264948, 35.988399751249283 ], [ -78.89969666528269, 35.988398374595455 ], [ -78.899692845273464, 35.988396997910257 ], [ -78.899689063496396, 35.988395456430524 ], [ -78.899685245600054, 35.988394079746797 ], [ -78.899681867093179, 35.98839273089483 ], [ -78.899678083238072, 35.988391161942069 ], [ -78.8996742632295, 35.988389785256274 ], [ -78.89967048148516, 35.988388218021981 ], [ -78.899666663591589, 35.988386839620759 ], [ -78.899663285119516, 35.988385463297298 ], [ -78.899659501230943, 35.988383921814915 ], [ -78.899655681223038, 35.988382545128538 ], [ -78.899651899447349, 35.988381003647639 ], [ -78.899648520975759, 35.988379627323795 ], [ -78.899644701173258, 35.988378085811441 ], [ -78.899640919192962, 35.98837670915583 ], [ -78.89963710153755, 35.98837514017405 ], [ -78.899633317444909, 35.988373763516478 ], [ -78.899629939178993, 35.988372222366465 ], [ -78.89962611917214, 35.988370845679157 ], [ -78.89962233739756, 35.988369304197391 ], [ -78.899618519708667, 35.988367762685918 ], [ -78.899615175040012, 35.988366386388876 ], [ -78.899611357385623, 35.9883648174063 ], [ -78.899607539457875, 35.988363468191061 ], [ -78.899603755605582, 35.988361899236047 ], [ -78.899600411142458, 35.988360358112971 ], [ -78.899596559447545, 35.988358981398676 ], [ -78.899592775595679, 35.988357412443307 ], [ -78.899588957907923, 35.988355870930874 ], [ -78.899585579438437, 35.988354494605282 ], [ -78.899581793440206, 35.988352953118749 ], [ -78.899577977865462, 35.988351411607752 ], [ -78.899574599396388, 35.988350035281819 ], [ -78.89957081339854, 35.988348493794938 ], [ -78.899566995745815, 35.988346924810962 ], [ -78.899563213971376, 35.988345385044219 ], [ -78.899559833392303, 35.988344006999235 ], [ -78.899556017818412, 35.988342465487541 ], [ -78.899552233933903, 35.988340924001818 ], [ -78.89954885570296, 35.988339357095519 ], [ -78.899545038019042, 35.988337813864838 ], [ -78.899541251817112, 35.988336437202655 ], [ -78.899537434131332, 35.988334895688673 ], [ -78.899534057981469, 35.988333354537701 ], [ -78.899530271985213, 35.988331813049548 ], [ -78.899526456446665, 35.988330244066013 ], [ -78.899523078184615, 35.988328702912995 ], [ -78.899519294096095, 35.988327326251891 ], [ -78.899515476445373, 35.988325757266281 ], [ -78.89951209606896, 35.988324217828172 ], [ -78.899508314300903, 35.988322674625842 ], [ -78.899504496616387, 35.988321133110809 ], [ -78.899501118355133, 35.988319591957186 ], [ -78.899497334506975, 35.98831802299884 ], [ -78.899493516822886, 35.988316481483444 ], [ -78.899490138562044, 35.988314940329509 ], [ -78.899486352567465, 35.988313398839985 ], [ -78.899482537030664, 35.988311829855071 ], [ -78.89947915877022, 35.988310288700873 ], [ -78.899475372776067, 35.988308747210958 ], [ -78.899471557205473, 35.988307205696628 ], [ -78.899468178977514, 35.988305638788091 ], [ -78.899464392985948, 35.988304095580958 ], [ -78.899460577415766, 35.98830255406628 ], [ -78.899457199156103, 35.988301012911435 ], [ -78.899453413197094, 35.988299443949941 ], [ -78.899450037050329, 35.988297902796667 ], [ -78.899446219365942, 35.988296362996699 ], [ -78.899442435727522, 35.988294627494064 ], [ -78.899439057468555, 35.988293086338672 ], [ -78.899435239786797, 35.98829154482145 ], [ -78.899431455906978, 35.988290003331976 ], [ -78.899428077682657, 35.988288434705403 ], [ -78.899424293768831, 35.988286920686612 ], [ -78.899420881743012, 35.988285352031994 ], [ -78.899417095990913, 35.988283618243706 ], [ -78.899413280422579, 35.988282076727536 ], [ -78.899409902164692, 35.988280535571377 ], [ -78.89940611828591, 35.988278994081064 ], [ -78.899402740268059, 35.988277260628152 ], [ -78.899398922587721, 35.988275719109751 ], [ -78.899395544330375, 35.988274177953215 ], [ -78.899391760486381, 35.988272608991551 ], [ -78.899387943012044, 35.988270902647194 ], [ -78.89938456475511, 35.988269361490325 ], [ -78.899380780911571, 35.988267792528319 ], [ -78.899377400747881, 35.98826608654386 ], [ -78.899373585181152, 35.988264545026446 ], [ -78.89937020695902, 35.988262976398246 ], [ -78.89936642328739, 35.988261270081054 ], [ -78.899362605608488, 35.988259728561566 ], [ -78.899359227386782, 35.988258159933068 ], [ -78.899355443749897, 35.988256426144567 ], [ -78.899352065459908, 35.988254912457741 ], [ -78.899348248021511, 35.988253178641195 ], [ -78.899344867687745, 35.988251610010536 ], [ -78.899341085889859, 35.988250095990871 ], [ -78.899337674072868, 35.988248362508259 ], [ -78.899333890162623, 35.988246848486682 ], [ -78.899330512184093, 35.988245085843865 ], [ -78.899326728304189, 35.988243547784968 ], [ -78.899323350257404, 35.988241840083781 ], [ -78.899319532614527, 35.988240271091989 ], [ -78.899316154565895, 35.988238565107537 ], [ -78.899312370690836, 35.98823702361431 ], [ -78.899308992676779, 35.988235290158784 ], [ -78.899305175000208, 35.988233748637441 ], [ -78.899301763184724, 35.988232015153862 ], [ -78.899298013114105, 35.9882304719711 ], [ -78.89929463506418, 35.988228767703021 ], [ -78.899290817630373, 35.9882270321677 ], [ -78.899287439375001, 35.988225492725064 ], [ -78.899283655741172, 35.988223758934353 ], [ -78.899280277490362, 35.98822221605765 ], [ -78.899276460018598, 35.988220511426718 ], [ -78.899273082040281, 35.988218750499222 ], [ -78.899269298130534, 35.98821723819249 ], [ -78.899265920120371, 35.988215503018822 ], [ -78.899262102651363, 35.988213796670522 ], [ -78.899258724399232, 35.988212255510128 ], [ -78.899254940766625, 35.98821052171855 ], [ -78.899251562720607, 35.988208815732293 ], [ -78.899247745082846, 35.988207245021293 ], [ -78.899244367000662, 35.988205568222753 ], [ -78.899240583402985, 35.988203806959753 ], [ -78.899237205357551, 35.988202100973119 ], [ -78.899233827106386, 35.98820055981205 ], [ -78.899230009673076, 35.988198825991752 ], [ -78.899226631628068, 35.988197120004841 ], [ -78.899222847996867, 35.988195386212247 ], [ -78.899219469949998, 35.988193681942036 ], [ -78.899215652313586, 35.988192111230035 ], [ -78.899212240467477, 35.988190405214809 ], [ -78.899208896259196, 35.988188671784378 ], [ -78.899205112594444, 35.988186965462148 ], [ -78.899201734584793, 35.988185232003566 ], [ -78.899197917152904, 35.988183498182281 ], [ -78.899194538868926, 35.988181984491071 ], [ -78.899191160859701, 35.988180251032219 ], [ -78.89918737719573, 35.988178544709413 ], [ -78.899183999186803, 35.988176811250398 ], [ -78.899180181755682, 35.988175077428536 ], [ -78.89917680371272, 35.988173371440205 ], [ -78.8991734256699, 35.988171665451802 ], [ -78.899169642041059, 35.988169931657524 ], [ -78.899166263998524, 35.988168225668907 ], [ -78.899162446568198, 35.988166491846528 ], [ -78.899159066413361, 35.988164785855943 ], [ -78.89915572431994, 35.988163052425776 ], [ -78.899151906855806, 35.988161346073937 ], [ -78.899148528848343, 35.98815961261392 ], [ -78.899145150806703, 35.988157906624707 ], [ -78.899141331264715, 35.988156172799904 ], [ -78.899137953223388, 35.988154466810485 ], [ -78.899134171708681, 35.98815273301684 ], [ -78.899130793667624, 35.988151027027243 ], [ -78.899127415663216, 35.988149291849666 ], [ -78.899123596083371, 35.988147588929124 ], [ -78.899120218113609, 35.988145826280395 ], [ -78.899116808590151, 35.988143955438602 ], [ -78.899113058765494, 35.988142221670429 ], [ -78.899109680725331, 35.988140515680278 ], [ -78.899106302685283, 35.988138809689993 ], [ -78.899102485257657, 35.988137075865673 ], [ -78.899099107217921, 35.98813536987516 ], [ -78.899095727306246, 35.988133471586266 ], [ -78.899092349266795, 35.988131765595583 ], [ -78.899088567754148, 35.988130031800516 ], [ -78.899085189715024, 35.98812832580964 ], [ -78.899081811710388, 35.988126592347683 ], [ -78.899077960688359, 35.988124693669064 ], [ -78.89907461645349, 35.988122985988895 ], [ -78.899071238447149, 35.988121254243609 ], [ -78.899067454788479, 35.988119547917073 ], [ -78.899064076990811, 35.988117649628997 ], [ -78.899060698952695, 35.988115943637425 ], [ -78.899057352672529, 35.988114182730058 ], [ -78.899053503729917, 35.988112311523352 ], [ -78.899050125692256, 35.988110605531496 ], [ -78.899046747689113, 35.988108872068608 ], [ -78.899042964237807, 35.988107000915619 ], [ -78.899039586234977, 35.988105267452575 ], [ -78.899036208197899, 35.988103561460264 ], [ -78.899032830401623, 35.988101663171349 ], [ -78.899029012977323, 35.988099929344749 ], [ -78.899025633034384, 35.988098058524777 ], [ -78.899022255032293, 35.988096325061214 ], [ -78.899018876995967, 35.988094619068441 ], [ -78.899015095692974, 35.988092720445444 ], [ -78.899011715578723, 35.988090986979813 ], [ -78.899008337749152, 35.988089116161106 ], [ -78.899004961860413, 35.988087382698843 ], [ -78.899001584065559, 35.988085484409019 ], [ -78.898997766608304, 35.988083778052328 ], [ -78.898994386701148, 35.988081879760593 ], [ -78.898991010780762, 35.988080172051866 ], [ -78.898987630871787, 35.988078275476845 ], [ -78.898983849398292, 35.988076514207556 ], [ -78.898980471535594, 35.988074670859049 ], [ -78.898977093569854, 35.988072909923218 ], [ -78.898973679827577, 35.988071039073908 ], [ -78.898970337742014, 35.988069305638568 ], [ -78.898966959914318, 35.988067434818724 ], [ -78.898963142699472, 35.988065536164385 ], [ -78.898959764665676, 35.988063830169985 ], [ -78.898956386872868, 35.988061931878917 ], [ -78.898953008839385, 35.988060225884297 ], [ -78.898949631046875, 35.988058327593016 ], [ -78.898945847634593, 35.988056428966097 ], [ -78.89894246960155, 35.988054722971228 ], [ -78.898939091809524, 35.988052824679656 ], [ -78.898935714017654, 35.988050926387984 ], [ -78.898932335985066, 35.988049220392824 ], [ -78.898928924391839, 35.988047322073001 ], [ -78.898925138867909, 35.988045423443687 ], [ -78.898921762948376, 35.988043717449997 ], [ -78.898918385157302, 35.988041819157836 ], [ -78.898915007366398, 35.988039920865582 ], [ -78.898911629575622, 35.988038022573235 ], [ -78.898908251544057, 35.988036316577393 ], [ -78.898904871641037, 35.988034418283142 ], [ -78.89890149385073, 35.98803251999054 ], [ -78.898897712518973, 35.988030648834751 ], [ -78.898894334729007, 35.988028750541943 ], [ -78.898890954620043, 35.988027017072945 ], [ -78.898887576795957, 35.988025146250877 ], [ -78.898884167282972, 35.988023275402497 ], [ -78.898880823329748, 35.988021349666298 ], [ -78.898877445540563, 35.988019451373027 ], [ -78.898874067717117, 35.98801758055054 ], [ -78.898870689928245, 35.988015682257057 ], [ -78.898866872511505, 35.988013948425333 ], [ -78.898863494688555, 35.988012077602583 ], [ -78.898860116900153, 35.988010179308795 ], [ -78.898856739111935, 35.988008281014913 ], [ -78.898853361323873, 35.988006382720954 ], [ -78.898849983501549, 35.988004511897785 ], [ -78.898846605713786, 35.988002613603662 ], [ -78.898843225813607, 35.988000715307685 ], [ -78.898839850104324, 35.987998844486 ], [ -78.898836506118712, 35.987996946219546 ], [ -78.898833094529948, 35.987995047897016 ], [ -78.898829716743009, 35.987993149602396 ], [ -78.898826338956198, 35.987991251307648 ], [ -78.898822961135124, 35.987989380483768 ], [ -78.89881958334864, 35.987987482188821 ], [ -78.898816205562326, 35.987985583893838 ], [ -78.898812827776155, 35.987983685598728 ], [ -78.898809449955721, 35.987981814774457 ], [ -78.898805666550331, 35.987979916143104 ], [ -78.898802288764642, 35.987978017847759 ], [ -78.898798910979153, 35.987976119552243 ], [ -78.898795533400531, 35.987974056430978 ], [ -78.898792155583052, 35.987972183889283 ], [ -78.898788743994217, 35.98797028728243 ], [ -78.898785397898394, 35.987968389012799 ], [ -78.898782022226285, 35.98796649071857 ], [ -78.898778644407258, 35.987964619893454 ], [ -78.898775266622863, 35.987962721597285 ], [ -78.898771889045435, 35.987960658475387 ], [ -78.898768511297988, 35.987958730991139 ], [ -78.898765133477454, 35.987956861882559 ], [ -78.898761753546637, 35.987954991055211 ], [ -78.898758749693471, 35.987953093068498 ], [ -78.89875540591845, 35.987951029974127 ], [ -78.898752028100688, 35.987949159148279 ], [ -78.898748650352033, 35.987947233380424 ], [ -78.898745272534612, 35.987945362554349 ], [ -78.898741894958661, 35.987943299431556 ], [ -78.898738517176042, 35.987941401134378 ], [ -78.898735139393551, 35.987939502837136 ], [ -78.898731761818112, 35.987937439714045 ], [ -78.898728384035948, 35.987935541416576 ], [ -78.898725006219465, 35.987933670589932 ], [ -78.898721628885951, 35.987931415170024 ], [ -78.898716561851401, 35.987928856168224 ], [ -78.898711934755454, 35.987925885466453 ], [ -78.898709401324709, 35.987924537288031 ], [ -78.89870686792851, 35.987923161638641 ], [ -78.89870433473935, 35.987921621163487 ], [ -78.898699673566654, 35.987918870200765 ], [ -78.898697140377777, 35.987917329725484 ], [ -78.898694606982019, 35.987915954075781 ], [ -78.898689977706042, 35.987913038313316 ], [ -78.898687478112109, 35.987911662691523 ], [ -78.898684912993232, 35.987910314486278 ], [ -78.898680252097861, 35.987907343755282 ], [ -78.89867771890971, 35.987905803279595 ], [ -78.898675185514648, 35.987904427629509 ], [ -78.898672652119672, 35.987903051979352 ], [ -78.898668024957828, 35.987900136217775 ], [ -78.898665491770132, 35.987898595741818 ], [ -78.89866295837551, 35.987897220091462 ], [ -78.898658297481688, 35.987894249359563 ], [ -78.898655764050673, 35.987892902896995 ], [ -78.89865113689217, 35.987889985417837 ], [ -78.898648637506668, 35.987888444969549 ], [ -78.898646070345592, 35.987887041819839 ], [ -78.898641409349452, 35.987884153500154 ], [ -78.898638876197282, 35.987882585552697 ], [ -78.898636342803627, 35.987881209901808 ], [ -78.898631715644328, 35.987878294138824 ], [ -78.898629182250929, 35.987876918487771 ], [ -78.898626649064681, 35.987875378011005 ], [ -78.898621988104438, 35.987872462219578 ], [ -78.89861945471138, 35.987871086568319 ], [ -78.89861482779493, 35.987867978508092 ], [ -78.898612294402142, 35.987866602856656 ], [ -78.89860972741495, 35.987865062351496 ], [ -78.898605098144913, 35.987862146585726 ], [ -78.898602564752466, 35.987860770934127 ], [ -78.898597973578759, 35.987857800257757 ], [ -78.898590340464139, 35.987852986500634 ], [ -78.898579766399891, 35.987846659397668 ], [ -78.898569635810262, 35.987840470016884 ], [ -78.898559503316875, 35.987834115807821 ], [ -78.898549368954278, 35.987827569299569 ], [ -78.898539238576689, 35.987821215090527 ], [ -78.898531233651838, 35.987816401020815 ], [ -78.898521101164462, 35.987810046808498 ], [ -78.898510968678721, 35.987803692595328 ], [ -78.898500836436469, 35.987797146084695 ], [ -78.89849070416129, 35.987790627044163 ], [ -78.898483104860944, 35.987785813308285 ], [ -78.89847297262537, 35.987779265078359 ], [ -78.898463245971058, 35.987772748089583 ], [ -78.898453111623979, 35.987766201573159 ], [ -78.898445514440766, 35.987761387836649 ], [ -78.898435380027379, 35.987754896260611 ], [ -78.898425249944566, 35.987748322274413 ], [ -78.898415555231139, 35.987741611294553 ], [ -78.89840542508243, 35.987735092248556 ], [ -78.898397825999979, 35.98773011368155 ], [ -78.898388099604162, 35.987723400956192 ], [ -78.898377967587422, 35.987716691326426 ], [ -78.898368308553557, 35.987710172669203 ], [ -78.898360675708858, 35.987705166600833 ], [ -78.898350949282374, 35.987698483060257 ], [ -78.898340817516313, 35.987691579413855 ], [ -78.898331124894682, 35.987684895899818 ], [ -78.898321398507733, 35.987678184885951 ], [ -78.898311266504379, 35.987671473533602 ], [ -78.898301574130002, 35.98766459772056 ], [ -78.89829437856595, 35.987659619482969 ], [ -78.897999720900799, 35.98745507213372 ], [ -78.897958964661157, 35.987288151900444 ], [ -78.897961061080736, 35.987285901031491 ], [ -78.89796319545728, 35.987283705136136 ], [ -78.897965293989216, 35.987281454268825 ], [ -78.89796698687023, 35.987279230533602 ], [ -78.897969118960148, 35.987277171991146 ], [ -78.897971217491744, 35.987274921123742 ], [ -78.897972908259888, 35.987272697386686 ], [ -78.89797504267051, 35.987270474020178 ], [ -78.897976735342596, 35.987268415110528 ], [ -78.897978831726462, 35.987266191712159 ], [ -78.897980966171446, 35.987263940874605 ], [ -78.897982659086423, 35.987261689668181 ], [ -78.897984757549921, 35.98725949202553 ], [ -78.897986889842926, 35.987257272090865 ], [ -78.897988582516632, 35.987255211464131 ], [ -78.897990681047091, 35.987252960596393 ], [ -78.897992813344118, 35.987250737227782 ], [ -78.897994506189022, 35.987248540963108 ], [ -78.89799660471914, 35.987246290095221 ], [ -78.897998737050557, 35.987244039255593 ], [ -78.898000429721506, 35.98724198034558 ], [ -78.898002526103994, 35.987239756946785 ], [ -78.898004218983104, 35.987237533211044 ], [ -78.898006353391935, 35.987235309843918 ], [ -78.898008451921399, 35.987233058975889 ], [ -78.898010144800239, 35.987230835240041 ], [ -78.898012277096129, 35.987228611871025 ], [ -78.89801396976641, 35.987226552960855 ], [ -78.898016068260688, 35.987224329563581 ], [ -78.898018200590982, 35.987222078723562 ], [ -78.898019893469311, 35.987219854987572 ], [ -78.898021991963276, 35.987217631590191 ], [ -78.898023682730994, 35.987215406135441 ], [ -78.898025817171245, 35.987213157013997 ], [ -78.898027510014444, 35.98721096074884 ], [ -78.898029606430114, 35.987208709878594 ], [ -78.898031740837453, 35.98720648651102 ], [ -78.898033433506782, 35.987204427600552 ], [ -78.898035532034669, 35.987202176731998 ], [ -78.898037222799516, 35.987199952993997 ], [ -78.898039357206457, 35.987197729626253 ], [ -78.898041050083677, 35.987195505889964 ], [ -78.898043148611137, 35.987193255021268 ], [ -78.898045280905123, 35.987191031651697 ], [ -78.898046973782073, 35.987188807915274 ], [ -78.898049070161861, 35.987186584515662 ], [ -78.898050763073329, 35.987184333308299 ], [ -78.898052897479445, 35.987182109940306 ], [ -78.898054590355983, 35.987179886203812 ], [ -78.898056688847959, 35.987177662805799 ], [ -78.8980584155603, 35.987175411626524 ], [ -78.898060514052105, 35.987173188228446 ], [ -78.898062206893528, 35.987170991962785 ], [ -78.898064339221065, 35.987168741121856 ], [ -78.898065998330395, 35.987166489886079 ], [ -78.898068130623059, 35.987164266516046 ], [ -78.898069823498801, 35.987162042779296 ], [ -78.898071921989867, 35.98715981938102 ], [ -78.898073614900127, 35.987157568173316 ], [ -78.898075747192337, 35.987155344803156 ], [ -78.898077440067667, 35.987153121066314 ], [ -78.898079538560495, 35.987150895950954 ], [ -78.898081231468169, 35.987148646460064 ], [ -78.898083361647352, 35.987146423087999 ], [ -78.898085056669586, 35.987144171881809 ], [ -78.898087155125054, 35.987141975954223 ], [ -78.898088848034519, 35.987139724746271 ], [ -78.898090980325819, 35.987137501375862 ], [ -78.898092673200381, 35.987135277638771 ], [ -78.898094771690111, 35.987133054240083 ], [ -78.898096464599163, 35.987130803032031 ], [ -78.898098596890051, 35.987128579661459 ], [ -78.898100323565444, 35.987126355952462 ], [ -78.898102388253534, 35.987124132525423 ], [ -78.89810408116216, 35.987121881317208 ], [ -78.898106179859468, 35.987119493092607 ], [ -78.898107906534506, 35.987117269383489 ], [ -78.898110005092747, 35.987114991042631 ], [ -78.898111697931611, 35.987112794776273 ], [ -78.898113390805065, 35.98711057103889 ], [ -78.898115523094944, 35.987108347667998 ], [ -78.898117216002888, 35.987106096459605 ], [ -78.898119314491211, 35.987103873060455 ], [ -78.898120973563039, 35.987101649294765 ], [ -78.898123139688394, 35.987099398481021 ], [ -78.89812483273468, 35.987097037388693 ], [ -78.898126525642141, 35.987094786180137 ], [ -78.89812862412991, 35.987092562780845 ], [ -78.898130317037172, 35.987090311572295 ], [ -78.898132449326042, 35.98708808820107 ], [ -78.898134142198401, 35.987085864463367 ], [ -78.898135835070676, 35.987083640725686 ], [ -78.898137933592594, 35.987081389855263 ], [ -78.898139626672759, 35.987079001291761 ], [ -78.898141758961074, 35.987076777920393 ], [ -78.898143451867639, 35.987074526711602 ], [ -78.898145178540616, 35.987072303001945 ], [ -78.898147243226077, 35.987070079574117 ], [ -78.89814893613233, 35.987067828365284 ], [ -78.898151034794409, 35.987065465893863 ], [ -78.89815276149956, 35.987063216430045 ], [ -78.89815445437084, 35.987060992692044 ], [ -78.898156552891621, 35.987058741821258 ], [ -78.89815824576273, 35.987056518083222 ], [ -78.898159902927986, 35.987054129489501 ], [ -78.898162071163554, 35.987051878676773 ], [ -78.898163764034337, 35.98704965493863 ], [ -78.898165828718703, 35.987047431510462 ], [ -78.898167555390515, 35.987045207800428 ], [ -78.89816924850372, 35.987042791765539 ], [ -78.898171380790245, 35.987040568393645 ], [ -78.898173073660573, 35.98703834465536 ], [ -78.898174766565432, 35.987036093446122 ], [ -78.898176865258364, 35.987033705220199 ], [ -78.898178558128365, 35.987031481481878 ], [ -78.89818025103294, 35.987029230272562 ], [ -78.898182383318826, 35.987027006900426 ], [ -78.898184110197747, 35.987024618364444 ], [ -78.898185769300824, 35.987022367126862 ], [ -78.898187867785083, 35.987020143726461 ], [ -78.898189560654487, 35.987017919987956 ], [ -78.898191253766456, 35.987015503952769 ], [ -78.898193386051688, 35.98701328058042 ], [ -78.898195078920807, 35.987011056841808 ], [ -78.898196771789827, 35.987008833103197 ], [ -78.898198902204726, 35.987006417432355 ], [ -78.898200563384876, 35.987004193667268 ], [ -78.898202256253612, 35.987001969928556 ], [ -78.898203949364884, 35.986999553893156 ], [ -78.89820608164932, 35.986997330520616 ], [ -78.898207774517758, 35.986995106781812 ], [ -78.898209467420756, 35.986992855572062 ], [ -78.898211566111542, 35.986990467345507 ], [ -78.898213258979666, 35.986988243606618 ], [ -78.898214951882366, 35.986985992396789 ], [ -78.898216644958268, 35.986983603832151 ], [ -78.898218777241951, 35.986981380459341 ], [ -78.898220470144352, 35.986979129249455 ], [ -78.898222163219927, 35.986976740684689 ], [ -78.898223853974926, 35.986974516943917 ], [ -78.898225954604086, 35.986972266073636 ], [ -78.898227647679377, 35.986969877508827 ], [ -78.898229340546649, 35.986967653769725 ], [ -78.898231033448454, 35.986965402559647 ], [ -78.89823316593916, 35.986963014360839 ], [ -78.898234892607306, 35.986960790649796 ], [ -78.898236551707669, 35.986958539411503 ], [ -78.898238244782334, 35.986956150846545 ], [ -78.89824034329807, 35.986953899974253 ], [ -78.898242036337905, 35.986951538880191 ], [ -78.898243763040227, 35.98694928769806 ], [ -78.898245422105404, 35.986947063930522 ], [ -78.898247554629847, 35.986944648260533 ], [ -78.898249247496025, 35.986942424521118 ], [ -78.8982509406068, 35.98694000676808 ], [ -78.898252633470634, 35.986937784745571 ], [ -78.898254326336527, 35.986935561006064 ], [ -78.898256425093777, 35.986933117836777 ], [ -78.89825811792484, 35.986930921568231 ], [ -78.898259810998297, 35.986928533002917 ], [ -78.89826146798471, 35.986926281762486 ], [ -78.898263194651292, 35.986924058051002 ], [ -78.89826532925251, 35.986921669853373 ], [ -78.898267022154542, 35.986919416925822 ], [ -78.898268715225342, 35.986917030077322 ], [ -78.898270408090355, 35.986914806337609 ], [ -78.898272099083002, 35.986912392016357 ], [ -78.89827379406259, 35.986910166561387 ], [ -78.898275892506845, 35.986907970630341 ], [ -78.898277585648572, 35.986905527122886 ], [ -78.898279278510941, 35.986903305099979 ], [ -78.898280971619997, 35.986900887346486 ], [ -78.898282664484356, 35.986898663606553 ], [ -78.898284357556406, 35.986896275040891 ], [ -78.898286489870529, 35.986894024195912 ], [ -78.898288182942366, 35.986891635630158 ], [ -78.898289875806313, 35.986889411890132 ], [ -78.898291535111397, 35.986886995825301 ], [ -78.898293261811006, 35.986884744642389 ], [ -78.898294954845653, 35.986882385264479 ], [ -78.898296647746022, 35.986880132336481 ], [ -78.898298746431294, 35.98687774410832 ], [ -78.89830040341559, 35.986875492867313 ], [ -78.898302132398157, 35.986873106048222 ], [ -78.898303825263511, 35.986870880591049 ], [ -78.898305518368986, 35.986868464554121 ], [ -78.898307211231966, 35.986866240813832 ], [ -78.898308904337242, 35.986863824776847 ], [ -78.898310597200037, 35.986861601036551 ], [ -78.898312290268336, 35.986859214187362 ], [ -78.898314422585017, 35.986856959907989 ], [ -78.898316115653088, 35.986854573058771 ], [ -78.8983178085155, 35.986852349318355 ], [ -78.898319501620179, 35.986849933281228 ], [ -78.898321194482406, 35.986847709540712 ], [ -78.898322887586858, 35.986845293503542 ], [ -78.898324614457721, 35.986842904965407 ], [ -78.898326273518535, 35.986840681196703 ], [ -78.898327966622688, 35.986838265159427 ], [ -78.898329659482272, 35.986836043135732 ], [ -78.898331352588414, 35.986833625381493 ], [ -78.898333045449945, 35.986831401640821 ], [ -78.898335144132872, 35.986829013411977 ], [ -78.898336837236528, 35.986826597374588 ], [ -78.89833853009992, 35.986824371916924 ], [ -78.898340223201231, 35.986821957596405 ], [ -78.898341916062293, 35.986819733855597 ], [ -78.898343609128773, 35.98681734700596 ], [ -78.89834526843299, 35.986814929223399 ], [ -78.898346995094869, 35.986812705510594 ], [ -78.898348688197828, 35.986810289473077 ], [ -78.898350381058407, 35.986808065732085 ], [ -78.898352074126549, 35.986805677165407 ], [ -78.89835376722921, 35.986803261127768 ], [ -78.898355457976933, 35.986801037385014 ], [ -78.898357153191952, 35.986798621349052 ], [ -78.898358846259725, 35.986796232782254 ], [ -78.898360539085104, 35.986794036512165 ], [ -78.898362232221871, 35.986791593003424 ], [ -78.898363925081682, 35.986789369262269 ], [ -78.898365618183647, 35.986786953224424 ], [ -78.898367311250908, 35.986784564657505 ], [ -78.898369001997864, 35.986782340914559 ], [ -78.898370697212101, 35.986779924878377 ], [ -78.898372390279064, 35.986777536311379 ], [ -78.898374083172897, 35.986775285099192 ], [ -78.898375776241821, 35.986772894815175 ], [ -78.898377469340929, 35.986770480494094 ], [ -78.898379162199873, 35.986768256752732 ], [ -78.898380855266339, 35.986765868185621 ], [ -78.89838254836728, 35.986763452147514 ], [ -78.898384274992495, 35.986761255905158 ], [ -78.898385934326711, 35.986758812367931 ], [ -78.898387627392779, 35.98675642380072 ], [ -78.898389320251169, 35.986754200059167 ], [ -78.898391013351613, 35.986751784020981 ], [ -78.898392706417397, 35.986749395453657 ], [ -78.898394399517656, 35.986746979415372 ], [ -78.898396058574548, 35.986744755645631 ], [ -78.898397785475694, 35.986742339635477 ], [ -78.898399478541066, 35.986739951068046 ], [ -78.898401171398774, 35.986737727326357 ], [ -78.898402864498536, 35.98673531128793 ], [ -78.898404149837745, 35.986732922381343 ], [ -78.898405845049894, 35.986730506344657 ], [ -78.898407535794647, 35.986728282601092 ], [ -78.898409231006596, 35.986725866564385 ], [ -78.898410921958714, 35.986723477995021 ], [ -78.898412617170436, 35.986721061958235 ], [ -78.898414343828478, 35.986718838244443 ], [ -78.898416003093942, 35.986716447931734 ], [ -78.898417694078091, 35.986714033608308 ], [ -78.898419387142269, 35.986711645040565 ], [ -78.898421080033415, 35.98670939382766 ], [ -78.898422773097394, 35.986707005259881 ], [ -78.898424026781569, 35.986704588855751 ], [ -78.898425721957935, 35.986702200289706 ], [ -78.898427412943633, 35.986699784249197 ], [ -78.898429141713422, 35.986697560536932 ], [ -78.898430800975802, 35.986695171940909 ], [ -78.898432491961231, 35.986692755900322 ], [ -78.898434187137084, 35.986690367334106 ], [ -78.898435877914821, 35.986688116119197 ], [ -78.898437165364854, 35.986685727213953 ], [ -78.898438860575027, 35.986683311176776 ], [ -78.898440553637926, 35.986680922608741 ], [ -78.898442246735314, 35.98667850656976 ], [ -78.898443937685457, 35.986676117999913 ], [ -78.898445632653164, 35.986673894259319 ], [ -78.898447323637697, 35.986671478218454 ], [ -78.898448579398561, 35.986669089286757 ], [ -78.898450272495467, 35.986666673247598 ], [ -78.898451965557697, 35.986664284679428 ], [ -78.898453658654375, 35.986661868640248 ], [ -78.898455351508957, 35.986659644897685 ], [ -78.898457044605451, 35.98665722885849 ], [ -78.898458737667283, 35.986654840290178 ], [ -78.89846002303814, 35.986652423911977 ], [ -78.898461718212346, 35.986650035345377 ], [ -78.898463409195912, 35.986647619304286 ], [ -78.898465135850927, 35.986645395589711 ], [ -78.898466795111233, 35.986643006993184 ], [ -78.898468082594164, 35.986640590616673 ], [ -78.898469741854228, 35.986638202020067 ], [ -78.898471437062412, 35.986635785982394 ], [ -78.898473128010806, 35.986633397412085 ], [ -78.898474823218791, 35.986630981374368 ], [ -78.898476110666763, 35.986628592468648 ], [ -78.898477803762006, 35.986626176429091 ], [ -78.898479496615153, 35.986623952686223 ], [ -78.898481189710196, 35.986621536646602 ], [ -78.898482882770551, 35.986619148077949 ], [ -78.898484136451557, 35.986616731673131 ], [ -78.898485795710684, 35.986614343076305 ], [ -78.898487522606359, 35.986611927064708 ], [ -78.898489215666331, 35.986609538495934 ], [ -78.898490503148111, 35.986607122119111 ], [ -78.898492196207883, 35.986604733550287 ], [ -78.898493889299999, 35.986602319227451 ], [ -78.898495582361733, 35.986599928941629 ], [ -78.898498528894081, 35.986595288793474 ], [ -78.898500221953384, 35.986592900224508 ], [ -78.898501915047135, 35.986590484184624 ], [ -78.898503202493671, 35.986588095278577 ], [ -78.898504895587237, 35.98658567923863 ], [ -78.898506588646143, 35.986583290669593 ], [ -78.898508281739524, 35.986580874629603 ], [ -78.898509533272048, 35.986578485693634 ], [ -78.898511228477787, 35.986576069655328 ], [ -78.898512921536295, 35.986573681086206 ], [ -78.898477448204787, 35.98655785579021 ], [ -78.898562965922935, 35.986422632224908 ], [ -78.898599792631941, 35.986410465683427 ], [ -78.898660185982024, 35.986390764163474 ], [ -78.898929623735555, 35.986490734564789 ], [ -78.898932596916666, 35.986491780922442 ], [ -78.89893553609032, 35.986492992077793 ], [ -78.898938507193421, 35.986494010962616 ], [ -78.898941448479803, 35.986495222119579 ], [ -78.898944421695631, 35.98649624100598 ], [ -78.898947800489253, 35.986497287698811 ], [ -78.898950739628901, 35.986498526324745 ], [ -78.89895371287939, 35.986499517739972 ], [ -78.898956652053627, 35.986500728894818 ], [ -78.898959625269839, 35.986501747780849 ], [ -78.898962564444261, 35.986502958935567 ], [ -78.898965537626239, 35.986504005292382 ] ] ], [ [ [ -78.898495520612215, 35.989093881172124 ], [ -78.898513022635271, 35.989099829441926 ], [ -78.898709802299834, 35.989166719734229 ], [ -78.899491045129253, 35.989432267498998 ], [ -78.899713302604084, 35.989507803005537 ], [ -78.900239991561406, 35.98968685900887 ], [ -78.900252467847878, 35.989691099724176 ], [ -78.900609598954958, 35.989812474202175 ], [ -78.900695693641111, 35.989841745844871 ], [ -78.900802332214695, 35.990068302999859 ], [ -78.900729684881199, 35.990210268782207 ], [ -78.900657857044763, 35.990319604847564 ], [ -78.900246562647325, 35.990945524741392 ], [ -78.900190673919241, 35.990960766666184 ], [ -78.899049292545655, 35.990464829829975 ], [ -78.898971504157785, 35.990431012312044 ], [ -78.898976448838042, 35.990423436137618 ], [ -78.898582284797342, 35.990253145056975 ], [ -78.898491267611334, 35.990217412166025 ], [ -78.898397129076628, 35.990187527922352 ], [ -78.898300418259737, 35.990163657601876 ], [ -78.89820173711054, 35.990145911583994 ], [ -78.898101662155298, 35.990134455170782 ], [ -78.898000801782089, 35.990129316337807 ], [ -78.897899730540914, 35.990130550505377 ], [ -78.897799090690825, 35.990138130739304 ], [ -78.897699490688765, 35.990152030079386 ], [ -78.897601471492081, 35.990172139097638 ], [ -78.897539312967297, 35.990142033757735 ], [ -78.897318290604801, 35.989680583425432 ], [ -78.897338702781525, 35.989674127738922 ], [ -78.89726417020205, 35.989510235170663 ], [ -78.897156857136864, 35.989274256912779 ], [ -78.897134262992864, 35.988864582344412 ], [ -78.897343467442823, 35.98870233627126 ], [ -78.898436121871327, 35.989073695585205 ], [ -78.898495520612215, 35.989093881172124 ] ] ], [ [ [ -78.90007395999956, 35.991144003701621 ], [ -78.900078883074272, 35.991157234984883 ], [ -78.900080955533824, 35.991170951545328 ], [ -78.900080116602226, 35.991184755004795 ], [ -78.900076392132107, 35.991198240188012 ], [ -78.900069890360328, 35.991211010571689 ], [ -78.899956009196714, 35.991383807405313 ], [ -78.899995077311971, 35.991398993049884 ], [ -78.899842322931931, 35.991642572846565 ], [ -78.899781592582528, 35.991738444661316 ], [ -78.899624071302199, 35.991966212440509 ], [ -78.899291929503306, 35.99246948456711 ], [ -78.899244969447579, 35.992475031025201 ], [ -78.899111377769941, 35.992358497273813 ], [ -78.898981772624055, 35.992239027278394 ], [ -78.898856248962105, 35.992116713844254 ], [ -78.898862671785238, 35.992111516855303 ], [ -78.898765803858282, 35.992002129795296 ], [ -78.898561635516828, 35.991763784030795 ], [ -78.898448153352192, 35.991629846212291 ], [ -78.898338449551417, 35.991493845954764 ], [ -78.89823257894723, 35.991355851991088 ], [ -78.89819306060042, 35.99130261987802 ], [ -78.898153290530288, 35.991248003692682 ], [ -78.898059848682067, 35.991112327486178 ], [ -78.897973393389535, 35.990973626648319 ], [ -78.89789407010332, 35.990832136534863 ], [ -78.897822020034369, 35.990688101082121 ], [ -78.897757361146816, 35.99054176763979 ], [ -78.897695692861376, 35.990393024366902 ], [ -78.897694055952954, 35.990387703934061 ], [ -78.897693530491566, 35.990382238492664 ], [ -78.897694133188892, 35.990376777429972 ], [ -78.897695842726392, 35.990371471818435 ], [ -78.897698612433715, 35.990366472708892 ], [ -78.897702368193279, 35.990361917394111 ], [ -78.897707002098016, 35.990357932836716 ], [ -78.897712387248703, 35.990354628814181 ], [ -78.897718375639158, 35.990352099633782 ], [ -78.897724796056664, 35.990350413829425 ], [ -78.897807183164488, 35.990337497609282 ], [ -78.897890571215157, 35.990329932137044 ], [ -78.897974434113053, 35.990327763328544 ], [ -78.898058243694024, 35.990331002760513 ], [ -78.898141476053723, 35.990339634543808 ], [ -78.89822360311635, 35.990353599863802 ], [ -78.898308767798724, 35.990374605370228 ], [ -78.898391694931831, 35.990400864491129 ], [ -78.898456448348767, 35.990424241169322 ], [ -78.898561030414186, 35.990465640929308 ], [ -78.899038339366385, 35.99067167011458 ], [ -78.900029813043631, 35.991103284838729 ], [ -78.900043931030339, 35.991110988254519 ], [ -78.900056225597368, 35.991120537597283 ], [ -78.900066333709731, 35.991131652710422 ], [ -78.90007395999956, 35.991144003701621 ] ] ], [ [ [ -78.900331183169527, 35.99125059848307 ], [ -78.900331388100241, 35.991250598650254 ], [ -78.900342949745365, 35.991249783955084 ], [ -78.900354710059815, 35.991250617677004 ], [ -78.900366100697269, 35.991253126823352 ], [ -78.900374885577222, 35.99125629314598 ], [ -78.900978963069619, 35.991517704968892 ], [ -78.900998318459827, 35.991556507897094 ], [ -78.901153055517824, 35.991622975508236 ], [ -78.901212889134996, 35.991619644986024 ], [ -78.901287184904547, 35.991650251005616 ], [ -78.901505655289355, 35.991734819771544 ], [ -78.901727816639507, 35.991812768901994 ], [ -78.901751739697943, 35.991820699773115 ], [ -78.901815433568373, 35.991841491536469 ], [ -78.90183304309862, 35.99187089958312 ], [ -78.902045513933757, 35.991940324355532 ], [ -78.902082035893841, 35.99192848619559 ], [ -78.90211008155633, 35.991937629021521 ], [ -78.90211856208299, 35.991941014741272 ], [ -78.902128221046809, 35.991946516666033 ], [ -78.90213653057252, 35.991953281171675 ], [ -78.902143281735576, 35.99196111579451 ], [ -78.902148240291908, 35.99196980057976 ], [ -78.902151271360935, 35.991979060710321 ], [ -78.902152305589354, 35.991988593950545 ], [ -78.902151248237729, 35.991998125515373 ], [ -78.902148499773304, 35.992006694243088 ], [ -78.902131922660857, 35.992045662208369 ], [ -78.90209055884236, 35.992064034582505 ], [ -78.902014589673428, 35.99224171055728 ], [ -78.902033813010462, 35.992276723933266 ], [ -78.901782375531226, 35.992867531425432 ], [ -78.90174077441857, 35.992886040839359 ], [ -78.901664871279266, 35.993063744064536 ], [ -78.901678497834084, 35.993088506328128 ], [ -78.901684263344478, 35.993099032329177 ], [ -78.901660026271401, 35.993156014969117 ], [ -78.90164778796715, 35.993184822105917 ], [ -78.90135810095785, 35.993866196770895 ], [ -78.901355965152476, 35.993871222222261 ], [ -78.901352066461186, 35.993880394356999 ], [ -78.901049352881444, 35.993711285855412 ], [ -78.900921020779876, 35.993640088839349 ], [ -78.900688345823383, 35.993504219356517 ], [ -78.900461019848947, 35.993362531664658 ], [ -78.900239211695009, 35.993215189039155 ], [ -78.900023157870251, 35.993062299869266 ], [ -78.89981306099547, 35.992904036044024 ], [ -78.899609089937712, 35.992740524784836 ], [ -78.899433564562443, 35.992591268249818 ], [ -78.899572325770336, 35.992376092786216 ], [ -78.899577935095394, 35.992377745653123 ], [ -78.899651968905843, 35.992265725120689 ], [ -78.899835700365813, 35.99198569993392 ], [ -78.900289501785821, 35.991281469269623 ], [ -78.900290551580653, 35.991279931754129 ], [ -78.900296712522476, 35.991272821810576 ], [ -78.900304292001536, 35.991266674507237 ], [ -78.900313086961987, 35.991261681974613 ], [ -78.900319377512005, 35.991259104840019 ], [ -78.90031698309916, 35.991254570181702 ], [ -78.900316713319981, 35.991254048013786 ], [ -78.90031979058142, 35.991253089042139 ], [ -78.900322326485565, 35.991252541692823 ], [ -78.900331183169527, 35.99125059848307 ] ] ], [ [ [ -78.90003307266484, 35.99329952105213 ], [ -78.900116431788859, 35.993355162898283 ], [ -78.900184221361627, 35.993399528891011 ], [ -78.900260659616762, 35.993448104956713 ], [ -78.90034311170642, 35.993499405500003 ], [ -78.900432420094489, 35.993553870729897 ], [ -78.900437385650207, 35.993556814164585 ], [ -78.900495249970419, 35.993590815357877 ], [ -78.900617531997781, 35.993662668919875 ], [ -78.900811938981789, 35.993774441229931 ], [ -78.901024184703402, 35.993892958052271 ], [ -78.901199436957711, 35.99399391814746 ], [ -78.901255950552908, 35.994027258579862 ], [ -78.901259665817122, 35.994029871318986 ], [ -78.901262772001289, 35.994032978042029 ], [ -78.901265201665183, 35.994036441339901 ], [ -78.901266853463511, 35.994040206189027 ], [ -78.901267727564289, 35.994044135234937 ], [ -78.901267722689326, 35.994048118512318 ], [ -78.901266906581299, 35.994052046192195 ], [ -78.901248083321647, 35.994102632384219 ], [ -78.901224563404483, 35.994151456636928 ], [ -78.901196380526159, 35.99419860138768 ], [ -78.901163670233743, 35.994243792034041 ], [ -78.901162383989146, 35.994245164538476 ], [ -78.901160827543933, 35.994246346244928 ], [ -78.901159068512868, 35.994247332057249 ], [ -78.901157140761342, 35.994248072211903 ], [ -78.901155111899882, 35.994248565046483 ], [ -78.90115297988315, 35.994248755617683 ], [ -78.901150886199119, 35.994248698981693 ], [ -78.901148790738986, 35.994248367635265 ], [ -78.901146797028204, 35.994247761662052 ], [ -78.901144938803824, 35.994246936031196 ], [ -78.901027851667223, 35.994182916431456 ], [ -78.900638083703683, 35.993967228125022 ], [ -78.900471306937064, 35.993874462175889 ], [ -78.900209538841722, 35.993728815913528 ], [ -78.899989026224915, 35.993599438172339 ], [ -78.899773285071646, 35.993464820430532 ], [ -78.899562556087972, 35.993325095114209 ], [ -78.899356974327532, 35.99318040314818 ], [ -78.899156738301031, 35.993030821983389 ], [ -78.899149072233513, 35.993024909407453 ], [ -78.899156791659905, 35.99301348787877 ], [ -78.899269026890892, 35.992847381425975 ], [ -78.899273834160326, 35.992839968241846 ], [ -78.899276986084928, 35.992835108488137 ], [ -78.899283385129479, 35.992826982372208 ], [ -78.899291405513878, 35.992819846545643 ], [ -78.899300810340208, 35.992813918863398 ], [ -78.899311295163486, 35.992809369050377 ], [ -78.899322555586352, 35.992806329059313 ], [ -78.899334321109194, 35.992804855325851 ], [ -78.899346185951885, 35.99280505739921 ], [ -78.899357879788667, 35.99280685264381 ], [ -78.899368994829416, 35.992810268194752 ], [ -78.899379265076405, 35.992815139007512 ], [ -78.899388352630538, 35.992821354920387 ], [ -78.89944991466372, 35.992871182914094 ], [ -78.899535286591799, 35.992938529434667 ], [ -78.899612454096342, 35.992998039940225 ], [ -78.899699181279672, 35.993063107370318 ], [ -78.899766454723192, 35.993112692650634 ], [ -78.899834172333627, 35.993161948606087 ], [ -78.899899188516457, 35.993207246497619 ], [ -78.899961568140029, 35.993250784055988 ], [ -78.90003307266484, 35.99329952105213 ] ] ], [ [ [ -78.898832539619448, 35.993478384770107 ], [ -78.898834705655005, 35.993476326245471 ], [ -78.898836801969878, 35.993474267663132 ], [ -78.898838936314021, 35.993472209112234 ], [ -78.898841034500293, 35.99347034282777 ], [ -78.898843572378681, 35.993468284610955 ], [ -78.898845702290345, 35.993466390881686 ], [ -78.898847802589046, 35.993464524598821 ], [ -78.898850338147668, 35.993462631205396 ], [ -78.898852470137314, 35.993460764948679 ], [ -78.898855009714566, 35.993459036383946 ], [ -78.898857545272861, 35.993457142990408 ], [ -78.898860082702683, 35.993455441894703 ], [ -78.898864754027642, 35.993452039369096 ], [ -78.898867730736029, 35.993450475991452 ], [ -78.898870268202032, 35.993448745707745 ], [ -78.898872805422556, 35.993447211154013 ], [ -78.898875342645141, 35.993445674883311 ], [ -78.898877877789332, 35.993444111139929 ], [ -78.898880822564891, 35.993442740031981 ], [ -78.898883325948873, 35.993441231204002 ], [ -78.898886336219363, 35.993439860150119 ], [ -78.898889278881882, 35.993438489040138 ], [ -78.898891815897301, 35.993437117594397 ], [ -78.89889479236362, 35.993435746512318 ], [ -78.898897734819272, 35.993434540227497 ], [ -78.898900708931677, 35.993433361439699 ], [ -78.898906190308338, 35.993430948535739 ], [ -78.898909166567634, 35.993429742278586 ], [ -78.898912548232843, 35.993428728653264 ], [ -78.898915490447038, 35.993427714664165 ], [ -78.898918466465133, 35.993426700703026 ], [ -78.898921442517533, 35.993425659270862 ], [ -78.898924418328903, 35.993424810134833 ], [ -78.898927799787231, 35.993423961334422 ], [ -78.898930741794615, 35.993423112170277 ], [ -78.898933717640219, 35.993422235563145 ], [ -78.898937099098333, 35.9934213867624 ], [ -78.898940038786293, 35.993420702421609 ], [ -78.898943016503566, 35.993420018112197 ], [ -78.898946397720607, 35.993419361607444 ], [ -78.898949778971996, 35.993418677631666 ], [ -78.898956101576474, 35.993417666437871 ], [ -78.898962458019085, 35.993416627800833 ], [ -78.898965838822974, 35.993416300946102 ], [ -78.898972158901515, 35.993415619400331 ], [ -78.898975541852451, 35.993415265076251 ], [ -78.898981897400276, 35.993414940681149 ], [ -78.89898527799761, 35.993414778651257 ], [ -78.898991599741478, 35.993414454227725 ], [ -78.898994980132429, 35.993414457022816 ], [ -78.898998360523379, 35.993414459817814 ], [ -78.899004715451994, 35.993414629897487 ], [ -78.89900809584293, 35.993414632692222 ], [ -78.899011476027553, 35.993414800312159 ], [ -78.899017762901408, 35.993415327456766 ], [ -78.899021176614923, 35.993415714871453 ], [ -78.899027530890407, 35.993416406896756 ], [ -78.899030910868859, 35.993416739341427 ], [ -78.899037230893697, 35.993417788459809 ], [ -78.899043584756967, 35.993418810134827 ], [ -78.89904696425431, 35.993419527171476 ], [ -78.89905328386709, 35.993420905939601 ], [ -78.899056257752008, 35.993421595169863 ], [ -78.899059197833111, 35.993422284372201 ], [ -78.899062543320582, 35.993423166205773 ], [ -78.899065550803371, 35.993424020289098 ], [ -78.899068454761746, 35.993424874286767 ], [ -78.899071869798206, 35.993425893532191 ], [ -78.899074807526262, 35.993426775028524 ], [ -78.899077749308006, 35.993427793882695 ], [ -78.899080720633961, 35.99342884023217 ], [ -78.899083662209677, 35.993430023911529 ], [ -78.899086669418054, 35.993431097761416 ], [ -78.899089572930208, 35.993432308880088 ], [ -78.899092582114037, 35.993433492615068 ], [ -78.899095521543032, 35.993434703763334 ], [ -78.899098427168198, 35.993435914883527 ], [ -78.899100994548107, 35.993437290549807 ], [ -78.899103933771173, 35.993438666523105 ], [ -78.899311566899598, 35.993539601146395 ], [ -78.899344501495776, 35.993559077693483 ], [ -78.899773047729866, 35.993766395890923 ], [ -78.900018458601522, 35.993881013329009 ], [ -78.900172987817754, 35.9939544870291 ], [ -78.900766951576486, 35.994236877395572 ], [ -78.900891882595147, 35.994299749830319 ], [ -78.901012852637251, 35.994367563688321 ], [ -78.901021398521465, 35.994372954909672 ], [ -78.901028793813197, 35.994379361621604 ], [ -78.901034869659341, 35.99438664633297 ], [ -78.90103942350342, 35.994394589112687 ], [ -78.901042387904866, 35.994403052551817 ], [ -78.90104366178727, 35.994411761859567 ], [ -78.901043211545826, 35.994420553900241 ], [ -78.901041105098258, 35.994429176339942 ], [ -78.901037308936708, 35.994437387064167 ], [ -78.901031958448598, 35.994445047110993 ], [ -78.900866681991758, 35.994643198056508 ], [ -78.90085987724197, 35.99465137886213 ], [ -78.900838519938048, 35.994673091008472 ], [ -78.900838418355946, 35.994673228280512 ], [ -78.900752332173838, 35.994771916249832 ], [ -78.900751892073487, 35.994772437839316 ], [ -78.900627315459374, 35.994915322582692 ], [ -78.900620272053118, 35.994923393296396 ], [ -78.900533523227011, 35.994873655312801 ], [ -78.900458903996167, 35.994830767404324 ], [ -78.900390059364256, 35.994791070782398 ], [ -78.900321248366936, 35.99475156644472 ], [ -78.900252435595945, 35.994711842298919 ], [ -78.90019821969193, 35.99468097566939 ], [ -78.900145623683073, 35.994650632286579 ], [ -78.90006893993349, 35.994606641895288 ], [ -78.900062489928075, 35.994602984706027 ], [ -78.900014925052091, 35.994575639709893 ], [ -78.900005130870255, 35.994570000158653 ], [ -78.899938381022238, 35.994531541182873 ], [ -78.899878589924668, 35.99449712609605 ], [ -78.899868759844765, 35.994491486504273 ], [ -78.899814303857283, 35.994460234912033 ], [ -78.89980450755661, 35.994454622813528 ], [ -78.899713269324224, 35.994402105994112 ], [ -78.89971029454837, 35.994400400355993 ], [ -78.899633345404766, 35.994356136476554 ], [ -78.89962601510021, 35.994351927405596 ], [ -78.899714981003925, 35.994248874703395 ], [ -78.899732686102453, 35.994228395942706 ], [ -78.899749138659871, 35.994209344638442 ], [ -78.899777101167388, 35.994177006857797 ], [ -78.899770918986619, 35.994173787689739 ], [ -78.899655653518906, 35.994113751547786 ], [ -78.899653723843201, 35.994116030047842 ], [ -78.899509167665528, 35.994286285765618 ], [ -78.899407622201451, 35.994229914308072 ], [ -78.899397791947237, 35.994224466973932 ], [ -78.898779164243919, 35.993881640984924 ], [ -78.89858898978629, 35.993768000934253 ], [ -78.898587233287572, 35.993766955581535 ], [ -78.898578754513039, 35.993762141133239 ], [ -78.89858728477256, 35.993752890518735 ], [ -78.898826649709534, 35.993484778897695 ], [ -78.898828748410963, 35.993482502267085 ], [ -78.898830474995563, 35.993480443378616 ], [ -78.898832539619448, 35.993478384770107 ] ] ], [ [ [ -78.899008337283746, 35.994840262985569 ], [ -78.898589487565076, 35.994609023092167 ], [ -78.89808696350137, 35.994331286135612 ], [ -78.898484283910349, 35.993885379571459 ], [ -78.898590317096705, 35.99394744200842 ], [ -78.89925404968983, 35.994336210031094 ], [ -78.899382414555717, 35.994411338862172 ], [ -78.899225844978659, 35.994590979378124 ], [ -78.899008337283746, 35.994840262985569 ] ] ], [ [ [ -78.899784317967416, 35.99463994383261 ], [ -78.899867428882033, 35.994687167501191 ], [ -78.89992824705817, 35.994721476982406 ], [ -78.899993733385045, 35.994758417159169 ], [ -78.900053696588131, 35.994792245136253 ], [ -78.900110036838569, 35.994824026973063 ], [ -78.900165785964532, 35.994855476932571 ], [ -78.900221239552465, 35.994886758365631 ], [ -78.900276596061147, 35.994917986468963 ], [ -78.90031395365439, 35.994939059666024 ], [ -78.900522076802417, 35.995056464802971 ], [ -78.900307950842574, 35.995308665344872 ], [ -78.9000921841414, 35.99519055653009 ], [ -78.900057965350001, 35.995171793390377 ], [ -78.899889901435074, 35.995079629999559 ], [ -78.89987976663501, 35.995074318094062 ], [ -78.899757044023715, 35.995219813188932 ], [ -78.899742655498059, 35.9952371355146 ], [ -78.899512095803161, 35.995110744790331 ], [ -78.899394299394572, 35.995046256057861 ], [ -78.899166679416766, 35.994921762584106 ], [ -78.899266858083337, 35.994805969554712 ], [ -78.899314011494653, 35.994751542222303 ], [ -78.899384469401213, 35.994669534398419 ], [ -78.899532718293145, 35.994496982919138 ], [ -78.89959169272592, 35.994530492681299 ], [ -78.89964931598449, 35.994563235553258 ], [ -78.899718021433884, 35.994602273180845 ], [ -78.899784317967416, 35.99463994383261 ] ] ], [ [ [ -78.901459841582451, 35.994621454012695 ], [ -78.902094517799867, 35.994983728569508 ], [ -78.902155323941116, 35.995018473027827 ], [ -78.901955157872678, 35.995250084467926 ], [ -78.901905225822063, 35.995307733255693 ], [ -78.901711012071317, 35.995532508798675 ], [ -78.901538729177986, 35.995434491280335 ], [ -78.901463970821908, 35.99539220996045 ], [ -78.901389652043378, 35.995349898044203 ], [ -78.901241014480604, 35.995265469803833 ], [ -78.901207096045979, 35.99524618528266 ], [ -78.901166693787218, 35.995223186935846 ], [ -78.901010018996132, 35.995134111042958 ], [ -78.90094080127713, 35.995094989606059 ], [ -78.900792570612722, 35.995010313902718 ], [ -78.901062516350848, 35.994692419845791 ], [ -78.901064412061331, 35.994690251180117 ], [ -78.901232454839857, 35.9944963876682 ], [ -78.901436902614705, 35.994609787845484 ], [ -78.901439503842681, 35.994611190960136 ], [ -78.901321428596333, 35.994746362342177 ], [ -78.90132034534119, 35.99474759765755 ], [ -78.901341087172781, 35.994759153904837 ], [ -78.901342674910097, 35.994760032538949 ], [ -78.901459841582451, 35.994621454012695 ] ], [ [ -78.901199614403794, 35.994923780817629 ], [ -78.901190713304189, 35.994934075204249 ], [ -78.901341477807406, 35.99502021014758 ], [ -78.901378535645378, 35.995041336000682 ], [ -78.901419579657301, 35.995064746860407 ], [ -78.90156818091863, 35.995149339686456 ], [ -78.901642129903195, 35.995191622011987 ], [ -78.901716448670442, 35.995233932060358 ], [ -78.901736318983225, 35.995211806505907 ], [ -78.901285340824742, 35.994954754879032 ], [ -78.901275184766831, 35.994966751453056 ], [ -78.901199614403794, 35.994923780817629 ] ] ], [ [ [ -78.900030037980898, 35.995202867590535 ], [ -78.900281273447973, 35.995340427393081 ], [ -78.900169995460161, 35.995471152889969 ], [ -78.899919165227786, 35.995333758023179 ], [ -78.899798834727406, 35.995267729240922 ], [ -78.899909268361199, 35.995136647974888 ], [ -78.900030037980898, 35.995202867590535 ] ] ], [ [ [ -78.898648448232777, 35.995411689184138 ], [ -78.898651390108469, 35.995411004852585 ], [ -78.89865477144582, 35.99541032088554 ], [ -78.898657747333274, 35.995409471756666 ], [ -78.89866068920881, 35.995408787424871 ], [ -78.898663665093991, 35.99540794001279 ], [ -78.898667046640327, 35.995407089503317 ], [ -78.898669988757234, 35.995406212875253 ], [ -78.898672962533752, 35.995405362027334 ], [ -78.898675906726652, 35.995404514588678 ], [ -78.898678882820704, 35.995403500634112 ], [ -78.898681824937341, 35.995402624005777 ], [ -78.898684801031237, 35.99540161005109 ], [ -78.898687743356902, 35.995400566880498 ], [ -78.898690719448481, 35.995399554642582 ], [ -78.898693661771844, 35.995398513188775 ], [ -78.898696637899931, 35.995397471762963 ], [ -78.898699580190794, 35.99539645606292 ], [ -78.898702556523546, 35.995395251528691 ], [ -78.898705498812092, 35.995394237545455 ], [ -78.898708475146833, 35.995393031294164 ], [ -78.898711417676665, 35.995391825014735 ], [ -78.898716928738963, 35.995389437899583 ], [ -78.898719873379179, 35.995388233338637 ], [ -78.898722881405391, 35.995387027113232 ], [ -78.898725386793018, 35.995385655645727 ], [ -78.898728329287849, 35.995384476836726 ], [ -78.898730866332727, 35.995383132866266 ], [ -78.898733842908058, 35.995381734318286 ], [ -78.898739322518352, 35.995379154879778 ], [ -78.898741859802087, 35.995377620329926 ], [ -78.898744836342544, 35.995376249252566 ], [ -78.898747373421358, 35.995374877810832 ], [ -78.898749908628645, 35.995373314071323 ], [ -78.898752853511297, 35.995371915496584 ], [ -78.898755390762219, 35.995370406700388 ], [ -78.89875792804753, 35.995368870433289 ], [ -78.898760465330611, 35.995367335883053 ], [ -78.898763002652345, 35.995365770428059 ], [ -78.898765539937372, 35.995364234160789 ], [ -78.898768077429125, 35.995362533068281 ], [ -78.898770614748429, 35.995360969330058 ], [ -78.898775689524598, 35.99535773196996 ], [ -78.898783746250615, 35.995348810605748 ], [ -78.898827346217359, 35.995299728767407 ], [ -78.898870916517524, 35.995250674358928 ], [ -78.898916615261697, 35.995199204256622 ], [ -78.898963570664918, 35.995146361630852 ], [ -78.899013096724076, 35.995090581725435 ], [ -78.8990520267877, 35.995046852766123 ], [ -78.899084991867767, 35.995042402246732 ], [ -78.899268661786138, 35.995143179723357 ], [ -78.899380985752529, 35.995204559856226 ], [ -78.899549049346277, 35.995296723942687 ], [ -78.899754712594856, 35.995409360431331 ], [ -78.899881394544821, 35.995478636023911 ], [ -78.900073950959239, 35.995584391784526 ], [ -78.899868283863469, 35.995826489138288 ], [ -78.899840356636204, 35.995858909360877 ], [ -78.899794653230941, 35.995912604933132 ], [ -78.899518319097353, 35.995895208648278 ], [ -78.899484077250946, 35.995893120162016 ], [ -78.899376347094545, 35.995886356047414 ], [ -78.899271967699576, 35.99587973195522 ], [ -78.898969031231829, 35.995860775836881 ], [ -78.898587942092973, 35.995836750978462 ], [ -78.898584090858833, 35.995836418130608 ], [ -78.898124379901475, 35.995807520841652 ], [ -78.898120999618442, 35.995807353197328 ], [ -78.898117619543569, 35.995807020727739 ], [ -78.898114239711603, 35.995806495962057 ], [ -78.89811045422077, 35.99580597085793 ], [ -78.898107074597078, 35.995805281266911 ], [ -78.898103694938754, 35.995804619146647 ], [ -78.898100315558068, 35.995803737259401 ], [ -78.898096936387844, 35.995802688830011 ], [ -78.89809396283971, 35.995801669926692 ], [ -78.898090583665308, 35.995800624931 ], [ -78.898087204909615, 35.995799248567948 ], [ -78.898084265374933, 35.995798064867422 ], [ -78.898081292278306, 35.995796688842667 ], [ -78.898078353229721, 35.995795120550035 ], [ -78.898075380343727, 35.995793577983022 ], [ -78.898072441258492, 35.995792038877987 ], [ -78.898069468613514, 35.995790305731752 ], [ -78.89806693560601, 35.995788435597881 ], [ -78.898064402633324, 35.995786537993069 ], [ -78.898061464002012, 35.995784640049706 ], [ -78.898059303091784, 35.995782577929937 ], [ -78.898056804132651, 35.995780515528033 ], [ -78.898054271577067, 35.99577828827266 ], [ -78.898052178485315, 35.995776061384007 ], [ -78.898050051623443, 35.995773806996297 ], [ -78.89804795874025, 35.99577141528242 ], [ -78.898046271550612, 35.995768996436219 ], [ -78.898044618131209, 35.995766605089038 ], [ -78.89804245767327, 35.995764185847811 ], [ -78.898041210121193, 35.995761630013995 ], [ -78.89803952314027, 35.995759046342556 ], [ -78.898038242026445, 35.99575629818451 ], [ -78.898036994509354, 35.99575371487979 ], [ -78.89796872375473, 35.995608062167982 ], [ -78.897963664739962, 35.995598800252679 ], [ -78.898083971618192, 35.995388391246244 ], [ -78.898588466940609, 35.995420924566702 ], [ -78.898591814059813, 35.995420570223679 ], [ -78.898598134300656, 35.995419886980891 ], [ -78.898604492567458, 35.995419207203192 ], [ -78.898610814918712, 35.99541852567836 ], [ -78.898617171486791, 35.995417516247898 ], [ -78.898623494047087, 35.99541666818034 ], [ -78.898629850858654, 35.995415464736254 ], [ -78.898635768208294, 35.995414260927177 ], [ -78.898639183143558, 35.995413741813771 ], [ -78.898642125021595, 35.995413055765518 ], [ -78.898645472552204, 35.995412373487603 ], [ -78.898648448232777, 35.995411689184138 ] ] ], [ [ [ -78.901628578850961, 35.995686828839013 ], [ -78.901482374847532, 35.996127950094689 ], [ -78.901430971575238, 35.996143949908209 ], [ -78.901429008030831, 35.996144552683276 ], [ -78.901067735090621, 35.995951662275473 ], [ -78.900970203969393, 35.995899580865505 ], [ -78.900962264999507, 35.995895343913134 ], [ -78.900847030530429, 35.995834869429714 ], [ -78.9008392266242, 35.995830769933292 ], [ -78.900802943478894, 35.995811758093716 ], [ -78.900759667229707, 35.995789086934444 ], [ -78.900696155434545, 35.995755381769371 ], [ -78.900692675794389, 35.995753540108218 ], [ -78.900619738685791, 35.995714801785013 ], [ -78.900619130570306, 35.995714499110548 ], [ -78.900550483769067, 35.995678181673632 ], [ -78.9004862964224, 35.995644175385031 ], [ -78.900603532714925, 35.995506202142337 ], [ -78.900667684049793, 35.995540235812847 ], [ -78.900733123368482, 35.995574984738909 ], [ -78.900771278874615, 35.995528286038265 ], [ -78.900954709047937, 35.9953038071409 ], [ -78.900957850692947, 35.995305595296031 ], [ -78.901027170623891, 35.995344220609709 ], [ -78.901093923178991, 35.995381442789281 ], [ -78.901172499448734, 35.995425212569714 ], [ -78.901239487493356, 35.995463478752825 ], [ -78.901321001544531, 35.995510025371004 ], [ -78.901390793581214, 35.995549887046266 ], [ -78.901629257362117, 35.995684849764523 ], [ -78.901628578850961, 35.995686828839013 ] ] ], [ [ [ -78.899358405123621, 35.99672126376953 ], [ -78.899534006974974, 35.996517629336466 ], [ -78.899761269041491, 35.996254095571835 ], [ -78.899872547100898, 35.996124716559471 ], [ -78.89993053692784, 35.996057130760335 ], [ -78.900239857987373, 35.995697844796545 ], [ -78.900283811572791, 35.995721066111585 ], [ -78.90027104097868, 35.99612504252719 ], [ -78.900270547806926, 35.996141140062072 ], [ -78.900267064986679, 35.996251240515569 ], [ -78.900258256670512, 35.996540007217625 ], [ -78.900247701737683, 35.996874291700522 ], [ -78.900040236132668, 35.996874122117987 ], [ -78.900036418239822, 35.996874118993922 ], [ -78.90003262992677, 35.996874115893959 ], [ -78.900025870965564, 35.996874112079759 ], [ -78.89980698061666, 35.996874452980634 ], [ -78.899451584015978, 35.996874847753737 ], [ -78.899281711878047, 35.996874872644483 ], [ -78.89927833154789, 35.996874705032255 ], [ -78.899274951455681, 35.99687434684089 ], [ -78.899271571985238, 35.996873490740356 ], [ -78.89926819316446, 35.996872114410543 ], [ -78.899264442896495, 35.996870408123868 ], [ -78.899261436760369, 35.996868371083288 ], [ -78.899258904409663, 35.99686592580403 ], [ -78.899256372438629, 35.996863176628487 ], [ -78.899254685395761, 35.996860592974919 ], [ -78.899253843692662, 35.996857845193226 ], [ -78.899253001543627, 35.996855454532501 ], [ -78.899252599310216, 35.996852707113241 ], [ -78.899252602535157, 35.996850124853594 ], [ -78.899253011630094, 35.996847378103418 ], [ -78.899253454324551, 35.996844796206211 ], [ -78.899254708962616, 35.99684172221972 ], [ -78.899358405123621, 35.99672126376953 ] ] ], [ [ [ -78.900504471198246, 35.996092652401565 ], [ -78.900412625672573, 35.996090352421191 ], [ -78.900424939164168, 35.995782249010247 ], [ -78.900515037993117, 35.995830039347666 ], [ -78.900610204353328, 35.995880525887443 ], [ -78.900774017040234, 35.995968043940657 ], [ -78.9007938815312, 35.995978499010178 ], [ -78.900915093355593, 35.996042384778193 ], [ -78.901056308803945, 35.99611719256815 ], [ -78.901057592551183, 35.996117882096883 ], [ -78.90145103271621, 35.996325603563037 ], [ -78.901285807794594, 35.996866097038861 ], [ -78.900669025126987, 35.996867080515528 ], [ -78.900684085917874, 35.99647024846854 ], [ -78.900689233165991, 35.996325755823499 ], [ -78.900698235928814, 35.996097452640406 ], [ -78.900603683944368, 35.996095095661879 ], [ -78.900504471198246, 35.996092652401565 ] ] ], [ [ [ -78.900395112821911, 35.9963656221354 ], [ -78.900395215005489, 35.996363288910814 ], [ -78.900401369485266, 35.996363431283115 ], [ -78.90040711191881, 35.996201028113582 ], [ -78.900411780676464, 35.996117630319546 ], [ -78.900632752586048, 35.996125557048629 ], [ -78.900663181450781, 35.996151239600579 ], [ -78.90065939425655, 35.996206974941508 ], [ -78.900651551683012, 35.99620680202159 ], [ -78.900646142768082, 35.996371569685714 ], [ -78.900640700027949, 35.996536335594556 ], [ -78.900638705492938, 35.996591248258134 ], [ -78.900604087720637, 35.996617920073106 ], [ -78.900386930521293, 35.996613184744206 ], [ -78.900389666945685, 35.996530801811417 ], [ -78.900395112821911, 35.9963656221354 ] ] ], [ [ [ -78.899638521699615, 35.996064610523597 ], [ -78.899640647588271, 35.996067689009138 ], [ -78.899642737320008, 35.996070959761084 ], [ -78.899644865082578, 35.996074230544245 ], [ -78.899646551062119, 35.996077665789734 ], [ -78.899647797576407, 35.996081100674175 ], [ -78.899648636317693, 35.996084535223673 ], [ -78.899649479079642, 35.996088134601749 ], [ -78.899649914068505, 35.996091733644846 ], [ -78.899649909557752, 35.996095359797799 ], [ -78.899649463502911, 35.996098958117123 ], [ -78.899649055478747, 35.996102556467697 ], [ -78.899648205876204, 35.996106154455546 ], [ -78.899646914900273, 35.996109587255503 ], [ -78.899645661954949, 35.996113020086675 ], [ -78.899643967431146, 35.996116452555093 ], [ -78.899641833646641, 35.996119719837232 ], [ -78.899637599922542, 35.996124523763683 ], [ -78.899348996078942, 35.996459266250156 ], [ -78.898987597977523, 35.996878750436892 ], [ -78.898878171482181, 35.99687918185338 ], [ -78.898586632527596, 35.996880148899074 ], [ -78.898418416010784, 35.99688083326474 ], [ -78.898415035474599, 35.996880830453669 ], [ -78.898411215641644, 35.996880689922861 ], [ -78.898407835555219, 35.996880329990638 ], [ -78.89840445522664, 35.996880162354216 ], [ -78.898401075313231, 35.996879665067524 ], [ -78.898397289802645, 35.996879114218608 ], [ -78.898393910099074, 35.996878450389694 ], [ -78.898390530462635, 35.99687773333595 ], [ -78.898387150999255, 35.996876878927878 ], [ -78.898383771570565, 35.996875997048868 ], [ -78.898380797977083, 35.996874979869936 ], [ -78.89837738491839, 35.996873958891435 ], [ -78.898374039710546, 35.996872747390135 ], [ -78.898371098054312, 35.996871536224454 ], [ -78.898368124913233, 35.99687016020723 ], [ -78.898364748428506, 35.996868619029108 ], [ -78.898361807187911, 35.996867078213 ], [ -78.898359273724481, 35.99686553773612 ], [ -78.898356303146613, 35.996863804599414 ], [ -78.898353364226878, 35.99686209895976 ], [ -78.89835082909876, 35.996860203076842 ], [ -78.898348296087946, 35.996858303761819 ], [ -78.89834576539559, 35.996856241340318 ], [ -78.898343232590548, 35.99685417891699 ], [ -78.898341105449759, 35.996852116831207 ], [ -78.898338539047373, 35.996849889554568 ], [ -78.898336477612474, 35.996847662698109 ], [ -78.898334350922127, 35.996845243491215 ], [ -78.898332631766607, 35.99684301691952 ], [ -78.898330572687229, 35.996840597768802 ], [ -78.89832888563987, 35.996838041573298 ], [ -78.898327198627229, 35.996835457906869 ], [ -78.898325917278768, 35.996832874578097 ], [ -78.898324230266354, 35.996830290911646 ], [ -78.898322980576026, 35.996827735080053 ], [ -78.898322138905002, 35.996824987291895 ], [ -78.898320893682808, 35.996822239167855 ], [ -78.898320018206562, 35.996819491351552 ], [ -78.898181044069375, 35.996123318441398 ], [ -78.898159612360999, 35.996015642180737 ], [ -78.898159211452167, 35.996011878335253 ], [ -78.898158776981106, 35.996007922165646 ], [ -78.898158781732249, 35.996004158658316 ], [ -78.898159225983008, 35.996000368046523 ], [ -78.898160075858939, 35.995996605243747 ], [ -78.898160923656647, 35.995992814968382 ], [ -78.898162620561834, 35.995989217696994 ], [ -78.89816431535408, 35.995985620423852 ], [ -78.898166010180844, 35.99598199567982 ], [ -78.898168549646556, 35.995978756232198 ], [ -78.898171089146757, 35.995975489313714 ], [ -78.898173628436538, 35.99597238893724 ], [ -78.898177012612223, 35.995969478127215 ], [ -78.898179957112703, 35.995966733492907 ], [ -78.898183780091756, 35.995964346712185 ], [ -78.898187603105185, 35.995961932460524 ], [ -78.898190512274653, 35.995960396515493 ], [ -78.898193522858946, 35.995958860654852 ], [ -78.898197716859869, 35.995957133484218 ], [ -78.898201944422965, 35.995955598637551 ], [ -78.89820661103461, 35.995954393807217 ], [ -78.898210837938819, 35.995953380906485 ], [ -78.898216752807599, 35.995952505049573 ], [ -78.898220135831409, 35.995952179934498 ], [ -78.898224767563178, 35.995951826671892 ], [ -78.898229838066456, 35.995952023192316 ], [ -78.898587769153863, 35.995976000756215 ], [ -78.899603896784569, 35.996044308560208 ], [ -78.899608120906834, 35.99604552075057 ], [ -78.899612344824106, 35.996046897765886 ], [ -78.899616162874153, 35.996048440989831 ], [ -78.89961910009049, 35.996049815230649 ], [ -78.899622919606301, 35.996051878685435 ], [ -78.899626297305005, 35.996054134073248 ], [ -78.899629674833022, 35.996056526815259 ], [ -78.89963305212197, 35.99605911185315 ], [ -78.899635615738589, 35.996061888518668 ], [ -78.899638521699615, 35.996064610523597 ] ] ], [ [ [ -78.900383574943092, 35.996866738198243 ], [ -78.900392375664083, 35.996638544804327 ], [ -78.90047353689873, 35.99664111080363 ], [ -78.90060831336811, 35.996645368634887 ], [ -78.900642594327792, 35.996672592689656 ], [ -78.900635221851246, 35.996867078779303 ], [ -78.900464842783151, 35.996866996736337 ], [ -78.900383574943092, 35.996866738198243 ] ] ], [ [ [ -78.901212272380604, 35.997011221166005 ], [ -78.901376228856947, 35.99701118881481 ], [ -78.901540185333189, 35.997011156243587 ], [ -78.901621318335287, 35.997011221607394 ], [ -78.901615866860055, 35.99732334125973 ], [ -78.901534733309305, 35.997323468188171 ], [ -78.901369931059591, 35.997323500069761 ], [ -78.901198773333022, 35.997323554060003 ], [ -78.901212272380604, 35.997011221166005 ] ] ], [ [ [ -78.901612650740375, 35.997521128924888 ], [ -78.901190079712094, 35.99752130981387 ], [ -78.901197480073648, 35.997356490586895 ], [ -78.901615387183767, 35.997356305917044 ], [ -78.901612650740375, 35.997521128924888 ] ] ], [ [ [ -78.899144882326013, 35.997500247476303 ], [ -78.899116104655832, 35.997532831635731 ], [ -78.899171034749671, 35.997564865094049 ], [ -78.899459458496835, 35.997566565629995 ], [ -78.899466562251831, 35.997506957975382 ], [ -78.899468191397858, 35.99749328569127 ], [ -78.89939318998222, 35.997494456702867 ], [ -78.899409254250031, 35.997290931389891 ], [ -78.899416499622902, 35.997199091931193 ], [ -78.899414145895747, 35.997017794251271 ], [ -78.89949866342873, 35.99701805782459 ], [ -78.899583180964399, 35.997018319622455 ], [ -78.899667702724159, 35.997018583082287 ], [ -78.899836725119101, 35.997019108092253 ], [ -78.899839024356098, 35.997195708199428 ], [ -78.899840262626284, 35.997290888915693 ], [ -78.899842655960697, 35.997475098511664 ], [ -78.899843612839533, 35.997548470551521 ], [ -78.899843790170692, 35.997562204413924 ], [ -78.899849463804969, 35.997997383628842 ], [ -78.899638203016821, 35.997991877473311 ], [ -78.899543116011074, 35.997986439067418 ], [ -78.899448820241943, 35.997975103587713 ], [ -78.899355867107815, 35.99795793501665 ], [ -78.899264803730759, 35.997935036823996 ], [ -78.89917616874537, 35.997906539944985 ], [ -78.899090475382238, 35.997872613067656 ], [ -78.899008228377042, 35.997833457496029 ], [ -78.898913883531804, 35.997780554708676 ], [ -78.898824421982027, 35.997722316242047 ], [ -78.89874030819233, 35.997659037803288 ], [ -78.898649325348259, 35.9975808558114 ], [ -78.89863261095519, 35.99756539816493 ], [ -78.898868629019404, 35.997287748251566 ], [ -78.898951460620864, 35.997190308936027 ], [ -78.899098327215711, 35.997017533806321 ], [ -78.899189295926291, 35.997017256938285 ], [ -78.899192980736331, 35.997017244526624 ], [ -78.899256907092962, 35.99701705002304 ], [ -78.899344799492155, 35.997016784237658 ], [ -78.899347473500043, 35.997222362999736 ], [ -78.899326868666023, 35.997483375946672 ], [ -78.899180531423752, 35.997482515268423 ], [ -78.89918217595708, 35.997463331657556 ], [ -78.899150471559693, 35.997445576476665 ], [ -78.899144882326013, 35.997500247476303 ] ] ], [ [ [ -78.900742220573051, 35.997467735678931 ], [ -78.900742744547671, 35.99739905893238 ], [ -78.901060072684359, 35.997401541487747 ], [ -78.901057049511394, 35.997470188740351 ], [ -78.901054427707834, 35.997538891257889 ], [ -78.901053564462813, 35.997555373079244 ], [ -78.901052699104596, 35.997571854898823 ], [ -78.90104702029781, 35.99770920463201 ], [ -78.900681076668903, 35.997706325408295 ], [ -78.900661647046533, 35.997699277068833 ], [ -78.900642217224572, 35.997692393551326 ], [ -78.90030500873624, 35.997689371743085 ], [ -78.900304562327904, 35.997722336418072 ], [ -78.900640486539771, 35.997725192357684 ], [ -78.900637933346886, 35.997739612485553 ], [ -78.900801890051937, 35.997740599043183 ], [ -78.901045762855176, 35.997742168652273 ], [ -78.90103354379697, 35.998028375968438 ], [ -78.90103016552348, 35.998028211840335 ], [ -78.901026784941223, 35.998028207384635 ], [ -78.901023404356863, 35.998028204645784 ], [ -78.901020023772503, 35.998028201906777 ], [ -78.901013668511951, 35.998028002744554 ], [ -78.901010287925502, 35.998028001722261 ], [ -78.901006907543433, 35.998027834157902 ], [ -78.901000619656557, 35.998027829062508 ], [ -78.900997205468684, 35.998027661470495 ], [ -78.900993824884353, 35.998027658730827 ], [ -78.900987469621796, 35.998027461284124 ], [ -78.900984089037479, 35.998027458544179 ], [ -78.900980708453147, 35.998027455804092 ], [ -78.900974386962829, 35.99802728585496 ], [ -78.900971006378512, 35.998027283114645 ], [ -78.900967592190682, 35.998027115521836 ], [ -78.900964245412226, 35.998027112808742 ], [ -78.900957889913698, 35.99802710765632 ], [ -78.900954509565494, 35.998026912619686 ], [ -78.900951128981191, 35.998026909878853 ], [ -78.900944807490987, 35.99802673992815 ], [ -78.900941426906684, 35.998026737187018 ], [ -78.900938046322395, 35.998026734445766 ], [ -78.900931655107641, 35.998026564437865 ], [ -78.900928310442026, 35.99802656172551 ], [ -78.900924930060185, 35.998026394158906 ], [ -78.900918608367618, 35.99802638903185 ], [ -78.900915227985791, 35.99802622146499 ], [ -78.900911847401517, 35.99802621872302 ], [ -78.900908466817256, 35.998026215980971 ], [ -78.900902111555027, 35.998026018529863 ], [ -78.900898730970752, 35.998026015787531 ], [ -78.900895350588982, 35.998025848220088 ], [ -78.900889028896472, 35.998025843091519 ], [ -78.900885648548481, 35.998025648053009 ], [ -78.900882267964235, 35.998025645310193 ], [ -78.900875912636721, 35.998025501082488 ], [ -78.900872532050357, 35.99802550005635 ], [ -78.900869185272001, 35.998025497340656 ], [ -78.900865771118205, 35.998025302274137 ], [ -78.9008594496283, 35.998025132319043 ], [ -78.900856069044082, 35.998025129575566 ], [ -78.900852688459864, 35.998025126831962 ], [ -78.900846333164083, 35.998024956848745 ], [ -78.900842952579879, 35.998024954104842 ], [ -78.900839572198279, 35.998024786535886 ], [ -78.900833216699965, 35.998024781377012 ], [ -78.90082987015802, 35.998024586364416 ], [ -78.900826489573831, 35.998024583620087 ], [ -78.90082013424437, 35.998024441106345 ], [ -78.90081675366018, 35.998024438361739 ], [ -78.900813370963121, 35.998024435615356 ], [ -78.900809992728242, 35.998024240576441 ], [ -78.90080367103586, 35.998024235443459 ], [ -78.90080029065436, 35.998024067873409 ], [ -78.900796910070184, 35.998024065128241 ], [ -78.900790554808395, 35.998023867671357 ], [ -78.900787172111393, 35.998023864924235 ], [ -78.900783793842791, 35.998023697355421 ], [ -78.900777472150452, 35.998023692221054 ], [ -78.900774091769023, 35.998023524650272 ], [ -78.900770742877825, 35.998023521930193 ], [ -78.900764355889393, 35.998023351916942 ], [ -78.900760975305246, 35.998023349170815 ], [ -78.900757592844812, 35.99802315412704 ], [ -78.900754214373549, 35.998023151382448 ], [ -78.900747892884041, 35.998022981421578 ], [ -78.900744512299909, 35.998022978674989 ], [ -78.90074113171579, 35.998022975928308 ], [ -78.900734810226282, 35.998022805966748 ], [ -78.90073139392625, 35.998022638365612 ], [ -78.900728015457119, 35.998022633903346 ], [ -78.900721693999401, 35.998022438187242 ], [ -78.900718313415311, 35.998022435439921 ], [ -78.900714932831193, 35.998022432692508 ], [ -78.900711552449962, 35.998022265119978 ], [ -78.900705195041851, 35.998022095127723 ], [ -78.900701782764813, 35.998022092354191 ], [ -78.900698433875775, 35.998022087915146 ], [ -78.900692114531054, 35.998021892199247 ], [ -78.900688733946964, 35.998021889451081 ], [ -78.900685353565805, 35.998021721877883 ], [ -78.900678996157794, 35.998021551884207 ], [ -78.900675617686588, 35.998021549137434 ], [ -78.900672234989656, 35.998021546387115 ], [ -78.900665915613331, 35.998021376423715 ], [ -78.900662533119387, 35.998021208848144 ], [ -78.900659154648196, 35.998021206100915 ], [ -78.900655771951264, 35.998021203350149 ], [ -78.900649418802914, 35.998021005887587 ], [ -78.900646038421868, 35.998020838313245 ], [ -78.900642657837835, 35.998020835563864 ], [ -78.900636370120722, 35.998020693095569 ], [ -78.900632955728767, 35.99802069203534 ], [ -78.90062957303401, 35.998020687566914 ], [ -78.90062321988573, 35.998020490102959 ], [ -78.900619839538621, 35.998020295057081 ], [ -78.900616456841746, 35.99802029230522 ], [ -78.90061013746562, 35.998020122338936 ], [ -78.900606756881615, 35.998020119588546 ], [ -78.900603342694836, 35.998019951985533 ], [ -78.900599995916707, 35.998019949262449 ], [ -78.900593640621878, 35.99801977926608 ], [ -78.900590257925003, 35.99801977651348 ], [ -78.900586879690877, 35.998019581468455 ], [ -78.900580556091271, 35.998019409780248 ], [ -78.900577177618047, 35.998019408747702 ], [ -78.900573794921186, 35.998019405994675 ], [ -78.900567407933494, 35.998019235971121 ], [ -78.900564061358537, 35.998019068422067 ], [ -78.900560680774561, 35.998019065670377 ], [ -78.900554357206801, 35.998018868226957 ], [ -78.900550978735708, 35.998018865476716 ], [ -78.900547598354962, 35.998018697899695 ], [ -78.900544217771028, 35.998018695147529 ], [ -78.900537862476412, 35.998018525148282 ], [ -78.900534481892464, 35.998018522395881 ], [ -78.900531101513891, 35.998018353101465 ], [ -78.900524780056998, 35.998018157375157 ], [ -78.900521399473078, 35.9980181546224 ], [ -78.900518018889159, 35.998018151869523 ], [ -78.900511663594628, 35.998017981868891 ], [ -78.900508283214009, 35.998017814290776 ], [ -78.900504934325213, 35.998017809846431 ], [ -78.900498581141534, 35.99801764156377 ], [ -78.900495200557643, 35.998017638810275 ], [ -78.900491818098104, 35.998017443759153 ], [ -78.900488439627068, 35.998017441007214 ], [ -78.900482084332651, 35.998017271005033 ], [ -78.900478703952132, 35.998017103426072 ], [ -78.900475323368269, 35.998017100672016 ], [ -78.900468968040087, 35.998016958140028 ], [ -78.900465621262072, 35.998016955413277 ], [ -78.900462240949366, 35.998016732892182 ], [ -78.900455885655077, 35.998016562888672 ], [ -78.900452505071243, 35.998016560133991 ], [ -78.90044912448738, 35.998016557379223 ], [ -78.900442802999038, 35.998016387402572 ], [ -78.900439422620735, 35.998016218105597 ], [ -78.900436042034784, 35.998016217067395 ], [ -78.900432661688285, 35.998016022016365 ], [ -78.900426306394124, 35.998015852011285 ], [ -78.90042292369742, 35.998015849254088 ], [ -78.900419545226484, 35.998015846500245 ], [ -78.900413223738269, 35.998015676522009 ], [ -78.900409843357963, 35.998015508941137 ], [ -78.900406494467077, 35.99801550621104 ], [ -78.900400107513974, 35.998015308707998 ], [ -78.900396727133682, 35.998015141126764 ], [ -78.90039334654989, 35.998015138370448 ], [ -78.900387025061789, 35.998014968390869 ], [ -78.900383644477998, 35.998014965634319 ], [ -78.900380264097763, 35.998014798052637 ], [ -78.900376883514014, 35.998014795295859 ], [ -78.900370559946964, 35.998014597842946 ], [ -78.90036714787378, 35.998014430235038 ], [ -78.900363767290031, 35.998014427477905 ], [ -78.900357445804147, 35.9980142557799 ], [ -78.900354065220398, 35.998014253022504 ], [ -78.900350684838145, 35.998014087156953 ], [ -78.900344329578218, 35.998013889676784 ], [ -78.900340948994483, 35.99801388691904 ], [ -78.900337534808571, 35.998013719308609 ], [ -78.900331247126502, 35.998013549353729 ], [ -78.900327866542767, 35.998013546595615 ], [ -78.900324486162731, 35.998013379012399 ], [ -78.900321105579025, 35.998013376254086 ], [ -78.900314750319225, 35.998013178772403 ], [ -78.900311369939217, 35.998013011188824 ], [ -78.900307989355525, 35.998013008430156 ], [ -78.900301667867737, 35.998012838446186 ], [ -78.900298287286176, 35.998012833970328 ], [ -78.900294906904108, 35.998012668103186 ], [ -78.900288551644422, 35.998012470620175 ], [ -78.900285171060759, 35.998012467860853 ], [ -78.900281790680836, 35.998012300276429 ], [ -78.900275469193176, 35.998012130291109 ], [ -78.900272122415316, 35.998012127559072 ], [ -78.900268708195682, 35.998011987417556 ], [ -78.900265327612018, 35.998011984657715 ], [ -78.900258972386439, 35.998011759702258 ], [ -78.900255592006616, 35.998011592117116 ], [ -78.900252209310111, 35.998011589355201 ], [ -78.900245889935434, 35.998011419370052 ], [ -78.900242509555639, 35.998011251784561 ], [ -78.900239095166157, 35.998011248996391 ], [ -78.900232773712602, 35.998011051538015 ], [ -78.90022939312901, 35.998011048777187 ], [ -78.900226012749243, 35.998010881191277 ], [ -78.90021969126181, 35.998010711203044 ], [ -78.900216310678232, 35.998010708441818 ], [ -78.90021293030064, 35.998010539138591 ], [ -78.90020954971493, 35.998010538094114 ], [ -78.900203160649838, 35.998010340579043 ], [ -78.900199811963105, 35.998010173018237 ], [ -78.900196433492397, 35.998010170258205 ], [ -78.900190112005092, 35.998010000268465 ], [ -78.900186731625467, 35.998009832681412 ], [ -78.900183351041903, 35.998009829919305 ], [ -78.900176995782743, 35.99800963243046 ], [ -78.900173613290306, 35.998009464841353 ], [ -78.900170234819612, 35.998009462080596 ], [ -78.900163913332406, 35.998009292089456 ], [ -78.900160532952881, 35.998009124501706 ], [ -78.90015715236936, 35.998009121738882 ], [ -78.9001507971103, 35.998008924248644 ], [ -78.900147414617948, 35.998008756658813 ], [ -78.90014403403444, 35.998008753895604 ], [ -78.900140689573689, 35.998008586336638 ], [ -78.90013433428075, 35.998008416316388 ], [ -78.900130953697271, 35.998008413552832 ], [ -78.90012757335397, 35.998008216776419 ], [ -78.900121218058914, 35.998008048472379 ], [ -78.900117837475435, 35.998008045708481 ], [ -78.900114457096038, 35.998007878119431 ], [ -78.900108135609074, 35.998007708125456 ], [ -78.900104721457893, 35.99800751303767 ], [ -78.90010137468029, 35.99800751030093 ], [ -78.900095019387479, 35.998007340278626 ], [ -78.900091636897429, 35.998007170970297 ], [ -78.900088258424731, 35.998007169924207 ], [ -78.900084875932563, 35.998007002332635 ], [ -78.900078556592632, 35.99800680486802 ], [ -78.90007517389634, 35.998006802101202 ], [ -78.900071795629955, 35.99800663451272 ], [ -78.900065440337272, 35.998006464488881 ], [ -78.900062059753878, 35.998006461723392 ], [ -78.900058679374666, 35.998006294132807 ], [ -78.900052357921979, 35.998006096665137 ], [ -78.900048975225715, 35.99800609389758 ], [ -78.900045596959401, 35.998005926308352 ], [ -78.900039241666846, 35.998005756283113 ], [ -78.900035861287719, 35.998005588691917 ], [ -78.900032480704354, 35.998005585925647 ], [ -78.900029100393326, 35.998005363392565 ], [ -78.90002277675984, 35.998005220863305 ], [ -78.900019396176475, 35.998005218096623 ], [ -78.900016017910261, 35.998005050506592 ], [ -78.900013342630515, 35.997763304711832 ], [ -78.90001347967825, 35.997652734587803 ], [ -78.900013484817862, 35.997646883297406 ], [ -78.900002020777706, 35.99702449387938 ], [ -78.90070517462074, 35.997024215833008 ], [ -78.900705190479158, 35.997011332006259 ], [ -78.900857314857319, 35.997011455559019 ], [ -78.901076611004783, 35.997011303683621 ], [ -78.901061399837744, 35.997368579236309 ], [ -78.900854343071146, 35.997366514161634 ], [ -78.900702591575381, 35.997365017365361 ], [ -78.900701163232682, 35.997536709133911 ], [ -78.900721446818025, 35.997536560794181 ], [ -78.900741730403283, 35.997536412451076 ], [ -78.900742220573051, 35.997467735678931 ] ] ], [ [ [ -78.901603602962226, 35.998037766194294 ], [ -78.901168325397506, 35.998032085481498 ], [ -78.901189198522374, 35.997578338622091 ], [ -78.901611732291187, 35.997581234443025 ], [ -78.901603602962226, 35.998037766194294 ] ] ], [ [ [ -78.898585506685407, 35.997775698347724 ], [ -78.898587564374154, 35.997777568074817 ], [ -78.898590097421632, 35.997779465667271 ], [ -78.898592226706057, 35.997781527749744 ], [ -78.898594354084892, 35.997783425005366 ], [ -78.898596853326964, 35.997785322569612 ], [ -78.898598980498875, 35.997787384650188 ], [ -78.898601074106793, 35.997789254406847 ], [ -78.898603607154953, 35.997791151999017 ], [ -78.898605734534357, 35.997793049254454 ], [ -78.898608267582773, 35.997794946846518 ], [ -78.898610361191075, 35.997796816603014 ], [ -78.898612894032553, 35.997798879020031 ], [ -78.898615021410222, 35.997800777992204 ], [ -78.898617554461225, 35.997802673867142 ], [ -78.898619648035449, 35.997804571094257 ], [ -78.89862218111692, 35.997806442932159 ], [ -78.898624308499308, 35.997808338470335 ], [ -78.898626841585298, 35.997810206874249 ], [ -78.898628935123241, 35.997812133288967 ], [ -78.898631468207327, 35.997814003409772 ], [ -78.89863616265059, 35.997817633459199 ], [ -78.898638222454423, 35.997819503187102 ], [ -78.898640755504417, 35.997821400778527 ], [ -78.898643288554538, 35.997823298369845 ], [ -78.898645415935732, 35.997825195624564 ], [ -78.898647949227666, 35.997826900919932 ], [ -78.898650482278128, 35.997828798511129 ], [ -78.898652575853788, 35.997830695737662 ], [ -78.898655109146077, 35.997832401032937 ], [ -78.898657642196866, 35.997834298623957 ], [ -78.898659769578671, 35.997836195878392 ], [ -78.898662302871273, 35.997837901173469 ], [ -78.898664835922403, 35.997839798764389 ], [ -78.898669462791631, 35.997843401285593 ], [ -78.89867199605014, 35.997845134051275 ], [ -78.898674529136244, 35.997847004171156 ], [ -78.898679187664754, 35.997850634189099 ], [ -78.898681723071093, 35.99785233948549 ], [ -78.898684256123133, 35.99785423707597 ], [ -78.898686755611038, 35.997855942342483 ], [ -78.898691416253428, 35.99785957236174 ], [ -78.898693949547436, 35.997861277656128 ], [ -78.898696482807054, 35.99786301042132 ], [ -78.898699016101247, 35.997864715715636 ], [ -78.898701515557505, 35.997866446735763 ], [ -78.898704082448532, 35.997868318599892 ], [ -78.898708743333941, 35.997871756322638 ], [ -78.898711276559709, 35.99787351655835 ], [ -78.898713809886885, 35.997875196098427 ], [ -78.898716343149516, 35.997876927146258 ], [ -78.89871887644243, 35.997878634157054 ], [ -78.898721409705288, 35.997880365204793 ], [ -78.89872394088772, 35.997882070496821 ], [ -78.898726476261473, 35.997883803263093 ], [ -78.898729009591463, 35.997885481085937 ], [ -78.898731509012293, 35.997887241293206 ], [ -78.898734076113797, 35.997888946614779 ], [ -78.898736609375149, 35.99789067937909 ], [ -78.898739142877986, 35.99789221984755 ], [ -78.898741676139537, 35.997893952611783 ], [ -78.898744209435662, 35.997895657905126 ], [ -78.898746742697455, 35.997897390669223 ], [ -78.898749276200689, 35.997898931137463 ], [ -78.898752215166567, 35.997900636766857 ], [ -78.898754748428658, 35.997902369530799 ], [ -78.89875728193222, 35.997903909998861 ], [ -78.898759815194509, 35.997905642762696 ], [ -78.898762348698256, 35.997907183230645 ], [ -78.898764881995248, 35.997908888523547 ], [ -78.898767415257879, 35.99791062128719 ], [ -78.89876994876191, 35.997912161755018 ], [ -78.898772921741426, 35.997913702586899 ], [ -78.898775452891527, 35.997915435348688 ], [ -78.898777988508726, 35.997916975818029 ], [ -78.898780519659027, 35.997918708579704 ], [ -78.898783055276439, 35.997920249048953 ], [ -78.89878599445062, 35.997921789852505 ], [ -78.898788527714103, 35.997923522615707 ], [ -78.898791025300341, 35.99792506305333 ], [ -78.898793594723912, 35.99792660355034 ], [ -78.898796567704409, 35.997928144381667 ], [ -78.898799098855449, 35.997929877142909 ], [ -78.898801634473571, 35.997931417611774 ], [ -78.898804573648505, 35.997932958414864 ], [ -78.898807107119509, 35.99793452635268 ], [ -78.898809640625061, 35.997936066819648 ], [ -78.898812613606211, 35.997937607650577 ], [ -78.898815180917737, 35.997939148145385 ], [ -78.898817680583349, 35.997940716054984 ], [ -78.898820619758965, 35.997942256857698 ], [ -78.898823153265027, 35.997943797324346 ], [ -78.898825684658306, 35.997945337789218 ], [ -78.898828659718504, 35.997946906092302 ], [ -78.898831191111995, 35.997948446557039 ], [ -78.898834132366559, 35.997950014832021 ], [ -78.898836665907567, 35.997951527827539 ], [ -78.898839199620909, 35.997952903468878 ], [ -78.898842172568777, 35.997954471769873 ], [ -78.898844706110054, 35.997955984765227 ], [ -78.898847645252303, 35.997957553038127 ], [ -78.898850176853173, 35.997958928677484 ], [ -78.898853149835929, 35.997960469507348 ], [ -78.898855685662667, 35.997961845150094 ], [ -78.898858624805342, 35.997963413422667 ], [ -78.898861158312798, 35.997964953888548 ], [ -78.898864131502634, 35.997966329893174 ], [ -78.89886666501026, 35.997967870358906 ], [ -78.89886960439442, 35.997969246335423 ], [ -78.898872137902259, 35.997970786801048 ], [ -78.898875108979638, 35.997972162803656 ], [ -78.898877644807158, 35.997973538445905 ], [ -78.898880550144852, 35.997975106689992 ], [ -78.898883117665491, 35.997976482358354 ], [ -78.898886090856138, 35.997977858362439 ], [ -78.898889030034383, 35.997979399163476 ], [ -78.898891563749487, 35.997980774803665 ], [ -78.898894534827576, 35.997982150805768 ], [ -78.898897070655721, 35.997983526447626 ], [ -78.898900010040975, 35.997984902423404 ], [ -78.898902982991217, 35.997986470722935 ], [ -78.898905514628353, 35.997987818890259 ], [ -78.898908456126762, 35.997989194867522 ], [ -78.898911427205434, 35.997990570869248 ], [ -78.898913963034147, 35.99799194651073 ], [ -78.898916902419998, 35.997993322486096 ], [ -78.898919875611824, 35.99799469848935 ], [ -78.898922407249515, 35.997996046656311 ], [ -78.898925314908269, 35.997997450076099 ], [ -78.898928319999868, 35.997998661280327 ], [ -78.898931227693268, 35.998000037229083 ], [ -78.898933795215527, 35.9980014128964 ], [ -78.898936766295094, 35.99800278889748 ], [ -78.898939707794568, 35.998004164874018 ], [ -78.898942681193674, 35.998005376051687 ], [ -78.898945212799816, 35.998006749972113 ], [ -78.898948154299575, 35.998008125948459 ], [ -78.898951125618368, 35.998009311370296 ], [ -78.898954065005469, 35.998010687344717 ], [ -78.898956600835547, 35.998012062985296 ], [ -78.898959572122337, 35.998013274160805 ], [ -78.898962513622578, 35.998014650136817 ], [ -78.898965487022423, 35.998015861313917 ], [ -78.898968426410008, 35.998017237288039 ], [ -78.898971399810023, 35.998018448464983 ], [ -78.898976873156471, 35.998021007781539 ], [ -78.898979846556742, 35.998022218958297 ], [ -78.898982786151223, 35.998023430107025 ], [ -78.898985757232438, 35.998024806106912 ], [ -78.898988696827061, 35.998026017255533 ], [ -78.89899167026212, 35.998027200961161 ], [ -78.898994609856956, 35.998028412109612 ], [ -78.89899714568827, 35.998029787749374 ], [ -78.899000152894999, 35.998030998953574 ], [ -78.899003092490133, 35.998032210101826 ], [ -78.899005998313882, 35.99803339375125 ], [ -78.899009005520867, 35.99803460495523 ], [ -78.899011945116285, 35.998035816103254 ], [ -78.899014850905914, 35.998037027223241 ], [ -78.899017858147559, 35.998038210956217 ], [ -78.899020763937386, 35.99803942207609 ], [ -78.899023771144812, 35.998040633279722 ], [ -78.899026710740614, 35.998041844427391 ], [ -78.899029684383109, 35.998042863307099 ], [ -78.899032623981213, 35.998044072737713 ], [ -78.899035597381044, 35.99804528563002 ], [ -78.899038537011577, 35.998046469306573 ], [ -78.899041510620009, 35.998047515656829 ], [ -78.899044450216309, 35.998048726804072 ], [ -78.899047423653016, 35.99804991050835 ], [ -78.899050363455771, 35.998050956830454 ], [ -78.899053336823897, 35.998052195476234 ], [ -78.899056276489304, 35.998053351681534 ], [ -78.899059250098219, 35.99805439803135 ], [ -78.899062189692899, 35.998055610895072 ], [ -78.899065163338506, 35.998056628056979 ], [ -78.899068542617883, 35.998057674741759 ], [ -78.89907148013647, 35.998058858415753 ], [ -78.899074455858653, 35.99805990476694 ], [ -78.899077393343049, 35.998061115911632 ], [ -78.899080369099764, 35.998062134791866 ], [ -78.89908330890124, 35.998063182830087 ], [ -78.899086282513011, 35.998064227462301 ], [ -78.899089220066472, 35.998065383665043 ], [ -78.899092195789123, 35.998066430015811 ], [ -78.899095541265552, 35.998067474954993 ], [ -78.899098548715671, 35.998068493860941 ], [ -78.899101454713929, 35.998069540153836 ], [ -78.899104394550378, 35.99807056072072 ], [ -78.899107401966376, 35.998071607097273 ], [ -78.899110308033571, 35.998072598448324 ], [ -78.899113721085683, 35.998073672630575 ], [ -78.899116694730452, 35.998074691508172 ], [ -78.899119632424288, 35.998075736109925 ], [ -78.899122608179908, 35.998076756706006 ], [ -78.899125547984625, 35.998077803026256 ], [ -78.899128925187171, 35.998078822236778 ], [ -78.899131900910817, 35.998079868586551 ], [ -78.899134840956208, 35.998080722610766 ], [ -78.899137814567155, 35.998081768958663 ], [ -78.899141193882869, 35.998082788170571 ], [ -78.899144131815589, 35.998083642192846 ], [ -78.899147107539633, 35.998084688542235 ], [ -78.89915004737928, 35.998085707391084 ], [ -78.899153426867045, 35.99808658924843 ], [ -78.89915640051278, 35.998087608125068 ], [ -78.899159340558697, 35.998088462148687 ], [ -78.899162719840646, 35.998089508830816 ], [ -78.899165693692638, 35.998090362882188 ], [ -78.899168633738739, 35.998091216905607 ], [ -78.899171607316191, 35.998092290723505 ], [ -78.899174986873135, 35.998093117638632 ], [ -78.899177926679101, 35.99809416395761 ], [ -78.899180900531448, 35.998095018008613 ], [ -78.899184280019924, 35.998095899865184 ], [ -78.899187220100757, 35.998096726417288 ], [ -78.899190193918955, 35.998097607938867 ], [ -78.899193573236005, 35.998098627149311 ], [ -78.899196513248384, 35.998099508642873 ], [ -78.899199487101114, 35.998100362693435 ], [ -78.89920286662435, 35.998101217078606 ], [ -78.899205806671247, 35.998102071101108 ], [ -78.899208780524177, 35.998102925151471 ], [ -78.899212160013292, 35.998103807007183 ], [ -78.899215100060388, 35.998104661029473 ], [ -78.899218479618284, 35.998105487943391 ], [ -78.899221453437136, 35.99810636946426 ], [ -78.899224393692478, 35.998107056944363 ], [ -78.899227773179803, 35.998107940516576 ], [ -78.899230747033158, 35.998108794566399 ], [ -78.89923412655709, 35.998109648950702 ], [ -78.899237066844819, 35.998110310676608 ], [ -78.899240446334559, 35.998111192531603 ], [ -78.899243420153894, 35.998112074051917 ], [ -78.899246360407474, 35.998112763248407 ], [ -78.899249739931719, 35.998113617632299 ], [ -78.899252713991388, 35.998114306856515 ], [ -78.89925609351576, 35.998115161240264 ], [ -78.899259033769582, 35.998115850436463 ], [ -78.899262413294082, 35.998116704820035 ], [ -78.899265387353992, 35.998117394043931 ], [ -78.899268800650148, 35.998118275926004 ], [ -78.89927170709835, 35.998118965094029 ], [ -78.899274645237483, 35.998119656005031 ], [ -78.89927806068323, 35.998120508700815 ], [ -78.899281000937421, 35.998121197896488 ], [ -78.899284380666032, 35.998121889171365 ], [ -78.899287354728443, 35.998122576677829 ], [ -78.899290734459299, 35.998123266235552 ], [ -78.899293674507945, 35.998124120255966 ], [ -78.899297054238929, 35.998124809813511 ], [ -78.899300028299393, 35.998125499036597 ], [ -78.899303408030491, 35.998126188594021 ], [ -78.89930678776166, 35.998126878151311 ], [ -78.899309728016334, 35.998127567346309 ], [ -78.899313107747602, 35.998128256903428 ], [ -78.899316081808337, 35.998128946126144 ], [ -78.899319427939531, 35.998129470830222 ], [ -78.899322435806226, 35.998130160080649 ], [ -78.899325342255281, 35.998130849247381 ], [ -78.89933129058285, 35.998132062867072 ], [ -78.899337205138963, 35.998133248987848 ], [ -78.899343117753773, 35.998134297752379 ], [ -78.899346060121914, 35.998134986948259 ], [ -78.899349440059453, 35.998135511679337 ], [ -78.899355354618237, 35.998136696082312 ], [ -78.899361269344269, 35.998137746564616 ], [ -78.899367217672861, 35.99813896018258 ], [ -78.899373538108463, 35.998139980093804 ], [ -78.89937945283495, 35.998141030575269 ], [ -78.899385367632291, 35.998142024397822 ], [ -78.899391282326988, 35.99814310063261 ], [ -78.8993946622994, 35.998143597891655 ], [ -78.899400577234147, 35.998144481830145 ], [ -78.899406491997723, 35.998145503122558 ], [ -78.89941281052478, 35.998146359921911 ], [ -78.899418727367291, 35.998147408686265 ], [ -78.899424642336811, 35.998148265152786 ], [ -78.899428022275416, 35.998148789881718 ], [ -78.899433937245135, 35.998149646347763 ], [ -78.899439852249245, 35.998150475342683 ], [ -78.899443232359246, 35.998150862717061 ], [ -78.899449147329278, 35.998151719182374 ], [ -78.899455062299452, 35.99815257564741 ], [ -78.899458442443887, 35.998152935550493 ], [ -78.899464357617489, 35.998153628906977 ], [ -78.899470272590108, 35.998154483654361 ], [ -78.899473650621815, 35.998154843555263 ], [ -78.899479567910717, 35.998155535195878 ], [ -78.899485922563557, 35.998156227196006 ], [ -78.899491837739788, 35.998156918834248 ], [ -78.899498158586866, 35.99815761080594 ], [ -78.899504073763339, 35.99815830244362 ], [ -78.899510394850225, 35.998158802118859 ], [ -78.899516343834918, 35.998159492066783 ], [ -78.899522662772711, 35.998160020927379 ], [ -78.899528580267699, 35.998160547740568 ], [ -78.899534934921348, 35.998161239738174 ], [ -78.899540848156576, 35.998161794018152 ], [ -78.899547171594094, 35.998162103114296 ], [ -78.899553086976539, 35.998162629924579 ], [ -78.899559439722921, 35.998163157094183 ], [ -78.899565355347065, 35.998163489891098 ], [ -78.899568737605293, 35.998163849792839 ], [ -78.899574653225258, 35.99816418602321 ], [ -78.899580974486128, 35.998164546623663 ], [ -78.899586887993323, 35.99816488285169 ], [ -78.899590270495338, 35.9981650470232 ], [ -78.899596186047091, 35.998165438194135 ], [ -78.899602541182489, 35.998165743879625 ], [ -78.899608456768547, 35.998166107579166 ], [ -78.899611837151369, 35.998166276899077 ], [ -78.899851408728821, 35.998175207547355 ], [ -78.899853724396976, 35.999033014409811 ], [ -78.898969820778532, 35.998604428071467 ], [ -78.898584699413561, 35.998417829084403 ], [ -78.898100251164308, 35.998183044580287 ], [ -78.898460817926946, 35.997757546415031 ], [ -78.898463356814332, 35.997754801438639 ], [ -78.898465863766688, 35.997752248731665 ], [ -78.898468875519029, 35.997749833798608 ], [ -78.898471785404496, 35.99774777590202 ], [ -78.898475202375678, 35.997745718426778 ], [ -78.898478583220708, 35.997743825746632 ], [ -78.898482407316308, 35.997742290555983 ], [ -78.898485789824477, 35.997740754998269 ], [ -78.898489577586332, 35.997739549427578 ], [ -78.898493804580511, 35.997738536517829 ], [ -78.898497625491189, 35.997737852920849 ], [ -78.898501818057298, 35.997737334457824 ], [ -78.898506078027438, 35.997736980875835 ], [ -78.898509864268107, 35.997736984021387 ], [ -78.898514089985369, 35.997736985814988 ], [ -78.898518315041684, 35.997737512988181 ], [ -78.898522134431587, 35.997738038107336 ], [ -78.898526359075504, 35.997738893213366 ], [ -78.898530143795867, 35.997740105075181 ], [ -78.898533962322176, 35.99774131696487 ], [ -78.898536899821394, 35.997742500651903 ], [ -78.898540280537148, 35.997744069299053 ], [ -78.898543658760147, 35.997745940123622 ], [ -78.898547036741448, 35.997748003243927 ], [ -78.898550008812421, 35.997750258323059 ], [ -78.898583343388395, 35.997773801062124 ], [ -78.898585506685407, 35.997775698347724 ] ] ], [ [ [ -78.900039828751133, 35.99821231017323 ], [ -78.900042369303506, 35.998209894816299 ], [ -78.900045346777347, 35.998207836937915 ], [ -78.900048729717767, 35.998205944216366 ], [ -78.900051671034163, 35.99820407860431 ], [ -78.90005464956532, 35.99820287232324 ], [ -78.900058031858663, 35.9982015015473 ], [ -78.900061819618657, 35.998200295928058 ], [ -78.90006520146936, 35.998199282272715 ], [ -78.900069022626752, 35.998198406330964 ], [ -78.900074939512507, 35.998197724399333 ], [ -78.900079165660117, 35.99819739820569 ], [ -78.900082951922471, 35.998197401302484 ], [ -78.900564666954594, 35.998211694596314 ], [ -78.900609053078753, 35.998212582312696 ], [ -78.901255137542307, 35.998226512025148 ], [ -78.901310915842728, 35.998227765815344 ], [ -78.901395429821548, 35.998228520830857 ], [ -78.901517566882134, 35.998231696088162 ], [ -78.901521792422045, 35.998231864319614 ], [ -78.901525542130159, 35.998232389288553 ], [ -78.901529802951757, 35.99823307949454 ], [ -78.901534027418762, 35.998234126792248 ], [ -78.901537843934221, 35.998235311115316 ], [ -78.901541630634838, 35.998236687710254 ], [ -78.901545446681141, 35.998238256624724 ], [ -78.901548388233692, 35.998239632538329 ], [ -78.901551766545111, 35.998241504996258 ], [ -78.901555144391523, 35.998243758611842 ], [ -78.901558116397226, 35.998246150971568 ], [ -78.901561054563572, 35.99824857077477 ], [ -78.90156358665665, 35.998251319901101 ], [ -78.901566116636999, 35.998254069025613 ], [ -78.901568242858048, 35.998256982649899 ], [ -78.901570301266219, 35.998260061044725 ], [ -78.901572021581572, 35.998263166637926 ], [ -78.90157330433162, 35.998266436703744 ], [ -78.901574550961797, 35.998269871565554 ], [ -78.901575392155351, 35.998273113804714 ], [ -78.901575827443054, 35.998276548012868 ], [ -78.901576228924725, 35.998279982193786 ], [ -78.901576224735066, 35.99828341604784 ], [ -78.901561636362231, 35.998464382309415 ], [ -78.901550481974738, 35.998601562779633 ], [ -78.901540186148239, 35.99872772812072 ], [ -78.901529471369614, 35.998864744104019 ], [ -78.90150580266446, 35.999200556181755 ], [ -78.900530570798409, 35.999134165638949 ], [ -78.900025206548804, 35.999099744206404 ], [ -78.90002347376452, 35.998806683732475 ], [ -78.900022429568565, 35.998614386891049 ], [ -78.900019942970147, 35.998247648897753 ], [ -78.900024574383238, 35.998247652688036 ], [ -78.900024578434653, 35.998244383658992 ], [ -78.900024582452019, 35.998241142100738 ], [ -78.900025025774184, 35.998238039973238 ], [ -78.900025435498833, 35.998234769559218 ], [ -78.900026284460111, 35.998231693517589 ], [ -78.900027572932473, 35.998228590364782 ], [ -78.900028827360416, 35.998225679480122 ], [ -78.900030521265322, 35.998222768955038 ], [ -78.900032654647148, 35.998219858789561 ], [ -78.900034753814339, 35.998217278246422 ], [ -78.900037292458393, 35.998214698062824 ], [ -78.900039828751133, 35.99821231017323 ] ] ], [ [ [ -78.899006692476618, 35.998775052572981 ], [ -78.899149574670773, 35.998842391789559 ], [ -78.899381416572652, 35.998951724660266 ], [ -78.899855778579862, 35.999175617281459 ], [ -78.89986428767358, 35.999755671193405 ], [ -78.899865219993558, 35.999956099227283 ], [ -78.899488338270473, 35.999961641024115 ], [ -78.899318319174654, 35.999964163979847 ], [ -78.898843393993957, 35.999971190502421 ], [ -78.898654481610436, 35.999973339767976 ], [ -78.898642258548378, 35.999584756255203 ], [ -78.898634588301888, 35.999339572577256 ], [ -78.898892446982543, 35.998948354104016 ], [ -78.899006692476618, 35.998775052572981 ] ] ], [ [ [ -78.901430978885514, 35.999928308417552 ], [ -78.900050367850369, 35.999937982733641 ], [ -78.900046130980229, 35.999266509388455 ], [ -78.901479368282779, 35.999364838012617 ], [ -78.901447272408177, 35.999735668542705 ], [ -78.901430978885514, 35.999928308417552 ] ] ], [ [ [ -78.900855476903601, 36.000394531081042 ], [ -78.900510668506854, 36.000397521515204 ], [ -78.900510514937622, 36.000383269176602 ], [ -78.900510366938548, 36.000369640087044 ], [ -78.900035775593238, 36.000373129496552 ], [ -78.900033422902908, 36.000085792899299 ], [ -78.900852303425552, 36.000078105652499 ], [ -78.900855333730448, 36.000380366314594 ], [ -78.900855476903601, 36.000394531081042 ] ] ], [ [ [ -78.899846069231387, 36.000842155376233 ], [ -78.899846068617464, 36.000842649850689 ], [ -78.899376546922696, 36.00085009322288 ], [ -78.899373943713158, 36.000850146020404 ], [ -78.899120385627768, 36.000854249831761 ], [ -78.89912001375049, 36.000854249524686 ], [ -78.898844007393166, 36.000858636403052 ], [ -78.898581625411936, 36.00086289661472 ], [ -78.898573545324354, 36.000863054731795 ], [ -78.898303083225883, 36.000867472461749 ], [ -78.897928662520883, 36.000873341147177 ], [ -78.897571145279997, 36.000879222858451 ], [ -78.897567436756916, 36.000471799800515 ], [ -78.897564123943766, 36.000098880385082 ], [ -78.897757229822389, 36.000097503781653 ], [ -78.897925385958615, 36.000096409925582 ], [ -78.898084312758897, 36.000095387117639 ], [ -78.898289656683403, 36.00009399241047 ], [ -78.898560146541385, 36.000092321818165 ], [ -78.898561124823004, 36.000092322630486 ], [ -78.898582594402555, 36.00009217563025 ], [ -78.898735943111816, 36.000091121589939 ], [ -78.898736923506348, 36.00009112240258 ], [ -78.898742296728884, 36.000091071914547 ], [ -78.89909828749127, 36.00008815236712 ], [ -78.899363908530404, 36.000086970448947 ], [ -78.899835315753506, 36.0000821109317 ], [ -78.899835313604527, 36.000083841592883 ], [ -78.899836580468289, 36.000234302137038 ], [ -78.899836799278106, 36.000248667848155 ], [ -78.899846005983122, 36.000838639057875 ], [ -78.899846069231387, 36.000842155376233 ] ] ], [ [ [ -78.899877947839897, 36.000979508192387 ], [ -78.899878504949854, 36.001020934661319 ], [ -78.899881407325509, 36.001242901338408 ], [ -78.899884160743156, 36.001421463969372 ], [ -78.899886077390633, 36.001566017021702 ], [ -78.899888045715286, 36.001696177113779 ], [ -78.899891525313109, 36.001943415642138 ], [ -78.89942328676139, 36.001946961107834 ], [ -78.899254247381435, 36.001948385949603 ], [ -78.899085208233913, 36.001949619978866 ], [ -78.898916168874678, 36.001951018599001 ], [ -78.898747129716469, 36.001952252160471 ], [ -78.898578088232895, 36.001953650311066 ], [ -78.898409051176969, 36.001954883406533 ], [ -78.89840752427726, 36.001825082506642 ], [ -78.898405989600022, 36.001701460811887 ], [ -78.89840448873052, 36.001577842573035 ], [ -78.897900312479308, 36.001581707713484 ], [ -78.897899186382134, 36.001458088058179 ], [ -78.897893835579367, 36.001011352973585 ], [ -78.8981030384153, 36.001007928962323 ], [ -78.89832738705212, 36.001004324902681 ], [ -78.898462649906918, 36.001002212259898 ], [ -78.898581452721331, 36.001000250629225 ], [ -78.898641427807675, 36.000999256511108 ], [ -78.898852284842505, 36.000995969943347 ], [ -78.899055133738088, 36.000992731336758 ], [ -78.899291754673129, 36.000988805995831 ], [ -78.89953990380009, 36.000984889676857 ], [ -78.899877947839897, 36.000979508192387 ] ] ], [ [ [ -78.901321170135461, 36.001921915321653 ], [ -78.900048735662423, 36.001939066617666 ], [ -78.900043560380567, 36.001504748678649 ], [ -78.900044202719272, 36.001504749204173 ], [ -78.900056373483523, 36.00150464927799 ], [ -78.900056156845636, 36.001488496255639 ], [ -78.900051541925393, 36.001120328455301 ], [ -78.901365706154664, 36.001110682898378 ], [ -78.901361693897385, 36.001184795954195 ], [ -78.901345404212549, 36.001484462046399 ], [ -78.901321170135461, 36.001921915321653 ] ] ], [ [ [ -78.899881344765262, 36.00234198654946 ], [ -78.899123785625818, 36.002347652486122 ], [ -78.899122334743765, 36.002218655200416 ], [ -78.899119528685077, 36.002218675203459 ], [ -78.899118034502465, 36.002085449086216 ], [ -78.899881776388156, 36.002079352154276 ], [ -78.899883633508168, 36.002244637002455 ], [ -78.899880252713061, 36.002244661702754 ], [ -78.899881344765262, 36.00234198654946 ] ] ], [ [ [ -78.901254669642668, 36.002060918877667 ], [ -78.901257643024323, 36.002062294821819 ], [ -78.901260582598454, 36.002063670738572 ], [ -78.90126355577857, 36.002065211507315 ], [ -78.901266495117525, 36.002066779719456 ], [ -78.901269468096118, 36.002068485312797 ], [ -78.901272407031854, 36.002070383174257 ], [ -78.901274940512664, 36.002072088412341 ], [ -78.901277473556519, 36.002074150770611 ], [ -78.901280004689241, 36.002076048302385 ], [ -78.901282539846321, 36.002078110662268 ], [ -78.901284666998365, 36.002080337517327 ], [ -78.901287199807399, 36.002082592170922 ], [ -78.901289291039134, 36.002084818996856 ], [ -78.901291420102808, 36.002087210678255 ], [ -78.901293511301148, 36.002089464974937 ], [ -78.90129520066526, 36.002092021125947 ], [ -78.901296885971604, 36.00209443991951 ], [ -78.901298573189337, 36.002097023539498 ], [ -78.901300262520166, 36.002099607161227 ], [ -78.90130154408115, 36.002102162982652 ], [ -78.901302791599321, 36.002104911072294 ], [ -78.901304072925214, 36.002107659189242 ], [ -78.90130531836418, 36.002110379806325 ], [ -78.901306160158342, 36.002113155039005 ], [ -78.901307004099181, 36.002115902802537 ], [ -78.901307845927079, 36.002118650564377 ], [ -78.901308281862711, 36.002121562823248 ], [ -78.901308684192401, 36.002124310230016 ], [ -78.901309151789036, 36.002127249985243 ], [ -78.901309150339372, 36.002130161890783 ], [ -78.901309516748626, 36.002132909268553 ], [ -78.901304240004464, 36.002661883017247 ], [ -78.901302297523145, 36.002867912529652 ], [ -78.901300859078816, 36.002993562848339 ], [ -78.901298438581478, 36.003258681650827 ], [ -78.901296529685524, 36.003437240338201 ], [ -78.901293657921855, 36.003711946038869 ], [ -78.900955572090083, 36.003714584330091 ], [ -78.900759482246158, 36.003716155865852 ], [ -78.900691865148957, 36.003716622867586 ], [ -78.900119654949108, 36.00372096379985 ], [ -78.90010449272124, 36.003322789584935 ], [ -78.900102855462677, 36.003281582038142 ], [ -78.900094675437742, 36.003061973719788 ], [ -78.900093039478932, 36.003018019088827 ], [ -78.900091817979231, 36.002992580121152 ], [ -78.900084034931851, 36.002781762761089 ], [ -78.900073824877026, 36.002507211110107 ], [ -78.90006726729159, 36.002342573152475 ], [ -78.90005702776773, 36.002068021428158 ], [ -78.900705299318972, 36.00205877042044 ], [ -78.900772915668441, 36.002057781465936 ], [ -78.901206944745397, 36.002051620911665 ], [ -78.901210325294414, 36.002051790187139 ], [ -78.901213703934431, 36.002051792919119 ], [ -78.90121749017591, 36.002051960805481 ], [ -78.901220872570903, 36.002052348131762 ], [ -78.901224252752073, 36.002052817868623 ], [ -78.901228070250951, 36.00205334290056 ], [ -78.901231418670363, 36.002053867553201 ], [ -78.901234832390116, 36.00205455708339 ], [ -78.901238212100566, 36.002055411410979 ], [ -78.901241591811086, 36.002056265738439 ], [ -78.90124497128626, 36.002057312361302 ], [ -78.901247909184249, 36.00205833115637 ], [ -78.901251290537161, 36.002059570076369 ], [ -78.901254669642668, 36.002060918877667 ] ] ], [ [ [ -78.89917375301512, 36.003461961293283 ], [ -78.899151897311384, 36.003041804744555 ], [ -78.899149424224603, 36.002991805831186 ], [ -78.899147770063649, 36.002962822762008 ], [ -78.899144035638244, 36.002894142654938 ], [ -78.89914073860831, 36.002825462906983 ], [ -78.89913703991003, 36.002756947650347 ], [ -78.8991333033903, 36.002688267535603 ], [ -78.8991300082848, 36.002619752608254 ], [ -78.899126309811166, 36.002551072520944 ], [ -78.899122573310123, 36.002482392400317 ], [ -78.899118884915367, 36.002405663368435 ], [ -78.899509367664535, 36.002402716152091 ], [ -78.899900256281782, 36.002399603195315 ], [ -78.899903541601432, 36.002476524168571 ], [ -78.899905991960182, 36.002545203211234 ], [ -78.899908442320978, 36.00261388396892 ], [ -78.89991133219155, 36.002682561650893 ], [ -78.899913748959875, 36.002751075835398 ], [ -78.899916233143529, 36.002819754898098 ], [ -78.899919089218031, 36.002888434263511 ], [ -78.899921539602531, 36.002957113294677 ], [ -78.899922780473389, 36.002992441771511 ], [ -78.899924417361362, 36.003035572281775 ], [ -78.899950609987116, 36.00372219902394 ], [ -78.899625610171796, 36.003724679525575 ], [ -78.899187788885015, 36.003728082539169 ], [ -78.89917375301512, 36.003461961293283 ] ] ], [ [ [ -78.901294588424904, 36.004332951632286 ], [ -78.90064586842449, 36.004334678411134 ], [ -78.900648230152527, 36.004144774725745 ], [ -78.90042340446081, 36.004146130055851 ], [ -78.899781444656526, 36.004150247712573 ], [ -78.89937573776551, 36.004153018440839 ], [ -78.899043567147544, 36.004155134368681 ], [ -78.899025349467721, 36.003855687615037 ], [ -78.899372327532788, 36.003853061989268 ], [ -78.899777995290435, 36.003849961591534 ], [ -78.900420395376983, 36.003844992718491 ], [ -78.900651544930724, 36.003843285416608 ], [ -78.90096133337714, 36.003840954680385 ], [ -78.901299419738393, 36.003838316373368 ], [ -78.901296514153742, 36.004140657623978 ], [ -78.901294588424904, 36.004332951632286 ] ] ], [ [ [ -78.900644952152831, 36.004392368049643 ], [ -78.901294076208416, 36.004390639884818 ], [ -78.90128832376412, 36.004948979047207 ], [ -78.901011094152324, 36.004947051556265 ], [ -78.900842051719195, 36.004945870588081 ], [ -78.900673007144135, 36.004944716855022 ], [ -78.900638355499439, 36.004944523854057 ], [ -78.900644952152831, 36.004392368049643 ] ] ], [ [ [ -78.898894409468497, 35.984246874184166 ], [ -78.898897381740298, 35.984248579847169 ], [ -78.898900758752461, 35.984250972620401 ], [ -78.898904135317366, 35.98425372251635 ], [ -78.898907072274994, 35.984256636874385 ], [ -78.898910042998565, 35.984259578731283 ], [ -78.898912571830252, 35.984262822403558 ], [ -78.898914665245172, 35.984266258012497 ], [ -78.898916788235411, 35.984269693645878 ], [ -78.898918473937272, 35.984273128917344 ], [ -78.898919721903312, 35.984276920949647 ], [ -78.898921001798001, 35.984280520711266 ], [ -78.898921875850831, 35.984284312434127 ], [ -78.898922242902486, 35.984288103737448 ], [ -78.898922239493231, 35.984290825081615 ], [ -78.898922675455069, 35.984293570826559 ], [ -78.898922672013583, 35.984296317924802 ], [ -78.898922668572098, 35.984299065023045 ], [ -78.898923070731669, 35.984301812456955 ], [ -78.898923067290184, 35.984304559555191 ], [ -78.898923503456487, 35.984307142191142 ], [ -78.898923500015016, 35.984309889289364 ], [ -78.898923496573559, 35.984312636387607 ], [ -78.89892389873323, 35.984315383821475 ], [ -78.898923895291802, 35.984318130919725 ], [ -78.898924331219405, 35.984320904135608 ], [ -78.898924327810249, 35.984323625479774 ], [ -78.89892432457529, 35.984326207752105 ], [ -78.898924726735075, 35.984328955185966 ], [ -78.898924723293646, 35.984331702284187 ], [ -78.898924719852246, 35.984334449382388 ], [ -78.898925155812236, 35.984337196844194 ], [ -78.898925150258322, 35.984339943940668 ], [ -78.898925148929422, 35.984342691040595 ], [ -78.898925145488022, 35.984345438138831 ], [ -78.898925547886662, 35.984347994992717 ], [ -78.898925544447422, 35.984350740373962 ], [ -78.898925541006022, 35.984353487472156 ], [ -78.898925976966154, 35.984356234933948 ], [ -78.898925973524783, 35.984358982032127 ], [ -78.898925967970925, 35.984361729128565 ], [ -78.898925966607621, 35.984364503699474 ], [ -78.898926369008549, 35.984367058836398 ], [ -78.898926365567178, 35.98436980593462 ], [ -78.898926362125806, 35.984372553032763 ], [ -78.898926358684449, 35.984375300130928 ], [ -78.898926794644709, 35.984378047592685 ], [ -78.898926789090879, 35.984380794689109 ], [ -78.898926787762022, 35.984383541789001 ], [ -78.898926782208164, 35.984386288885418 ], [ -78.898926781085805, 35.984388871159418 ], [ -78.898927183245974, 35.984391618593179 ], [ -78.898927179804645, 35.984394365691351 ], [ -78.898927176363301, 35.984397112789502 ], [ -78.898927172921958, 35.984399859887645 ], [ -78.898927169480629, 35.984402606985768 ], [ -78.8989271660393, 35.984405354083904 ], [ -78.898927162597971, 35.984408101182041 ], [ -78.898927564964765, 35.984410683789918 ], [ -78.89892756152345, 35.984413430888011 ], [ -78.898927558082121, 35.984416177986127 ], [ -78.898927552528278, 35.984418925082529 ], [ -78.898927551199463, 35.9844216721824 ], [ -78.898927547758134, 35.984424419280515 ], [ -78.898927544316834, 35.984427166378602 ], [ -78.898927540875491, 35.984429913476724 ], [ -78.898927537434162, 35.984432660574818 ], [ -78.898927534233749, 35.984435215376081 ], [ -78.898927530792406, 35.984437962474182 ], [ -78.898927966753007, 35.984440709935868 ], [ -78.898927963311706, 35.984443457033969 ], [ -78.898927959870377, 35.98444620413207 ], [ -78.898927956429091, 35.984448951230149 ], [ -78.898927950911826, 35.984451669138537 ], [ -78.898927949546447, 35.984454445426294 ], [ -78.89892794631163, 35.984457027698497 ], [ -78.898927942870316, 35.984459774796591 ], [ -78.898927939429001, 35.984462521894642 ], [ -78.898927933875171, 35.984465268990967 ], [ -78.898927932546371, 35.98446801609078 ], [ -78.898927926992556, 35.984470763187105 ], [ -78.898927925663742, 35.984473510286904 ], [ -78.898927922222427, 35.984476257384955 ], [ -78.898927916875081, 35.984478839655381 ], [ -78.898927476144138, 35.984481586391588 ], [ -78.898927472702795, 35.98448433348964 ], [ -78.898927469263626, 35.984487078870735 ], [ -78.898927465820137, 35.984489827685721 ], [ -78.898927462378808, 35.984492574783744 ], [ -78.898927458937479, 35.98449532188183 ], [ -78.89892745549615, 35.984498068979839 ], [ -78.898927452054821, 35.984500816077883 ], [ -78.898927448819975, 35.984503398350029 ], [ -78.898927445378632, 35.98450614544803 ], [ -78.898927441971722, 35.984508865075099 ], [ -78.898927032893795, 35.984511639308458 ], [ -78.898927029452466, 35.984514386406481 ], [ -78.898927023898608, 35.984517133502713 ], [ -78.898927022569765, 35.984519880602491 ], [ -78.898927019128408, 35.984522627700521 ], [ -78.898927013815467, 35.984525182499929 ], [ -78.898926604771916, 35.984527929262292 ], [ -78.898926603443073, 35.984530676362048 ], [ -78.898926600001701, 35.984533423460022 ], [ -78.898926596560329, 35.984536170558059 ], [ -78.898926593118958, 35.984538917656032 ], [ -78.898926150275088, 35.984541664390413 ], [ -78.898926146835862, 35.984544409771445 ], [ -78.898926143598814, 35.984546993760482 ], [ -78.898926140157457, 35.984549740858455 ], [ -78.898926136750475, 35.984552460485446 ], [ -78.898925727672335, 35.984555234718762 ], [ -78.898925724230949, 35.984557981816735 ], [ -78.898925720789578, 35.984560728914715 ], [ -78.898925277945523, 35.984563475649082 ], [ -78.898925274506254, 35.984566221030065 ], [ -78.898925271269178, 35.984568805019101 ], [ -78.898925265715263, 35.984571552115284 ], [ -78.898924858786089, 35.984574297162446 ], [ -78.89892485323, 35.984577045975584 ], [ -78.8989248519011, 35.984579793075248 ], [ -78.898924406944417, 35.984582539807867 ], [ -78.898924405649893, 35.984585259436535 ], [ -78.898924402378384, 35.98458787089654 ], [ -78.898923991224066, 35.984590615940142 ], [ -78.898923987782609, 35.984593363038066 ], [ -78.898923986453667, 35.984596110137765 ], [ -78.898923543609371, 35.984598856872076 ], [ -78.8989235401679, 35.984601603969992 ], [ -78.898923536726414, 35.984604351067908 ], [ -78.898923127923283, 35.984606905533361 ], [ -78.898923124481783, 35.984609652631264 ], [ -78.898922681637401, 35.98461239936556 ], [ -78.898922678195902, 35.984615146463504 ], [ -78.898922674754402, 35.984617893561371 ], [ -78.898922263597726, 35.984620640321886 ], [ -78.898922260156212, 35.984623387419788 ], [ -78.898921819630701, 35.984625969329933 ], [ -78.898921816189173, 35.984628716427835 ], [ -78.898921440945131, 35.984631463218065 ], [ -78.898921437503589, 35.984634210315939 ], [ -78.898921434062046, 35.984636957413827 ], [ -78.898920957417246, 35.984639704120077 ], [ -78.898920953975676, 35.984642451217972 ], [ -78.898920545137827, 35.984645033154322 ], [ -78.898920541694096, 35.984647781969116 ], [ -78.898920098851576, 35.984650526986435 ], [ -78.898920095375559, 35.984653301555326 ], [ -78.898919686365531, 35.984656020846529 ], [ -78.898919680811431, 35.984658767942612 ], [ -78.898919240079167, 35.984661514678628 ], [ -78.898919234731537, 35.984664096948848 ], [ -78.89891882779952, 35.98466684371278 ], [ -78.898918384954669, 35.984669590446991 ], [ -78.898918381513013, 35.984672337544843 ], [ -78.898917972468425, 35.98467508430705 ], [ -78.898917966914254, 35.984677831403104 ], [ -78.89891752642275, 35.984680385842246 ], [ -78.898917520868551, 35.984683132938365 ], [ -78.898917113936378, 35.984685879702219 ], [ -78.898916668978856, 35.984688626434675 ], [ -78.898916667649658, 35.984691373534275 ], [ -78.898916258604928, 35.984694120296403 ], [ -78.898916253257184, 35.98469670256663 ], [ -78.898915812524592, 35.984699449302546 ], [ -78.89891543728001, 35.984702196092648 ], [ -78.898915433836123, 35.984704944907413 ], [ -78.898914957227277, 35.984707662425677 ], [ -78.898914546035456, 35.984710436657053 ], [ -78.898914544912699, 35.984713018930712 ], [ -78.898914099954936, 35.98471576566314 ], [ -78.898913693022493, 35.984718512427008 ], [ -78.898913689580667, 35.984721259524804 ], [ -78.898913246735333, 35.984724006258965 ], [ -78.898912837690318, 35.984726753021029 ], [ -78.89891283445499, 35.984729335292954 ], [ -78.898912391644004, 35.984732054556133 ], [ -78.898911982564485, 35.984734828789186 ], [ -78.898911539719037, 35.98473757552329 ], [ -78.898911536277154, 35.984740322621057 ], [ -78.898911127509493, 35.984742847898431 ], [ -78.898910684627381, 35.984745623820444 ], [ -78.898910275580008, 35.984748372299492 ], [ -78.898910272140242, 35.98475111768029 ], [ -78.898909829292478, 35.984753866131314 ], [ -78.898909420453705, 35.984756448067522 ], [ -78.898908977610176, 35.984759193084656 ], [ -78.898908974168208, 35.98476194018243 ], [ -78.898908565122852, 35.984764686944487 ], [ -78.898908122277092, 35.984767433678549 ], [ -78.89890771343822, 35.984770015614728 ], [ -78.898907270592403, 35.984772762348804 ], [ -78.898907267150364, 35.984775509446557 ], [ -78.898906855992365, 35.98477825620683 ], [ -78.89890641525902, 35.984781002942626 ], [ -78.898906006419978, 35.984783584878791 ], [ -78.898905563574061, 35.984786331612824 ], [ -78.89890515452845, 35.98478907837486 ], [ -78.898904711682462, 35.984791825108879 ], [ -78.898904708240337, 35.984794572206596 ], [ -78.8989042994356, 35.984797126671779 ], [ -78.898903856589541, 35.984799873405819 ], [ -78.898903447543816, 35.984802620167791 ], [ -78.898903004697701, 35.984805366901817 ], [ -78.898902593745916, 35.984807948836213 ], [ -78.898902153012244, 35.984810695571952 ], [ -78.89890174396642, 35.984813442333923 ], [ -78.898901301120176, 35.984816189067942 ], [ -78.898900892074266, 35.984818935829914 ], [ -78.898900449434521, 35.984821517738027 ], [ -78.89890044599224, 35.984824264835716 ], [ -78.898900036946287, 35.984827011597673 ], [ -78.898899594099902, 35.984829758331635 ], [ -78.898899183147904, 35.984832340265982 ], [ -78.898898742413976, 35.984835087001713 ], [ -78.898898333367896, 35.984837833763677 ], [ -78.898897890521411, 35.984840580497604 ], [ -78.898897481716233, 35.984843134962716 ], [ -78.898897005069401, 35.984845881668683 ], [ -78.898896627710968, 35.984848628456824 ], [ -78.89889618697687, 35.984851375192555 ], [ -78.898895776024659, 35.984853957126845 ], [ -78.898895335290504, 35.984856703862505 ], [ -78.898894926244211, 35.984859450624427 ], [ -78.898894077793585, 35.984862197022608 ], [ -78.898893635153357, 35.984864778930664 ], [ -78.898893223994449, 35.984867525690809 ], [ -78.898892783260138, 35.984870272426484 ], [ -78.898892372101159, 35.984873019186601 ], [ -78.898891931573331, 35.984875601096377 ], [ -78.89889152252681, 35.984878347858249 ], [ -78.898891111367703, 35.984881094618387 ], [ -78.898890668727319, 35.984883676526401 ], [ -78.89889022802727, 35.984886395791094 ], [ -78.898889818980621, 35.984889142552916 ], [ -78.898888970529541, 35.984891888951047 ], [ -78.898888525776471, 35.984894470857334 ], [ -78.898888085041904, 35.984897217592945 ], [ -78.898887673882584, 35.984899964353026 ], [ -78.898887265042347, 35.984902546289021 ], [ -78.89888641400897, 35.984907353010293 ], [ -78.898885563182077, 35.98491199490568 ], [ -78.898884714501989, 35.984916609331826 ], [ -78.898883863640435, 35.984921278698252 ], [ -78.898883012847676, 35.984925893122607 ], [ -78.898882128219981, 35.984930534989971 ], [ -78.898880869710183, 35.984935149076797 ], [ -78.898880018882664, 35.984939790972135 ], [ -78.898879170167561, 35.984944432869185 ], [ -78.898878319339829, 35.984949074764472 ], [ -78.898877468546445, 35.984953689188785 ], [ -78.898876245914494, 35.984958330776209 ], [ -78.898875359173587, 35.984962972641711 ], [ -78.898874510460118, 35.984967612821769 ], [ -78.898873659664162, 35.984972228962945 ], [ -78.898872811624827, 35.984974645709165 ], [ -78.898871960796427, 35.984979287604368 ], [ -78.898871110002347, 35.984983902028574 ], [ -78.898869819770937, 35.984988541843009 ], [ -78.898868968940064, 35.984993185455075 ], [ -78.898868118111238, 35.984997827350178 ], [ -78.898866861746598, 35.985002413967514 ], [ -78.898866011089723, 35.98500691850775 ], [ -78.898865163084224, 35.985009307782938 ], [ -78.898864312255014, 35.985013949678006 ], [ -78.898863022020578, 35.985018591209197 ], [ -78.898862171156708, 35.98502326057524 ], [ -78.898860914791342, 35.985027847192491 ], [ -78.898860063961678, 35.985032489087487 ], [ -78.898858773933313, 35.985036965792766 ], [ -78.898857075097354, 35.985043996962808 ], [ -78.898855818453711, 35.9850488050647 ], [ -78.898855375811237, 35.985051386972444 ], [ -78.898854527807117, 35.985053774530527 ], [ -78.898854116852533, 35.985056356464469 ], [ -78.89885282852272, 35.985061162823122 ], [ -78.898852419680551, 35.985063744758826 ], [ -78.898851571674072, 35.985066134033858 ], [ -78.898850281024792, 35.985071105216534 ], [ -78.898849024382471, 35.985075911601335 ], [ -78.898848581739628, 35.985078493509008 ], [ -78.898847733698418, 35.985080910254965 ], [ -78.898846477055798, 35.985085716639716 ], [ -78.898846000646884, 35.985088271048426 ], [ -78.898845186405893, 35.985090687822343 ], [ -78.898843929556321, 35.985095659032893 ], [ -78.898842639112729, 35.9851004653896 ], [ -78.898842230270077, 35.985103047325239 ], [ -78.898841382265005, 35.985105434883216 ], [ -78.898840125619429, 35.985110242984803 ], [ -78.898839243604968, 35.985112797057489 ], [ -78.898837984814378, 35.985117630911375 ], [ -78.898837544283481, 35.985120212820711 ], [ -78.89883669627595, 35.985122602095572 ], [ -78.898835848233929, 35.985125018841345 ], [ -78.898834591383249, 35.98512999005181 ], [ -78.898833300904116, 35.985134823879328 ], [ -78.898832452930762, 35.985137185683122 ], [ -78.898832041975055, 35.985139767616936 ], [ -78.898831229845641, 35.985142184392451 ], [ -78.89883034592475, 35.985144573637491 ], [ -78.898829905393484, 35.985147155546784 ], [ -78.898829057350994, 35.985149572292485 ], [ -78.898828209342909, 35.985151961567269 ], [ -78.898826952698016, 35.985156767951693 ], [ -78.898826104448659, 35.985159349523286 ], [ -78.898824814003007, 35.985164155879644 ], [ -78.898823965992491, 35.985166546871355 ], [ -78.898823555038504, 35.985169127088149 ], [ -78.898822706995588, 35.985171543833793 ], [ -78.898821858987091, 35.985173933108527 ], [ -78.898820570446787, 35.985178904292439 ], [ -78.898819722403701, 35.98518132103807 ], [ -78.898818874394991, 35.985183710312768 ], [ -78.898817617749046, 35.985188516697022 ], [ -78.898816769499049, 35.98519109826848 ], [ -78.898815921455721, 35.985193515014068 ], [ -78.898815073446784, 35.985195904288716 ], [ -78.898813782999895, 35.985200710644932 ], [ -78.898812934749643, 35.985203292216347 ], [ -78.89881208674052, 35.985205681490967 ], [ -78.898810827981293, 35.985210487873367 ], [ -78.898809979937568, 35.985212904618912 ], [ -78.898809131928274, 35.985215293893496 ], [ -78.89880828367771, 35.985217875464876 ], [ -78.898807437746356, 35.985220292212119 ], [ -78.898806147298629, 35.985225098568222 ], [ -78.898805299289066, 35.985227487842756 ], [ -78.898804451245013, 35.985229904588223 ], [ -78.898803603235351, 35.985232293862751 ], [ -78.898802754984445, 35.985234875434088 ], [ -78.898801906974697, 35.985237264708616 ], [ -78.898800650326905, 35.9852420710926 ], [ -78.8987998020758, 35.98524465266388 ], [ -78.898798953617899, 35.985247399061002 ], [ -78.898798071531729, 35.985250008075262 ], [ -78.898797257115419, 35.985252562203513 ], [ -78.898795969492141, 35.985255115939722 ], [ -78.898795152722002, 35.985257862363063 ], [ -78.898794272782581, 35.985260443907997 ], [ -78.898793424531092, 35.98526302547922 ], [ -78.898792576072779, 35.985265771876307 ], [ -78.898791727821163, 35.985268353447502 ], [ -78.898790879603979, 35.985270907547701 ], [ -78.898790031352249, 35.985273489118896 ], [ -78.898789216694226, 35.985276235543928 ], [ -78.898788334641893, 35.985278817087071 ], [ -78.89878748639002, 35.985281398658238 ], [ -78.898786638172538, 35.985283952758429 ], [ -78.898785789713784, 35.985286699155402 ], [ -78.898784535855725, 35.985289280390418 ], [ -78.898783687603611, 35.985291861961556 ], [ -78.898782839144658, 35.985294608358494 ], [ -78.898781990892445, 35.985297189929618 ], [ -78.898781142674622, 35.985299744029774 ], [ -78.89878032822277, 35.985302325628837 ], [ -78.898779445963143, 35.985305071997729 ], [ -78.898778597712848, 35.985307651851883 ], [ -78.898777310051472, 35.985310234775739 ], [ -78.898776461833378, 35.985312788875817 ], [ -78.898775613580753, 35.985315370446862 ], [ -78.898774765121303, 35.985318116843743 ], [ -78.898773916868578, 35.985320698414746 ], [ -78.898773068615796, 35.985323279985771 ], [ -78.898772220397419, 35.985325834085806 ], [ -78.898770966331512, 35.985328580146486 ], [ -78.898770118113006, 35.985331134246493 ], [ -78.898769269825536, 35.985333743288457 ], [ -78.89876842157247, 35.985336324859418 ], [ -78.898767573112551, 35.985339071256234 ], [ -78.898766724893832, 35.985341625356249 ], [ -78.898765437235852, 35.985344204846044 ], [ -78.898764588980413, 35.985346788133917 ], [ -78.898763740729194, 35.985349367987915 ], [ -78.898762892266816, 35.985352116101573 ], [ -78.898762008134796, 35.985354670171752 ], [ -78.898760790187936, 35.985357251436284 ], [ -78.898759939821829, 35.985359833005418 ], [ -78.898759091568181, 35.985362414576272 ], [ -78.898758245254641, 35.98536513350377 ], [ -78.898757397000921, 35.985367715074638 ], [ -78.898756075539566, 35.985370296253251 ], [ -78.898755261086208, 35.9853728778521 ], [ -78.898754412832275, 35.98537545942294 ], [ -78.898753564371447, 35.985378205819593 ], [ -78.898752310545419, 35.985380759583251 ], [ -78.898751462291301, 35.985383341154041 ], [ -78.898750611924612, 35.985385922723097 ], [ -78.898749765782924, 35.985388504295642 ], [ -78.898748478155994, 35.985391058031219 ], [ -78.89874762969481, 35.985393804427815 ], [ -78.898746781440408, 35.985396385998591 ], [ -78.898745933185964, 35.985398967569317 ], [ -78.898744679359339, 35.985401521332854 ], [ -78.898743831104781, 35.985404102903573 ], [ -78.898742982850166, 35.985406684474313 ], [ -78.898742134388627, 35.985409430870853 ], [ -78.898740846726639, 35.985412012077276 ], [ -78.898739998471825, 35.985414593647974 ], [ -78.898739150251458, 35.985417147747725 ], [ -78.898737896389875, 35.985419728982123 ], [ -78.89873704813489, 35.985422310552785 ], [ -78.898736199672996, 35.985425056949275 ], [ -78.898735383105901, 35.985427638546192 ], [ -78.898734063789888, 35.985430192255308 ], [ -78.898733215534662, 35.985432773825934 ], [ -78.898732367279408, 35.985435355396554 ], [ -78.898731113451788, 35.985437909159941 ], [ -78.89873026519642, 35.985440490730539 ], [ -78.898729414828452, 35.985443072299375 ], [ -78.898728129071159, 35.985445818333197 ], [ -78.898727280815578, 35.985448399903788 ], [ -78.898726432559968, 35.985450981474365 ], [ -78.898725178731937, 35.98545353523766 ], [ -78.898724330476199, 35.985456116808187 ], [ -78.898723482220404, 35.985458698378736 ], [ -78.898722194557024, 35.985461279584925 ], [ -78.898721346335591, 35.985463833684477 ], [ -78.898720497872716, 35.985466580080796 ], [ -78.898719244009769, 35.985469161314967 ], [ -78.898718393641133, 35.985471742883711 ], [ -78.898717547532016, 35.985474296984975 ], [ -78.898716259868195, 35.985476878191101 ], [ -78.898715411611931, 35.985479459761564 ], [ -78.8987141577486, 35.985482040995663 ], [ -78.898713309492223, 35.985484622566084 ], [ -78.898712461270264, 35.985487176665579 ], [ -78.898711139805513, 35.985489757843581 ], [ -78.898710325142588, 35.98549250426786 ], [ -78.898709476885941, 35.985495085838245 ], [ -78.898708223022211, 35.985497667072273 ], [ -78.898707374799955, 35.985500221171712 ], [ -78.898706087135395, 35.985502802377695 ], [ -78.898705272679138, 35.985505383976104 ], [ -78.898704390621603, 35.98550796551838 ], [ -78.89870313679198, 35.985510519281455 ], [ -78.898702252587299, 35.985513128292958 ], [ -78.89870100087002, 35.985515682057652 ], [ -78.898700152612847, 35.985518263627945 ], [ -78.898698898782925, 35.985520817390935 ], [ -78.898698050525653, 35.985523398961199 ], [ -78.898697202268295, 35.985525980531492 ], [ -78.898695914396043, 35.985528726563182 ], [ -78.898695066138586, 35.98553130813341 ], [ -78.898693812308295, 35.985533861896343 ], [ -78.898692964050724, 35.985536443466543 ], [ -78.898691676385127, 35.985539024672363 ], [ -78.898690828127414, 35.985541606242577 ], [ -78.898689574296839, 35.985544160005411 ], [ -78.898688726039012, 35.985546741575604 ], [ -78.898687438373102, 35.985549322781353 ], [ -78.898686590115162, 35.985551904351524 ], [ -78.898685336284288, 35.985554458114343 ], [ -78.89868448802622, 35.985557039684494 ], [ -78.898683639972916, 35.985559458145772 ], [ -78.898682352550296, 35.985561845337728 ], [ -78.898681504499024, 35.985564262082036 ], [ -78.898680656482213, 35.985566651355398 ], [ -78.898679402823419, 35.98556906776323 ], [ -78.89867855480648, 35.985571457036606 ], [ -78.898677706720505, 35.985573901251854 ], [ -78.898676419329803, 35.985576262689705 ], [ -78.898675571243729, 35.985578706904917 ], [ -78.898674723226605, 35.985581096178244 ], [ -78.898673469638553, 35.985583455927141 ], [ -78.898672621550133, 35.985585901859302 ], [ -78.898671773532826, 35.985588291132551 ], [ -78.898670486141754, 35.985590652570338 ], [ -78.898669638055324, 35.9855930967855 ], [ -78.89866879007235, 35.985595458587774 ], [ -78.898667536376109, 35.985597904183386 ], [ -78.898666688360663, 35.985600291739679 ], [ -78.898665400900228, 35.985602708119316 ], [ -78.898664552882522, 35.985605097392522 ], [ -78.898663704830284, 35.985607514136689 ], [ -78.898662451204856, 35.98560990307336 ], [ -78.898661603152505, 35.985612319817484 ], [ -78.898660349526878, 35.985614708754142 ], [ -78.898659467671578, 35.985617127187162 ], [ -78.89865861965572, 35.985619514743391 ], [ -78.89865733008223, 35.985621931121166 ], [ -78.898656517977287, 35.985624320424094 ], [ -78.898655230516169, 35.985626736803589 ], [ -78.898653534686659, 35.985631350524002 ], [ -78.89865228102606, 35.985633766931514 ], [ -78.898651466808246, 35.98563615623268 ], [ -78.898650145546156, 35.985638572584044 ], [ -78.898649297527641, 35.985640961857115 ], [ -78.898648449474564, 35.985643378601125 ], [ -78.898647195848113, 35.985645767537633 ], [ -78.898646347794937, 35.985648184281601 ], [ -78.898645060367613, 35.985650573190078 ], [ -78.898644212314309, 35.985652989934017 ], [ -78.898642958687589, 35.985655378870462 ], [ -78.898642110634171, 35.985657795614408 ], [ -78.898640823206577, 35.985660184522771 ], [ -78.898639975153046, 35.985662601266725 ], [ -78.898639127133976, 35.985664990539689 ], [ -78.898637025658132, 35.985669633111101 ], [ -78.898635738197854, 35.985672047773434 ], [ -78.898634890178556, 35.985674437046384 ], [ -78.898633636516706, 35.985676853453633 ], [ -78.898632788497295, 35.985679242726562 ], [ -78.898631501034586, 35.985681659105751 ], [ -78.898630653015061, 35.985684048378658 ], [ -78.898629399352927, 35.985686464785893 ], [ -78.898628551333289, 35.985688854058751 ], [ -78.898626416057638, 35.985693494884984 ], [ -78.898625162429752, 35.985695883821194 ], [ -78.898624314375368, 35.985698300564984 ], [ -78.898623026946609, 35.985700689473141 ], [ -78.898622178892126, 35.985703106216889 ], [ -78.89862092526397, 35.98570549515307 ], [ -78.898620077209372, 35.985707911896831 ], [ -78.898618789780329, 35.98571030080489 ], [ -78.898616688304301, 35.985714941658969 ], [ -78.898615840249462, 35.985717358402688 ], [ -78.898614552820135, 35.985719747310704 ], [ -78.898613704765197, 35.98572216405443 ], [ -78.898612415223255, 35.985724552960676 ], [ -78.898611603081434, 35.985726969734159 ], [ -78.898610315651823, 35.985729358642125 ], [ -78.898608214174828, 35.985733999496013 ], [ -78.898606926745046, 35.98573638840395 ], [ -78.898606078689681, 35.98573880514757 ], [ -78.898604825060474, 35.985741194083545 ], [ -78.898603977005024, 35.985743610827143 ], [ -78.898601841726517, 35.985748251652794 ], [ -78.898600621897728, 35.985750640616793 ], [ -78.898595908747751, 35.98576077350139 ], [ -78.898591267664841, 35.985770714148636 ], [ -78.898586588313194, 35.985780847060823 ], [ -78.898581947193449, 35.985790815178561 ], [ -78.898577269986532, 35.985800920621159 ], [ -78.898572626751928, 35.985810888736744 ], [ -78.898568797772739, 35.985818440080692 ], [ -78.898564154570622, 35.985828380724946 ], [ -78.898560325589813, 35.985835932068618 ], [ -78.89855571615179, 35.985845900211473 ], [ -78.898551003232427, 35.985855840797193 ], [ -78.898545922694211, 35.985865808548347 ], [ -78.89854212747403, 35.985873389107311 ], [ -78.898537450501337, 35.985883300534319 ], [ -78.898532367847196, 35.985893268283036 ], [ -78.898527285226336, 35.985903208560565 ], [ -78.898523893743274, 35.985910595440352 ], [ -78.898518811120269, 35.98592053571744 ], [ -78.898513730574024, 35.985930503466989 ], [ -78.898508645799254, 35.985940472929705 ], [ -78.898503563174643, 35.985950411489135 ], [ -78.898499770303133, 35.985957798034612 ], [ -78.898494687708762, 35.985967710839539 ], [ -78.898489605216824, 35.985977541231314 ], [ -78.898484522585392, 35.98598748150674 ], [ -78.898480288187372, 35.985994867684546 ], [ -78.898475205758956, 35.986004644850603 ], [ -78.898470123091627, 35.986014610879337 ], [ -78.898464599139729, 35.986024385960967 ], [ -78.898459518614814, 35.986034326236911 ], [ -78.898454434036424, 35.986044129154223 ], [ -78.898449795063527, 35.986052366595274 ], [ -78.898447661289353, 35.986055798695283 ], [ -78.89844512214718, 35.986059038161287 ], [ -78.898442580857662, 35.986062305096482 ], [ -78.898439638630492, 35.986065216292268 ], [ -78.898436252978982, 35.986067958859444 ], [ -78.898432837747166, 35.986070704835775 ], [ -78.898429488423574, 35.986073117781075 ], [ -78.898426509693437, 35.986074818505564 ], [ -78.898423567049534, 35.986076381905029 ], [ -78.898420185236731, 35.986077752642281 ], [ -78.898417209033795, 35.986079123716728 ], [ -78.898412984312401, 35.98608049375278 ], [ -78.898408349755769, 35.986081863447794 ], [ -78.898403683960311, 35.986082875993787 ], [ -78.898399054493325, 35.986083558917876 ], [ -78.898394389320373, 35.986084076986138 ], [ -78.898389756285482, 35.986084237958082 ], [ -78.898385127683198, 35.98608423410758 ], [ -78.898380463582782, 35.986083900575395 ], [ -78.898375799724576, 35.986083374746393 ], [ -78.898371170082569, 35.986082519293731 ], [ -78.898366507089605, 35.986081306690274 ], [ -78.89836228350768, 35.986080094452277 ], [ -78.89826937318945, 35.986046722263659 ], [ -78.898266434042085, 35.98604551109208 ], [ -78.89826346109389, 35.986044299892264 ], [ -78.898260082533824, 35.986043090071441 ], [ -78.898257143354243, 35.986041904653597 ], [ -78.898254170406346, 35.986040693453589 ], [ -78.898251231259408, 35.986039482281591 ], [ -78.898248258311639, 35.986038271081405 ], [ -78.898245318922378, 35.986037252206017 ], [ -78.898242345974822, 35.986036041005697 ], [ -78.898239406828239, 35.986034829833436 ], [ -78.89823643173365, 35.98603364610215 ], [ -78.898233494699795, 35.986032434931495 ], [ -78.898230521752595, 35.986031223730855 ], [ -78.898227582606367, 35.986030012558324 ], [ -78.898224609416758, 35.986028993654315 ], [ -78.898221670270701, 35.986027782481614 ], [ -78.898218697323841, 35.986026571280675 ], [ -78.898215758143309, 35.986025387578813 ], [ -78.89821278519662, 35.98602417637774 ], [ -78.89820984584297, 35.986023130030553 ], [ -78.898206467252066, 35.986021945962264 ], [ -78.89820349430569, 35.986020734760977 ], [ -78.898200554952268, 35.986019688413592 ], [ -78.89819758197136, 35.986018504683059 ], [ -78.898194642826084, 35.98601729350974 ], [ -78.898191669880021, 35.986016082308161 ], [ -78.898188730457591, 35.986015090902384 ], [ -78.898185757544169, 35.986013853946602 ], [ -78.898182818195593, 35.986012804164893 ], [ -78.89817984521305, 35.986011622150883 ], [ -78.898176466657773, 35.986010410610845 ], [ -78.898173527305062, 35.986009364262777 ], [ -78.898170554324949, 35.98600818053162 ], [ -78.898167612857691, 35.986007135898603 ], [ -78.898164642027126, 35.986005922981136 ], [ -78.898161702640081, 35.986004904103766 ], [ -78.89815872969497, 35.986003692901399 ], [ -78.898155790308095, 35.98600267402383 ], [ -78.898152375837995, 35.986001464170066 ], [ -78.898149438600612, 35.986000416106265 ], [ -78.898146531110257, 35.985999232429116 ], [ -78.898143526269266, 35.985998186025725 ], [ -78.898140618813756, 35.985996974877501 ], [ -78.898137613938246, 35.985995955944873 ], [ -78.898134674794719, 35.98599474477011 ], [ -78.898131295998013, 35.985993725525532 ], [ -78.89812832284565, 35.985992679148183 ], [ -78.898125381589807, 35.985991467971388 ], [ -78.89812237671471, 35.985990449038425 ], [ -78.898119471166368, 35.985989401000303 ], [ -78.898116092610763, 35.985988191175494 ], [ -78.898113119424124, 35.985987172268707 ], [ -78.898110180038387, 35.985986153390044 ], [ -78.898107207094753, 35.985984942186406 ], [ -78.898104267743889, 35.985983895836647 ], [ -78.898101294557549, 35.985982876929604 ], [ -78.89809791579647, 35.985981830213099 ], [ -78.898094976619348, 35.98598064650831 ], [ -78.898092003467909, 35.985979600130122 ], [ -78.898089064048051, 35.985978608721908 ], [ -78.8980860909315, 35.985977534872539 ], [ -78.898082712136144, 35.985976515626611 ], [ -78.898079772994123, 35.985975304450477 ], [ -78.898076799843111, 35.98597425807187 ], [ -78.898073860458325, 35.985973239192326 ], [ -78.898070481697999, 35.985972192475117 ], [ -78.898067508512526, 35.985971173567222 ], [ -78.898064569162671, 35.985970127216511 ], [ -78.898061595975165, 35.98596911002543 ], [ -78.89805865662764, 35.985968061957635 ], [ -78.898055277833024, 35.985967042710925 ], [ -78.898052304682636, 35.985965996331728 ], [ -78.898049365298476, 35.985964977451587 ], [ -78.898046390035674, 35.985963931070486 ], [ -78.898043011241384, 35.985962911823428 ], [ -78.898040074004712, 35.985961865473911 ], [ -78.898037098707448, 35.985960846563536 ], [ -78.898034161470918, 35.985959800213841 ], [ -78.898030782676955, 35.985958780966449 ], [ -78.898027807379918, 35.985957762055818 ], [ -78.89802487014363, 35.985956715705932 ], [ -78.89802149138464, 35.985955668987337 ], [ -78.898018516087816, 35.985954650076508 ], [ -78.898015578851769, 35.985953603726365 ], [ -78.898012605667674, 35.985952584817127 ], [ -78.898009226700637, 35.98595170292397 ], [ -78.898006321118274, 35.985950684071064 ], [ -78.898003314133646, 35.98594966513334 ], [ -78.898000374785425, 35.985948618781102 ], [ -78.897996995992358, 35.985947599532778 ], [ -78.897994022635032, 35.985946717977932 ], [ -78.897991083217576, 35.98594572656738 ], [ -78.897987704494213, 35.985944652376858 ], [ -78.8979847313108, 35.985943633466938 ], [ -78.897981791719872, 35.985942779410983 ], [ -78.897978412962033, 35.985941732691202 ], [ -78.897975437666275, 35.985940713779307 ], [ -78.897972500222849, 35.985939832253926 ], [ -78.897969524927248, 35.985938813341846 ], [ -78.897966146169722, 35.985937766621724 ], [ -78.897963208691763, 35.985936912567084 ], [ -78.897960235508933, 35.985935893656567 ], [ -78.897956856751648, 35.985934846936196 ], [ -78.89795391716136, 35.985933992879545 ], [ -78.897950941900945, 35.985932946496085 ], [ -78.897947565013226, 35.985932092073959 ], [ -78.897944625629435, 35.985931074908223 ], [ -78.897941650162934, 35.985930191633393 ], [ -78.897938273483931, 35.985929172385191 ], [ -78.897935333894026, 35.985928318328099 ], [ -78.897932360781368, 35.985927244475 ], [ -78.897928981746787, 35.985926417521547 ], [ -78.897926042400357, 35.985925371167511 ], [ -78.897922629602064, 35.985924514997699 ], [ -78.897919688106271, 35.985923497829624 ], [ -78.897916784464812, 35.985922616331159 ], [ -78.897913371873159, 35.985921597052226 ], [ -78.897910398482949, 35.985920742966307 ], [ -78.897907458928415, 35.985919861437623 ], [ -78.897904080172495, 35.98591881471571 ], [ -78.897901106747739, 35.985917988100532 ], [ -78.897697524834783, 35.985864414148516 ], [ -78.897693301274273, 35.985863201887284 ], [ -78.897689922732511, 35.985861990333696 ], [ -78.897685697686782, 35.985860283593013 ], [ -78.897681916519844, 35.985858384927084 ], [ -78.897678944005406, 35.985856844061352 ], [ -78.897675161388221, 35.985854423445083 ], [ -78.897671784556522, 35.985851864096716 ], [ -78.897668407966719, 35.985849114168417 ], [ -78.897665436983829, 35.985846366296805 ], [ -78.897662500257098, 35.985843259613993 ], [ -78.897659935547694, 35.985839988416807 ], [ -78.897657844013921, 35.985836745086978 ], [ -78.897656157461896, 35.985833996574371 ], [ -78.897654469668623, 35.985830561285844 ], [ -78.897653225754041, 35.985826934072257 ], [ -78.897651946100467, 35.985823169473697 ], [ -78.897651545300846, 35.985819378140562 ], [ -78.897651144466323, 35.985815614278366 ], [ -78.897650707718626, 35.985811850386035 ], [ -78.897651151937126, 35.985808059760956 ], [ -78.897651564467395, 35.985804269109309 ], [ -78.897652414259596, 35.985800506294993 ], [ -78.897653669451202, 35.985796908646371 ], [ -78.897654958478299, 35.985793283555083 ], [ -78.897810028247918, 35.985451069823249 ], [ -78.898059170244977, 35.984892765070235 ], [ -78.898127370767483, 35.98473898433943 ], [ -78.898206177599008, 35.984563730072907 ], [ -78.898269321911727, 35.98442368053459 ], [ -78.898270172249028, 35.984421126438846 ], [ -78.898271426110071, 35.984418545208243 ], [ -78.89827271377122, 35.984415964005748 ], [ -78.898273967389642, 35.984413575071954 ], [ -78.898275252938134, 35.984410993867677 ], [ -78.89827650891138, 35.98440841263875 ], [ -78.898278202173799, 35.984405831774012 ], [ -78.898279489592099, 35.984403442868299 ], [ -78.898280743452545, 35.98440086163756 ], [ -78.898282436472257, 35.984398473069589 ], [ -78.898283722020224, 35.984395891865219 ], [ -78.898285415074355, 35.984393475826224 ], [ -78.898286668692066, 35.984391086892273 ], [ -78.898288363858526, 35.984388670855004 ], [ -78.898290054765226, 35.984386282285143 ], [ -78.898291783731622, 35.984383866275969 ], [ -78.898293440837989, 35.984381477677935 ], [ -78.898295136004052, 35.984379061640546 ], [ -78.89829682902284, 35.984376673072376 ], [ -78.898298522076189, 35.984374257033203 ], [ -78.89830021488703, 35.98437203329086 ], [ -78.898301907905548, 35.98436964472257 ], [ -78.898304040152411, 35.984367393875054 ], [ -78.898305730815835, 35.984365197601846 ], [ -78.89830783161716, 35.984362754431004 ], [ -78.89830949062744, 35.984360530660361 ], [ -78.898311654526793, 35.98435830731006 ], [ -78.898313349449467, 35.984356083569253 ], [ -78.898315447860838, 35.984353860164347 ], [ -78.898317580104759, 35.984351611033532 ], [ -78.898319678310344, 35.984349550737484 ], [ -78.898321810521551, 35.984347327360624 ], [ -78.898323908724777, 35.98434526878146 ], [ -78.898326040935757, 35.984343045404486 ], [ -78.898328139138741, 35.984340986825245 ], [ -78.898330269029316, 35.984338928272329 ], [ -78.898332369344587, 35.9843368696948 ], [ -78.898334904836148, 35.984334811479414 ], [ -78.898337038951368, 35.984332752929923 ], [ -78.898339137153812, 35.984330694350476 ], [ -78.898341674757518, 35.984328636136702 ], [ -78.898343806552234, 35.984326742411199 ], [ -78.898346344155684, 35.984324684197347 ], [ -78.898348881551357, 35.984322790809287 ], [ -78.89835097951098, 35.984320924526514 ], [ -78.898353516906411, 35.984319031138384 ], [ -78.898356054301729, 35.984317137750232 ], [ -78.898358591694773, 35.984315246078936 ], [ -78.89836112905742, 35.984313378444682 ], [ -78.898363666452383, 35.984311485056324 ], [ -78.898366203639597, 35.984309756493836 ], [ -78.898368740999715, 35.984307890576353 ], [ -78.898371278186715, 35.984306162013773 ], [ -78.898373815338999, 35.984304460922061 ], [ -78.898376352525773, 35.98430273235936 ], [ -78.898379326966577, 35.984301031631361 ], [ -78.898381864153137, 35.984299303068553 ], [ -78.898384369409783, 35.984297766776173 ], [ -78.898387379762767, 35.984296066077832 ], [ -78.898389882939128, 35.98429450402957 ], [ -78.898392857171785, 35.984292968127129 ], [ -78.898395396437849, 35.98429126531979 ], [ -78.898398336904705, 35.984289701918151 ], [ -78.89840131515443, 35.984288330844961 ], [ -78.898403852097985, 35.984286794578523 ], [ -78.898406794677001, 35.98428523117844 ], [ -78.898409770779338, 35.984283887574215 ], [ -78.898412713116016, 35.984282516470849 ], [ -78.898415250093748, 35.984280952733236 ], [ -78.898418226230376, 35.984279581657844 ], [ -78.898421168566742, 35.984278210554265 ], [ -78.898424142348574, 35.984277031773814 ], [ -78.898427086762666, 35.984275688142858 ], [ -78.898430062933485, 35.984274289596172 ], [ -78.898433442350537, 35.984273083681856 ], [ -78.898436386591456, 35.984271877405547 ], [ -78.898439360405234, 35.984270672870721 ], [ -78.898442304613539, 35.984269492348339 ], [ -78.898445280541821, 35.984268286098157 ], [ -78.898448661863455, 35.984267245011061 ], [ -78.898451601844314, 35.984266066201855 ], [ -78.898454579677377, 35.984265024779162 ], [ -78.89845796096418, 35.984264011162757 ], [ -78.898460900771937, 35.984262969708233 ], [ -78.898463876457711, 35.984261955754505 ], [ -78.898467259925894, 35.984260887197635 ], [ -78.898470199664288, 35.98425990068489 ], [ -78.898473582890318, 35.984259024424723 ], [ -78.898476556253726, 35.98425817701176 ], [ -78.898479905854529, 35.984257161651492 ], [ -78.898483320767923, 35.984256285417402 ], [ -78.898486260123605, 35.984255602802016 ], [ -78.898489641202204, 35.984254754010614 ], [ -78.898493024393275, 35.984253905220875 ], [ -78.898495999665727, 35.984253219201243 ], [ -78.898499380571351, 35.984252507764481 ], [ -78.898502761407812, 35.984251851269661 ], [ -78.898505702877813, 35.984251166938584 ], [ -78.898509083748721, 35.984250482972584 ], [ -78.898512464619557, 35.984249799006491 ], [ -78.898515843170529, 35.984249279864422 ], [ -78.898519225946444, 35.98424876072577 ], [ -78.89852260657527, 35.984248269056245 ], [ -78.898528962298954, 35.984247232154971 ], [ -78.898532342964359, 35.984246711297295 ], [ -78.898535723385748, 35.984246384453293 ], [ -78.898539104046748, 35.984245867029259 ], [ -78.898542484470227, 35.984245538468166 ], [ -78.898545864926064, 35.984245184152925 ], [ -78.898549245347326, 35.98424485730856 ], [ -78.898552625803092, 35.984244502993164 ], [ -78.89855600601706, 35.984244340974513 ], [ -78.898559386472797, 35.984243986658896 ], [ -78.898562766686709, 35.984243824640082 ], [ -78.898566146900635, 35.984243662621139 ], [ -78.898569493314469, 35.98424350057406 ], [ -78.898572907360801, 35.984243312828966 ], [ -78.89857628736965, 35.984243313918732 ], [ -78.898602517084569, 35.984242648920947 ], [ -78.898852611939517, 35.984236345652114 ], [ -78.898857242548246, 35.984236349486658 ], [ -78.898861906750497, 35.984236518174924 ], [ -78.898866536704986, 35.984237043957812 ], [ -78.898871233846535, 35.984237899448267 ], [ -78.898875829346935, 35.984238947151489 ], [ -78.898880052633615, 35.984240324198517 ], [ -78.898884273601354, 35.984241866069539 ], [ -78.898887653964721, 35.984243269889504 ], [ -78.898890624571294, 35.984244618428157 ], [ -78.898894409468497, 35.984246874184166 ] ] ], [ [ [ -78.897413794203828, 35.986373241131851 ], [ -78.897415931679788, 35.986368600329854 ], [ -78.8974167797425, 35.98636621106602 ], [ -78.897418879191932, 35.986361570232027 ], [ -78.89742101666728, 35.986356929429917 ], [ -78.897421864729708, 35.98635454016604 ], [ -78.897423966291129, 35.986349899333725 ], [ -78.897424814353386, 35.98634751006982 ], [ -78.897426949715481, 35.986342869265812 ], [ -78.897427797847428, 35.986340425059971 ], [ -78.897429897223532, 35.9863358408846 ], [ -78.897430745322595, 35.986333422432743 ], [ -78.897432409583359, 35.986328781233041 ], [ -78.897433730858296, 35.986326392366408 ], [ -78.897435426807078, 35.986321751193245 ], [ -78.89743627486871, 35.986319361929219 ], [ -78.897437528578578, 35.986316943817918 ], [ -78.897439224524788, 35.986312304361633 ], [ -78.897440072586193, 35.986309915097578 ], [ -78.897441360094618, 35.986307498731513 ], [ -78.897442613767055, 35.986305109808022 ], [ -78.897443461863205, 35.986302693072993 ], [ -78.897444749545997, 35.98630013935211 ], [ -78.897445597644221, 35.986297720900147 ], [ -78.8974468513142, 35.986295333693484 ], [ -78.897448139031695, 35.986292752501583 ], [ -78.897448987127575, 35.986290335766562 ], [ -78.8974502407995, 35.98628794684295 ], [ -78.897451088895252, 35.986285530107857 ], [ -78.897452376577533, 35.986282976386832 ], [ -78.897453628171618, 35.98628055999049 ], [ -78.897454476232269, 35.986278170726315 ], [ -78.89745576606181, 35.986275589536092 ], [ -78.897456645845608, 35.986273172827573 ], [ -78.89745786782872, 35.986270783877252 ], [ -78.897458716133542, 35.986268202316317 ], [ -78.897460003605815, 35.986265813420985 ], [ -78.897461255199417, 35.986263397024551 ], [ -78.897462105616611, 35.986260815465364 ], [ -78.897463393088671, 35.986258426569982 ], [ -78.897464241183727, 35.986256009834804 ], [ -78.897465495064154, 35.986253456085215 ], [ -78.897466343159081, 35.986251039350002 ], [ -78.897467630630871, 35.986248650454563 ], [ -78.897468442986749, 35.986246096334419 ], [ -78.897469732640729, 35.9862436524988 ], [ -78.897470580665612, 35.986241290705429 ], [ -78.897471868416389, 35.986238682042277 ], [ -78.897472716476074, 35.986236292777903 ], [ -78.897473970181366, 35.986233876383103 ], [ -78.897475257897028, 35.986231295190848 ], [ -78.897476105956528, 35.98622890592646 ], [ -78.897477323783093, 35.986226462030494 ], [ -78.897478207930433, 35.986223935441423 ], [ -78.897479495436343, 35.98622151907491 ], [ -78.897480343495616, 35.986219129810472 ], [ -78.897481191799187, 35.986216548249324 ], [ -78.897482443391368, 35.986214131852634 ], [ -78.897483259762168, 35.986211742561615 ], [ -78.897484581278022, 35.986209161397611 ], [ -78.89748542933701, 35.986206772133158 ], [ -78.897486683250918, 35.986204190912375 ], [ -78.89748753134468, 35.986201774176983 ], [ -78.897488818815049, 35.986199385281267 ], [ -78.897489667118137, 35.986196803720055 ], [ -78.897490920787419, 35.986194414795946 ], [ -78.897491768880968, 35.986191998060498 ], [ -78.89749305659538, 35.986189416868022 ], [ -78.897493904653913, 35.986187027603485 ], [ -78.897495156454667, 35.986184446380847 ], [ -78.89749600662563, 35.98618205711805 ], [ -78.897496852606352, 35.986179640380804 ], [ -78.897498142432937, 35.98617705919002 ], [ -78.897498990491215, 35.986174669925418 ], [ -78.897500242256712, 35.986172116173705 ], [ -78.897501090314847, 35.986169726909104 ], [ -78.897502380176064, 35.986167118247309 ], [ -78.897503228268974, 35.98616470151174 ], [ -78.897504076326925, 35.986162312247139 ], [ -78.897505330239539, 35.986159731026142 ], [ -78.897506178297405, 35.986157341761469 ], [ -78.897507499811624, 35.986154760597159 ], [ -78.897508314103433, 35.986152343833197 ], [ -78.897509162161114, 35.986149954568525 ], [ -78.897510416073374, 35.986147373347464 ], [ -78.897511264130941, 35.98614498408277 ], [ -78.897512551843974, 35.98614240289006 ], [ -78.897513366135456, 35.98613998612602 ], [ -78.897514248203109, 35.986137432063884 ], [ -78.897515501905644, 35.986135015668509 ], [ -78.897516384008057, 35.986132434135428 ], [ -78.897517198264438, 35.986130044842326 ], [ -78.897518485767677, 35.986127628475288 ], [ -78.897519298120727, 35.986125074354611 ], [ -78.897520182126115, 35.986122657649027 ], [ -78.897521436037607, 35.986120076427831 ], [ -78.897522317895437, 35.986117687191403 ], [ -78.897523132395719, 35.986115105601485 ], [ -78.897524419863657, 35.986112716705357 ], [ -78.897525268164685, 35.98611013514379 ], [ -78.897560417760516, 35.986032888726193 ], [ -78.897562112823891, 35.986028934324814 ], [ -78.897564652456168, 35.986025336037656 ], [ -78.897567223769968, 35.986021742927832 ], [ -78.897569731502074, 35.98601831115672 ], [ -78.897573081934638, 35.98601504320122 ], [ -78.897576499719989, 35.986011971032923 ], [ -78.897580322909931, 35.986009060596515 ], [ -78.897583266195397, 35.986007002739953 ], [ -78.897586243072382, 35.986005109737498 ], [ -78.897590470997343, 35.986002888131885 ], [ -78.897593853065203, 35.986001325120824 ], [ -78.89759726893368, 35.985999762138015 ], [ -78.897601867760386, 35.985998255088809 ], [ -78.897606534223414, 35.985996720625103 ], [ -78.897611605668317, 35.98599568097864 ], [ -78.897616237458635, 35.985994833260321 ], [ -78.89762259288058, 35.985994151812513 ], [ -78.897626378779279, 35.985993990159642 ], [ -78.897631448897101, 35.985993996125885 ], [ -78.897636518810145, 35.985994163483845 ], [ -78.897641588267945, 35.985994689680993 ], [ -78.897646657307632, 35.985995545529526 ], [ -78.897651725894377, 35.98599675850042 ], [ -78.89784601594522, 35.9860479073077 ], [ -78.897848987224705, 35.98604876311034 ], [ -78.897851928932809, 35.986049615454277 ], [ -78.897854900179809, 35.98605049701078 ], [ -78.897857839773309, 35.986051351069797 ], [ -78.897860812959095, 35.986052369982751 ], [ -78.897863754630507, 35.986053251514264 ], [ -78.89786672591255, 35.986054105599578 ], [ -78.897869667618849, 35.986054959660038 ], [ -78.897872638901021, 35.986055813745125 ], [ -78.897875580364044, 35.986056860102188 ], [ -78.897878553758886, 35.986057714188931 ], [ -78.897881493350724, 35.986058569964278 ], [ -78.897884466713109, 35.986059449804877 ], [ -78.89788740398609, 35.986060468687178 ], [ -78.897890377381188, 35.986061322773637 ], [ -78.897893316940682, 35.986062204302726 ], [ -78.897896290092575, 35.986063250685781 ], [ -78.897899231834288, 35.986064077274555 ], [ -78.897902203082339, 35.986064958829907 ], [ -78.897905144580847, 35.986065977715285 ], [ -78.897908117941569, 35.986066859272235 ], [ -78.897911057536234, 35.986067713329945 ], [ -78.897914030723285, 35.986068732241613 ], [ -78.89791696820555, 35.986069586297411 ], [ -78.897919941357998, 35.986070632679876 ], [ -78.897922883065476, 35.98607148673905 ], [ -78.89792585621808, 35.986072533121344 ], [ -78.897928795813129, 35.9860733871786 ], [ -78.897931769000635, 35.986074406089855 ], [ -78.897934708561053, 35.986075287617908 ], [ -78.897937681748715, 35.986076306529 ], [ -78.897940619231477, 35.986077160584216 ], [ -78.897943594497065, 35.986078206967868 ], [ -78.897946531979969, 35.986079061022942 ], [ -78.897949507245698, 35.986080107406465 ], [ -78.897952446632814, 35.986081126288902 ], [ -78.897955420029348, 35.98608198037379 ], [ -78.897958357269317, 35.986083026725289 ], [ -78.897961366579352, 35.986083880840035 ], [ -78.897964270018647, 35.986084927163141 ], [ -78.897969779305527, 35.98608679979273 ], [ -78.897972718658409, 35.986087846145658 ], [ -78.89797569184698, 35.986088865055805 ], [ -78.897978629295878, 35.986089746581072 ], [ -78.897981604597163, 35.986090765492854 ], [ -78.897984543950315, 35.986091811845476 ], [ -78.897987517139185, 35.986092830755354 ], [ -78.897990456735641, 35.986093684811131 ], [ -78.897993429889937, 35.986094731191777 ], [ -78.897996367165604, 35.986095750071442 ], [ -78.898001876210841, 35.986097814996299 ], [ -78.898004815772893, 35.986098696522653 ], [ -78.898007788927544, 35.986099742903029 ], [ -78.89801072620358, 35.986100761782282 ], [ -78.898013701505661, 35.986101780693275 ], [ -78.898016640859638, 35.986102827045137 ], [ -78.898019614049332, 35.986103845954233 ], [ -78.898022551290936, 35.986104892304169 ], [ -78.898028060580515, 35.986106764931108 ], [ -78.898030997822318, 35.986107811280888 ], [ -78.898033973124925, 35.986108830191363 ], [ -78.898036910366869, 35.986109876540972 ], [ -78.898039885669633, 35.98611089545129 ], [ -78.898042822911734, 35.986111941800779 ], [ -78.89804579824937, 35.98611293324003 ], [ -78.898051271348876, 35.986115025603617 ], [ -78.898054244504735, 35.986116071982792 ], [ -78.898057183651503, 35.986117283159452 ], [ -78.898060156842249, 35.986118302067567 ], [ -78.898063096197447, 35.986119348418285 ], [ -78.898068567220051, 35.986121413308389 ], [ -78.898071508722737, 35.986122432189745 ], [ -78.898074515679994, 35.986123478596646 ], [ -78.89807742126942, 35.986124497447868 ], [ -78.898080428226805, 35.986125543854598 ], [ -78.898085901154573, 35.986127773571468 ], [ -78.898088874346058, 35.986128792478866 ], [ -78.898091813701981, 35.986129838828909 ], [ -78.898094786650745, 35.986131050032846 ], [ -78.898100259787455, 35.98613311492327 ], [ -78.898103232979309, 35.986134133830326 ], [ -78.898106172127484, 35.986135345005785 ], [ -78.898109145319509, 35.986136363912678 ], [ -78.898114618248783, 35.986138593628247 ], [ -78.898117591406361, 35.98613964000586 ], [ -78.898120530763066, 35.986140686355192 ], [ -78.898126037493896, 35.986142916098437 ], [ -78.898128976885516, 35.986143934976617 ], [ -78.898131949835346, 35.986145146179716 ], [ -78.898134889192434, 35.986146192528714 ], [ -78.898140429724876, 35.986148422299479 ], [ -78.898143335073286, 35.986149633445855 ], [ -78.898146342101811, 35.986150624909044 ], [ -78.898151781197569, 35.98615288206571 ], [ -78.898154754356156, 35.986153928442441 ], [ -78.898157693505823, 35.98615513961667 ], [ -78.898163200238642, 35.986157369358182 ], [ -78.89816613938855, 35.986158580532219 ], [ -78.898171646121867, 35.986160810273383 ], [ -78.89817458551471, 35.986161829150518 ], [ -78.898177558465889, 35.986163040352466 ], [ -78.898183031398887, 35.986165270064909 ], [ -78.898186004350322, 35.986166481266615 ], [ -78.89819147728376, 35.98616871097871 ], [ -78.898194450235465, 35.986169922180203 ], [ -78.898197389386283, 35.986171133353501 ], [ -78.898299590941576, 35.986207782379367 ], [ -78.898303814113731, 35.98620932427103 ], [ -78.8983080368359, 35.986211223285046 ], [ -78.898311853532121, 35.986213451612784 ], [ -78.898315636185245, 35.986215872209002 ], [ -78.898319013020142, 35.986218457293226 ], [ -78.898322389647561, 35.986221207203108 ], [ -78.898325394257625, 35.986224121629192 ], [ -78.898327891681376, 35.986227172987959 ], [ -78.89833042259464, 35.986230471613467 ], [ -78.898332511810722, 35.986233907226186 ], [ -78.898334636940533, 35.986237342868812 ], [ -78.898335885151809, 35.986240942607466 ], [ -78.898337131216053, 35.986244569815263 ], [ -78.898338410908238, 35.986248334406035 ], [ -78.89833884554325, 35.986252125764423 ], [ -78.89833924641195, 35.986255889623692 ], [ -78.898339241635171, 35.986259680616371 ], [ -78.898338831109015, 35.986263581155242 ], [ -78.898338386885683, 35.986267399253137 ], [ -78.898337097916354, 35.986270996880073 ], [ -78.898335842470885, 35.986274814302718 ], [ -78.898334181691226, 35.986278411620091 ], [ -78.898332453551859, 35.986281816584466 ], [ -78.898229153906925, 35.986445704893377 ], [ -78.898193276980166, 35.986430044003654 ], [ -78.898191581802635, 35.986432432566744 ], [ -78.898190296427231, 35.986434848942345 ], [ -78.898188603362087, 35.986437237507126 ], [ -78.898186910262169, 35.986439653542838 ], [ -78.898185217196797, 35.986442042107591 ], [ -78.89818352409668, 35.986444458143254 ], [ -78.898181831031124, 35.986446846707956 ], [ -78.898180138138798, 35.986449097917777 ], [ -78.898178445073043, 35.98645148648243 ], [ -78.898176751972514, 35.986453902517979 ], [ -78.898175058906574, 35.986456291082561 ], [ -78.898173365805832, 35.986458707118068 ], [ -78.898171672739679, 35.986461095682621 ], [ -78.898169979638752, 35.986463511718057 ], [ -78.898168286570225, 35.986465901999495 ], [ -78.898166559670287, 35.986468316289766 ], [ -78.898165337703006, 35.986470706963907 ], [ -78.898163646716412, 35.986473121284092 ], [ -78.898161951745138, 35.986475345020956 ], [ -78.898160260793034, 35.986477731870146 ], [ -78.898158567689237, 35.986480149622366 ], [ -78.898156874622188, 35.986482538186699 ], [ -78.898155181520352, 35.986484954221893 ], [ -78.898153488455279, 35.986487341069235 ], [ -78.898151761550054, 35.986489758793169 ], [ -78.898150102283637, 35.986492147385555 ], [ -78.89814840938952, 35.986494398594928 ], [ -78.898146716321847, 35.986496787159076 ], [ -78.898145023219413, 35.986499203194143 ], [ -78.898143330151569, 35.98650159175827 ], [ -78.898141637048937, 35.9865040077933 ], [ -78.898139977781881, 35.986506396385543 ], [ -78.898138250878063, 35.986508812392309 ], [ -78.898136558054759, 35.986511006942678 ], [ -78.89813486491488, 35.986513452165489 ], [ -78.89813316976857, 35.986515813256709 ], [ -78.898131478812573, 35.986518201822385 ], [ -78.898129785674556, 35.98652064532822 ], [ -78.898128092640491, 35.986523006421102 ], [ -78.898126399502274, 35.986525449926887 ], [ -78.89812470664144, 35.986527673664945 ], [ -78.898123013537713, 35.986530089699706 ], [ -78.898121320468576, 35.986532478263463 ], [ -78.898119627364636, 35.986534894298138 ], [ -78.898117934295271, 35.986537282861875 ], [ -78.898116241433982, 35.986539506599826 ], [ -78.89811454832973, 35.986541922634444 ], [ -78.898112821456863, 35.986544312886835 ], [ -78.898111162155644, 35.986546727232643 ], [ -78.898109469085796, 35.98654911579623 ], [ -78.898107775981174, 35.986551531830742 ], [ -78.898106083119259, 35.986553755568529 ], [ -78.898104390014439, 35.986556171603006 ], [ -78.898102696944207, 35.986558560166486 ], [ -78.89810103764016, 35.986560976229079 ], [ -78.898099310976875, 35.986563199938566 ], [ -78.898097617906345, 35.986565588501989 ], [ -78.898095924800998, 35.986568004536352 ], [ -78.898094231730255, 35.986570393099669 ], [ -78.898092099211127, 35.98657280876737 ], [ -78.898090406348359, 35.986575032504909 ], [ -78.898088713242601, 35.986577448539116 ], [ -78.898087020171445, 35.986579837102369 ], [ -78.898085327065488, 35.986582253136547 ], [ -78.898083634202337, 35.986584476873986 ], [ -78.898081941130883, 35.986586865437197 ], [ -78.898080248024627, 35.986589281471261 ], [ -78.898078554952974, 35.986591670034393 ], [ -78.89807682804549, 35.986594086040213 ], [ -78.898075168982885, 35.986596309805762 ], [ -78.898073475876217, 35.986598725839748 ], [ -78.898071782804166, 35.986601114402788 ], [ -78.898070089940248, 35.98660333814 ], [ -78.898067957419585, 35.986605753807225 ], [ -78.898066298146119, 35.986608144115316 ], [ -78.898064605041114, 35.986610558432218 ], [ -78.898062912176812, 35.986612782169345 ], [ -78.898061219069419, 35.986615198203168 ], [ -78.898059525996672, 35.986617586766016 ], [ -78.898057832889094, 35.986620002799782 ], [ -78.898056171712881, 35.986622226563256 ], [ -78.898054446951335, 35.986624615099565 ], [ -78.898052753843473, 35.986627031133253 ], [ -78.898051060978474, 35.98662925487023 ], [ -78.898048926346107, 35.986631668818376 ], [ -78.898047233270475, 35.986634059097945 ], [ -78.898045540162187, 35.986636475131526 ], [ -78.898043847296805, 35.986638698868354 ], [ -78.898042154223035, 35.986641087430968 ], [ -78.898040463227005, 35.98664350346619 ], [ -78.898038768248767, 35.9866457272012 ], [ -78.898037077217822, 35.986648170707383 ], [ -78.898034978565505, 35.986650531460278 ], [ -78.89803328569954, 35.986652755196978 ], [ -78.898031592590442, 35.986655171230346 ], [ -78.898029899515976, 35.986657559792739 ], [ -78.898028206406664, 35.986659975826022 ], [ -78.89802651354033, 35.986662199562637 ], [ -78.89802482043082, 35.986664615595863 ], [ -78.898022687941847, 35.986667003791325 ], [ -78.898020992962628, 35.986669227526043 ], [ -78.898019301967551, 35.986671641844083 ], [ -78.898017606777628, 35.986674032121428 ], [ -78.898015915988523, 35.98667628333056 ], [ -78.898014256714248, 35.986678671920934 ], [ -78.898012530046003, 35.986680895629121 ], [ -78.89801043132266, 35.986683311323439 ], [ -78.898008738246972, 35.986685699885534 ], [ -78.898007045344812, 35.986687951092797 ], [ -78.898005386069983, 35.986690339683008 ], [ -78.898003659158192, 35.98669275568772 ], [ -78.898001966290479, 35.986694979423973 ], [ -78.897999831687457, 35.986697367617204 ], [ -78.897998140688969, 35.986699783651801 ], [ -78.897996447820972, 35.986702007387954 ], [ -78.897994754709742, 35.98670442342074 ], [ -78.897993061841532, 35.986706647156844 ], [ -78.89799096315167, 35.986709035379924 ], [ -78.897989270040128, 35.986711451412624 ], [ -78.897987577171619, 35.986713675148593 ], [ -78.897985884059864, 35.986716091181279 ], [ -78.897984191191171, 35.986718314917255 ], [ -78.897982498113961, 35.98672070347893 ], [ -78.897980365587514, 35.986723119144514 ], [ -78.897978672718523, 35.986725342880369 ], [ -78.89797697960627, 35.986727758912899 ], [ -78.897975320540382, 35.986729980960035 ], [ -78.897973593659358, 35.986732371210266 ], [ -78.897971494933515, 35.986734786903924 ], [ -78.897969802064026, 35.986737010639644 ], [ -78.897968108951261, 35.986739426672038 ], [ -78.897966449882659, 35.986741650435953 ], [ -78.897964283588848, 35.98674403860209 ], [ -78.897962590477931, 35.986746452917444 ], [ -78.89796089760577, 35.986748678369999 ], [ -78.897959204492523, 35.986751094402251 ], [ -78.897957511622337, 35.986753318137801 ], [ -78.897955412930202, 35.986755706360249 ], [ -78.8979537200251, 35.986757957566653 ], [ -78.897952026946157, 35.98676034612788 ], [ -78.897950334075603, 35.986762569863338 ], [ -78.897948201547081, 35.986764985528303 ], [ -78.897946508467825, 35.986767374089446 ], [ -78.897944815562226, 35.986769625295764 ], [ -78.897943122482772, 35.986772013856843 ], [ -78.897941023998243, 35.986774237253236 ], [ -78.89793933088383, 35.98677665328519 ], [ -78.897937638047338, 35.986778849549495 ], [ -78.897935944895792, 35.986781294769301 ], [ -78.897933812611782, 35.986783516420395 ], [ -78.897932119531717, 35.986785904981339 ], [ -78.89793046042648, 35.986788156215638 ], [ -78.897928733547232, 35.986790543031354 ], [ -78.897926635059648, 35.986792768144419 ], [ -78.89792494194441, 35.986795184176167 ], [ -78.897923249072377, 35.986797407911183 ], [ -78.897921116542108, 35.986799823575652 ], [ -78.897919423635116, 35.986802074781622 ], [ -78.897917730588986, 35.986804435871342 ], [ -78.897916035569239, 35.986806687075465 ], [ -78.897913936874502, 35.986809075297145 ], [ -78.897912244001859, 35.986811299031991 ], [ -78.897910550885811, 35.986813715063533 ], [ -78.89790842071065, 35.986815938432841 ], [ -78.897906727592229, 35.98681835618126 ], [ -78.897905034721376, 35.98682057819908 ], [ -78.897903341639676, 35.986822966759583 ], [ -78.897901241005385, 35.9868252176244 ], [ -78.89789955003603, 35.986827606186644 ], [ -78.897897855050061, 35.986829829919515 ], [ -78.897895724630757, 35.986832245585276 ], [ -78.897894031757147, 35.986834469319895 ], [ -78.897892338640062, 35.986836885351131 ], [ -78.897890238039892, 35.98683910874486 ], [ -78.897888545165955, 35.986841332479393 ], [ -78.897886852048572, 35.986843748510552 ], [ -78.897884721871947, 35.986845971879454 ], [ -78.89788302878911, 35.986848360439602 ], [ -78.897881335880044, 35.986850611644961 ], [ -78.897879237183119, 35.986852999865974 ], [ -78.89787754223083, 35.986855196127614 ], [ -78.897875851190605, 35.98685763963136 ], [ -78.897873718900755, 35.986859862998266 ], [ -78.897872023915554, 35.986862085013833 ], [ -78.897870332907644, 35.98686450276346 ], [ -78.897868232306124, 35.986866726156769 ], [ -78.897866539187589, 35.986869142187629 ], [ -78.897864882226088, 35.986871365951814 ], [ -78.897862714021869, 35.986873589288528 ], [ -78.897861023050368, 35.986875977850119 ], [ -78.89785932802755, 35.986878229053367 ], [ -78.897857229329247, 35.986880617273997 ], [ -78.89785553853136, 35.986882868480734 ], [ -78.897853845653401, 35.986885093931683 ], [ -78.897851711043131, 35.986887480405215 ], [ -78.897850020244917, 35.986889731611889 ], [ -78.89784792154606, 35.986892119832312 ], [ -78.897846228672037, 35.986894341849279 ], [ -78.897844535758807, 35.986896594770997 ], [ -78.897842403258352, 35.986898982963069 ], [ -78.897840744183057, 35.986901206725136 ], [ -78.897839017261774, 35.986903622727311 ], [ -78.897836918770963, 35.986905846121843 ], [ -78.89783522589417, 35.986908069855573 ], [ -78.897833093356169, 35.986910487235328 ], [ -78.89783140048138, 35.986912709252067 ], [ -78.897829707604288, 35.986914932985712 ], [ -78.897827608869378, 35.986917348676691 ], [ -78.897825949758456, 35.986919599909541 ], [ -78.897823783699238, 35.986921795776297 ], [ -78.897822090578217, 35.986924211806503 ], [ -78.897820397700642, 35.986926435540013 ], [ -78.897818299208708, 35.986928658934168 ], [ -78.897816603974817, 35.98693107496252 ], [ -78.897814471681386, 35.986933298328353 ], [ -78.897812780915984, 35.986935522063497 ], [ -78.897811085681781, 35.986937938091764 ], [ -78.897808987189265, 35.986940161485748 ], [ -78.897807296423565, 35.986942385220814 ], [ -78.897805161773462, 35.986944800881368 ], [ -78.897803471007549, 35.986947024616384 ], [ -78.897801744327793, 35.986949248321359 ], [ -78.897799679392335, 35.98695166404012 ], [ -78.897797986513581, 35.986953887773289 ], [ -78.897795820417855, 35.986956111110494 ], [ -78.897794161096442, 35.986958527168525 ], [ -78.897792062637762, 35.986960723091272 ], [ -78.897790369721605, 35.986962976012229 ], [ -78.897788676807536, 35.986965227216182 ], [ -78.897786544305802, 35.98696761369029 ], [ -78.897784851426337, 35.986969837423267 ], [ -78.897782750784913, 35.986972088285938 ], [ -78.897781093610163, 35.98697447687465 ], [ -78.897778927513443, 35.986976700211507 ], [ -78.897777234598763, 35.986978951415296 ], [ -78.897775169905444, 35.986981174836998 ], [ -78.897773440900608, 35.986983565082383 ], [ -78.897771308571976, 35.986985814201404 ], [ -78.897769617804272, 35.98698803793593 ], [ -78.897767922811354, 35.986990261666911 ], [ -78.897765824072621, 35.986992677356724 ], [ -78.897764133304634, 35.986994901091172 ], [ -78.897762001042892, 35.986997096985078 ], [ -78.897760308125157, 35.986999349905581 ], [ -78.89775820938813, 35.987001763878382 ], [ -78.897756516507172, 35.987003987610933 ], [ -78.897754384210174, 35.987006210975643 ], [ -78.897752691294173, 35.987008462179084 ], [ -78.897750592589361, 35.987010850397724 ], [ -78.897748899707992, 35.987013074130203 ], [ -78.897746767375708, 35.987015324965675 ], [ -78.897745106182811, 35.987017548724566 ], [ -78.897742973885187, 35.987019772089084 ], [ -78.897741282872275, 35.987022188119838 ], [ -78.897739182263024, 35.987024411510781 ], [ -78.897737457692401, 35.98702663521653 ], [ -78.897735359195579, 35.987028858609207 ], [ -78.897733663957084, 35.987031274636294 ], [ -78.897731531695712, 35.987033468812683 ], [ -78.897729840888928, 35.987035721734486 ], [ -78.897727742356835, 35.987037972597932 ], [ -78.897726049474272, 35.987040196330049 ], [ -78.897723917175469, 35.987042419694198 ], [ -78.89772222404892, 35.987044835722884 ], [ -78.897720125551189, 35.987047059115234 ], [ -78.897718432668228, 35.987049282847252 ], [ -78.897716300368984, 35.987051506211259 ], [ -78.897714607450979, 35.987053757414138 ], [ -78.897712508743837, 35.987056145632081 ], [ -78.897710376444252, 35.98705836899596 ], [ -78.897708683525948, 35.987060620198761 ], [ -78.897706582914878, 35.987062843589115 ], [ -78.897704892108948, 35.987065094793657 ], [ -78.897702757731167, 35.987067290684635 ], [ -78.897701066925023, 35.987069541889085 ], [ -78.897698968217085, 35.987071930106787 ], [ -78.897697241531745, 35.987074153810141 ], [ -78.897695142997691, 35.987076404673026 ], [ -78.897693450113394, 35.987078628404632 ], [ -78.897691385415243, 35.987080851824793 ], [ -78.897689219313193, 35.987083075159987 ], [ -78.897687526393781, 35.987085326362447 ], [ -78.897685461486248, 35.987087714608229 ], [ -78.897683732687668, 35.987089938309623 ], [ -78.897681602464118, 35.987092189145685 ], [ -78.897679909579139, 35.987094412877063 ], [ -78.897677808931562, 35.987096663737901 ], [ -78.897676118193786, 35.987098860000067 ], [ -78.897673985857224, 35.987101110834189 ], [ -78.897671887356694, 35.987103334225708 ], [ -78.897670194471218, 35.98710555795698 ], [ -78.897447551051883, 35.987074438908266 ], [ -78.897320456103458, 35.987021313140851 ], [ -78.897149858763129, 35.986945267289201 ], [ -78.897378204642948, 35.986452355154782 ], [ -78.89737949212055, 35.986449966260459 ], [ -78.897381627487889, 35.986445325457431 ], [ -78.897383729054042, 35.986440684625968 ], [ -78.89738583058498, 35.986436071265395 ], [ -78.897387965951623, 35.986431430462225 ], [ -78.897390067519211, 35.986426787913686 ], [ -78.897392202883182, 35.986422148827344 ], [ -78.89739430441314, 35.986417535466629 ], [ -78.897396439778831, 35.986412894663275 ], [ -78.897398539232853, 35.986408252112781 ], [ -78.897400676673499, 35.986403640498992 ], [ -78.897401524806881, 35.986401196293386 ], [ -78.897403626335759, 35.986396582932457 ], [ -78.897405761700355, 35.98639194212889 ], [ -78.897407861116179, 35.986387328766092 ], [ -78.897408709214247, 35.986384912031397 ], [ -78.897410846690775, 35.98638027122955 ], [ -78.897412946106044, 35.986375657866589 ], [ -78.897413794203828, 35.986373241131851 ] ] ], [ [ [ -78.894781451588244, 35.989372727794986 ], [ -78.894906978655669, 35.989331959071819 ], [ -78.895033790722437, 35.989290696846091 ], [ -78.89514961227961, 35.989253023750329 ], [ -78.895231211468342, 35.989226476122916 ], [ -78.895248077984789, 35.989253108230443 ], [ -78.895296553439152, 35.989328859752774 ], [ -78.895362791737767, 35.989443964881147 ], [ -78.895521270277882, 35.989720705581838 ], [ -78.895202984034498, 35.989800977765768 ], [ -78.895030237182311, 35.98984445331272 ], [ -78.894878813817243, 35.989882562660561 ], [ -78.894876556927201, 35.989876518825774 ], [ -78.894492535283192, 35.989973680425436 ], [ -78.894355285460179, 35.990008394966274 ], [ -78.89364204896917, 35.990188809594152 ], [ -78.893566083218005, 35.989942768536075 ], [ -78.893564747384389, 35.98993844584799 ], [ -78.893513508411957, 35.989772540162512 ], [ -78.89372995246886, 35.989715781369704 ], [ -78.893747738659528, 35.989711126779902 ], [ -78.893883704977867, 35.989675477790392 ], [ -78.893885564756999, 35.98967498492889 ], [ -78.893986598981499, 35.989648480772424 ], [ -78.894024337520818, 35.98963859650457 ], [ -78.894162231011094, 35.989602426928059 ], [ -78.894332597151035, 35.98954744021465 ], [ -78.894600933895788, 35.989460808881752 ], [ -78.894603334860477, 35.989460041766634 ], [ -78.894588187230653, 35.989435771840832 ], [ -78.894587750811525, 35.989435084690278 ], [ -78.894781451588244, 35.989372727794986 ] ] ], [ [ [ -78.896439284140172, 35.988502877260991 ], [ -78.896466245897955, 35.988486003755277 ], [ -78.896471826938793, 35.988483096563129 ], [ -78.896477914019826, 35.988480958986713 ], [ -78.896484371792937, 35.988479700795054 ], [ -78.896490997411917, 35.988479349287182 ], [ -78.896497588101269, 35.988479876820264 ], [ -78.89650400861855, 35.988481310750736 ], [ -78.896509988619783, 35.988483595907603 ], [ -78.896515460571777, 35.988486677291839 ], [ -78.896520188002768, 35.988490444819234 ], [ -78.896524103449963, 35.988494788548877 ], [ -78.896527069699005, 35.988499625951704 ], [ -78.897357407577772, 35.990205970763348 ], [ -78.897362831545365, 35.990220316872652 ], [ -78.897365381671179, 35.990235151610101 ], [ -78.897365058366489, 35.990250150475831 ], [ -78.897361794550989, 35.990264899632209 ], [ -78.897355759655426, 35.990279069570008 ], [ -78.897347021775161, 35.990292274035909 ], [ -78.897335851708178, 35.990304216227308 ], [ -78.897322486500343, 35.990314559823645 ], [ -78.897307332088999, 35.990323064794808 ], [ -78.897220402634588, 35.990372502913189 ], [ -78.897138663180897, 35.990427475583992 ], [ -78.897062644454721, 35.990487627859267 ], [ -78.896992843433537, 35.990552566990416 ], [ -78.896953511351157, 35.990594289651739 ], [ -78.89694494052732, 35.990603986532115 ], [ -78.896929475897565, 35.990622069968495 ], [ -78.896922504179912, 35.990628602170219 ], [ -78.896649106563061, 35.990945827081873 ], [ -78.896635148903471, 35.990955072978693 ], [ -78.896627020885731, 35.990957135005793 ], [ -78.896618517051991, 35.990957359595122 ], [ -78.896601072613493, 35.990952430965834 ], [ -78.896583030830982, 35.990940486436983 ], [ -78.896315049024693, 35.99067973343918 ], [ -78.8961941523593, 35.990562254285891 ], [ -78.896027649653973, 35.990285924938171 ], [ -78.895894926754792, 35.990046090095916 ], [ -78.895627394756261, 35.989575569388627 ], [ -78.89557747038252, 35.989487763884689 ], [ -78.895965700090883, 35.989327419240688 ], [ -78.896140977582547, 35.989255026180587 ], [ -78.896133888832964, 35.989242558639567 ], [ -78.895947057523841, 35.98931972179507 ], [ -78.895570381701873, 35.989475294595209 ], [ -78.895494856993196, 35.989346308802922 ], [ -78.895423493730675, 35.989230893739936 ], [ -78.89534924536224, 35.989116684880358 ], [ -78.89533395471409, 35.989054343603726 ], [ -78.895591026130106, 35.988940098979036 ], [ -78.895705985225533, 35.98889078894446 ], [ -78.8958256921659, 35.988835863321242 ], [ -78.895949174536582, 35.988775765952902 ], [ -78.896074068911034, 35.988711646880532 ], [ -78.896254956841332, 35.988612383225217 ], [ -78.896439284140172, 35.988502877260991 ] ] ], [ [ [ -78.892975102836061, 35.990359068892346 ], [ -78.89281235604507, 35.990400132613182 ], [ -78.892621514835042, 35.990291976707127 ], [ -78.892552237840832, 35.990252769687558 ], [ -78.892754534653463, 35.990032850213495 ], [ -78.892826756717952, 35.990068790662633 ], [ -78.893093263175402, 35.989806676605951 ], [ -78.893334641693059, 35.989735106018884 ], [ -78.893492455299054, 35.990229034075533 ], [ -78.892975102836061, 35.990359068892346 ] ] ], [ [ [ -78.895797033301378, 35.99021558307868 ], [ -78.895885186814539, 35.99037559410246 ], [ -78.895983121678668, 35.99055250801279 ], [ -78.895485299230089, 35.990664137068734 ], [ -78.894096203951307, 35.990975644107387 ], [ -78.893899548131429, 35.991019754892847 ], [ -78.893320733983813, 35.990692236679173 ], [ -78.892987524469007, 35.990499868377306 ], [ -78.893371792497135, 35.990398589381535 ], [ -78.89352987467278, 35.990357191198541 ], [ -78.893673584820704, 35.990320148182001 ], [ -78.895191008488283, 35.989938377193823 ], [ -78.89558868906785, 35.989838311435904 ], [ -78.895797033301378, 35.99021558307868 ] ] ], [ [ [ -78.888103361407545, 35.989968846349193 ], [ -78.888113672362607, 35.989966464104242 ], [ -78.888124289893128, 35.989965431649686 ], [ -78.888134971013486, 35.989965771083234 ], [ -78.88814547914275, 35.98996745643413 ], [ -78.888155516397177, 35.989970487429673 ], [ -78.888818002949364, 35.990220583400827 ], [ -78.888823174167044, 35.990222538545005 ], [ -78.889178185822857, 35.990356534782769 ], [ -78.889194210458584, 35.990331880407815 ], [ -78.889197733400749, 35.990326444355553 ], [ -78.889326830933456, 35.990125528976613 ], [ -78.889330455531464, 35.9901198989986 ], [ -78.889748061895318, 35.989469876030881 ], [ -78.889754224716626, 35.989461969957254 ], [ -78.889761974891073, 35.989455054270337 ], [ -78.889771041775248, 35.989449293551367 ], [ -78.889776859251754, 35.989446744001789 ], [ -78.889781188526143, 35.989444854129076 ], [ -78.889792110703411, 35.989441897120322 ], [ -78.889803504012335, 35.98944047719236 ], [ -78.889815030351414, 35.989440652415844 ], [ -78.889826317901381, 35.989442419021543 ], [ -78.889837094200246, 35.989445726972612 ], [ -78.890971818909378, 35.989885815062848 ], [ -78.891070031270743, 35.989923895012083 ], [ -78.891075234104861, 35.989925930785219 ], [ -78.891223171074401, 35.989737611870623 ], [ -78.891229803817978, 35.989730502799638 ], [ -78.891237791583904, 35.989724356418186 ], [ -78.891246857356151, 35.989719364776121 ], [ -78.891253788244668, 35.989716761205841 ], [ -78.891256834124661, 35.98971561013731 ], [ -78.891267383718059, 35.989713202084424 ], [ -78.891278301062059, 35.989712250318576 ], [ -78.891289254508564, 35.989712727073453 ], [ -78.891299967301435, 35.989714632102924 ], [ -78.891310169059324, 35.989717937695382 ], [ -78.891319562047428, 35.98972253370232 ], [ -78.891882979725722, 35.990050981922323 ], [ -78.891776653054563, 35.990138190447617 ], [ -78.891675057832998, 35.990229056709843 ], [ -78.891578356959798, 35.99032341603921 ], [ -78.891492646303462, 35.990414378654314 ], [ -78.891411528884916, 35.990508119855065 ], [ -78.891384645279715, 35.990540978676421 ], [ -78.891380085169573, 35.990538557178347 ], [ -78.891314045960797, 35.990503472981004 ], [ -78.891310120040984, 35.990508606554855 ], [ -78.891240836120275, 35.990598677061051 ], [ -78.8911721548629, 35.990696055333103 ], [ -78.891098071650234, 35.990811971633867 ], [ -78.891030441083885, 35.990930475909565 ], [ -78.890969364965898, 35.991051293551976 ], [ -78.890914978829414, 35.991174204924143 ], [ -78.890494139607995, 35.992189181577416 ], [ -78.890488259383773, 35.992188022526939 ], [ -78.890471835261351, 35.992184821174 ], [ -78.890373496510151, 35.99216330563646 ], [ -78.89027736287666, 35.992136023105189 ], [ -78.890183941205294, 35.992103138866291 ], [ -78.890093668618334, 35.992064818144662 ], [ -78.890007089945982, 35.992021253734173 ], [ -78.888652106247307, 35.991270536622672 ], [ -78.888245026686022, 35.991116492437619 ], [ -78.888252919666286, 35.991104302560686 ], [ -78.888248291061188, 35.991102567657038 ], [ -78.887653536364766, 35.990877831739695 ], [ -78.887643435895342, 35.990873097447384 ], [ -78.887634452795524, 35.990867018105838 ], [ -78.887626891023302, 35.990859786291573 ], [ -78.887620986930457, 35.990851594518752 ], [ -78.887616909148264, 35.990842717652313 ], [ -78.887614756665769, 35.990833375551027 ], [ -78.887614636769655, 35.990823897964951 ], [ -78.887616508971576, 35.990814533812411 ], [ -78.887620341205249, 35.990805552622362 ], [ -78.887686591059349, 35.990685318285365 ], [ -78.887689948097005, 35.99067925029297 ], [ -78.887797814763061, 35.990483426628082 ], [ -78.887801135830429, 35.99047738607004 ], [ -78.887879993674616, 35.990334252421498 ], [ -78.887883348570512, 35.99032818442101 ], [ -78.88797393144516, 35.990163716535918 ], [ -78.887977284214216, 35.990157648530499 ], [ -78.888065325002913, 35.989997875768609 ], [ -78.888070441884452, 35.989990243532503 ], [ -78.888077009129461, 35.989983354340751 ], [ -78.8880848257689, 35.989977400305762 ], [ -78.888091083988158, 35.989973972170198 ], [ -78.888091320795951, 35.989973835032373 ], [ -78.888093688759355, 35.989972546066973 ], [ -78.888103361407545, 35.989968846349193 ] ] ], [ [ [ -78.893073989455118, 35.991623862660866 ], [ -78.89306763537185, 35.99162317032544 ], [ -78.893064255529552, 35.991622810244586 ], [ -78.893057935249672, 35.991622117938199 ], [ -78.89305157927248, 35.991621260774643 ], [ -78.893048199648831, 35.991620735867961 ], [ -78.893041881736892, 35.99161985126625 ], [ -78.893035528054867, 35.991618856749177 ], [ -78.893032146318731, 35.991618331840201 ], [ -78.89302582862571, 35.9916172824123 ], [ -78.893019473088657, 35.991616093879301 ], [ -78.89301315561228, 35.991614881342279 ], [ -78.893006802222459, 35.991613667056505 ], [ -78.893003862259036, 35.991612977708058 ], [ -78.89300048285466, 35.991612287974604 ], [ -78.892997506975419, 35.991611598594552 ], [ -78.892994569124852, 35.991610909247726 ], [ -78.892991189684196, 35.991610246984926 ], [ -78.892988215954247, 35.99160953013557 ], [ -78.892984836550156, 35.991608840401689 ], [ -78.89298189680575, 35.991607986227308 ], [ -78.892978923039522, 35.991607296848635 ], [ -78.892975541741549, 35.991606442287207 ], [ -78.892972603891351, 35.991605752939861 ], [ -78.892969628267707, 35.991604871262808 ], [ -78.892966249082647, 35.991604016703008 ], [ -78.892963311451297, 35.991603162530026 ], [ -78.8929603379041, 35.991602308325461 ], [ -78.89295695875569, 35.991601426294508 ], [ -78.892954019011839, 35.991600572119467 ], [ -78.892951045464841, 35.991599717914653 ], [ -78.892948105976274, 35.991598671443171 ], [ -78.892944760594801, 35.991597816912368 ], [ -78.892941753463617, 35.991596797852345 ], [ -78.892938847559677, 35.991595916235624 ], [ -78.892935840428635, 35.991594897175453 ], [ -78.892932900940465, 35.991593850703566 ], [ -78.892929927612684, 35.991592831672861 ], [ -78.892926988161108, 35.991591757729921 ], [ -78.89292360704664, 35.991590765812575 ], [ -78.892920602065146, 35.991589719282977 ], [ -78.892917694231315, 35.991588700309393 ], [ -78.892914689249963, 35.991587653779632 ], [ -78.892911749725798, 35.991586634778102 ], [ -78.892908844260134, 35.991585423509889 ], [ -78.892905837129845, 35.991584404448936 ], [ -78.892902897861205, 35.991583193150916 ], [ -78.892899992395812, 35.991581981882433 ], [ -78.892896983153079, 35.991580962819434 ], [ -78.892891510217623, 35.991578568049476 ], [ -78.892888537146234, 35.991577356721436 ], [ -78.891724655591361, 35.991103638205018 ], [ -78.891720432509985, 35.991101931263394 ], [ -78.891717491643391, 35.991100362812936 ], [ -78.891714521383662, 35.991098656981677 ], [ -78.891711582851229, 35.991096923707474 ], [ -78.891708205986973, 35.991094365916403 ], [ -78.891704829159806, 35.991091780654394 ], [ -78.891701858410528, 35.991088866100988 ], [ -78.891698921722593, 35.991085759281148 ], [ -78.891696390891312, 35.991082487995442 ], [ -78.891694232113679, 35.99107905221387 ], [ -78.891692174745046, 35.991075616522231 ], [ -78.891690489427731, 35.991072018051682 ], [ -78.891689209747923, 35.991068418223833 ], [ -78.891688335963835, 35.991064624742329 ], [ -78.89168752974642, 35.991060860508661 ], [ -78.891687127051497, 35.991057096632723 ], [ -78.891687134253829, 35.991053305649359 ], [ -78.891687544978453, 35.991049515023789 ], [ -78.891687989469119, 35.991045751899037 ], [ -78.891688839631556, 35.991041961663065 ], [ -78.891690095391908, 35.991038199257659 ], [ -78.891691790368753, 35.991034602067288 ], [ -78.891693485124165, 35.991031169702374 ], [ -78.891695617204533, 35.99102773772519 ], [ -78.891697312449665, 35.991025514081976 ], [ -78.891699005877072, 35.991023070669669 ], [ -78.891700697081063, 35.991020709668163 ], [ -78.891703646278359, 35.991016069693828 ], [ -78.891705339447228, 35.991013818577763 ], [ -78.891707032800383, 35.99101143010715 ], [ -78.891708320555551, 35.991009013805993 ], [ -78.891710013687273, 35.991006790160732 ], [ -78.891711707040145, 35.991004401690027 ], [ -78.891713398095845, 35.991002150571987 ], [ -78.891715093561203, 35.990999762103066 ], [ -78.891718040681099, 35.990995094655595 ], [ -78.891719733775389, 35.990992898481124 ], [ -78.89172146096746, 35.990990482569352 ], [ -78.891723120295509, 35.990988258893942 ], [ -78.891724813645283, 35.990985872139952 ], [ -78.891727794532528, 35.99098123047613 ], [ -78.891729487663127, 35.990979006830635 ], [ -78.891731181051696, 35.990976590888714 ], [ -78.891732872069426, 35.990974367241257 ], [ -78.891734567570481, 35.990971951301177 ], [ -78.891736260700696, 35.990969727655539 ], [ -78.891739173978578, 35.990965087648426 ], [ -78.891740900911344, 35.990962864032674 ], [ -78.891742594262396, 35.990960475561479 ], [ -78.891744287429006, 35.990958224444867 ], [ -78.891745980558667, 35.990956000799081 ], [ -78.891747673909407, 35.990953612327807 ], [ -78.891749367075732, 35.99095136121111 ], [ -78.891751060426259, 35.990948972739794 ], [ -78.891752753592399, 35.990946721623011 ], [ -78.891754446721592, 35.990944497977111 ], [ -78.891756140071834, 35.990942109505703 ], [ -78.891757831088157, 35.990939885857884 ], [ -78.891759526366599, 35.99093763474287 ], [ -78.891761217603857, 35.990935246269544 ], [ -78.891762912845252, 35.990933022625406 ], [ -78.891764603898039, 35.990930771506548 ], [ -78.891766333163261, 35.990928383066851 ], [ -78.891767992488795, 35.990926159390774 ], [ -78.891769685653998, 35.99092390827375 ], [ -78.891771378782224, 35.990921684627601 ], [ -78.8917730700188, 35.990919296154061 ], [ -78.891774765296404, 35.990917045038856 ], [ -78.89177645842436, 35.990914821392607 ], [ -78.891778117749382, 35.990912597716402 ], [ -78.891779842825258, 35.990910181801837 ], [ -78.891781538028752, 35.990907985628311 ], [ -78.891783231190885, 35.990905736227973 ], [ -78.891784924320675, 35.990903510864698 ], [ -78.891786617706003, 35.990901094921924 ], [ -78.891788310833292, 35.990898871275505 ], [ -78.891790003960494, 35.990896647629086 ], [ -78.891791695011776, 35.990894396509859 ], [ -78.891793388138794, 35.99089217286334 ], [ -78.891795522815457, 35.990889949607961 ], [ -78.891797214087504, 35.990887533663226 ], [ -78.891798909326909, 35.990885310018498 ], [ -78.891800600340872, 35.990883086370019 ], [ -78.89180232938287, 35.990880862755212 ], [ -78.891803986630663, 35.990878611605872 ], [ -78.891805681832849, 35.990876415431956 ], [ -78.891807372883264, 35.990874164312501 ], [ -78.891809471901354, 35.990871748728665 ], [ -78.89181116502742, 35.990869525081905 ], [ -78.891812858153358, 35.990867301435166 ], [ -78.89181455339191, 35.990865077790176 ], [ -78.891816246554527, 35.990862826672455 ], [ -78.891818379117112, 35.990860603414767 ], [ -78.891820038439818, 35.990858379737958 ], [ -78.891821765368164, 35.990856156120991 ], [ -78.891823458530368, 35.990853905003135 ], [ -78.891825151655652, 35.990851681356169 ], [ -78.891827250414792, 35.990849458068404 ], [ -78.891828909734798, 35.990847236108394 ], [ -78.891830636701741, 35.990844983303454 ], [ -78.891832329828929, 35.990842757939447 ], [ -78.891834462388246, 35.990840536398373 ], [ -78.891836155512962, 35.990838312751244 ], [ -78.891837848674399, 35.990836061633189 ], [ -78.891839541798916, 35.990833837985996 ], [ -78.891841640520369, 35.990831642168885 ], [ -78.891843333681521, 35.990829391050717 ], [ -78.891845026842574, 35.99082713993257 ], [ -78.891846719966722, 35.990824916285284 ], [ -78.891848852527474, 35.990822693027027 ], [ -78.891850545651394, 35.990820469379685 ], [ -78.891852238812064, 35.990818218261431 ], [ -78.891854335235962, 35.990816159796758 ], [ -78.891856030472297, 35.990813936151191 ], [ -78.891857723595848, 35.990811712503735 ], [ -78.891859856155932, 35.990809489245272 ], [ -78.891861549352939, 35.990807210655952 ], [ -78.891863242439371, 35.990805014479363 ], [ -78.891865341196265, 35.990802791190845 ], [ -78.891867032206648, 35.990800567541406 ], [ -78.891868727221379, 35.990798508721106 ], [ -78.891870859817629, 35.990796257991562 ], [ -78.891872552903592, 35.990794061814803 ], [ -78.891874651696753, 35.990791811055239 ], [ -78.891876344819323, 35.990789587407512 ], [ -78.891878037723217, 35.990787526868289 ], [ -78.891880170316625, 35.990785277855522 ], [ -78.891881863438911, 35.990783054207689 ], [ -78.891883960082041, 35.990780830917025 ], [ -78.891885655095905, 35.990778772096462 ], [ -78.89188734610525, 35.990776548446732 ], [ -78.891889480813077, 35.990774297718701 ], [ -78.891891173971672, 35.990772046599822 ], [ -78.89189327035659, 35.990770015605335 ], [ -78.891894965590865, 35.990767791959186 ], [ -78.891897098148775, 35.990765568700056 ], [ -78.891898791307, 35.990763317581134 ], [ -78.891900887691477, 35.990761286586491 ], [ -78.89190258296216, 35.99075903546936 ], [ -78.891904715519615, 35.990756812210051 ], [ -78.8919064084198, 35.990754753387336 ], [ -78.891908505061522, 35.990752530096216 ], [ -78.891910200331807, 35.990750278978986 ], [ -78.891912332668014, 35.990748220545008 ], [ -78.891914025788637, 35.99074599689672 ], [ -78.891916122209096, 35.990743938430924 ], [ -78.891917815329521, 35.990741714782558 ], [ -78.89191994999878, 35.990739491524877 ], [ -78.891921642900513, 35.990737430985021 ], [ -78.891923741688515, 35.990735181941524 ], [ -78.891925434587748, 35.990733123118503 ], [ -78.891927567180701, 35.990730872387886 ], [ -78.891929260263737, 35.990728676210324 ], [ -78.891931358796029, 35.990726617746077 ], [ -78.89193349135185, 35.990724394486257 ], [ -78.891935184250599, 35.990722335663136 ], [ -78.891937280927465, 35.990720084900609 ], [ -78.891938975938714, 35.990718026079286 ], [ -78.891941108494095, 35.990715802819309 ], [ -78.891942833082553, 35.99071374402412 ], [ -78.891944898032122, 35.990711520704295 ], [ -78.891947032479081, 35.990709462271575 ], [ -78.891948691795136, 35.990707238592861 ], [ -78.891950824129168, 35.990705180158201 ], [ -78.891952956463129, 35.990703121723513 ], [ -78.891954615815663, 35.990700870573839 ], [ -78.891956748149397, 35.99069881213903 ], [ -78.891958880703783, 35.990696588878777 ], [ -78.891960573638087, 35.990694502584326 ], [ -78.891962672352648, 35.990692306765034 ], [ -78.891964804685969, 35.990690248330104 ], [ -78.891966497583184, 35.990688189506528 ], [ -78.891968596334209, 35.990685966216191 ], [ -78.891970728667204, 35.990683907781126 ], [ -78.891972421821649, 35.990681656661081 ], [ -78.89197452035161, 35.99067959819611 ], [ -78.891976652684306, 35.990677539760966 ], [ -78.891978343689004, 35.990675316109837 ], [ -78.891980444331324, 35.99067325764662 ], [ -78.891982576663693, 35.990671199211384 ], [ -78.891984675193115, 35.990669140746228 ], [ -78.8919863683101, 35.990666917096839 ], [ -78.891988500642142, 35.990664858661511 ], [ -78.891990599171251, 35.990662800196233 ], [ -78.891992731723747, 35.990660576935333 ], [ -78.891994424619654, 35.990658518111324 ], [ -78.891996556951227, 35.990656459675812 ], [ -78.891998655479952, 35.990654401210385 ], [ -78.892000754229215, 35.990652177919472 ], [ -78.892002478851609, 35.990650091652483 ], [ -78.892004579492706, 35.990648033188798 ], [ -78.892006678020962, 35.990645974723236 ], [ -78.892008810351939, 35.990643916287539 ], [ -78.892010909100634, 35.990641692996405 ], [ -78.89201260199566, 35.990639634172126 ], [ -78.892014734326324, 35.990637575736315 ], [ -78.892016832854083, 35.990635517270555 ], [ -78.892018965184505, 35.990633458834644 ], [ -78.892021063712036, 35.990631400368827 ], [ -78.892023196262869, 35.990629177107394 ], [ -78.892024889157327, 35.990627118282902 ], [ -78.892026987684531, 35.990625059816978 ], [ -78.892029120014456, 35.990623001380889 ], [ -78.892031218541433, 35.99062094291488 ], [ -78.892033350871131, 35.990618884478707 ], [ -78.892035449397909, 35.990616826012626 ], [ -78.892037581727379, 35.990614767576389 ], [ -78.892039274621183, 35.990612708751726 ], [ -78.892041406950398, 35.990610650315404 ], [ -78.892043505440043, 35.990608619320099 ], [ -78.892045604003059, 35.990606533382902 ], [ -78.892047736332003, 35.990604474946487 ], [ -78.892049834858028, 35.990602416480151 ], [ -78.892051967186759, 35.990600358043643 ], [ -78.892054065712585, 35.990598299577194 ], [ -78.892056198041089, 35.990596241140629 ], [ -78.892058296566702, 35.990594182674137 ], [ -78.892060428894979, 35.990592124237466 ], [ -78.892062527420364, 35.99059006577091 ], [ -78.892064659748456, 35.990588007334168 ], [ -78.892066758273614, 35.990585948867519 ], [ -78.892068451166082, 35.99058389004243 ], [ -78.892070583530582, 35.990581804134635 ], [ -78.892072682018693, 35.990579773138826 ], [ -78.892074814346245, 35.990577714701914 ], [ -78.892076912870905, 35.99057565623508 ], [ -78.89207904519823, 35.990573597798075 ], [ -78.892081143502168, 35.990571704156629 ], [ -78.892083309631971, 35.990569645749446 ], [ -78.892085374353499, 35.990567587252585 ], [ -78.892087506680397, 35.990565528815431 ], [ -78.892089605202116, 35.990563472065297 ], [ -78.892092176966344, 35.990561412299343 ], [ -78.892094275269699, 35.990559518657676 ], [ -78.892096373791091, 35.990557461907429 ], [ -78.892098506119723, 35.990555401753127 ], [ -78.892100604640888, 35.99055334500283 ], [ -78.892102736712147, 35.990551477144827 ], [ -78.892104835235401, 35.990549418677503 ], [ -78.892106967561332, 35.990547360239979 ], [ -78.892109066084359, 35.990545301772599 ], [ -78.892111198189639, 35.990543408160491 ], [ -78.892113296712466, 35.990541349692997 ], [ -78.892115429037972, 35.990539291255324 ], [ -78.892117527560572, 35.990537232787766 ], [ -78.892119659665454, 35.990535339175516 ], [ -78.892122231425645, 35.990533281125835 ], [ -78.892124296145255, 35.990531222628277 ], [ -78.89212642824981, 35.990529329015921 ], [ -78.892128526771899, 35.990527270548149 ], [ -78.892130659096622, 35.9905252121102 ], [ -78.892132757361381, 35.990523345938747 ], [ -78.892134889685892, 35.990521287500734 ], [ -78.892137021789893, 35.990519393888164 ], [ -78.892139525943747, 35.990517335778399 ], [ -78.892141658267946, 35.990515277340258 ], [ -78.892143756568913, 35.990513383697703 ], [ -78.892145888892884, 35.990511325259476 ], [ -78.892147987193653, 35.990509431616886 ], [ -78.892150525151948, 35.990507371819781 ], [ -78.89215265725295, 35.990505479923875 ], [ -78.89215475573701, 35.990503448926503 ], [ -78.89215688784013, 35.990501555313607 ], [ -78.892158986323977, 35.990499524316228 ], [ -78.892161524095783, 35.990497603590391 ], [ -78.892163656418873, 35.990495545151838 ], [ -78.892165754718803, 35.990493651508906 ], [ -78.892167884929052, 35.990491593068462 ], [ -78.892169985304719, 35.990489726898176 ], [ -78.892172523259532, 35.990487668817529 ], [ -78.892174655359511, 35.990485776921254 ], [ -78.892176753881515, 35.990483716735682 ], [ -78.892178852180876, 35.99048182309253 ], [ -78.892181423937899, 35.990479765041535 ], [ -78.892183522237019, 35.990477871398276 ], [ -78.89218565430204, 35.990476005255701 ], [ -78.892187716905923, 35.990473946755181 ], [ -78.892190290552549, 35.990472055248304 ], [ -78.892192422656279, 35.99047015991782 ], [ -78.892194521175128, 35.990468101448862 ], [ -78.892197058908394, 35.990466208193183 ], [ -78.892199191009524, 35.990464314579462 ], [ -78.892201289491339, 35.990462283581351 ], [ -78.892203827224265, 35.990460390325531 ], [ -78.892205959325068, 35.990458496711696 ], [ -78.89220805573062, 35.990456438240635 ], [ -78.892210595575861, 35.990454544986605 ], [ -78.892212727639674, 35.990452678843496 ], [ -78.892214825935028, 35.990450786916639 ], [ -78.892217363889785, 35.990448727118114 ], [ -78.892219495989963, 35.990446833504038 ], [ -78.892221594287307, 35.990444939860126 ], [ -78.892224131982488, 35.990443074074761 ], [ -78.892226264302593, 35.990441015635064 ], [ -78.89222836259961, 35.990439121991031 ], [ -78.892230900331171, 35.990437228734606 ], [ -78.892296045632392, 35.99038097074984 ], [ -78.892299429343225, 35.990378391464226 ], [ -78.892302810906813, 35.990375837930578 ], [ -78.892306635721795, 35.990373590401973 ], [ -78.892310424366826, 35.990371533421012 ], [ -78.892313806463434, 35.990370162855221 ], [ -78.892318031953025, 35.990368463381479 ], [ -78.892322295030439, 35.990367093592084 ], [ -78.89232648605936, 35.990365886847762 ], [ -78.892331154069197, 35.990365041079926 ], [ -78.892335783833218, 35.990364358386948 ], [ -78.89233916668536, 35.990364004246217 ], [ -78.892342545055556, 35.990363842398061 ], [ -78.892347209818368, 35.990363846509226 ], [ -78.892351842671204, 35.990364015417725 ], [ -78.892356506737613, 35.990364541475891 ], [ -78.892361170584124, 35.990365232359395 ], [ -78.892365798039023, 35.990366280332928 ], [ -78.892370023650287, 35.990367655886686 ], [ -78.892374247144431, 35.990369034872288 ], [ -78.892377625575222, 35.990370411396285 ], [ -78.892381408978082, 35.990372282754038 ], [ -78.892384381521069, 35.990373851216873 ], [ -78.892401675426058, 35.990383646108761 ], [ -78.892956468007469, 35.990697467144372 ], [ -78.893762065141232, 35.991152979340455 ], [ -78.89376588169246, 35.991155400102272 ], [ -78.893769292644478, 35.99115779304033 ], [ -78.893772635520605, 35.991160543041282 ], [ -78.893775572508133, 35.991163484985719 ], [ -78.893778137482457, 35.991166563961308 ], [ -78.893780634597832, 35.991169835174418 ], [ -78.893782757768108, 35.991173106062298 ], [ -78.893784850929151, 35.991176704858361 ], [ -78.893786536554543, 35.991180141908295 ], [ -78.893788219469883, 35.991185637559283 ], [ -78.893789059589508, 35.99118940180832 ], [ -78.893789491924679, 35.991193193173686 ], [ -78.893789858802734, 35.991196957011269 ], [ -78.893789481979098, 35.991200747673069 ], [ -78.893789039698277, 35.99120451080708 ], [ -78.893788189632801, 35.991208301057412 ], [ -78.893787339603421, 35.991212063836855 ], [ -78.893785644682396, 35.99121568680998 ], [ -78.893783916206914, 35.991219120891238 ], [ -78.89378225533946, 35.991222553314316 ], [ -78.89377971584733, 35.991225792676794 ], [ -78.893777176318807, 35.991229059510111 ], [ -78.89359182336041, 35.99144078152591 ], [ -78.893590130271463, 35.991443005196842 ], [ -78.893588033875545, 35.991445063690819 ], [ -78.893585899233585, 35.991447286977014 ], [ -78.893584206361737, 35.991449345822467 ], [ -78.893582109963262, 35.991451406033256 ], [ -78.893579977653346, 35.991453462778857 ], [ -78.893578284563773, 35.991455686449612 ], [ -78.89357618605456, 35.991457744941513 ], [ -78.893574053742057, 35.991459803403934 ], [ -78.893571955232616, 35.991461861895786 ], [ -78.893569820804956, 35.991463922073223 ], [ -78.893567724627687, 35.991465814024487 ], [ -78.893565592314758, 35.991467872486758 ], [ -78.893563493768653, 35.991469958449343 ], [ -78.893561359379063, 35.991471989438779 ], [ -78.893559263199137, 35.991473883106799 ], [ -78.893557128773097, 35.99147594156706 ], [ -78.893555032592957, 35.991477835234996 ], [ -78.893552900279388, 35.991479893697047 ], [ -78.893550768219498, 35.991481759862751 ], [ -78.893548667813619, 35.991483653526878 ], [ -78.893546131975285, 35.991485711637139 ], [ -78.893544033681948, 35.991487605303043 ], [ -78.89354193538847, 35.991489498968917 ], [ -78.893539361774998, 35.991491364749606 ], [ -78.893537265594063, 35.991493258417201 ], [ -78.893534727859929, 35.991495151699965 ], [ -78.89353259576292, 35.991497045336217 ], [ -78.893530497505211, 35.991498911530989 ], [ -78.893527959988305, 35.991500639988203 ], [ -78.893525422253731, 35.991502533270733 ], [ -78.893523288079862, 35.991504399434085 ], [ -78.8935207526753, 35.991506127892961 ], [ -78.893518654380841, 35.991508021558403 ], [ -78.893516116899633, 35.991509722544443 ], [ -78.893513579382059, 35.991511451001323 ], [ -78.89351104168307, 35.991513316812693 ], [ -78.893506370208257, 35.991516746607068 ], [ -78.893503834802942, 35.99151847506559 ], [ -78.893501295208409, 35.991520176049441 ], [ -78.893498759802895, 35.991521904507856 ], [ -78.89349622232082, 35.99152360549347 ], [ -78.893491586760675, 35.99152703531859 ], [ -78.893489049459617, 35.991528598949536 ], [ -78.893486511977159, 35.991530299934936 ], [ -78.893483533158914, 35.99153183570985 ], [ -78.893480995639933, 35.991533564166069 ], [ -78.893478460487458, 35.991535100327688 ], [ -78.893475921109484, 35.991536636485613 ], [ -78.893473385702919, 35.991538364943494 ], [ -78.893470848437445, 35.991539901103152 ], [ -78.893468309022907, 35.991541464731803 ], [ -78.893465368232484, 35.991543000539437 ], [ -78.893462830966712, 35.991544536698918 ], [ -78.893460293700855, 35.991546072858334 ], [ -78.893457314881545, 35.991547608632636 ], [ -78.893454777833156, 35.991548979966517 ], [ -78.893452276446553, 35.991550543628009 ], [ -78.893449333542762, 35.991552079433404 ], [ -78.893446762691013, 35.991553450737655 ], [ -78.893443786201559, 35.991554821687984 ], [ -78.893441248934991, 35.991556357847031 ], [ -78.893438304135856, 35.99155772882488 ], [ -78.893435767086828, 35.991559100158369 ], [ -78.893432792709675, 35.991560471110311 ], [ -78.893430255660462, 35.991561842443694 ], [ -78.893427310860929, 35.991563213421266 ], [ -78.893424773811546, 35.991564584754563 ], [ -78.893421799433995, 35.991565955706214 ], [ -78.893418856746862, 35.991567326685434 ], [ -78.893413377227589, 35.991569904172181 ], [ -78.893410367151631, 35.991571110266797 ], [ -78.89340745826722, 35.991572481275227 ], [ -78.893401944980425, 35.991575031261121 ], [ -78.893398968707217, 35.991576237384933 ], [ -78.89339602412214, 35.991577445253263 ], [ -78.893393049963706, 35.991578649661861 ], [ -78.893390107527466, 35.991579830061021 ], [ -78.893384594641191, 35.991582076149221 ], [ -78.893381652206941, 35.991583254831241 ], [ -78.893378675933135, 35.991584460954542 ], [ -78.893375733680273, 35.991585502281865 ], [ -78.893372757442592, 35.991586680934162 ], [ -78.893369815189573, 35.991587722261357 ], [ -78.893366839169573, 35.991588736088126 ], [ -78.893363896916398, 35.991589777415172 ], [ -78.893360920642081, 35.991590983538082 ], [ -78.893357978425058, 35.991591997394082 ], [ -78.893354596730759, 35.991593038337278 ], [ -78.893351620928243, 35.991593887338205 ], [ -78.893348676598308, 35.991594901192173 ], [ -78.893345702654173, 35.991595942491116 ], [ -78.893342760436781, 35.99159695634679 ], [ -78.8933397845977, 35.991597832818314 ], [ -78.893336400826541, 35.991598846288269 ], [ -78.893333460939559, 35.991599695320105 ], [ -78.893330485100279, 35.991600571791444 ], [ -78.893327540987755, 35.991601420819492 ], [ -78.893324161659621, 35.991602269467357 ], [ -78.893321185565867, 35.991603338234754 ], [ -78.893318241707448, 35.991603994966219 ], [ -78.893315268016877, 35.991604843968119 ], [ -78.893311886575759, 35.991605692613838 ], [ -78.893308978378698, 35.991606541672752 ], [ -78.893305966877392, 35.991607225815812 ], [ -78.893302587476114, 35.991608129404888 ], [ -78.893299645730067, 35.991608786137746 ], [ -78.893296264288622, 35.991609634783025 ], [ -78.893293288702921, 35.991610318957122 ], [ -78.893290344807696, 35.99161100315883 ], [ -78.893286965660451, 35.991611714451174 ], [ -78.89328399011093, 35.99161237115414 ], [ -78.89328060888721, 35.991613054973541 ], [ -78.893277667104456, 35.991613739176792 ], [ -78.893274283767937, 35.991614422994211 ], [ -78.893267929288697, 35.991615626163231 ], [ -78.893261606536143, 35.991616801888767 ], [ -78.8932552501619, 35.9916178402299 ], [ -78.893248927590719, 35.991618878600192 ], [ -78.893242571252514, 35.99161988946981 ], [ -78.893239190246234, 35.991620408462659 ], [ -78.893232867965509, 35.991621227064932 ], [ -78.893226511808692, 35.991622100579207 ], [ -78.893223131020406, 35.991622454746171 ], [ -78.893216808921139, 35.991623135993123 ], [ -78.89321045301854, 35.991623817210197 ], [ -78.893207072266463, 35.991624143905888 ], [ -78.89320075020332, 35.991624797681062 ], [ -78.893197369632986, 35.991624987021979 ], [ -78.893191013948282, 35.991625503412628 ], [ -78.893187633159698, 35.991625857578605 ], [ -78.893181311532715, 35.991626181702038 ], [ -78.893177928885976, 35.991626343569607 ], [ -78.893171575532008, 35.991626695135665 ], [ -78.893168194997912, 35.991626857004825 ], [ -78.893161873589051, 35.99162701630182 ], [ -78.893158493273233, 35.991627013345308 ], [ -78.893155112702701, 35.991627202684981 ], [ -78.893148757708886, 35.99162719712632 ], [ -78.893145377174704, 35.991627358994812 ], [ -78.893139055984093, 35.991627353465219 ], [ -78.893135639970708, 35.991627185651211 ], [ -78.893129320892754, 35.991627180122961 ], [ -78.893125940576894, 35.991627177165519 ], [ -78.893122560515792, 35.991626981911708 ], [ -78.893116239543588, 35.991626811555491 ], [ -78.893112859446148, 35.991626643772278 ], [ -78.893106504925527, 35.991626281089708 ], [ -78.89310312482813, 35.991626113306211 ], [ -78.893096804074418, 35.991625778123591 ], [ -78.893093424013458, 35.99162558286897 ], [ -78.893087069675062, 35.991625082830794 ], [ -78.893083689868988, 35.991624695279626 ], [ -78.893077369333923, 35.991624195270582 ], [ -78.893073989455118, 35.991623862660866 ] ] ], [ [ [ -78.896470537129375, 35.991095033649117 ], [ -78.896469887470474, 35.991100801995572 ], [ -78.89646957961294, 35.991103631241323 ], [ -78.896466830892791, 35.991111952606033 ], [ -78.896462325088706, 35.991119750533471 ], [ -78.896459411127694, 35.991123484111164 ], [ -78.896215086859002, 35.991411282073081 ], [ -78.896161156750992, 35.991474803984467 ], [ -78.895922310649155, 35.991756095368821 ], [ -78.895887747106343, 35.991796805306585 ], [ -78.895698871063374, 35.992019268599222 ], [ -78.895697381692656, 35.9920208331705 ], [ -78.89569406333797, 35.992023549958994 ], [ -78.89569020903005, 35.992025744342115 ], [ -78.895685913911862, 35.992027361459179 ], [ -78.895681382989508, 35.99202834482643 ], [ -78.895676683898486, 35.992028672181476 ], [ -78.895671985662247, 35.992028338517841 ], [ -78.895667423491972, 35.992027345667964 ], [ -78.895663166366717, 35.992025722964009 ], [ -78.895661036067793, 35.992024620590392 ], [ -78.895637630101902, 35.992010975015148 ], [ -78.895568959729772, 35.991970916937987 ], [ -78.895294312717553, 35.991810691133729 ], [ -78.895225676449442, 35.991770663794192 ], [ -78.89508833658715, 35.991690550563746 ], [ -78.895019700525751, 35.991650521389644 ], [ -78.894882327305169, 35.99157038042388 ], [ -78.894813691448164, 35.991530351132127 ], [ -78.894152365544585, 35.991144609875995 ], [ -78.894150507895773, 35.991143454486881 ], [ -78.894147198738352, 35.991140759467349 ], [ -78.894144496534437, 35.991137597967764 ], [ -78.894142508814554, 35.991134134906943 ], [ -78.894141296774478, 35.991130425279856 ], [ -78.894140862346546, 35.991126606442862 ], [ -78.89414130679522, 35.991122788367527 ], [ -78.894142528531447, 35.991119108320461 ], [ -78.894144527482965, 35.991115621243438 ], [ -78.894147235827504, 35.991112491903351 ], [ -78.894150549971485, 35.991109775152196 ], [ -78.894154408502885, 35.99110758082054 ], [ -78.894158703566717, 35.991105991227634 ], [ -78.894160428129368, 35.991105525715923 ], [ -78.89453930560029, 35.991017479392575 ], [ -78.894614235657272, 35.991000072542164 ], [ -78.895041938262807, 35.990900693800683 ], [ -78.895086402484807, 35.99089037545285 ], [ -78.895425241183716, 35.990811632101597 ], [ -78.895947282029283, 35.99069032668524 ], [ -78.896014905774592, 35.990674615948514 ], [ -78.89602065570196, 35.990673576947309 ], [ -78.896031203154322, 35.990672816738638 ], [ -78.89604178242692, 35.990673594928992 ], [ -78.896052021796208, 35.990675828789179 ], [ -78.896061617108614, 35.99067946311856 ], [ -78.896070295935871, 35.990684415272689 ], [ -78.896077794406494, 35.990690520201618 ], [ -78.896078064474764, 35.990690795140864 ], [ -78.89611891407344, 35.990731019876229 ], [ -78.896286127794752, 35.99089565796185 ], [ -78.896456481886176, 35.991063402685477 ], [ -78.896462388548656, 35.991070302897775 ], [ -78.896466872177783, 35.991078135915558 ], [ -78.896469601646118, 35.991086461923373 ], [ -78.896470537129375, 35.991095033649117 ] ] ], [ [ [ -78.898009488608423, 35.991359637196531 ], [ -78.898030645174188, 35.991388004864085 ], [ -78.898031623933065, 35.991389216119188 ], [ -78.898033313284387, 35.991391523370936 ], [ -78.898035405567455, 35.991394299681858 ], [ -78.898142751368596, 35.991538336933118 ], [ -78.898232896599978, 35.991651703909874 ], [ -78.898247309108882, 35.991668718706073 ], [ -78.898327264236883, 35.991767653163059 ], [ -78.898410331605717, 35.991864886954303 ], [ -78.898458432790406, 35.991919319388209 ], [ -78.898584035888234, 35.992061750611079 ], [ -78.89860894957647, 35.992088170853656 ], [ -78.898709549780676, 35.992194814036687 ], [ -78.898713499535887, 35.992198992892483 ], [ -78.898763395601449, 35.992251119129385 ], [ -78.898867850806866, 35.992356968712819 ], [ -78.898975655654823, 35.992460568356869 ], [ -78.89907336953226, 35.992551358114817 ], [ -78.899157818564902, 35.992626341061822 ], [ -78.899161025750132, 35.992629667690828 ], [ -78.899163556417591, 35.99263335088331 ], [ -78.899165374788353, 35.992637280726015 ], [ -78.89916641962752, 35.992641429697606 ], [ -78.899166684802893, 35.992645632967431 ], [ -78.899166172530059, 35.992649808124561 ], [ -78.899164846961312, 35.992653900197617 ], [ -78.899162782213523, 35.992657771893072 ], [ -78.899118007572355, 35.992726741877043 ], [ -78.899004022763293, 35.99288617131937 ], [ -78.898993626801996, 35.992900722310594 ], [ -78.89896627389723, 35.992879959147047 ], [ -78.898403067727628, 35.992452374148833 ], [ -78.898108212537267, 35.992227883404006 ], [ -78.897683945290169, 35.991908179244419 ], [ -78.897688615368281, 35.991904062516518 ], [ -78.897654000117853, 35.991877936136305 ], [ -78.897338240069956, 35.991639882792398 ], [ -78.897334018834414, 35.991636610203699 ], [ -78.897329797354487, 35.991633529911205 ], [ -78.897325575909832, 35.991630422147622 ], [ -78.89732139062609, 35.991627122117833 ], [ -78.897317133196339, 35.991624069265583 ], [ -78.897312911752678, 35.991620961501624 ], [ -78.89730869259688, 35.991617716384695 ], [ -78.897304876791694, 35.991614608961434 ], [ -78.897300655558851, 35.991611336371591 ], [ -78.897296434081483, 35.991608256077889 ], [ -78.897291807421354, 35.991604818321264 ], [ -78.897289680236042, 35.991602921038329 ], [ -78.897287145055557, 35.991601215708805 ], [ -78.897284614345395, 35.991599318086472 ], [ -78.897282081522661, 35.991597420462313 ], [ -78.89727745507362, 35.991593817879725 ], [ -78.89727492017353, 35.991591892782715 ], [ -78.89727279295397, 35.991590022970399 ], [ -78.897270262032421, 35.991588291890139 ], [ -78.897267729177585, 35.991586420019601 ], [ -78.897265635796529, 35.991584522764683 ], [ -78.897263100827018, 35.99158265260921 ], [ -78.897260569908099, 35.991580919811831 ], [ -78.897258442724166, 35.991579022528356 ], [ -78.897255909867695, 35.991577152374511 ], [ -78.897253374933626, 35.991575254747985 ], [ -78.897248750599843, 35.991571652165995 ], [ -78.897246217778829, 35.991569754541104 ], [ -78.897244090595493, 35.991567857257337 ], [ -78.897241557529782, 35.99156615192863 ], [ -78.897239024709108, 35.991564254303562 ], [ -78.897236929216604, 35.991562357046362 ], [ -78.897234398508857, 35.991560459422956 ], [ -78.89723227129106, 35.991558589609859 ], [ -78.897229738260862, 35.99155685681005 ], [ -78.897227205440757, 35.991554959184704 ], [ -78.897225109913776, 35.991553089398181 ], [ -78.897222579206598, 35.991551191774519 ], [ -78.897220046386821, 35.991549294149046 ], [ -78.89721791920465, 35.99154739686481 ], [ -78.897215386140132, 35.991545691535578 ], [ -78.897213292761364, 35.9915437942797 ], [ -78.897210757829356, 35.991541896652244 ], [ -78.897208227087845, 35.991540026499209 ], [ -78.897206099906214, 35.991538129214739 ], [ -78.897203567087217, 35.991536231588924 ], [ -78.897201473706815, 35.991534336049803 ], [ -78.897198938742562, 35.991532464176032 ], [ -78.897196407826613, 35.991530731377267 ], [ -78.897194280645479, 35.991528834092627 ], [ -78.897191747792064, 35.991526963937417 ], [ -78.897189654414348, 35.991525066681142 ], [ -78.897187087793057, 35.991523169026514 ], [ -78.897184588778131, 35.991521271428724 ], [ -78.897182461562537, 35.991519401614738 ], [ -78.89717992874472, 35.991517503988433 ], [ -78.897177835367515, 35.991515606731937 ], [ -78.897175302549897, 35.991513709105497 ], [ -78.897173175334743, 35.991511839291377 ], [ -78.897170642517352, 35.991509941664852 ], [ -78.897168109455009, 35.991508236334568 ], [ -78.897166013965631, 35.991506339076096 ], [ -78.897163483261295, 35.991504441451184 ], [ -78.897161356081654, 35.991502544165932 ], [ -78.897160036908403, 35.991501554101745 ], [ -78.897158823264846, 35.991500646539151 ], [ -78.897156729853563, 35.991498776753211 ], [ -78.897154194924298, 35.991496879124519 ], [ -78.897151664220559, 35.991494981499365 ], [ -78.897149537039226, 35.991493085930877 ], [ -78.897147004190188, 35.991491214057795 ], [ -78.897144910814433, 35.991489316800688 ], [ -78.897142344195331, 35.991487419145088 ], [ -78.897140250819746, 35.991485521887959 ], [ -78.897137717968945, 35.991483651731635 ], [ -78.897135624593616, 35.991481754474364 ], [ -78.897133091778073, 35.991479856847057 ], [ -78.897130964599782, 35.991477959561252 ], [ -78.897128431749437, 35.991476089404699 ], [ -78.897126338584698, 35.991474027321864 ], [ -78.897123805769624, 35.991472129694337 ], [ -78.897121678591759, 35.991470232408396 ], [ -78.897119143664227, 35.991468334778993 ], [ -78.897117052367392, 35.991466464994076 ], [ -78.897114519517729, 35.991464594837275 ], [ -78.897112358572258, 35.991462670051774 ], [ -78.897109859560928, 35.991460772452392 ], [ -78.897107766151805, 35.99145890266557 ], [ -78.897105233337626, 35.991457005037638 ], [ -78.897103106160586, 35.991455107751356 ], [ -78.897100605034893, 35.991453211866947 ], [ -78.897098480183246, 35.991451148039999 ], [ -78.897095947334492, 35.991449277882744 ], [ -78.897093820157892, 35.991447380596298 ], [ -78.897091287344409, 35.991445482968082 ], [ -78.89708919185847, 35.991443585708211 ], [ -78.89708666112287, 35.991441715552561 ], [ -78.897084533944508, 35.991439819982887 ], [ -78.897082001133668, 35.99143792063753 ], [ -78.897079907971104, 35.991435858553864 ], [ -78.897077375158318, 35.991433960925356 ], [ -78.897075247947498, 35.991432091109445 ], [ -78.897072715134954, 35.991430193480802 ], [ -78.897070621760349, 35.991428297939351 ], [ -78.897068494587074, 35.991426398935523 ], [ -78.897065961985149, 35.991424336481316 ], [ -78.897063868578002, 35.991422466693663 ], [ -78.897061335765997, 35.991420569064822 ], [ -78.897059208590974, 35.991418671777765 ], [ -78.897056675779211, 35.991416774148782 ], [ -78.897054582617841, 35.99141471206466 ], [ -78.897052049771247, 35.991412841906495 ], [ -78.897049956399741, 35.991410944647704 ], [ -78.897047829225258, 35.991409047360442 ], [ -78.897045296416266, 35.991407148014325 ], [ -78.897043169452317, 35.991405085901512 ], [ -78.897040636604103, 35.991403217459997 ], [ -78.897038543268195, 35.991401292730131 ], [ -78.897036010422426, 35.991399422571675 ], [ -78.897033883458889, 35.991397360458699 ], [ -78.897031790088263, 35.991395463199581 ], [ -78.897029257242806, 35.991393593040918 ], [ -78.897027130034175, 35.99139172322419 ], [ -78.897024597469454, 35.991389633298184 ], [ -78.89702250409924, 35.991387736038938 ], [ -78.897020376928168, 35.99138583703423 ], [ -78.897017844326555, 35.991383776295933 ], [ -78.897015750921568, 35.991381906507449 ], [ -78.897013218111994, 35.991380008877556 ], [ -78.897011124952641, 35.99137794679266 ], [ -78.897008995667264, 35.991376049502897 ], [ -78.897006464970715, 35.991374151874652 ], [ -78.897004337763121, 35.991372282057469 ], [ -78.897002276294572, 35.991370219999141 ], [ -78.896999711793157, 35.991368324059181 ], [ -78.896997584623122, 35.991366425054053 ], [ -78.89699505202492, 35.991364362598333 ], [ -78.89699295862097, 35.991362492809436 ], [ -78.89699083144906, 35.991360595521122 ], [ -78.896988298851184, 35.991358533065252 ], [ -78.896986205482648, 35.99135663580536 ], [ -78.896984078521513, 35.991354573691481 ], [ -78.89698154571353, 35.99135267606092 ], [ -78.896979452345263, 35.991350778800907 ], [ -78.896977325384483, 35.991348716686915 ], [ -78.896974792506683, 35.991346873997998 ], [ -78.896972699173816, 35.991344949266974 ], [ -78.896970572213363, 35.991342887152832 ], [ -78.896968039406048, 35.991340989521973 ], [ -78.896965946248926, 35.991338927436281 ], [ -78.89696381907828, 35.991337030147484 ], [ -78.89696128648184, 35.99133496769106 ], [ -78.896959193079439, 35.991333097901546 ], [ -78.896957065909106, 35.991331200612649 ], [ -78.896954533313021, 35.991329138156054 ], [ -78.896952439978918, 35.991327215141546 ], [ -78.896950312986547, 35.991325178781061 ], [ -78.89694778018027, 35.991323281149782 ], [ -78.896945686989014, 35.991321246534596 ], [ -78.89694355981932, 35.991319349245416 ], [ -78.89694102722396, 35.991317286788536 ], [ -78.89693893385757, 35.991315389527848 ], [ -78.896936806688188, 35.991313492238532 ], [ -78.896934271982687, 35.991311428062808 ], [ -78.896932180727106, 35.991309532520653 ], [ -78.896930053768628, 35.991307470405786 ], [ -78.896927960367648, 35.991305600615739 ], [ -78.896925427773112, 35.99130353815854 ], [ -78.896923300604357, 35.991301640868983 ], [ -78.896921207449381, 35.991299578782524 ], [ -78.896919078168153, 35.99129768149114 ], [ -78.896916547721858, 35.991295591564587 ], [ -78.896914454321532, 35.991293721774319 ], [ -78.896912325251208, 35.991291659657371 ], [ -78.896909794735109, 35.991289624672483 ], [ -78.896907701370168, 35.991287727411191 ], [ -78.896905572300199, 35.991285665294136 ], [ -78.896903481048156, 35.991283768034549 ], [ -78.896900948454928, 35.99128170557681 ], [ -78.896898819174638, 35.991279808285057 ], [ -78.896896728133555, 35.991277746199934 ], [ -78.896894600966149, 35.991275848909837 ], [ -78.896892066260719, 35.991273786450151 ], [ -78.896889975219949, 35.991271724364843 ], [ -78.896887848017769, 35.991269854545592 ], [ -78.896885754864527, 35.991267792458459 ], [ -78.896883222061561, 35.991265894825808 ], [ -78.896881095105485, 35.991263832710047 ], [ -78.896879001741908, 35.991261935448229 ], [ -78.89687690858905, 35.991259873360953 ], [ -78.896874781633315, 35.991257811245092 ], [ -78.896872248830945, 35.991255913612186 ], [ -78.896870119762696, 35.991253851494484 ], [ -78.896867992807344, 35.991251789378495 ], [ -78.896865901521878, 35.99124991958913 ], [ -78.89686380836973, 35.991247857501591 ], [ -78.8968612755328, 35.991245987339397 ], [ -78.896859148615121, 35.991243896035385 ], [ -78.896857055461098, 35.991241835664674 ], [ -78.896854928295568, 35.991239938373909 ], [ -78.896852835143946, 35.991237876286178 ], [ -78.89685030255346, 35.991235813827352 ], [ -78.896848175388257, 35.991233916536459 ], [ -78.896846082236962, 35.991231854448635 ], [ -78.896843921479771, 35.991229792303677 ], [ -78.896841861885775, 35.991227922540652 ], [ -78.896839329295858, 35.991225860081592 ], [ -78.896837200229257, 35.991223797963286 ], [ -78.896835109191215, 35.991221735877041 ], [ -78.896832982026723, 35.991219838585849 ], [ -78.89683088887621, 35.991217776497749 ], [ -78.89682875981002, 35.991215714379258 ], [ -78.896826262925771, 35.991213816775669 ], [ -78.896824135972537, 35.991211754658934 ], [ -78.896822006906703, 35.991209692540323 ], [ -78.896819915869386, 35.991207630453822 ], [ -78.896817788705647, 35.991205733162353 ], [ -78.896815695555873, 35.991203671073997 ], [ -78.896813162967405, 35.991201608614389 ], [ -78.896811036014796, 35.991199546497342 ], [ -78.896808942619387, 35.991197676705184 ], [ -78.896806813554321, 35.99119561458631 ], [ -78.896804720405086, 35.991193552497741 ], [ -78.896802595565589, 35.991191490382349 ], [ -78.896800502205721, 35.991189593119159 ], [ -78.896798375253752, 35.99118753100192 ], [ -78.896795842666222, 35.991185468541914 ], [ -78.896793747407045, 35.991183404734429 ], [ -78.896791622565914, 35.991181344335764 ], [ -78.896789527093887, 35.991179447070593 ], [ -78.896787436058119, 35.99117738498348 ], [ -78.896785309106889, 35.991175322866006 ], [ -78.896783182155673, 35.991173260748482 ], [ -78.896781086894947, 35.991171198657675 ], [ -78.896778959733069, 35.991169301365552 ], [ -78.896776429259319, 35.991167238906918 ], [ -78.896774333998891, 35.991165176816033 ], [ -78.896772207048244, 35.991163114698303 ], [ -78.896770116013414, 35.991161052610899 ], [ -78.89676798906298, 35.991158990493105 ], [ -78.896757858119358, 35.991149559399339 ], [ -78.896755767331342, 35.991147305015318 ], [ -78.89675364080351, 35.991144913246323 ], [ -78.896751953747255, 35.991142496094803 ], [ -78.896750266871237, 35.991139938154809 ], [ -78.896749017354097, 35.991137354830471 ], [ -78.896748177908734, 35.991134607027142 ], [ -78.896746896877175, 35.991131886321462 ], [ -78.896746494792808, 35.991129111416832 ], [ -78.896746059081266, 35.991126199129056 ], [ -78.896745656924452, 35.991123480883203 ], [ -78.896745660721635, 35.991120514025091 ], [ -78.89674606987505, 35.991117765560197 ], [ -78.896746513040227, 35.991114854015294 ], [ -78.896747361629707, 35.99111210763877 ], [ -78.896748582051487, 35.991109361576548 ], [ -78.896749903671079, 35.99110678042544 ], [ -78.896751157649504, 35.991104226688037 ], [ -78.896752848988569, 35.991101645849419 ], [ -78.896754544341974, 35.991099229839804 ], [ -78.897043589843818, 35.990757817717984 ], [ -78.897085313448429, 35.990704548947669 ], [ -78.897131373352465, 35.990653694389167 ], [ -78.897195195870964, 35.990593427078146 ], [ -78.897265092667112, 35.990537788544707 ], [ -78.897340554082916, 35.990487174961977 ], [ -78.897353678407939, 35.990480203220365 ], [ -78.897367852910392, 35.990474748412481 ], [ -78.897382807038383, 35.990470913326689 ], [ -78.897398268166967, 35.990468769844995 ], [ -78.897416879047142, 35.990468474710688 ], [ -78.897435307237913, 35.990470627768062 ], [ -78.897453064791165, 35.990475168514926 ], [ -78.897469684950565, 35.990481984959132 ], [ -78.897484732739102, 35.990490894740979 ], [ -78.897497811276665, 35.990501660591129 ], [ -78.897508578666859, 35.990514002363149 ], [ -78.897516750108821, 35.990527597034934 ], [ -78.897556094187152, 35.990609273682765 ], [ -78.897657089678745, 35.990801462641649 ], [ -78.897766438517323, 35.990990856457785 ], [ -78.897883970213897, 35.991176987960763 ], [ -78.897994237695769, 35.991337427946277 ], [ -78.898009488608423, 35.991359637196531 ] ] ], [ [ [ -78.897471804173165, 35.992061096858386 ], [ -78.897409785589318, 35.992132496671267 ], [ -78.897331515342429, 35.992222590493618 ], [ -78.896871965307483, 35.992747007912151 ], [ -78.896617207802748, 35.992597295817603 ], [ -78.896345465081637, 35.992437626013057 ], [ -78.896166712205968, 35.992332396198549 ], [ -78.896167355426243, 35.992331655030299 ], [ -78.896168134001755, 35.99233080409342 ], [ -78.896182487594416, 35.992314553505217 ], [ -78.895891187626546, 35.992143079303112 ], [ -78.895885916973285, 35.99213936623579 ], [ -78.895881496516566, 35.992134967119746 ], [ -78.895878054989979, 35.992129991948381 ], [ -78.895875729435843, 35.992124660606194 ], [ -78.895874587354385, 35.992119055563421 ], [ -78.895874594693794, 35.992113369087654 ], [ -78.895875852651216, 35.992107766090612 ], [ -78.89587825956805, 35.99210243878224 ], [ -78.895880528541198, 35.992099226617633 ], [ -78.895880898939055, 35.992098704985715 ], [ -78.895881747660184, 35.992097524459275 ], [ -78.895882695607781, 35.992096398959141 ], [ -78.895885742447689, 35.992092885277287 ], [ -78.896311964931868, 35.991596655795789 ], [ -78.896378693540839, 35.991516826943545 ], [ -78.896382383901894, 35.991512297369852 ], [ -78.896452972236546, 35.991425906194934 ], [ -78.896632872625631, 35.991216317962149 ], [ -78.896637396840958, 35.991220524843882 ], [ -78.896727541280001, 35.991304524799467 ], [ -78.89676731385839, 35.991341589239617 ], [ -78.896906158208253, 35.991463677450383 ], [ -78.897049230500173, 35.991582445077569 ], [ -78.897133888307096, 35.991648831228858 ], [ -78.897164249179198, 35.991672619148261 ], [ -78.897194641724724, 35.991696434557547 ], [ -78.897196431508448, 35.991697837081368 ], [ -78.897226487368627, 35.991720610020629 ], [ -78.897429518117832, 35.991873434914723 ], [ -78.897553421848173, 35.991966722000143 ], [ -78.897471804173165, 35.992061096858386 ] ] ], [ [ [ -78.893483211861351, 35.992749676618466 ], [ -78.893476856561421, 35.992749835902202 ], [ -78.893473473868156, 35.992749997777892 ], [ -78.893470095617971, 35.992749994831847 ], [ -78.893466712924678, 35.99275015670738 ], [ -78.893463334420545, 35.992750346057321 ], [ -78.893459953839951, 35.992750507934524 ], [ -78.893453598539978, 35.992750667217059 ], [ -78.893450249650286, 35.99275082912159 ], [ -78.893446871109802, 35.992751045942008 ], [ -78.893443490565417, 35.992751180347788 ], [ -78.893440109984752, 35.992751342224437 ], [ -78.893433754430617, 35.992751693802127 ], [ -78.893430373849924, 35.992751855678478 ], [ -78.893426993269188, 35.992752017554722 ], [ -78.89342357888485, 35.992752179401414 ], [ -78.893420232071406, 35.992752368777829 ], [ -78.893413908028862, 35.992752856019706 ], [ -78.893410529522228, 35.992753047085152 ], [ -78.893407148941421, 35.992753208960863 ], [ -78.893403768145077, 35.992753533944885 ], [ -78.893400387525645, 35.992753725008214 ], [ -78.893394031789654, 35.992754213938333 ], [ -78.893390651172453, 35.992754403284444 ], [ -78.893387270555237, 35.992754592630504 ], [ -78.893383889795061, 35.99275489014309 ], [ -78.893380509175543, 35.992755081205829 ], [ -78.89337418513027, 35.992755570162579 ], [ -78.893370806407844, 35.992755924335334 ], [ -78.893367425826824, 35.992756086209937 ], [ -78.893364011185696, 35.992756442068107 ], [ -78.893360662079985, 35.992756767078603 ], [ -78.893354308419916, 35.992757283479364 ], [ -78.893350927620901, 35.992757610178856 ], [ -78.893347547003472, 35.99275779952378 ], [ -78.893344166168092, 35.992758153694012 ], [ -78.893337841904454, 35.992758807474139 ], [ -78.893334461069017, 35.992759161644081 ], [ -78.893331082382574, 35.99275948834488 ], [ -78.893327701544806, 35.992759844231507 ], [ -78.893321345810136, 35.992760331440905 ], [ -78.893317964974557, 35.992760685610342 ], [ -78.891676561826756, 35.992935576948618 ], [ -78.891670239574651, 35.992936285586097 ], [ -78.891666858798203, 35.99293658476806 ], [ -78.891660502779047, 35.992937265904168 ], [ -78.891657121928759, 35.992937620027597 ], [ -78.891650799713204, 35.992938301193156 ], [ -78.891647418899723, 35.992938627845461 ], [ -78.891644035936594, 35.992938981966702 ], [ -78.891637682288092, 35.992939470807293 ], [ -78.8916343014007, 35.992939852401001 ], [ -78.891627977108939, 35.992940506092587 ], [ -78.89162459862942, 35.992940667920834 ], [ -78.891618242609596, 35.992941349054703 ], [ -78.891614862017292, 35.992941510880797 ], [ -78.891611481166606, 35.992941865002983 ], [ -78.891605159171817, 35.992942381340875 ], [ -78.89160177835798, 35.992942707991915 ], [ -78.891595422559277, 35.992943224299296 ], [ -78.891592041745355, 35.992943550950081 ], [ -78.891585717637568, 35.992944067285066 ], [ -78.891582339157807, 35.992944229112133 ], [ -78.891578958528399, 35.992944418408122 ], [ -78.891572602766331, 35.992944907243377 ], [ -78.891569221915319, 35.992945261364426 ], [ -78.891562900178471, 35.992945585403888 ], [ -78.891559519327402, 35.992945939524638 ], [ -78.891556138734813, 35.992946101349148 ], [ -78.891549782935513, 35.992946617654141 ], [ -78.891546402342854, 35.992946779478316 ], [ -78.891543019600533, 35.99294696877142 ], [ -78.891536665950838, 35.992947457606697 ], [ -78.891533319161837, 35.99294761946058 ], [ -78.891526963583914, 35.992947970939042 ], [ -78.891523582954221, 35.99294816023351 ], [ -78.891520202398382, 35.992948294586085 ], [ -78.891513880624132, 35.9929486460939 ], [ -78.891510500031316, 35.992948807917109 ], [ -78.891507119179877, 35.992949162036417 ], [ -78.891500729835002, 35.992949486012606 ], [ -78.891497383267478, 35.99294948304015 ], [ -78.891491061493056, 35.992949834546771 ], [ -78.891487680900141, 35.992949996369333 ], [ -78.891484300307212, 35.992950158191846 ], [ -78.891477944731207, 35.992950507950802 ], [ -78.891474564135947, 35.992950671489965 ], [ -78.891471183764708, 35.992950668486756 ], [ -78.891464862024691, 35.992950994238086 ], [ -78.891461481397045, 35.992951181813872 ], [ -78.891458100804002, 35.992951343635646 ], [ -78.891451745484204, 35.992951502813995 ], [ -78.891448364854185, 35.992951692106324 ], [ -78.891444984482888, 35.992951689102419 ], [ -78.89143866296682, 35.992951848310106 ], [ -78.89143531406468, 35.992952010159406 ], [ -78.891431901780621, 35.99295217195229 ], [ -78.891425546460709, 35.992952331129274 ], [ -78.891422166089399, 35.992952328124716 ], [ -78.891418785459265, 35.992952517416228 ], [ -78.891412463943084, 35.992952676622608 ], [ -78.891409083571759, 35.99295267361768 ], [ -78.891405703015536, 35.992952807967072 ], [ -78.891399381721143, 35.992952802347432 ], [ -78.89139596728721, 35.99295299160832 ], [ -78.891389645992845, 35.992952985988168 ], [ -78.891386265362627, 35.992953175278792 ], [ -78.891382884991273, 35.992953172273161 ], [ -78.891376529893122, 35.9929531666223 ], [ -78.891373147187082, 35.992953328439825 ], [ -78.891369768928485, 35.992953325435664 ], [ -78.891363413830348, 35.9929533197841 ], [ -78.891360067262724, 35.992953316807892 ], [ -78.891356686891385, 35.992953313801507 ], [ -78.891350331571232, 35.992953472974591 ], [ -78.891346951199864, 35.992953469967915 ], [ -78.891343570828525, 35.992953466961211 ], [ -78.891337249534146, 35.992953461338324 ], [ -78.891333869162764, 35.992953458331321 ], [ -78.891330488791425, 35.992953455324198 ], [ -78.891324133693232, 35.992953449670594 ], [ -78.891320753543923, 35.992953281837906 ], [ -78.891317371059856, 35.992953278828566 ], [ -78.891311051878205, 35.992953273206197 ], [ -78.891307671506851, 35.992953270198505 ], [ -78.891304291135526, 35.992953267190686 ], [ -78.891297934146706, 35.992953096708462 ], [ -78.891294555888109, 35.992953093702255 ], [ -78.89129117551677, 35.99295309069408 ], [ -78.891284854481526, 35.992952892772301 ], [ -78.891281474110201, 35.992952889763842 ], [ -78.891278093998025, 35.992952694459071 ], [ -78.891271738902219, 35.992952687085804 ], [ -78.891268358713717, 35.992952548439476 ], [ -78.891265012146121, 35.99295254546066 ], [ -78.891258655157515, 35.992952374976433 ], [ -78.891255277158137, 35.99295217967294 ], [ -78.891251894674127, 35.992952176661753 ], [ -78.891245541910976, 35.992952006180644 ], [ -78.891242161761895, 35.992951838345725 ], [ -78.891238781390612, 35.992951835336086 ], [ -78.89123245842805, 35.992951500055284 ], [ -78.891229078056796, 35.992951497045382 ], [ -78.891225700057532, 35.99295130174108 ], [ -78.891219343069039, 35.992951131254806 ], [ -78.891215965032785, 35.99295096342108 ], [ -78.891211368209468, 35.992950602205418 ], [ -78.891206668084621, 35.992950076072084 ], [ -78.891202038124561, 35.992949220349971 ], [ -78.891197376695871, 35.992948199774169 ], [ -78.891193150971745, 35.99294682246434 ], [ -78.891189774343687, 35.992945610736172 ], [ -78.891185988772108, 35.992943711870666 ], [ -78.891182610253878, 35.992942335315099 ], [ -78.891179637861939, 35.99294060199928 ], [ -78.891176262605427, 35.992938373847934 ], [ -78.891173322090111, 35.992936503205712 ], [ -78.891169947538046, 35.992933753107323 ], [ -78.891166976777328, 35.992930811072171 ], [ -78.891164039783504, 35.992927896537893 ], [ -78.891161508953189, 35.992924597772543 ], [ -78.891159383915664, 35.992921189485067 ], [ -78.891157292719157, 35.992917753756721 ], [ -78.89115560716715, 35.992914318389829 ], [ -78.891153919947328, 35.992910553370294 ], [ -78.891153081823077, 35.992906953932902 ], [ -78.891152241845646, 35.9929031621974 ], [ -78.891151807734929, 35.992899205998036 ], [ -78.891151812812765, 35.9928954424864 ], [ -78.891151817927707, 35.992891651503889 ], [ -78.891233853474134, 35.992219208874367 ], [ -78.891234296622073, 35.992216462176152 ], [ -78.891234298027811, 35.9922138524392 ], [ -78.891234709447914, 35.992211133183638 ], [ -78.891235152595769, 35.992208386485423 ], [ -78.891235561680887, 35.992205832053308 ], [ -78.891235565421496, 35.992203057492951 ], [ -78.89123600641723, 35.992200339980599 ], [ -78.891236417876542, 35.992197591537206 ], [ -78.891236860802067, 35.992195009664322 ], [ -78.891237268033578, 35.992192262934068 ], [ -78.891237711181248, 35.992189516235818 ], [ -78.891237716775265, 35.992186933973535 ], [ -78.891238126119447, 35.992184187245151 ], [ -78.891238567154332, 35.992181440544975 ], [ -78.891238944585581, 35.992178858613755 ], [ -78.891239419423783, 35.992176111943692 ], [ -78.891239830880536, 35.992173365217155 ], [ -78.89123983458397, 35.992170618127609 ], [ -78.891240277472207, 35.992168063725543 ], [ -78.89124068470349, 35.992165316995276 ], [ -78.891241129963589, 35.992162570298852 ], [ -78.891241539085328, 35.992159988395841 ], [ -78.891241980119972, 35.992157241695587 ], [ -78.89124239157654, 35.99215449496905 ], [ -78.89124283238894, 35.992151913094233 ], [ -78.891243243845452, 35.992149166367703 ], [ -78.891243684879981, 35.992146419667485 ], [ -78.89124409400155, 35.992143837764417 ], [ -78.891244099854575, 35.992141063205793 ], [ -78.891244540851986, 35.992138343976471 ], [ -78.891244952049163, 35.992135789546147 ], [ -78.891245393083565, 35.992133042845914 ], [ -78.891245804576926, 35.992130268648459 ], [ -78.891246245352036, 35.992127714244468 ], [ -78.891246656808306, 35.992124967517896 ], [ -78.891247097842594, 35.992122220817599 ], [ -78.891247506963921, 35.992119638914517 ], [ -78.891247952223566, 35.992116892218 ], [ -78.891248361569339, 35.992114143772611 ], [ -78.891248802378996, 35.992111563614621 ], [ -78.891249213835124, 35.992108816888042 ], [ -78.891249656981913, 35.992106070189621 ], [ -78.891250063955667, 35.992103514038561 ], [ -78.891250912740333, 35.992100769418187 ], [ -78.891251357999764, 35.99209802272167 ], [ -78.891251767120821, 35.992095440818517 ], [ -78.891252208117734, 35.992092721589145 ], [ -78.891252619610668, 35.992089947391598 ], [ -78.891253060422386, 35.992087365516646 ], [ -78.89125347187823, 35.992084618790003 ], [ -78.891253912912049, 35.992081872089663 ], [ -78.89125432203295, 35.992079290186524 ], [ -78.891254767292139, 35.992076543489944 ], [ -78.891255176375964, 35.99207398905763 ], [ -78.891256025162463, 35.992071242720279 ], [ -78.891256466196126, 35.99206849601994 ], [ -78.891256877429583, 35.992065914118641 ], [ -78.891257354379206, 35.992063167450247 ], [ -78.891257727806078, 35.992060420689711 ], [ -78.891258172842853, 35.992057838818475 ], [ -78.891258582148637, 35.992055119560824 ], [ -78.891259430749685, 35.992052510577899 ], [ -78.891259871783134, 35.992049763877482 ], [ -78.891260281125852, 35.992047017148892 ], [ -78.891260726125466, 35.992044462748552 ], [ -78.891261135468127, 35.992041716019898 ], [ -78.891261984031928, 35.99203913450787 ], [ -78.891262427177921, 35.99203638780935 ], [ -78.891262836520482, 35.992033641080745 ], [ -78.891263245640914, 35.992031059177499 ], [ -78.891264128267068, 35.992028285399201 ], [ -78.891264537350338, 35.99202573096688 ], [ -78.891264980496175, 35.992022984268324 ], [ -78.89126538983858, 35.99202023753967 ], [ -78.891266272168338, 35.992017683528559 ], [ -78.891266681510729, 35.992014936799876 ], [ -78.891267090630905, 35.992012354896644 ], [ -78.891267533776556, 35.99200960819806 ], [ -78.891268382561961, 35.992006861860546 ], [ -78.891268791682023, 35.992004279957243 ], [ -78.891269201024272, 35.992001533228574 ], [ -78.891270083390722, 35.991998951746517 ], [ -78.891270492732829, 35.991996205017834 ], [ -78.891270935619119, 35.991993650615484 ], [ -78.891271784404253, 35.991990904277948 ], [ -78.891272227549592, 35.991988157579307 ], [ -78.891272636669484, 35.991985575675997 ], [ -78.891273485454477, 35.991982829338447 ], [ -78.89127389457424, 35.991980247435116 ], [ -78.891274337719523, 35.991977500736468 ], [ -78.891275186282215, 35.991974919224305 ], [ -78.891275595624037, 35.991972172495558 ], [ -78.891276442036911, 35.991969618452337 ], [ -78.891276887294737, 35.991966871755558 ], [ -78.89127729641433, 35.991964289852213 ], [ -78.891278111395664, 35.991961543484486 ], [ -78.891278588343965, 35.991958796815908 ], [ -78.891279436904, 35.991956217020594 ], [ -78.891279844135184, 35.991953468573016 ], [ -78.891280692697464, 35.99195088706076 ], [ -78.891281137952717, 35.991948142080865 ], [ -78.891281547037366, 35.991945585931397 ], [ -78.891282395821619, 35.991942839593754 ], [ -78.891282838744274, 35.991940257720437 ], [ -78.891283687491423, 35.991937538853676 ], [ -78.891284060729376, 35.991934931164302 ], [ -78.891284945431707, 35.991932183141628 ], [ -78.89128538835422, 35.991929601268311 ], [ -78.891286237138161, 35.991926854930576 ], [ -78.891286644107552, 35.991924300496144 ], [ -78.891287495004107, 35.991921554160285 ], [ -78.891287937926464, 35.991918972286967 ], [ -78.891288786710234, 35.99191622594919 ], [ -78.891289195829188, 35.991913644045731 ], [ -78.891290044612859, 35.991910897707974 ], [ -78.891290891024639, 35.991908343664583 ], [ -78.891291336318616, 35.991905569496851 ], [ -78.891292184843024, 35.9919030154553 ], [ -78.891292592071196, 35.991900268724592 ], [ -78.891293440632509, 35.991897687212166 ], [ -78.891293885889354, 35.991894940515259 ], [ -78.891294734450554, 35.991892359002826 ], [ -78.891295583011726, 35.9918897774904 ], [ -78.891295990242014, 35.991887029042708 ], [ -78.89129684087645, 35.991884476719953 ], [ -78.891297284020411, 35.991881730021106 ], [ -78.891298132618388, 35.991879121037769 ], [ -78.891298981364358, 35.991876402170767 ], [ -78.891299390480469, 35.991873821984207 ], [ -78.891300237152976, 35.991871073927513 ], [ -78.89130108782642, 35.991868492416906 ], [ -78.89130153097247, 35.991865744001124 ], [ -78.891302413297026, 35.991863191706493 ], [ -78.891303228054412, 35.991860610163926 ], [ -78.891303637394685, 35.991857863434973 ], [ -78.891304485955203, 35.991855281922433 ], [ -78.891305334737723, 35.991852535584464 ], [ -78.891305777696147, 35.991849926240114 ], [ -78.891306626182484, 35.991847399669354 ], [ -78.891307474964847, 35.991844653331377 ], [ -78.891308357328299, 35.991842071848879 ], [ -78.891308732865113, 35.991839325089821 ], [ -78.891309579275557, 35.991836771046295 ], [ -78.891310428094712, 35.991833997237379 ], [ -78.891311312573038, 35.991831414039822 ], [ -78.891311721651562, 35.991828861323995 ], [ -78.89131257043357, 35.991826114985983 ], [ -78.891313418993448, 35.991823533473372 ], [ -78.891314233750037, 35.991820951930663 ], [ -78.891314676893018, 35.991818205231738 ], [ -78.891315525455042, 35.991815622002171 ], [ -78.891316372121764, 35.991812877379118 ], [ -78.891317256560342, 35.991810323369315 ], [ -78.891318069203976, 35.991807741824694 ], [ -78.891318920098215, 35.991804995488437 ], [ -78.891319363021267, 35.991802411897957 ], [ -78.89132021157836, 35.991799832102203 ], [ -78.891321060359772, 35.991797085764098 ], [ -78.891321908882077, 35.991794531722249 ], [ -78.891322757404325, 35.991791977680464 ], [ -78.891323606222585, 35.99178920387142 ], [ -78.891324013227077, 35.991786621965844 ], [ -78.891324862008219, 35.991783875627711 ], [ -78.891325712679972, 35.991781294116812 ], [ -78.891326559089251, 35.991778740073087 ], [ -78.891327409982921, 35.991775993736802 ], [ -78.891328258541805, 35.991773412223999 ], [ -78.891329073297456, 35.991770830681133 ], [ -78.89132995565943, 35.991768249198437 ], [ -78.89133080232746, 35.991765502858335 ], [ -78.891331652961824, 35.99176294881827 ], [ -78.891332501557443, 35.991760339834535 ], [ -78.891332944662508, 35.991757620606379 ], [ -78.891333793221023, 35.991755039093555 ], [ -78.89133464177948, 35.991752457580688 ], [ -78.891335490559896, 35.99174971124247 ], [ -78.891336339044244, 35.991747184671382 ], [ -78.891337187639536, 35.991744575687576 ], [ -78.89133803619778, 35.991741994174731 ], [ -78.891338884977984, 35.991739247836435 ], [ -78.891339733536114, 35.991736666323568 ], [ -78.891340582057182, 35.991734112281527 ], [ -78.891341430837215, 35.991731365943195 ], [ -78.89134227943218, 35.991728756959375 ], [ -78.891343127953093, 35.991726202917363 ], [ -78.891343976510967, 35.991723621404439 ], [ -78.891344825290744, 35.991720875066065 ], [ -78.8913456738115, 35.991718321024003 ], [ -78.891346522371521, 35.991715737794117 ], [ -78.891347776565127, 35.991713158358841 ], [ -78.891348623231991, 35.991710412018584 ], [ -78.89134947390221, 35.991707830507472 ], [ -78.891350320309968, 35.991705276463485 ], [ -78.891351170980087, 35.991702694952366 ], [ -78.89135201975941, 35.99169994861392 ], [ -78.891352866204002, 35.991697367099036 ], [ -78.891353716836946, 35.991694813058757 ], [ -78.891354563281467, 35.991692231543837 ], [ -78.891355413951288, 35.991689650032669 ], [ -78.891356702171748, 35.991686904085022 ], [ -78.891357550731087, 35.991684320855022 ], [ -78.891358399285721, 35.991681741058876 ], [ -78.891359211850414, 35.991679216172564 ], [ -78.891360096364792, 35.991676603786665 ], [ -78.89136094514123, 35.991673859165054 ], [ -78.891361793697968, 35.99167127765196 ], [ -78.891363047892725, 35.991668696499588 ], [ -78.891363896412344, 35.991666142457341 ], [ -78.891364744968911, 35.991663560944197 ], [ -78.891365591412736, 35.991660979429177 ], [ -78.89136644230382, 35.991658233092465 ], [ -78.891367730301468, 35.99165565197012 ], [ -78.891368578820803, 35.991653097927788 ], [ -78.891369427377086, 35.991650516414637 ], [ -78.891370275933312, 35.991647934901387 ], [ -78.891371124489481, 35.991645353388215 ], [ -78.891372376792759, 35.991642607408437 ], [ -78.89137322531181, 35.991640053366098 ], [ -78.891374042177375, 35.991637471824667 ], [ -78.891374922423765, 35.991634890339604 ], [ -78.891376212533459, 35.991632309219014 ], [ -78.891377061052268, 35.991629755176618 ], [ -78.891377909608025, 35.991627173663353 ], [ -78.891379163801574, 35.991624592510782 ], [ -78.89138001257912, 35.991621846172066 ], [ -78.891380861134706, 35.991619264658794 ], [ -78.891382149094284, 35.99161671100709 ], [ -78.891382997649742, 35.991614129493804 ], [ -78.891383846205159, 35.991611547980447 ], [ -78.891385098285582, 35.991608966825915 ], [ -78.891385946764572, 35.991606441971292 ], [ -78.891386795359111, 35.991603831270105 ], [ -78.891388085467938, 35.991601250149344 ], [ -78.891388934023027, 35.99159866863598 ], [ -78.891389782541097, 35.991596114593456 ], [ -78.891391036733779, 35.991593533440714 ], [ -78.89139188339793, 35.991590787100023 ], [ -78.891392734065491, 35.991588205588485 ], [ -78.89139402209814, 35.991585596994867 ], [ -78.891394870578935, 35.991583070423204 ], [ -78.891396124771276, 35.991580489270426 ], [ -78.891396973325882, 35.991577907756977 ], [ -78.891397821880474, 35.991575326243506 ], [ -78.891399109841117, 35.991572770874662 ], [ -78.891399958393265, 35.991570191078097 ], [ -78.891401246388369, 35.99156760995529 ], [ -78.891402061137256, 35.991565030128697 ], [ -78.891403349097587, 35.991562474759796 ], [ -78.891404161735963, 35.991559893214351 ], [ -78.891405451843468, 35.991557312093398 ], [ -78.891406300397563, 35.991554730579836 ], [ -78.891407180605071, 35.991552176565335 ], [ -78.891408436909259, 35.99154959541427 ], [ -78.891409285463169, 35.991547013900686 ], [ -78.891410539617496, 35.991544460218591 ], [ -78.891411388171292, 35.991541878704986 ], [ -78.891412676165629, 35.991539297582023 ], [ -78.891413522606612, 35.991536716066548 ], [ -78.891414778910303, 35.991534134915369 ], [ -78.89141606686745, 35.991531581263246 ], [ -78.891416915420933, 35.991528999749598 ], [ -78.891418169611697, 35.991526418596507 ], [ -78.891418984361977, 35.991523837052824 ], [ -78.89142030590007, 35.991521448256108 ], [ -78.891421154453312, 35.99151886674246 ], [ -78.891422408643777, 35.991516285589313 ], [ -78.891423257159929, 35.991513731546505 ], [ -78.891424545153455, 35.991511150423371 ], [ -78.891425799343708, 35.991508569270174 ], [ -78.891426647896637, 35.991505987756483 ], [ -78.891427935852946, 35.991503434104182 ], [ -78.891428784368784, 35.991500880061345 ], [ -78.891430038595701, 35.991498271437223 ], [ -78.891431326588759, 35.991495690313997 ], [ -78.891432174882581, 35.991493301096519 ], [ -78.891433429072322, 35.991490719943258 ], [ -78.891434717065152, 35.991488138820017 ], [ -78.891435565580593, 35.991485584777074 ], [ -78.891436819770107, 35.991483003623735 ], [ -78.89143810565001, 35.991480422498597 ], [ -78.891438956314929, 35.991477840986654 ], [ -78.891440210467252, 35.991475287304141 ], [ -78.891441498274787, 35.991472843535341 ], [ -78.891442346789844, 35.991470289492376 ], [ -78.891443600941955, 35.991467735809856 ], [ -78.891444888934075, 35.991465154686466 ], [ -78.891445737485924, 35.991462573172555 ], [ -78.891446991674769, 35.991459992019116 ], [ -78.891448279407911, 35.991457603192032 ], [ -78.891449533596585, 35.991455022038529 ], [ -78.891450382148179, 35.99145244052459 ], [ -78.891451670102882, 35.991449886872005 ], [ -78.891452924291329, 35.991447305718481 ], [ -78.891454212061063, 35.991444889420407 ], [ -78.891455026772363, 35.991442335347266 ], [ -78.891456314763658, 35.991439754223741 ], [ -78.89145760275494, 35.99143717310023 ], [ -78.891458856943004, 35.991434591946643 ], [ -78.891459705235363, 35.991432202728873 ], [ -78.891460993226417, 35.991429621605292 ], [ -78.891462247414225, 35.991427040451661 ], [ -78.891463535405123, 35.991424459328059 ], [ -78.891464789334066, 35.991422070470712 ], [ -78.891466077324793, 35.991419489347052 ], [ -78.891466925838557, 35.991416935303832 ], [ -78.891468180025981, 35.99141435415013 ], [ -78.891469467797052, 35.991411936134938 ], [ -78.891470721945055, 35.99140938416901 ], [ -78.89147200993537, 35.991406803045301 ], [ -78.891473264122496, 35.991404221891528 ], [ -78.891474112414144, 35.991401832673652 ], [ -78.891475400404232, 35.991399251549893 ], [ -78.891476654591116, 35.991396670396092 ], [ -78.891477942322382, 35.99139428156861 ], [ -78.891479196546058, 35.991391672943841 ], [ -78.891480484498899, 35.99138911929095 ], [ -78.891481738426805, 35.991386730433355 ], [ -78.891483026416424, 35.991384149309503 ], [ -78.891484280602839, 35.991381568155596 ], [ -78.891485568333636, 35.991379179328 ], [ -78.891486822519894, 35.991376598174099 ], [ -78.89148767106947, 35.991374016659812 ], [ -78.891488958800053, 35.99137162783218 ], [ -78.891490212986071, 35.991369046678201 ], [ -78.891491500975135, 35.991366465554229 ], [ -78.891492754902373, 35.991364076696556 ], [ -78.891494009088206, 35.991361495542513 ], [ -78.89149529711392, 35.99135888694758 ], [ -78.891496584844049, 35.991356498119906 ], [ -78.891497838992649, 35.991353944436696 ], [ -78.891499124646856, 35.991351528136178 ], [ -78.891500380907985, 35.991348974454858 ], [ -78.891501668894094, 35.991346395047678 ], [ -78.891502889056966, 35.991343976972018 ], [ -78.891504210811277, 35.9913414233488 ], [ -78.891505464774681, 35.991339007020095 ], [ -78.891506752762766, 35.991336425895938 ], [ -78.89150800691074, 35.991333872212586 ], [ -78.891509294677036, 35.991331455913858 ], [ -78.891510988301249, 35.991328875149904 ], [ -78.891512242227307, 35.991326486291975 ], [ -78.891513530214979, 35.991323905167725 ], [ -78.891514784138593, 35.991321518026687 ], [ -78.891516072165359, 35.99131890771455 ], [ -78.891517326054171, 35.991316546327504 ], [ -78.891518614041544, 35.991313965203162 ], [ -78.891519868004082, 35.991311548874265 ], [ -78.891521155991299, 35.991308967749909 ], [ -78.891522409919048, 35.991306577174953 ], [ -78.891523697906095, 35.991303996050583 ], [ -78.891525391268416, 35.991301609299647 ], [ -78.891526645452174, 35.991299028145235 ], [ -78.891527933217333, 35.991296611846252 ], [ -78.891529187361684, 35.991294059879614 ], [ -78.891530475129017, 35.991291641863661 ], [ -78.891531729312476, 35.991289060709185 ], [ -78.891533422676545, 35.991286672241202 ], [ -78.89153471066291, 35.991284091116697 ], [ -78.891535964585273, 35.991281703975375 ], [ -78.891537252573769, 35.991279121133914 ], [ -78.891538506535227, 35.991276704804783 ], [ -78.891540640741397, 35.991273272832487 ], [ -78.891543180324945, 35.991270033516621 ], [ -78.891545717832514, 35.991266766727911 ], [ -78.891548664721228, 35.991263857424848 ], [ -78.891551643337024, 35.991260920678876 ], [ -78.891555027367062, 35.991258149118416 ], [ -78.891558816478963, 35.99125578998153 ], [ -78.891562639209099, 35.991253568229084 ], [ -78.891565582174792, 35.991252004998074 ], [ -78.891569404424587, 35.99125014036715 ], [ -78.891573631867118, 35.991248605747046 ], [ -78.891577013791476, 35.99124740002754 ], [ -78.891581646463564, 35.99124616794716 ], [ -78.891585872945825, 35.991245347570185 ], [ -78.891590538682451, 35.991244664937561 ], [ -78.891594325098012, 35.991244311175706 ], [ -78.89159898802049, 35.991244150488072 ], [ -78.891603621143787, 35.991244154599485 ], [ -78.891608285514565, 35.991244488389725 ], [ -78.891612915787064, 35.991245041917018 ], [ -78.891617579493641, 35.991245870183171 ], [ -78.891621803466052, 35.991246917826516 ], [ -78.89162643263171, 35.991248295480474 ], [ -78.891630655977053, 35.991249810128899 ], [ -78.892797512164123, 35.991724740844042 ], [ -78.892800453549029, 35.991725952146396 ], [ -78.892803426624553, 35.991727163476483 ], [ -78.892806805375059, 35.991728347691577 ], [ -78.892809742534808, 35.991729558990009 ], [ -78.892812717723316, 35.991730770321709 ], [ -78.89281565488325, 35.991731981619999 ], [ -78.892818628214712, 35.991733000653426 ], [ -78.892821569600201, 35.991734211955283 ], [ -78.892824542676351, 35.99173542328483 ], [ -78.892827482204794, 35.991736442288406 ], [ -78.892830827116356, 35.991737653944043 ], [ -78.892833832138692, 35.991738673004917 ], [ -78.892836773743582, 35.991739719480968 ], [ -78.892839746820158, 35.991740930810153 ], [ -78.89284312367802, 35.991741950196996 ], [ -78.892846065283123, 35.991742996672833 ], [ -78.892849072418542, 35.991744015735186 ], [ -78.892851975995242, 35.991745062177515 ], [ -78.892855357078801, 35.991746081567712 ], [ -78.892858330374807, 35.991747128071019 ], [ -78.892861269904088, 35.991748147073757 ], [ -78.892864648838724, 35.991749193932712 ], [ -78.892867620277613, 35.991750048137703 ], [ -78.892870561919821, 35.991751067142062 ], [ -78.89287394085467, 35.991752114000768 ], [ -78.892876912293787, 35.991752968205489 ], [ -78.892880291228835, 35.991754015064011 ], [ -78.892883230977489, 35.991754869240822 ], [ -78.892886206642189, 35.991755723449025 ], [ -78.892889585577464, 35.991756770307312 ], [ -78.892892525328605, 35.991757622766947 ], [ -78.892895904517047, 35.991758479045671 ], [ -78.892898878069289, 35.991759333251736 ], [ -78.892902255108737, 35.99176021699931 ], [ -78.892905194860134, 35.991761069458668 ], [ -78.892908609967066, 35.991761924051588 ], [ -78.892911515913127, 35.991762778198051 ], [ -78.892914929126292, 35.991763467963565 ], [ -78.892917868839191, 35.991764349610378 ], [ -78.892921245917776, 35.99176520416966 ], [ -78.892924221802005, 35.991765893551538 ], [ -78.892927600993431, 35.991766748112461 ], [ -78.892930980403648, 35.991767437847869 ], [ -78.892933920372073, 35.991768127198036 ], [ -78.892937299527219, 35.991769009229579 ], [ -78.892940273335526, 35.991769671138343 ], [ -78.892943652745984, 35.991770360873396 ], [ -78.892947032158787, 35.991771048891465 ], [ -78.89294997212518, 35.99177173995816 ], [ -78.892953385339069, 35.991772429722566 ], [ -78.89295629150466, 35.991773119042598 ], [ -78.8929597047551, 35.991773781335908 ], [ -78.892963084348139, 35.991774333715938 ], [ -78.89296602431709, 35.991775023065316 ], [ -78.892969403730277, 35.991775711082774 ], [ -78.892972781244936, 35.991776237706702 ], [ -78.892976162768633, 35.991776927442693 ], [ -78.892982516425931, 35.991777949433704 ], [ -78.892985895873537, 35.991778611696681 ], [ -78.892992215657202, 35.99177968688241 ], [ -78.892995593172188, 35.991780213505706 ], [ -78.892998974951311, 35.991780710944802 ], [ -78.893005328572769, 35.991781760405495 ], [ -78.893008708457913, 35.991782093017079 ], [ -78.893012088088071, 35.991782617924841 ], [ -78.893018406048853, 35.99178347505709 ], [ -78.89302178567911, 35.991783999964589 ], [ -78.893025167640687, 35.991784360048428 ], [ -78.893028545194753, 35.991784857483005 ], [ -78.893034901403126, 35.991785549822282 ], [ -78.893038281252146, 35.991785909903953 ], [ -78.893041661137573, 35.991786242514621 ], [ -78.893045040988923, 35.991786600879109 ], [ -78.893051359166591, 35.991787294901172 ], [ -78.893054707361657, 35.991787627483724 ], [ -78.893058121014022, 35.991787987594385 ], [ -78.893061500899648, 35.991788320204535 ], [ -78.89306488096733, 35.991788515460009 ], [ -78.893068260853013, 35.991788848069938 ], [ -78.893074615167805, 35.991789375579906 ], [ -78.893077995271994, 35.991789543364135 ], [ -78.893081375376198, 35.991789711148321 ], [ -78.89308478709809, 35.991789933901913 ], [ -78.893088135329819, 35.991790239012609 ], [ -78.893091515434051, 35.99179040679649 ], [ -78.893097836164245, 35.991790769450255 ], [ -78.893101216486954, 35.991790772408457 ], [ -78.893104596591257, 35.991790940191969 ], [ -78.893107976695561, 35.991791107975409 ], [ -78.893111357018284, 35.991791110933299 ], [ -78.893114737086222, 35.991791306187423 ], [ -78.89311811719061, 35.991791473970572 ], [ -78.893124472195083, 35.991791481247759 ], [ -78.893127852301731, 35.991791647313725 ], [ -78.893131232624469, 35.99179165027109 ], [ -78.893134612947208, 35.991791653228368 ], [ -78.89313799326996, 35.991791656185505 ], [ -78.893141339789466, 35.991791659113026 ], [ -78.893144751802723, 35.991791662097754 ], [ -78.893148134238174, 35.991791665056489 ], [ -78.893154455441675, 35.991791670585663 ], [ -78.893157835982677, 35.991791508716865 ], [ -78.893161216305444, 35.991791511673433 ], [ -78.893164596846432, 35.991791349804416 ], [ -78.893167977169156, 35.991791352760785 ], [ -78.893171357746525, 35.991791163420778 ], [ -78.893174738069234, 35.991791166376935 ], [ -78.893178118610209, 35.991791004507597 ], [ -78.893184474053413, 35.991790680413949 ], [ -78.89318785463071, 35.991790491073424 ], [ -78.893191235171628, 35.991790329203766 ], [ -78.893194615710229, 35.991790169050901 ], [ -78.893197996217026, 35.991790032934986 ], [ -78.893201376830646, 35.99178981612323 ], [ -78.893204757589672, 35.991789489427752 ], [ -78.893211079265726, 35.991789137832278 ], [ -78.893214460022435, 35.991788812853436 ], [ -78.893217840820014, 35.9917884569698 ], [ -78.893221221360776, 35.991788295099248 ], [ -78.893224602117428, 35.991787970120157 ], [ -78.893230924231858, 35.991787287155901 ], [ -78.893234338612132, 35.991787097843684 ], [ -78.89323771937093, 35.991786771147311 ], [ -78.893241100166051, 35.991786416979942 ], [ -78.893244481142901, 35.991785925457954 ], [ -78.893250803252414, 35.991785245926508 ], [ -78.893254184049695, 35.991784890041863 ], [ -78.893257565062754, 35.991784371048652 ], [ -78.893260945821339, 35.991784044351583 ], [ -78.893267299839223, 35.991783200021615 ], [ -78.893270682967085, 35.991782679312934 ], [ -78.893274061867245, 35.991782160317413 ], [ -78.893280386527252, 35.99178114941855 ], [ -78.893283767321947, 35.991780795250016 ], [ -78.89328714833465, 35.991780276255952 ], [ -78.893290121813976, 35.991779592080192 ], [ -78.893293504902942, 35.99177910055873 ], [ -78.893296883802805, 35.991778581562563 ], [ -78.893300266930297, 35.991778060853036 ], [ -78.893303208716588, 35.991777378366244 ], [ -78.893306589729008, 35.99177685937164 ], [ -78.893309970705047, 35.99177636784782 ], [ -78.893312946296746, 35.991775683673389 ], [ -78.893316327527003, 35.991774999853121 ], [ -78.893319708541512, 35.99177447914127 ], [ -78.893322650327491, 35.991773796653952 ], [ -78.893326031559852, 35.991773111116473 ], [ -78.893329378984433, 35.991772428983261 ], [ -78.893332388381268, 35.991771743120928 ], [ -78.893335769608939, 35.991771061017054 ], [ -78.893339150838784, 35.991770377196161 ], [ -78.893342092626739, 35.991769692991461 ], [ -78.893345473856485, 35.991769009170405 ], [ -78.89334844966551, 35.991768160169627 ], [ -78.893351828782443, 35.991767476346517 ], [ -78.893355212124732, 35.991766792527059 ], [ -78.893358154166577, 35.991765916025685 ], [ -78.893361535396053, 35.991765232204202 ], [ -78.893364511204766, 35.991764383203062 ], [ -78.893367892651966, 35.99176353455595 ], [ -78.893370834657247, 35.991762685525153 ], [ -78.893374182083292, 35.99176200167377 ], [ -78.893377189618533, 35.991761125229111 ], [ -78.893380571067738, 35.991760274864731 ], [ -78.893383515183203, 35.991759427552417 ], [ -78.893386896666314, 35.991758551433904 ], [ -78.89338987269231, 35.991757537606738 ], [ -78.893393254138957, 35.991756688958944 ], [ -78.893396194031041, 35.991755839925666 ], [ -78.893399171988037, 35.991754963454667 ], [ -78.89340255365228, 35.991753949981188 ], [ -78.89340549565685, 35.991753100949566 ], [ -78.893408877357203, 35.991752060005041 ], [ -78.893411853164935, 35.991751211002764 ], [ -78.893414795423382, 35.991750169674617 ], [ -78.893418177087213, 35.991749156200697 ], [ -78.893421153148779, 35.991748114901895 ], [ -78.893424095370676, 35.991747101044417 ], [ -78.89342747707056, 35.991746060099359 ], [ -78.893430453095604, 35.991745046271198 ], [ -78.893433395353554, 35.991744004942611 ], [ -78.893436777016916, 35.991742991468193 ], [ -78.893439750965285, 35.991741950167096 ], [ -78.893442695299456, 35.991740936311004 ], [ -78.893445671360396, 35.991739895011591 ], [ -78.893448613799379, 35.991738716328122 ], [ -78.893452029301841, 35.991737675411855 ], [ -78.893454937973758, 35.991736469227874 ], [ -78.893457947801281, 35.991735455428511 ], [ -78.893460856509307, 35.991734221773463 ], [ -78.893463798911654, 35.991733070560493 ], [ -78.893466808775202, 35.991732029290048 ], [ -78.893470190691545, 35.991730823518409 ], [ -78.89347313105344, 35.991729617361628 ], [ -78.893476107294944, 35.991728438706915 ], [ -78.893479051882025, 35.99172723255365 ], [ -78.893482028159625, 35.991726026427948 ], [ -78.89348497063385, 35.991724820272701 ], [ -78.893487980932036, 35.991723449350914 ], [ -78.89349088960293, 35.991722243166066 ], [ -78.893493899610789, 35.991721092011318 ], [ -78.893496842338593, 35.991719693559446 ], [ -78.893499751009188, 35.991718487374364 ], [ -78.893502761089309, 35.99171728127763 ], [ -78.89350566786463, 35.991715910265171 ], [ -78.893508612668441, 35.991714539285773 ], [ -78.893514159764621, 35.991711989324671 ], [ -78.893517102455434, 35.99171061834322 ], [ -78.893520078949365, 35.991709247391185 ], [ -78.893523021639965, 35.991707876409578 ], [ -78.893525998133711, 35.991706505457387 ], [ -78.893528535185837, 35.9917051341221 ], [ -78.893531477876152, 35.991703763140293 ], [ -78.8935344543696, 35.991702392187868 ], [ -78.893537394947003, 35.991701021204115 ], [ -78.893539932252523, 35.991699457572288 ], [ -78.893542910858372, 35.991698086621511 ], [ -78.89354585350965, 35.991696744827181 ], [ -78.893548390817145, 35.991695179478249 ], [ -78.893551367309996, 35.991693808525426 ], [ -78.893554310219244, 35.991692271000716 ], [ -78.893556847268172, 35.991690901381766 ], [ -78.893559823978194, 35.991689365603321 ], [ -78.893562361282903, 35.991687801971032 ], [ -78.893565302076752, 35.991686266161118 ], [ -78.893568280862894, 35.991684757855232 ], [ -78.893570818167291, 35.99168319422273 ], [ -78.89357375899705, 35.991681630941784 ], [ -78.893576296265024, 35.991680094780051 ], [ -78.893578835645584, 35.991678558620144 ], [ -78.893581812354725, 35.991677022841138 ], [ -78.893584349658624, 35.991675459208388 ], [ -78.89358729256432, 35.991673923399809 ], [ -78.89358983004918, 35.991672222412411 ], [ -78.893592401155971, 35.991670658808914 ], [ -78.893595308145478, 35.991669122968844 ], [ -78.893597881545915, 35.991667422012561 ], [ -78.893600418849218, 35.991665858379442 ], [ -78.893603361971614, 35.99166415774507 ], [ -78.893605897379359, 35.991662429284595 ], [ -78.893608436758811, 35.991660893124049 ], [ -78.893610972130134, 35.991659192134335 ], [ -78.89361351176295, 35.99165746367737 ], [ -78.893616486575326, 35.991655763070277 ], [ -78.893619026207929, 35.991654034613198 ], [ -78.893621563691497, 35.991652333625098 ], [ -78.893624101211188, 35.991650605166093 ], [ -78.893626638694542, 35.991648904177893 ], [ -78.893629176177797, 35.991647203189686 ], [ -78.893631713699421, 35.991645473013527 ], [ -78.893634217413251, 35.991643746241806 ], [ -78.893636788952875, 35.991641852986554 ], [ -78.893639326435704, 35.99164015199807 ], [ -78.893641864171926, 35.991638258713252 ], [ -78.893644401654512, 35.991636557724654 ], [ -78.893646939173237, 35.991634829265188 ], [ -78.893649001552149, 35.991632935566322 ], [ -78.893651575167524, 35.991631069783473 ], [ -78.893654112685908, 35.991629341323801 ], [ -78.893656650421434, 35.991627448038656 ], [ -78.893659188120665, 35.991625582224373 ], [ -78.89366132022036, 35.99162368686909 ], [ -78.893663857736044, 35.99162196012616 ], [ -78.893666395434906, 35.991620094311678 ], [ -78.893668933169877, 35.991618201026299 ], [ -78.893671031463683, 35.991616307358328 ], [ -78.893673569162189, 35.991614441543732 ], [ -78.89367570151245, 35.991612355608822 ], [ -78.893678239210729, 35.991610489794084 ], [ -78.893680776945118, 35.991608596508456 ], [ -78.893682875238383, 35.991606702840272 ], [ -78.893685413189743, 35.991604644729136 ], [ -78.893687545286028, 35.991602751090298 ], [ -78.893689643542785, 35.991600884892897 ], [ -78.89369218149379, 35.991598826781583 ], [ -78.893694313589748, 35.991596933142617 ], [ -78.893696851540511, 35.991594875031218 ], [ -78.893698949833052, 35.991592981362757 ], [ -78.893701082145867, 35.991590922898268 ], [ -78.893703620132484, 35.991588837315803 ], [ -78.893705718388517, 35.991586971118146 ], [ -78.89370785070102, 35.991584912653508 ], [ -78.893709949173981, 35.991582881630336 ], [ -78.893712487160087, 35.991580796047721 ], [ -78.893714619472249, 35.991578737582948 ], [ -78.893716717981093, 35.991576679088766 ], [ -78.893718850293041, 35.99157462062395 ], [ -78.893720948801672, 35.991572562129683 ], [ -78.893723081113407, 35.991570503664803 ], [ -78.893725179621825, 35.991568445170465 ], [ -78.893727311933333, 35.99156638670545 ], [ -78.893729410658636, 35.99156416338564 ], [ -78.893731542969945, 35.991562104920582 ], [ -78.893733641477922, 35.991560046426081 ], [ -78.89373577378899, 35.99155798796096 ], [ -78.893737872513867, 35.991555764640957 ], [ -78.893740004824735, 35.991553706175758 ], [ -78.893742103549357, 35.99155148285567 ], [ -78.893743796419301, 35.991549424008163 ], [ -78.893745928983122, 35.991547173246502 ], [ -78.893748027707417, 35.99154494992635 ], [ -78.893750159981536, 35.991542918931891 ], [ -78.893751853104362, 35.991540667787909 ], [ -78.89375564469772, 35.991536385619895 ], [ -78.893941840192269, 35.991324828920789 ], [ -78.893944818687089, 35.991321919587442 ], [ -78.893947763378605, 35.991319010224707 ], [ -78.89395114725653, 35.991316293539747 ], [ -78.893954968099848, 35.991313851943389 ], [ -78.893957913314608, 35.99131215130204 ], [ -78.893960890255769, 35.9913104232173 ], [ -78.893963830811629, 35.991309052223066 ], [ -78.893968058644944, 35.991307187869225 ], [ -78.893972288193623, 35.991305625697088 ], [ -78.893976515124038, 35.991304448115578 ], [ -78.893981179200452, 35.991303408268074 ], [ -78.893985813229733, 35.991302725516491 ], [ -78.893990478732775, 35.991302207617679 ], [ -78.893994264887851, 35.991302046077749 ], [ -78.893998896118532, 35.991301885271021 ], [ -78.894003560502483, 35.991302218969764 ], [ -78.894008224633922, 35.991302744964678 ], [ -78.894012854745768, 35.991303435755519 ], [ -78.894017516078961, 35.991304483695444 ], [ -78.89402174201787, 35.991305668612178 ], [ -78.894025963226341, 35.991307238117706 ], [ -78.894029343837289, 35.99130861459733 ], [ -78.894033127322473, 35.991310485903249 ], [ -78.894036099715649, 35.991312219150736 ], [ -78.895480093423785, 35.992151491475944 ], [ -78.895483876519478, 35.99215371985796 ], [ -78.895487690843481, 35.992156305388619 ], [ -78.895490630291633, 35.992159054996215 ], [ -78.895494007071264, 35.992161804977897 ], [ -78.895496538303917, 35.992164911358152 ], [ -78.895499069358863, 35.992168155092891 ], [ -78.895501194737804, 35.992171425951405 ], [ -78.895503285886463, 35.992175026431759 ], [ -78.895504971608176, 35.992178461739712 ], [ -78.895506251229008, 35.992182252105323 ], [ -78.895507497291121, 35.992185853579606 ], [ -78.89550793182508, 35.992189644939202 ], [ -78.895508364281923, 35.992193408826175 ], [ -78.895508359158271, 35.992197364635288 ], [ -78.895508356396405, 35.992201128149929 ], [ -78.895507472597785, 35.992204918381809 ], [ -78.895506622638095, 35.992208681171753 ], [ -78.895505333409758, 35.992212307948179 ], [ -78.895504078026946, 35.992215902131825 ], [ -78.895501977765704, 35.992219335917959 ], [ -78.895499843703035, 35.992222767958204 ], [ -78.895497743654929, 35.992226036918879 ], [ -78.894950985807682, 35.992865116802705 ], [ -78.894792272347416, 35.99305040891651 ], [ -78.894789733053258, 35.993053483472337 ], [ -78.894786349094872, 35.993056227649582 ], [ -78.894783404585155, 35.993058972205233 ], [ -78.89478042738213, 35.993060865134197 ], [ -78.894777043853082, 35.993063279660511 ], [ -78.894773254929547, 35.993065501541103 ], [ -78.894769836845228, 35.993066872142592 ], [ -78.894766050750675, 35.993068544607063 ], [ -78.894761417556708, 35.993070133928846 ], [ -78.894757190294413, 35.993071503832866 ], [ -78.894752524263907, 35.993072351411286 ], [ -78.894747892037131, 35.993073199018617 ], [ -78.894743226436546, 35.993073716946022 ], [ -78.894738595105693, 35.99307387778083 ], [ -78.894733961877094, 35.993073873788333 ], [ -78.894729299500398, 35.993073540119518 ], [ -78.894724635261895, 35.993073014152522 ], [ -78.894720005042387, 35.993072323389143 ], [ -78.894715781149259, 35.993071111028364 ], [ -78.894711117807319, 35.993069898288653 ], [ -78.894706892231952, 35.993068356275096 ], [ -78.894703110797309, 35.993066457522318 ], [ -78.894699732213923, 35.993065081064096 ], [ -78.894695913180598, 35.993062852627617 ], [ -78.894680276704293, 35.993053224326069 ], [ -78.894677777198851, 35.993051711270574 ], [ -78.894675243961458, 35.993050143244069 ], [ -78.894672269377779, 35.993048410011511 ], [ -78.894669736104731, 35.993046869455775 ], [ -78.894667204944511, 35.993045328901829 ], [ -78.894664266277744, 35.993043595700044 ], [ -78.89466173300498, 35.993042055144151 ], [ -78.894659199734591, 35.993040512871275 ], [ -78.894656225149376, 35.993038781355246 ], [ -78.894653691876925, 35.993037240799154 ], [ -78.894651160717316, 35.993035700244917 ], [ -78.894648221836007, 35.993034131868036 ], [ -78.894645688563855, 35.993032591311781 ], [ -78.894642715843034, 35.993031050376523 ], [ -78.894640182573355, 35.993029508103234 ], [ -78.894637649550418, 35.993027776967594 ], [ -78.894634710633753, 35.993026236061255 ], [ -78.894632177364372, 35.993024693787831 ], [ -78.89462920467777, 35.99302312709829 ], [ -78.894626669295832, 35.993021584822877 ], [ -78.894623766257951, 35.993020073135085 ], [ -78.894621199003566, 35.993018669903599 ], [ -78.894618665732423, 35.993017129346825 ], [ -78.894615690935879, 35.993015560938176 ], [ -78.894613157664935, 35.993014020381302 ], [ -78.894610220862006, 35.993012479476164 ], [ -78.894607687591261, 35.993010938919127 ], [ -78.894604714907871, 35.993009370512034 ], [ -78.89460177577719, 35.993007994430229 ], [ -78.894599242506757, 35.993006453873043 ], [ -78.894596269787797, 35.993004912936605 ], [ -78.894593770321322, 35.993003372408445 ], [ -78.894590763583537, 35.993001996268042 ], [ -78.894588264189053, 35.993000400797982 ], [ -78.894585291434623, 35.992998887332206 ], [ -78.894582757949408, 35.99299751159996 ], [ -78.894579819034917, 35.992995970692299 ], [ -78.894576843988617, 35.992994594578903 ], [ -78.894574312831793, 35.992993054022989 ], [ -78.89457137370222, 35.992991677940445 ], [ -78.894568838356065, 35.992990109909925 ], [ -78.894565867535619, 35.992988733799876 ], [ -78.894562928585842, 35.992987220362693 ], [ -78.894560395137304, 35.992985817159109 ], [ -78.894557422419837, 35.992984276221705 ], [ -78.894554483290875, 35.992982900138756 ], [ -78.894551913890211, 35.992981524374883 ], [ -78.894549010857403, 35.992980010968367 ], [ -78.894546004157149, 35.992978607355937 ], [ -78.894543502364257, 35.992977231650293 ], [ -78.89454053154472, 35.992975855539598 ], [ -78.894537592667746, 35.992974287160031 ], [ -78.894535057071366, 35.992972911425007 ], [ -78.894532086252141, 35.992971535314126 ], [ -78.894529145011347, 35.992970159228733 ], [ -78.894526613640721, 35.992968783497147 ], [ -78.894523640924547, 35.992967242558933 ], [ -78.894520701796779, 35.99296586647516 ], [ -78.89451772886531, 35.992964490362127 ], [ -78.89451519538234, 35.992963114628452 ], [ -78.894512254142128, 35.992961738542647 ], [ -78.894509283359611, 35.992960334960316 ], [ -78.894506344196415, 35.992958986347098 ], [ -78.894503371265458, 35.992957610233731 ], [ -78.894500837782942, 35.9929562344998 ], [ -78.894497898655956, 35.992954858415459 ], [ -78.894494925509733, 35.992953647127187 ], [ -78.894491984270218, 35.992952271040885 ], [ -78.894489013452471, 35.992950894928981 ], [ -78.894486479934471, 35.992949546665592 ], [ -78.894483540843922, 35.992948143110048 ], [ -78.894480567662228, 35.992946959292269 ], [ -78.894477628535938, 35.992945583207451 ], [ -78.894474655605947, 35.992944207093345 ], [ -78.894471716479842, 35.992942831008371 ], [ -78.894466209853036, 35.992940243984833 ], [ -78.894463270511608, 35.992939032724969 ], [ -78.894460297582114, 35.992937656610522 ], [ -78.894457358454261, 35.99293628224212 ], [ -78.89445438531159, 35.992935069235934 ], [ -78.894451446186153, 35.992933693150476 ], [ -78.894448473005468, 35.992932509331943 ], [ -78.894445533880244, 35.992931133246316 ], [ -78.894442560735683, 35.99292992195678 ], [ -78.894437085801741, 35.992927334959262 ], [ -78.894434114770164, 35.992926123671332 ], [ -78.894431175645408, 35.992924747585377 ], [ -78.894428202465349, 35.992923563766325 ], [ -78.8944252631251, 35.992922352505587 ], [ -78.894422289981165, 35.992921141215525 ], [ -78.894419350856808, 35.992919765129287 ], [ -78.894416377713057, 35.992918553839075 ], [ -78.894413438337196, 35.992917370048922 ], [ -78.89441046519363, 35.992916158758561 ], [ -78.894407525853921, 35.992914947497347 ], [ -78.894404552710512, 35.992913736206916 ], [ -78.894401613586723, 35.992912360120208 ], [ -78.894398640407545, 35.992911176300446 ], [ -78.894395698955464, 35.99290996503715 ], [ -78.894392725812409, 35.99290875374637 ], [ -78.894389788585983, 35.99290754248657 ], [ -78.894386815407159, 35.992906358666509 ], [ -78.894383873955434, 35.992905147402958 ], [ -78.894380902925477, 35.99290393611367 ], [ -78.89437796333489, 35.992902917148001 ], [ -78.894374584548103, 35.992901705506014 ], [ -78.894371611405674, 35.992900494214744 ], [ -78.894368669954403, 35.992899282950752 ], [ -78.894365698888919, 35.992898099132042 ], [ -78.894362759550532, 35.99289688786974 ], [ -78.894359786192652, 35.992895841403509 ], [ -78.894356846818454, 35.992894657611934 ], [ -78.894353873676565, 35.992893446320203 ], [ -78.89435093412267, 35.992892399882997 ], [ -78.894347960944984, 35.992891216061956 ], [ -78.894344582159135, 35.992890004419195 ], [ -78.894341642605497, 35.992888957981734 ], [ -78.894338669428066, 35.992887774160522 ], [ -78.89433572987457, 35.992886727722919 ], [ -78.894332756731032, 35.992885518147581 ], [ -78.894329817141738, 35.992884499180711 ], [ -78.89432684400289, 35.992883286171399 ], [ -78.89432346496578, 35.992882266824225 ], [ -78.894320525628615, 35.992881055560929 ], [ -78.894317552271858, 35.992880009093611 ], [ -78.894314612718929, 35.992878962655496 ], [ -78.894311639506284, 35.992877806304541 ], [ -78.894308260505596, 35.992876759486037 ], [ -78.894305318840168, 35.992875713045862 ], [ -78.89430234781247, 35.992874501754699 ], [ -78.894299408223972, 35.992873482787118 ], [ -78.894296434867755, 35.99287243631931 ], [ -78.894293055831497, 35.992871416971276 ], [ -78.894290116279194, 35.992870370532586 ], [ -78.89428714285124, 35.992869379006336 ], [ -78.894284203551067, 35.99286814027127 ], [ -78.89428082451515, 35.992867120922867 ], [ -78.89427785115943, 35.992866074454632 ], [ -78.8942749115715, 35.992865055486426 ], [ -78.894271938215937, 35.992864009018035 ], [ -78.894268559180347, 35.992862989669298 ], [ -78.894265653432313, 35.992861943259314 ], [ -78.894262646203543, 35.992860949986245 ], [ -78.89425926723797, 35.992859877412428 ], [ -78.894256327434491, 35.992859023269126 ], [ -78.894253354079368, 35.992857976800309 ], [ -78.894250414492063, 35.992856957831499 ], [ -78.894247035493052, 35.992855911011326 ], [ -78.89424406210216, 35.992854892013121 ], [ -78.894241122299007, 35.992854037869421 ], [ -78.894237743300238, 35.992852991049013 ], [ -78.894234769909573, 35.992851972050566 ], [ -78.894231830140399, 35.992851092152726 ], [ -78.894228451108106, 35.992850071085989 ], [ -78.894225477753665, 35.992849024616419 ], [ -78.894222537950938, 35.992848170472328 ], [ -78.894219158916641, 35.992847151122234 ], [ -78.894216185346309, 35.992846269477823 ], [ -78.8942132457599, 35.992845250508132 ], [ -78.894209866509698, 35.992844395983134 ], [ -78.89420689315574, 35.992843349513144 ], [ -78.894203513941719, 35.99284246751705 ], [ -78.89420057435558, 35.992841448547118 ], [ -78.894197600747404, 35.992840596090019 ], [ -78.894194221499816, 35.992839739847682 ], [ -78.894191281949944, 35.992838693406597 ], [ -78.894188308344212, 35.992837839232351 ], [ -78.894184960785537, 35.992836984734126 ], [ -78.89418195574126, 35.992835938236063 ], [ -78.894178610295455, 35.992835083739479 ], [ -78.89417563668998, 35.992834229564949 ], [ -78.894172257440644, 35.992833375038906 ], [ -78.894169317675065, 35.992832493422618 ], [ -78.894166344069802, 35.992831639247839 ], [ -78.894162965036884, 35.99283061989621 ], [ -78.894160025271518, 35.99282973827971 ], [ -78.894156646022537, 35.992828883753226 ], [ -78.894153670268764, 35.992828057047213 ], [ -78.894150291055951, 35.992827175049648 ], [ -78.894147353401323, 35.992826295151616 ], [ -78.894143974154872, 35.992825438907857 ], [ -78.894140998221118, 35.992824749555972 ], [ -78.894138060532882, 35.992823895411647 ], [ -78.89413468128437, 35.992823040884574 ], [ -78.894131707713598, 35.992822160955008 ], [ -78.894128326354775, 35.992821304708997 ], [ -78.894125422470395, 35.992820450593655 ], [ -78.894122009202221, 35.992819760862254 ], [ -78.894119035597924, 35.992818906686317 ], [ -78.894115656385878, 35.992818024687864 ], [ -78.894112716369094, 35.992817335366404 ], [ -78.894109337121122, 35.99281648083862 ], [ -78.894106363517068, 35.992815626662399 ], [ -78.894102984052878, 35.992814936959761 ], [ -78.894100044252681, 35.992814082812693 ], [ -78.89409666478862, 35.992813393109898 ], [ -78.894093285574783, 35.992812512827726 ], [ -78.894090311756926, 35.992811821759489 ], [ -78.894086932509424, 35.992810967231094 ], [ -78.894083992493151, 35.992810277908973 ], [ -78.894080644936665, 35.992809423407884 ], [ -78.894077639425873, 35.992808734028792 ], [ -78.894074257847222, 35.992808046040444 ], [ -78.894071320162581, 35.992807190177579 ], [ -78.894067940699031, 35.992806500474011 ], [ -78.89406496687937, 35.992805811122111 ], [ -78.894061587666201, 35.99280493083905 ], [ -78.894058206092367, 35.992804239416451 ], [ -78.894055268153224, 35.992803577566299 ], [ -78.894051888726068, 35.992802860391393 ], [ -78.894048914906648, 35.992802171039109 ], [ -78.894045535443524, 35.992801481334887 ], [ -78.894042153867716, 35.992800791628774 ], [ -78.89403921596265, 35.99280010402429 ], [ -78.894035870305544, 35.992799412632209 ], [ -78.894032862682806, 35.992798723250232 ], [ -78.894029483219938, 35.992798033545569 ], [ -78.894026103757156, 35.992797343840799 ], [ -78.894023163741878, 35.992796654517207 ], [ -78.894019782168741, 35.992795963093528 ], [ -78.894016810460315, 35.992795275459201 ], [ -78.894013430997759, 35.992794585754119 ], [ -78.894010051535219, 35.992793896048937 ], [ -78.894003731769089, 35.992792736786662 ], [ -78.894000350230101, 35.992792019608459 ], [ -78.893997378524261, 35.992791330256729 ], [ -78.893993998845446, 35.992790805376458 ], [ -78.893991092634309, 35.992790116081409 ], [ -78.893987677255822, 35.992789426344402 ], [ -78.893984299689876, 35.992788901465687 ], [ -78.893981323758837, 35.992788212109929 ], [ -78.893977944080248, 35.992787687229168 ], [ -78.893974566733306, 35.992786995807897 ], [ -78.893968244889336, 35.992785810788014 ], [ -78.893964865210933, 35.992785285906884 ], [ -78.893961893505647, 35.992784596554309 ], [ -78.893958513827329, 35.992784071673043 ], [ -78.893955167954985, 35.992783545104082 ], [ -78.893952160331267, 35.992782857437021 ], [ -78.893948812307912, 35.992782360053837 ], [ -78.893945434742506, 35.992781835174021 ], [ -78.893942052951687, 35.992781310290468 ], [ -78.893939081246756, 35.992780620937339 ], [ -78.893935701568751, 35.992780096055419 ], [ -78.893932321854678, 35.992779598644262 ], [ -78.893926001944038, 35.992778550978514 ], [ -78.893922622268477, 35.992778024379291 ], [ -78.893916234714624, 35.992777004125188 ], [ -78.893912888842792, 35.992776477555068 ], [ -78.893909509165169, 35.99277595267241 ], [ -78.893903187108492, 35.992774930757591 ], [ -78.893899809543697, 35.99277440587651 ], [ -78.893896427753489, 35.99277388099167 ], [ -78.893890076118893, 35.992772859050461 ], [ -78.893886696224754, 35.992772498992551 ], [ -78.893880374168646, 35.992771477076516 ], [ -78.893876996604135, 35.992770952194803 ], [ -78.893873616673986, 35.992770619607377 ], [ -78.893867262746511, 35.992769735017632 ], [ -78.893863883033305, 35.992769237604598 ], [ -78.893860503356294, 35.992768712720597 ], [ -78.893854181083938, 35.992767855628571 ], [ -78.893850837106498, 35.992767495600845 ], [ -78.893847423589875, 35.992766998157997 ], [ -78.893844043696163, 35.992766638098878 ], [ -78.893837689769313, 35.992765753507577 ], [ -78.893834309839562, 35.992765420919064 ], [ -78.893830929909825, 35.992765088330486 ], [ -78.893824607674233, 35.992764203766029 ], [ -78.893821229857295, 35.992763871178987 ], [ -78.89381781616018, 35.992763511089791 ], [ -78.893811496001376, 35.992762653997374 ], [ -78.893808116071853, 35.992762321408158 ], [ -78.89380473617851, 35.992761961347966 ], [ -78.893801356249028, 35.992761628758501 ], [ -78.893795035909775, 35.992760909019736 ], [ -78.893791653867666, 35.992760576428225 ], [ -78.893788276051026, 35.992760243840287 ], [ -78.893784896157854, 35.992759883779513 ], [ -78.893778541979017, 35.992759191481369 ], [ -78.89377516183275, 35.992759023716552 ], [ -78.89377178194195, 35.992758661938517 ], [ -78.893768402010494, 35.99275833106514 ], [ -78.893762081418572, 35.992757803620854 ], [ -78.893758701489432, 35.992757471030245 ], [ -78.893755321596515, 35.992757110968675 ], [ -78.893751941450375, 35.99275694320324 ], [ -78.893748561557501, 35.992756583141492 ], [ -78.893742207089787, 35.992756110608532 ], [ -78.893738827233165, 35.992755723075632 ], [ -78.893735447084865, 35.992755557026676 ], [ -78.893732067194378, 35.992755195247504 ], [ -78.893728687046121, 35.992755029198385 ], [ -78.893722332653297, 35.992754500005717 ], [ -78.893718986308727, 35.992754333985658 ], [ -78.893715606382187, 35.992753999676971 ], [ -78.893712226272456, 35.992753804439559 ], [ -78.893705871839074, 35.992753306150739 ], [ -78.893702491731659, 35.992753109196137 ], [ -78.893699111585818, 35.992752941429266 ], [ -78.893695731439962, 35.992752773662225 ], [ -78.893692317490533, 35.992752605865725 ], [ -78.893688971186762, 35.992752408940198 ], [ -78.893682650557338, 35.99275191067958 ], [ -78.893679270447763, 35.992751715441237 ], [ -78.893675890302021, 35.992751547673706 ], [ -78.893672510156279, 35.992751379906089 ], [ -78.893669129976601, 35.992751237892307 ], [ -78.893662775181596, 35.992751014310187 ], [ -78.893659395035911, 35.992750846542194 ], [ -78.893656014890226, 35.992750678774044 ], [ -78.893652634744569, 35.992750511005887 ], [ -78.893649254635122, 35.992750315766735 ], [ -78.893645874272195, 35.992750312823709 ], [ -78.893639553428187, 35.992749977669305 ], [ -78.893636173282573, 35.992749809900666 ], [ -78.893632759116031, 35.992749806927854 ], [ -78.893629412810313, 35.992749611717549 ], [ -78.893626032447415, 35.992749608773991 ], [ -78.893619677799833, 35.992749273589119 ], [ -78.893616297436949, 35.992749270645255 ], [ -78.893612917074066, 35.992749267701321 ], [ -78.893609534815823, 35.992749099930109 ], [ -78.893606154452939, 35.992749096985953 ], [ -78.893602742652803, 35.992748901717924 ], [ -78.893596455177885, 35.992748896241409 ], [ -78.893593075032413, 35.992748728471554 ], [ -78.893589694669558, 35.992748725526994 ], [ -78.893586314306702, 35.992748722582292 ], [ -78.893582934161259, 35.992748554812181 ], [ -78.893579553798403, 35.992748551867294 ], [ -78.89357620723915, 35.992748548951795 ], [ -78.893569816238383, 35.992748545100682 ], [ -78.893566435877787, 35.992748540438491 ], [ -78.893563057627645, 35.992748537495025 ], [ -78.89355967515209, 35.992748534547786 ], [ -78.893556296901963, 35.992748531604114 ], [ -78.893552916539107, 35.992748528658481 ], [ -78.893546595260617, 35.992748523149977 ], [ -78.893543181094117, 35.992748520174622 ], [ -78.893539834532646, 35.992748518975091 ], [ -78.893536454172079, 35.992748514312069 ], [ -78.893533073809209, 35.992748511365896 ], [ -78.893529693228857, 35.992748673245025 ], [ -78.893523336033923, 35.992748667703999 ], [ -78.893519957783795, 35.992748664759318 ], [ -78.893516575090644, 35.992748826636209 ], [ -78.893513163036943, 35.992748823661898 ], [ -78.893509816477675, 35.992748820744559 ], [ -78.893506435860957, 35.992749010093888 ], [ -78.893500114364841, 35.992749169408306 ], [ -78.893496734001971, 35.992749166461138 ], [ -78.893493353419231, 35.992749330056149 ], [ -78.893489973058621, 35.992749325391877 ], [ -78.893486626281714, 35.992749487299271 ], [ -78.893483211861351, 35.992749676618466 ] ] ], [ [ [ -78.898211827439297, 35.992489987464367 ], [ -78.897592392659192, 35.992131660940935 ], [ -78.897667309075104, 35.992045355127104 ], [ -78.898225784363447, 35.992466319157614 ], [ -78.898405212079055, 35.992601735338496 ], [ -78.898211827439297, 35.992489987464367 ] ] ], [ [ [ -78.898443818024603, 35.993271288657823 ], [ -78.898609606064355, 35.993367904224215 ], [ -78.898378632208377, 35.99362794424858 ], [ -78.898213927160981, 35.99353179628676 ], [ -78.898076648975547, 35.993451659057058 ], [ -78.897939402753991, 35.993371521697071 ], [ -78.897610094409728, 35.993179251897985 ], [ -78.897404043940696, 35.993058948698447 ], [ -78.897205560481552, 35.99294307433096 ], [ -78.896992586622474, 35.992818728090676 ], [ -78.896994414652852, 35.992816667596244 ], [ -78.897295088456389, 35.992479385548478 ], [ -78.89749985799844, 35.992249680843507 ], [ -78.897708304061354, 35.992370313861478 ], [ -78.897899899388122, 35.992481156219753 ], [ -78.898111488291704, 35.99260511686299 ], [ -78.898193468404145, 35.99265364391939 ], [ -78.89888214582777, 35.993061252535654 ], [ -78.898668745618082, 35.993300951736806 ], [ -78.897979248885676, 35.992898917868906 ], [ -78.897896862382922, 35.992850884810373 ], [ -78.897837992356756, 35.992918304167169 ], [ -78.898169093094623, 35.993111206697314 ], [ -78.898306438504122, 35.993191261477435 ], [ -78.898443818024603, 35.993271288657823 ] ] ], [ [ [ -78.895941051775353, 35.993817144616941 ], [ -78.895937670056512, 35.993818158159854 ], [ -78.895934288762845, 35.993818842052143 ], [ -78.895930468016076, 35.993819525569954 ], [ -78.895927053343513, 35.993819879782663 ], [ -78.8959237065271, 35.993820041756727 ], [ -78.895919920682999, 35.993819873705753 ], [ -78.895916540487832, 35.993819706000288 ], [ -78.895913160753437, 35.993819181173301 ], [ -78.895909781019085, 35.993818656346207 ], [ -78.895906435514192, 35.993817801897286 ], [ -78.895903022687065, 35.993816725906726 ], [ -78.895899643765972, 35.993815570966028 ], [ -78.895895826138641, 35.993813837045373 ], [ -78.895891603961573, 35.993811251181668 ], [ -78.895430147567367, 35.993520022500242 ], [ -78.894967415114706, 35.993228076698465 ], [ -78.894964037843408, 35.993225683824896 ], [ -78.89496150380343, 35.993223101096817 ], [ -78.894959379389036, 35.99322070758344 ], [ -78.89495772471831, 35.993217765055668 ], [ -78.894956006839848, 35.993214688552783 ], [ -78.894955165356976, 35.993211913266606 ], [ -78.894954729446283, 35.993209194988005 ], [ -78.894954328738891, 35.993205401940067 ], [ -78.894955178734847, 35.993201639155473 ], [ -78.894956028086881, 35.993198370846812 ], [ -78.894957316638099, 35.993195295212175 ], [ -78.894959416731069, 35.993192027978985 ], [ -78.895188785769989, 35.992924218719821 ], [ -78.895362292774081, 35.99272157713331 ], [ -78.895735982042439, 35.992284779323001 ], [ -78.89623292738338, 35.992573482351368 ], [ -78.896747643652802, 35.992872639010756 ], [ -78.896508522384408, 35.993157638012882 ], [ -78.89631852439598, 35.993383947123405 ], [ -78.8962254245602, 35.993492021055175 ], [ -78.89612639968702, 35.993607149897841 ], [ -78.895964294200226, 35.993802412535153 ], [ -78.895962195478276, 35.993804635891429 ], [ -78.895959657303223, 35.993806858873398 ], [ -78.895957083423767, 35.993808916999413 ], [ -78.895954581590445, 35.993810810361339 ], [ -78.895951604635144, 35.993812511022114 ], [ -78.89594866169648, 35.993814046886357 ], [ -78.895944839603601, 35.993815774298028 ], [ -78.895941051775353, 35.993817144616941 ] ] ], [ [ [ -78.891138384148547, 35.993150746961604 ], [ -78.891141330900666, 35.993148000778845 ], [ -78.891144712874151, 35.993145256700828 ], [ -78.89114769016561, 35.993143363860568 ], [ -78.891151481305386, 35.993141142094359 ], [ -78.891154456039018, 35.993139578902671 ], [ -78.891157401157116, 35.993138043155412 ], [ -78.891161628928771, 35.993136343725354 ], [ -78.89116585625554, 35.993134973945814 ], [ -78.891170083579851, 35.993133605883031 ], [ -78.891174749913247, 35.993132564428393 ], [ -78.891179379845866, 35.993131881779981 ], [ -78.891184047585455, 35.993131363990628 ], [ -78.891192059305482, 35.99313120630157 ], [ -78.891360291703606, 35.993112977989895 ], [ -78.89157916757604, 35.993090702955868 ], [ -78.891850446049801, 35.99306333343899 ], [ -78.891959106123366, 35.993052386281761 ], [ -78.892306488959548, 35.993015799584605 ], [ -78.892950541123398, 35.992947853211284 ], [ -78.893351171399317, 35.992905623712858 ], [ -78.893355570566314, 35.993081084313346 ], [ -78.893359172695085, 35.993245775606617 ], [ -78.893363143594954, 35.993412802238701 ], [ -78.893334002556983, 35.993414342638779 ], [ -78.893339236561658, 35.993623126150538 ], [ -78.893344436789263, 35.993831909615423 ], [ -78.892992399353432, 35.993858385883136 ], [ -78.892802671617915, 35.993872641766359 ], [ -78.892626465749942, 35.993886689473705 ], [ -78.892622239784316, 35.993887025711643 ], [ -78.89241432227729, 35.993903534785282 ], [ -78.892159054851945, 35.993938005460919 ], [ -78.891985808704476, 35.993937852396741 ], [ -78.89166784011168, 35.993941196990043 ], [ -78.891608886903271, 35.993941831467716 ], [ -78.891602736623497, 35.993789334988186 ], [ -78.891381758348757, 35.993789962829794 ], [ -78.891069069421761, 35.993790673351086 ], [ -78.891107257608567, 35.993347629034631 ], [ -78.891122690839268, 35.993181965691996 ], [ -78.89112313748079, 35.993178202574356 ], [ -78.891123987692225, 35.993174412345475 ], [ -78.891125243289693, 35.993170814774317 ], [ -78.891126532688602, 35.993167218950227 ], [ -78.891128227774686, 35.993163592582924 ], [ -78.891130362048173, 35.993160160620306 ], [ -78.891132865791022, 35.993156921283351 ], [ -78.891135407377632, 35.993153819334701 ], [ -78.891138384148547, 35.993150746961604 ] ] ], [ [ [ -78.89824125981869, 35.99375790465232 ], [ -78.898244562948619, 35.99376557178747 ], [ -78.898246175391108, 35.993773622107035 ], [ -78.898246061609981, 35.993781753401343 ], [ -78.898244194416137, 35.993789745880591 ], [ -78.898240635390749, 35.993797352357703 ], [ -78.898235520027015, 35.993804353178184 ], [ -78.897593844506218, 35.994529708138444 ], [ -78.897524141180384, 35.994608463700644 ], [ -78.897502917979665, 35.994628691948748 ], [ -78.897478692581231, 35.994645538752813 ], [ -78.89745112669749, 35.994659196123401 ], [ -78.89742126463571, 35.994669197929966 ], [ -78.897389818859267, 35.994675187647537 ], [ -78.897357600888824, 35.99467700113145 ], [ -78.897325455770329, 35.994674694033115 ], [ -78.897294127241125, 35.994668239507121 ], [ -78.897272671290082, 35.994660474672258 ], [ -78.897252435626427, 35.994650101124577 ], [ -78.896827169230036, 35.994389016368622 ], [ -78.896642778405777, 35.994275817728528 ], [ -78.896475950997413, 35.994172907808768 ], [ -78.8961064245958, 35.993945986582965 ], [ -78.896100007825481, 35.993941311071062 ], [ -78.896094673884861, 35.993935784881714 ], [ -78.896090557709456, 35.993929626180176 ], [ -78.896087760492563, 35.993923005028805 ], [ -78.896086417244632, 35.993916081217321 ], [ -78.896086527715497, 35.993909048758795 ], [ -78.896088125354979, 35.993902182390713 ], [ -78.896091108608886, 35.993895591910302 ], [ -78.896095443354341, 35.993889524526601 ], [ -78.896863839294014, 35.992995255749648 ], [ -78.896868947971527, 35.99299023288475 ], [ -78.89687497266155, 35.992985925036798 ], [ -78.896881737901907, 35.992982414470383 ], [ -78.896889144218719, 35.992979838455831 ], [ -78.896896921112145, 35.992978251706703 ], [ -78.896904899563793, 35.992977654080256 ], [ -78.896912910449998, 35.992978127846435 ], [ -78.896920751054139, 35.992979590421491 ], [ -78.89692818475028, 35.992982041605721 ], [ -78.896935042590187, 35.992985426314888 ], [ -78.897083328141079, 35.993072331963525 ], [ -78.897290255806197, 35.993193625394269 ], [ -78.897513805459567, 35.993324574705611 ], [ -78.897713202065489, 35.99344119103305 ], [ -78.897929792295315, 35.993568232872157 ], [ -78.8982224207587, 35.993739181268417 ], [ -78.898230019978357, 35.993744491202037 ], [ -78.898236333367322, 35.993750813053801 ], [ -78.89824125981869, 35.99375790465232 ] ] ], [ [ [ -78.896859909812378, 35.994614580119347 ], [ -78.896862443176488, 35.994616120628663 ], [ -78.896865415752245, 35.994617853805053 ], [ -78.896867949116569, 35.994619394314299 ], [ -78.896870482270273, 35.99462109964869 ], [ -78.896873015599652, 35.994622667628668 ], [ -78.89687595232887, 35.994624345832726 ], [ -78.896878453966863, 35.994625913785889 ], [ -78.896881020890234, 35.994627646619477 ], [ -78.896883552142398, 35.994629187126556 ], [ -78.896886085261627, 35.994630919931495 ], [ -78.89688905998635, 35.994632625638253 ], [ -78.896891593349366, 35.994634167863914 ], [ -78.896894126471111, 35.994635898951714 ], [ -78.896896659836543, 35.994637439460341 ], [ -78.896899192956297, 35.994639172265025 ], [ -78.896901726111295, 35.994640877598734 ], [ -78.896904665127877, 35.994642420166514 ], [ -78.896907196137391, 35.994644151252253 ], [ -78.896909729292702, 35.994645856585841 ], [ -78.89691226237791, 35.99464761686108 ], [ -78.896914797891924, 35.994649129900203 ], [ -78.896917362704116, 35.994650862731241 ], [ -78.896919862055398, 35.994652568036045 ], [ -78.896922397288932, 35.994654300841987 ], [ -78.896925370113067, 35.994655841720807 ], [ -78.89692790326913, 35.994657547054025 ], [ -78.896930436390207, 35.994659279858027 ], [ -78.896932969546469, 35.994660985191118 ], [ -78.896935502667773, 35.994662717994977 ], [ -78.896938035859364, 35.994664395857093 ], [ -78.896940569156328, 35.994665991306498 ], [ -78.896943102313017, 35.994667696639354 ], [ -78.896945635434733, 35.994669429443036 ], [ -78.896948168591663, 35.9946711347758 ], [ -78.896950701713578, 35.994672867579354 ], [ -78.896953268675119, 35.994674572940511 ], [ -78.896955767992864, 35.994676305715451 ], [ -78.896958301150207, 35.994678011047988 ], [ -78.896960834272576, 35.99467974385135 ], [ -78.896963367430118, 35.994681449183794 ], [ -78.896966306205954, 35.994683182329155 ], [ -78.896968839363751, 35.994684887661485 ], [ -78.896971372486547, 35.994686620464599 ], [ -78.896973871840146, 35.99468832576833 ], [ -78.896976438800465, 35.994690032845902 ], [ -78.896978971925776, 35.994691763931961 ], [ -78.896983632554139, 35.994695201724774 ], [ -78.896986165467112, 35.994697099352798 ], [ -78.896988698625776, 35.994698804684717 ], [ -78.896991231749425, 35.994700537487411 ], [ -78.896993764908288, 35.994702242819194 ], [ -78.896996298032178, 35.994703975621796 ], [ -78.896998831226313, 35.994705653482605 ], [ -78.897001364104895, 35.994707578581163 ], [ -78.897003861311873, 35.99470931135334 ], [ -78.897006430388515, 35.994711016715137 ], [ -78.897008963512945, 35.994712749517447 ], [ -78.897011496462156, 35.994714619674134 ], [ -78.897014029586799, 35.994716352476324 ], [ -78.897016560633858, 35.994718057805883 ], [ -78.897019095661108, 35.994719955434981 ], [ -78.897023722488271, 35.994723393197731 ], [ -78.897026255368004, 35.994725318295806 ], [ -78.897028788563446, 35.994726996155961 ], [ -78.897031321688871, 35.994728728957824 ], [ -78.897033854604032, 35.994730626584833 ], [ -78.897036387764729, 35.994732331915721 ], [ -78.897041048185315, 35.994735936248425 ], [ -78.897043581313483, 35.994737667333112 ], [ -78.897046114229198, 35.994739564959843 ], [ -78.897048613585952, 35.994741270262004 ], [ -78.897051180306391, 35.994743167917157 ], [ -78.897055806925934, 35.994746770503873 ], [ -78.897058340052538, 35.994748503305125 ], [ -78.897060873004008, 35.994750373460754 ], [ -78.8970633723264, 35.994752106233427 ], [ -78.897065533393885, 35.994754003546412 ], [ -78.897068066556002, 35.994755708876653 ], [ -78.897070599472855, 35.994757606502894 ], [ -78.897073132389821, 35.994759504129071 ], [ -78.897077759011268, 35.994763106714942 ], [ -78.897080291928603, 35.994765004340969 ], [ -78.89708282509136, 35.994766709670884 ], [ -78.897084952355243, 35.99476860695507 ], [ -78.897087519079534, 35.994770502892479 ], [ -78.897090018436003, 35.994772209910678 ], [ -78.897092111895617, 35.994774107166243 ], [ -78.897094644813649, 35.99477600479198 ], [ -78.897097177977045, 35.994777710121582 ], [ -78.897099710895304, 35.994779607747198 ], [ -78.897101838159898, 35.994781505031042 ], [ -78.8971043711134, 35.99478337518574 ], [ -78.897106904031972, 35.994785272811193 ], [ -78.897111530656431, 35.994788875395741 ], [ -78.897114063575373, 35.994790773021073 ], [ -78.897116190840606, 35.99479267030469 ], [ -78.897118723722528, 35.994794597117682 ], [ -78.897120817255683, 35.994796437714065 ], [ -78.897123350350228, 35.994798197984878 ], [ -78.897125883304753, 35.994800068139057 ], [ -78.897128010605556, 35.994801937951571 ], [ -78.897130543525265, 35.994803835576555 ], [ -78.897133076445101, 35.99480573320146 ], [ -78.897135169906633, 35.994807630456243 ], [ -78.897137702861741, 35.994809500610224 ], [ -78.897139828048083, 35.994811372137669 ], [ -78.897142363048332, 35.994813295518099 ], [ -78.897144456512464, 35.9948151910558 ], [ -78.897147021157537, 35.994817062953167 ], [ -78.897149522386457, 35.994818960551051 ], [ -78.897151649653281, 35.994820857834014 ], [ -78.897154182574155, 35.994822755458479 ], [ -78.897156276071641, 35.994824625242082 ], [ -78.897158808992742, 35.994826522866397 ], [ -78.897160936259993, 35.994828420149204 ], [ -78.897163467070726, 35.994830316054788 ], [ -78.897165562679191, 35.994832187556874 ], [ -78.897168095390654, 35.994834250006264 ], [ -78.897170222658332, 35.994836147288915 ], [ -78.897172755580115, 35.994838044912932 ], [ -78.897174849043409, 35.994839942167069 ], [ -78.89717738196542, 35.994841839791029 ], [ -78.897179509268511, 35.994843709602634 ], [ -78.897182041980699, 35.994845772051697 ], [ -78.897184135444419, 35.994847669305649 ], [ -78.897186668366885, 35.99484956692941 ], [ -78.89718876189869, 35.994851410958447 ], [ -78.89719132838303, 35.994853499189745 ], [ -78.897193421847163, 35.994855396443498 ], [ -78.897195549118194, 35.994857292008767 ], [ -78.89719807992627, 35.994859191347409 ], [ -78.897200175293463, 35.994861253428056 ], [ -78.89720270825174, 35.994863123580636 ], [ -78.897204835520981, 35.994865020862655 ], [ -78.897206928775702, 35.994867082941404 ], [ -78.897209461699333, 35.994868980564682 ], [ -78.897211586858276, 35.994870876127855 ], [ -78.897214121682723, 35.994872940294954 ], [ -78.897216215182894, 35.994874810077476 ], [ -78.897218340129982, 35.99487687218268 ], [ -78.897220875166965, 35.994878769807471 ], [ -78.897222968667435, 35.994880639589852 ], [ -78.897225095692647, 35.994882729167607 ], [ -78.897227594814808, 35.994884625045096 ], [ -78.897229719762407, 35.9948866871501 ], [ -78.897231847065711, 35.994888558677729 ], [ -78.897234381893398, 35.994890621127439 ], [ -78.897236509164074, 35.994892518408889 ], [ -78.897238602420359, 35.994894580487035 ], [ -78.897241133232825, 35.994896478107883 ], [ -78.897243228602079, 35.994898540187748 ], [ -78.897245353760411, 35.994900437467273 ], [ -78.897247888588851, 35.994902499916712 ], [ -78.897249979977772, 35.994904369696819 ], [ -78.896861894398981, 35.995389096245574 ], [ -78.89685935707692, 35.995390632473274 ], [ -78.896856853350926, 35.995392331837763 ], [ -78.896854282184449, 35.995393898941508 ], [ -78.896851744866481, 35.995395431735204 ], [ -78.896849207544051, 35.995396967962726 ], [ -78.896845824644132, 35.99539886231468 ], [ -78.896843287321474, 35.995400398542039 ], [ -78.896839464540278, 35.995402620456154 ], [ -78.896835676196005, 35.995404347923127 ], [ -78.896832293543611, 35.995406048261763 ], [ -78.896828065526535, 35.995407940182574 ], [ -78.896823803704493, 35.995409832074664 ], [ -78.896819609491786, 35.995411724023725 ], [ -78.896816227260373, 35.995413094711552 ], [ -78.896813250931743, 35.995414273445874 ], [ -78.896809463043198, 35.995415643790871 ], [ -78.896806486887883, 35.995416686887637 ], [ -78.896803544576827, 35.995417699108231 ], [ -78.896799720981207, 35.995418904597337 ], [ -78.896796780745447, 35.995419946007317 ], [ -78.896792959508403, 35.995420959202008 ], [ -78.896789171830051, 35.995422164721184 ], [ -78.896785348690898, 35.99542301308869 ], [ -78.896782408700858, 35.995423862202273 ], [ -78.89677858763919, 35.995424738042175 ], [ -78.896774798093745, 35.995425751263113 ], [ -78.896771419028326, 35.995426297825603 ], [ -78.896767595923947, 35.995427118721665 ], [ -78.896763808912894, 35.995427802293655 ], [ -78.89503337162202, 35.99480891929052 ], [ -78.894728022704939, 35.994699624534739 ], [ -78.894131654054348, 35.994485880015148 ], [ -78.894128680388519, 35.994485025839971 ], [ -78.894123610109986, 35.99448312595338 ], [ -78.894118138405005, 35.994481225718602 ], [ -78.89411307023974, 35.994479325833346 ], [ -78.894107560255136, 35.994477616144245 ], [ -78.894102492088081, 35.994475717975511 ], [ -78.89409955434013, 35.994474863830781 ], [ -78.894094486175689, 35.99447296394478 ], [ -78.894091512510741, 35.994472109768751 ], [ -78.894086441981429, 35.99447040217661 ], [ -78.894083504269915, 35.994469520560706 ], [ -78.894078469658012, 35.994467812999382 ], [ -78.894075460112418, 35.994466931320957 ], [ -78.894070393809315, 35.994465223731844 ], [ -78.894067453985386, 35.994464342113709 ], [ -78.894062385569839, 35.994462634522421 ], [ -78.894059411905602, 35.994461780345588 ], [ -78.894054309722165, 35.994460045253817 ], [ -78.894051403666836, 35.994459191135441 ], [ -78.894045895795443, 35.994457483162329 ], [ -78.894040827200357, 35.994455912924543 ], [ -78.894037887341028, 35.994455058776502 ], [ -78.894032377140931, 35.994453515626205 ], [ -78.894027308762887, 35.994451780562613 ], [ -78.894024368687312, 35.994451091239483 ], [ -78.894018862713281, 35.994449548092227 ], [ -78.894013388645362, 35.994447841863895 ], [ -78.894007880597357, 35.994446269526527 ], [ -78.894002811967638, 35.994444726758026 ], [ -78.893999871892532, 35.994444037434292 ], [ -78.893994363806684, 35.994442494284122 ], [ -78.89399013795655, 35.994441117071815 ], [ -78.893985916548701, 35.994439575037809 ], [ -78.893982537920039, 35.994438198560488 ], [ -78.893979598747904, 35.9944368224645 ], [ -78.89397662627691, 35.99443506174687 ], [ -78.893973248731754, 35.994432861143174 ], [ -78.89397030813322, 35.994430963098516 ], [ -78.893967339075232, 35.9944282134311 ], [ -78.89396396221666, 35.994425490880587 ], [ -78.893961023207396, 35.994422384117321 ], [ -78.893958491963019, 35.994419277708012 ], [ -78.893956368700174, 35.994416006827343 ], [ -78.893954275233028, 35.994412571147116 ], [ -78.893952591860113, 35.994408970997405 ], [ -78.893951309913675, 35.994405371196137 ], [ -78.893950032192905, 35.994401771398515 ], [ -78.893949225872788, 35.994397979713845 ], [ -78.893948791366313, 35.994394214105874 ], [ -78.893948796347644, 35.994390424842408 ], [ -78.893948801259, 35.994386688803772 ], [ -78.893949245734788, 35.994382870734 ], [ -78.89395006198572, 35.994379107928786 ], [ -78.893951351532991, 35.994375318063518 ], [ -78.89395264082745, 35.994371720494364 ], [ -78.893954335556771, 35.994368288102578 ], [ -78.893956435937568, 35.994364856062901 ], [ -78.893958941753283, 35.994361589200544 ], [ -78.894795657806696, 35.993383496691081 ], [ -78.894797756800628, 35.993381081058303 ], [ -78.894800294994283, 35.993378858100129 ], [ -78.894803270740638, 35.99337647069315 ], [ -78.894805810616901, 35.993374577387272 ], [ -78.894808753812043, 35.993372849254136 ], [ -78.894811730560292, 35.993371313446183 ], [ -78.894815112740147, 35.99336994281277 ], [ -78.894818055254404, 35.993368736626174 ], [ -78.894821436753574, 35.993367887939357 ], [ -78.894824818252658, 35.993367039252476 ], [ -78.894829010830151, 35.993366356089268 ], [ -78.894834555383966, 35.99336581144442 ], [ -78.894837935951784, 35.993365677000142 ], [ -78.894841721808106, 35.993365817613778 ], [ -78.89484510169558, 35.993366205116111 ], [ -78.894848481439837, 35.993366702501874 ], [ -78.894851860682863, 35.99336758447987 ], [ -78.894855239961785, 35.993368438986941 ], [ -78.894858618775345, 35.99336965061535 ], [ -78.894861589865428, 35.993370834421924 ], [ -78.894864936522609, 35.993372403144392 ], [ -78.894868345917871, 35.993374466397249 ], [ -78.895437477845903, 35.99373430188524 ], [ -78.895831819272885, 35.993983058219804 ], [ -78.896857376694228, 35.994612847313846 ], [ -78.896859909812378, 35.994614580119347 ] ] ], [ [ [ -78.898242984008434, 35.995258559011369 ], [ -78.898133610301713, 35.995190477394857 ], [ -78.898107027100778, 35.995173780392236 ], [ -78.897989648425209, 35.995100554909861 ], [ -78.897944357240902, 35.995148426321165 ], [ -78.897970501391214, 35.995164765871046 ], [ -78.897961128222192, 35.995250604585131 ], [ -78.89787216401956, 35.99542977781487 ], [ -78.897844780610399, 35.995379263420048 ], [ -78.897703069381222, 35.995167289305655 ], [ -78.897557509783951, 35.994978304921823 ], [ -78.897539386843434, 35.994954582339027 ], [ -78.897575779056424, 35.99491340651204 ], [ -78.897618093835561, 35.994865203087613 ], [ -78.89799725249587, 35.994433732668625 ], [ -78.898390354609347, 35.994655530678614 ], [ -78.898452005332956, 35.994689233794617 ], [ -78.898514095358664, 35.994723102069379 ], [ -78.898541964827047, 35.994738399038923 ], [ -78.898585035957439, 35.994761949892698 ], [ -78.898911008603889, 35.994952483509785 ], [ -78.89858864154121, 35.995282031881509 ], [ -78.898279726684137, 35.995260979579413 ], [ -78.898242984008434, 35.995258559011369 ] ] ], [ [ [ -78.895044887427545, 35.995077622033236 ], [ -78.895046133480321, 35.995081249262043 ], [ -78.895047379568894, 35.995084849019996 ], [ -78.89504865713505, 35.995088613630358 ], [ -78.895049060185627, 35.995092240134859 ], [ -78.895049494535016, 35.99509616884616 ], [ -78.89504948960311, 35.995099959825531 ], [ -78.895049045246921, 35.9951037229565 ], [ -78.895048634659616, 35.995107513587328 ], [ -78.89504734540229, 35.995111111167034 ], [ -78.894977385821733, 35.995304885674415 ], [ -78.894976098635084, 35.995308510725728 ], [ -78.894973998058504, 35.995312107606857 ], [ -78.894972303567343, 35.99531537518633 ], [ -78.894969763994155, 35.995318614568347 ], [ -78.89496722438497, 35.995321881421162 ], [ -78.894964245779349, 35.995324790774838 ], [ -78.894960825849921, 35.995327507452721 ], [ -78.894957475570891, 35.995330279132155 ], [ -78.894954094064744, 35.995332693663059 ], [ -78.894951150836974, 35.995334394327536 ], [ -78.894947328221434, 35.995336451357304 ], [ -78.894943100378441, 35.995338178387748 ], [ -78.894938872571061, 35.99533987794716 ], [ -78.894934645192834, 35.995341247856103 ], [ -78.894930012587224, 35.995342287765645 ], [ -78.894925785888546, 35.995343135727879 ], [ -78.89492111994312, 35.995343818486781 ], [ -78.8949164882318, 35.995344171624197 ], [ -78.894481627621417, 35.995367147038266 ], [ -78.894250899815162, 35.995374996496579 ], [ -78.894252168838577, 35.995386865020862 ], [ -78.894049734147885, 35.995395782481715 ], [ -78.893572213704473, 35.995416986985681 ], [ -78.893541823076674, 35.995084068204491 ], [ -78.893541388837036, 35.995080112016971 ], [ -78.89354098840208, 35.995076155858939 ], [ -78.894048500531852, 35.995048109767779 ], [ -78.894248814600189, 35.995031608505265 ], [ -78.894228479818153, 35.9947618816215 ], [ -78.894710842109333, 35.994938798844828 ], [ -78.895011086771461, 35.995048583721989 ], [ -78.895015310093299, 35.995050318018038 ], [ -78.89501912758152, 35.995052189319729 ], [ -78.895022910764752, 35.995054445184323 ], [ -78.895025881025632, 35.995056315757687 ], [ -78.895029260452446, 35.995058736100518 ], [ -78.89503263522495, 35.995061486089959 ], [ -78.895035574584711, 35.995064373059705 ], [ -78.895038105855051, 35.995067506916818 ], [ -78.895040636982628, 35.995070750657341 ], [ -78.895042760092224, 35.995074186343494 ], [ -78.895044887427545, 35.995077622033236 ] ] ], [ [ [ -78.8965480915071, 35.99559467029097 ], [ -78.896551030307265, 35.995596403445731 ], [ -78.896554000834897, 35.995598109156433 ], [ -78.896556535878915, 35.995600006794461 ], [ -78.896559068810248, 35.995601904430679 ], [ -78.896561601530365, 35.995603966892006 ], [ -78.896564134250625, 35.995606029353283 ], [ -78.896566227472974, 35.995608118913282 ], [ -78.896568354357242, 35.995610320102216 ], [ -78.896570886868744, 35.995612545671548 ], [ -78.896572571898062, 35.995614964536472 ], [ -78.896574666844074, 35.99561735799449 ], [ -78.896576353988607, 35.99561977514422 ], [ -78.896578041166265, 35.995622166540016 ], [ -78.896579728097507, 35.995624750231791 ], [ -78.896581415028862, 35.995627333923558 ], [ -78.896582696302303, 35.995629917271842 ], [ -78.896583943559619, 35.995632665416693 ], [ -78.89658522486846, 35.995635221294144 ], [ -78.896586472125946, 35.995637969438945 ], [ -78.896587311612663, 35.995640717238565 ], [ -78.896588155325034, 35.995643465041731 ], [ -78.896588588907264, 35.995646404793909 ], [ -78.896589432619734, 35.995649152597053 ], [ -78.896589834545139, 35.995652064851591 ], [ -78.896590270486797, 35.995654812309517 ], [ -78.896590266789318, 35.995657696749795 ], [ -78.896590702695747, 35.995660471678626 ], [ -78.896590696850282, 35.995663383587924 ], [ -78.89659025573215, 35.995666322599639 ], [ -78.896590252210757, 35.995669069685562 ], [ -78.896589809014927, 35.995671981224689 ], [ -78.896589399835264, 35.995674727967213 ], [ -78.896588551192423, 35.995677474337739 ], [ -78.896587736143047, 35.995680385562046 ], [ -78.896586853695254, 35.995683131903931 ], [ -78.896586005052242, 35.995685878274415 ], [ -78.896584716945938, 35.995688624272844 ], [ -78.896583868514057, 35.995691205818169 ], [ -78.896582174749256, 35.995693951473214 ], [ -78.896580920658906, 35.995696532675062 ], [ -78.896579225027622, 35.995699086032225 ], [ -78.89657753379791, 35.995701502038649 ], [ -78.896575840243997, 35.995704082868421 ], [ -78.896574144823688, 35.995706471400354 ], [ -78.896267753239016, 35.996089952431682 ], [ -78.896242322704438, 35.996121687177506 ], [ -78.896224108549575, 35.996144335185534 ], [ -78.896150904441726, 35.996235613665164 ], [ -78.896053117150203, 35.996358297871666 ], [ -78.89593291469528, 35.99650873596142 ], [ -78.895824156739067, 35.996644651589506 ], [ -78.895742046267799, 35.996747267684107 ], [ -78.895659089139272, 35.996850899418853 ], [ -78.895534650738341, 35.997006497995251 ], [ -78.895207802015477, 35.996839524783987 ], [ -78.895046891843606, 35.996757303666229 ], [ -78.895176843768581, 35.996599622515198 ], [ -78.895261050909227, 35.996496871237277 ], [ -78.895345697338087, 35.996394092802781 ], [ -78.895441787698218, 35.996277422117402 ], [ -78.89545830896202, 35.996256999636749 ], [ -78.895536997741615, 35.996161605629794 ], [ -78.89557001012794, 35.996121114300479 ], [ -78.895581453548942, 35.996107745761542 ], [ -78.895631395056355, 35.99604666571998 ], [ -78.895663966568719, 35.996007190409642 ], [ -78.895729584045611, 35.995927251214169 ], [ -78.89579899354105, 35.995842672635661 ], [ -78.895055634753689, 35.995573316065851 ], [ -78.895196813169804, 35.995175796093299 ], [ -78.895198539769027, 35.995172198887332 ], [ -78.895200236574937, 35.995168766481122 ], [ -78.895202370694847, 35.995165360204055 ], [ -78.895204468963982, 35.995161902388219 ], [ -78.895207449917521, 35.995158800734295 ], [ -78.895210392804856, 35.995155726518455 ], [ -78.895213373294069, 35.995152981985605 ], [ -78.895216757325869, 35.995150237798804 ], [ -78.895220546584866, 35.995147823610225 ], [ -78.895224369398605, 35.995145601746586 ], [ -78.895227310286842, 35.995144065898756 ], [ -78.895231134820548, 35.995142146216217 ], [ -78.895235362361689, 35.99514063894258 ], [ -78.895239993267069, 35.995139269369218 ], [ -78.895244220415492, 35.995138064274776 ], [ -78.895248888673095, 35.995137216680099 ], [ -78.895253520585101, 35.995136698704826 ], [ -78.895258186052061, 35.995136373054414 ], [ -78.895261970271747, 35.995136211473593 ], [ -78.895266637209474, 35.995136380300252 ], [ -78.895271268015762, 35.995136713921134 ], [ -78.895275932198842, 35.995137377221134 ], [ -78.895280528487419, 35.99513826023 ], [ -78.895284786301858, 35.99513947259922 ], [ -78.895289449558149, 35.995140850141254 ], [ -78.896529915543312, 35.995586054791794 ], [ -78.896533294437447, 35.99558729556064 ], [ -78.896536267499968, 35.995588671623203 ], [ -78.89653964622039, 35.995590048029278 ], [ -78.896542585478201, 35.995591424063051 ], [ -78.896545558329635, 35.995592964950561 ], [ -78.8965480915071, 35.99559467029097 ] ] ], [ [ [ -78.897044034618773, 35.995706868322067 ], [ -78.89704910226412, 35.995709290031122 ], [ -78.897052041534963, 35.995710666052581 ], [ -78.897057109215822, 35.995713060290448 ], [ -78.897060082291887, 35.995714436340187 ], [ -78.897065149938186, 35.995716858048567 ], [ -78.897068089209583, 35.995718234069614 ], [ -78.897073156681103, 35.995720793132008 ], [ -78.89707866358134, 35.995723380035216 ], [ -78.897083731018455, 35.995725966567953 ], [ -78.897089204149466, 35.995728525971401 ], [ -78.897091737728147, 35.995729929120991 ], [ -78.897096805201144, 35.995732488182327 ], [ -78.897099338815138, 35.995733863860941 ], [ -78.897102311892681, 35.995735239909642 ], [ -78.897107379331317, 35.995737826441399 ], [ -78.897109912945652, 35.995739202119772 ], [ -78.897112446560058, 35.995740577798095 ], [ -78.897114980174564, 35.995741953476369 ], [ -78.897117513789155, 35.9957433291546 ], [ -78.897120453062414, 35.995744705174367 ], [ -78.897122986677175, 35.995746080852449 ], [ -78.897125520292036, 35.995747456530538 ], [ -78.897128053906968, 35.995748832208513 ], [ -78.897130587521985, 35.995750207886452 ], [ -78.897133121137117, 35.995751583564342 ], [ -78.897135654752319, 35.995752959242168 ], [ -78.897138188367592, 35.995754334919944 ], [ -78.897140721982964, 35.99575571059767 ], [ -78.897143255598422, 35.995757086275312 ], [ -78.897145822808724, 35.995758626806598 ], [ -78.897148322619429, 35.995760002455718 ], [ -78.897150856235186, 35.99576137813321 ], [ -78.89715338985097, 35.995762753810688 ], [ -78.897155923221732, 35.99576432178408 ], [ -78.897158456837715, 35.995765697461444 ], [ -78.897160990453798, 35.995767073138751 ], [ -78.897163521782048, 35.995768586168488 ], [ -78.897166057476085, 35.99576998931834 ], [ -78.89716859088233, 35.995771529820622 ], [ -78.897171124498755, 35.995772905497724 ], [ -78.897173657905171, 35.995774445999935 ], [ -78.897176191554607, 35.995775795922988 ], [ -78.897178722780581, 35.995777389648026 ], [ -78.897181258510173, 35.995778765326691 ], [ -78.89718378980416, 35.995780305826891 ], [ -78.897186325323872, 35.995781846330594 ], [ -78.897190986689225, 35.995784762167688 ], [ -78.897193517948594, 35.995786330138529 ], [ -78.897196053678712, 35.995787705816895 ], [ -78.897198587086081, 35.995789246318552 ], [ -78.897201120493548, 35.995790786820152 ], [ -78.897205748054972, 35.995793702628283 ], [ -78.897208281427694, 35.995795270600595 ], [ -78.897210814835546, 35.995796811101997 ], [ -78.897213348243469, 35.99579835160332 ], [ -78.897218009400774, 35.995801432264557 ], [ -78.89722057657886, 35.995803000265035 ], [ -78.897223074069487, 35.995804540735953 ], [ -78.89722770350032, 35.995807648841016 ], [ -78.897230236908925, 35.99580918934199 ], [ -78.897234898102454, 35.995812242531734 ], [ -78.89723742911859, 35.99581400279763 ], [ -78.897239964640363, 35.995815543300189 ], [ -78.897244591959677, 35.995818651402821 ], [ -78.89724925290939, 35.995821896887975 ], [ -78.897251784171047, 35.995823464857565 ], [ -78.897254319483494, 35.995825170185 ], [ -78.897256852648226, 35.995826902981442 ], [ -78.897261479793926, 35.99583014843769 ], [ -78.897264012923984, 35.995831908704837 ], [ -78.897268673873072, 35.99583515590615 ], [ -78.897271240880499, 35.995836859542912 ], [ -78.897273738126074, 35.995838594025699 ], [ -78.897278367388111, 35.995841837766157 ], [ -78.897280900553909, 35.99584357056208 ], [ -78.897285559148884, 35.995847008340064 ], [ -78.897290186049844, 35.995850447808117 ], [ -78.897292721366114, 35.995852151417807 ], [ -78.897297382074896, 35.995855589197092 ], [ -78.89730200897904, 35.995859026947755 ], [ -78.897306667331023, 35.995862657020879 ], [ -78.897311296348803, 35.995866094772971 ], [ -78.8973159908291, 35.995869560050835 ], [ -78.897318050587558, 35.995871402331581 ], [ -78.897320583720159, 35.995873162597512 ], [ -78.897325244221534, 35.995876765200862 ], [ -78.89732987116308, 35.995880175479591 ], [ -78.897331996349322, 35.995882072756828 ], [ -78.897336591354602, 35.995885675304699 ], [ -78.89734128566235, 35.995889277935802 ], [ -78.897345506666284, 35.995892907639863 ], [ -78.897348039870067, 35.995894612963554 ], [ -78.897350133362707, 35.995896511930773 ], [ -78.89735226066486, 35.995898407492504 ], [ -78.897356887364097, 35.995902010066182 ], [ -78.897359014662172, 35.995903909061681 ], [ -78.897363235704802, 35.995907509577343 ], [ -78.897365768664784, 35.995909407196628 ], [ -78.897367862195352, 35.995911276975761 ], [ -78.897369989461183, 35.995913201724989 ], [ -78.897374210502605, 35.995916803957158 ], [ -78.897376743495883, 35.995918675822288 ], [ -78.897378834881394, 35.995920571353373 ], [ -78.897380964295465, 35.995922468633324 ], [ -78.897383057826758, 35.995924338412188 ], [ -78.897385185128201, 35.99592623569027 ], [ -78.897387278624734, 35.99592813293993 ], [ -78.89738940592639, 35.995930030217927 ], [ -78.897391499458081, 35.995931899996648 ], [ -78.897393626757733, 35.995933798991523 ], [ -78.897395720256853, 35.995935694524071 ], [ -78.897398251070726, 35.995937619611716 ], [ -78.897400380555581, 35.995939461949611 ], [ -78.897402473843186, 35.995941524024154 ], [ -78.897404601145567, 35.995943421301853 ], [ -78.897406694640807, 35.995945320268092 ], [ -78.897408821980491, 35.995947188357995 ], [ -78.897412603106616, 35.995951147340897 ], [ -78.897414730409494, 35.995953044618425 ], [ -78.897416823907406, 35.995954941867559 ], [ -78.897418951000887, 35.995957003970162 ], [ -78.897421044499012, 35.995958901219211 ], [ -78.89742317183719, 35.995960771025771 ], [ -78.897425263048063, 35.995962805627229 ], [ -78.897427392427232, 35.995964732094116 ], [ -78.897429485716202, 35.995966794168162 ], [ -78.897433300651485, 35.99597075146184 ], [ -78.897435392037494, 35.99597264870885 ], [ -78.897437521244711, 35.995974710812888 ], [ -78.897439614778662, 35.995976580590785 ], [ -78.897441300295668, 35.995978642322264 ], [ -78.897443429712723, 35.995980539601064 ], [ -78.897445523002503, 35.995982601674818 ], [ -78.897447650097433, 35.995984663776895 ], [ -78.897451429114426, 35.995988622756769 ], [ -78.897453558322482, 35.99599068486053 ], [ -78.897455651822284, 35.995992582108961 ], [ -78.897457337340015, 35.995994643840184 ], [ -78.897459466548383, 35.995996705943845 ], [ -78.897461154179112, 35.995998767676795 ], [ -78.897463245357017, 35.996000829748446 ], [ -78.89746537481011, 35.996002699556044 ], [ -78.897467062441123, 35.996004761288901 ], [ -78.897469155732125, 35.996006823362258 ], [ -78.897470809558342, 35.996008885066686 ], [ -78.8974729704574, 35.996010948913622 ], [ -78.897475063750917, 35.996013009269888 ], [ -78.897476749269572, 35.996015071000862 ], [ -78.897478878478964, 35.996017133104147 ], [ -78.897480566110644, 35.996019194836833 ], [ -78.897482657289544, 35.996021256908136 ], [ -78.897484344921381, 35.996023318640759 ], [ -78.897486474131185, 35.996025380743944 ], [ -78.897488161763221, 35.996027442476482 ], [ -78.897491538107474, 35.996030716061945 ], [ -78.8974949480519, 35.996034151066965 ], [ -78.897497445259276, 35.996037587022904 ], [ -78.897500381480356, 35.996041378751784 ], [ -78.897502068028871, 35.996044293797596 ], [ -78.897503784945599, 35.996048251045565 ], [ -78.897505438268624, 35.996052373065446 ], [ -78.897506683851603, 35.996056468989259 ], [ -78.897507557514047, 35.99606061610892 ], [ -78.897507959055829, 35.996063858010203 ], [ -78.897508394367833, 35.99606712741069 ], [ -78.897508389132625, 35.996071248038973 ], [ -78.897508384979346, 35.996074517070753 ], [ -78.897507941360715, 35.99607778573381 ], [ -78.897506651534457, 35.996081905284335 ], [ -78.897505834978489, 35.996086025231904 ], [ -78.89750413949163, 35.996090144442022 ], [ -78.8974863504138, 35.996122737454911 ], [ -78.897461343228116, 35.996167521478661 ], [ -78.897290682151095, 35.996469750109618 ], [ -78.897187343956318, 35.996651987409379 ], [ -78.896951877281538, 35.997060583121481 ], [ -78.896778635165404, 35.997367423863039 ], [ -78.896776503133751, 35.997370855920416 ], [ -78.896773995225885, 35.997374122834891 ], [ -78.896771455836003, 35.997377224897491 ], [ -78.896768479121462, 35.997380299119648 ], [ -78.896765095048892, 35.99738304334705 ], [ -78.896761709074184, 35.997385622747494 ], [ -78.896757921904182, 35.997388009512726 ], [ -78.896754944798673, 35.997389737661514 ], [ -78.896752001744773, 35.997391273542938 ], [ -78.89674817928865, 35.99739316580235 ], [ -78.896743951622554, 35.997394700597866 ], [ -78.896739318500408, 35.997396070225214 ], [ -78.896735089143121, 35.997397275368535 ], [ -78.896730424996051, 35.997398123022805 ], [ -78.896725758947085, 35.997398805850118 ], [ -78.896721127125645, 35.997399159055682 ], [ -78.89671649576141, 35.997399155140165 ], [ -78.896711830837774, 35.997398958900035 ], [ -78.896707199933047, 35.997398596146319 ], [ -78.896702533703461, 35.997397769791618 ], [ -78.896697905577881, 35.997396886810307 ], [ -78.896693241920872, 35.997395701619155 ], [ -78.896689018229068, 35.997394132207766 ], [ -78.895776733682155, 35.997057196235595 ], [ -78.896056487811791, 35.996707017807175 ], [ -78.896361632093331, 35.996325072990395 ], [ -78.896494124134847, 35.996159508425244 ], [ -78.896524157461073, 35.996121926228021 ], [ -78.896900839230867, 35.995650597057569 ], [ -78.896987003780708, 35.995681931618556 ], [ -78.896992510921052, 35.995684326229707 ], [ -78.896997984432161, 35.995686583457775 ], [ -78.897003491573145, 35.995688978068401 ], [ -78.897008965119952, 35.995691207825175 ], [ -78.897014032763252, 35.99569362953568 ], [ -78.897017006048287, 35.99569484076136 ], [ -78.897022479385441, 35.995697235342618 ], [ -78.89702798649283, 35.995699657422989 ], [ -78.897033054172283, 35.995702051661866 ], [ -78.897035993652992, 35.995703262858562 ], [ -78.897041061332914, 35.995705657097091 ], [ -78.897044034618773, 35.995706868322067 ] ] ], [ [ [ -78.897817687311928, 35.996352424392732 ], [ -78.897821971446277, 35.996359627063903 ], [ -78.897824265327074, 35.996363473189014 ], [ -78.897827536249778, 35.996369931581839 ], [ -78.89787130557184, 35.996456666280956 ], [ -78.897872519532797, 35.996459057262442 ], [ -78.897873834665958, 35.996461640624602 ], [ -78.897875854743603, 35.996466477188264 ], [ -78.897889338491879, 35.996498437093003 ], [ -78.897924741893036, 35.996597938734048 ], [ -78.897941025329089, 35.996659844227942 ], [ -78.897942000920551, 35.99666360855332 ], [ -78.897951387519186, 35.99669924612332 ], [ -78.897967366398774, 35.996788155228721 ], [ -78.898002598480204, 35.996943120389822 ], [ -78.89802018073155, 35.997020630405608 ], [ -78.898021424418516, 35.997024587249705 ], [ -78.898022706379848, 35.997028351829563 ], [ -78.898023950275416, 35.997032143848507 ], [ -78.898025232236989, 35.997035908428408 ], [ -78.898027318664106, 35.99704176146615 ], [ -78.898028162891592, 35.997044152136858 ], [ -78.89802900497159, 35.997046570276687 ], [ -78.898029844765176, 35.997049125768925 ], [ -78.89803068684526, 35.997051543908711 ], [ -78.898031530795166, 35.997054154346166 ], [ -78.89803237291008, 35.997056545015063 ], [ -78.898033212946956, 35.9970589082114 ], [ -78.898034057105349, 35.997061353823774 ], [ -78.898035338482813, 35.99706390968452 ], [ -78.898036180597941, 35.997066300353389 ], [ -78.898037056483801, 35.997068718521319 ], [ -78.898037864550588, 35.997071301457908 ], [ -78.898038706665858, 35.997073692126762 ], [ -78.89803954663364, 35.997076110264665 ], [ -78.898040794206011, 35.997078666097188 ], [ -78.89804163628672, 35.997081084236868 ], [ -78.898042480515073, 35.997083474907463 ], [ -78.898043322595882, 35.997085893047092 ], [ -78.898044603939326, 35.997088476378579 ], [ -78.898045446054979, 35.997090867047397 ], [ -78.898046288135959, 35.997093285187027 ], [ -78.898047130251726, 35.99709567585581 ], [ -78.898048377998222, 35.997098094333957 ], [ -78.898049219905801, 35.997100649827793 ], [ -78.898050061987007, 35.997103067967394 ], [ -78.89805134357394, 35.997105459002924 ], [ -78.89805218565526, 35.997107877142462 ], [ -78.89805302777134, 35.997110267811202 ], [ -78.898054275309946, 35.997112851114373 ], [ -78.898055117391436, 35.997115269253918 ], [ -78.898055959507687, 35.997117659922637 ], [ -78.898057241060314, 35.997120078428878 ], [ -78.898058083176679, 35.997122469097576 ], [ -78.898059330923928, 35.997124887575602 ], [ -78.898060173040392, 35.997127278244271 ], [ -78.898061014913935, 35.997129861208833 ], [ -78.898062296501621, 35.997132252244185 ], [ -78.898063138583552, 35.997134670383637 ], [ -78.898064386365817, 35.997137061390802 ], [ -78.898065228447877, 35.997139479530233 ], [ -78.898066510035846, 35.997141870565557 ], [ -78.898067352117991, 35.997144288704973 ], [ -78.898068599900554, 35.99714667971206 ], [ -78.898069441982827, 35.997149097851469 ], [ -78.898070723571067, 35.997151488886743 ], [ -78.898071565653453, 35.997153907026139 ], [ -78.898072813436286, 35.99715629803314 ], [ -78.898074094990037, 35.997158716539197 ], [ -78.898074937107296, 35.997161107207759 ], [ -78.89807618485564, 35.997163525685565 ], [ -78.898077026973013, 35.997165916354071 ], [ -78.898078308529222, 35.997168333143129 ], [ -78.898079556310307, 35.997170725867036 ], [ -78.898080398393148, 35.997173144006332 ], [ -78.898081713787562, 35.997175535069637 ], [ -78.898082522065067, 35.99717795318076 ], [ -78.898083769848611, 35.997180344187612 ], [ -78.898085051403058, 35.997182762693527 ], [ -78.8980858935209, 35.99718515336199 ], [ -78.898087141272114, 35.997187570122719 ], [ -78.898088422859317, 35.997189962874714 ], [ -78.898089670608513, 35.997192381352342 ], [ -78.898090546532103, 35.997194772048942 ], [ -78.89809179428147, 35.997197190526549 ], [ -78.898093042065582, 35.997199581533359 ], [ -78.898094323620626, 35.997202000039131 ], [ -78.898096447502283, 35.997206644388193 ], [ -78.898097695286722, 35.997209035394889 ], [ -78.898098943036487, 35.997211453872438 ], [ -78.898100224626589, 35.99721384490735 ], [ -78.89810106671051, 35.997216263046475 ], [ -78.898102280689713, 35.997218654024934 ], [ -78.898104844043814, 35.997223298740387 ], [ -78.898106125636474, 35.997225688058293 ], [ -78.898107373384576, 35.997228108252642 ], [ -78.898109497267725, 35.997232752601406 ], [ -78.89811074505289, 35.997235143607973 ], [ -78.898112026609027, 35.997237562113533 ], [ -78.898113274394362, 35.997239953120086 ], [ -78.898115803909604, 35.997244625277922 ], [ -78.898117085500743, 35.997247016312564 ], [ -78.898119615085818, 35.997251633528649 ], [ -78.89812086283689, 35.997254052005914 ], [ -78.898123392422406, 35.997258669221907 ], [ -78.898124673979282, 35.997261087727324 ], [ -78.898127203530535, 35.997265732414007 ], [ -78.898128451316751, 35.997268123420369 ], [ -78.898130980868459, 35.997272768106974 ], [ -78.898132294153143, 35.997275159167913 ], [ -78.898135197644251, 35.997279831637137 ], [ -78.898137727231386, 35.997284448852739 ], [ -78.898140256784131, 35.997289093539116 ], [ -78.898142786373995, 35.997293709037741 ], [ -78.898144473596261, 35.997296129598055 ], [ -78.898146969344268, 35.997300774256097 ], [ -78.898149532946334, 35.997305226674584 ], [ -78.898151220171201, 35.997307645517871 ], [ -78.898153749760127, 35.997312262733118 ], [ -78.89815671667391, 35.997316907783784 ], [ -78.898159248341614, 35.997321552471462 ], [ -78.898160933697042, 35.997323779016995 ], [ -78.898163465365201, 35.99732842370458 ], [ -78.898165152868387, 35.99733062278095 ], [ -78.89816768238947, 35.997335294937557 ], [ -78.898169369858252, 35.997337521484681 ], [ -78.898171899414493, 35.997342166170341 ], [ -78.89817358688353, 35.997344392717402 ], [ -78.898176522072205, 35.997349065211921 ], [ -78.898179051906595, 35.997353490130692 ], [ -78.898180739341385, 35.997355744148479 ], [ -78.898182020936204, 35.997358135182381 ], [ -78.898183708405867, 35.997360361729314 ], [ -78.8981866438384, 35.997364841927642 ], [ -78.898187925433547, 35.997367232961452 ], [ -78.898189612660858, 35.997369651804178 ], [ -78.898191299922928, 35.997372043176071 ], [ -78.89819423514831, 35.997376688199239 ], [ -78.898195922376019, 35.99737910704188 ], [ -78.898197573720111, 35.997381498383717 ], [ -78.898200576557358, 35.997386143463075 ], [ -78.898202263820124, 35.997388534834748 ], [ -78.898203953369134, 35.997390788853977 ], [ -78.89820520115957, 35.997393179859451 ], [ -78.898206888387961, 35.997395598701885 ], [ -78.898208575859044, 35.997397825248441 ], [ -78.898210263122294, 35.997400216620022 ], [ -78.898211950350955, 35.9974026354624 ], [ -78.898214919384301, 35.997407280513194 ], [ -78.898216606855897, 35.997409507059622 ], [ -78.898218294119616, 35.997411898431089 ], [ -78.898219981556721, 35.9974141524483 ], [ -78.898221702626202, 35.997416543847869 ], [ -78.898223356290444, 35.997418772082945 ], [ -78.898225043522061, 35.997421189208197 ], [ -78.898226291313577, 35.997423580213407 ], [ -78.898227978751166, 35.997425834230498 ], [ -78.8982296662235, 35.99742806077672 ], [ -78.898231353488001, 35.997430452148002 ], [ -78.89823304096052, 35.997432678694182 ], [ -78.898234728155913, 35.997435125007037 ], [ -78.898236449468868, 35.9974373241105 ], [ -78.898238102893501, 35.997439742924286 ], [ -78.898239790366418, 35.997441969470394 ], [ -78.898241477839406, 35.99744419601646 ], [ -78.898243165069943, 35.997446614858355 ], [ -78.898244852543129, 35.997448841404399 ], [ -78.898246539773837, 35.997451260246223 ], [ -78.898248191328818, 35.997453486762261 ], [ -78.898249914720708, 35.997455713338098 ], [ -78.898252041667163, 35.997457940250051 ], [ -78.898253728898297, 35.997460359091789 ], [ -78.898255416372066, 35.997462585637621 ], [ -78.89825710173308, 35.997464812181697 ], [ -78.898258788964512, 35.997467231023364 ], [ -78.898260478551421, 35.99746945757088 ], [ -78.89826216391269, 35.997471684114878 ], [ -78.898263853465153, 35.997473938133211 ], [ -78.89826594660677, 35.997476165016707 ], [ -78.898267633873346, 35.997478556387414 ], [ -78.898269321313236, 35.997480810403879 ], [ -78.898271008787873, 35.99748303694949 ], [ -78.898272696262595, 35.997485263495086 ], [ -78.898274821097601, 35.997487490404858 ], [ -78.898276510650732, 35.99748974442295 ], [ -78.898278164320118, 35.99749197094031 ], [ -78.898279885393009, 35.997494362339019 ], [ -78.898281978503135, 35.997496614976107 ], [ -78.898283665976294, 35.997498843238461 ], [ -78.898285353451669, 35.99750106978388 ], [ -78.89828700500874, 35.997503296299364 ], [ -78.898289167875902, 35.997505523240513 ], [ -78.898290855316958, 35.997507777256622 ], [ -78.89829254279276, 35.997510003801928 ], [ -78.898294635936111, 35.997512230684933 ], [ -78.898296323377465, 35.997514484700993 ], [ -78.898298010853523, 35.997516711246206 ], [ -78.898300137802906, 35.997518938157242 ], [ -78.898301825313808, 35.997521137231566 ], [ -78.898303512720915, 35.997523418718359 ], [ -78.898305606072725, 35.997525480776126 ], [ -78.89830729354928, 35.997527707321225 ], [ -78.898309420499203, 35.997529934232084 ], [ -78.898311141781576, 35.997532160805243 ], [ -78.898313201085784, 35.997534415130566 ], [ -78.898314888562766, 35.997536641675538 ], [ -78.898316573926948, 35.997538868218705 ], [ -78.898318701085188, 35.997540930304375 ], [ -78.898320390638503, 35.99754318603874 ], [ -78.898322483785662, 35.997545411204328 ], [ -78.898324171263098, 35.99754763774915 ], [ -78.898326298421765, 35.997549699834671 ], [ -78.898327985899414, 35.997551926379451 ], [ -78.898330079044825, 35.99755415326181 ], [ -78.898331732682436, 35.997556407249164 ], [ -78.898333893647134, 35.997558469362666 ], [ -78.898335986792901, 35.99756069624496 ], [ -78.898337640465428, 35.997562922761432 ], [ -78.898339801430438, 35.997564984874856 ], [ -78.898341488908784, 35.997567211419437 ], [ -78.898343582262697, 35.997569273476479 ], [ -78.898345709182266, 35.997571526140604 ], [ -78.898347396658721, 35.997573754402026 ], [ -78.898349490012961, 35.997575816458983 ], [ -78.89835117749179, 35.997578043003394 ], [ -78.898353304651934, 35.997580105088389 ], [ -78.898355397798809, 35.9975823319703 ], [ -78.898357085450996, 35.997584421160404 ], [ -78.89835921240379, 35.997586648070374 ], [ -78.898361305758655, 35.99758871012714 ], [ -78.898362993240227, 35.997590934954466 ], [ -78.898365120398864, 35.997592998756197 ], [ -78.897938531106448, 35.998096898310806 ], [ -78.897933023773334, 35.998094503744547 ], [ -78.897930084194201, 35.998093290853689 ], [ -78.897924574781285, 35.998090870531414 ], [ -78.897919103367784, 35.998088475994564 ], [ -78.897913593957711, 35.998086053954886 ], [ -78.897911062368848, 35.998084678296216 ], [ -78.897908122753478, 35.998083494592535 ], [ -78.897902615459088, 35.998081070837188 ], [ -78.897897547602199, 35.998078678353522 ], [ -78.89789460611776, 35.998077302351952 ], [ -78.897889100934947, 35.998074880314697 ], [ -78.897886565121084, 35.998073504651984 ], [ -78.897883627654124, 35.998072293478657 ], [ -78.897878560009161, 35.998069734452308 ], [ -78.89787558662367, 35.99806852324874 ], [ -78.897870111230873, 35.998065936410342 ], [ -78.897865045734392, 35.998063349914361 ], [ -78.897862072314538, 35.998062166181278 ], [ -78.89785953653633, 35.998060763047178 ], [ -78.897856632806509, 35.998059606843121 ], [ -78.897854065335522, 35.998058203682383 ], [ -78.897851531635652, 35.998056828020701 ], [ -78.897848558251056, 35.998055616816487 ], [ -78.897846024551384, 35.998054241154676 ], [ -78.897840549160492, 35.998051654314935 ], [ -78.897838017573932, 35.998050278654759 ], [ -78.897835483874601, 35.998048902992736 ], [ -78.897829976758743, 35.998046341879871 ], [ -78.897827440946799, 35.998044966215907 ], [ -78.897824909358505, 35.998043592272346 ], [ -78.897821969780694, 35.998042381095779 ], [ -78.897819433969019, 35.998041005431666 ], [ -78.8978169002703, 35.998039629769245 ], [ -78.897814368684507, 35.998038254108529 ], [ -78.897811395509933, 35.998036878078423 ], [ -78.897808861811498, 35.998035502415846 ], [ -78.89780632811312, 35.998034126753197 ], [ -78.897803794414813, 35.998032751090506 ], [ -78.89780085504654, 35.998031375088381 ], [ -78.897798319235577, 35.998029999423835 ], [ -78.897795787650423, 35.998028623762728 ], [ -78.8977932539525, 35.99802724809981 ], [ -78.897790718141792, 35.998025872435072 ], [ -78.897787713275122, 35.998024496377866 ], [ -78.897785213418075, 35.998023093272231 ], [ -78.89778267968569, 35.998021745079917 ], [ -78.897780146197064, 35.998020204591754 ], [ -78.897777612499652, 35.998018828928508 ], [ -78.89777507880234, 35.998017453265206 ], [ -78.897771700829495, 35.998015390123797 ], [ -78.897768322856834, 35.99801332698226 ], [ -78.897764944886504, 35.998011262123711 ], [ -78.897761566914184, 35.998009198982032 ], [ -78.897758186829151, 35.998007135838449 ], [ -78.89775396669252, 35.998004386937041 ], [ -78.89775143323979, 35.998002818977433 ], [ -78.897748899752358, 35.998001278488559 ], [ -78.897746366265011, 35.997999737999685 ], [ -78.897741738801258, 35.997996629918738 ], [ -78.897739205349026, 35.997995061958839 ], [ -78.897736671827218, 35.997993548940592 ], [ -78.897734104534507, 35.997992008423125 ], [ -78.897729477071621, 35.997988900341717 ], [ -78.897726943585027, 35.997987359852374 ], [ -78.897724410342335, 35.997985627067187 ], [ -78.897719782847588, 35.997982544739294 ], [ -78.897717249359204, 35.997981005966729 ], [ -78.897714716116937, 35.997979273181301 ], [ -78.897710054814823, 35.997976192541664 ], [ -78.897707521572869, 35.997974459756101 ], [ -78.897702891964343, 35.99797137914269 ], [ -78.897700360835543, 35.997969646358769 ], [ -78.897695699778438, 35.997966373422777 ], [ -78.897693166293209, 35.997964832932723 ], [ -78.897688536929678, 35.997961560022958 ], [ -78.897683877951522, 35.997958314559028 ], [ -78.897681344710676, 35.997956581772939 ], [ -78.897612947214029, 35.997909823998171 ], [ -78.897404377665922, 35.997767157637107 ], [ -78.897203408165865, 35.997629964009406 ], [ -78.897200875155676, 35.997628066388067 ], [ -78.897198339787735, 35.997626361060739 ], [ -78.897195808715566, 35.997624600795284 ], [ -78.897193275425664, 35.997622922940444 ], [ -78.897190742205893, 35.997621190143974 ], [ -78.8971882427591, 35.997619483129732 ], [ -78.897185675486568, 35.997617944317454 ], [ -78.897183142232109, 35.997616238991633 ], [ -78.89718060901275, 35.99761450619485 ], [ -78.897178075793491, 35.997612773398089 ], [ -78.897175542539344, 35.997611068072047 ], [ -78.897172603652365, 35.997609334933728 ], [ -78.897170068040452, 35.997607821901703 ], [ -78.897167536971722, 35.997606059918695 ], [ -78.897165003715799, 35.997604356309381 ], [ -78.897162470497221, 35.997602623512257 ], [ -78.897159937033592, 35.997601083010927 ], [ -78.897156964306546, 35.997599377314593 ], [ -78.897154430878146, 35.997597809342317 ], [ -78.89715189762498, 35.997596104015798 ], [ -78.897149328243287, 35.997594563484 ], [ -78.89714642527592, 35.997592830375268 ], [ -78.897143891812917, 35.997591289873654 ], [ -78.897141358595192, 35.997589557076097 ], [ -78.89713882302172, 35.997588014855609 ], [ -78.897135852408454, 35.997586309160504 ], [ -78.897133318978689, 35.997584742904714 ], [ -78.897130785516183, 35.997583202402822 ], [ -78.897127846598337, 35.997581495017272 ], [ -78.897125313168871, 35.997579928761311 ], [ -78.897122813512283, 35.9975783882877 ], [ -78.897119806981252, 35.997576682561899 ], [ -78.897117273554286, 35.997575114588898 ], [ -78.897114740092377, 35.99757357408663 ], [ -78.897111798849934, 35.997572033240878 ], [ -78.897109267501122, 35.997570492740266 ], [ -78.897106294601059, 35.997568924396859 ], [ -78.897103761139562, 35.997567383894356 ], [ -78.897101227678164, 35.997565843391811 ], [ -78.897098288549131, 35.997564302547524 ], [ -78.897095721317314, 35.997562734545554 ], [ -78.8970928159941, 35.997561193729595 ], [ -78.89709024661461, 35.997559653196539 ], [ -78.897087309598845, 35.997558112353737 ], [ -78.897084776208146, 35.997556516909199 ], [ -78.897081803239004, 35.997555003506854 ], [ -78.897079269568138, 35.997553627828886 ], [ -78.897076330439944, 35.997552086984044 ], [ -78.897073796979555, 35.997550546480902 ], [ -78.897070824080942, 35.997548978136599 ], [ -78.897068290410431, 35.997547602458432 ], [ -78.897065351282677, 35.997546061613313 ], [ -78.897062817857758, 35.997544493639069 ], [ -78.897059810873529, 35.997543145032758 ], [ -78.897056905551707, 35.997541604215932 ], [ -78.89705437188168, 35.997540228537453 ], [ -78.897051398983805, 35.997538660192667 ], [ -78.897048865313963, 35.997537284514081 ], [ -78.897045926186976, 35.997535743668493 ], [ -78.897042953044021, 35.997534367619359 ], [ -78.897040419584826, 35.997532827115521 ], [ -78.897037480247775, 35.99753145109478 ], [ -78.897034507105104, 35.997530075045496 ], [ -78.89703197343583, 35.997528699366505 ], [ -78.897029034311657, 35.997527156803592 ], [ -78.897026061167111, 35.997525782471016 ], [ -78.897023527500295, 35.997524405074913 ], [ -78.897020588163826, 35.99752302905376 ], [ -78.897017615265071, 35.997521462425112 ], [ -78.897015047825818, 35.997520059246405 ], [ -78.897012142260181, 35.997518710724414 ], [ -78.897009135312857, 35.997517334645977 ], [ -78.897006195976843, 35.997515958624454 ], [ -78.897003696114126, 35.997514582973395 ], [ -78.897000722972663, 35.997513206923244 ], [ -78.896997783637005, 35.997511830901544 ], [ -78.896994810460697, 35.997510482322063 ], [ -78.896991870914775, 35.997509271125239 ], [ -78.89698933724685, 35.997507895445374 ], [ -78.896986364105899, 35.997506519394889 ], [ -78.89698342477071, 35.99750514337282 ], [ -78.896980451629958, 35.997503767322151 ], [ -78.896977512084504, 35.997502556125035 ], [ -78.896974978417035, 35.99750118044485 ], [ -78.896972005276567, 35.997499804393989 ], [ -78.896969065731398, 35.997498593196617 ], [ -78.896965687344732, 35.997496887153396 ], [ -78.896962308993338, 35.997495153639235 ], [ -78.896958525816785, 35.997492760482665 ], [ -78.896955519748602, 35.997490697631925 ], [ -78.896952615343025, 35.997488442570763 ], [ -78.896949204695616, 35.997485527781613 ], [ -78.89694582831028, 35.997482255899932 ], [ -78.896942891643889, 35.997478792093034 ], [ -78.896940360820508, 35.997475191274127 ], [ -78.896937830172845, 35.997471453100943 ], [ -78.896935705262862, 35.997467660328283 ], [ -78.896934020036554, 35.997463703101275 ], [ -78.896932774493905, 35.997459581419996 ], [ -78.89693193461855, 35.997455460080936 ], [ -78.896931094743309, 35.99745133874189 ], [ -78.896930658457549, 35.997447190272439 ], [ -78.896930663687243, 35.997443097117255 ], [ -78.896931110783399, 35.997438784567876 ], [ -78.89693196115293, 35.997434692125708 ], [ -78.896933217224557, 35.997430572554961 ], [ -78.896934506891128, 35.997426617837732 ], [ -78.89693620218948, 35.997422690933568 ], [ -78.896938302979194, 35.997418901725823 ], [ -78.89694084299569, 35.997415305184646 ], [ -78.897011149826469, 35.997289850067503 ], [ -78.897162263596442, 35.997022411066908 ], [ -78.897200921825331, 35.996953107115765 ], [ -78.897322797929391, 35.99673470797984 ], [ -78.897588427128298, 35.996267402329607 ], [ -78.897591340714214, 35.996262405071519 ], [ -78.897592729722476, 35.996260043740037 ], [ -78.897594965706361, 35.996256227161766 ], [ -78.897597741839377, 35.996252987924699 ], [ -78.897601499714725, 35.996248650675255 ], [ -78.897604512796676, 35.996245164398779 ], [ -78.897607930632873, 35.996242392704374 ], [ -78.897612566707437, 35.996238633079194 ], [ -78.897616289067841, 35.996235641872723 ], [ -78.897617574602677, 35.996234901236321 ], [ -78.897620145637319, 35.996233447434236 ], [ -78.897625626036174, 35.996230320346434 ], [ -78.897628230910513, 35.996228839101626 ], [ -78.897628941340301, 35.996228427633717 ], [ -78.897629920272209, 35.996227879036425 ], [ -78.897631139960808, 35.996227413053496 ], [ -78.897634147930006, 35.996226289267888 ], [ -78.897640068791361, 35.996224041616713 ], [ -78.897641996587552, 35.996223328989061 ], [ -78.897645006669265, 35.996222205204944 ], [ -78.897646965809074, 35.996221767312321 ], [ -78.897659310193404, 35.996219085507846 ], [ -78.897661068545659, 35.996218702388539 ], [ -78.897662454693489, 35.996218593666249 ], [ -78.897675538445753, 35.996217670616055 ], [ -78.897677634535114, 35.99621753501733 ], [ -78.897678916910976, 35.996217618504112 ], [ -78.897693690486648, 35.996218702241791 ], [ -78.897694197528068, 35.996218730137294 ], [ -78.897695245207004, 35.996218950781717 ], [ -78.897710284289545, 35.996222259881257 ], [ -78.89772532034327, 35.996227958943223 ], [ -78.897738933938811, 35.996235744599652 ], [ -78.897750686028374, 35.99624528683303 ], [ -78.897759595335074, 35.996255650812479 ], [ -78.897760202921688, 35.99625636556393 ], [ -78.897762598105217, 35.996260295904683 ], [ -78.897765467733265, 35.996264968356229 ], [ -78.89776745587433, 35.996268321467703 ], [ -78.897769650654112, 35.996272004402641 ], [ -78.897817687311928, 35.996352424392732 ] ] ], [ [ [ -78.895247838877594, 35.997416586542016 ], [ -78.895219404619311, 35.99745199099528 ], [ -78.895185793928263, 35.997493836353151 ], [ -78.895148617270962, 35.997540122053735 ], [ -78.895118443349858, 35.997577686602746 ], [ -78.895084574368255, 35.997619852774783 ], [ -78.895050707461863, 35.99766202065554 ], [ -78.895016838409447, 35.997704186807439 ], [ -78.89497884890433, 35.997751483025397 ], [ -78.894966136344763, 35.99776731076787 ], [ -78.894683032426784, 35.997686093218142 ], [ -78.894596357429208, 35.997661227723853 ], [ -78.894543821903753, 35.997646157536671 ], [ -78.894484848826551, 35.997629239501556 ], [ -78.894392659346082, 35.997602798108709 ], [ -78.894328332266113, 35.997584335283605 ], [ -78.894114621310692, 35.997523024118379 ], [ -78.894137250755378, 35.99748701225046 ], [ -78.894168971739077, 35.99743653969 ], [ -78.894194076225716, 35.997396587884509 ], [ -78.89421918702601, 35.997356636078592 ], [ -78.894244293575795, 35.997316684263346 ], [ -78.894269400098409, 35.997276734159186 ], [ -78.894294508711269, 35.997236782334149 ], [ -78.894314557052098, 35.997204880242386 ], [ -78.894319492708988, 35.99719677888767 ], [ -78.894343988871739, 35.997156579283548 ], [ -78.894375004455767, 35.997105687122371 ], [ -78.894421512935935, 35.997029373746571 ], [ -78.894452519961817, 35.996978488423544 ], [ -78.894477018107068, 35.99693828707418 ], [ -78.894501516227891, 35.996898085719316 ], [ -78.894526014322068, 35.996857886075794 ], [ -78.894550512394005, 35.996817684709804 ], [ -78.894575010441585, 35.996777483338278 ], [ -78.894605955869395, 35.996726699217113 ], [ -78.894628370351711, 35.996689929895759 ], [ -78.89482607615615, 35.996792314254094 ], [ -78.894908638649724, 35.996835068182548 ], [ -78.894990257426059, 35.99687733535216 ], [ -78.895042512828596, 35.996904396149105 ], [ -78.895094772491873, 35.996931456927051 ], [ -78.895147025849468, 35.996958519393871 ], [ -78.895231985146935, 35.997002513064231 ], [ -78.895478067378505, 35.997129946628576 ], [ -78.895460417784733, 35.997151920243802 ], [ -78.895417808999341, 35.997204969519963 ], [ -78.895387635326685, 35.997242535857367 ], [ -78.895353764511427, 35.997284703824789 ], [ -78.895319897888683, 35.997326870068783 ], [ -78.895286031230526, 35.997369036302715 ], [ -78.895247838877594, 35.997416586542016 ] ] ], [ [ [ -78.896034446210365, 35.998071420540811 ], [ -78.895883220369342, 35.998028382260834 ], [ -78.895709184211213, 35.997978786256226 ], [ -78.895525855016359, 35.997926599794233 ], [ -78.895341681341918, 35.997874082681996 ], [ -78.895250842688696, 35.997848292096243 ], [ -78.895116110822968, 35.997810019463621 ], [ -78.895263817176541, 35.997620926852647 ], [ -78.895293886281522, 35.997582685708394 ], [ -78.89537386172141, 35.997485232642617 ], [ -78.895472898444751, 35.997365462013718 ], [ -78.895626109214646, 35.997179640959551 ], [ -78.895797184986847, 35.997242806902442 ], [ -78.895970761328257, 35.997306989438712 ], [ -78.896133795879308, 35.997367069604273 ], [ -78.8963031828401, 35.997429709733879 ], [ -78.896677401091623, 35.997567875632683 ], [ -78.896645225789314, 35.997616277839498 ], [ -78.896588480887146, 35.997710156148386 ], [ -78.896496571051756, 35.997862017956962 ], [ -78.896491083060837, 35.997870941338427 ], [ -78.896404285184701, 35.997990530851283 ], [ -78.896400491664593, 35.997996186632314 ], [ -78.896283673233299, 35.998142562153632 ], [ -78.896034446210365, 35.998071420540811 ] ] ], [ [ [ -78.896132222277359, 35.999227547769934 ], [ -78.896209154916363, 35.999150459552531 ], [ -78.896210487760754, 35.999149123197824 ], [ -78.896238794805569, 35.999120757835158 ], [ -78.896357502233968, 35.999001805076908 ], [ -78.896442562377914, 35.999055017857962 ], [ -78.896559339194539, 35.998920480422406 ], [ -78.896610491751531, 35.99886154551649 ], [ -78.896703473624171, 35.998754328162619 ], [ -78.89678145889529, 35.998664576396429 ], [ -78.896800945162425, 35.998642128565827 ], [ -78.8969275961351, 35.998496210710393 ], [ -78.897071675923627, 35.998308768026746 ], [ -78.897092795145397, 35.998269859609032 ], [ -78.896930286349047, 35.998260985158907 ], [ -78.896913673671889, 35.99826032214272 ], [ -78.896941911489336, 35.997923513699497 ], [ -78.896659036997491, 35.997908625900095 ], [ -78.896665416589116, 35.997899711850032 ], [ -78.896780458162951, 35.997712844108513 ], [ -78.896788892167393, 35.997701698062251 ], [ -78.896797791041379, 35.997693821441395 ], [ -78.896807943650018, 35.997686962300897 ], [ -78.89682316499848, 35.997680107440615 ], [ -78.896840073361972, 35.997675808793645 ], [ -78.896855693349053, 35.997674448439369 ], [ -78.896875940536574, 35.997676361022428 ], [ -78.89689668912257, 35.997682724305825 ], [ -78.896919898928687, 35.997694254185461 ], [ -78.897051231412149, 35.997775925934228 ], [ -78.89715510371019, 35.997839031590416 ], [ -78.897314458522004, 35.997943120544043 ], [ -78.89731504118916, 35.997943500475088 ], [ -78.897338349741943, 35.997958895164182 ], [ -78.897542380736539, 35.998093629042792 ], [ -78.897603096973342, 35.998132923793356 ], [ -78.897653136071952, 35.998162903813999 ], [ -78.897698519155114, 35.998187320499326 ], [ -78.897814746629706, 35.998245286859614 ], [ -78.89766149859966, 35.998422888175348 ], [ -78.897534941232351, 35.998576093518096 ], [ -78.897381126462207, 35.998756420467004 ], [ -78.897236685109249, 35.9989257598859 ], [ -78.89706852422519, 35.999122905396483 ], [ -78.896888482888414, 35.999333978656367 ], [ -78.896778145419589, 35.999465790193099 ], [ -78.896725199156549, 35.999529354193783 ], [ -78.896683548881597, 35.999579358842155 ], [ -78.896508006077738, 35.999785449351016 ], [ -78.896343642600215, 35.999977786185447 ], [ -78.896171884554789, 36.000178847076995 ], [ -78.896155171840221, 36.00019814487284 ], [ -78.896073152139252, 36.000221265667015 ], [ -78.895996072208632, 36.000208489657446 ], [ -78.895917817923575, 36.000201948479379 ], [ -78.895839154066351, 36.000201702875181 ], [ -78.895760839148735, 36.000207760358954 ], [ -78.89576500895302, 36.000197172190909 ], [ -78.895830936851382, 36.000029941301854 ], [ -78.89584735730584, 35.99998829061883 ], [ -78.895894115014102, 35.999869692485348 ], [ -78.895943028466405, 35.999745629466538 ], [ -78.895955726982749, 35.999706381010029 ], [ -78.895990090950846, 35.999600192527659 ], [ -78.896024238451474, 35.999494671732052 ], [ -78.895928006828399, 35.999436828899491 ], [ -78.896080093885814, 35.999289058746598 ], [ -78.896120374011446, 35.99924984230956 ], [ -78.896132222277359, 35.999227547769934 ] ] ], [ [ [ -78.897678020629996, 35.998684941374954 ], [ -78.897677277383252, 35.99868455616042 ], [ -78.897811890985054, 35.998526409227694 ], [ -78.897911598149292, 35.998409274436163 ], [ -78.89801451367228, 35.998294449788823 ], [ -78.898289313826197, 35.998433763849299 ], [ -78.898482401070211, 35.998524605757567 ], [ -78.898959898546252, 35.998752982254167 ], [ -78.898605170003123, 35.99929111705746 ], [ -78.898538790818918, 35.999304797371252 ], [ -78.898285748214363, 35.999170336909458 ], [ -78.898264889810235, 35.999198724400728 ], [ -78.898289397289645, 35.999227232078866 ], [ -78.898377572984231, 35.999274033373972 ], [ -78.898569238670461, 35.999367895723921 ], [ -78.898578584556091, 35.999974157567053 ], [ -78.898158436727144, 35.999972764153512 ], [ -78.897952216777043, 35.999972070124109 ], [ -78.897828282093982, 35.99997155447489 ], [ -78.897818376639137, 35.999971628602864 ], [ -78.897578722016178, 35.999970823561007 ], [ -78.897568140565411, 35.999970788935478 ], [ -78.897555395527831, 35.999970721590103 ], [ -78.89742636842324, 35.999907293032969 ], [ -78.897418124777971, 35.999903218709541 ], [ -78.897226019531388, 35.999809465803878 ], [ -78.896868974660762, 35.999634615165938 ], [ -78.896952060462894, 35.999537136300589 ], [ -78.897049332170823, 35.99942304946731 ], [ -78.897281625313326, 35.999150541875309 ], [ -78.897327806143323, 35.999096353234833 ], [ -78.897678020629996, 35.998684941374954 ] ] ], [ [ [ -78.896423493206314, 36.00014461908868 ], [ -78.896535224326882, 36.000013018551797 ], [ -78.896666049710362, 35.99985981450444 ], [ -78.896777743910391, 35.999728378525475 ], [ -78.897164583307529, 35.999923060984614 ], [ -78.897301817556396, 35.999992540302735 ], [ -78.897414964008419, 36.000049307711571 ], [ -78.89753030655551, 36.000107258102382 ], [ -78.89753362950664, 36.000472073629268 ], [ -78.897537347838579, 36.000871640038426 ], [ -78.897163998819337, 36.000699770986238 ], [ -78.897064766243517, 36.000653866064226 ], [ -78.896848934166542, 36.000554624187522 ], [ -78.896834574770935, 36.000547936649347 ], [ -78.896682533239513, 36.000477922354598 ], [ -78.896539815050403, 36.000412201215141 ], [ -78.896292734090082, 36.000298152566202 ], [ -78.896423493206314, 36.00014461908868 ] ] ], [ [ [ -78.895617679806321, 36.000394103314477 ], [ -78.895684393435914, 36.000372865246767 ], [ -78.895753613413504, 36.000357818804609 ], [ -78.895824468973146, 36.000349160687783 ], [ -78.895896070456416, 36.000346993151211 ], [ -78.895967524075161, 36.000351344620057 ], [ -78.895959327300446, 36.000433818831446 ], [ -78.895821398481118, 36.000596520941244 ], [ -78.895686994431003, 36.000755225454768 ], [ -78.895532431854519, 36.000937173502329 ], [ -78.895404812416899, 36.001086902241617 ], [ -78.895392133989475, 36.000882177030029 ], [ -78.895378309425581, 36.000710796978886 ], [ -78.895363760440205, 36.000535961836334 ], [ -78.895361314214099, 36.000507846773381 ], [ -78.895407868172683, 36.000459175693059 ], [ -78.895479953725385, 36.000442255258001 ], [ -78.895550050884339, 36.000420513665148 ], [ -78.895617679806321, 36.000394103314477 ] ] ], [ [ [ -78.895573944696622, 36.001151114054238 ], [ -78.8955814930641, 36.00114224742795 ], [ -78.895606855480807, 36.001112325897651 ], [ -78.895613220926975, 36.001104831799985 ], [ -78.895646165587081, 36.001065961248536 ], [ -78.895652531061472, 36.00105843967787 ], [ -78.895866651365466, 36.000807538967479 ], [ -78.895876298965007, 36.000796146794428 ], [ -78.896001779211431, 36.000647718873296 ], [ -78.89601241256841, 36.000635420990371 ], [ -78.896109752809878, 36.000522681081769 ], [ -78.896206855707192, 36.000410270539291 ], [ -78.896497757282717, 36.000545509033813 ], [ -78.896500293397324, 36.000546692428394 ], [ -78.896644560960226, 36.000613760992096 ], [ -78.896647029535657, 36.000614889384764 ], [ -78.896808294232557, 36.000689883731638 ], [ -78.896813125781165, 36.000692112950176 ], [ -78.897268060830342, 36.000908939048941 ], [ -78.897274987567343, 36.000911856781634 ], [ -78.89751323452856, 36.001011666112682 ], [ -78.897516818045489, 36.001011696589657 ], [ -78.89773679822116, 36.001013913766066 ], [ -78.897739802032916, 36.001309557345479 ], [ -78.89773992537728, 36.001320599004494 ], [ -78.897741391982137, 36.001523776181642 ], [ -78.897741473844079, 36.001537539133665 ], [ -78.897741473565446, 36.001537758900014 ], [ -78.897325304574679, 36.001539829000016 ], [ -78.897323749440432, 36.001539825976124 ], [ -78.897316007565522, 36.001539819469343 ], [ -78.897288776082689, 36.0016855842441 ], [ -78.897273830589299, 36.001765621657334 ], [ -78.897272230830922, 36.001774108796447 ], [ -78.897271926578142, 36.001775756789961 ], [ -78.897309651489252, 36.001779057533327 ], [ -78.897311457311858, 36.001847708636262 ], [ -78.897314651534884, 36.001967676397811 ], [ -78.897315103053543, 36.001984791098529 ], [ -78.897281869720928, 36.001985202694414 ], [ -78.897279232665895, 36.001985255418887 ], [ -78.897219019302113, 36.001986935438552 ], [ -78.897196400986047, 36.001986119754115 ], [ -78.897157627611548, 36.001984741051004 ], [ -78.897118616769248, 36.001982345715199 ], [ -78.897087653445709, 36.001978913254973 ], [ -78.89705990309902, 36.001974494544569 ], [ -78.897059227124373, 36.001974356620934 ], [ -78.897059666893739, 36.001960898006196 ], [ -78.897011650612257, 36.0019502074447 ], [ -78.896965185939436, 36.001935679125587 ], [ -78.896920739664708, 36.001917455949268 ], [ -78.896910206574859, 36.001912447372284 ], [ -78.896858117385904, 36.00188456859744 ], [ -78.896784961586548, 36.00184541068375 ], [ -78.896775393315778, 36.001857558438424 ], [ -78.896740662996976, 36.001838986284177 ], [ -78.896658904916393, 36.001795266017432 ], [ -78.896517551476052, 36.001719684016876 ], [ -78.896424744062543, 36.001670075475118 ], [ -78.896301467562267, 36.001604260687557 ], [ -78.896128695643014, 36.001511839413155 ], [ -78.895863218818789, 36.001369809003229 ], [ -78.89574970483956, 36.001309084074641 ], [ -78.895725889306249, 36.001296344756369 ], [ -78.895536666032612, 36.001195090453479 ], [ -78.895548076478434, 36.001181639503166 ], [ -78.895573944696622, 36.001151114054238 ] ] ], [ [ [ -78.895999286287747, 36.001560297738244 ], [ -78.895997786938068, 36.001674355326735 ], [ -78.895996134715759, 36.001802093249687 ], [ -78.895764511077445, 36.001808845966892 ], [ -78.89575569026087, 36.001832738056436 ], [ -78.895657073578747, 36.001832956049142 ], [ -78.895278834556976, 36.001833731251708 ], [ -78.895326165381235, 36.001677134894223 ], [ -78.895403247831212, 36.001415209930428 ], [ -78.895455511566823, 36.0012605097739 ], [ -78.895705639776722, 36.001398518951092 ], [ -78.895999286287747, 36.001560297738244 ] ] ], [ [ [ -78.895271948967761, 36.001304362540111 ], [ -78.895268023611834, 36.001359300831474 ], [ -78.895264232023294, 36.001389323195738 ], [ -78.895257229207914, 36.001418983968669 ], [ -78.895144310509721, 36.001758867757601 ], [ -78.895100255986534, 36.001891486542412 ], [ -78.894732686578351, 36.001902433419339 ], [ -78.8941519502836, 36.001919732745236 ], [ -78.894153101100855, 36.001662661775903 ], [ -78.893628737788831, 36.001644982140895 ], [ -78.893730266998887, 36.001281464912488 ], [ -78.894418264834144, 36.001291677939783 ], [ -78.895271948967761, 36.001304362540111 ] ] ], [ [ [ -78.898760153929118, 36.002076942703333 ], [ -78.898760456084034, 36.002076942953749 ], [ -78.898949605227457, 36.002076951893969 ], [ -78.898958078034127, 36.002362202134961 ], [ -78.898964197009519, 36.002568183364907 ], [ -78.898969134039817, 36.002734325772529 ], [ -78.898974395402846, 36.002911460195165 ], [ -78.898636320589731, 36.0029129777908 ], [ -78.898467791358584, 36.002913732367794 ], [ -78.898297301251546, 36.002914497098494 ], [ -78.897953479032338, 36.002916038924617 ], [ -78.897949401407033, 36.002778724387149 ], [ -78.897945307606349, 36.002640844959927 ], [ -78.89845241707458, 36.002638570224356 ], [ -78.898456511739766, 36.002776451351629 ], [ -78.898466282268245, 36.002776407964234 ], [ -78.8986322460173, 36.00277567186405 ], [ -78.898631021628077, 36.002734406255094 ], [ -78.898626132078221, 36.002569707807233 ], [ -78.898619963279913, 36.002362025044739 ], [ -78.898444227779649, 36.002362813097676 ], [ -78.898437998525566, 36.002220313358642 ], [ -78.898431982898501, 36.002082693293069 ], [ -78.898431769297744, 36.002077810177376 ], [ -78.89843173026469, 36.002076925927973 ], [ -78.898591012531796, 36.002076932909659 ], [ -78.898657473993325, 36.002076936550672 ], [ -78.898760153929118, 36.002076942703333 ] ] ], [ [ [ -78.898414417355127, 36.00373397999023 ], [ -78.89822001806894, 36.003735356560227 ], [ -78.898004082478948, 36.003737071963741 ], [ -78.89799043192663, 36.003490152993329 ], [ -78.897979685171677, 36.0032980132098 ], [ -78.897965635494856, 36.003047687479906 ], [ -78.898185387145574, 36.003047870811471 ], [ -78.89828089459408, 36.003047950366962 ], [ -78.898378092440083, 36.003048031253861 ], [ -78.898570797735374, 36.003048191392267 ], [ -78.898578877834638, 36.003048198100181 ], [ -78.898763503031418, 36.003048351226695 ], [ -78.89898325468576, 36.00304853312312 ], [ -78.898996063915277, 36.003293033896909 ], [ -78.899005969213817, 36.003482425813424 ], [ -78.899018743859457, 36.003729343944649 ], [ -78.898799835325477, 36.003731030826508 ], [ -78.898700841706201, 36.003731745440156 ], [ -78.898607126464682, 36.003732409412692 ], [ -78.898578015013697, 36.00373274236977 ], [ -78.898414417355127, 36.00373397999023 ] ] ] ] } }
]
}
