{
"type": "FeatureCollection",
"crs": { "type": "name", "properties": { "name": "urn:ogc:def:crs:OGC:1.3:CRS84" } },
"features": [
{ "type": "Feature", "properties": { "region_id": "DUR-01", "parent_city": "Durham", "display_name": "Downtown Durham", "geometry_source": "Derived from City/County of Durham Downtown Place Type polygons", "source_authority": "City/County of Durham GIS / derived gameplay geometry", "source_query_or_filter": "PlaceType='DT'; dissolve; +50 ft buffer; union; -50 ft buffer", "retrieved_at_utc": "2026-10-10T13:07:20Z", "original_crs": "EPSG:4326; derived in EPSG:2264", "final_crs": "EPSG:4326", "review_required": true, "geometry_valid": true, "notes": "Gameplay boundary derived from authoritative Downtown Place Type polygons. Morphological closing bridges normal street-width gaps; this is not represented as an official legal or administrative downtown boundary.", "source_matched_names": null, "ncsu_precinct_name": null, "osm_display_name": null, "osm_type": null, "osm_id": null, "osm_name": null }, "geometry": { "type": "MultiPolygon", "coordinates": [ [ [ [ -78.891882695975966, 35.990051001317724 ], [ -78.891880121941568, 35.99005332588338 ], [ -78.891779224864209, 35.990136081074191 ], [ -78.891774195822123, 35.990140388183242 ], [ -78.891677508545868, 35.990226864824834 ], [ -78.891672725664378, 35.990231332413352 ], [ -78.891580571510019, 35.990321255131931 ], [ -78.891576253097625, 35.990325648819883 ], [ -78.891494733308647, 35.990412163771516 ], [ -78.891490671682206, 35.990416660590533 ], [ -78.891412798737463, 35.990506652397052 ], [ -78.89141030663454, 35.990509613746696 ], [ -78.891386930802867, 35.990538185158037 ], [ -78.891384539363372, 35.990540819500168 ], [ -78.891382584971893, 35.9905409087186 ], [ -78.891369868878854, 35.990540992075573 ], [ -78.891353195538528, 35.990542452051557 ], [ -78.891336782302218, 35.990545247646502 ], [ -78.891320790749504, 35.990549351368536 ], [ -78.891305378319686, 35.990554722755832 ], [ -78.891290696756315, 35.990561308979714 ], [ -78.891276890619196, 35.990569045200296 ], [ -78.891264095762565, 35.990577855224565 ], [ -78.891252438218331, 35.990587652356808 ], [ -78.891242032741772, 35.990598340084247 ], [ -78.891232981728194, 35.990609813257223 ], [ -78.891173896250606, 35.990693586361289 ], [ -78.891170540804993, 35.990698580802544 ], [ -78.891099815908845, 35.990809242407558 ], [ -78.891096479418778, 35.990814761558376 ], [ -78.891032022282531, 35.990927705278523 ], [ -78.891029012959294, 35.990933300923501 ], [ -78.890970797769228, 35.991048459277181 ], [ -78.89096808911863, 35.991054176912471 ], [ -78.890915556221273, 35.991172900017411 ], [ -78.890914433969584, 35.991175519055481 ], [ -78.890495474512235, 35.992185962102035 ], [ -78.890494009958303, 35.992188990502243 ], [ -78.89049007694598, 35.992188380775552 ], [ -78.890488468738795, 35.992188063802764 ], [ -78.890488049890592, 35.992187981701278 ], [ -78.890472968764485, 35.99218504211462 ], [ -78.890470709707429, 35.992184574923911 ], [ -78.890376474845098, 35.992163957277803 ], [ -78.89037058458014, 35.992162479247952 ], [ -78.890280265919458, 35.992136846983392 ], [ -78.890274541215206, 35.99213502988664 ], [ -78.890186757434506, 35.992104130164712 ], [ -78.890181220926536, 35.992101984103591 ], [ -78.890096403793223, 35.992065979232002 ], [ -78.890091044978007, 35.992063497989051 ], [ -78.890008669764853, 35.992022048675231 ], [ -78.890005554662878, 35.992020403136422 ], [ -78.888663484852245, 35.991276840941374 ], [ -78.888651829368087, 35.991270932307998 ], [ -78.888639621908723, 35.991265812410191 ], [ -78.888248904453803, 35.991117959828259 ], [ -78.888245157055223, 35.991116349542466 ], [ -78.888244458060228, 35.991115776188913 ], [ -78.888235762575277, 35.991107802376312 ], [ -78.888224534293272, 35.991099225675839 ], [ -78.888212391524092, 35.991091515697001 ], [ -78.888199435148252, 35.991084736511716 ], [ -78.888185772851216, 35.991078944533697 ], [ -78.887656905779494, 35.990879104917504 ], [ -78.887650317551405, 35.990876323002283 ], [ -78.887646570142948, 35.990874566525093 ], [ -78.887643524530233, 35.990872994116792 ], [ -78.887640655520201, 35.99087121581131 ], [ -78.887637246468401, 35.990868908715441 ], [ -78.887634562879285, 35.990866927734977 ], [ -78.887632098685131, 35.990864766691999 ], [ -78.887629278583574, 35.990862069665738 ], [ -78.887627022282743, 35.99085971061109 ], [ -78.887625027522176, 35.990857200706813 ], [ -78.887622829749418, 35.990854151388746 ], [ -78.887621129080742, 35.990851539618035 ], [ -78.88761971169734, 35.990848818471406 ], [ -78.887618181686861, 35.990845487833319 ], [ -78.887617060160778, 35.990842683529628 ], [ -78.88761623947353, 35.990839811237414 ], [ -78.887615436541196, 35.990836326332115 ], [ -78.887614917435144, 35.990833362756725 ], [ -78.887614718680624, 35.990830373625904 ], [ -78.887614673980181, 35.99082684030018 ], [ -78.887614791541978, 35.990823907473619 ], [ -78.887615217460876, 35.990820993556049 ], [ -78.88761592365546, 35.990817461333251 ], [ -78.88761666185404, 35.990814565201966 ], [ -78.887617704664379, 35.990811731600068 ], [ -78.887619133510796, 35.990808382943577 ], [ -78.887621847686972, 35.990802818564831 ], [ -78.88768653972501, 35.990685411476619 ], [ -78.887689893458528, 35.990679349086591 ], [ -78.887690004137639, 35.990679148540629 ], [ -78.887797790469094, 35.990483470743797 ], [ -78.887801109095847, 35.99047743466263 ], [ -78.887879948830005, 35.990334333829765 ], [ -78.887883300133609, 35.990328272008284 ], [ -78.887883398069874, 35.990328094553455 ], [ -78.887973890582884, 35.990163790706127 ], [ -78.887977250247786, 35.990157710016803 ], [ -78.888063980578167, 35.990000315595736 ], [ -78.88806689883333, 35.989995528298252 ], [ -78.888068821916661, 35.989992659868442 ], [ -78.888070555468119, 35.989990303872816 ], [ -78.888072515532087, 35.989988068242639 ], [ -78.888074956346387, 35.989985507769426 ], [ -78.888077107483483, 35.989983427113025 ], [ -78.888079454710393, 35.989981491490582 ], [ -78.888082359995636, 35.989979278510745 ], [ -78.888084910041286, 35.989977486225115 ], [ -78.888087628151894, 35.989975865209935 ], [ -78.888091074704718, 35.989973977240076 ], [ -78.888091113739435, 35.989973958046178 ], [ -78.888091275607451, 35.989973869325972 ], [ -78.888093747544929, 35.9899726304807 ], [ -78.888096561587886, 35.989971447247797 ], [ -78.888100246899924, 35.989970037628275 ], [ -78.888103410627863, 35.98996895308904 ], [ -78.888106672425792, 35.989968081374549 ], [ -78.888110463272255, 35.98996720552946 ], [ -78.888113698276371, 35.989966569106393 ], [ -78.888116984978424, 35.989966141976787 ], [ -78.888120971540161, 35.989965754332033 ], [ -78.888124295164957, 35.989965539009575 ], [ -78.888127629377266, 35.989965537777834 ], [ -78.888131682354597, 35.989965666564949 ], [ -78.888134956040716, 35.989965874578715 ], [ -78.888138199897341, 35.9899662889543 ], [ -78.888142143399918, 35.989966921430522 ], [ -78.888145441937624, 35.98996756348027 ], [ -78.888148666287321, 35.989968418883763 ], [ -78.888152382904636, 35.989969541206122 ], [ -78.888158548083226, 35.989971631923524 ], [ -78.888817958734833, 35.990220566721298 ], [ -78.888823125474914, 35.990222520130388 ], [ -78.889032029298917, 35.990301369372609 ], [ -78.889046934032478, 35.990306308259818 ], [ -78.889062349281929, 35.990310072456815 ], [ -78.889078135252049, 35.990312627854927 ], [ -78.889094148752292, 35.990313951248432 ], [ -78.889110244514612, 35.990314030665374 ], [ -78.889126276613283, 35.990312865368885 ], [ -78.889142099580255, 35.990310465940702 ], [ -78.889157569926581, 35.990306854117506 ], [ -78.889172547359422, 35.990302062682368 ], [ -78.889186895999515, 35.990296135108565 ], [ -78.88920048573388, 35.990289125121336 ], [ -78.889213193298104, 35.990281096286765 ], [ -78.889224903426339, 35.990272121490932 ], [ -78.889235509934238, 35.99026228206165 ], [ -78.889244916564635, 35.990251667302388 ], [ -78.889253038070635, 35.990240373449275 ], [ -78.889326799789785, 35.990125577442839 ], [ -78.889330422354746, 35.990119950527259 ], [ -78.889746428588069, 35.989472418384921 ], [ -78.889749950473302, 35.989467453249773 ], [ -78.889752256722545, 35.989464494621984 ], [ -78.889754352020532, 35.989462048878728 ], [ -78.88975670089107, 35.989459760388257 ], [ -78.889759577118994, 35.98945719384573 ], [ -78.889762076962526, 35.989455143719496 ], [ -78.88976478025495, 35.989453271843558 ], [ -78.889768228951908, 35.989451080686031 ], [ -78.88977112435677, 35.989449396197834 ], [ -78.889774184335707, 35.989447916296925 ], [ -78.889776740202848, 35.98944679616762 ], [ -78.889778002321449, 35.989446245167834 ], [ -78.889781249994996, 35.98944496992987 ], [ -78.889784623505051, 35.989443924160348 ], [ -78.889788714789475, 35.989442816514455 ], [ -78.889792146305751, 35.989442016936806 ], [ -78.889795648750948, 35.989441456173097 ], [ -78.889799935305035, 35.989440921939369 ], [ -78.889803514287109, 35.989440602329552 ], [ -78.88980711378457, 35.989440532064521 ], [ -78.889811406246395, 35.989440597334323 ], [ -78.88981501412195, 35.989440778133634 ], [ -78.889818589712178, 35.989441209493727 ], [ -78.889822772086461, 35.989441864080604 ], [ -78.889826275885156, 35.989442539729851 ], [ -78.889829695931368, 35.989443455948994 ], [ -78.889833768649211, 35.989444706144198 ], [ -78.88984030244346, 35.989446971275441 ], [ -78.890940392853608, 35.989873627090219 ], [ -78.890955431975598, 35.989878751266737 ], [ -78.890971008729181, 35.98988267371022 ], [ -78.890986978116757, 35.989885357892014 ], [ -78.891003191474397, 35.989886778790684 ], [ -78.891019497891151, 35.98988692322277 ], [ -78.891035745493625, 35.989885789844053 ], [ -78.891051783102213, 35.989883389178431 ], [ -78.891067461346779, 35.989879743563975 ], [ -78.891082634289333, 35.989874886989682 ], [ -78.891097160675471, 35.989868864629358 ], [ -78.891110905286823, 35.989861732540753 ], [ -78.891123740158704, 35.989853557172196 ], [ -78.891135545764257, 35.989844414566875 ], [ -78.891146212265738, 35.989834389897069 ], [ -78.891155640293405, 35.989823576475672 ], [ -78.891221339146568, 35.989739943877161 ], [ -78.89122522797598, 35.989735407243998 ], [ -78.891227710733062, 35.989732746201334 ], [ -78.89122990962656, 35.989730579849912 ], [ -78.891232319374936, 35.98972856713894 ], [ -78.89123529646568, 35.989726276350197 ], [ -78.891237879105205, 35.989724444963976 ], [ -78.891240636264996, 35.989722790124027 ], [ -78.891244014888159, 35.989720929860184 ], [ -78.891246926000122, 35.989719463525461 ], [ -78.891249973949115, 35.989718194031973 ], [ -78.891253612455529, 35.989716827240116 ], [ -78.891253734307412, 35.989716781334764 ], [ -78.89125688193586, 35.989715715132441 ], [ -78.891260118415985, 35.989714860480525 ], [ -78.891263987546211, 35.989713977299949 ], [ -78.891267411600552, 35.989713319644125 ], [ -78.891270891180582, 35.989712896309932 ], [ -78.891274931885874, 35.989712544047954 ], [ -78.891278304698631, 35.989712360742047 ], [ -78.891281684718834, 35.989712397594687 ], [ -78.891285838315582, 35.989712578369215 ], [ -78.891289235949998, 35.989712838658527 ], [ -78.891292596541504, 35.989713321374531 ], [ -78.891296582814803, 35.989714030238673 ], [ -78.891299925655076, 35.989714742513392 ], [ -78.89130318551824, 35.989715674866368 ], [ -78.891306978552493, 35.989716903912928 ], [ -78.891310106988925, 35.989718039378857 ], [ -78.891313111638482, 35.989719377497629 ], [ -78.891316654464191, 35.989721111017531 ], [ -78.891322319820702, 35.989724141378865 ], [ -78.891879680486795, 35.990049058623008 ], [ -78.891882695975966, 35.990051001317724 ] ] ], [ [ [ -78.914136924371675, 36.002914812020919 ], [ -78.914134968976015, 36.002913744916931 ], [ -78.913843493411676, 36.002737408692283 ], [ -78.913842590083405, 36.002736854518574 ], [ -78.913755210715721, 36.002682498692344 ], [ -78.91375348666827, 36.002681440343814 ], [ -78.913607813234933, 36.002593198087752 ], [ -78.913606959203335, 36.002592673890305 ], [ -78.91314551355778, 36.002305690939124 ], [ -78.913142775833776, 36.002303913966578 ], [ -78.913142104734007, 36.002303459506891 ], [ -78.91313964921676, 36.002301700838146 ], [ -78.913134769189043, 36.00229764531452 ], [ -78.913133189096826, 36.002296160575163 ], [ -78.913132948299264, 36.002295927478968 ], [ -78.91312894830358, 36.002291698168698 ], [ -78.913126062112624, 36.002288086205077 ], [ -78.913126028455608, 36.002288040524668 ], [ -78.913124253032549, 36.002285511151257 ], [ -78.91312413506509, 36.002285334484995 ], [ -78.913122691705055, 36.002282958195281 ], [ -78.913121478631339, 36.002280498393191 ], [ -78.913121004021349, 36.002279416694833 ], [ -78.913120675076328, 36.00227866021708 ], [ -78.913118125523781, 36.002271644612392 ], [ -78.913117602329692, 36.002269937588935 ], [ -78.913115918867703, 36.002263512892839 ], [ -78.913111548257334, 36.002250166966064 ], [ -78.913105550402264, 36.002237245102307 ], [ -78.913097985948468, 36.002224877995658 ], [ -78.913088931403735, 36.002213190609972 ], [ -78.913078478225998, 36.002202301107026 ], [ -78.913066732148451, 36.00219231960979 ], [ -78.913053811929998, 36.002183346992808 ], [ -78.913039848139135, 36.002175473974802 ], [ -78.913024981971731, 36.002168780156531 ], [ -78.913009363696787, 36.002163333195377 ], [ -78.912993151237231, 36.002159188172591 ], [ -78.912976508480199, 36.00215638696033 ], [ -78.91295960365477, 36.002154957890767 ], [ -78.912942607675646, 36.002154915452905 ], [ -78.912939026660524, 36.002155052947209 ], [ -78.912935807957069, 36.002153189835795 ], [ -78.912730054627886, 36.002021668171437 ], [ -78.912716327959586, 36.00201375968313 ], [ -78.91270170165005, 36.002006999297294 ], [ -78.912686320660654, 36.00200145403609 ], [ -78.912670337335697, 36.001997178839872 ], [ -78.912653910152187, 36.001994216044373 ], [ -78.912637201826939, 36.001992595077091 ], [ -78.912620377931077, 36.001992331934503 ], [ -78.912603605199649, 36.001993429235689 ], [ -78.912587049841363, 36.0019958761387 ], [ -78.912570875915847, 36.00199964836699 ], [ -78.912555243676792, 36.002004708565202 ], [ -78.912540308016403, 36.00201100657285 ], [ -78.912526216977454, 36.002018479972627 ], [ -78.912513110163616, 36.002027054721026 ], [ -78.912501117487807, 36.002036645834359 ], [ -78.91249035771753, 36.002047158321517 ], [ -78.912480937561256, 36.002058487925098 ], [ -78.912472950314623, 36.002070522466525 ], [ -78.912466475149628, 36.002083142614687 ], [ -78.912461576200258, 36.002096223341155 ], [ -78.912458302054119, 36.002109635046168 ], [ -78.912456685142487, 36.002123244794412 ], [ -78.91244142201576, 36.002390081929825 ], [ -78.912441045987975, 36.002393275883286 ], [ -78.912437097459161, 36.002393300386757 ], [ -78.911965525812647, 36.002377470285921 ], [ -78.911868546219281, 36.002374102659118 ], [ -78.911864607606404, 36.002373809039291 ], [ -78.911863748622054, 36.002367681440795 ], [ -78.911863695897765, 36.002367017323493 ], [ -78.911861058431924, 36.002353861464513 ], [ -78.911856864065527, 36.002340975289336 ], [ -78.911851152289259, 36.002328480137429 ], [ -78.911843976864589, 36.002316493677327 ], [ -78.911835405385332, 36.002305128807677 ], [ -78.911825518602839, 36.002294492530268 ], [ -78.911814409581723, 36.002284685043122 ], [ -78.911802182957203, 36.002275798668371 ], [ -78.911788953854128, 36.002267917137488 ], [ -78.911774846907548, 36.002261114628872 ], [ -78.911759994910994, 36.002255455245162 ], [ -78.911744537735572, 36.002250992243127 ], [ -78.911728620977911, 36.002247767675669 ], [ -78.911712394507163, 36.002245811923757 ], [ -78.911696011180581, 36.002245143365855 ], [ -78.911283014552438, 36.002244593317677 ], [ -78.911278957956327, 36.002244425382131 ], [ -78.911274602007765, 36.002239603536779 ], [ -78.911264084828233, 36.002229090676622 ], [ -78.911252344219065, 36.002219470854335 ], [ -78.911239494380851, 36.002210837690654 ], [ -78.911225660376871, 36.002203275144538 ], [ -78.911210976747753, 36.002196856825279 ], [ -78.911195586396701, 36.002191645167748 ], [ -78.911179639035069, 36.002187690881748 ], [ -78.911163289830554, 36.00218503240167 ], [ -78.911146697852516, 36.002183695638173 ], [ -78.911130024517135, 36.002183693592357 ], [ -78.911113432032508, 36.002185026244852 ], [ -78.91109708184338, 36.002187680692018 ], [ -78.911081133008523, 36.002191631034854 ], [ -78.911076018466787, 36.002193125570109 ], [ -78.911071908052236, 36.002193294737737 ], [ -78.910568977724125, 36.00219390840509 ], [ -78.910399952725072, 36.002194169121324 ], [ -78.910147131503876, 36.002194668203039 ], [ -78.909890484727413, 36.002193245873165 ], [ -78.909890163320142, 36.00219324434498 ], [ -78.909721376121141, 36.0021925694112 ], [ -78.909721202046441, 36.002192568788068 ], [ -78.909472977802324, 36.002191783496045 ], [ -78.909472292016076, 36.002191782465943 ], [ -78.909287973935534, 36.002191806643204 ], [ -78.909283869942854, 36.002191643193811 ], [ -78.909280507472587, 36.002190349706297 ], [ -78.909265335573593, 36.002185231038808 ], [ -78.909249623815427, 36.00218133323817 ], [ -78.909233520672871, 36.002178693088027 ], [ -78.90921717814993, 36.002177335534789 ], [ -78.90920075063076, 36.002177273384596 ], [ -78.909184393256979, 36.002178507247237 ], [ -78.909168260541747, 36.00218102545265 ], [ -78.909152504814358, 36.002184804214593 ], [ -78.909137274901568, 36.002189807876867 ], [ -78.909122714639906, 36.002195989132083 ], [ -78.909108961590164, 36.002203289652378 ], [ -78.909106244899959, 36.002204890003476 ], [ -78.909102163400817, 36.002205016107055 ], [ -78.908920466547187, 36.002203377525987 ], [ -78.908920282162214, 36.002203375960029 ], [ -78.908734526330107, 36.002201865139526 ], [ -78.90873434194495, 36.002201863738101 ], [ -78.90836985938563, 36.002199221580362 ], [ -78.908353211353841, 36.002199768123717 ], [ -78.908336710429765, 36.002201643758006 ], [ -78.908320516915182, 36.002204830280533 ], [ -78.908304788117633, 36.002209296712522 ], [ -78.908289676862424, 36.002214999655124 ], [ -78.908275329970863, 36.002221883727721 ], [ -78.908261886839838, 36.002229882034015 ], [ -78.908249478021119, 36.00223891684746 ], [ -78.908238224104835, 36.002248900407345 ], [ -78.908228234467629, 36.002259735741752 ], [ -78.908219606088437, 36.002271317545805 ], [ -78.908212422870989, 36.002283533307477 ], [ -78.908206754560766, 36.002296264350576 ], [ -78.908202656202803, 36.002309386988124 ], [ -78.908200167666891, 36.002322773730754 ], [ -78.908199313139122, 36.002336294494988 ], [ -78.908197676210563, 36.002998929636433 ], [ -78.908194015379848, 36.004378221203872 ], [ -78.908193812044871, 36.004381438456932 ], [ -78.908189851379731, 36.00438158330094 ], [ -78.907683694173869, 36.004379864800327 ], [ -78.907667541323377, 36.004380438188562 ], [ -78.907651529813464, 36.004382262865882 ], [ -78.90763580605352, 36.00438532210346 ], [ -78.907620513930155, 36.004389587962535 ], [ -78.907605793319604, 36.004395021375686 ], [ -78.907591778870056, 36.004401572667916 ], [ -78.907578598817977, 36.004409181885336 ], [ -78.907566373736486, 36.004417779426007 ], [ -78.907555215452845, 36.004427286643583 ], [ -78.907545226033363, 36.004437616560679 ], [ -78.907536496835789, 36.004448674664779 ], [ -78.907529107798396, 36.00446035981426 ], [ -78.907523126458457, 36.004472565116757 ], [ -78.907518607545299, 36.004485178917641 ], [ -78.907515592370785, 36.00449808578869 ], [ -78.907514108591144, 36.004511167681464 ], [ -78.907514169732522, 36.004524304916053 ], [ -78.907515775223459, 36.004537377334835 ], [ -78.907517015346087, 36.00454416844704 ], [ -78.907517202507876, 36.004547384785688 ], [ -78.907516297677603, 36.004956402447931 ], [ -78.907516277823206, 36.004973659631446 ], [ -78.907516079157276, 36.004976878506959 ], [ -78.907512116769468, 36.004977024866044 ], [ -78.906940635306697, 36.00497528450579 ], [ -78.906924042028507, 36.00497589701812 ], [ -78.906907602848108, 36.004977829781375 ], [ -78.906891476484688, 36.004981064154073 ], [ -78.906875818629217, 36.004985568883306 ], [ -78.906860780490348, 36.004991300461015 ], [ -78.906846507204918, 36.004998203589444 ], [ -78.906833136620364, 36.005006211565068 ], [ -78.906820797840027, 36.005015247128938 ], [ -78.906809610005411, 36.005025223015124 ], [ -78.906799681077928, 36.005036042883887 ], [ -78.906791106992642, 36.005047602282389 ], [ -78.906783970507632, 36.005059789632782 ], [ -78.906778340492721, 36.005072487220666 ], [ -78.90677427135337, 36.005085572458185 ], [ -78.906771802386913, 36.005098919037366 ], [ -78.906770957375471, 36.005112398056106 ], [ -78.90677033167573, 36.005404055827633 ], [ -78.906770129971548, 36.005407273325552 ], [ -78.906766169049376, 36.00540741919454 ], [ -78.906550601600358, 36.005406742499794 ], [ -78.906297070411512, 36.005405861654623 ], [ -78.906043448462427, 36.005405144763508 ], [ -78.905805103585195, 36.005404442998653 ], [ -78.905801685171056, 36.005404376713258 ], [ -78.905800588758595, 36.005404337408841 ], [ -78.905797565448239, 36.005404173769342 ], [ -78.905790739890477, 36.005403422976947 ], [ -78.905788461447841, 36.005403037480747 ], [ -78.90578079926135, 36.00540123822487 ], [ -78.905779935090564, 36.005400989552264 ], [ -78.905779103068454, 36.005400744008661 ], [ -78.905774884234233, 36.005399340569603 ], [ -78.905767727067982, 36.005396254971288 ], [ -78.905767721898258, 36.005396252357585 ], [ -78.905762534206886, 36.005393252503374 ], [ -78.90575921387277, 36.005391016183616 ], [ -78.905758639770141, 36.005390604887864 ], [ -78.905756918347123, 36.005389337102329 ], [ -78.90575655677597, 36.005389063324373 ], [ -78.905753042525603, 36.005386209476654 ], [ -78.905740645294884, 36.005377091977103 ], [ -78.905727200160584, 36.005369014260573 ], [ -78.905712838614477, 36.005362055379358 ], [ -78.90569770118806, 36.005356283376756 ], [ -78.905681935999283, 36.005351754791796 ], [ -78.905665697333532, 36.005348513888961 ], [ -78.905649144021183, 36.00534659240958 ], [ -78.905632438085689, 36.005346009103825 ], [ -78.905615742951909, 36.005346769729428 ], [ -78.90559922195871, 36.005348866830644 ], [ -78.905583036803606, 36.005352279901977 ], [ -78.905567345784675, 36.005356975496611 ], [ -78.905552302515204, 36.005362907719942 ], [ -78.905538054097718, 36.005370018530257 ], [ -78.905524740007635, 36.005378238314918 ], [ -78.905512490503384, 36.005387486658066 ], [ -78.905510911435655, 36.005388802962671 ], [ -78.905503703637208, 36.005393651254209 ], [ -78.905501498840763, 36.005394874415778 ], [ -78.905501158356188, 36.005395042932882 ], [ -78.905491649728361, 36.00539890453431 ], [ -78.905491648848937, 36.005398904863277 ], [ -78.905488433325061, 36.005400019694676 ], [ -78.905485553624857, 36.005400846534982 ], [ -78.905482303084796, 36.005401548837973 ], [ -78.905481047321729, 36.005401777027686 ], [ -78.905480806144681, 36.005401821014097 ], [ -78.905479819421544, 36.005402001530371 ], [ -78.905474169378394, 36.005402830787233 ], [ -78.905468127911845, 36.005403270672367 ], [ -78.905465003703853, 36.005403319542907 ], [ -78.903340599381238, 36.005395850440316 ], [ -78.903336621223204, 36.005395675573041 ], [ -78.903337111552005, 36.005390289216578 ], [ -78.903337522304113, 36.005376826224165 ], [ -78.903336308497927, 36.005363395295859 ], [ -78.903333481778901, 36.00535012549858 ], [ -78.903329069346341, 36.005337144400499 ], [ -78.903323113549206, 36.005324576807233 ], [ -78.903315671718516, 36.005312543498015 ], [ -78.903306815390948, 36.005301160208624 ], [ -78.903296629634227, 36.005290536312323 ], [ -78.903285212439542, 36.005280773967755 ], [ -78.903272673539561, 36.00527196701924 ], [ -78.903259133462868, 36.005264200116926 ], [ -78.903244722351531, 36.005257547919243 ], [ -78.903229578812514, 36.005252074405249 ], [ -78.903213848363251, 36.005247832186591 ], [ -78.903197682215236, 36.005244862012169 ], [ -78.903181235820526, 36.005243192464704 ], [ -78.903164667249442, 36.005242839602438 ], [ -78.903148135770849, 36.005243806765641 ], [ -78.903131800330684, 36.005246084712866 ], [ -78.903115817962956, 36.005249651537092 ], [ -78.903100342302039, 36.005254472911986 ], [ -78.903085522094457, 36.00526050253012 ], [ -78.903071499846305, 36.005267682404053 ], [ -78.903058410300986, 36.005275943524531 ], [ -78.903046379356724, 36.005285206463839 ], [ -78.903035522645496, 36.005295382198824 ], [ -78.903025944517921, 36.005306372879311 ], [ -78.903017737061518, 36.005318072871184 ], [ -78.90296938381681, 36.005395606813813 ], [ -78.90296734404744, 36.005398507673583 ], [ -78.902963237476953, 36.005398675609896 ], [ -78.902798814435698, 36.00539870506099 ], [ -78.902648724493474, 36.005397926836224 ], [ -78.902170672720118, 36.005395474917627 ], [ -78.902166654742757, 36.005395295832315 ], [ -78.902165081015369, 36.005394143161986 ], [ -78.902152147316826, 36.005385571152253 ], [ -78.902138236282426, 36.005378077273022 ], [ -78.902123483532307, 36.005371734594974 ], [ -78.902108032881941, 36.005366604904943 ], [ -78.902092034990247, 36.005362738265305 ], [ -78.902075645805297, 36.005360172325922 ], [ -78.902059025077037, 36.005358932103221 ], [ -78.90204233480236, 36.005359029731714 ], [ -78.902025737771709, 36.005360464215613 ], [ -78.902009395743221, 36.005363221592233 ], [ -78.90199346798893, 36.005367274958139 ], [ -78.901978109840627, 36.005372584825317 ], [ -78.901963470999021, 36.005379099421702 ], [ -78.901949694180828, 36.005386755239869 ], [ -78.901943194810954, 36.005390763476576 ], [ -78.901939019250108, 36.00539091865906 ], [ -78.901477486915127, 36.005389198393871 ], [ -78.901473525224418, 36.005389025100015 ], [ -78.901473361128254, 36.005385804211443 ], [ -78.901476233369706, 36.005087009237791 ], [ -78.90147623898649, 36.005086424279526 ], [ -78.901475509717272, 36.005072567732327 ], [ -78.901473064390188, 36.005058841578453 ], [ -78.901468927988873, 36.005045385774125 ], [ -78.901463142607568, 36.005032337487272 ], [ -78.901455767249843, 36.005019829778774 ], [ -78.901446877154058, 36.005007990173468 ], [ -78.901436562949769, 36.004996939395781 ], [ -78.901424929746312, 36.004986790105455 ], [ -78.901412096221392, 36.00497764577046 ], [ -78.901398193202368, 36.00496959962193 ], [ -78.901383362450304, 36.00496273371926 ], [ -78.901367755139617, 36.004957118069903 ], [ -78.90135153040525, 36.004952809913753 ], [ -78.901334853720527, 36.004949853172647 ], [ -78.901317895072069, 36.004948278009302 ], [ -78.901300827371244, 36.004948100468852 ], [ -78.90129309452405, 36.00494865619131 ], [ -78.90128417365257, 36.004948950200699 ], [ -78.901011097438641, 36.004947051582612 ], [ -78.900842068632841, 36.004945870705789 ], [ -78.900673137808951, 36.004944717749915 ], [ -78.900672876502966, 36.004944716136443 ], [ -78.900642512717923, 36.004944547005529 ], [ -78.900638552378226, 36.004944366515772 ], [ -78.90063839585514, 36.004941146043727 ], [ -78.900644912192746, 36.004395711858358 ], [ -78.900645151496093, 36.004392385450494 ], [ -78.900645923634542, 36.004388390067803 ], [ -78.900647275583708, 36.004383081695849 ], [ -78.900649028792429, 36.004369687184294 ], [ -78.900649158878338, 36.004356217538714 ], [ -78.900647664567003, 36.004342802310312 ], [ -78.90064694299366, 36.004339726670992 ], [ -78.900646074975867, 36.004334663455985 ], [ -78.900645910711873, 36.004331278014782 ], [ -78.90064649186121, 36.004284549934681 ], [ -78.90064582895036, 36.004270931026809 ], [ -78.900643508193923, 36.004257432576104 ], [ -78.900639552418795, 36.004244187477227 ], [ -78.900634000581505, 36.004231326138132 ], [ -78.900626907397836, 36.004218975188458 ], [ -78.900618342634431, 36.00420725624295 ], [ -78.900608390704448, 36.004196284719818 ], [ -78.900597149519641, 36.004186168603688 ], [ -78.900584729815193, 36.004177007538438 ], [ -78.900571253866445, 36.004168891727417 ], [ -78.900556854374258, 36.004161901053507 ], [ -78.900541673079758, 36.004156104391114 ], [ -78.900525859548225, 36.004151558781274 ], [ -78.900509569411653, 36.004148308990473 ], [ -78.900492963084673, 36.004146387015297 ], [ -78.900476204108301, 36.00414581180641 ], [ -78.900423444944437, 36.004146129810024 ], [ -78.899781488286905, 36.004150247432293 ], [ -78.899375785218808, 36.004153018130197 ], [ -78.899047606939561, 36.004155108645058 ], [ -78.899043742893539, 36.004154983152119 ], [ -78.899043367680008, 36.004151855759567 ], [ -78.899025683003231, 36.003861170166218 ], [ -78.89902411342311, 36.003848095133634 ], [ -78.899021013756496, 36.003835201764296 ], [ -78.899016412323093, 36.003822607958732 ], [ -78.899010351239625, 36.003810428964066 ], [ -78.899002885914214, 36.003798776164992 ], [ -78.898994084709386, 36.003787756177076 ], [ -78.898984028064405, 36.003777469801854 ], [ -78.898972808022961, 36.003768011120265 ], [ -78.898960527186262, 36.003759466694866 ], [ -78.898947297936459, 36.003751914635423 ], [ -78.898933241254113, 36.003745424075746 ], [ -78.898918485772583, 36.00374005434908 ], [ -78.898903166426166, 36.003735854602198 ], [ -78.89888742336899, 36.003732863272624 ], [ -78.898871400589343, 36.003731107675513 ], [ -78.898855244726533, 36.003730603892649 ], [ -78.898799885835544, 36.003731030436754 ], [ -78.898700855504458, 36.003731745348112 ], [ -78.898607579168925, 36.003732406194679 ], [ -78.898606673806938, 36.003732414591063 ], [ -78.898578416658538, 36.003732737762952 ], [ -78.898414466527896, 36.003733979621039 ], [ -78.89822010795514, 36.003735355919851 ], [ -78.898219928161083, 36.003735357280952 ], [ -78.898008139208713, 36.003737039743932 ], [ -78.898004260437588, 36.003736919232956 ], [ -78.898003900428819, 36.003733778855654 ], [ -78.897990433919304, 36.003490189085326 ], [ -78.897979685765876, 36.003298023986325 ], [ -78.897965830159578, 36.00305115581024 ], [ -78.897965851133762, 36.003047724339908 ], [ -78.897967013738437, 36.00304554676633 ], [ -78.897972784682707, 36.003033125333019 ], [ -78.897977052718133, 36.003020309180037 ], [ -78.89797977796951, 36.003007218074373 ], [ -78.897980934960771, 36.002993974322372 ], [ -78.897980512852811, 36.00298070167095 ], [ -78.897978515647907, 36.00296752415413 ], [ -78.897974961954588, 36.002954564856587 ], [ -78.897969885022533, 36.002941944924721 ], [ -78.897963332271033, 36.002929782247719 ], [ -78.897955364918246, 36.002918190468236 ], [ -78.897953673759574, 36.002915987353106 ], [ -78.897953380128143, 36.002912708000338 ], [ -78.897949401406365, 36.002778724698508 ], [ -78.897945408876282, 36.002644255776424 ], [ -78.897945511098797, 36.002641005488421 ], [ -78.8979495063939, 36.002640826144962 ], [ -78.898452417087611, 36.002638570229557 ], [ -78.898452416945119, 36.002638549131866 ], [ -78.898464029919495, 36.002638500161318 ], [ -78.898480226254691, 36.002637159255357 ], [ -78.898496188737141, 36.002634558534055 ], [ -78.89851176929136, 36.002630722158649 ], [ -78.898526823377424, 36.002625685693822 ], [ -78.89854121137742, 36.002619495834068 ], [ -78.898554799813141, 36.002612210020111 ], [ -78.898567462699035, 36.002603895835691 ], [ -78.898579082523526, 36.002594630376514 ], [ -78.898589551500692, 36.002584499619395 ], [ -78.898598772585657, 36.00257359751668 ], [ -78.8986066601517, 36.002562025172566 ], [ -78.898613141140885, 36.002549889964968 ], [ -78.898618155369661, 36.002537304447031 ], [ -78.898621656341518, 36.002524385331284 ], [ -78.898623611586302, 36.002511252473496 ], [ -78.898624002965931, 36.002498027691736 ], [ -78.898623966703099, 36.002496806941323 ], [ -78.898622777071282, 36.002483522362205 ], [ -78.898620009470577, 36.002470393881289 ], [ -78.898615689947604, 36.002457544946466 ], [ -78.898609859089504, 36.002445096380384 ], [ -78.898602571754807, 36.002433165281474 ], [ -78.8985938964327, 36.002421863814725 ], [ -78.898583914770768, 36.002411298249754 ], [ -78.898572720595865, 36.002401567998625 ], [ -78.898560419205523, 36.002392764488867 ], [ -78.898547126219242, 36.002384970558253 ], [ -78.898532966700685, 36.002378259492559 ], [ -78.898518073772436, 36.002372694392676 ], [ -78.898502587501014, 36.002368327596692 ], [ -78.898486653511512, 36.002365200156895 ], [ -78.898470421635679, 36.002363341481541 ], [ -78.898454044560054, 36.002362769086446 ], [ -78.898448298133559, 36.002362794857476 ], [ -78.898444408593619, 36.002362660039104 ], [ -78.89844408327555, 36.002359507740422 ], [ -78.898437998533566, 36.002220313357633 ], [ -78.898431982959252, 36.002082694997434 ], [ -78.898431911189803, 36.002081053996207 ], [ -78.898431969723632, 36.00207688207994 ], [ -78.898436258777195, 36.002064163802167 ], [ -78.898439030431433, 36.002051133952392 ], [ -78.898440247269264, 36.002037947929551 ], [ -78.898439898014942, 36.002024727914467 ], [ -78.898437985963341, 36.002011596429661 ], [ -78.898434528812302, 36.001998675213024 ], [ -78.898429558596547, 36.001986084008799 ], [ -78.898423121350874, 36.001973939468741 ], [ -78.898415276773335, 36.001962354217618 ], [ -78.898411823234852, 36.001958246244733 ], [ -78.89840925130018, 36.001954832340758 ], [ -78.898409011525715, 36.001951512952751 ], [ -78.898407524693894, 36.001825118824755 ], [ -78.898406158928566, 36.001715100584853 ], [ -78.898405178617679, 36.001701650442108 ], [ -78.898402581254359, 36.001688343066398 ], [ -78.898398391864689, 36.001675306465017 ], [ -78.898392650691108, 36.001662666157991 ], [ -78.898385413025224, 36.001650543721972 ], [ -78.898376748499061, 36.00163905580073 ], [ -78.898366740477911, 36.001628312978468 ], [ -78.898355485284256, 36.001618418625284 ], [ -78.898343091252272, 36.001609467907471 ], [ -78.898329677579511, 36.00160154699001 ], [ -78.898315373347657, 36.001594732074103 ], [ -78.898300316272483, 36.001589088737127 ], [ -78.898284651149524, 36.001584671299248 ], [ -78.898268528773016, 36.0015815222458 ], [ -78.89825210427982, 36.001579671896295 ], [ -78.898235535662266, 36.001579138045919 ], [ -78.897904467293671, 36.001581675877567 ], [ -78.897900405201128, 36.001581544688584 ], [ -78.897898020926959, 36.001579442661729 ], [ -78.897886230100355, 36.001570017815659 ], [ -78.897873362182594, 36.001561574424507 ], [ -78.897859540366611, 36.001554193272725 ], [ -78.897844896985958, 36.001547945070698 ], [ -78.897829572231075, 36.001542889656882 ], [ -78.897813712797884, 36.001539075365095 ], [ -78.897797470535764, 36.001536538748404 ], [ -78.897781000960762, 36.001535304111151 ], [ -78.897764461734624, 36.001535383232799 ], [ -78.897748011177214, 36.001536775394207 ], [ -78.897741452628765, 36.001537595650035 ], [ -78.897737342944311, 36.001537779451127 ], [ -78.8974604104138, 36.001539157116781 ], [ -78.89744337200294, 36.001539941858418 ], [ -78.897426517829629, 36.001542118616413 ], [ -78.897410019628836, 36.001545665146267 ], [ -78.89739404563727, 36.001550545300496 ], [ -78.897378758564642, 36.001556709383884 ], [ -78.897364314342241, 36.001564094537152 ], [ -78.897350860093596, 36.001572625504181 ], [ -78.897338533018029, 36.001582215290703 ], [ -78.897327458732775, 36.001592766179016 ], [ -78.897317750156176, 36.001604170661125 ], [ -78.897309506187909, 36.001616312426648 ], [ -78.897302810862016, 36.001629067762956 ], [ -78.897297732466527, 36.001642306653459 ], [ -78.897294322730218, 36.001655894150169 ], [ -78.897288776963208, 36.001685579535781 ], [ -78.897288145189762, 36.001688962805027 ], [ -78.897286447650103, 36.001702637724406 ], [ -78.897286440459993, 36.001716382027695 ], [ -78.897288123795519, 36.001730058086224 ], [ -78.897291480725301, 36.001743528998588 ], [ -78.897296477682104, 36.001756659854728 ], [ -78.89730306462998, 36.001769319192036 ], [ -78.897307935917723, 36.001776562808551 ], [ -78.897309459331197, 36.00177909934331 ], [ -78.897309738318967, 36.001782358852864 ], [ -78.897311456848584, 36.001847690733669 ], [ -78.897314651164322, 36.001967662809854 ], [ -78.897315013766217, 36.001981406735752 ], [ -78.897314903095932, 36.001984634490924 ], [ -78.897310937545782, 36.001984842683022 ], [ -78.897282660752666, 36.001985192899333 ], [ -78.897281078831924, 36.001985218518136 ], [ -78.897280054234855, 36.001985239001478 ], [ -78.897278411341674, 36.001985278331865 ], [ -78.897222342569407, 36.001986842723305 ], [ -78.897215697361943, 36.00198681565049 ], [ -78.897196453377447, 36.001986121643561 ], [ -78.897158965535056, 36.001984788634957 ], [ -78.897156292200833, 36.0019846590573 ], [ -78.897121152363979, 36.00198250141684 ], [ -78.897116097273383, 36.001982066417447 ], [ -78.897090078757671, 36.001979182126817 ], [ -78.897085251366732, 36.001978530765541 ], [ -78.897062080711109, 36.001974841280934 ], [ -78.897061571214465, 36.001974748824416 ], [ -78.897059287079458, 36.001974190286155 ], [ -78.897053674061326, 36.001970499247804 ], [ -78.897039409547006, 36.00196208016856 ], [ -78.897024143477338, 36.001954914121363 ], [ -78.897008041882358, 36.00194907909799 ], [ -78.896969129625219, 36.001936912208784 ], [ -78.896961413400419, 36.001934132357455 ], [ -78.89692308491523, 36.001918417513174 ], [ -78.896918472425867, 36.001916377869172 ], [ -78.89691213915998, 36.001913366338933 ], [ -78.896908336579486, 36.001911446546352 ], [ -78.896858120662301, 36.001884570339122 ], [ -78.896847767005255, 36.001879028398335 ], [ -78.896834828146694, 36.001872755967348 ], [ -78.896821253291535, 36.001867444641206 ], [ -78.896807150332705, 36.001863136596157 ], [ -78.896792631331621, 36.001859866045436 ], [ -78.896777811605588, 36.001857658991305 ], [ -78.896775462660003, 36.001857396473405 ], [ -78.896771898899161, 36.001855689777116 ], [ -78.896740663174455, 36.001838986369492 ], [ -78.89665890801777, 36.001795267679334 ], [ -78.896517561906748, 36.001719689600201 ], [ -78.896424783754426, 36.001670096696103 ], [ -78.896301531285573, 36.001604294715335 ], [ -78.896259493864108, 36.001581807592572 ], [ -78.896245325392456, 36.001575007603385 ], [ -78.896230410361326, 36.00156935929688 ], [ -78.896214890151427, 36.00156491611375 ], [ -78.896198911769872, 36.001561720236509 ], [ -78.896182626735438, 36.001559801874286 ], [ -78.896166189286845, 36.001559179288776 ], [ -78.896149755200042, 36.001559858298812 ], [ -78.896133480266727, 36.001561832553755 ], [ -78.896117518671858, 36.001565083257333 ], [ -78.896102021674594, 36.001569579688613 ], [ -78.896087136188399, 36.001575279173181 ], [ -78.896073003191432, 36.001582127713647 ], [ -78.896059756677843, 36.00159006042832 ], [ -78.896047522135774, 36.00159900212676 ], [ -78.896036415532137, 36.001608868105492 ], [ -78.896026542128524, 36.001619564806397 ], [ -78.896017995465499, 36.001630990914585 ], [ -78.896010856550262, 36.001643038154356 ], [ -78.896005193043877, 36.001655592304957 ], [ -78.896001058583551, 36.001668534463619 ], [ -78.89599849237571, 36.001681741924202 ], [ -78.895997518754697, 36.001695089577964 ], [ -78.895996177035798, 36.001798821154658 ], [ -78.895995952916053, 36.001801949258052 ], [ -78.895992110226814, 36.001802210585559 ], [ -78.895849018546656, 36.001806382314783 ], [ -78.895832039780416, 36.001807575813125 ], [ -78.895815295237099, 36.001810152417235 ], [ -78.895798955035062, 36.001814085927784 ], [ -78.895783185355, 36.001819336379356 ], [ -78.895768146411243, 36.001825850368171 ], [ -78.895757363908388, 36.001831724318386 ], [ -78.895755628790454, 36.001832574872722 ], [ -78.895751539487065, 36.001832747223993 ], [ -78.895657090115279, 36.001832956024828 ], [ -78.895283094597829, 36.001833722525006 ], [ -78.895278855626202, 36.001833557500454 ], [ -78.895275021248196, 36.001833090890827 ], [ -78.895265858904665, 36.001831590711696 ], [ -78.895248839145452, 36.001830236230532 ], [ -78.895231738047713, 36.00183028604031 ], [ -78.895214730666353, 36.001831739576957 ], [ -78.895197991026777, 36.001834582018169 ], [ -78.895181690536063, 36.001838784227246 ], [ -78.895165995987753, 36.001844303245754 ], [ -78.895151067972591, 36.001851082511998 ], [ -78.895137059356188, 36.001859052711218 ], [ -78.895124113486602, 36.001868132213602 ], [ -78.895112362840763, 36.001878228144577 ], [ -78.895101927704914, 36.00188923712512 ], [ -78.895100144173952, 36.001891329776456 ], [ -78.895096127852113, 36.001891609496951 ], [ -78.89473268769288, 36.00190243338146 ], [ -78.894156203506171, 36.00191960605806 ], [ -78.894152154812573, 36.001919560959493 ], [ -78.894151965780125, 36.00191627440703 ], [ -78.894152509049022, 36.001794914714942 ], [ -78.894151792638695, 36.001781772714374 ], [ -78.894149532259718, 36.001768746648949 ], [ -78.894145748716596, 36.001755956034629 ], [ -78.89414047664394, 36.00174351817423 ], [ -78.89413376447385, 36.00173154719581 ], [ -78.894125673727473, 36.001720152870931 ], [ -78.894116278644375, 36.001709439707746 ], [ -78.894105665372294, 36.001699506016223 ], [ -78.894093931292318, 36.001690442891331 ], [ -78.894081184039507, 36.001682333442886 ], [ -78.89406754048963, 36.001675252080474 ], [ -78.894053125847293, 36.00166926374353 ], [ -78.894038072328257, 36.001664423378223 ], [ -78.894022517943085, 36.001660775359518 ], [ -78.89400660544959, 36.001658353188162 ], [ -78.893990480764415, 36.001657179049658 ], [ -78.893632849434226, 36.001645120768728 ], [ -78.893628972812209, 36.001644836037322 ], [ -78.893629648571107, 36.001641721187546 ], [ -78.893729354317571, 36.001284732692014 ], [ -78.89373042097381, 36.001281624554508 ], [ -78.8937343901068, 36.001281526117772 ], [ -78.89441826271586, 36.001291677916555 ], [ -78.895264523921384, 36.001304252240409 ], [ -78.895281306157258, 36.001303823824628 ], [ -78.895297953294545, 36.00130204463283 ], [ -78.895314301107845, 36.001298932215533 ], [ -78.895330188262193, 36.001294517284379 ], [ -78.895345458003817, 36.001288843411324 ], [ -78.895359959682054, 36.001281966590462 ], [ -78.895373550203928, 36.001273954634861 ], [ -78.895386095488504, 36.00126488662837 ], [ -78.895397471752815, 36.001254852020161 ], [ -78.895407566729986, 36.001243949829231 ], [ -78.895416280853681, 36.001232287628767 ], [ -78.895423528104786, 36.001219980475668 ], [ -78.895429237027003, 36.001207149812423 ], [ -78.895433351269247, 36.001193922231558 ], [ -78.895435830229687, 36.001180428239813 ], [ -78.895436649429158, 36.001166800967383 ], [ -78.895435800850962, 36.001153174877167 ], [ -78.895433292807198, 36.001139684445924 ], [ -78.895429150075856, 36.001126462735932 ], [ -78.895423413530494, 36.001113640213518 ], [ -78.895416139736184, 36.001101343375069 ], [ -78.89540740051153, 36.001089693593009 ], [ -78.895405014921636, 36.001086842468943 ], [ -78.89540460120709, 36.001083491800401 ], [ -78.895392198459049, 36.000883217870474 ], [ -78.895392050107461, 36.000881137102979 ], [ -78.895378320841601, 36.000710938347119 ], [ -78.895378297678576, 36.000710655652448 ], [ -78.89536377794353, 36.000536171993012 ], [ -78.895363742146216, 36.000535751741062 ], [ -78.895361625643474, 36.00051142599083 ], [ -78.895361546100517, 36.000507904052249 ], [ -78.895364024042379, 36.00050501371588 ], [ -78.895405149441359, 36.000462018073222 ], [ -78.895408002973497, 36.000459337302836 ], [ -78.895412124422734, 36.000458176644912 ], [ -78.895473176194088, 36.000443846130644 ], [ -78.895486544528566, 36.000440211034842 ], [ -78.895543464475097, 36.00042255652356 ], [ -78.8955564050802, 36.000418032235586 ], [ -78.895614837842501, 36.000395213149218 ], [ -78.895620615680741, 36.000393168679437 ], [ -78.895662645959334, 36.000379788487805 ], [ -78.895677388599481, 36.000374421519801 ], [ -78.895691433423806, 36.000367935479289 ], [ -78.895704652159694, 36.00036038962142 ], [ -78.895716924027369, 36.000351852850059 ], [ -78.895728136957615, 36.000342403114523 ], [ -78.895738188539326, 36.000332126778339 ], [ -78.89574698700109, 36.000321117658835 ], [ -78.895754451921945, 36.00030947634076 ], [ -78.895760515145625, 36.000297309105768 ], [ -78.895765121322455, 36.000284727136268 ], [ -78.895768228350363, 36.000271845306976 ], [ -78.89576980784922, 36.000258781333791 ], [ -78.895769845399244, 36.00024565445537 ], [ -78.895768340677108, 36.000232584636514 ], [ -78.895765307423972, 36.000219691222263 ], [ -78.895761212877616, 36.000208313457193 ], [ -78.89576105165483, 36.000207762694217 ], [ -78.895762111551221, 36.000204529429801 ], [ -78.895765001065968, 36.000197192265176 ], [ -78.895830936653084, 36.000029941832977 ], [ -78.89584735707102, 35.999988291200289 ], [ -78.895894114822582, 35.999869692969447 ], [ -78.895941662711806, 35.999749093533346 ], [ -78.895944166678674, 35.999742111534928 ], [ -78.895955725797023, 35.999706384619813 ], [ -78.895990090863037, 35.999600192769144 ], [ -78.895995110408236, 35.999584681731456 ], [ -78.895998565555445, 35.999571346645574 ], [ -78.896000377539593, 35.999557798964879 ], [ -78.896000528542515, 35.999544172072667 ], [ -78.895999017039884, 35.999530600107803 ], [ -78.895995857938033, 35.999517216618628 ], [ -78.895991082338838, 35.999504153381672 ], [ -78.895984737237313, 35.999491538972833 ], [ -78.895976885117307, 35.999479497585824 ], [ -78.895967603243406, 35.999468147685469 ], [ -78.895956982985894, 35.999457601045734 ], [ -78.895945128875908, 35.999447961485174 ], [ -78.895932157626234, 35.999439323849849 ], [ -78.895931265759614, 35.999438787765783 ], [ -78.895928274859514, 35.999436802921878 ], [ -78.895930607384855, 35.999434302150341 ], [ -78.896080039745769, 35.999289111369855 ], [ -78.896104676830547, 35.999265124977292 ], [ -78.896114456419866, 35.999254617674495 ], [ -78.896122952248518, 35.999243397372332 ], [ -78.896130086124955, 35.999231567294977 ], [ -78.896130693372697, 35.999230424667033 ], [ -78.896132373270333, 35.999227622201154 ], [ -78.896134651331025, 35.999225113824728 ], [ -78.89620913906775, 35.99915047544286 ], [ -78.896210472859693, 35.999149138141505 ], [ -78.896238794759171, 35.999120757895049 ], [ -78.896354930725991, 35.99900438190442 ], [ -78.896357571983998, 35.999001981984478 ], [ -78.896360479316883, 35.999002513814233 ], [ -78.896376819115034, 35.999004824952287 ], [ -78.896393358941168, 35.999005823728176 ], [ -78.896409939646887, 35.999005500501987 ], [ -78.89642640152644, 35.999003858407285 ], [ -78.89644258614257, 35.999000913242959 ], [ -78.896458337644972, 35.998996693364248 ], [ -78.896473504359662, 35.998991239409548 ], [ -78.896487940310834, 35.998984603889511 ], [ -78.896501506506084, 35.99897685069368 ], [ -78.896514072289591, 35.99896805443241 ], [ -78.896525516728929, 35.998958299833518 ], [ -78.896535729664322, 35.998947680781775 ], [ -78.89655933828783, 35.998920481476958 ], [ -78.896610472721974, 35.9988615674607 ], [ -78.896703429421777, 35.998754379132905 ], [ -78.896781437040104, 35.998664601569743 ], [ -78.896800942347554, 35.998642131783612 ], [ -78.896924869825128, 35.998499351774257 ], [ -78.896930102021997, 35.998492950645272 ], [ -78.896964690230405, 35.998447952704929 ], [ -78.89697260192122, 35.998436469858078 ], [ -78.896979124933921, 35.99842442444524 ], [ -78.896984199392492, 35.998411927041253 ], [ -78.896987778701558, 35.998399092380225 ], [ -78.896989830054693, 35.998386038284622 ], [ -78.896990334571086, 35.998372884566393 ], [ -78.896989287634909, 35.9983597519836 ], [ -78.896986698896711, 35.998346761086403 ], [ -78.896982592038114, 35.998334031145689 ], [ -78.89697700484092, 35.998321679026667 ], [ -78.896969988546005, 35.998309818089687 ], [ -78.896961607584217, 35.998298557228338 ], [ -78.896951938867701, 35.998287999825116 ], [ -78.896941071182638, 35.998278242789411 ], [ -78.896929104311297, 35.998269375705135 ], [ -78.896916148052924, 35.998261479923407 ], [ -78.896913884274085, 35.998260233391129 ], [ -78.89691395913222, 35.998256917474848 ], [ -78.896930383944849, 35.998061009764136 ], [ -78.89693069693493, 35.998047504146037 ], [ -78.896929375934064, 35.998034038877456 ], [ -78.896926433656773, 35.998020744126045 ], [ -78.89692189860682, 35.998007748534249 ], [ -78.89691581457194, 35.997995177790578 ], [ -78.896908240490077, 35.997983153420677 ], [ -78.896899249571717, 35.997971791770212 ], [ -78.896888928760688, 35.997961202685772 ], [ -78.896877377890149, 35.997951488607768 ], [ -78.896864708669696, 35.997942743498086 ], [ -78.896851043604926, 35.997935051905209 ], [ -78.896836514950252, 35.997928488221746 ], [ -78.896821263121055, 35.997923115941255 ], [ -78.896805435646641, 35.997918986998116 ], [ -78.896789185649368, 35.997916141381729 ], [ -78.896772670256652, 35.997914606558155 ], [ -78.89666311989798, 35.997908840794508 ], [ -78.896659097920178, 35.997908469639881 ], [ -78.896655008526182, 35.997906652966407 ], [ -78.896640397502352, 35.997900885020655 ], [ -78.896625172559808, 35.997896283405822 ], [ -78.896609474377129, 35.997892890628329 ], [ -78.896593447940475, 35.997890737990126 ], [ -78.896577241191622, 35.997889845422847 ], [ -78.896561003845264, 35.99789022112958 ], [ -78.896544885867655, 35.997891861638699 ], [ -78.896529036090669, 35.997894751829911 ], [ -78.896513600927022, 35.997898864988365 ], [ -78.896498722916377, 35.997904163132866 ], [ -78.896484539440181, 35.997910597344571 ], [ -78.896471181504268, 35.997918108177892 ], [ -78.896458772487193, 35.997926626291346 ], [ -78.896447426990179, 35.997936072995905 ], [ -78.896437249754257, 35.997946361050829 ], [ -78.896428334847968, 35.997957395432003 ], [ -78.896405738628729, 35.997988528308227 ], [ -78.896402915987807, 35.99799257220716 ], [ -78.896402034976774, 35.997993885720831 ], [ -78.896398737014621, 35.997998385260303 ], [ -78.896285863343735, 35.998139817913099 ], [ -78.896283597282647, 35.998142381245287 ], [ -78.896279875634576, 35.99814147814029 ], [ -78.896034520930371, 35.998071441875489 ], [ -78.895883253354015, 35.99802839164488 ], [ -78.895709211928661, 35.997978794160666 ], [ -78.895525897677075, 35.997926611950717 ], [ -78.895341789264279, 35.997874113473515 ], [ -78.895341573324885, 35.9978740520285 ], [ -78.895250855587477, 35.997848295751872 ], [ -78.895120100867956, 35.997811152900439 ], [ -78.89511623007914, 35.997809873555724 ], [ -78.895111412615023, 35.997805951635293 ], [ -78.895099282921805, 35.997796991158822 ], [ -78.895086142156273, 35.997789027636863 ], [ -78.895072113882392, 35.997782135923458 ], [ -78.895057330060766, 35.997776380880488 ], [ -78.895041929731306, 35.997771816579892 ], [ -78.895026057762792, 35.997768486000524 ], [ -78.895009863366283, 35.997766420449814 ], [ -78.89499349894588, 35.997765639370698 ], [ -78.89497711834133, 35.99776615006526 ], [ -78.894971627629545, 35.997766757780134 ], [ -78.894966156125108, 35.997767153353841 ], [ -78.894962344688778, 35.997766223017599 ], [ -78.894683032507956, 35.997686093236247 ], [ -78.894596359658493, 35.997661228366063 ], [ -78.894543823603939, 35.997646158029838 ], [ -78.894484854256959, 35.997629241072161 ], [ -78.894392676641317, 35.997602803072894 ], [ -78.894328343408304, 35.997584338473722 ], [ -78.894118615098847, 35.997524169877536 ], [ -78.894114904557469, 35.997522932285641 ], [ -78.894116547460101, 35.997519958917252 ], [ -78.894137248485393, 35.997487015886804 ], [ -78.894168969022928, 35.997436544010348 ], [ -78.894194072302383, 35.997396594135701 ], [ -78.894219184419313, 35.997356640252178 ], [ -78.894244292895493, 35.997316685343307 ], [ -78.894269399447467, 35.997276735179476 ], [ -78.894294507767782, 35.997236783857623 ], [ -78.894314078535899, 35.997205641712242 ], [ -78.894315023880637, 35.997204113996098 ], [ -78.894319489660447, 35.997196783907086 ], [ -78.894343987055322, 35.997156582280212 ], [ -78.894375004259913, 35.997105687453413 ], [ -78.894421510783715, 35.99702937729338 ], [ -78.894452519091345, 35.996978489881343 ], [ -78.894477018113008, 35.996938287072076 ], [ -78.894501515585759, 35.996898086755799 ], [ -78.894526013675488, 35.99685788712128 ], [ -78.894550512386729, 35.996817684707231 ], [ -78.894575009718409, 35.996777484539059 ], [ -78.894605949872556, 35.996726709078068 ], [ -78.89462651824222, 35.996692968141119 ], [ -78.894628448848479, 35.996690158794415 ], [ -78.894631888993189, 35.996691752078 ], [ -78.894821279002784, 35.996789829991627 ], [ -78.894835473867062, 35.996796419178587 ], [ -78.894850385649093, 35.996801863253332 ], [ -78.894865874866269, 35.996806111246968 ], [ -78.894881796646146, 35.996809123476588 ], [ -78.894898002078378, 35.996810871711183 ], [ -78.894914339498797, 35.996811339639862 ], [ -78.894930656179781, 35.996810522845749 ], [ -78.894946799411741, 35.996808428999231 ], [ -78.89496261822751, 35.996805077667247 ], [ -78.894977964687115, 35.996800500231757 ], [ -78.894992695196663, 35.996794739479036 ], [ -78.89500667196252, 35.996787849298592 ], [ -78.895019764276512, 35.99677989416238 ], [ -78.895031849666282, 35.996770948438936 ], [ -78.895042815079137, 35.996761095845116 ], [ -78.895052557931251, 35.996750428540203 ], [ -78.895176721756926, 35.99659977054538 ], [ -78.895176965303293, 35.996599474233761 ], [ -78.895260944151175, 35.996497001530301 ], [ -78.89534569681318, 35.996394093437829 ], [ -78.895441399679314, 35.996277893229419 ], [ -78.895442170917349, 35.996276948424374 ], [ -78.895457894603453, 35.996257511841101 ], [ -78.895536748423979, 35.996161907872469 ], [ -78.895537249496769, 35.996161296826692 ], [ -78.895569481802909, 35.996121762309613 ], [ -78.895570556373272, 35.996120476162623 ], [ -78.895580424933939, 35.99610894740627 ], [ -78.895582450421813, 35.996106526563231 ], [ -78.89563119979023, 35.996046904549942 ], [ -78.895663856181713, 35.996007324190067 ], [ -78.895664078935056, 35.996007053517431 ], [ -78.895687871849404, 35.995978067554098 ], [ -78.895696266388953, 35.995966685734508 ], [ -78.895703270226988, 35.995954698779649 ], [ -78.895708817975674, 35.995942218550312 ], [ -78.895712857898602, 35.995929361533939 ], [ -78.895715352250136, 35.995916247746266 ], [ -78.895716277750211, 35.995902999550225 ], [ -78.895715625822319, 35.995889740585035 ], [ -78.895713402459734, 35.995876594639519 ], [ -78.895709628497514, 35.99586368436141 ], [ -78.895704339106715, 35.995851130295357 ], [ -78.895697583660805, 35.995839049564225 ], [ -78.895689425263569, 35.995827554934685 ], [ -78.89567993997305, 35.995816753662801 ], [ -78.895669216363274, 35.995806746614555 ], [ -78.895657354545278, 35.99579762713882 ], [ -78.895644465153907, 35.995789480352158 ], [ -78.895630668571371, 35.99578238231409 ], [ -78.895616093474644, 35.995776399256691 ], [ -78.895059320646283, 35.995574651664398 ], [ -78.895055857327634, 35.995573231988175 ], [ -78.895056753798983, 35.995570165112071 ], [ -78.895074522571164, 35.995520133340186 ], [ -78.895078262147464, 35.995507330779191 ], [ -78.895080477055558, 35.995494296180539 ], [ -78.895081146959157, 35.995481149162565 ], [ -78.895080265718619, 35.995468010372136 ], [ -78.895077841426215, 35.995455000413372 ], [ -78.895073896306215, 35.995442238638816 ], [ -78.895068466580852, 35.995429842215259 ], [ -78.895061602100029, 35.99541792488737 ], [ -78.895053365869359, 35.995406595988214 ], [ -78.895043833408934, 35.995395959559687 ], [ -78.895033092247843, 35.995386113143461 ], [ -78.895021240978508, 35.995377147148204 ], [ -78.895008388311311, 35.995369143832427 ], [ -78.894994652264288, 35.99536217667206 ], [ -78.894980158845712, 35.995356309562482 ], [ -78.894965041074258, 35.99535159637842 ], [ -78.89494943769536, 35.995348080395637 ], [ -78.894933491897149, 35.995345793823155 ], [ -78.894917350026077, 35.995344757692088 ], [ -78.894901160235264, 35.995344981497354 ], [ -78.894482600881119, 35.995367095622662 ], [ -78.894480653143205, 35.995367180198834 ], [ -78.894320206823622, 35.995372638694725 ], [ -78.894304707273363, 35.995373748487168 ], [ -78.894289398965796, 35.995376011835837 ], [ -78.894274411634299, 35.995379409540995 ], [ -78.894259872320504, 35.995383912840843 ], [ -78.894251957832338, 35.99538670966853 ], [ -78.894247939823359, 35.995387051306984 ], [ -78.894049771144225, 35.995395780846721 ], [ -78.893576305484174, 35.995416805284258 ], [ -78.893572389208771, 35.995416824728146 ], [ -78.893571910542391, 35.995413666038196 ], [ -78.893541916339899, 35.995085089749772 ], [ -78.893541711068352, 35.995083047879341 ], [ -78.893541435593548, 35.995080538118494 ], [ -78.893541329801366, 35.995079501110077 ], [ -78.893541201775449, 35.995076305007622 ], [ -78.893545165498551, 35.99507592502318 ], [ -78.894045707478099, 35.995048264122786 ], [ -78.89405128574505, 35.995047880330304 ], [ -78.894087222492772, 35.995044919995713 ], [ -78.894103210445166, 35.995042971445891 ], [ -78.894118896212177, 35.99503979050769 ], [ -78.894134136254294, 35.995035406313292 ], [ -78.894148791141845, 35.995029858959406 ], [ -78.894162726806314, 35.995023199178725 ], [ -78.894175815757748, 35.99501548792886 ], [ -78.894187938235049, 35.995006795733957 ], [ -78.894198983356105, 35.994997202136382 ], [ -78.894208850065297, 35.994986794900832 ], [ -78.894217448114929, 35.994975669218448 ], [ -78.89422469880995, 35.99496392688345 ], [ -78.89423053582054, 35.994951675332224 ], [ -78.894234905758069, 35.99493902665489 ], [ -78.894237768649703, 35.994926096551907 ], [ -78.894239098311488, 35.994913003345296 ], [ -78.894238882552756, 35.994899866770155 ], [ -78.894228732859474, 35.994765237832773 ], [ -78.894228683756396, 35.994761977901724 ], [ -78.894229218995008, 35.99476173678611 ], [ -78.894243085249315, 35.994754760223593 ], [ -78.89425605953069, 35.99474673014776 ], [ -78.894268021092728, 35.994737721312561 ], [ -78.894278858507221, 35.994727817572929 ], [ -78.894288470983611, 35.994717111171582 ], [ -78.894296768911076, 35.994705701750604 ], [ -78.894303675110336, 35.994693695555839 ], [ -78.894309125274546, 35.994681204365889 ], [ -78.894313068646653, 35.994668344476267 ], [ -78.89431546852785, 35.994655235600995 ], [ -78.894316302583277, 35.994641999774018 ], [ -78.894315563012427, 35.994628760250556 ], [ -78.89431325675352, 35.994615640298441 ], [ -78.894309405214571, 35.994602762016775 ], [ -78.894304044308456, 35.99459024534697 ], [ -78.894297223913711, 35.994578206808598 ], [ -78.894289007571473, 35.994566758482662 ], [ -78.894279471709552, 35.994556006939774 ], [ -78.894268705170248, 35.994546052277997 ], [ -78.894256808163604, 35.99453698721566 ], [ -78.894243891457506, 35.994528896101578 ], [ -78.89423007529669, 35.994521854282304 ], [ -78.894215488322033, 35.994515927304661 ], [ -78.894132865148691, 35.994486314074678 ], [ -78.894128277497828, 35.994484735027392 ], [ -78.894124853684232, 35.994483604626929 ], [ -78.894121419500692, 35.994482365185334 ], [ -78.894119239807054, 35.994481608203543 ], [ -78.894116097386629, 35.994480473843666 ], [ -78.894112933908971, 35.99447936309042 ], [ -78.894104274806523, 35.994476407517531 ], [ -78.894098480074391, 35.994474361516311 ], [ -78.894093691911536, 35.994472771607704 ], [ -78.894090300533918, 35.994471680078178 ], [ -78.894089439483096, 35.994471411627785 ], [ -78.894089312941617, 35.994471369020587 ], [ -78.894086445131435, 35.994470428128302 ], [ -78.894081881054248, 35.994468970026588 ], [ -78.894081499369932, 35.994468840582428 ], [ -78.894077453809402, 35.994467518004512 ], [ -78.894073619273357, 35.994466310877357 ], [ -78.894073289826466, 35.994466199829013 ], [ -78.894070171530771, 35.99446517822944 ], [ -78.894065912505326, 35.994463822775657 ], [ -78.894065133929274, 35.994463560467651 ], [ -78.894061215815213, 35.994462286760573 ], [ -78.894056115042105, 35.994460688338094 ], [ -78.894052646532842, 35.994459564270073 ], [ -78.894045744175443, 35.994457436184092 ], [ -78.894042473851016, 35.994456423050323 ], [ -78.894039167835615, 35.994455430818334 ], [ -78.894038801603557, 35.994455324408058 ], [ -78.894036969383123, 35.994454801695802 ], [ -78.894035046891844, 35.994454263301762 ], [ -78.894030864530464, 35.994452963431975 ], [ -78.894024854096131, 35.99445120051999 ], [ -78.894019858573515, 35.99444982145998 ], [ -78.894017515793252, 35.994449128259667 ], [ -78.894015632748079, 35.994448541331003 ], [ -78.894011120957771, 35.994447194529116 ], [ -78.89400870049225, 35.994446503568774 ], [ -78.894006249914895, 35.99444578093577 ], [ -78.894006242693308, 35.994445797109876 ], [ -78.893999041163227, 35.994443776804708 ], [ -78.893997830125159, 35.99444346541511 ], [ -78.893996337704564, 35.994443047304124 ], [ -78.893992425898304, 35.994441862715867 ], [ -78.893991747633663, 35.99444164167334 ], [ -78.893988556124469, 35.994440539243662 ], [ -78.893987545791248, 35.994440170174435 ], [ -78.893984558257358, 35.994439016578575 ], [ -78.893982466901306, 35.994438101988024 ], [ -78.893976641415151, 35.99443502552095 ], [ -78.893975111529656, 35.994434074826351 ], [ -78.893973549989553, 35.994433057432424 ], [ -78.893973292214341, 35.994432890268044 ], [ -78.893970425361374, 35.994430863064693 ], [ -78.893968242540353, 35.994429015537783 ], [ -78.893967696201159, 35.994428521603844 ], [ -78.893967145015495, 35.994427959977379 ], [ -78.893961383453274, 35.994422647186717 ], [ -78.89396026268966, 35.994421371838897 ], [ -78.893956607553363, 35.994416361710307 ], [ -78.893956049831331, 35.994415475124867 ], [ -78.893953334551725, 35.994410418397266 ], [ -78.893951635232142, 35.994406284667214 ], [ -78.893951330259398, 35.994405428354348 ], [ -78.89395131688859, 35.994405390680136 ], [ -78.893949538457463, 35.994399104206877 ], [ -78.893949109810961, 35.994396486902069 ], [ -78.893948795622833, 35.994390966297445 ], [ -78.893948796334627, 35.994390424846678 ], [ -78.893948797035662, 35.994389891582216 ], [ -78.89394911487841, 35.994384480695629 ], [ -78.893949636339997, 35.994381346746358 ], [ -78.893951135181268, 35.994375953862026 ], [ -78.893951198097525, 35.994375769010041 ], [ -78.893951485060896, 35.994374947412311 ], [ -78.89395374952035, 35.994369618183363 ], [ -78.893955233719879, 35.994366928505059 ], [ -78.893958339787375, 35.99436241020581 ], [ -78.893960150072033, 35.994360176744991 ], [ -78.894794634112117, 35.993384693362124 ], [ -78.894801000983762, 35.993378313644754 ], [ -78.894801612150673, 35.993377801344181 ], [ -78.8948021671833, 35.993377356051724 ], [ -78.894802741888697, 35.993376911600343 ], [ -78.894808794537965, 35.993372901527238 ], [ -78.89480913221125, 35.993372715510318 ], [ -78.894815316722699, 35.993369876937443 ], [ -78.894818110808174, 35.993368848552429 ], [ -78.894821046364143, 35.993368000773025 ], [ -78.894829948283359, 35.993366163491253 ], [ -78.894846176183322, 35.993362098883296 ], [ -78.894861820329453, 35.993356731539791 ], [ -78.894876722786307, 35.993350115607555 ], [ -78.894890733106593, 35.993342317849056 ], [ -78.894903709920854, 35.993333417011961 ], [ -78.894915522189365, 35.99332350292358 ], [ -78.894926050724493, 35.993312675640681 ], [ -78.894935189205967, 35.993301044488774 ], [ -78.894942845399527, 35.993288726826961 ], [ -78.894948942070826, 35.993275847032308 ], [ -78.894953417629594, 35.993262535099383 ], [ -78.894956226942412, 35.993248925404686 ], [ -78.894957341605007, 35.993235155333387 ], [ -78.894956750383443, 35.993221363823764 ], [ -78.894955131689684, 35.99321170338505 ], [ -78.894954969430401, 35.993210691519373 ], [ -78.894954637985037, 35.993208198221772 ], [ -78.894954297944395, 35.993201480357776 ], [ -78.894952747517578, 35.993187731674332 ], [ -78.89494950650905, 35.993174178915474 ], [ -78.89494460770004, 35.993160959024237 ], [ -78.894938100541367, 35.993148205579075 ], [ -78.894930050817123, 35.993136047419931 ], [ -78.894920539835027, 35.993124607383947 ], [ -78.894909663684317, 35.993114001068669 ], [ -78.894897532290784, 35.993104335649946 ], [ -78.894884268167445, 35.993095708727033 ], [ -78.894870005367835, 35.993088207497806 ], [ -78.894854887999855, 35.993081907740837 ], [ -78.894839068773223, 35.993076873127478 ], [ -78.894822707512972, 35.993073154506398 ], [ -78.894805969537558, 35.993070789435158 ], [ -78.894789023969196, 35.993069801821548 ], [ -78.894772042010203, 35.993070201647598 ], [ -78.894755195253026, 35.993071984885539 ], [ -78.894745694690826, 35.993073388237647 ], [ -78.894739662879147, 35.993073826805308 ], [ -78.894737333070054, 35.993073866251322 ], [ -78.894730711624362, 35.993073626932713 ], [ -78.894727204902026, 35.993073303929478 ], [ -78.894726463288279, 35.993073220300744 ], [ -78.894723122522834, 35.993072782941695 ], [ -78.894720038999381, 35.993072219850099 ], [ -78.894716300545937, 35.993071279952346 ], [ -78.894709645592911, 35.993069207881824 ], [ -78.894706586380821, 35.993067888948701 ], [ -78.894702247244737, 35.993066086440606 ], [ -78.894699800470946, 35.993064989285955 ], [ -78.894697020094284, 35.993063498542654 ], [ -78.894696795199977, 35.99306336728506 ], [ -78.894695047728248, 35.993062319713779 ], [ -78.894680828607733, 35.993053564178155 ], [ -78.894679721368348, 35.993052888153322 ], [ -78.894678140059966, 35.99305193091206 ], [ -78.894677417270344, 35.993051488474201 ], [ -78.894677185867621, 35.993051345233646 ], [ -78.894674290968354, 35.993049592730621 ], [ -78.894671399767944, 35.99304788118986 ], [ -78.894669762699763, 35.993046885605963 ], [ -78.894668220106752, 35.993045946748538 ], [ -78.894666177556019, 35.993044722943736 ], [ -78.894664766286937, 35.993043890594343 ], [ -78.894663771610965, 35.993043294881502 ], [ -78.894661768062903, 35.993042076467084 ], [ -78.894660643662604, 35.993041391938746 ], [ -78.894657730722685, 35.993039657770339 ], [ -78.894656941260806, 35.993039198215428 ], [ -78.894655519902059, 35.993038352478884 ], [ -78.894653941977666, 35.993037392905208 ], [ -78.894649743126394, 35.993034920198461 ], [ -78.894645554880171, 35.993032532495718 ], [ -78.894644671598343, 35.99303203234021 ], [ -78.894640140014758, 35.993029483746184 ], [ -78.894633520280664, 35.993025478216651 ], [ -78.89462909867315, 35.993022972434346 ], [ -78.894625183290387, 35.99302081904591 ], [ -78.894622986629543, 35.993019647 ], [ -78.894622963794475, 35.993019634535976 ], [ -78.89461901855401, 35.993017358876017 ], [ -78.894617872549375, 35.993016703612639 ], [ -78.894615364847695, 35.993015282411776 ], [ -78.894615093468673, 35.99301512894489 ], [ -78.894609630446411, 35.993012045731412 ], [ -78.894609217466567, 35.993011812229483 ], [ -78.894606698917812, 35.993010388244521 ], [ -78.894603156328145, 35.993008438846353 ], [ -78.894601387262242, 35.993007491688736 ], [ -78.894598087514979, 35.99300580416039 ], [ -78.894598032556857, 35.993005773070827 ], [ -78.8945899476184, 35.99300147085242 ], [ -78.894589924714396, 35.993001459404759 ], [ -78.894585024133207, 35.992998729072355 ], [ -78.894584258395682, 35.992998326374725 ], [ -78.894583888169137, 35.992998125325279 ], [ -78.894582604318487, 35.992997440246562 ], [ -78.894580894797059, 35.992996429434996 ], [ -78.894580395254664, 35.992996163387637 ], [ -78.894580214057228, 35.992996067000632 ], [ -78.894574236292158, 35.9929928922203 ], [ -78.894568878280111, 35.992990161437483 ], [ -78.894564198907247, 35.99298787453835 ], [ -78.894564121717607, 35.992987834776258 ], [ -78.894560820718951, 35.992986071371149 ], [ -78.89455670225199, 35.992983939891793 ], [ -78.894552263379907, 35.992981715146698 ], [ -78.89455104505501, 35.992981071440447 ], [ -78.894550797881351, 35.992980942580793 ], [ -78.894549052009353, 35.992980044615372 ], [ -78.89454644327833, 35.992978720930004 ], [ -78.894545163193243, 35.992978077829711 ], [ -78.894535990120033, 35.992973515123097 ], [ -78.894535979182393, 35.992973529673243 ], [ -78.894533998326935, 35.992972538900268 ], [ -78.894534009501299, 35.992972524267913 ], [ -78.894524892900179, 35.992967921501702 ], [ -78.894521468413174, 35.992966265262801 ], [ -78.89451739374725, 35.992964219501701 ], [ -78.894513332072265, 35.99296224358276 ], [ -78.894510028033508, 35.992960686919716 ], [ -78.894508354886398, 35.992959908927034 ], [ -78.894506599226617, 35.992959103364704 ], [ -78.894505968525934, 35.992958811628341 ], [ -78.894504085135935, 35.992957866046318 ], [ -78.894495322258763, 35.992953755752211 ], [ -78.894492813866208, 35.992952659171962 ], [ -78.89449229975537, 35.992952418659627 ], [ -78.894491668010019, 35.992952124532323 ], [ -78.894491279164455, 35.992951944426807 ], [ -78.894488777015269, 35.992950700745155 ], [ -78.894480003442823, 35.992946627663784 ], [ -78.894478110591493, 35.992945808906356 ], [ -78.89447798904007, 35.99294575199152 ], [ -78.894477267026147, 35.992945415865542 ], [ -78.894474981519167, 35.992944357964213 ], [ -78.894471785099782, 35.992942863092779 ], [ -78.894469297016926, 35.992941694336068 ], [ -78.894464784054236, 35.992939648606594 ], [ -78.894461491120737, 35.992938209087804 ], [ -78.894460476372331, 35.992937739365011 ], [ -78.894459931821501, 35.99293748585994 ], [ -78.894456058949771, 35.992935737424013 ], [ -78.89445014776193, 35.992933150517636 ], [ -78.894450142816851, 35.992933157957985 ], [ -78.894449354775062, 35.99293280317697 ], [ -78.89444667237791, 35.992931642877735 ], [ -78.89444508625779, 35.992930956794652 ], [ -78.894444230872764, 35.992930580940168 ], [ -78.894440297466801, 35.992928852532671 ], [ -78.894440157436932, 35.992928786344095 ], [ -78.894435316175432, 35.992926584377471 ], [ -78.89443325326657, 35.992925681905874 ], [ -78.894429219640287, 35.992923973767333 ], [ -78.894425251215125, 35.992922348042768 ], [ -78.89442491656807, 35.992922211333017 ], [ -78.894424479887661, 35.992922033411084 ], [ -78.894420720697909, 35.992920389406791 ], [ -78.894415676538941, 35.992918271434881 ], [ -78.894413754187568, 35.992917497236249 ], [ -78.894410742290674, 35.992916271517878 ], [ -78.894407798827842, 35.992915060006112 ], [ -78.894407179300927, 35.992914806298636 ], [ -78.894406742620589, 35.992914628404108 ], [ -78.894403688849579, 35.992913292903076 ], [ -78.894399646540876, 35.992911581789187 ], [ -78.894395679028108, 35.992909957218238 ], [ -78.894395374247622, 35.992909832758755 ], [ -78.894393042493192, 35.992908882749127 ], [ -78.894390741057407, 35.992907935320467 ], [ -78.894388725429323, 35.992907119175115 ], [ -78.89438732502866, 35.992906561568489 ], [ -78.894386309190551, 35.992906150219802 ], [ -78.894385822206203, 35.992905949673172 ], [ -78.894377660183878, 35.992902808432049 ], [ -78.894376484332511, 35.992902386780685 ], [ -78.89437272822093, 35.992900949221493 ], [ -78.894371895606113, 35.992900610004924 ], [ -78.894369580418811, 35.992899657893908 ], [ -78.894367672128453, 35.992898885382424 ], [ -78.894366208751322, 35.992898302283024 ], [ -78.894365172473414, 35.992897882345567 ], [ -78.894360880753254, 35.992896204062205 ], [ -78.894357839750697, 35.992895057515987 ], [ -78.894357021287234, 35.992894727871438 ], [ -78.89435672559388, 35.992894608117233 ], [ -78.894352433163576, 35.992892930299959 ], [ -78.894347813798888, 35.992891189401263 ], [ -78.89434494122375, 35.992890133187394 ], [ -78.894344790867819, 35.992890079269301 ], [ -78.894344373181667, 35.992889930043155 ], [ -78.894343295649676, 35.992889546441319 ], [ -78.894339116192626, 35.992887971352644 ], [ -78.894338769002758, 35.992887836087725 ], [ -78.89433183087263, 35.992885191944431 ], [ -78.894331828229937, 35.992885196529791 ], [ -78.894330993604996, 35.992884869563241 ], [ -78.894325091077135, 35.992882645082013 ], [ -78.894325068681454, 35.992882684346029 ], [ -78.894321585258766, 35.992881355723533 ], [ -78.894321129121025, 35.992881193580196 ], [ -78.894316462102111, 35.992879601641313 ], [ -78.894315837811988, 35.992879397596667 ], [ -78.894314937280797, 35.992879062331689 ], [ -78.894308547237515, 35.992876811385472 ], [ -78.894306891340335, 35.992876260754208 ], [ -78.894304274516557, 35.992875262696849 ], [ -78.894299208074287, 35.992873412294976 ], [ -78.894299199019002, 35.99287340915545 ], [ -78.894295801530404, 35.992872257903855 ], [ -78.894291674453996, 35.992870902104229 ], [ -78.894287588060138, 35.992869404699626 ], [ -78.894281129817458, 35.99286716814261 ], [ -78.894278759602898, 35.99286639418608 ], [ -78.89427827903441, 35.992866225043798 ], [ -78.894277422265958, 35.99286592577586 ], [ -78.894275126009006, 35.992865129824111 ], [ -78.894274511367115, 35.992864915128884 ], [ -78.894271447276424, 35.992863873746636 ], [ -78.894263761445558, 35.992861333369234 ], [ -78.89426375209122, 35.992861352068829 ], [ -78.894261720953324, 35.992860662109337 ], [ -78.89425330640934, 35.992857972537777 ], [ -78.894249856041085, 35.992856804619223 ], [ -78.894245836431978, 35.992855497534599 ], [ -78.894241602292468, 35.992854173973839 ], [ -78.894240299030201, 35.992853782813448 ], [ -78.894239119996413, 35.992853417555793 ], [ -78.894236008546542, 35.99285240277846 ], [ -78.894231955258491, 35.992851129783062 ], [ -78.894230533834971, 35.992850700335694 ], [ -78.894227743858721, 35.992849788550245 ], [ -78.89422326653937, 35.992848385057684 ], [ -78.894219366654539, 35.992847213946987 ], [ -78.894218713619694, 35.992847019107167 ], [ -78.89421830292919, 35.992846897330075 ], [ -78.894214021128192, 35.992845521587292 ], [ -78.894210893706344, 35.992844545749229 ], [ -78.894203365738548, 35.992842266148749 ], [ -78.894203030639929, 35.992842164985341 ], [ -78.894193653678329, 35.992839343814545 ], [ -78.894191839967974, 35.992838807714513 ], [ -78.894185043855174, 35.992836834415705 ], [ -78.894181568761255, 35.992835859896495 ], [ -78.894176202098166, 35.992834407832383 ], [ -78.894170017848879, 35.992832705871066 ], [ -78.894168221333473, 35.992832178493856 ], [ -78.894166968837695, 35.99283181872098 ], [ -78.894165722841549, 35.992831451838754 ], [ -78.894164102291526, 35.992830962963325 ], [ -78.894157733440267, 35.992829158347455 ], [ -78.894155537268844, 35.992828575709389 ], [ -78.894155160359801, 35.992828471020808 ], [ -78.89415217097266, 35.992827665730395 ], [ -78.894151995050876, 35.992827619811408 ], [ -78.894149557078137, 35.992826936859714 ], [ -78.894146139182794, 35.992826012441071 ], [ -78.89413842390023, 35.992823999636599 ], [ -78.894131907302736, 35.992822239998574 ], [ -78.894126304449614, 35.992820714819764 ], [ -78.894121233314976, 35.992819406160308 ], [ -78.894114294085341, 35.992817712634654 ], [ -78.894114293644307, 35.992817713842982 ], [ -78.894114205278441, 35.992817690388634 ], [ -78.894111877624738, 35.992817123266789 ], [ -78.894110874055869, 35.992816869499606 ], [ -78.894107623292953, 35.992815991925326 ], [ -78.894100744851215, 35.992814266338051 ], [ -78.89409320892446, 35.992812517736638 ], [ -78.894092409122365, 35.992812316972554 ], [ -78.894089288037677, 35.992811562882082 ], [ -78.894088610059384, 35.992811391452612 ], [ -78.89408667657608, 35.992810912798724 ], [ -78.894082194821536, 35.992809827053208 ], [ -78.894076249155887, 35.992808361846031 ], [ -78.894070774691102, 35.992807094151011 ], [ -78.894066549588459, 35.992806178013112 ], [ -78.894066280930971, 35.992806115723347 ], [ -78.894064304054254, 35.992805629257191 ], [ -78.894058518444965, 35.992804296350521 ], [ -78.894057231597557, 35.992804019893505 ], [ -78.894056488406832, 35.992803852473017 ], [ -78.894054042939601, 35.992803317553651 ], [ -78.894052805765369, 35.992803055012459 ], [ -78.894050062990488, 35.992802446158187 ], [ -78.894050059529036, 35.99280245642931 ], [ -78.89404630663644, 35.9928016387165 ], [ -78.894045547507815, 35.992801483781399 ], [ -78.894043568325344, 35.992801080110254 ], [ -78.894039344383984, 35.992800155346536 ], [ -78.894039344248228, 35.992800155758516 ], [ -78.894038435333101, 35.992799951190833 ], [ -78.894033434078651, 35.992798870157408 ], [ -78.894033432110106, 35.992798876199288 ], [ -78.894030496757537, 35.99279824039337 ], [ -78.894027531549909, 35.99279763524649 ], [ -78.89402326800392, 35.992796700640774 ], [ -78.894023267223361, 35.99279670297512 ], [ -78.894022620344927, 35.992796557120229 ], [ -78.894017012523705, 35.992795342847899 ], [ -78.89401700899397, 35.992795353613438 ], [ -78.894014240791023, 35.99279475102712 ], [ -78.894012022546107, 35.992794298304759 ], [ -78.89400806919798, 35.992793532419299 ], [ -78.894005103673678, 35.992792988449324 ], [ -78.894002370950517, 35.992792448170071 ], [ -78.894001281153166, 35.992792217045618 ], [ -78.893998496981695, 35.992791598951513 ], [ -78.893998490567753, 35.992791618010735 ], [ -78.89399331897603, 35.992790512461156 ], [ -78.893990514499322, 35.99278996341112 ], [ -78.893990006999175, 35.992789864734696 ], [ -78.893989417578823, 35.992789750905665 ], [ -78.893989188008533, 35.992789706698005 ], [ -78.8939860830112, 35.992789110768911 ], [ -78.893985993493018, 35.992789089648504 ], [ -78.893985623943593, 35.992789018287993 ], [ -78.893982911422341, 35.992788513573217 ], [ -78.893975224652408, 35.992787137339199 ], [ -78.893973581984213, 35.992786812388481 ], [ -78.893965789352976, 35.992785324530047 ], [ -78.893959211816565, 35.992784180398147 ], [ -78.893958583231822, 35.992784081643961 ], [ -78.893956677728013, 35.992783714516747 ], [ -78.893949328864309, 35.992782438238905 ], [ -78.893945758165486, 35.992781885253578 ], [ -78.893943498727097, 35.992781448756972 ], [ -78.893934529372615, 35.99277992353089 ], [ -78.893933239268449, 35.992779733658033 ], [ -78.893931408331099, 35.992779447194842 ], [ -78.89392697844643, 35.99277871284162 ], [ -78.893925023182121, 35.992778398469817 ], [ -78.893922985880337, 35.99277808103237 ], [ -78.893916422617593, 35.992777034157612 ], [ -78.893916003944952, 35.992776967808879 ], [ -78.893913092969541, 35.992776509675707 ], [ -78.893912684603734, 35.992776445835752 ], [ -78.893910076912618, 35.992776040847403 ], [ -78.893903688763487, 35.992775011870251 ], [ -78.893902573068871, 35.9927748353346 ], [ -78.893899828568891, 35.992774408827344 ], [ -78.893896912515828, 35.99277395623853 ], [ -78.893893213956332, 35.992773363967068 ], [ -78.893888022919057, 35.9927726009035 ], [ -78.893883960771632, 35.992772056829544 ], [ -78.893882361961374, 35.99277179839531 ], [ -78.893873824727777, 35.992770602366988 ], [ -78.893871568820444, 35.992770334516067 ], [ -78.893867927784271, 35.992769827591026 ], [ -78.893864348595187, 35.992769305363367 ], [ -78.893862031854283, 35.99276895056888 ], [ -78.89385854151088, 35.992768446768835 ], [ -78.8938569804655, 35.992768235122576 ], [ -78.893854924405957, 35.992767966977993 ], [ -78.893847368368483, 35.992767020219929 ], [ -78.893846871975043, 35.992766958638278 ], [ -78.893842405981644, 35.992766410091399 ], [ -78.893841786068336, 35.992766323788459 ], [ -78.893833563934919, 35.992765347523786 ], [ -78.8938330273036, 35.992765294725281 ], [ -78.893828847830932, 35.992764797028329 ], [ -78.8938286912812, 35.992764775107823 ], [ -78.893821672607245, 35.99276391600791 ], [ -78.893819287581138, 35.992763665570251 ], [ -78.893816304339907, 35.992763306074949 ], [ -78.893815188375854, 35.992763154729097 ], [ -78.893809069867672, 35.992762418216969 ], [ -78.893805294588674, 35.992762021002065 ], [ -78.89380391010846, 35.992761880053919 ], [ -78.893802141628314, 35.99276170605404 ], [ -78.893800572782794, 35.992761539534989 ], [ -78.893796609085911, 35.992761088175655 ], [ -78.893793458889121, 35.992760753945234 ], [ -78.893791666242436, 35.992760577644127 ], [ -78.893788962063155, 35.992760311379833 ], [ -78.893784989803891, 35.992759893444784 ], [ -78.893782029601439, 35.992759571466465 ], [ -78.893775804138301, 35.992758989548406 ], [ -78.893772140130935, 35.992758702889788 ], [ -78.89377085255407, 35.992758570953583 ], [ -78.893769875044285, 35.992758475273909 ], [ -78.893766926094287, 35.992758207889729 ], [ -78.893762845257356, 35.992757867354975 ], [ -78.893761319137027, 35.992757728618209 ], [ -78.893759119986626, 35.992757512212648 ], [ -78.893757864958431, 35.99275738354617 ], [ -78.893752856560511, 35.992756931633956 ], [ -78.89374611869512, 35.992756406160943 ], [ -78.893746117635544, 35.992756415005665 ], [ -78.893745271022212, 35.992756338449517 ], [ -78.893744265495513, 35.992756263678103 ], [ -78.893739579809051, 35.992755821083954 ], [ -78.893736211555066, 35.992755530725717 ], [ -78.893734578093273, 35.992755403323109 ], [ -78.893732150510871, 35.99275522836426 ], [ -78.893726932221071, 35.992754883047816 ], [ -78.893725454081462, 35.992754759955808 ], [ -78.893723590611216, 35.992754613233195 ], [ -78.893716007906335, 35.992754050652003 ], [ -78.893714568714259, 35.992753948911187 ], [ -78.89371107402917, 35.99275371409832 ], [ -78.89370794264623, 35.992753468530701 ], [ -78.893703796763717, 35.992753185241732 ], [ -78.893703383545699, 35.992753161147292 ], [ -78.893701599312422, 35.992753064902423 ], [ -78.893699111593207, 35.992752941426026 ], [ -78.893695781372813, 35.992752776147377 ], [ -78.893692818639977, 35.992752630500519 ], [ -78.893691816736947, 35.992752576389954 ], [ -78.893690000032421, 35.992752469485396 ], [ -78.893687944482977, 35.992752328006858 ], [ -78.893684816110067, 35.992752081397391 ], [ -78.893680480335576, 35.992751785333191 ], [ -78.893680109875632, 35.992751763940561 ], [ -78.893678430459588, 35.992751673747783 ], [ -78.893675890314398, 35.992751547670487 ], [ -78.89367329855439, 35.992751419048354 ], [ -78.893671721370808, 35.992751346773083 ], [ -78.893669837732304, 35.992751267638013 ], [ -78.893668421937988, 35.992751212974696 ], [ -78.893663523778017, 35.992751040643824 ], [ -78.893662027305965, 35.992750977201936 ], [ -78.893659395051884, 35.992750846538883 ], [ -78.893656014906938, 35.992750678770769 ], [ -78.89365305471118, 35.992750531861482 ], [ -78.893652230872902, 35.992750487602855 ], [ -78.893646683074167, 35.992750264049377 ], [ -78.893643171978724, 35.992750169541736 ], [ -78.89363990383265, 35.992749996239162 ], [ -78.893639202927361, 35.992749960273812 ], [ -78.893638867752202, 35.992749943636774 ], [ -78.893634709307747, 35.992749778981391 ], [ -78.893632022021492, 35.992749699530556 ], [ -78.893631431087826, 35.992749682890562 ], [ -78.893620914125478, 35.992749401880069 ], [ -78.893618745694113, 35.992749320545762 ], [ -78.893608757648565, 35.992749097738695 ], [ -78.893608021679626, 35.992749068802652 ], [ -78.893605172444325, 35.992748986133428 ], [ -78.893599322396739, 35.99274889873513 ], [ -78.893598987605671, 35.992748898443502 ], [ -78.893594752215577, 35.992748791600967 ], [ -78.89358968858204, 35.992748725517856 ], [ -78.893588846736662, 35.992748724784512 ], [ -78.893584611346583, 35.992748617941629 ], [ -78.893579547713074, 35.992748551858092 ], [ -78.893576235161021, 35.992748548972173 ], [ -78.893569895120578, 35.992748545151606 ], [ -78.893566484945879, 35.99274854050465 ], [ -78.893563057630558, 35.99274853749089 ], [ -78.893559675138818, 35.992748534543566 ], [ -78.893556296906311, 35.992748531599872 ], [ -78.893552916544195, 35.992748528654218 ], [ -78.893546595267026, 35.9927485231456 ], [ -78.893543234443399, 35.992748520216708 ], [ -78.893539937472596, 35.992748519019095 ], [ -78.893536558228121, 35.992748514453204 ], [ -78.893531395252097, 35.992748571598042 ], [ -78.893527160806784, 35.992748671033091 ], [ -78.893523346338554, 35.992748667708241 ], [ -78.893518285686127, 35.992748724886766 ], [ -78.893513450429822, 35.992748838357215 ], [ -78.893496504834971, 35.992749931046433 ], [ -78.893479779983807, 35.992752401454837 ], [ -78.893463445095819, 35.992756224621715 ], [ -78.893447665352269, 35.992761361847428 ], [ -78.893432600408246, 35.992767761159115 ], [ -78.893418402600417, 35.992775357858612 ], [ -78.893405215594171, 35.992784075098058 ], [ -78.893393172726121, 35.992793824675125 ], [ -78.893382395853621, 35.992804507993547 ], [ -78.893372993967461, 35.992816016995739 ], [ -78.893365062176429, 35.99282823526093 ], [ -78.893358680691506, 35.992841039185315 ], [ -78.893353914080564, 35.992854299272693 ], [ -78.893350810556711, 35.99286788139738 ], [ -78.893349401503215, 35.99288164814994 ], [ -78.893349701201146, 35.992895460320263 ], [ -78.893350647329811, 35.992901932359693 ], [ -78.893351256438294, 35.992909015964486 ], [ -78.89335556610996, 35.993080905999435 ], [ -78.893359170369536, 35.993245669892168 ], [ -78.893359175227744, 35.993245881697135 ], [ -78.8933630657762, 35.993409528999216 ], [ -78.893362953062351, 35.99341275991921 ], [ -78.893360503872174, 35.993416360673201 ], [ -78.893356304836004, 35.993421944452884 ], [ -78.893348780406484, 35.993434762430063 ], [ -78.893342924875242, 35.993448143286848 ], [ -78.893338800800407, 35.993461943982084 ], [ -78.893336452323069, 35.993476016953352 ], [ -78.893335904522772, 35.993490211764453 ], [ -78.893339236335734, 35.993623117108832 ], [ -78.893344351332118, 35.993828478596129 ], [ -78.89334423124798, 35.993831760412732 ], [ -78.893340231910102, 35.993832225876595 ], [ -78.892992406318456, 35.993858385363168 ], [ -78.892803142259552, 35.993872606402419 ], [ -78.89280220122474, 35.993872679253585 ], [ -78.892626481853469, 35.993886688181405 ], [ -78.892622256328238, 35.993887024392137 ], [ -78.892419982388887, 35.993903085379472 ], [ -78.892408712167637, 35.993904292359616 ], [ -78.892162509863894, 35.993937538917947 ], [ -78.892159042983806, 35.99393788784208 ], [ -78.892155552449879, 35.993938002363493 ], [ -78.891986994632873, 35.993937853437579 ], [ -78.891984622883953, 35.993937864883577 ], [ -78.891667865630168, 35.993941196725018 ], [ -78.891612984187574, 35.993941787372385 ], [ -78.89160907049245, 35.9939416752798 ], [ -78.891608752668276, 35.993938503317203 ], [ -78.891608113529443, 35.993922655774789 ], [ -78.891606797502519, 35.993909470688529 ], [ -78.891603926772149, 35.993896449624941 ], [ -78.891599528017295, 35.993883713369677 ], [ -78.891593642016673, 35.993871380056191 ], [ -78.89158632337984, 35.993859564066611 ], [ -78.891577639973846, 35.993848375014942 ], [ -78.891567672350021, 35.993837916675012 ], [ -78.891556512933889, 35.993828286018491 ], [ -78.891544265282604, 35.993819572417429 ], [ -78.891531042936819, 35.993811856681837 ], [ -78.891516968610418, 35.993805210372209 ], [ -78.891502172771567, 35.993799695138975 ], [ -78.891486792697094, 35.993795362117297 ], [ -78.891470971053181, 35.993792251513753 ], [ -78.891454854577759, 35.993790392193148 ], [ -78.891438592728562, 35.993789801402563 ], [ -78.891381817279452, 35.993789962650659 ], [ -78.89107315531119, 35.993790664066971 ], [ -78.89106927097518, 35.99379052019944 ], [ -78.891069354917221, 35.993787361037761 ], [ -78.891107224445022, 35.993348013924859 ], [ -78.891122625249693, 35.993182669938619 ], [ -78.891122774365883, 35.993181261802732 ], [ -78.891122796009796, 35.993181079470105 ], [ -78.891123563900564, 35.993176594044741 ], [ -78.891125095377177, 35.993171238609378 ], [ -78.891125095411212, 35.993171238444603 ], [ -78.891125613177977, 35.993169790584666 ], [ -78.891127179094624, 35.993165992423556 ], [ -78.891129539060515, 35.993161645194768 ], [ -78.891132412689515, 35.993157512916589 ], [ -78.891133488765917, 35.993156160988136 ], [ -78.891133544058704, 35.993156093458957 ], [ -78.891137335384272, 35.99315184291212 ], [ -78.891139572100741, 35.993149649814725 ], [ -78.891141985990814, 35.993147551100407 ], [ -78.891148186929016, 35.993143093372147 ], [ -78.891149030014859, 35.993142578659231 ], [ -78.891149393625909, 35.993142365561738 ], [ -78.891162457068006, 35.993133880943006 ], [ -78.891174424831192, 35.993124388757579 ], [ -78.891185179727472, 35.993113981945349 ], [ -78.891194616523492, 35.993102762357445 ], [ -78.891202642787007, 35.993090839850403 ], [ -78.891209179969991, 35.993078331160916 ], [ -78.891214164052556, 35.993065358697471 ], [ -78.891217546288104, 35.993052049442412 ], [ -78.89121929350911, 35.99303853374321 ], [ -78.891219388703746, 35.993024943884755 ], [ -78.891217830848362, 35.993011412907727 ], [ -78.891214635213473, 35.99299807326296 ], [ -78.891209833128912, 35.992985055520023 ], [ -78.891203471579715, 35.992972487158156 ], [ -78.891195612802306, 35.992960491192314 ], [ -78.891186333812726, 35.992949185074089 ], [ -78.891175725360327, 35.992938679454426 ], [ -78.891167404958793, 35.992931224566938 ], [ -78.891162207742369, 35.992925331353582 ], [ -78.891159818072353, 35.992921885855175 ], [ -78.891159704737092, 35.992921704034096 ], [ -78.891158747873391, 35.992920136844901 ], [ -78.891156053008018, 35.992915224649565 ], [ -78.891155171035365, 35.992913345210269 ], [ -78.891155092980966, 35.992913171002584 ], [ -78.891154054079919, 35.992910523419077 ], [ -78.891153282579396, 35.992907816132288 ], [ -78.891153204774639, 35.992907481961701 ], [ -78.891152897566784, 35.992906103691929 ], [ -78.891152086911177, 35.9929011994113 ], [ -78.891151811917467, 35.992896113832934 ], [ -78.891151812823267, 35.992895442499524 ], [ -78.891151813409749, 35.992895007827769 ], [ -78.891152225385099, 35.992888311527523 ], [ -78.891233721951949, 35.992220287068619 ], [ -78.891234074395229, 35.99221779848942 ], [ -78.891234864561014, 35.992210519673321 ], [ -78.891234912228526, 35.992209889395454 ], [ -78.891235152263121, 35.992208387691456 ], [ -78.891236191272256, 35.992199767774174 ], [ -78.891236309684928, 35.992198314090928 ], [ -78.891236328786775, 35.992198186560437 ], [ -78.891236519722383, 35.992196997871332 ], [ -78.891236643605183, 35.992196275771079 ], [ -78.891237048979804, 35.992193740483472 ], [ -78.891237215147427, 35.992192619625499 ], [ -78.891237264115702, 35.992192303231548 ], [ -78.891238269970515, 35.992183552550543 ], [ -78.89123830507836, 35.992183086482655 ], [ -78.891238480388509, 35.992181979093587 ], [ -78.891238681917542, 35.992180655366838 ], [ -78.891238838246323, 35.99217958614544 ], [ -78.89123907000095, 35.992178133085019 ], [ -78.891239202631894, 35.99217736594025 ], [ -78.89123960773702, 35.992174854909194 ], [ -78.891239726850728, 35.992174059622151 ], [ -78.891240545194236, 35.992167141771439 ], [ -78.891240724907817, 35.992165074854391 ], [ -78.891240745845082, 35.992164939880922 ], [ -78.891241097758339, 35.99216276889252 ], [ -78.891241161438714, 35.992162371609787 ], [ -78.891241521738579, 35.992160097805197 ], [ -78.891241887692573, 35.992157817357658 ], [ -78.891242068114323, 35.992156654344463 ], [ -78.891242306170696, 35.992155065198716 ], [ -78.891242488723762, 35.992153925977263 ], [ -78.891242638097367, 35.99215305110642 ], [ -78.891243003237363, 35.992150772608568 ], [ -78.891243169423333, 35.992149663096093 ], [ -78.891243694927311, 35.992146356064843 ], [ -78.891244714648479, 35.992137875105499 ], [ -78.891244816245688, 35.992136633098177 ], [ -78.891244948510376, 35.992135811588099 ], [ -78.891245285997542, 35.992133709731128 ], [ -78.891245492138268, 35.992132375129962 ], [ -78.891245706677879, 35.992130928619751 ], [ -78.891245918171322, 35.992129610341109 ], [ -78.891246031963817, 35.992128950783126 ], [ -78.891246431038098, 35.992126474744602 ], [ -78.891246582385932, 35.992125464306497 ], [ -78.8912471082986, 35.992122154803191 ], [ -78.891247478042089, 35.992119821340097 ], [ -78.891247841208951, 35.992117577014284 ], [ -78.891248059205438, 35.992116173966146 ], [ -78.891248272679292, 35.992114740641007 ], [ -78.891248463315236, 35.992113548270488 ], [ -78.891248606929665, 35.992112707705658 ], [ -78.891248974147771, 35.992110417012547 ], [ -78.891249134807651, 35.992109344416029 ], [ -78.891249425165554, 35.992107523681959 ], [ -78.891249820718826, 35.99210582891331 ], [ -78.891251397179019, 35.992097775457481 ], [ -78.891251737772336, 35.992095625996107 ], [ -78.891252091393653, 35.99209344130113 ], [ -78.891252320168917, 35.992091966261263 ], [ -78.891252529079381, 35.992090557848179 ], [ -78.89125272360539, 35.992089338339831 ], [ -78.891252866130273, 35.992088503515447 ], [ -78.891253231269701, 35.99208622501753 ], [ -78.891253397455287, 35.992085115587415 ], [ -78.891253923367401, 35.992081806084016 ], [ -78.8912542925991, 35.992079475861985 ], [ -78.891254531993752, 35.992077996958152 ], [ -78.891254921593145, 35.992076330396827 ], [ -78.891256493321748, 35.992068325642563 ], [ -78.891256815217332, 35.992066304700963 ], [ -78.891256945161729, 35.992065524147925 ], [ -78.891256998273633, 35.992065218169124 ], [ -78.891257390774598, 35.992062803274898 ], [ -78.891257791633535, 35.992060156341239 ], [ -78.891258107193096, 35.992058823430767 ], [ -78.891259730129178, 35.992050646067206 ], [ -78.891259770832121, 35.992050392546822 ], [ -78.891259965578911, 35.992049134469461 ], [ -78.891260178948627, 35.992047702874849 ], [ -78.891260267303963, 35.992047156089804 ], [ -78.891260614880906, 35.992045693572507 ], [ -78.891262247094986, 35.992037504047531 ], [ -78.89126231902091, 35.992037058285938 ], [ -78.891262527232769, 35.992035716516646 ], [ -78.891262613399448, 35.992035138275455 ], [ -78.891262918109234, 35.99203385458317 ], [ -78.891264543865262, 35.992025690984939 ], [ -78.891264872952547, 35.992023650929923 ], [ -78.891264985310741, 35.992022926704081 ], [ -78.891266087944757, 35.992017332160501 ], [ -78.891266114212073, 35.99201723026674 ], [ -78.891267561479495, 35.992010676443066 ], [ -78.891268306122754, 35.992006646489465 ], [ -78.891268318391198, 35.992006648093714 ], [ -78.891269572285424, 35.992000257879482 ], [ -78.891269741618117, 35.991999622160719 ], [ -78.891270649865561, 35.991995845826921 ], [ -78.891271277273717, 35.991992697283415 ], [ -78.891272366874375, 35.991988019185619 ], [ -78.891273319821664, 35.991983180453573 ], [ -78.891275009554988, 35.991976253543129 ], [ -78.891276478777428, 35.991969009064775 ], [ -78.891277265048117, 35.991965543867906 ], [ -78.891278031323566, 35.991962166834902 ], [ -78.891279204336215, 35.991956997328913 ], [ -78.891279100411978, 35.991956981742817 ], [ -78.891279896153065, 35.991953487242867 ], [ -78.891279989937786, 35.991953501721085 ], [ -78.89128138255181, 35.991947543335662 ], [ -78.891282749564184, 35.991941694426558 ], [ -78.891283420881507, 35.99193882214216 ], [ -78.891283616717757, 35.991938109693173 ], [ -78.891283804938666, 35.991937329109533 ], [ -78.891283876293002, 35.991937031415681 ], [ -78.891287355162234, 35.991922431682219 ], [ -78.891287377854468, 35.991922348850103 ], [ -78.891288173802039, 35.991919026702838 ], [ -78.891288320260585, 35.991918407885734 ], [ -78.891288622514622, 35.99191711474117 ], [ -78.891288696399585, 35.991916845536885 ], [ -78.891289913981055, 35.991911763455413 ], [ -78.891289898806619, 35.991911761051938 ], [ -78.891290149013301, 35.99191083690544 ], [ -78.89129052124548, 35.991909238758481 ], [ -78.891292282497872, 35.991902993409994 ], [ -78.89129592233067, 35.991888096171841 ], [ -78.891297068031179, 35.991884078332333 ], [ -78.89129958723845, 35.991873679834406 ], [ -78.89130038326995, 35.991870821506168 ], [ -78.891300534129329, 35.99187017272218 ], [ -78.891300613893293, 35.991869930609482 ], [ -78.891302927301652, 35.991861968352197 ], [ -78.891304390963967, 35.991856162685472 ], [ -78.891304354701191, 35.991856156637049 ], [ -78.891304969487251, 35.99185404494461 ], [ -78.891305354934232, 35.991852422992061 ], [ -78.891306876162034, 35.991846994524842 ], [ -78.891307797908667, 35.991843332399192 ], [ -78.891309820009468, 35.991835964463206 ], [ -78.891309973618775, 35.991835482402706 ], [ -78.89131014616666, 35.991834918578135 ], [ -78.891310263173011, 35.991834557521955 ], [ -78.891312866375685, 35.991825214668637 ], [ -78.891313201726547, 35.991824194422115 ], [ -78.89131362814652, 35.991822870785292 ], [ -78.891313685111527, 35.99182269032454 ], [ -78.891315760800993, 35.991815263648256 ], [ -78.891316204010536, 35.991813446016678 ], [ -78.89131670059632, 35.991811928827211 ], [ -78.891316709860675, 35.991811902051282 ], [ -78.891317756722088, 35.991808734540989 ], [ -78.891317989880804, 35.991807993830065 ], [ -78.891318147373468, 35.991807489576516 ], [ -78.891318586392472, 35.991806072549707 ], [ -78.891320339127191, 35.991799798266086 ], [ -78.89132082660258, 35.991797842137984 ], [ -78.891320878887555, 35.991797672936102 ], [ -78.891321254532826, 35.991796501278202 ], [ -78.891321908879164, 35.991794531727912 ], [ -78.891322104921699, 35.991793941661996 ], [ -78.891325009112578, 35.991783640285789 ], [ -78.89132517574788, 35.99178292352525 ], [ -78.891325683384565, 35.991781383022712 ], [ -78.891326201871379, 35.991779817943332 ], [ -78.891326897830396, 35.991777646793416 ], [ -78.891327261681909, 35.991776472350409 ], [ -78.891327566725025, 35.991775516880764 ], [ -78.891328041273042, 35.991774073183791 ], [ -78.891328467692503, 35.991772749546911 ], [ -78.891328864716016, 35.991771491621755 ], [ -78.891329298024218, 35.991770173237946 ], [ -78.89132937981239, 35.991769933956498 ], [ -78.891330202025088, 35.991767437525773 ], [ -78.891331071726142, 35.991764693981331 ], [ -78.891331464044541, 35.991763516074805 ], [ -78.891334086811142, 35.991754426712426 ], [ -78.891334359957284, 35.991753310674291 ], [ -78.891334949780088, 35.991751461004583 ], [ -78.891335281075939, 35.991750389109022 ], [ -78.891335716998427, 35.991749036993163 ], [ -78.89133616085752, 35.991747715267238 ], [ -78.891336511982942, 35.991746652949175 ], [ -78.891337136209472, 35.991744733836086 ], [ -78.89133772012157, 35.991742955750325 ], [ -78.891338344197806, 35.991740997600907 ], [ -78.891338730969935, 35.991739746122271 ], [ -78.89133904813329, 35.991738751489841 ], [ -78.891339681259367, 35.991736825379547 ], [ -78.891340205647651, 35.99173524525127 ], [ -78.891340944989878, 35.9917329379115 ], [ -78.891341303785964, 35.99173177708952 ], [ -78.891341564128737, 35.991730956105194 ], [ -78.891342178273788, 35.991729067942821 ], [ -78.89134309563552, 35.991726300073957 ], [ -78.89134318615811, 35.991726025829799 ], [ -78.891343650183472, 35.991724614126994 ], [ -78.891344284509941, 35.991722624834608 ], [ -78.891344643815387, 35.991721462227439 ], [ -78.891345019459933, 35.991720290596881 ], [ -78.891345238106723, 35.991719632478052 ], [ -78.891345619048749, 35.991718693860612 ], [ -78.891348453872567, 35.991710950459641 ], [ -78.891349485468481, 35.991707796093941 ], [ -78.8913502913001, 35.991705364012809 ], [ -78.891350351376701, 35.991705182181242 ], [ -78.891350830331476, 35.991703728708409 ], [ -78.891351491777343, 35.991701657027306 ], [ -78.891351872166268, 35.991700426201085 ], [ -78.891352175786281, 35.991699472790415 ], [ -78.891352788858143, 35.991697603032534 ], [ -78.891353646301141, 35.991695024769541 ], [ -78.891353802059257, 35.991694553149834 ], [ -78.891354299997758, 35.991693034450407 ], [ -78.891355164939057, 35.991690862186907 ], [ -78.891357641314428, 35.991684045500769 ], [ -78.891358281735478, 35.991682098491466 ], [ -78.891358514623249, 35.991681382696321 ], [ -78.891359075976098, 35.991679638324655 ], [ -78.891359354297492, 35.991678795461944 ], [ -78.891359596514448, 35.991678080032216 ], [ -78.891360367666721, 35.99167572077306 ], [ -78.891360655004874, 35.99167480904876 ], [ -78.891361198538775, 35.991673469692579 ], [ -78.891363976506852, 35.991665898785463 ], [ -78.89136473141663, 35.991663602145536 ], [ -78.891364828831897, 35.991663305051688 ], [ -78.891365517511289, 35.99166159309901 ], [ -78.891368041494545, 35.991654715249709 ], [ -78.891368520025424, 35.991653274880029 ], [ -78.891368637021799, 35.991652920828862 ], [ -78.891369427366982, 35.991650516424492 ], [ -78.891370100373777, 35.991648468982902 ], [ -78.89137106953271, 35.991645993038389 ], [ -78.89137342100797, 35.991639423369222 ], [ -78.8913737653006, 35.99163836370964 ], [ -78.891374104626195, 35.991637553591509 ], [ -78.891375401769864, 35.991634078930865 ], [ -78.891377018294961, 35.991630095490422 ], [ -78.891379143072626, 35.991624288267424 ], [ -78.891379902561255, 35.991622456576913 ], [ -78.891381939966806, 35.991616968653176 ], [ -78.891383303925267, 35.991613604402531 ], [ -78.891384571557268, 35.991610130264931 ], [ -78.891385923045888, 35.991606838553885 ], [ -78.891388252191007, 35.991600558215758 ], [ -78.891388882267449, 35.991599012519828 ], [ -78.891391106455444, 35.991592956525807 ], [ -78.89139208631417, 35.991590566684479 ], [ -78.891392237948466, 35.991590195055252 ], [ -78.891394362421977, 35.991584963704703 ], [ -78.891395690212519, 35.991581346469417 ], [ -78.891397976784134, 35.991575829702633 ], [ -78.891398066383971, 35.991575612899297 ], [ -78.891403159610888, 35.991563256525744 ], [ -78.891405968673581, 35.991555733279611 ], [ -78.891406065977989, 35.991555442998376 ], [ -78.89141018807247, 35.991545496802182 ], [ -78.891410182395617, 35.991545495258769 ], [ -78.891410605939726, 35.991544547970612 ], [ -78.891412693473228, 35.991539435316191 ], [ -78.891412972138639, 35.99153881326496 ], [ -78.891416868571923, 35.991529210996156 ], [ -78.891416855156905, 35.991529207413024 ], [ -78.891419071691232, 35.991524037980859 ], [ -78.891419251090554, 35.991523556327685 ], [ -78.891422385101237, 35.991516559603006 ], [ -78.891423855580982, 35.991512936038482 ], [ -78.891424613587048, 35.99151124996969 ], [ -78.891426196563415, 35.991507425500309 ], [ -78.891428134900366, 35.991503132472964 ], [ -78.891430519519346, 35.991497247187581 ], [ -78.891433154809391, 35.991491446653015 ], [ -78.891433902940719, 35.991489662943685 ], [ -78.89143691841771, 35.991482955409559 ], [ -78.891437556394479, 35.991481390353322 ], [ -78.891440391220286, 35.991475089695278 ], [ -78.891441298338975, 35.991472870355842 ], [ -78.891444025187951, 35.991466928124872 ], [ -78.89144479436635, 35.991465052708726 ], [ -78.891447154019446, 35.991459807995376 ], [ -78.891447295243864, 35.991459460009246 ], [ -78.891447877544778, 35.991458323312621 ], [ -78.891452010803633, 35.991449392697383 ], [ -78.891452558467265, 35.991448071914704 ], [ -78.89145278365018, 35.991447629695465 ], [ -78.891457079104711, 35.991438239827794 ], [ -78.891457117428914, 35.991438145664027 ], [ -78.891457311271566, 35.991437757205006 ], [ -78.891457887600495, 35.99143658685113 ], [ -78.891458123896243, 35.991436100578383 ], [ -78.891460646974878, 35.991430562373161 ], [ -78.891461431353449, 35.99142871988056 ], [ -78.891462006923831, 35.991427535378463 ], [ -78.891463296860834, 35.991424939697573 ], [ -78.891464059604331, 35.991423449692689 ], [ -78.891468450312203, 35.991413884836909 ], [ -78.891468480055636, 35.991413811900557 ], [ -78.891469246572214, 35.991412306185623 ], [ -78.89146924312584, 35.991412305028796 ], [ -78.891470281441556, 35.991410280244871 ], [ -78.891470849666533, 35.99140912820684 ], [ -78.891471718483572, 35.991407387156933 ], [ -78.891472294778282, 35.991406216802929 ], [ -78.891472531073845, 35.991405730530154 ], [ -78.891475054150533, 35.991400192324576 ], [ -78.891475838392779, 35.991398350188867 ], [ -78.89147608323043, 35.991397846259851 ], [ -78.891477731233437, 35.991394629229724 ], [ -78.891478644877878, 35.99139280921316 ], [ -78.891479478952249, 35.991391113019837 ], [ -78.891480256706174, 35.991389570915828 ], [ -78.891480720141061, 35.991388670335965 ], [ -78.891481143392468, 35.991387864028063 ], [ -78.891482308333394, 35.991385588354639 ], [ -78.891482734962906, 35.991384733398739 ], [ -78.891483311291054, 35.991383563072176 ], [ -78.891484280607585, 35.991381568142678 ], [ -78.891484226241872, 35.991381550705299 ], [ -78.891485406904636, 35.991378895397524 ], [ -78.891485435016733, 35.99137890437801 ], [ -78.89148983318313, 35.991369822219653 ], [ -78.891489862194319, 35.991369765902533 ], [ -78.891490382563688, 35.991368706865913 ], [ -78.891491216028072, 35.991367036577024 ], [ -78.89149179849818, 35.991365898781467 ], [ -78.891491855534937, 35.991365790102179 ], [ -78.891493519010155, 35.991362503858781 ], [ -78.891494143283182, 35.991361223773445 ], [ -78.891494804582564, 35.991359884493654 ], [ -78.89149633952286, 35.991356911277194 ], [ -78.891496337461803, 35.991356910588593 ], [ -78.891496818022674, 35.991355993651176 ], [ -78.891498874556973, 35.991351955382967 ], [ -78.891498872124274, 35.991351954556691 ], [ -78.891499922504295, 35.99134990602083 ], [ -78.89150050757317, 35.991348720812688 ], [ -78.891501561721824, 35.991346609673926 ], [ -78.891502654481599, 35.991344442281509 ], [ -78.891504226944434, 35.991341392399399 ], [ -78.891505012298396, 35.991339878926695 ], [ -78.891505904488014, 35.991338125864971 ], [ -78.891506577495633, 35.991336777090581 ], [ -78.891506925632598, 35.991336073924181 ], [ -78.891507552977728, 35.991334796478675 ], [ -78.89150809226895, 35.991333742952968 ], [ -78.89150906431567, 35.991332104873045 ], [ -78.891512905151899, 35.991325144512992 ], [ -78.891513851218974, 35.991323294087131 ], [ -78.891514051101183, 35.991322913545019 ], [ -78.891514871339794, 35.991321324475713 ], [ -78.891516668173651, 35.991317781332356 ], [ -78.891517763396863, 35.991315666741109 ], [ -78.891518932207859, 35.991313352089435 ], [ -78.89151941332274, 35.991312424988166 ], [ -78.891520307714586, 35.99131066772523 ], [ -78.891520875140699, 35.991309530547973 ], [ -78.891521196166821, 35.99130890320469 ], [ -78.891521827669393, 35.991307851930991 ], [ -78.891526112967142, 35.991300121597803 ], [ -78.891527425489613, 35.991297544259282 ], [ -78.891528077645845, 35.99129629175183 ], [ -78.891528695915909, 35.991295075887997 ], [ -78.891530477269527, 35.991292008389827 ], [ -78.891533836906362, 35.991285834314255 ], [ -78.891535098019133, 35.991283353682604 ], [ -78.891535352938106, 35.991282868387685 ], [ -78.891536549700547, 35.991280530602666 ], [ -78.891537029204926, 35.991279569106275 ], [ -78.891537395922967, 35.991278848292453 ], [ -78.891539228689453, 35.991275630573803 ], [ -78.891542878376058, 35.991270421479683 ], [ -78.891549088524144, 35.991263439596977 ], [ -78.891549166645078, 35.991263362582899 ], [ -78.891552458979959, 35.991260405348122 ], [ -78.891559230963026, 35.991255563757022 ], [ -78.891559947592285, 35.991255132577606 ], [ -78.891561198436676, 35.991254405598454 ], [ -78.891564121879028, 35.991252780678288 ], [ -78.891564228096428, 35.991252724237384 ], [ -78.891565518869882, 35.991252066932418 ], [ -78.891573704471256, 35.991248600608984 ], [ -78.891580915604095, 35.991246362332269 ], [ -78.891581646450248, 35.991246167937319 ], [ -78.891581601001647, 35.991246055073852 ], [ -78.89159239714489, 35.991243089773484 ], [ -78.891607946219253, 35.991237339675891 ], [ -78.891622701614168, 35.991230343367469 ], [ -78.891636512606908, 35.991222172304134 ], [ -78.891649238092668, 35.991212909955017 ], [ -78.8916607480392, 35.991202650979858 ], [ -78.891670924874177, 35.991191500186197 ], [ -78.891679664669667, 35.991179571459114 ], [ -78.891686878056291, 35.991166986690587 ], [ -78.891692491408108, 35.991153874434538 ], [ -78.891696447385073, 35.991140368671005 ], [ -78.891698705509597, 35.991126607350736 ], [ -78.891699242776752, 35.991112731104636 ], [ -78.891698053656341, 35.991098881622875 ], [ -78.891695150297267, 35.991085200473918 ], [ -78.891690562428451, 35.991071827346232 ], [ -78.891690024318521, 35.991070518565863 ], [ -78.891688461790011, 35.991065171034357 ], [ -78.891688434837192, 35.991065053984286 ], [ -78.891688243821321, 35.991064194496609 ], [ -78.891688150098645, 35.991063756856462 ], [ -78.89168739353677, 35.991059036843914 ], [ -78.8916871899482, 35.991055154580813 ], [ -78.891687454107512, 35.991050353692344 ], [ -78.891687493126454, 35.991049993500553 ], [ -78.891687657981691, 35.991048584854816 ], [ -78.891688464875998, 35.991043863261687 ], [ -78.891689410032726, 35.991040469791066 ], [ -78.89169161120688, 35.991034985357601 ], [ -78.891692040448063, 35.991034095597506 ], [ -78.891692132642831, 35.99103390882194 ], [ -78.891694585489972, 35.991029499302009 ], [ -78.891697482087622, 35.991025301811533 ], [ -78.891697806350621, 35.991024829791243 ], [ -78.891698953373009, 35.991023152196753 ], [ -78.891699088233267, 35.991022960788975 ], [ -78.891701717016147, 35.991019035545129 ], [ -78.891706719606859, 35.991011813668436 ], [ -78.891706681703255, 35.991011796328124 ], [ -78.891710448832157, 35.991006486596696 ], [ -78.891712271201229, 35.991003651700836 ], [ -78.891712543750998, 35.991003276387296 ], [ -78.891714252781597, 35.991000867465161 ], [ -78.891720980933883, 35.990991158140872 ], [ -78.891722410424791, 35.990989194384525 ], [ -78.891722368164594, 35.99098917407354 ], [ -78.891724823765671, 35.990985631977601 ], [ -78.891724836704185, 35.99098563795026 ], [ -78.891730150494467, 35.990978052990286 ], [ -78.891732831879835, 35.990974373574801 ], [ -78.891732829886763, 35.990974372611561 ], [ -78.891733223998045, 35.990973841370796 ], [ -78.891734093060293, 35.990972640342598 ], [ -78.891735444349251, 35.990970738243988 ], [ -78.891741519640661, 35.990962026386363 ], [ -78.891742375455095, 35.990960797793022 ], [ -78.891743166002684, 35.990959715424538 ], [ -78.891744121287118, 35.990958445328324 ], [ -78.891744734542712, 35.990957636852755 ], [ -78.891746359917079, 35.990955448777221 ], [ -78.891748444501147, 35.990952582549085 ], [ -78.891749594637972, 35.990951025966275 ], [ -78.891751754953219, 35.990948049344524 ], [ -78.891752587448991, 35.99094694250909 ], [ -78.891753200704414, 35.990946134033457 ], [ -78.891754618281411, 35.990944230867065 ], [ -78.891756910368727, 35.990941096596394 ], [ -78.891757637603007, 35.990940140263319 ], [ -78.891758023200254, 35.990939630771884 ], [ -78.891758333489079, 35.990939218735576 ], [ -78.891759511961851, 35.990937629871979 ], [ -78.891762062342963, 35.990934138240931 ], [ -78.891762619821236, 35.990933406964103 ], [ -78.891763202737749, 35.990932636728566 ], [ -78.891763888064816, 35.990931724421685 ], [ -78.891765300586954, 35.990929809273332 ], [ -78.891766048340585, 35.990928776451831 ], [ -78.89176662441308, 35.990927992776911 ], [ -78.891767850214237, 35.99092635005718 ], [ -78.891769533966993, 35.990924110058025 ], [ -78.891770113494857, 35.99092334594549 ], [ -78.891771725491395, 35.990921175988561 ], [ -78.891773744712694, 35.990918400246237 ], [ -78.891774575919158, 35.990917296541149 ], [ -78.89177611385854, 35.990915273872659 ], [ -78.891776852313299, 35.990914293539774 ], [ -78.891777270666282, 35.990913732926444 ], [ -78.891778937676833, 35.990911449425845 ], [ -78.891779112224839, 35.990911204979284 ], [ -78.891780616364628, 35.990909179698512 ], [ -78.891781032389943, 35.990908640702735 ], [ -78.891782034550047, 35.990907325979961 ], [ -78.891783106693907, 35.990905901655225 ], [ -78.891783498690373, 35.990905384120438 ], [ -78.891784977057426, 35.990903394995989 ], [ -78.891787472617239, 35.990899972130485 ], [ -78.891788310816679, 35.990898871288493 ], [ -78.891789736056992, 35.990896999500229 ], [ -78.891790269262899, 35.990896294463994 ], [ -78.891791053402599, 35.990895250603756 ], [ -78.891791325603791, 35.990894933006146 ], [ -78.891797950045316, 35.990886573781893 ], [ -78.891798047102483, 35.990886440990955 ], [ -78.89179885959814, 35.990885375261421 ], [ -78.89179895898468, 35.990885244725177 ], [ -78.891800378166309, 35.990883378508009 ], [ -78.891800826091981, 35.990882796053931 ], [ -78.891801227280482, 35.990882280093047 ], [ -78.891802693994833, 35.990880359003555 ], [ -78.891804577040773, 35.990877846723677 ], [ -78.891805135996037, 35.990877122562928 ], [ -78.89180582912779, 35.990876212377984 ], [ -78.891808726918072, 35.990872629492955 ], [ -78.89181121334525, 35.990869461604063 ], [ -78.891812833734193, 35.990867333492218 ], [ -78.891813640439025, 35.990866275339449 ], [ -78.891814895860222, 35.990864801152156 ], [ -78.891819646918691, 35.990858904437907 ], [ -78.891820441637989, 35.990857860559366 ], [ -78.891821117679513, 35.990856990082143 ], [ -78.891822398249118, 35.990855314692446 ], [ -78.891822978935878, 35.990854542669027 ], [ -78.891824146504419, 35.99085316831561 ], [ -78.891828619334191, 35.990847621526633 ], [ -78.891829877553747, 35.990845975868069 ], [ -78.891831220513936, 35.990844408137164 ], [ -78.891836716363841, 35.990837567081513 ], [ -78.891837246255562, 35.990836862564073 ], [ -78.891838307300958, 35.990835621597483 ], [ -78.891843718137466, 35.990828879911028 ], [ -78.891844388663003, 35.990827988413514 ], [ -78.891845630055187, 35.990826539184553 ], [ -78.89184747444213, 35.990824243340718 ], [ -78.891849546575457, 35.990821884625205 ], [ -78.891854713481393, 35.990815577092697 ], [ -78.891856359145677, 35.990813655913712 ], [ -78.891861083906107, 35.990807829912121 ], [ -78.891861231646175, 35.990807637251869 ], [ -78.891862740876604, 35.990805871300168 ], [ -78.891866068577272, 35.990801826375971 ], [ -78.891867428571572, 35.990800108146466 ], [ -78.891870821674274, 35.990796269449426 ], [ -78.891875717271731, 35.990790418572445 ], [ -78.89187669742293, 35.990789179704095 ], [ -78.891880789109422, 35.9907845477425 ], [ -78.891883901423014, 35.990780901615047 ], [ -78.891884040815881, 35.990780732544899 ], [ -78.891884218465719, 35.990780544086704 ], [ -78.891887177086488, 35.990777067840739 ], [ -78.891888991157856, 35.990774892237177 ], [ -78.891891746857993, 35.990771518250632 ], [ -78.891898104863259, 35.990764331107016 ], [ -78.891899400860382, 35.990762744323881 ], [ -78.89190326061545, 35.990758395518938 ], [ -78.891903291926269, 35.990758413732401 ], [ -78.891907123928291, 35.990754065314846 ], [ -78.891910246522215, 35.990750389005235 ], [ -78.891911564002214, 35.990749015442894 ], [ -78.891916953506907, 35.990743073907574 ], [ -78.891918101047366, 35.990741734918053 ], [ -78.891920590379144, 35.990738739272132 ], [ -78.891923874611933, 35.990734990993928 ], [ -78.891924869713847, 35.990733895097193 ], [ -78.891927164619261, 35.990731297250569 ], [ -78.891927567171507, 35.990730872384077 ], [ -78.891927488983541, 35.99073082344411 ], [ -78.891930704278678, 35.990727564389616 ], [ -78.891931285040783, 35.990726911314852 ], [ -78.891932174257846, 35.990725901747936 ], [ -78.89193709840356, 35.990720257529965 ], [ -78.891938388763933, 35.990718840072255 ], [ -78.891940005925633, 35.990717021965295 ], [ -78.89194042375189, 35.990716550136945 ], [ -78.891944100559954, 35.990712379345339 ], [ -78.891944898036542, 35.990711520704885 ], [ -78.891944806742572, 35.990711464693312 ], [ -78.891949651887145, 35.990706402624006 ], [ -78.89195076953591, 35.990705221757921 ], [ -78.891958093218577, 35.990697396546096 ], [ -78.891960959357718, 35.990694241653905 ], [ -78.891962580196392, 35.990692403193904 ], [ -78.891962474549828, 35.990692513725946 ], [ -78.891967865754424, 35.990686761217255 ], [ -78.891970261187566, 35.990684339382625 ], [ -78.891976060606964, 35.990678122481221 ], [ -78.891977687173849, 35.990676271911404 ], [ -78.89198192215251, 35.990671831710216 ], [ -78.891982276831442, 35.990671488527234 ], [ -78.891983000919097, 35.990670783054526 ], [ -78.891983273863275, 35.990670515316907 ], [ -78.891989997515253, 35.990663466148426 ], [ -78.891991630479083, 35.99066163423683 ], [ -78.89199460134266, 35.990658676870027 ], [ -78.891999392251961, 35.990653495499366 ], [ -78.892002058824318, 35.990650839659089 ], [ -78.892005204829999, 35.990647419781311 ], [ -78.892006381088734, 35.990646265970447 ], [ -78.892007505206251, 35.990645175598814 ], [ -78.892013070077482, 35.990639477826342 ], [ -78.892015750021457, 35.990636579429172 ], [ -78.892016479564319, 35.990635863824323 ], [ -78.892018680068816, 35.990633733887364 ], [ -78.892019389432505, 35.990633042686312 ], [ -78.892019459767027, 35.990632973686544 ], [ -78.892019612858249, 35.990632823308587 ], [ -78.892020221094981, 35.990632224952321 ], [ -78.892025435469066, 35.990626826082902 ], [ -78.892027551974692, 35.990624518224664 ], [ -78.892028834896863, 35.990623276436025 ], [ -78.892029544260367, 35.99062258523491 ], [ -78.892030865249012, 35.990621289472024 ], [ -78.892033065752742, 35.990619159534802 ], [ -78.89203377511619, 35.990618468333665 ], [ -78.89203520214798, 35.990617068549597 ], [ -78.892035976054757, 35.990616316447486 ], [ -78.892041440972548, 35.990610715722546 ], [ -78.892042306189623, 35.990609779975443 ], [ -78.892042793749894, 35.990609308098492 ], [ -78.892044205956068, 35.990607923025635 ], [ -78.892045219798774, 35.990606915271186 ], [ -78.892045994898027, 35.990606156027603 ], [ -78.892047308073899, 35.990604888360416 ], [ -78.89204816057412, 35.990604058804692 ], [ -78.892049481562196, 35.990602763014138 ], [ -78.892051682064888, 35.990600633104002 ], [ -78.89205239142801, 35.990599941902765 ], [ -78.892053712415958, 35.990598646112154 ], [ -78.892055912918423, 35.990596516201975 ], [ -78.892056622281473, 35.990595825000668 ], [ -78.892057943269279, 35.990594529210043 ], [ -78.892060143771516, 35.990592399299764 ], [ -78.892060853134495, 35.990591708098457 ], [ -78.892062178589981, 35.99059040794382 ], [ -78.89206423192752, 35.990588420120496 ], [ -78.892070231365267, 35.990582262865757 ], [ -78.892071191443719, 35.990581217455855 ], [ -78.892072646137862, 35.990579807943604 ], [ -78.892074391261673, 35.990578123126923 ], [ -78.892075238582819, 35.990577298566137 ], [ -78.892076549415847, 35.990576012765722 ], [ -78.892078200112536, 35.990574415607739 ], [ -78.892080913805003, 35.99057188290459 ], [ -78.892080895028457, 35.990571869619529 ], [ -78.892084195769513, 35.990568758347528 ], [ -78.892085908715487, 35.990567071387012 ], [ -78.892086783612442, 35.990566226796695 ], [ -78.892090628090827, 35.990562822120751 ], [ -78.892095599704149, 35.990558217218599 ], [ -78.892098280490941, 35.990555619544672 ], [ -78.892098886349771, 35.990555029070059 ], [ -78.892099105239012, 35.990554814550528 ], [ -78.892101658989091, 35.990552448673995 ], [ -78.892104064972131, 35.990550169914542 ], [ -78.892106705174001, 35.990547613301089 ], [ -78.892107391791342, 35.99054694408364 ], [ -78.892107740179895, 35.990546602378146 ], [ -78.892110522372434, 35.990544005974748 ], [ -78.89211252651539, 35.990542100877057 ], [ -78.892115166615241, 35.990539544318274 ], [ -78.892115853300041, 35.990538875100818 ], [ -78.89211620165473, 35.990538533395295 ], [ -78.892118552560262, 35.990536339472136 ], [ -78.892119157872102, 35.99053582921205 ], [ -78.89212537818679, 35.990530290492941 ], [ -78.89212594736334, 35.990529755010108 ], [ -78.89212789077132, 35.990527893564781 ], [ -78.892128800879746, 35.990527005958285 ], [ -78.892129553759489, 35.990526279137733 ], [ -78.892132523560321, 35.990523527633719 ], [ -78.892136015382775, 35.990520291041761 ], [ -78.89213702270537, 35.990519430442561 ], [ -78.892142027359071, 35.990514961960841 ], [ -78.892143444345763, 35.990513639497294 ], [ -78.892143887333916, 35.990513232384508 ], [ -78.892146663847882, 35.990510634024794 ], [ -78.892149447509198, 35.990508251895122 ], [ -78.892153983048473, 35.990504212451867 ], [ -78.892154638179591, 35.990503605125838 ], [ -78.892154802597659, 35.990503477476196 ], [ -78.89215691257651, 35.990501672300617 ], [ -78.892161835501014, 35.990497273714354 ], [ -78.89216515809251, 35.990494172733499 ], [ -78.892165443872386, 35.990493911077827 ], [ -78.89216891532665, 35.990490686718935 ], [ -78.89217081300049, 35.990489076042223 ], [ -78.892176656051674, 35.990483854359169 ], [ -78.89217748363653, 35.990483075491852 ], [ -78.892180501217496, 35.990480511270739 ], [ -78.892183085427533, 35.990478265522263 ], [ -78.892183960232842, 35.990477488015188 ], [ -78.892184059018476, 35.990477401568917 ], [ -78.892187105904, 35.990474661751776 ], [ -78.892187805672762, 35.990474015236479 ], [ -78.892189359506332, 35.990472782750594 ], [ -78.892196144301082, 35.990467027917589 ], [ -78.892196697917512, 35.990466601068235 ], [ -78.892199962874372, 35.990463827763854 ], [ -78.892200432388165, 35.99046342732224 ], [ -78.892201789124627, 35.990462265592242 ], [ -78.892203180925449, 35.990461019749681 ], [ -78.892203885292858, 35.990460473150115 ], [ -78.892209359844543, 35.990455791768341 ], [ -78.892212554040498, 35.990452798990788 ], [ -78.892217357383359, 35.990448690307417 ], [ -78.892218059038271, 35.990448073846792 ], [ -78.892219305246343, 35.990447058741367 ], [ -78.892225871646914, 35.990441398131587 ], [ -78.892226002318409, 35.990441278885633 ], [ -78.892228652751868, 35.990439104206949 ], [ -78.892231653850658, 35.990436578017267 ], [ -78.892294239894383, 35.990382530160794 ], [ -78.892297967431119, 35.990379505820073 ], [ -78.892299043552441, 35.990378685525094 ], [ -78.892306550306117, 35.990373677350689 ], [ -78.89231504827049, 35.990369670074323 ], [ -78.892321171869455, 35.990367459391699 ], [ -78.892322143922058, 35.990367163397586 ], [ -78.892331001933755, 35.990365093908089 ], [ -78.892332811516496, 35.990364796674228 ], [ -78.89233364755323, 35.990364673407292 ], [ -78.892336980819479, 35.990364253457585 ], [ -78.892341127205171, 35.990363937487722 ], [ -78.892345078995419, 35.990363844630018 ], [ -78.892345361247294, 35.990363844878765 ], [ -78.892348278073911, 35.990363899314552 ], [ -78.892355421624259, 35.990364431238959 ], [ -78.892359120141222, 35.990364913536489 ], [ -78.892375272954595, 35.990366376696869 ], [ -78.892391524033656, 35.990366572185167 ], [ -78.892407723059534, 35.990365498220726 ], [ -78.892423720238654, 35.990363164753447 ], [ -78.892439367688709, 35.990359593300319 ], [ -78.892454520655846, 35.990354816918909 ], [ -78.892469039036129, 35.990348879796663 ], [ -78.89248278855942, 35.990341836812483 ], [ -78.892495642108216, 35.99033375309822 ], [ -78.892507480800191, 35.990324703407836 ], [ -78.892518195172201, 35.990314771431706 ], [ -78.892527686127892, 35.990304049000649 ], [ -78.892535865885122, 35.990292635290245 ], [ -78.892542658856172, 35.990280635860039 ], [ -78.892548002189912, 35.990268161637573 ], [ -78.89255184648286, 35.990255327985025 ], [ -78.892552438202799, 35.990252836863512 ], [ -78.892554775326801, 35.990250011170311 ], [ -78.892752040848364, 35.990035561267653 ], [ -78.8927546225068, 35.990033025466218 ], [ -78.892761615918474, 35.990033629923282 ], [ -78.892763966655664, 35.99003392881059 ], [ -78.892780599724333, 35.990034694549749 ], [ -78.892797244741189, 35.990034125758577 ], [ -78.892813739986835, 35.990032227954238 ], [ -78.892829925211998, 35.990029019594012 ], [ -78.892845643125241, 35.990024531829391 ], [ -78.892860741015809, 35.990018808260416 ], [ -78.892875072207801, 35.99001190449718 ], [ -78.892888497412969, 35.990003887639212 ], [ -78.892900886218953, 35.989994835589982 ], [ -78.892912118239607, 35.989984836261115 ], [ -78.893090407522337, 35.989809485200588 ], [ -78.893093403390253, 35.989806838002508 ], [ -78.893097474733082, 35.989805427855813 ], [ -78.893330749558885, 35.98973626006417 ], [ -78.893334585821151, 35.989735292838127 ], [ -78.893339601760474, 35.989739305778876 ], [ -78.893340508969445, 35.98974010869528 ], [ -78.893352467176229, 35.989748854238641 ], [ -78.893365394320782, 35.989756636176637 ], [ -78.893379173336939, 35.989763383998707 ], [ -78.893393679371442, 35.989769036582679 ], [ -78.893408780966311, 35.989773542717622 ], [ -78.893424341342808, 35.989776861544534 ], [ -78.8934402194825, 35.989778963024392 ], [ -78.89345627158059, 35.989779828104126 ], [ -78.893472352127262, 35.989779448937455 ], [ -78.893488315496427, 35.989777828996104 ], [ -78.893504017027453, 35.989774982933334 ], [ -78.89351348402846, 35.98977247877626 ], [ -78.893513508420384, 35.989772540167635 ], [ -78.893729904416006, 35.989715793957387 ], [ -78.89374769479592, 35.989711138273648 ], [ -78.893883452453224, 35.989675543999475 ], [ -78.893883957230074, 35.989675410929195 ], [ -78.893885325350936, 35.989675048374878 ], [ -78.893986562422484, 35.98964849036647 ], [ -78.894024303033532, 35.989638605526196 ], [ -78.89415693419464, 35.989603816292679 ], [ -78.894167403885803, 35.989600757353692 ], [ -78.894332589869833, 35.989547442553459 ], [ -78.894505874790994, 35.989491498383927 ], [ -78.894522182772022, 35.989485399713722 ], [ -78.894537602799375, 35.989477929693976 ], [ -78.894551960917184, 35.989469172620609 ], [ -78.894565095150639, 35.989459227304494 ], [ -78.8945768572991, 35.989448205891904 ], [ -78.894587114695213, 35.989436232767069 ], [ -78.894587891449504, 35.989435214732119 ], [ -78.894591610884405, 35.989433842059256 ], [ -78.89478121333255, 35.989372804507411 ], [ -78.894781689570422, 35.989372650503427 ], [ -78.894906928765167, 35.989331975273757 ], [ -78.895033781250135, 35.989290699934891 ], [ -78.895149606266344, 35.989253025698076 ], [ -78.895228615333082, 35.989227320738799 ], [ -78.895242336816665, 35.989222873916788 ], [ -78.895256718494849, 35.989216860551352 ], [ -78.895270327042326, 35.989209757517798 ], [ -78.895283037847122, 35.989201629870657 ], [ -78.895294734532982, 35.989192552039128 ], [ -78.895305309974276, 35.989182607141224 ], [ -78.895314667311126, 35.989171886270256 ], [ -78.895322720863106, 35.989160487589245 ], [ -78.895329396907897, 35.989148515452356 ], [ -78.895334634256997, 35.989136079553838 ], [ -78.895338385000827, 35.989123293747376 ], [ -78.895340614746644, 35.98911027511231 ], [ -78.895341303126798, 35.989097142855243 ], [ -78.895340443800194, 35.989084017293507 ], [ -78.895338044622846, 35.98907101856431 ], [ -78.895334759969018, 35.989057626763561 ], [ -78.895334172786875, 35.989054426361157 ], [ -78.895337568946573, 35.989052737417495 ], [ -78.895590478376064, 35.988940342419077 ], [ -78.895591578274519, 35.988939862150517 ], [ -78.895703867514982, 35.988891697296161 ], [ -78.895708070404552, 35.988889832200357 ], [ -78.895823807774747, 35.988836727933965 ], [ -78.895827548696502, 35.988834959769612 ], [ -78.895947446876534, 35.988776606788569 ], [ -78.895950877049913, 35.988774891924059 ], [ -78.896071889833635, 35.988712765589028 ], [ -78.896076205003126, 35.988710474693711 ], [ -78.89625234273494, 35.988613817727199 ], [ -78.896257503245366, 35.988610870438038 ], [ -78.896437579409678, 35.98850389001958 ], [ -78.8964409572053, 35.988501830198828 ], [ -78.896463358835817, 35.988487810566888 ], [ -78.896469139208918, 35.988484505490341 ], [ -78.896471892192437, 35.988483196222688 ], [ -78.896474766218816, 35.98848207254148 ], [ -78.89647796376309, 35.988481080363165 ], [ -78.896481173328681, 35.988480334691893 ], [ -78.896484394694198, 35.988479823687491 ], [ -78.896487760523115, 35.988479527903039 ], [ -78.896490995072426, 35.988479463889625 ], [ -78.896494217854084, 35.988479614222065 ], [ -78.896497560264152, 35.988479998900665 ], [ -78.896500780811522, 35.988480599809762 ], [ -78.896503954858872, 35.988481429045443 ], [ -78.896507044352731, 35.988482480834065 ], [ -78.896509915543589, 35.988483698994088 ], [ -78.896512689455193, 35.988485126043244 ], [ -78.896515363640205, 35.988486772610678 ], [ -78.896517872155741, 35.988488608807117 ], [ -78.896520081936316, 35.988490519471441 ], [ -78.896522092614276, 35.988492569437113 ], [ -78.896523973125781, 35.988494853097819 ], [ -78.896525568100671, 35.988497199040502 ], [ -78.896528401983588, 35.988502363866459 ], [ -78.896817972963817, 35.989097441303365 ], [ -78.896824722791905, 35.989109560596802 ], [ -78.896832883564727, 35.989121092406428 ], [ -78.896842378724017, 35.98913192851419 ], [ -78.896853119196123, 35.989141967311902 ], [ -78.896865004269699, 35.989151114653666 ], [ -78.896877922405992, 35.989159284680674 ], [ -78.896891752454408, 35.989166400783752 ], [ -78.896906364733439, 35.989172396208623 ], [ -78.896921622077699, 35.989177214743556 ], [ -78.896937381459892, 35.989180811132833 ], [ -78.896953495004126, 35.989183151682077 ], [ -78.89696981160823, 35.989184214451726 ], [ -78.896986178160418, 35.989183989423033 ], [ -78.897002441161504, 35.989182478746635 ], [ -78.897018448077318, 35.98917969657888 ], [ -78.897034048758385, 35.989175669028043 ], [ -78.89704909686013, 35.989170433853388 ], [ -78.89706345119528, 35.989164040191547 ], [ -78.897076977188149, 35.989156547980848 ], [ -78.89708954788928, 35.989148027495197 ], [ -78.897101045429821, 35.989138558713442 ], [ -78.897111361969138, 35.989128230413527 ], [ -78.89712040067586, 35.989117139459218 ], [ -78.897128076844652, 35.989105389921832 ], [ -78.897134318404483, 35.989093092009298 ], [ -78.897139066832509, 35.989080361078067 ], [ -78.897142277628788, 35.989067316534495 ], [ -78.89714392062173, 35.989054080736459 ], [ -78.897143980409041, 35.989040777867189 ], [ -78.897134442450053, 35.988867836461644 ], [ -78.897134452807364, 35.988864644290295 ], [ -78.897137162687827, 35.988862333545285 ], [ -78.897340516816698, 35.9887046246089 ], [ -78.897343508908392, 35.988702518590188 ], [ -78.897347230157223, 35.988703615116648 ], [ -78.898436119351175, 35.989073694735758 ], [ -78.898495518146504, 35.989093880319196 ], [ -78.898513017395118, 35.989099827651621 ], [ -78.898709801070538, 35.989166719309154 ], [ -78.899491041631848, 35.989432266311347 ], [ -78.899713293313397, 35.989507799849548 ], [ -78.900239986647748, 35.989686857322283 ], [ -78.900252464553276, 35.989691098615097 ], [ -78.900609587826736, 35.989812470414556 ], [ -78.900691749958156, 35.989840405030698 ], [ -78.900695528240234, 35.989841876204657 ], [ -78.900697220951102, 35.989844990698138 ], [ -78.900793696653679, 35.990049956537561 ], [ -78.90080050564886, 35.990062505876708 ], [ -78.900808820696156, 35.990074440814595 ], [ -78.900818558855732, 35.99008564233435 ], [ -78.900829623082871, 35.990095998742476 ], [ -78.900841903004107, 35.9901054067956 ], [ -78.900855276200446, 35.990113772690648 ], [ -78.900869609355553, 35.990121012999651 ], [ -78.900884759505303, 35.990127055550083 ], [ -78.900900575659577, 35.990131840085191 ], [ -78.900916900119768, 35.990135318897181 ], [ -78.900933570067011, 35.990137457322803 ], [ -78.900950419353265, 35.990138234019639 ], [ -78.900967279920891, 35.990137641214439 ], [ -78.90098398369534, 35.990135684896963 ], [ -78.901000364140529, 35.990132384491645 ], [ -78.901016257915074, 35.990127772941221 ], [ -78.901031506529279, 35.990121896241206 ], [ -78.901045958002086, 35.990114812946643 ], [ -78.901059468179909, 35.990106593733628 ], [ -78.901071902427887, 35.990097320494215 ], [ -78.901083136712387, 35.990087085732824 ], [ -78.901093059055796, 35.990075991468586 ], [ -78.901101570484101, 35.990064148329594 ], [ -78.901131020302856, 35.990018026947396 ], [ -78.901135324608461, 35.990012045419313 ], [ -78.901137254557682, 35.990009649784433 ], [ -78.901139146631195, 35.990007488528448 ], [ -78.901141238661822, 35.990005452646784 ], [ -78.901144249932443, 35.990002742685327 ], [ -78.901146545570967, 35.990000831961176 ], [ -78.901149017270541, 35.989999072304784 ], [ -78.901152440877098, 35.989996820342718 ], [ -78.901155125437015, 35.98999519354313 ], [ -78.901157960368607, 35.989993744986734 ], [ -78.901161790930345, 35.989991956074292 ], [ -78.901164675823722, 35.989990726693897 ], [ -78.901167668895425, 35.98998968195076 ], [ -78.901171852542262, 35.989988374724462 ], [ -78.901175006605044, 35.989987503755223 ], [ -78.901178235458133, 35.9899868378346 ], [ -78.901182550007661, 35.989986094033007 ], [ -78.901185771058323, 35.989985643945069 ], [ -78.901189025323461, 35.989985397938064 ], [ -78.901193513218558, 35.989985200810743 ], [ -78.901196805326776, 35.989985160811287 ], [ -78.901200091196174, 35.989985329668279 ], [ -78.90120447547379, 35.989985695034171 ], [ -78.901207769397956, 35.989986076769824 ], [ -78.90121101604592, 35.989986668345161 ], [ -78.901212987359045, 35.989987094585253 ], [ -78.901223775970635, 35.989990074017726 ], [ -78.901967259739692, 35.990242062799283 ], [ -78.902180598074565, 35.990314371281073 ], [ -78.902355318471422, 35.990373600596939 ], [ -78.902711543695716, 35.990494330944514 ], [ -78.902718000942812, 35.99049678421482 ], [ -78.902721700961592, 35.990498347812917 ], [ -78.902724727645037, 35.990499759125235 ], [ -78.90272760035441, 35.990501369012136 ], [ -78.90273100975152, 35.990503453941713 ], [ -78.902733663131912, 35.99050521828773 ], [ -78.902736131373544, 35.990507152009449 ], [ -78.902739013550175, 35.990509601387998 ], [ -78.902741370654738, 35.990511782479288 ], [ -78.902743492137418, 35.99051411790694 ], [ -78.902745853546918, 35.990516962232427 ], [ -78.902747644514108, 35.990519319675784 ], [ -78.902749195282027, 35.990521786976473 ], [ -78.902751008796329, 35.990524985268166 ], [ -78.902752322796047, 35.990527576466526 ], [ -78.902753371856704, 35.990530246268079 ], [ -78.902754470753379, 35.990533496075685 ], [ -78.902755270496087, 35.990536325147517 ], [ -78.902755772686945, 35.990539199089731 ], [ -78.902756184956218, 35.990542583068176 ], [ -78.902756383905214, 35.990545370894807 ], [ -78.902756302895298, 35.99054816259175 ], [ -78.902756027406284, 35.990551637253652 ], [ -78.9027556615561, 35.990554444189947 ], [ -78.902755012648981, 35.990557217111657 ], [ -78.902754107870592, 35.990560369752707 ], [ -78.902753186095111, 35.990563040897094 ], [ -78.902749483146422, 35.990576243090914 ], [ -78.902747397750218, 35.990589677438138 ], [ -78.902746950177303, 35.990603213358177 ], [ -78.902748144744763, 35.990616719351117 ], [ -78.902750969882177, 35.990630064096607 ], [ -78.902755398129727, 35.990643117937331 ], [ -78.902761386407334, 35.99065575400553 ], [ -78.902768876587643, 35.990667849487082 ], [ -78.902777795798798, 35.990679286830542 ], [ -78.90278805740337, 35.990689954901633 ], [ -78.902799561706857, 35.990699749972904 ], [ -78.902812196835328, 35.990708576905583 ], [ -78.902825840018792, 35.990716349892246 ], [ -78.902840358671995, 35.990722993392026 ], [ -78.902855611711743, 35.990728442845551 ], [ -78.902871450840777, 35.990732645253082 ], [ -78.902887722203317, 35.990735559835116 ], [ -78.902904267601841, 35.990737158198165 ], [ -78.902920926254197, 35.990737424858068 ], [ -78.902937536281016, 35.990736357213727 ], [ -78.902953936226794, 35.990733965630831 ], [ -78.902969966716299, 35.990730273360626 ], [ -78.902985471976109, 35.990725316293926 ], [ -78.902992635382958, 35.990722687795056 ], [ -78.902996669343878, 35.990721590210761 ], [ -78.903235850259975, 35.990667261785077 ], [ -78.90323964437485, 35.990666566451942 ], [ -78.903243364641156, 35.990667666093529 ], [ -78.904241761269191, 35.991007259204025 ], [ -78.904242398671727, 35.991007474773589 ], [ -78.904358832717094, 35.991046624300878 ], [ -78.904360369268161, 35.991047133771104 ], [ -78.904476819409354, 35.991085204661616 ], [ -78.904478370981579, 35.991085704692104 ], [ -78.904595258339839, 35.991122832678947 ], [ -78.904596801753101, 35.991123315889332 ], [ -78.904714173687481, 35.991159525677183 ], [ -78.904715704987751, 35.991159991212797 ], [ -78.90483348849277, 35.99119527227694 ], [ -78.904835090366987, 35.991195744678834 ], [ -78.904953282145726, 35.99123005193573 ], [ -78.90495481020362, 35.991230488786151 ], [ -78.905073802816034, 35.991263986815916 ], [ -78.905074615241674, 35.991264213642886 ], [ -78.905304084658923, 35.991327752319172 ], [ -78.905307694991535, 35.991328907083869 ], [ -78.905310002455522, 35.99133144193933 ], [ -78.905383312377396, 35.991420354531094 ], [ -78.905385377829703, 35.991423137260085 ], [ -78.905387846664368, 35.991428592206205 ], [ -78.905388498143694, 35.991430270689968 ], [ -78.905394879187099, 35.991442465828321 ], [ -78.905402676627006, 35.991454104458306 ], [ -78.905411817914114, 35.991465078288051 ], [ -78.905422217917092, 35.991475285114447 ], [ -78.905433779833885, 35.991484629977641 ], [ -78.905446396103557, 35.991493025848584 ], [ -78.905459949216407, 35.991500394618569 ], [ -78.905474313031661, 35.991506667677214 ], [ -78.905489353892122, 35.991511786627498 ], [ -78.905504931739074, 35.991515703836157 ], [ -78.905520901599132, 35.991518382819329 ], [ -78.905537114800737, 35.991519798683164 ], [ -78.905553420427609, 35.991519938179749 ], [ -78.90556966673816, 35.991518800065421 ], [ -78.905585702450196, 35.991516394909475 ], [ -78.90560137832972, 35.991512745095363 ], [ -78.905616548441927, 35.991507884629371 ], [ -78.905631071605285, 35.991501858729585 ], [ -78.905640074284136, 35.991497183951736 ], [ -78.905642359661513, 35.991496130476449 ], [ -78.905646561639912, 35.991496090812632 ], [ -78.905795892082267, 35.991500803931501 ], [ -78.905800156151059, 35.991501116927104 ], [ -78.905803913077193, 35.99150278568866 ], [ -78.906129488690439, 35.991665542083872 ], [ -78.906593474995205, 35.991897640485718 ], [ -78.906598467489204, 35.991900340986199 ], [ -78.906601295286762, 35.991901991211357 ], [ -78.90660404360068, 35.99190373955674 ], [ -78.906606604538922, 35.991905666621982 ], [ -78.906609890997075, 35.991908353345814 ], [ -78.906612326143616, 35.991910522580788 ], [ -78.906614523770301, 35.991912853327996 ], [ -78.906617055617502, 35.991915791218233 ], [ -78.906619053988734, 35.991918342844045 ], [ -78.906620767615763, 35.991921027760846 ], [ -78.906622630423044, 35.991924291466596 ], [ -78.906625203043461, 35.991929356351335 ], [ -78.906629124560993, 35.991937947170833 ], [ -78.906636449518288, 35.991950143210481 ], [ -78.906645219676378, 35.991961692287617 ], [ -78.906655349474704, 35.991972481650883 ], [ -78.906666740025415, 35.991982405955802 ], [ -78.906679280092533, 35.991991368309506 ], [ -78.906692847239981, 35.99199928126064 ], [ -78.906707309081611, 35.992006067541951 ], [ -78.906711373224098, 35.992007762854485 ], [ -78.906761867470081, 35.992028828390374 ], [ -78.90677778135138, 35.992034644647092 ], [ -78.906794348337257, 35.992039096507391 ], [ -78.906811391859222, 35.992042136531438 ], [ -78.906828730193169, 35.992043732329513 ], [ -78.906839990566837, 35.992043819182399 ], [ -78.906847326980326, 35.99204408039418 ], [ -78.90685172227542, 35.992044391035598 ], [ -78.906855442077202, 35.992044790195045 ], [ -78.906859103462509, 35.992045456601872 ], [ -78.906863362717658, 35.992046395399086 ], [ -78.906866806827892, 35.992047284951148 ], [ -78.906870144556507, 35.992048410946602 ], [ -78.906872033608465, 35.992049126850475 ], [ -78.906882026746018, 35.992053650110961 ], [ -78.906886239317132, 35.992056084553468 ], [ -78.90693679827092, 35.992087728567476 ], [ -78.906940859460988, 35.992090437959043 ], [ -78.907023724000297, 35.992149319839704 ], [ -78.907028483430338, 35.99215297583072 ], [ -78.907105014810497, 35.992216506160581 ], [ -78.907109415054506, 35.992220454330557 ], [ -78.907179659700731, 35.992288620218289 ], [ -78.907183664964407, 35.992292827987711 ], [ -78.907247205002065, 35.992365210635221 ], [ -78.907250806471296, 35.992369670141343 ], [ -78.907307232423278, 35.992445833834616 ], [ -78.907310384833224, 35.992450487354787 ], [ -78.90735940989552, 35.992529991912271 ], [ -78.907362118375744, 35.992534846098962 ], [ -78.907403389073806, 35.992617167831064 ], [ -78.90740561948418, 35.992622161508649 ], [ -78.907436871051829, 35.992701587724362 ], [ -78.907442795072143, 35.992714403602768 ], [ -78.907450259574688, 35.992726676559101 ], [ -78.9074591903656, 35.99273828470335 ], [ -78.907469498775441, 35.992749112672634 ], [ -78.907481082333618, 35.992759052977767 ], [ -78.90749382598446, 35.992768006773304 ], [ -78.907507603167474, 35.992775885177082 ], [ -78.907522276965892, 35.992782609902903 ], [ -78.90753770162685, 35.992788114113281 ], [ -78.907553723946521, 35.99279234318972 ], [ -78.907570184689561, 35.992795255063399 ], [ -78.907586920379885, 35.992796820848447 ], [ -78.907603764720463, 35.992797024952843 ], [ -78.907620550418372, 35.99279586535453 ], [ -78.907637110672212, 35.992793353602551 ], [ -78.907653280997764, 35.992789514626104 ], [ -78.907668900749385, 35.992784386570925 ], [ -78.907683814776917, 35.992778020388357 ], [ -78.907697874846036, 35.992770479287088 ], [ -78.90770354275493, 35.992767098164506 ], [ -78.907707019087923, 35.992765415615466 ], [ -78.908005521705277, 35.99263630083253 ], [ -78.908009240162997, 35.992634883826184 ], [ -78.908011863200301, 35.992637451969358 ], [ -78.908098042331886, 35.992731093284959 ], [ -78.908099628667088, 35.992732875802233 ], [ -78.908183735972017, 35.992830645169526 ], [ -78.908185248610593, 35.992832464798362 ], [ -78.908265192944526, 35.992932028700338 ], [ -78.908267149604654, 35.992934586447753 ], [ -78.908331964969989, 35.993023607884531 ], [ -78.908334354185214, 35.993027119662919 ], [ -78.908392378198116, 35.99311862194763 ], [ -78.908394510591307, 35.993122240586217 ], [ -78.908445857968303, 35.993216338752902 ], [ -78.908447726925857, 35.993220053066423 ], [ -78.908492223241552, 35.99331642986877 ], [ -78.908493821781093, 35.993320225924585 ], [ -78.908531314867133, 35.993418549215313 ], [ -78.908532637930932, 35.993422414895235 ], [ -78.908562999856542, 35.993522350181792 ], [ -78.90856404296207, 35.993526272791122 ], [ -78.908587168518764, 35.9936274784544 ], [ -78.908587927726956, 35.99363144296381 ], [ -78.908603740101867, 35.993733575646594 ], [ -78.908604213025853, 35.993737569417846 ], [ -78.908612657523662, 35.993840276163439 ], [ -78.908612752150873, 35.993842326772061 ], [ -78.908614205296089, 35.993855867688744 ], [ -78.908617298216768, 35.993869225584696 ], [ -78.908622000604311, 35.993882269675659 ], [ -78.908628266427741, 35.993894872187333 ], [ -78.908636034303839, 35.993906909756717 ], [ -78.908645228239763, 35.993918264449071 ], [ -78.908655758138465, 35.993928825076921 ], [ -78.908667520879376, 35.993938488244765 ], [ -78.908680401297431, 35.99394715933883 ], [ -78.90868884510617, 35.993952293066577 ], [ -78.908702817856238, 35.993959936574171 ], [ -78.908717657384969, 35.993966411951035 ], [ -78.908733216277085, 35.993971654914681 ], [ -78.908749340072035, 35.993975613401965 ], [ -78.908765868615646, 35.993978248092134 ], [ -78.908782637749837, 35.993979532847476 ], [ -78.908799481002717, 35.993979454852067 ], [ -78.908816231075662, 35.993978014942464 ], [ -78.908832721601371, 35.993975227389328 ], [ -78.90884878883422, 35.993971119871041 ], [ -78.908864273205509, 35.993965733172999 ], [ -78.908879020980478, 35.99395912083132 ], [ -78.908892885644889, 35.993951348447411 ], [ -78.908905729562065, 35.99394249327699 ], [ -78.908917425123377, 35.99393264318698 ], [ -78.908927856236289, 35.99392189605242 ], [ -78.908936919272193, 35.99391035860323 ], [ -78.908944524250728, 35.993898145381188 ], [ -78.908950595652243, 35.993885377696728 ], [ -78.9089550731629, 35.993872182338215 ], [ -78.908957912318343, 35.993858690336417 ], [ -78.908959084978321, 35.993845035700929 ], [ -78.908962478095347, 35.993705988251378 ], [ -78.908962779309988, 35.993702525246832 ], [ -78.908963510633086, 35.993699104840516 ], [ -78.908988792103401, 35.993608410146457 ], [ -78.908991238551806, 35.993597666863074 ], [ -78.908995946451299, 35.993571133588617 ], [ -78.909018770032105, 35.99344254731426 ], [ -78.909019510090175, 35.993439440411734 ], [ -78.909023401563104, 35.993439323481915 ], [ -78.909292000645692, 35.993441722933817 ], [ -78.909296045676683, 35.993441918178789 ], [ -78.909299853099938, 35.993443045335034 ], [ -78.909709679931524, 35.993582948599943 ], [ -78.909942961167047, 35.993662583822179 ], [ -78.910176245060413, 35.993742218598051 ], [ -78.910355614573021, 35.993803447949638 ], [ -78.910359327288148, 35.993804898115869 ], [ -78.910359387897998, 35.993808245324651 ], [ -78.910353611215314, 35.993939843613525 ], [ -78.910353864116203, 35.993953704350673 ], [ -78.910355834911059, 35.993967473798968 ], [ -78.910359503507976, 35.993981011677199 ], [ -78.910364832572114, 35.993994180108842 ], [ -78.910371767828508, 35.994006844968411 ], [ -78.910380238601292, 35.994018877282855 ], [ -78.910390158623628, 35.994030154440942 ], [ -78.910401426881236, 35.994040561622292 ], [ -78.910413928557688, 35.99404999281451 ], [ -78.910427536385413, 35.994058351968135 ], [ -78.910442111692461, 35.994065553903738 ], [ -78.910457506057995, 35.994071525302246 ], [ -78.910473562663668, 35.994076205310286 ], [ -78.910490117983088, 35.994079546283139 ], [ -78.910507003370242, 35.994081514197944 ], [ -78.910524046850696, 35.994082088984754 ], [ -78.91077022038661, 35.994080286833928 ], [ -78.910774366994985, 35.994080426393126 ], [ -78.910776785832965, 35.994083166898363 ], [ -78.911019308970154, 35.994389415936467 ], [ -78.911021215906359, 35.994392082798797 ], [ -78.911021489438468, 35.994395159078771 ], [ -78.911025337499325, 35.994512230683419 ], [ -78.911025247839831, 35.994515458173183 ], [ -78.911021285005219, 35.994515684531343 ], [ -78.910958851850012, 35.994516745209751 ], [ -78.91094224584738, 35.994517693679093 ], [ -78.910925835226735, 35.994519964984597 ], [ -78.910909779128815, 35.994523537183312 ], [ -78.910894233294286, 35.994528375555838 ], [ -78.910879348575804, 35.994534433182295 ], [ -78.910865269281146, 35.994541651325555 ], [ -78.910852132057101, 35.994549959952437 ], [ -78.910840064299947, 35.994559278474171 ], [ -78.910829183072806, 35.994569516487417 ], [ -78.910819593955296, 35.994580574707363 ], [ -78.910811389927062, 35.994592345818447 ], [ -78.910804650588943, 35.994604715682577 ], [ -78.910799441282876, 35.994617564299936 ], [ -78.910795812617394, 35.994630767017235 ], [ -78.910793799688619, 35.994644195791004 ], [ -78.910793422112775, 35.994657720313725 ], [ -78.910793759372979, 35.994668028599548 ], [ -78.910793676108554, 35.994671242110947 ], [ -78.910791164868769, 35.994673725321263 ], [ -78.91067806180962, 35.994775292848239 ], [ -78.910664530183098, 35.99478914069806 ], [ -78.910565646105823, 35.994904923737842 ], [ -78.910529670925996, 35.99494704446618 ], [ -78.910527179514915, 35.994949678143406 ], [ -78.910524748088491, 35.994951413978555 ], [ -78.91051286137666, 35.994960776964653 ], [ -78.910502158717108, 35.99497103996665 ], [ -78.910492742883676, 35.994982104577048 ], [ -78.910484704083629, 35.994993864632292 ], [ -78.91047811951708, 35.995006207311327 ], [ -78.910473052327717, 35.995019014233712 ], [ -78.910469551094494, 35.995032162557941 ], [ -78.910467649424731, 35.995045526134973 ], [ -78.91046712240076, 35.995051992340379 ], [ -78.910466630100927, 35.995055406528309 ], [ -78.910465155706362, 35.995058092237684 ], [ -78.910461018780225, 35.995064686943131 ], [ -78.910454961296509, 35.995077263839136 ], [ -78.910450453013823, 35.995090263411157 ], [ -78.910447537612768, 35.995103559929731 ], [ -78.910446243227099, 35.995117024824346 ], [ -78.91044658237459, 35.995130527947154 ], [ -78.910448551786715, 35.995143938726692 ], [ -78.910452132441023, 35.995157127486273 ], [ -78.910457289660954, 35.995169966735496 ], [ -78.910463973655524, 35.995182332296707 ], [ -78.910467926181454, 35.9951880443028 ], [ -78.91045328510863, 35.995187554286673 ], [ -78.910436564643007, 35.995188342832542 ], [ -78.910420022326136, 35.995190472250762 ], [ -78.910403820544346, 35.995193921617805 ], [ -78.91038811838547, 35.995198657096488 ], [ -78.910373070049886, 35.995204632182052 ], [ -78.910358823261092, 35.995211788222882 ], [ -78.910345517946837, 35.99522005488663 ], [ -78.910333284716884, 35.995229351092974 ], [ -78.910322243679403, 35.995239585507335 ], [ -78.910312503290214, 35.995250657638714 ], [ -78.910273019324833, 35.995300596972513 ], [ -78.910241152706718, 35.995340901670254 ], [ -78.910232823533747, 35.995352678910493 ], [ -78.91022596661908, 35.995365067085686 ], [ -78.91022064899758, 35.995377945098724 ], [ -78.910216922666663, 35.99539118695165 ], [ -78.91021482411125, 35.995404663173623 ], [ -78.910214373795597, 35.995418241919552 ], [ -78.910215576161463, 35.99543179042599 ], [ -78.910218419457905, 35.995445176164651 ], [ -78.910222875874879, 35.995458268216247 ], [ -78.910228901778368, 35.995470938534268 ], [ -78.910236438317554, 35.995483063209001 ], [ -78.910245411727544, 35.995494523676591 ], [ -78.910255734240977, 35.995505207818553 ], [ -78.910267304931708, 35.995515011143574 ], [ -78.910280010626508, 35.995523837804718 ], [ -78.910293727053372, 35.995531601424346 ], [ -78.910308320091289, 35.995538226111478 ], [ -78.910323646952691, 35.995543647067066 ], [ -78.910339557805372, 35.995547811271969 ], [ -78.910355896988904, 35.995550677982273 ], [ -78.910372504704455, 35.995552219170179 ], [ -78.910389218535755, 35.995552419772288 ], [ -78.91040587503781, 35.995551277828099 ], [ -78.910409398908868, 35.995550892853359 ], [ -78.910413433956975, 35.995550768979498 ], [ -78.910452232315578, 35.995551089661809 ], [ -78.910468841449372, 35.995550562774817 ], [ -78.91048530658901, 35.9955487127 ], [ -78.910501468493067, 35.995545557396639 ], [ -78.910517170881107, 35.995541127325389 ], [ -78.91053226188744, 35.995535465339728 ], [ -78.910546595583, 35.995528626219816 ], [ -78.910560033328082, 35.995520676096632 ], [ -78.910572445192898, 35.995511691848847 ], [ -78.910583711107719, 35.995501760361634 ], [ -78.910593722182341, 35.995490977648764 ], [ -78.910602381551939, 35.995479448056457 ], [ -78.910609605494116, 35.995467283028042 ], [ -78.910615324173577, 35.995454600197924 ], [ -78.910619482217911, 35.995441522265679 ], [ -78.910622039496658, 35.995428175705527 ], [ -78.910622971223972, 35.995414689530165 ], [ -78.910623724955698, 35.995325850922669 ], [ -78.91062301051528, 35.995312252807203 ], [ -78.910620643461201, 35.99529877891456 ], [ -78.910616647108128, 35.995285561561502 ], [ -78.910611060661765, 35.99527273049403 ], [ -78.9106039389834, 35.995260411706113 ], [ -78.910601979203804, 35.995257744744578 ], [ -78.910610857917277, 35.995258285852778 ], [ -78.910627473248297, 35.995257968304315 ], [ -78.910643969870577, 35.995256326240536 ], [ -78.910660188308938, 35.995253375532876 ], [ -78.910675971711029, 35.995249144718876 ], [ -78.910691167537877, 35.995243674701214 ], [ -78.910705628781358, 35.995237018336503 ], [ -78.910719215688772, 35.9952292400245 ], [ -78.910731796879176, 35.995220414967179 ], [ -78.910777366599248, 35.99518512784411 ], [ -78.911032828810761, 35.994987013844003 ], [ -78.911234584548751, 35.994830860880029 ], [ -78.911235446578161, 35.994830203001733 ], [ -78.911258143912519, 35.994813121693838 ], [ -78.911261203078055, 35.994811039480055 ], [ -78.91126369415214, 35.994813572841885 ], [ -78.911456458782027, 35.995030979112066 ], [ -78.911467924013337, 35.995042537473495 ], [ -78.911480857343093, 35.995053022758519 ], [ -78.911621179468227, 35.995155100955742 ], [ -78.911632734947219, 35.99516278753751 ], [ -78.911645080200955, 35.995169615317714 ], [ -78.911658118842965, 35.995175530960339 ], [ -78.911671749171347, 35.995180488323015 ], [ -78.911737722665833, 35.995201692627475 ], [ -78.911741465054732, 35.995203075935621 ], [ -78.911741622075795, 35.995206414503215 ], [ -78.91174123944144, 35.995232213727292 ], [ -78.91174123257592, 35.995232772782302 ], [ -78.911739366323275, 35.995422789893425 ], [ -78.911739132233294, 35.99542611941493 ], [ -78.911736219455193, 35.99543102242864 ], [ -78.911734918555723, 35.995432959916506 ], [ -78.911728503108264, 35.995445203283396 ], [ -78.911723575695945, 35.995457893687465 ], [ -78.911720182593299, 35.995470911993706 ], [ -78.91171835560985, 35.995484136034712 ], [ -78.911718111885961, 35.99549744170951 ], [ -78.911719453790255, 35.995510704082228 ], [ -78.911722368647702, 35.99552379867314 ], [ -78.911726829143987, 35.995536602612596 ], [ -78.91173279339192, 35.995548995712518 ], [ -78.911734760175335, 35.995552562689099 ], [ -78.911734860674656, 35.995555932559675 ], [ -78.911724881914154, 35.995875064738826 ], [ -78.911720083406053, 35.99602481864278 ], [ -78.911716641082023, 35.996132121732401 ], [ -78.911716583717293, 35.996135579092751 ], [ -78.911716576285798, 35.996142369667709 ], [ -78.911716024910433, 35.996151464463573 ], [ -78.911716040468107, 35.996165234415194 ], [ -78.911716550900309, 35.996173349954894 ], [ -78.911716771891435, 35.996333197217737 ], [ -78.911716764163216, 35.99633420454154 ], [ -78.911714112337705, 35.99649329399444 ], [ -78.911713859783362, 35.996496594986397 ], [ -78.911712923081055, 35.996498658415703 ], [ -78.911707718074894, 35.996508772532451 ], [ -78.911702508894678, 35.996523100402698 ], [ -78.91169924553752, 35.996537803255478 ], [ -78.911697966530014, 35.996552707145838 ], [ -78.911693296352396, 35.996802182246086 ], [ -78.911693046012516, 35.996805404178062 ], [ -78.911690387907782, 35.996807803485005 ], [ -78.911668601650277, 35.996825670416555 ], [ -78.911665677094234, 35.996827849983141 ], [ -78.911661719445348, 35.996828085431076 ], [ -78.911239742057489, 35.996836758162786 ], [ -78.911209316728446, 35.996837395298272 ], [ -78.910799053114602, 35.99684581654779 ], [ -78.910782256456187, 35.996846843532197 ], [ -78.91076566894148, 35.996849223936884 ], [ -78.910749455363216, 35.996852934120064 ], [ -78.910733776708867, 35.996857937196232 ], [ -78.910718788706461, 35.996864183557172 ], [ -78.910704640167864, 35.996871611117825 ], [ -78.910691471601893, 35.996880146112055 ], [ -78.910679413793829, 35.996889703805749 ], [ -78.910668586519776, 35.996900189292546 ], [ -78.910659097227352, 35.996911498399442 ], [ -78.910651040256838, 35.996923518867341 ], [ -78.910644495521723, 35.996936131256696 ], [ -78.91063952806762, 35.996949210403137 ], [ -78.910636187226089, 35.996962626323317 ], [ -78.910634506139502, 35.996976245862882 ], [ -78.910634501557027, 35.996989933740082 ], [ -78.910636173494879, 35.997003554029142 ], [ -78.910639505370042, 35.997016971451266 ], [ -78.910644464066394, 35.997030052748464 ], [ -78.910651000372525, 35.997042668057233 ], [ -78.910659049318525, 35.997054692062619 ], [ -78.910668531053389, 35.99706600537256 ], [ -78.910668656356464, 35.997066139934063 ], [ -78.910668941534794, 35.997069379946453 ], [ -78.910676070660273, 35.99731710509483 ], [ -78.910675738064384, 35.997327347609598 ], [ -78.910675744453485, 35.997327347751614 ], [ -78.910675724507641, 35.997327561954833 ], [ -78.910676151923042, 35.997341381511688 ], [ -78.910677090187292, 35.99735146510266 ], [ -78.910679725042712, 35.997437366240703 ], [ -78.910680951132221, 35.99745080590948 ], [ -78.91068379206024, 35.997464083224806 ], [ -78.910688220485014, 35.997477070427088 ], [ -78.910694193815331, 35.997489642465155 ], [ -78.910701654513431, 35.997501678287549 ], [ -78.910710530769592, 35.997513062079342 ], [ -78.910720737109585, 35.997523684224014 ], [ -78.910732175339959, 35.997533442457822 ], [ -78.910744735290606, 35.997542242887015 ], [ -78.910758296098578, 35.997550000730243 ], [ -78.910772727187251, 35.997556641363438 ], [ -78.910787889618064, 35.997562100815024 ], [ -78.910803637509531, 35.997566326536386 ], [ -78.910819819152252, 35.99756927789705 ], [ -78.910836278868061, 35.997570926405814 ], [ -78.910852858125025, 35.997571256260997 ], [ -78.910911694280486, 35.997570079888177 ], [ -78.910915765878514, 35.997570163786527 ], [ -78.910918584457363, 35.997576503451434 ], [ -78.910918611747377, 35.997576495449827 ], [ -78.910919410931101, 35.99757840822415 ], [ -78.910919586131186, 35.997578788933168 ], [ -78.910919866051458, 35.997579392809421 ], [ -78.910921593728119, 35.99758309378953 ], [ -78.910922043070059, 35.997584045680249 ], [ -78.910922503014049, 35.997585009308771 ], [ -78.910923309685828, 35.997586968074728 ], [ -78.910925683723207, 35.99759235675873 ], [ -78.910926775143153, 35.997594680435405 ], [ -78.910926974873277, 35.997595103494895 ], [ -78.91092896271941, 35.997599294112845 ], [ -78.910930898778375, 35.997603390220753 ], [ -78.910931276401513, 35.997604204567494 ], [ -78.910932963941249, 35.997607915160437 ], [ -78.910933472006633, 35.997609017716627 ], [ -78.910934923165627, 35.99761212638802 ], [ -78.910935701830923, 35.997613762790394 ], [ -78.910935917662101, 35.997614207920712 ], [ -78.910937922045264, 35.997618057087799 ], [ -78.910937917885633, 35.997618058485784 ], [ -78.910940875333466, 35.997623823808162 ], [ -78.910941952993923, 35.997626118163232 ], [ -78.910942152724175, 35.997626541250149 ], [ -78.91094411419725, 35.997630676220133 ], [ -78.91094424064147, 35.997630941928008 ], [ -78.91094462213529, 35.997631741278461 ], [ -78.91094660903552, 35.997635718584185 ], [ -78.910950401622756, 35.997642982665809 ], [ -78.910950983180456, 35.997644148046405 ], [ -78.910955696518869, 35.997653202635306 ], [ -78.91095570608951, 35.997653199345748 ], [ -78.910956563036962, 35.997654908492919 ], [ -78.910958706449492, 35.997658924866165 ], [ -78.91095877887156, 35.997659068728908 ], [ -78.910961775254364, 35.997664661342313 ], [ -78.910962645819538, 35.997666192378297 ], [ -78.910964099633958, 35.997668765479375 ], [ -78.910966718577058, 35.99767383702504 ], [ -78.910969576558585, 35.997679063680465 ], [ -78.91097010049296, 35.997679970518206 ], [ -78.910971908362072, 35.997683150021658 ], [ -78.910972934945406, 35.997684922145638 ], [ -78.910974638576079, 35.997687809475458 ], [ -78.91097523984493, 35.997688850756937 ], [ -78.910976639001049, 35.997691327670026 ], [ -78.910979016441118, 35.997695813937568 ], [ -78.910979039234988, 35.997695805960163 ], [ -78.910981470956898, 35.997700362949743 ], [ -78.910981838966578, 35.997701005816211 ], [ -78.910982496182612, 35.997702140347045 ], [ -78.910983952597562, 35.997704624993574 ], [ -78.910985828843167, 35.997707724908615 ], [ -78.910990254410194, 35.997714810340021 ], [ -78.910991014637304, 35.997716155015524 ], [ -78.91099181557756, 35.997717550981285 ], [ -78.910993519503961, 35.997720477923977 ], [ -78.910994303615979, 35.997721806326631 ], [ -78.910994813885509, 35.99772265903669 ], [ -78.910996303452293, 35.997725461270328 ], [ -78.910996487304743, 35.997728509982629 ], [ -78.910996947992004, 35.997819464648771 ], [ -78.9109978675137, 35.99783321797095 ], [ -78.911000477484109, 35.997846827313666 ], [ -78.911004751618904, 35.997860155825308 ], [ -78.911010646998164, 35.997873069444189 ], [ -78.911018104301348, 35.997885438381964 ], [ -78.911027048583506, 35.997897138223252 ], [ -78.911195659226976, 35.998094839203489 ], [ -78.911197844542272, 35.998097694381848 ], [ -78.911198131611286, 35.99810157342003 ], [ -78.911198202168023, 35.99810722043479 ], [ -78.911200014881373, 35.998120695519034 ], [ -78.911203453283235, 35.998133959764814 ], [ -78.91120848391347, 35.998146884007184 ], [ -78.911215057723709, 35.99815934236635 ], [ -78.911223110718225, 35.998171213511732 ], [ -78.911232564493559, 35.998182381843691 ], [ -78.911243326913365, 35.998192738537853 ], [ -78.911255293222681, 35.998202182782187 ], [ -78.91126834682467, 35.998210622546722 ], [ -78.911282360631589, 35.998217975655905 ], [ -78.911297198112024, 35.99822417050364 ], [ -78.911312714743858, 35.998229146713655 ], [ -78.911328759467125, 35.998232855854887 ], [ -78.911339929723752, 35.998234492928795 ], [ -78.911342633722327, 35.99823498906435 ], [ -78.91134538758989, 35.998237203070794 ], [ -78.91166775545949, 35.998521658134457 ], [ -78.911671717032533, 35.998525417115438 ], [ -78.911783250529368, 35.998639311516598 ], [ -78.911788031764459, 35.99864397836518 ], [ -78.911904814175216, 35.998752973882773 ], [ -78.911907022824195, 35.99875499477492 ], [ -78.911930082113685, 35.998775680080584 ], [ -78.911932426351356, 35.998777740325835 ], [ -78.91193441840116, 35.998779455530581 ], [ -78.912010671047895, 35.998847516558264 ], [ -78.912010873823291, 35.998847697242681 ], [ -78.912180035702079, 35.998998147059666 ], [ -78.912184371270143, 35.99900232557961 ], [ -78.912360104673439, 35.99918606372465 ], [ -78.912368284071505, 35.999193981716331 ], [ -78.912377173160692, 35.999201377391465 ], [ -78.912495969297581, 35.999293044965178 ], [ -78.912498755683771, 35.999295417804348 ], [ -78.912497478720383, 35.999298529116068 ], [ -78.912461108834179, 35.999374461881224 ], [ -78.91245600654085, 35.999386819580522 ], [ -78.912452368814328, 35.999399514627122 ], [ -78.912450228334905, 35.99941243273841 ], [ -78.912449604465465, 35.999425457534407 ], [ -78.912450502776849, 35.999438471746096 ], [ -78.912452915182058, 35.999451358149599 ], [ -78.912456820002546, 35.999464000719954 ], [ -78.912462182000979, 35.999476285592579 ], [ -78.912468952920918, 35.999488102135174 ], [ -78.912477071823844, 35.999499343909264 ], [ -78.912486465527508, 35.999509909687063 ], [ -78.912684740437584, 35.999711982783715 ], [ -78.912695596576924, 35.999722005859518 ], [ -78.912707599097885, 35.999731125001482 ], [ -78.912720634537308, 35.999739254117124 ], [ -78.912734579719384, 35.999746316309569 ], [ -78.912749302870253, 35.999752244895149 ], [ -78.912764664868334, 35.999756983816177 ], [ -78.912780520528315, 35.999760488328612 ], [ -78.912796720020779, 35.999762725277968 ], [ -78.912813110291538, 35.999763673539604 ], [ -78.912829536380073, 35.999763324157335 ], [ -78.912845843143614, 35.999761680399374 ], [ -78.912861876440275, 35.999758757869103 ], [ -78.912877484752229, 35.999754584121739 ], [ -78.912892520605681, 35.999749198610239 ], [ -78.912906841923643, 35.999742652246908 ], [ -78.912920313311176, 35.999735006882183 ], [ -78.912932807543427, 35.999726334756396 ], [ -78.912944206513046, 35.999716717841032 ], [ -78.912954402481859, 35.99970624698809 ], [ -78.912963130205029, 35.999695234297334 ], [ -78.912966023243371, 35.999697451743955 ], [ -78.913231388590376, 35.99992229311642 ], [ -78.913231831292308, 35.999922666814406 ], [ -78.913242825619577, 35.999931912019775 ], [ -78.913254182023408, 35.999940618503501 ], [ -78.913266478602083, 35.999948436367823 ], [ -78.913279610423629, 35.999955298948734 ], [ -78.913293465481587, 35.99996114768102 ], [ -78.913307925573491, 35.999965932648514 ], [ -78.913508524130009, 36.000023688887786 ], [ -78.913512391344071, 36.000024983716216 ], [ -78.913512703130706, 36.000025373830468 ], [ -78.913522767922146, 36.000036667841002 ], [ -78.913534190094396, 36.000047074404755 ], [ -78.913546851878465, 36.000056486329129 ], [ -78.913560622749102, 36.000064806576923 ], [ -78.913575360843609, 36.000071949365847 ], [ -78.913590914211554, 36.00007784113108 ], [ -78.913607122572159, 36.000082421103414 ], [ -78.913828339991099, 36.000134866777877 ], [ -78.913832059443749, 36.000135910848023 ], [ -78.913831185420435, 36.00013902861032 ], [ -78.913406274400742, 36.001373547346553 ], [ -78.913405444891993, 36.001376047921539 ], [ -78.913295027047312, 36.00172185244076 ], [ -78.913280024529271, 36.00176880636112 ], [ -78.913279184811444, 36.00177155034649 ], [ -78.913268059826379, 36.001809569662825 ], [ -78.913266399173324, 36.001814440542283 ], [ -78.913262454502643, 36.001824548676275 ], [ -78.913261401435705, 36.001826936653089 ], [ -78.913260133935466, 36.001829254811661 ], [ -78.913255763210742, 36.001836512243969 ], [ -78.913249538524184, 36.001845178189178 ], [ -78.913243258770322, 36.001852612303729 ], [ -78.913240950676226, 36.001855212425248 ], [ -78.913199235758512, 36.001899965133994 ], [ -78.913189954952699, 36.001910998646636 ], [ -78.913182037713327, 36.001922712810298 ], [ -78.913175558942356, 36.001934996751402 ], [ -78.913170580058519, 36.001947734147464 ], [ -78.913167148150876, 36.001960804435221 ], [ -78.913165295707117, 36.001974083881926 ], [ -78.913165040274251, 36.001987446738745 ], [ -78.913166384288175, 36.002000766504338 ], [ -78.913169314970943, 36.002013917078557 ], [ -78.91317380466748, 36.002026773998828 ], [ -78.913179810776768, 36.002039215511608 ], [ -78.913187276528134, 36.002051123808933 ], [ -78.913196131182673, 36.002062386209978 ], [ -78.913206290911347, 36.002072896040673 ], [ -78.913217659571302, 36.002082553815576 ], [ -78.9132301294824, 36.002091268117397 ], [ -78.913243582643474, 36.002098956449643 ], [ -78.913250726660905, 36.002102630578833 ], [ -78.913251457303986, 36.002103327922185 ], [ -78.913256405256504, 36.002108724779426 ], [ -78.913257103770036, 36.002109433720065 ], [ -78.913262655389445, 36.002115524121635 ], [ -78.913262652412428, 36.002115525932609 ], [ -78.913262901488793, 36.002115794087167 ], [ -78.913263824226178, 36.002116806382297 ], [ -78.913263966569914, 36.002116950732571 ], [ -78.913264339909759, 36.002117388360382 ], [ -78.913270174775363, 36.002123819793006 ], [ -78.913272691376392, 36.002126431114092 ], [ -78.913273103899044, 36.002126868989457 ], [ -78.913273351152228, 36.002127134945056 ], [ -78.913274729244264, 36.002128713214759 ], [ -78.913278585071282, 36.002132954340546 ], [ -78.913279083673771, 36.002133481282414 ], [ -78.913281159920729, 36.002135630973449 ], [ -78.913283630893375, 36.002138137598145 ], [ -78.91328487572008, 36.002139555096377 ], [ -78.913286334112655, 36.002141158229087 ], [ -78.913288770583307, 36.002143996621619 ], [ -78.91329035255373, 36.002145778292352 ], [ -78.913295868778675, 36.002151651235735 ], [ -78.913297140055349, 36.002152931755703 ], [ -78.913297315155702, 36.002153110412735 ], [ -78.913301078175564, 36.002156949738804 ], [ -78.913301439657076, 36.002157317252589 ], [ -78.913302837228755, 36.00215873321077 ], [ -78.913309427852596, 36.002165935184479 ], [ -78.913310510706097, 36.002167039867309 ], [ -78.913314457707088, 36.002171068981944 ], [ -78.913320664278402, 36.002177893590712 ], [ -78.913321673521025, 36.002178915067077 ], [ -78.913325384082967, 36.002182682985975 ], [ -78.91332569314423, 36.00218300494334 ], [ -78.913328568202019, 36.002185939244576 ], [ -78.913328975859386, 36.002186406345231 ], [ -78.913334898989319, 36.002192791136814 ], [ -78.91333643154114, 36.002194346797005 ], [ -78.913337504672768, 36.002195469933056 ], [ -78.913338580593546, 36.002196608811843 ], [ -78.913340395117572, 36.002198495200766 ], [ -78.91334355405013, 36.002201720975982 ], [ -78.913348949531326, 36.002207585205355 ], [ -78.913350831020395, 36.002209510842448 ], [ -78.913352317385403, 36.002211040839398 ], [ -78.913356064877931, 36.002214831144741 ], [ -78.913356070358617, 36.002214827549956 ], [ -78.913358033319355, 36.002216820822916 ], [ -78.913358036257492, 36.002216823736887 ], [ -78.913358878232714, 36.00221764543646 ], [ -78.91335911676785, 36.002217876415358 ], [ -78.913361592754313, 36.002220409523808 ], [ -78.91336208121443, 36.002220969038483 ], [ -78.913367995943091, 36.002227342971459 ], [ -78.913368935177004, 36.002228296215193 ], [ -78.913369578162744, 36.002228958662684 ], [ -78.913370663923089, 36.00223006546225 ], [ -78.913374700846191, 36.002234137493041 ], [ -78.91337470483829, 36.002234134886166 ], [ -78.913376566590415, 36.002236023945208 ], [ -78.913376658213707, 36.002236114086919 ], [ -78.913377402519288, 36.002236841135108 ], [ -78.913377776312743, 36.002237203740115 ], [ -78.913381455347491, 36.00224096232224 ], [ -78.913381818517777, 36.002241332007152 ], [ -78.913385525509739, 36.002245092531936 ], [ -78.913385827278262, 36.002245405885631 ], [ -78.913388030284096, 36.002247642280075 ], [ -78.913388273673817, 36.002247917682645 ], [ -78.913394054244563, 36.002254083537679 ], [ -78.913395507822202, 36.002255546454599 ], [ -78.913395509276953, 36.002255545494144 ], [ -78.913397208962081, 36.002257271673436 ], [ -78.913397674676546, 36.002257730738592 ], [ -78.913398850143665, 36.002258887158817 ], [ -78.913401692313755, 36.002261788305148 ], [ -78.913402402329652, 36.002262523927229 ], [ -78.91340564126341, 36.002265805852829 ], [ -78.913405643969938, 36.002265804069168 ], [ -78.913407747219139, 36.002267937953874 ], [ -78.913407843266526, 36.002268032548997 ], [ -78.913408693887646, 36.002268863457061 ], [ -78.913409149445059, 36.002269304906179 ], [ -78.91341222080095, 36.002272423701051 ], [ -78.913413915282305, 36.002274116609271 ], [ -78.913415996448649, 36.002276162434249 ], [ -78.913418225392306, 36.002278425026176 ], [ -78.9134182275575, 36.002278423626699 ], [ -78.913420389601043, 36.00228061848312 ], [ -78.913420452754536, 36.002280680721775 ], [ -78.913421409724705, 36.002281615517283 ], [ -78.91342163907413, 36.002281837561547 ], [ -78.913424592890479, 36.002284853724291 ], [ -78.913427199919226, 36.002287450107019 ], [ -78.913428435720277, 36.002288650687838 ], [ -78.91343027391892, 36.002290500830668 ], [ -78.913430517500899, 36.002290754860979 ], [ -78.913432577811832, 36.002292860831965 ], [ -78.913432696754498, 36.002292980002188 ], [ -78.913434507505741, 36.002294763234083 ], [ -78.913435631152794, 36.0022958510501 ], [ -78.913436673978467, 36.002296864033283 ], [ -78.913440021281957, 36.002300259461691 ], [ -78.913440045741979, 36.002300243545953 ], [ -78.913442739921877, 36.002302971520344 ], [ -78.913443130265279, 36.002303349410603 ], [ -78.913446164707779, 36.002306403347347 ], [ -78.913446166737657, 36.002306402030186 ], [ -78.913447852984362, 36.002308114326439 ], [ -78.913450015537421, 36.002310245422912 ], [ -78.913450959708754, 36.002311167572543 ], [ -78.913451189058321, 36.002311389616729 ], [ -78.9134541585465, 36.002314421750356 ], [ -78.913456173920807, 36.002316440167114 ], [ -78.913458975752945, 36.002319192611438 ], [ -78.913460153520631, 36.002320349142579 ], [ -78.913462711291515, 36.002322947742236 ], [ -78.913470051609352, 36.00232991506028 ], [ -78.913471318495226, 36.002331039293793 ], [ -78.913473453000776, 36.002333191055477 ], [ -78.913475477049019, 36.002335192473588 ], [ -78.913476752941421, 36.002336430167873 ], [ -78.91347819533928, 36.002337854506834 ], [ -78.913478490810505, 36.0023381454671 ], [ -78.913480375192407, 36.002339995889059 ], [ -78.913481793041242, 36.002341393179321 ], [ -78.913484068220953, 36.002343702667936 ], [ -78.913484079080774, 36.002343695615629 ], [ -78.913486166669585, 36.002345808747393 ], [ -78.913488681379349, 36.002348273588105 ], [ -78.913489244769877, 36.002348822908701 ], [ -78.913490716206027, 36.002350249987678 ], [ -78.913492909029785, 36.002352402751782 ], [ -78.913495920273149, 36.00235527761609 ], [ -78.91349890735134, 36.002358051260742 ], [ -78.91349951660878, 36.002358641655157 ], [ -78.91350166637136, 36.002360754171363 ], [ -78.913502462385836, 36.002361530592914 ], [ -78.913503749257856, 36.002362776398556 ], [ -78.913505608482083, 36.00236460081495 ], [ -78.913506997954684, 36.002365946659438 ], [ -78.913507758490198, 36.002366673828185 ], [ -78.91350889266586, 36.002367781594735 ], [ -78.913509659887978, 36.002368547144926 ], [ -78.913511206682927, 36.002370068117244 ], [ -78.913511322658024, 36.002370180500002 ], [ -78.913511798659357, 36.002370663608929 ], [ -78.913519074076405, 36.002377566568775 ], [ -78.913519827406205, 36.002378235219503 ], [ -78.91352099000882, 36.002379379789481 ], [ -78.913521830162949, 36.002380200387734 ], [ -78.913523157493827, 36.002381486631364 ], [ -78.913525307257615, 36.0023835991746 ], [ -78.913526103272574, 36.002384375568532 ], [ -78.913527364444363, 36.002385596467178 ], [ -78.913529435756729, 36.002387630992672 ], [ -78.91353453724885, 36.002392413095087 ], [ -78.913537052157409, 36.002394663662621 ], [ -78.913537881598998, 36.002395480379825 ], [ -78.913540275721914, 36.002397911757036 ], [ -78.913540337836125, 36.002397871363975 ], [ -78.913547716388251, 36.002404979547009 ], [ -78.91354947751536, 36.002406541464651 ], [ -78.913550125308035, 36.002407169273845 ], [ -78.913551019288249, 36.002408049576573 ], [ -78.913552591570848, 36.002409575126549 ], [ -78.913553338597978, 36.002410289346678 ], [ -78.913554499116685, 36.002411423421009 ], [ -78.913554848550945, 36.00241177243759 ], [ -78.913560830714886, 36.002417426810709 ], [ -78.913563321509386, 36.002419655796025 ], [ -78.913564547321045, 36.002420843649347 ], [ -78.913566715832047, 36.002422973182014 ], [ -78.913567423971827, 36.0024236639969 ], [ -78.913567929683339, 36.002424154049251 ], [ -78.913572235630625, 36.002428166184892 ], [ -78.913574970955665, 36.002430617252124 ], [ -78.913575523780111, 36.002431152966778 ], [ -78.913577692291625, 36.002433282526738 ], [ -78.913578400431632, 36.002433973314083 ], [ -78.913578508740514, 36.00243407827422 ], [ -78.913585284354895, 36.002440256169066 ], [ -78.91358652213431, 36.002441318543987 ], [ -78.913586789073406, 36.00244157720558 ], [ -78.913588809652424, 36.002443540105212 ], [ -78.913589150280629, 36.002443872825296 ], [ -78.913593954685055, 36.00244836393653 ], [ -78.913596251070601, 36.002450418893474 ], [ -78.913597832340457, 36.002451951234484 ], [ -78.913597838396456, 36.002451947118146 ], [ -78.913602839182971, 36.002456603439974 ], [ -78.91360473466986, 36.002458286323346 ], [ -78.913606400314805, 36.002459922041595 ], [ -78.913607108455253, 36.00246061285624 ], [ -78.913607216764234, 36.002460717788907 ], [ -78.913613992383063, 36.002466895682083 ], [ -78.913615230332184, 36.002467958166683 ], [ -78.913615350258937, 36.002468074398045 ], [ -78.913615781735103, 36.002468495858039 ], [ -78.913620590701711, 36.002472991449139 ], [ -78.913624287111261, 36.002476299267464 ], [ -78.913626197088206, 36.002478090285841 ], [ -78.913626415053059, 36.002478305289095 ], [ -78.913626570521316, 36.00247844418152 ], [ -78.913626599807216, 36.002478467909519 ], [ -78.913626654385709, 36.002478519098752 ], [ -78.913631618562661, 36.002482953566712 ], [ -78.913631671112753, 36.002483004672101 ], [ -78.913638750249831, 36.002489445783901 ], [ -78.913638650409467, 36.002489356762858 ], [ -78.913641508995511, 36.002492034577294 ], [ -78.91364450535734, 36.002494767073529 ], [ -78.913648355881165, 36.002498185679897 ], [ -78.913654182942821, 36.002503497624879 ], [ -78.913655584686921, 36.002504690766088 ], [ -78.913661633474149, 36.002510211233471 ], [ -78.913661898150011, 36.0025104369833 ], [ -78.91366388443879, 36.00251228544149 ], [ -78.913663896923339, 36.002512276577228 ], [ -78.913665859509379, 36.0025140968336 ], [ -78.913669885312913, 36.002517719259124 ], [ -78.913670907988006, 36.00251864398976 ], [ -78.913672325308013, 36.002519909609767 ], [ -78.913676264486639, 36.002523383466709 ], [ -78.913677753606848, 36.002524845773387 ], [ -78.913678488699148, 36.002525562676425 ], [ -78.913678983571216, 36.002526041952095 ], [ -78.913684014929942, 36.002530697605287 ], [ -78.913684610802477, 36.002531224531708 ], [ -78.91368546075141, 36.002531993792786 ], [ -78.913686629141168, 36.002533073808813 ], [ -78.913689405570437, 36.00253569502911 ], [ -78.913690003826304, 36.002536269509179 ], [ -78.913690651709032, 36.002536909926732 ], [ -78.913693178013958, 36.002539450233549 ], [ -78.913694128654996, 36.002540397466625 ], [ -78.913696687801703, 36.002542924445756 ], [ -78.913698255525787, 36.002544449853211 ], [ -78.913699737388683, 36.002545870673572 ], [ -78.913701102583005, 36.002547163287659 ], [ -78.913705031948496, 36.002550837453803 ], [ -78.913705747505105, 36.002551549947533 ], [ -78.913708617546561, 36.002554331772892 ], [ -78.913710171844571, 36.002555798493042 ], [ -78.913711753215054, 36.002557335530092 ], [ -78.913714660915304, 36.002560247016618 ], [ -78.913714924537089, 36.002560510290692 ], [ -78.913717366304013, 36.002562942934162 ], [ -78.913719812486917, 36.002565324512439 ], [ -78.91372058289177, 36.002566057592972 ], [ -78.913721071223478, 36.002566520189063 ], [ -78.913726098168894, 36.002571260804515 ], [ -78.913726672116255, 36.00257183644846 ], [ -78.913729921955422, 36.002574997803407 ], [ -78.913730967318543, 36.002575984276433 ], [ -78.913731255104892, 36.002576255122015 ], [ -78.913735503992456, 36.002580243531519 ], [ -78.913737044947212, 36.002581764276954 ], [ -78.913738964456172, 36.002583624856285 ], [ -78.913741194411742, 36.002585747946014 ], [ -78.913742345383426, 36.002586867617033 ], [ -78.913744457071303, 36.00258896683345 ], [ -78.913746759082386, 36.002591206257875 ], [ -78.913747562044861, 36.002591970732873 ], [ -78.913748270615343, 36.002592640998792 ], [ -78.913753036847496, 36.002597120126751 ], [ -78.913754077863572, 36.002598157115315 ], [ -78.913756528067864, 36.002600542321822 ], [ -78.913758493445002, 36.002602412135907 ], [ -78.913759691968835, 36.002603578265983 ], [ -78.913760372336583, 36.002604255324677 ], [ -78.913764520497566, 36.002608227152059 ], [ -78.913765914912148, 36.002609512066741 ], [ -78.913768225957767, 36.002611713614861 ], [ -78.913769347311558, 36.002612804475298 ], [ -78.913771489700764, 36.002614932996799 ], [ -78.913773762669436, 36.002617143610756 ], [ -78.913774630038361, 36.002617969390926 ], [ -78.913775337190842, 36.002618638282151 ], [ -78.913780031588871, 36.002623050027367 ], [ -78.913780904017472, 36.002623918308366 ], [ -78.913783750187392, 36.00262667635279 ], [ -78.913785286756934, 36.002628126357195 ], [ -78.913786926116131, 36.002629721507439 ], [ -78.913787218746805, 36.002630015184529 ], [ -78.913791835968553, 36.002634453329179 ], [ -78.913793827383756, 36.00263628736662 ], [ -78.913793862063315, 36.002636262502541 ], [ -78.91379948511721, 36.002641287144037 ], [ -78.913942186486153, 36.002761068226789 ], [ -78.9139459325595, 36.002764115509407 ], [ -78.914135315419713, 36.002913414164766 ], [ -78.914136924371675, 36.002914812020919 ] ], [ [ -78.893987214469362, 35.991302577631693 ], [ -78.89399373009006, 35.991302077876078 ], [ -78.89401039473502, 35.991300114951777 ], [ -78.894026736323028, 35.991296814185297 ], [ -78.894042592657073, 35.991292208318775 ], [ -78.894057806357011, 35.991286343092355 ], [ -78.894072226415261, 35.991279276696105 ], [ -78.894085709651051, 35.991271079276764 ], [ -78.894098122300022, 35.991261832224957 ], [ -78.894109341097163, 35.991251627324395 ], [ -78.894119254731478, 35.991240565819162 ], [ -78.89412776475983, 35.991228757562922 ], [ -78.894134786757903, 35.991216319756219 ], [ -78.894140250997637, 35.991203375820682 ], [ -78.894144103226282, 35.991190054246005 ], [ -78.894146305242671, 35.991176487299235 ], [ -78.894146835169451, 35.991162809596567 ], [ -78.894145687758851, 35.991149156922226 ], [ -78.894142874394532, 35.991135664800204 ], [ -78.894141442507077, 35.991130404221757 ], [ -78.89414093068784, 35.991127319204466 ], [ -78.894137825168642, 35.991113773535425 ], [ -78.894133065385134, 35.99110054888633 ], [ -78.894126699163635, 35.99108777834018 ], [ -78.894118790595613, 35.991075590378898 ], [ -78.894109419261724, 35.991064107701419 ], [ -78.894098679456164, 35.991053445794577 ], [ -78.894086679275276, 35.991043711998252 ], [ -78.894073539469829, 35.991035004240814 ], [ -78.894059392263159, 35.991027410131508 ], [ -78.894044380033876, 35.991021006162669 ], [ -78.894028653829878, 35.99101585669208 ], [ -78.894012371949174, 35.991012013612071 ], [ -78.893995698183062, 35.991009515551347 ], [ -78.893978800363072, 35.991008387653963 ], [ -78.893961848502158, 35.991008641275549 ], [ -78.893945013206249, 35.991010273844594 ], [ -78.893928463882489, 35.991013268998238 ], [ -78.893906679984866, 35.991018155207641 ], [ -78.893891177649962, 35.991022296556295 ], [ -78.893876239027151, 35.991027633598101 ], [ -78.893862003348062, 35.991034116539588 ], [ -78.893848603334575, 35.99104168492287 ], [ -78.893836163913448, 35.9910502682566 ], [ -78.893824800998772, 35.991059786481507 ], [ -78.893814620544362, 35.991070150903987 ], [ -78.893805717427256, 35.991081264881629 ], [ -78.893798174702795, 35.991093024811647 ], [ -78.893792062623049, 35.991105321091375 ], [ -78.893787438162306, 35.991118039051926 ], [ -78.893784344508433, 35.991131060193972 ], [ -78.893782810385517, 35.991144263093567 ], [ -78.893782850187435, 35.991157524666086 ], [ -78.893784463536832, 35.991170721319421 ], [ -78.893787046168768, 35.991181313637064 ], [ -78.893786988960912, 35.99118132364169 ], [ -78.893788705751945, 35.991187816460851 ], [ -78.893789059576619, 35.991189401813834 ], [ -78.893789100148112, 35.991189395832997 ], [ -78.893791457932224, 35.9911995964667 ], [ -78.893796188809844, 35.991212709269355 ], [ -78.893802499520675, 35.991225375174558 ], [ -78.8938103275934, 35.99123746877796 ], [ -78.893819595574229, 35.991248870458413 ], [ -78.893830211735434, 35.991259467312751 ], [ -78.893842071020202, 35.991269154475219 ], [ -78.893855055987729, 35.991277836052305 ], [ -78.893869038164084, 35.991285426167721 ], [ -78.893883879190582, 35.991291849650409 ], [ -78.893899432107105, 35.991297042914539 ], [ -78.893915543041501, 35.991300954620392 ], [ -78.893932052527489, 35.991303545977722 ], [ -78.893948797126313, 35.991304791406378 ], [ -78.893965611150847, 35.991304678537851 ], [ -78.893982328152518, 35.991303208491367 ], [ -78.893987214469362, 35.991302577631693 ] ], [ [ -78.898414247690752, 35.996880782077938 ], [ -78.89841038746286, 35.996880506027139 ], [ -78.898407852523519, 35.996880324781515 ], [ -78.89840612533672, 35.996880084650712 ], [ -78.898399591155822, 35.996879444227311 ], [ -78.89839482649991, 35.996878630395777 ], [ -78.898394658968058, 35.996878597483686 ], [ -78.898393164647274, 35.996878292220678 ], [ -78.898392421026031, 35.996878134441332 ], [ -78.898388664724067, 35.996877261644165 ], [ -78.898387774168057, 35.996877036493871 ], [ -78.898387191857921, 35.996876885249385 ], [ -78.898381099697588, 35.996875052380027 ], [ -78.898379898163299, 35.996874695110819 ], [ -78.89837957584686, 35.996874600370361 ], [ -78.898375312428556, 35.99687319248541 ], [ -78.898372551704185, 35.996872125060712 ], [ -78.898369307936093, 35.996870707722238 ], [ -78.898368561137303, 35.996870362094285 ], [ -78.898367687199425, 35.996869960429869 ], [ -78.89836698995866, 35.996869642176634 ], [ -78.898363512312486, 35.996867939715564 ], [ -78.8983589781474, 35.996865378212831 ], [ -78.89835792093379, 35.996864748470038 ], [ -78.898357673018324, 35.996864603821933 ], [ -78.89834955640157, 35.996859247720813 ], [ -78.898347054597266, 35.996857291965689 ], [ -78.898345822675893, 35.996856288034074 ], [ -78.898342432612978, 35.996853277070365 ], [ -78.898341319381416, 35.996852300763251 ], [ -78.898341018108368, 35.996851978471526 ], [ -78.898336064154506, 35.996847186780606 ], [ -78.898335872340326, 35.996846974161272 ], [ -78.898335823696485, 35.9968469188494 ], [ -78.898333734303606, 35.996844384763342 ], [ -78.898333713889627, 35.996844354391023 ], [ -78.898328832289863, 35.996837865225075 ], [ -78.898328251102612, 35.996836850187186 ], [ -78.898326643646129, 35.99683404269993 ], [ -78.898324082678556, 35.996829569904087 ], [ -78.898322476759844, 35.996825784015527 ], [ -78.898320505534969, 35.996820661502419 ], [ -78.898319392039852, 35.996816354654051 ], [ -78.898181050339645, 35.996123349864789 ], [ -78.898160111767979, 35.996018151334553 ], [ -78.898159342645172, 35.99601310986948 ], [ -78.898159230891864, 35.996012060718371 ], [ -78.898159191428547, 35.996011696009553 ], [ -78.898159115229134, 35.996011002086547 ], [ -78.898158851542718, 35.996006134329129 ], [ -78.898159090303295, 35.996002094331047 ], [ -78.898159886468179, 35.995997443735398 ], [ -78.898160049644261, 35.995996721332354 ], [ -78.89816010182814, 35.995996489109565 ], [ -78.898160219763412, 35.995995961821933 ], [ -78.898161100283303, 35.995992855132563 ], [ -78.898162332443334, 35.995989828456779 ], [ -78.898162607981618, 35.995989244408342 ], [ -78.8981642390155, 35.99598578245935 ], [ -78.898164391175499, 35.995985458237499 ], [ -78.898164478255651, 35.995985272030062 ], [ -78.898168317356976, 35.995978174557479 ], [ -78.898174404917285, 35.995965168599227 ], [ -78.898178841953083, 35.995951728873237 ], [ -78.898181582890956, 35.995937993300458 ], [ -78.898182599563228, 35.995924102865551 ], [ -78.898181881581792, 35.995910200106294 ], [ -78.898179436339731, 35.995896427740064 ], [ -78.898175288878051, 35.995882927070305 ], [ -78.898169481785914, 35.99586983669554 ], [ -78.898162074661599, 35.995857290942851 ], [ -78.898153143539517, 35.995845418603913 ], [ -78.898142780046726, 35.99583434147825 ], [ -78.898131090593154, 35.995824173273832 ], [ -78.898118195122208, 35.995815018369768 ], [ -78.898104225962953, 35.995806970689166 ], [ -78.898089326546554, 35.995800112818841 ], [ -78.898087553071875, 35.995799390393479 ], [ -78.898086855965119, 35.995799108043087 ], [ -78.898086448518654, 35.995798943976716 ], [ -78.898082929453636, 35.995797422697734 ], [ -78.898079004868777, 35.99579547011713 ], [ -78.8980774437468, 35.995794648644001 ], [ -78.898075652786119, 35.99579371934815 ], [ -78.898074189763079, 35.995792953805122 ], [ -78.898072642645403, 35.995792098499471 ], [ -78.898066006060589, 35.995787737920601 ], [ -78.898065278251394, 35.995787194159014 ], [ -78.898062335811474, 35.995785046914598 ], [ -78.898061576053834, 35.995784505406434 ], [ -78.898058982334959, 35.995782313208402 ], [ -78.898057744911469, 35.99578129196216 ], [ -78.898056702340511, 35.995780403755177 ], [ -78.898051855765829, 35.99577571933164 ], [ -78.898050975785409, 35.995774786565164 ], [ -78.898050156175373, 35.99577388469887 ], [ -78.898043497442842, 35.99576538481525 ], [ -78.898043455091383, 35.995765406729134 ], [ -78.898043419081745, 35.995765359092033 ], [ -78.898042589334892, 35.995764132703712 ], [ -78.898040158986035, 35.995759702011981 ], [ -78.898038721159807, 35.995756948421814 ], [ -78.898037478067053, 35.995754716254162 ], [ -78.898037149363233, 35.995754035581008 ], [ -78.898036843598703, 35.995753392946703 ], [ -78.89797034304361, 35.995611516820027 ], [ -78.897966878136202, 35.995604683290821 ], [ -78.897965289302462, 35.995601774472888 ], [ -78.897963865121582, 35.995598793928636 ], [ -78.897965357249802, 35.995594772448655 ], [ -78.897969289175094, 35.995581984437713 ], [ -78.897971694582594, 35.995568949039992 ], [ -78.897972551314282, 35.99555578628479 ], [ -78.897971851510036, 35.995542617422096 ], [ -78.89796960157544, 35.995529563686262 ], [ -78.897965822250498, 35.995516745334555 ], [ -78.897960548340805, 35.995504280383336 ], [ -78.897953828414487, 35.995492283646392 ], [ -78.897945724364121, 35.995480865580667 ], [ -78.897936310799494, 35.995470131351844 ], [ -78.897925674440344, 35.995460179817371 ], [ -78.897913913238526, 35.995451102591794 ], [ -78.897901135466356, 35.995442983304258 ], [ -78.897887458838753, 35.99543589671871 ], [ -78.897873009297044, 35.995429908073639 ], [ -78.897872312058851, 35.995429652560901 ], [ -78.897870500535973, 35.99542670921678 ], [ -78.897847600481768, 35.995384465257558 ], [ -78.897841441489774, 35.995374268710542 ], [ -78.897705554998808, 35.995171007345427 ], [ -78.897700306857757, 35.995163702644383 ], [ -78.897557672701211, 35.994978516456904 ], [ -78.897541574637799, 35.994957445941424 ], [ -78.897539574727261, 35.994954516279115 ], [ -78.897539347683249, 35.99495394051857 ], [ -78.89753924644647, 35.994953721353333 ], [ -78.897548619954449, 35.994944135555862 ], [ -78.897575620496568, 35.994913585925552 ], [ -78.897575936923957, 35.994913226679309 ], [ -78.897604045464547, 35.994881206493069 ], [ -78.897613025917025, 35.994869831374054 ], [ -78.897620587281267, 35.99485779411539 ], [ -78.897626656324405, 35.994845211269883 ], [ -78.897631174309211, 35.994832204649327 ], [ -78.897634097468725, 35.994818900171332 ], [ -78.897635397548683, 35.994805426650771 ], [ -78.897635061910549, 35.99479191450893 ], [ -78.897633093837172, 35.994778494592389 ], [ -78.897629512399263, 35.994765296799436 ], [ -78.897624352254056, 35.9947524489261 ], [ -78.897617663342629, 35.994740075347295 ], [ -78.897609510418178, 35.99472829583523 ], [ -78.897599972438812, 35.994717224487459 ], [ -78.897589141757933, 35.99470696843516 ], [ -78.897577123212471, 35.994697626990778 ], [ -78.897564033144022, 35.994689290603304 ], [ -78.897549998284262, 35.994682039978301 ], [ -78.897535154539128, 35.994675945307691 ], [ -78.897519645637402, 35.994671065581862 ], [ -78.897503621644063, 35.994667448066565 ], [ -78.897487237777867, 35.99466512775242 ], [ -78.897470652586151, 35.994664127161165 ], [ -78.897454026694689, 35.994664455904967 ], [ -78.897437521015888, 35.994666110849884 ], [ -78.897421295396825, 35.994669075977313 ], [ -78.89741795848127, 35.994669827690736 ], [ -78.897393132789929, 35.994674556420961 ], [ -78.897389798398407, 35.99467507743519 ], [ -78.897386423247625, 35.994675378785281 ], [ -78.89736501855225, 35.994676583615103 ], [ -78.897348327833683, 35.994678203971475 ], [ -78.897331917677363, 35.994681163547654 ], [ -78.897315950448771, 35.994685433113901 ], [ -78.897300584000291, 35.994690970387964 ], [ -78.89728597038598, 35.994697720611093 ], [ -78.8972722541031, 35.994705617040935 ], [ -78.897259570806796, 35.994714581554732 ], [ -78.897248045956829, 35.994724525527367 ], [ -78.897237793532057, 35.994735350571865 ], [ -78.897228914913512, 35.994746949637332 ], [ -78.897221497970321, 35.994759208024661 ], [ -78.89721561601047, 35.994772004456806 ], [ -78.897211327238182, 35.994785212369599 ], [ -78.897208674042403, 35.99479870117478 ], [ -78.897207682724897, 35.994812337413592 ], [ -78.897208363024973, 35.994825986239562 ], [ -78.897210708219376, 35.994839512655069 ], [ -78.897214695154275, 35.994852782884784 ], [ -78.897220284378733, 35.9948656656669 ], [ -78.897227420616261, 35.994878033599626 ], [ -78.89723603327036, 35.99488976435039 ], [ -78.897246037200333, 35.994900741892643 ], [ -78.897249792072188, 35.994904460324236 ], [ -78.89725063391316, 35.994906154255673 ], [ -78.897246411139008, 35.9949100365437 ], [ -78.897236709226476, 35.994920945259743 ], [ -78.896863932209442, 35.995386550997026 ], [ -78.896861772870565, 35.995389003670127 ], [ -78.896860823571501, 35.995389633270541 ], [ -78.896858773540359, 35.995391014973492 ], [ -78.896858257058312, 35.995391368719545 ], [ -78.896855083865091, 35.995393410313753 ], [ -78.896854542803808, 35.995393740084438 ], [ -78.896851762646335, 35.995395421015502 ], [ -78.896850459917658, 35.995396209703472 ], [ -78.896846652152377, 35.995398427399437 ], [ -78.89684665238866, 35.995398427674331 ], [ -78.896844625989061, 35.995399595948228 ], [ -78.896842610980372, 35.99540079164764 ], [ -78.896839546396038, 35.995402572854225 ], [ -78.896830458826869, 35.995407781323962 ], [ -78.896818125820943, 35.995416405528864 ], [ -78.896806870408966, 35.995425953417282 ], [ -78.896802429162832, 35.995430531122459 ], [ -78.896791637295266, 35.995428888943458 ], [ -78.896775115657633, 35.995427718596737 ], [ -78.896768397825539, 35.995427779756596 ], [ -78.896763831961039, 35.995427611787008 ], [ -78.8967557551114, 35.995426614635569 ], [ -78.896739258574272, 35.995425246624713 ], [ -78.896722676444128, 35.995425198762561 ], [ -78.896706168379552, 35.995426471513767 ], [ -78.896689893210237, 35.995429052650728 ], [ -78.896674007584821, 35.995432917335009 ], [ -78.896658664415469, 35.995438028363246 ], [ -78.896644011390123, 35.995444336550271 ], [ -78.896630189484526, 35.995451781140183 ], [ -78.896617331811939, 35.995460290519418 ], [ -78.896605562033699, 35.99546978279232 ], [ -78.896594993512963, 35.995480166577138 ], [ -78.896585727927615, 35.995491341938724 ], [ -78.896577854423882, 35.995503201321931 ], [ -78.896571448871313, 35.995515630594774 ], [ -78.896566572847192, 35.995528510118973 ], [ -78.896563273297062, 35.9955417159034 ], [ -78.896561581992074, 35.995555120894807 ], [ -78.896561515223382, 35.995568596048784 ], [ -78.896563073597633, 35.995582011648374 ], [ -78.896566242170309, 35.995595238622613 ], [ -78.89657099037683, 35.995608149645449 ], [ -78.896577272571676, 35.995620620427225 ], [ -78.896582915223419, 35.995630420689615 ], [ -78.896583410479664, 35.995631463793735 ], [ -78.896584058496686, 35.995632852391154 ], [ -78.896585759304472, 35.995636398866097 ], [ -78.896586472128874, 35.995637969430547 ], [ -78.896586544904906, 35.995637947625326 ], [ -78.896589916308002, 35.995645508625955 ], [ -78.896597103800445, 35.995657717908351 ], [ -78.896605735035422, 35.995669293093144 ], [ -78.896615726253657, 35.99568012178068 ], [ -78.896626980401095, 35.995690098839859 ], [ -78.896639388243145, 35.995699127370528 ], [ -78.896652829309929, 35.995707119748197 ], [ -78.896667173044733, 35.995713998366732 ], [ -78.896682280222777, 35.9957196963813 ], [ -78.89669800416722, 35.995724158533541 ], [ -78.89671419216856, 35.9957273414824 ], [ -78.896730687072875, 35.995729214299978 ], [ -78.896747328701125, 35.995729758829889 ], [ -78.89676395547184, 35.99572896977098 ], [ -78.896780405989773, 35.995726854761145 ], [ -78.896796520499649, 35.995723434378512 ], [ -78.896812142509177, 35.995718741813256 ], [ -78.896827120378205, 35.995712822648983 ], [ -78.896841308671711, 35.995705734314654 ], [ -78.896854569613922, 35.99569754564606 ], [ -78.896866774441477, 35.995688336200395 ], [ -78.896877804655347, 35.995678195323102 ], [ -78.896887553204792, 35.995667221544615 ], [ -78.8968985115782, 35.995653509582198 ], [ -78.896900916459586, 35.99565080965818 ], [ -78.896904740041421, 35.99565201561537 ], [ -78.896984283024423, 35.995680942200636 ], [ -78.896989631953474, 35.99568307441352 ], [ -78.896990893730305, 35.995683623027134 ], [ -78.89699414650299, 35.995685000742604 ], [ -78.896997166664178, 35.995686246209296 ], [ -78.896998793016834, 35.995686935039451 ], [ -78.897001507259617, 35.99568811525198 ], [ -78.897005503452689, 35.995689797641681 ], [ -78.897006437334184, 35.995690178076657 ], [ -78.897013886534879, 35.995693470478891 ], [ -78.897013901098731, 35.995693448734222 ], [ -78.897017453407287, 35.995695046193909 ], [ -78.897018092076905, 35.995695315892043 ], [ -78.897022320127604, 35.995697165664424 ], [ -78.897026855888654, 35.995699160247852 ], [ -78.897029102369999, 35.995700184607735 ], [ -78.897030204961666, 35.995700705533466 ], [ -78.897034429326567, 35.995702636039255 ], [ -78.897038088806738, 35.995704252708428 ], [ -78.897038474288166, 35.995704434835631 ], [ -78.897042669935487, 35.995706352652853 ], [ -78.897046472025053, 35.995708033119463 ], [ -78.897048451007706, 35.995708978824162 ], [ -78.897049756914001, 35.995709596508689 ], [ -78.897051767982973, 35.99571053798244 ], [ -78.897056493393109, 35.995712769331242 ], [ -78.897057761976527, 35.995713362397808 ], [ -78.8970595732889, 35.995714200742199 ], [ -78.897060587233057, 35.995714677639526 ], [ -78.897064498678048, 35.995716546840306 ], [ -78.897065804584585, 35.995717164524656 ], [ -78.897066867080298, 35.995717661928651 ], [ -78.8970692871588, 35.995718839034829 ], [ -78.897070867060918, 35.99571963688426 ], [ -78.897075490489414, 35.995721889463844 ], [ -78.897077321077248, 35.995722749388868 ], [ -78.897079976685902, 35.995724050284764 ], [ -78.897080964025164, 35.995724554218334 ], [ -78.897086273054228, 35.99572714916782 ], [ -78.897091138844999, 35.995729629245069 ], [ -78.897091835215207, 35.995729982283123 ], [ -78.897095669842543, 35.995731915754938 ], [ -78.897096808510014, 35.995732512172957 ], [ -78.897101582542632, 35.995734922368982 ], [ -78.89710385427702, 35.995736027156028 ], [ -78.897106370023266, 35.995737311258701 ], [ -78.897108370336255, 35.995738364528911 ], [ -78.897109912935434, 35.995739202124255 ], [ -78.897112446549272, 35.995740577802337 ], [ -78.897114693324326, 35.99574179772609 ], [ -78.897119409002755, 35.995744267209346 ], [ -78.897122785697803, 35.995745971709447 ], [ -78.897122986664044, 35.995746080855668 ], [ -78.897125520278323, 35.995747456533444 ], [ -78.897128053892686, 35.995748832211198 ], [ -78.897130587507135, 35.995750207888847 ], [ -78.897133121121684, 35.995751583566495 ], [ -78.897135654736317, 35.995752959244072 ], [ -78.897138188351022, 35.995754334921578 ], [ -78.897140721999634, 35.99575571059907 ], [ -78.897141603325991, 35.995756189142206 ], [ -78.89714585076257, 35.995758614661334 ], [ -78.897149128898306, 35.995760440224302 ], [ -78.897150856249553, 35.995761378133508 ], [ -78.897151215955333, 35.99576157345215 ], [ -78.897154269222625, 35.995763344680526 ], [ -78.897158571031937, 35.99576575947642 ], [ -78.897159404253628, 35.99576621188158 ], [ -78.897163395473243, 35.995768486534082 ], [ -78.897169098573912, 35.995771795917243 ], [ -78.897169102467132, 35.995771791470233 ], [ -78.89716979754715, 35.995772202497797 ], [ -78.897173216539613, 35.995774168115339 ], [ -78.897175637472429, 35.995775605753899 ], [ -78.897176445387743, 35.995776074235621 ], [ -78.897177225640732, 35.995776523958888 ], [ -78.897183200017594, 35.99577994688709 ], [ -78.897183735748214, 35.995780272922879 ], [ -78.897185850501984, 35.995781557840182 ], [ -78.897186795114635, 35.995782140193768 ], [ -78.897190093097379, 35.995784203203151 ], [ -78.897195601153555, 35.99578750648719 ], [ -78.897197872162181, 35.99578881158952 ], [ -78.897198587089591, 35.995789246313514 ], [ -78.89720054034629, 35.995790434040003 ], [ -78.897201693097912, 35.995791147632204 ], [ -78.897205170929126, 35.995793338999121 ], [ -78.897206329009748, 35.995794062210585 ], [ -78.897207709528701, 35.995794916645288 ], [ -78.897208856985358, 35.995795620590698 ], [ -78.897210814836299, 35.995796811095474 ], [ -78.897211981149468, 35.995797520303654 ], [ -78.897214672923937, 35.995799227109273 ], [ -78.897215501123554, 35.995799774504142 ], [ -78.897220022879608, 35.995802660581049 ], [ -78.897221716529558, 35.995803704223775 ], [ -78.897224417864393, 35.995805442930937 ], [ -78.897224985065591, 35.995805823742479 ], [ -78.897228954394635, 35.99580840799868 ], [ -78.897231422030245, 35.995809965640802 ], [ -78.897233929177645, 35.995811607844011 ], [ -78.89723581535894, 35.995812881030353 ], [ -78.897239336105201, 35.995815193524017 ], [ -78.897241551737011, 35.995816609341524 ], [ -78.897244014145897, 35.995818263291895 ], [ -78.897245161196381, 35.995819047781239 ], [ -78.897246260673612, 35.995819813358032 ], [ -78.89725109768095, 35.995823056930263 ], [ -78.897253089858594, 35.995824343089339 ], [ -78.897253860593366, 35.995824861536249 ], [ -78.897256531972758, 35.995826684305847 ], [ -78.897257248208646, 35.995827180428016 ], [ -78.897261185503439, 35.995829942035698 ], [ -78.89726177524733, 35.995830353743315 ], [ -78.897263933541197, 35.995831853545582 ], [ -78.897267144866944, 35.99583409067283 ], [ -78.897269150048174, 35.995835465765843 ], [ -78.897272143270044, 35.995837486293901 ], [ -78.89727347603467, 35.995838412002122 ], [ -78.897277642194297, 35.995841329616539 ], [ -78.897279135395323, 35.99584236311798 ], [ -78.897279685835258, 35.99584273962973 ], [ -78.8972820760156, 35.995844437993924 ], [ -78.897285351477834, 35.995846855081389 ], [ -78.897287699884245, 35.995848599671319 ], [ -78.897291058998235, 35.995851029218336 ], [ -78.897294164546381, 35.995853215901768 ], [ -78.897297165603078, 35.995855429528618 ], [ -78.897301277367632, 35.995858483544353 ], [ -78.897302734167255, 35.995859592065337 ], [ -78.897305203029873, 35.995861515948747 ], [ -78.897308164924382, 35.995863769210345 ], [ -78.897311107906759, 35.995865954822683 ], [ -78.897311485321524, 35.995866234271574 ], [ -78.897312991979149, 35.995867346405554 ], [ -78.897313894449596, 35.995868079730144 ], [ -78.897320193935158, 35.995872941712179 ], [ -78.897322205144548, 35.99587441597923 ], [ -78.897323789815971, 35.995875640919166 ], [ -78.897326731064993, 35.995877861087997 ], [ -78.897326875682239, 35.995877967659226 ], [ -78.897329929614216, 35.995880444940276 ], [ -78.89733238188137, 35.995882394219713 ], [ -78.897336340542282, 35.995885477636762 ], [ -78.897337246773247, 35.995886178301447 ], [ -78.897339538979509, 35.995887937457624 ], [ -78.897343479540694, 35.995891138626895 ], [ -78.897346572614651, 35.995893513721249 ], [ -78.897351612371097, 35.995897757234985 ], [ -78.897352466086659, 35.995898470904102 ], [ -78.897359538463121, 35.995904340203914 ], [ -78.897360336794151, 35.995905036821966 ], [ -78.89736239534551, 35.995906792759584 ], [ -78.897364865217099, 35.995908855810065 ], [ -78.897368200562937, 35.995911583998335 ], [ -78.897368563415213, 35.995911911041844 ], [ -78.897371688410928, 35.995914651607485 ], [ -78.897374210499535, 35.995916803954529 ], [ -78.897374305483609, 35.995916730467307 ], [ -78.89737667255811, 35.995918870679311 ], [ -78.897379783840165, 35.995921416876726 ], [ -78.897380898547055, 35.995922410033863 ], [ -78.897383022332932, 35.995924306704303 ], [ -78.897384812034502, 35.995925902947207 ], [ -78.8973869882645, 35.995927869602482 ], [ -78.897387731767552, 35.995928537082648 ], [ -78.897389366919271, 35.995929995429215 ], [ -78.897391486856051, 35.995931888744813 ], [ -78.897392990789001, 35.995933231273753 ], [ -78.897398566533568, 35.995937975865033 ], [ -78.897399287863976, 35.995938561051197 ], [ -78.897402250065397, 35.995941294941218 ], [ -78.897403839359825, 35.995942741024528 ], [ -78.897404912120692, 35.995943703378821 ], [ -78.897405784263867, 35.995944494475978 ], [ -78.897406053519276, 35.99594473479759 ], [ -78.89741312448038, 35.995951510659502 ], [ -78.897414595359322, 35.995952901206984 ], [ -78.897418917475918, 35.995956932616906 ], [ -78.897418924615195, 35.995956927568265 ], [ -78.897419864314458, 35.995957814458052 ], [ -78.897425386771744, 35.995962888983506 ], [ -78.897428546623985, 35.995965869095514 ], [ -78.897428807441003, 35.995966126002394 ], [ -78.897430143050556, 35.995967476026443 ], [ -78.897430352061662, 35.995967692864753 ], [ -78.897435701861511, 35.995972966545985 ], [ -78.897436271101853, 35.995973500068857 ], [ -78.897437521260613, 35.995974710826125 ], [ -78.897437532222924, 35.995974703363252 ], [ -78.89743775432494, 35.995974940238845 ], [ -78.897441984839119, 35.995979019452726 ], [ -78.897443457848269, 35.995980569937096 ], [ -78.897445183599928, 35.995982267245708 ], [ -78.897445950224892, 35.995983015838945 ], [ -78.897446621610143, 35.995983666720726 ], [ -78.897447497694259, 35.995984549463728 ], [ -78.897448012561469, 35.995985147827135 ], [ -78.897453086278063, 35.99599047470663 ], [ -78.897456338458781, 35.995993663729003 ], [ -78.897457539212411, 35.995994967351095 ], [ -78.897462417218392, 35.996000013148709 ], [ -78.897462652611964, 35.996000245255466 ], [ -78.89746455497982, 35.996002088032995 ], [ -78.897465268822145, 35.996002767355179 ], [ -78.897466501488736, 35.99600415017504 ], [ -78.897471142234068, 35.996009024025199 ], [ -78.897476609245757, 35.996015012430377 ], [ -78.897477078856923, 35.996015524332257 ], [ -78.897484485469519, 35.996023558967444 ], [ -78.897490221336639, 35.996029439362331 ], [ -78.897491029059267, 35.996030222520652 ], [ -78.897491188722768, 35.996030380310003 ], [ -78.897497968162696, 35.996038327719965 ], [ -78.897501396351657, 35.996043420153683 ], [ -78.897503473850279, 35.996047536292735 ], [ -78.897504097682798, 35.996049030737488 ], [ -78.897504484674016, 35.996049995564732 ], [ -78.897506044758671, 35.996054426497956 ], [ -78.897507120459053, 35.996058611627397 ], [ -78.897507850538176, 35.996062981867802 ], [ -78.897507894908429, 35.996063340180214 ], [ -78.897508386798975, 35.996070822149363 ], [ -78.89750826603138, 35.996072590788032 ], [ -78.897508169392566, 35.996086232635356 ], [ -78.897509738472337, 35.99609981500469 ], [ -78.897512957823864, 35.996113203880029 ], [ -78.897517795703678, 35.996126267237031 ], [ -78.89752420437452, 35.996138876142155 ], [ -78.897532120610379, 35.996150906263843 ], [ -78.897541466303721, 35.996162238917087 ], [ -78.8975521493428, 35.996172762300212 ], [ -78.897564064252492, 35.996182372621888 ], [ -78.89757709354528, 35.996190975063676 ], [ -78.897591108700269, 35.996198484797318 ], [ -78.897605971413171, 35.996204827700012 ], [ -78.897621535150165, 35.996209941207304 ], [ -78.897637646296616, 35.996213774918566 ], [ -78.897654145982017, 35.996216290955466 ], [ -78.897670871431657, 35.996217464540145 ], [ -78.897680849412978, 35.996217760243333 ], [ -78.897688799027321, 35.996218343405353 ], [ -78.897689633703592, 35.996218454564797 ], [ -78.897694168292958, 35.996218876826383 ], [ -78.897697474427062, 35.996219441292148 ], [ -78.89770677604686, 35.996221487942435 ], [ -78.897710230610656, 35.996222379243328 ], [ -78.897713578184039, 35.996223508352287 ], [ -78.897721933936879, 35.996226675405794 ], [ -78.897725237525052, 35.996228075175637 ], [ -78.8977283760874, 35.996229706524083 ], [ -78.897735966188776, 35.996234047343087 ], [ -78.897738833597089, 35.996235841558864 ], [ -78.897741501107518, 35.996237829029695 ], [ -78.897748054449337, 35.996243150102401 ], [ -78.897750560479778, 35.99624537236879 ], [ -78.897752816440658, 35.996247765074905 ], [ -78.897756899556114, 35.996252514882997 ], [ -78.897762933933109, 35.996260842729903 ], [ -78.897765205244212, 35.996264540974551 ], [ -78.897765722863198, 35.996265398663915 ], [ -78.897767383169324, 35.996268198841243 ], [ -78.897767528863028, 35.996268443975914 ], [ -78.897769616994154, 35.996271947903004 ], [ -78.897817626821507, 35.996352323131383 ], [ -78.89782193402894, 35.996359564183493 ], [ -78.897822010637597, 35.996359692783798 ], [ -78.897823143510792, 35.996361592243574 ], [ -78.897825244269171, 35.996365406106563 ], [ -78.897827495439088, 35.996369850991456 ], [ -78.897871236795851, 35.996456529965627 ], [ -78.897871374781602, 35.99645680261952 ], [ -78.897872489264998, 35.996458997622518 ], [ -78.897872783888218, 35.996459576542797 ], [ -78.897874718137658, 35.996463755847984 ], [ -78.897875771156009, 35.996466277071136 ], [ -78.897875939100985, 35.996466677105055 ], [ -78.897888669373515, 35.996496851123581 ], [ -78.897889911557087, 35.99650004771128 ], [ -78.897923909861433, 35.99659560031796 ], [ -78.897925368030499, 35.996600319164294 ], [ -78.897940974892336, 35.996659652503908 ], [ -78.897941949107917, 35.996663408613493 ], [ -78.897942058984086, 35.996663829064573 ], [ -78.897950805205355, 35.996697035304535 ], [ -78.897951789600967, 35.996701483276389 ], [ -78.897966906253828, 35.996785594843928 ], [ -78.897967944889444, 35.996790699716797 ], [ -78.898002592236594, 35.99694309294572 ], [ -78.898019043570102, 35.997015617274549 ], [ -78.898022247355058, 35.997027002036283 ], [ -78.898022855128701, 35.997028805264414 ], [ -78.898023744301128, 35.997031515980353 ], [ -78.898024163526031, 35.997032770100738 ], [ -78.898024962021637, 35.997035114883921 ], [ -78.89802551415778, 35.997036699287619 ], [ -78.898027263404359, 35.997041606440462 ], [ -78.898028087742375, 35.997043939460191 ], [ -78.898028841406941, 35.997046101167548 ], [ -78.898029166516721, 35.99704706182046 ], [ -78.898029521696614, 35.997048142683539 ], [ -78.898030185724764, 35.997050104850061 ], [ -78.898030469842453, 35.997050920779706 ], [ -78.898030889343872, 35.997052170257689 ], [ -78.898031060945527, 35.997052701083163 ], [ -78.898032039635467, 35.997055598922856 ], [ -78.898032316792339, 35.997056385672614 ], [ -78.898032429502706, 35.997056704263954 ], [ -78.898033122215097, 35.997058652938733 ], [ -78.898033148926487, 35.997058729165225 ], [ -78.898035966178639, 35.997065998962256 ], [ -78.89803665376715, 35.997067615317661 ], [ -78.898037861709014, 35.99707119536788 ], [ -78.898037867119413, 35.997071194163681 ], [ -78.898038531538717, 35.997073194872115 ], [ -78.898038747792185, 35.99707381012535 ], [ -78.898041188828216, 35.997080167410573 ], [ -78.898041996797744, 35.997082105110735 ], [ -78.898042468016001, 35.997083439489352 ], [ -78.898045084144769, 35.997090187226711 ], [ -78.898045791539715, 35.997091860216045 ], [ -78.89804622925466, 35.997093116082404 ], [ -78.898046358365406, 35.997093484519546 ], [ -78.898046876569538, 35.997094955714807 ], [ -78.898049431473723, 35.997101572557206 ], [ -78.898051709202974, 35.997106988993494 ], [ -78.898051747518068, 35.997106978339296 ], [ -78.898052740025534, 35.997109563352055 ], [ -78.898053505110425, 35.997111302759102 ], [ -78.8980544925396, 35.997113893783705 ], [ -78.898056716986886, 35.997119260837742 ], [ -78.898057926177742, 35.997122362126447 ], [ -78.898061395603563, 35.997130386020295 ], [ -78.898063440355003, 35.997135689081922 ], [ -78.898064493602547, 35.997138120802866 ], [ -78.898064694837629, 35.997138582756065 ], [ -78.898068908371371, 35.997148201075319 ], [ -78.898071321168644, 35.997153233141574 ], [ -78.89807232888414, 35.997155528321713 ], [ -78.898072729420974, 35.99715643068928 ], [ -78.898075123243785, 35.997161765029034 ], [ -78.898077024210096, 35.997165686268247 ], [ -78.89807802096405, 35.997167988471709 ], [ -78.898080598734978, 35.997173554406871 ], [ -78.898081796813287, 35.997175980644414 ], [ -78.898083180156391, 35.997179335084752 ], [ -78.89808328239441, 35.997179567875762 ], [ -78.898086615584248, 35.997186551937709 ], [ -78.898086707209686, 35.997186729366064 ], [ -78.898087589038042, 35.99718840612676 ], [ -78.89808800143922, 35.997189176067117 ], [ -78.898088439753039, 35.997190172911004 ], [ -78.898091998093662, 35.997197581091001 ], [ -78.898092860008788, 35.997199232671719 ], [ -78.89809322649306, 35.997199929556196 ], [ -78.898093474473882, 35.997200397536965 ], [ -78.898095071548326, 35.997203635514154 ], [ -78.898095124409338, 35.997203751128183 ], [ -78.898097685321801, 35.997209016215386 ], [ -78.898097729937291, 35.997209102675932 ], [ -78.898098299176397, 35.99721039686375 ], [ -78.898101214596224, 35.997216554335466 ], [ -78.898101304970226, 35.997216732312204 ], [ -78.898103327532098, 35.997220550856326 ], [ -78.898104661858824, 35.997222968608853 ], [ -78.898105021964525, 35.997223630435137 ], [ -78.898105884003925, 35.997225237595465 ], [ -78.898106359317651, 35.997226141288962 ], [ -78.898106704943814, 35.997226811674054 ], [ -78.898107975975165, 35.997229425955268 ], [ -78.898108122152237, 35.997229745590843 ], [ -78.89811131680932, 35.997236222616515 ], [ -78.898111870879873, 35.997237268207719 ], [ -78.8981128896516, 35.997239215752863 ], [ -78.898113729720293, 35.997240794105352 ], [ -78.898115690903552, 35.997244416538457 ], [ -78.89811683766014, 35.997246553904112 ], [ -78.898117362991584, 35.997247522800137 ], [ -78.898119239302417, 35.997250947591958 ], [ -78.898119972325119, 35.99725232597708 ], [ -78.898120148325475, 35.997252667064778 ], [ -78.898121614438466, 35.997255423917458 ], [ -78.898123181904168, 35.997258284996725 ], [ -78.89812359711118, 35.997259055516182 ], [ -78.898124338255542, 35.997260454181536 ], [ -78.898125017502622, 35.997261718490215 ], [ -78.898126937397777, 35.997265243779211 ], [ -78.898127460246911, 35.99726622434823 ], [ -78.898127937845402, 35.997267139526322 ], [ -78.898128983543685, 35.997269100719315 ], [ -78.898130461105055, 35.997271813765401 ], [ -78.898134146204711, 35.99727813958765 ], [ -78.898134268939913, 35.997278337095636 ], [ -78.898136035619686, 35.997281361160645 ], [ -78.898137653644412, 35.997284314529011 ], [ -78.898140181005218, 35.997288954405214 ], [ -78.898140337366456, 35.997289240562232 ], [ -78.89814170850498, 35.997291742350889 ], [ -78.898144923292875, 35.997297273295722 ], [ -78.898146277299873, 35.997299474538764 ], [ -78.898147898182287, 35.997302387444783 ], [ -78.89814893539517, 35.997304188887405 ], [ -78.898151125126432, 35.997307849639995 ], [ -78.89815355607719, 35.997311765028783 ], [ -78.898154012864097, 35.997312563520659 ], [ -78.89815789752501, 35.997319074222553 ], [ -78.898157945586632, 35.997319162389154 ], [ -78.898162894471383, 35.997327475270168 ], [ -78.898164370991225, 35.997329756500378 ], [ -78.898167393070608, 35.99733482107586 ], [ -78.898169036785347, 35.997337349490877 ], [ -78.898171409522277, 35.99734134710598 ], [ -78.898171553692393, 35.997341569822566 ], [ -78.898173788354356, 35.997344908378913 ], [ -78.898175124414095, 35.99734684028229 ], [ -78.898175809864796, 35.997347931474415 ], [ -78.898177182086414, 35.997350219622597 ], [ -78.89817722846665, 35.99735030078272 ], [ -78.898183887552435, 35.997360751524837 ], [ -78.898184954779055, 35.997362264026101 ], [ -78.898185085321444, 35.997362463243732 ], [ -78.898185404174981, 35.997362999575927 ], [ -78.898189211773001, 35.997369021066241 ], [ -78.898192262130578, 35.997373565860919 ], [ -78.898192642866306, 35.997374168394472 ], [ -78.89819562906348, 35.997378684648289 ], [ -78.898197015704952, 35.997380690984627 ], [ -78.89819811744502, 35.99738233946784 ], [ -78.898198141501453, 35.997382376683433 ], [ -78.898198186901126, 35.997382458035027 ], [ -78.898201801777887, 35.997388182788882 ], [ -78.898207882659946, 35.997396998476347 ], [ -78.898209714751005, 35.997399439415666 ], [ -78.898210076398925, 35.997399951993664 ], [ -78.898211206742914, 35.997401570639752 ], [ -78.898213401854619, 35.997404856390801 ], [ -78.898213421506625, 35.997404847726379 ], [ -78.89821656479414, 35.997409476383915 ], [ -78.898217953833154, 35.997411405281632 ], [ -78.898218876245465, 35.997412670616448 ], [ -78.898220449471793, 35.997414802594847 ], [ -78.898221127269295, 35.997415744366329 ], [ -78.898222291215617, 35.997417336942966 ], [ -78.898222773613, 35.997417986920922 ], [ -78.898223510231048, 35.997419010110036 ], [ -78.898228665892802, 35.997426726383296 ], [ -78.898230523249239, 35.997429265579122 ], [ -78.898231083705056, 35.997430048663453 ], [ -78.898234905549899, 35.997435313424184 ], [ -78.898234906530845, 35.997435312957982 ], [ -78.898235460669511, 35.997436092548249 ], [ -78.898238357351261, 35.997440048265744 ], [ -78.898239690652488, 35.997441837894456 ], [ -78.8982406726265, 35.997443133579054 ], [ -78.89824286628938, 35.997446149372124 ], [ -78.898243225548256, 35.997446653432071 ], [ -78.898246427512731, 35.997451051162614 ], [ -78.898246538124212, 35.997450997988743 ], [ -78.898252228707236, 35.997458813134536 ], [ -78.898256459432545, 35.997463971812955 ], [ -78.898258616208565, 35.99746693881422 ], [ -78.898258634914384, 35.99746692984683 ], [ -78.898260332224197, 35.99746926460805 ], [ -78.898261991649093, 35.997471456544183 ], [ -78.898263888843786, 35.997473985333698 ], [ -78.898264054865578, 35.997473903086856 ], [ -78.898267416447254, 35.997478500553015 ], [ -78.898269530737693, 35.997481086442853 ], [ -78.898269563710599, 35.9974811302314 ], [ -78.89827100879603, 35.997483036951216 ], [ -78.898271160229967, 35.997483236763024 ], [ -78.898275895514615, 35.997489140046575 ], [ -78.898277229495989, 35.997490713314868 ], [ -78.898278174822252, 35.997491985068976 ], [ -78.898283275502138, 35.997498433321276 ], [ -78.898284087715112, 35.997499399708254 ], [ -78.89828514174576, 35.997500790446708 ], [ -78.898285355680002, 35.997501075772391 ], [ -78.898290899705557, 35.997507992991473 ], [ -78.898292917700076, 35.997510352605644 ], [ -78.898295407015482, 35.997513487949774 ], [ -78.898299254212802, 35.997518063403071 ], [ -78.898301227356598, 35.997520523220899 ], [ -78.898303661336797, 35.997523360405026 ], [ -78.898306288460716, 35.997526590473299 ], [ -78.898308778050449, 35.997529482205778 ], [ -78.898310778834556, 35.997531738020371 ], [ -78.898311836568894, 35.997533007203096 ], [ -78.898312907636381, 35.997534292357493 ], [ -78.898314627028654, 35.997536355476925 ], [ -78.898316959233796, 35.997538967919297 ], [ -78.8983208863079, 35.997543791445302 ], [ -78.898322573927175, 35.997545824622406 ], [ -78.898323097270634, 35.997546443152395 ], [ -78.898326483972312, 35.99755023914782 ], [ -78.89832686816699, 35.997550700483593 ], [ -78.898332388494964, 35.997556764738107 ], [ -78.898333619333187, 35.997558234107515 ], [ -78.898340551572019, 35.997565922185551 ], [ -78.898341492850221, 35.997566893514424 ], [ -78.898341977270348, 35.997567442126055 ], [ -78.898345927606968, 35.997572103647386 ], [ -78.898353174347321, 35.997580029307159 ], [ -78.898354934723542, 35.997581816625157 ], [ -78.898366197295445, 35.997592142540555 ], [ -78.898378677962299, 35.997601498153408 ], [ -78.898392250747776, 35.997609788996201 ], [ -78.898406778708676, 35.997616931470709 ], [ -78.898422115184886, 35.997622853453564 ], [ -78.898438105421064, 35.997627495176502 ], [ -78.898454588120799, 35.997630809832295 ], [ -78.898471396866199, 35.997632763960226 ], [ -78.898488362044219, 35.997633337832504 ], [ -78.898505312503005, 35.997632525647894 ], [ -78.898522077174491, 35.997630335615433 ], [ -78.898538486832507, 35.997626789846016 ], [ -78.898554375918536, 35.997621924106767 ], [ -78.898569584097359, 35.997615787519955 ], [ -78.898583957846512, 35.99760844198763 ], [ -78.898597352181213, 35.997599961643424 ], [ -78.898609631906112, 35.997590432057073 ], [ -78.898620673070056, 35.997579949411438 ], [ -78.898630364319501, 35.997568619487119 ], [ -78.898634885125134, 35.997562722854319 ], [ -78.898868628158354, 35.997287749236939 ], [ -78.898951459676297, 35.997190310053398 ], [ -78.899032867450487, 35.997094541345525 ], [ -78.899041689535096, 35.997082977303123 ], [ -78.899049060387412, 35.99707076075395 ], [ -78.899054907717101, 35.997058011521446 ], [ -78.899059174169338, 35.997044854770607 ], [ -78.899061817833612, 35.997031419525122 ], [ -78.899062812819764, 35.997017837678818 ], [ -78.899062149327364, 35.997004242457301 ], [ -78.89905983391759, 35.996990767264549 ], [ -78.899055889244437, 35.996977544363908 ], [ -78.899050354056342, 35.996964703477232 ], [ -78.899043282656905, 35.99695237057567 ], [ -78.899034744432939, 35.996940666697981 ], [ -78.8990248231799, 35.996929706713907 ], [ -78.899013616224522, 35.996919598114687 ], [ -78.899001233513118, 35.996910440105722 ], [ -78.898987796632525, 35.996902322562065 ], [ -78.89897343732386, 35.996895325120484 ], [ -78.898958296570683, 35.996889516437058 ], [ -78.898942522875728, 35.996884953554037 ], [ -78.898926271078636, 35.996881681184483 ], [ -78.898909700564658, 35.996879731436216 ], [ -78.898892974014302, 35.996879123508521 ], [ -78.898878236346874, 35.996879181607902 ], [ -78.898586710841855, 35.996880148633167 ], [ -78.89841886652664, 35.996880831437984 ], [ -78.898416845100201, 35.996880830910847 ], [ -78.898414247690752, 35.996880782077938 ] ], [ [ -78.897697232130611, 35.990368977126103 ], [ -78.897700191990197, 35.990364181063576 ], [ -78.897706811639736, 35.990352018903707 ], [ -78.897711952974916, 35.99033939349922 ], [ -78.897715567846532, 35.990326423209744 ], [ -78.897717622298501, 35.990313229593347 ], [ -78.897718097143894, 35.990299936335703 ], [ -78.897716987898704, 35.990286668096189 ], [ -78.897714304952473, 35.990273549216916 ], [ -78.89771007346819, 35.990260702678825 ], [ -78.89770433311331, 35.990248248920111 ], [ -78.897697137689349, 35.990236304709626 ], [ -78.897688554693872, 35.990224981965369 ], [ -78.897678664544173, 35.990214386874655 ], [ -78.89766755993648, 35.990204618739874 ], [ -78.897655345035687, 35.990195769126203 ], [ -78.897642134293463, 35.990187921009046 ], [ -78.897628051570337, 35.99018114792176 ], [ -78.897613228852038, 35.990175513405056 ], [ -78.897605056685904, 35.990173159217782 ], [ -78.897597177471113, 35.990170524769752 ], [ -78.897591014636618, 35.990168167403652 ], [ -78.897575585759469, 35.990163690384264 ], [ -78.897559696006482, 35.990160448372166 ], [ -78.897543494644211, 35.990158471847771 ], [ -78.897527133962754, 35.990157779371707 ], [ -78.897510767619551, 35.990158377473598 ], [ -78.897494549422632, 35.990160260541089 ], [ -78.897478631775797, 35.990163410845973 ], [ -78.897463164190896, 35.990167798817822 ], [ -78.897448292037012, 35.990173383207619 ], [ -78.897434155052579, 35.990180111553514 ], [ -78.897420886026509, 35.990187920646754 ], [ -78.897408609715825, 35.990196737080126 ], [ -78.897397441357299, 35.990206478070895 ], [ -78.897387485990677, 35.990217052037067 ], [ -78.897378837105322, 35.990228359640135 ], [ -78.897371575962879, 35.990240294663572 ], [ -78.897365770784987, 35.990252744946091 ], [ -78.89736210893679, 35.990263700357453 ], [ -78.897360721441686, 35.990267419306463 ], [ -78.897356866839232, 35.990276469940319 ], [ -78.897355635437322, 35.99027902529641 ], [ -78.897352673788333, 35.990283965434365 ], [ -78.897352829303472, 35.990284027017537 ], [ -78.897348661036972, 35.990291117857822 ], [ -78.897343126479257, 35.990303432577605 ], [ -78.897339061860364, 35.990316120022023 ], [ -78.897336504172912, 35.99032906459712 ], [ -78.897335476756311, 35.990342148362373 ], [ -78.897335988923487, 35.990355252156739 ], [ -78.897338036060887, 35.99036825658758 ], [ -78.897341599458187, 35.990381043156944 ], [ -78.897346646712322, 35.990393495360671 ], [ -78.897353131793778, 35.990405499787364 ], [ -78.897360995653756, 35.9904169470528 ], [ -78.897370166628448, 35.990427732871815 ], [ -78.897380561181464, 35.990437758965264 ], [ -78.897392084578826, 35.990446933994868 ], [ -78.897404631868028, 35.990455174360498 ], [ -78.897418088756083, 35.990462405025141 ], [ -78.897432332588878, 35.990468560065146 ], [ -78.897447233634892, 35.990473583440448 ], [ -78.897453012222357, 35.990475273633891 ], [ -78.897457974292479, 35.990477107171763 ], [ -78.8974735334304, 35.990482116701536 ], [ -78.897489625907085, 35.990485851146254 ], [ -78.897506093943548, 35.990488273864464 ], [ -78.897522776093595, 35.990489361123039 ], [ -78.897539508764879, 35.99048910223582 ], [ -78.897556127908715, 35.990487499757364 ], [ -78.89757247054149, 35.990484569401765 ], [ -78.897588376468732, 35.99048033990681 ], [ -78.897603689705235, 35.990474852705397 ], [ -78.897618260131878, 35.990468161652323 ], [ -78.89763194484857, 35.990460332338593 ], [ -78.897644609696144, 35.990451441488275 ], [ -78.89765613047409, 35.990441576327761 ], [ -78.897666394293978, 35.990430833570343 ], [ -78.897675300425604, 35.990419318537981 ], [ -78.8976827615828, 35.990407144145784 ], [ -78.897688704634703, 35.990394429748925 ], [ -78.897693071283186, 35.990381300016907 ], [ -78.897694993202791, 35.990374128469661 ], [ -78.897695981665919, 35.990371511701525 ], [ -78.897697232130611, 35.990368977126103 ] ], [ [ -78.899148952285302, 35.993025012145765 ], [ -78.899142345866196, 35.993019911743858 ], [ -78.899128987273272, 35.993011491537956 ], [ -78.899114660385209, 35.993004197909663 ], [ -78.899099508573499, 35.992998103884759 ], [ -78.899083683472654, 35.992993270436337 ], [ -78.899067343324617, 35.992989745878887 ], [ -78.899050651660886, 35.992987565510099 ], [ -78.899033775477704, 35.992986751142418 ], [ -78.899016883613811, 35.992987310909392 ], [ -78.89900014502652, 35.992989239236728 ], [ -78.898983727236825, 35.99299251678616 ], [ -78.898967794503648, 35.992997110811018 ], [ -78.89895250616722, 35.993002975319584 ], [ -78.898938015228708, 35.993010051650955 ], [ -78.898924466659352, 35.993018268995456 ], [ -78.898911996013567, 35.993027545162704 ], [ -78.898900728042079, 35.993037787349685 ], [ -78.898890775507624, 35.993048893046158 ], [ -78.898882237966603, 35.993060751187585 ], [ -78.898881970493903, 35.993061169375615 ], [ -78.898879718614623, 35.993063978911991 ], [ -78.898749972774553, 35.993209714527666 ], [ -78.898740809286849, 35.993221166092141 ], [ -78.898733090764111, 35.993233300681702 ], [ -78.898726893551341, 35.993245998284614 ], [ -78.898722278958004, 35.993259133327449 ], [ -78.898719292614075, 35.99327257591078 ], [ -78.89871796406284, 35.993286193072599 ], [ -78.898718306421173, 35.99329985010646 ], [ -78.898720316343784, 35.993313411990087 ], [ -78.89872397392044, 35.993326744566438 ], [ -78.89872924297822, 35.993339715999937 ], [ -78.898736071451879, 35.993352197958124 ], [ -78.898744391720072, 35.99336406701282 ], [ -78.898754121584261, 35.993375205767364 ], [ -78.898765164740439, 35.993385504038216 ], [ -78.89877741202838, 35.993394860037291 ], [ -78.898790742275736, 35.993403181141808 ], [ -78.898805023648748, 35.993410385131668 ], [ -78.898820114936001, 35.993416400712498 ], [ -78.898835866831988, 35.993421168423147 ], [ -78.898852123559095, 35.993424641049295 ], [ -78.898868724354244, 35.993426784311282 ], [ -78.898885505023699, 35.993427576975435 ], [ -78.898902299599101, 35.993427011184934 ], [ -78.898918941926141, 35.993425092598706 ], [ -78.898935267490316, 35.99342184014553 ], [ -78.89893800640823, 35.993421175555241 ], [ -78.898939784439335, 35.993420761638653 ], [ -78.898941368407563, 35.993420397256365 ], [ -78.898944704322119, 35.993419690387618 ], [ -78.898945622288508, 35.993419512174079 ], [ -78.898947171366814, 35.993419205122088 ], [ -78.898947743406822, 35.993419089393392 ], [ -78.898951837146825, 35.993418348455606 ], [ -78.898955761387114, 35.993417720832333 ], [ -78.898956441491023, 35.99341761090691 ], [ -78.898959143046213, 35.993417169458922 ], [ -78.898966040103474, 35.993416274035468 ], [ -78.898966971216964, 35.993416178822223 ], [ -78.898971869325365, 35.99341565062447 ], [ -78.898972823364119, 35.993415550457918 ], [ -78.898978302333077, 35.993415124190342 ], [ -78.898981603802824, 35.99341495566695 ], [ -78.898984983859734, 35.993414792730121 ], [ -78.898985628439576, 35.993414760655178 ], [ -78.898988897050884, 35.993414592928538 ], [ -78.898994307812302, 35.99341445647687 ], [ -78.898994980138127, 35.993414457032785 ], [ -78.898997012394915, 35.993414458713154 ], [ -78.898999707908132, 35.993414495884871 ], [ -78.899002020493214, 35.993414557765924 ], [ -78.899002668426647, 35.993414574097407 ], [ -78.899010356870804, 35.993414755883137 ], [ -78.899013235948431, 35.993414947867521 ], [ -78.899016252295212, 35.993415200785904 ], [ -78.899019266929983, 35.993415498150732 ], [ -78.89902071349924, 35.993415662303967 ], [ -78.899021640071396, 35.993415765344075 ], [ -78.899026460903698, 35.993416290369773 ], [ -78.899027307109321, 35.99341637806959 ], [ -78.899034266799248, 35.993417296433222 ], [ -78.899036721367949, 35.993417703877633 ], [ -78.899037741058081, 35.99341787047986 ], [ -78.899041095694358, 35.993418409896613 ], [ -78.899046039753671, 35.993419331016483 ], [ -78.899046442724867, 35.993419416509333 ], [ -78.899052692587475, 35.993420777226177 ], [ -78.899053914931898, 35.99342105220363 ], [ -78.899056029938109, 35.993421542384141 ], [ -78.899057882966503, 35.993421976389875 ], [ -78.899060516825259, 35.993422632044251 ], [ -78.899061637326753, 35.993422927403302 ], [ -78.899063442447385, 35.993423421558106 ], [ -78.899065110957935, 35.993423895381461 ], [ -78.899065988934424, 35.99342414914144 ], [ -78.899068111108747, 35.993424773220852 ], [ -78.89907177206257, 35.993425864423223 ], [ -78.89907286443264, 35.993426192119678 ], [ -78.899076718755751, 35.993427436961653 ], [ -78.899077336322819, 35.99342765086589 ], [ -78.899078803884237, 35.993428166635915 ], [ -78.899082838679362, 35.993429687654455 ], [ -78.899083765678753, 35.99343004386634 ], [ -78.899089379657624, 35.993432214667486 ], [ -78.899090379608296, 35.993432623079357 ], [ -78.899093488624871, 35.993433866123851 ], [ -78.899094419511385, 35.993434249699902 ], [ -78.899100108111838, 35.993436948498086 ], [ -78.899104457267669, 35.993438942467456 ], [ -78.899104951680869, 35.993439161351958 ], [ -78.899308303011651, 35.99353801449849 ], [ -78.89931464211395, 35.993541419742627 ], [ -78.899338202268339, 35.993555352513823 ], [ -78.899351195678932, 35.993562316161359 ], [ -78.899489192981591, 35.99362907551847 ], [ -78.899504094393549, 35.993635488883903 ], [ -78.89951970797884, 35.993640663758157 ], [ -78.899535878336323, 35.993644548587653 ], [ -78.899552444606257, 35.993647104698184 ], [ -78.899569241788186, 35.993648306680754 ], [ -78.899586102802814, 35.993648142585393 ], [ -78.8996028597427, 35.993646613977305 ], [ -78.899619345900263, 35.993643736158184 ], [ -78.899635397154398, 35.993639537700382 ], [ -78.899650853728318, 35.993634060420888 ], [ -78.899665561846689, 35.993627358860692 ], [ -78.899679375054745, 35.993619499654116 ], [ -78.899692155875243, 35.993610561090478 ], [ -78.899703777162003, 35.993600632098939 ], [ -78.899714123148613, 35.993589811507491 ], [ -78.899723090971008, 35.993578207027824 ], [ -78.899730591311041, 35.993565934129556 ], [ -78.899736549513335, 35.993553114997241 ], [ -78.899740906296813, 35.993539877184723 ], [ -78.899743618296881, 35.993526352489475 ], [ -78.899744658540556, 35.99351267549693 ], [ -78.899744016650729, 35.993498982316915 ], [ -78.899741699016815, 35.993485409265304 ], [ -78.899737728695044, 35.993472091435351 ], [ -78.899732145241117, 35.993459161379057 ], [ -78.899725004170932, 35.993446747760508 ], [ -78.899716376623928, 35.993434974147071 ], [ -78.899706348452114, 35.993423957744881 ], [ -78.899695019443911, 35.993413808162025 ], [ -78.899682502345158, 35.993404626418858 ], [ -78.899563517931625, 35.993325732882639 ], [ -78.899561617706723, 35.993324434665929 ], [ -78.899357919464791, 35.99318106836256 ], [ -78.899356053828484, 35.993179715503949 ], [ -78.899157233820205, 35.993031192135987 ], [ -78.899156250117173, 35.993030445461194 ], [ -78.899149072248107, 35.993024909421187 ], [ -78.899148952285302, 35.993025012145765 ] ], [ [ -78.902521593948947, 36.001149116137164 ], [ -78.902521654564922, 36.00114581523659 ], [ -78.902563314738671, 36.00061556251373 ], [ -78.902563545662872, 36.000601801708562 ], [ -78.902562080837626, 36.000588091195944 ], [ -78.902558934905016, 36.000574568588959 ], [ -78.902554139480316, 36.000561369700939 ], [ -78.902547742680539, 36.000548626979494 ], [ -78.902539808753929, 36.000536468379828 ], [ -78.902530417304106, 36.000525015908138 ], [ -78.902519662682735, 36.000514384604841 ], [ -78.902507652774148, 36.000504681169943 ], [ -78.902494508218922, 36.000496002973563 ], [ -78.902480360893676, 36.000488437203202 ], [ -78.902465352898119, 36.000482059763925 ], [ -78.902449634831726, 36.000476934672868 ], [ -78.902433364543597, 36.000473113426281 ], [ -78.902416705307786, 36.000470634338804 ], [ -78.902399824437481, 36.000469522322668 ], [ -78.90225535424959, 36.000465908490625 ], [ -78.902251313904983, 36.000465642252166 ], [ -78.902250937472999, 36.000462092774711 ], [ -78.902248633221532, 36.000448429275266 ], [ -78.902244654374229, 36.000435022386839 ], [ -78.902239041065798, 36.000422007325312 ], [ -78.902231849865913, 36.000409515254034 ], [ -78.902223153307247, 36.000397672129601 ], [ -78.902213039041911, 36.000386597355138 ], [ -78.902208330345005, 36.000381948708096 ], [ -78.902208381593482, 36.000378576732132 ], [ -78.902210222969231, 36.000354635261829 ], [ -78.902218192363307, 36.000258135181504 ], [ -78.902218503475424, 36.000245037145504 ], [ -78.902217277552367, 36.000231974607715 ], [ -78.902214525742352, 36.000219066360856 ], [ -78.902210273022092, 36.000206429890113 ], [ -78.902204558130748, 36.000194180109361 ], [ -78.902197433063847, 36.000182428426797 ], [ -78.90218896263498, 36.000171281810559 ], [ -78.90217922383485, 36.000160841606956 ], [ -78.90216830532502, 36.000151202798435 ], [ -78.902156306424899, 36.000142453096188 ], [ -78.902143336267514, 36.000134672060469 ], [ -78.902129512819968, 36.000127930495381 ], [ -78.902114961870026, 36.000122289706454 ], [ -78.90209981577604, 36.000117801005146 ], [ -78.902084212317902, 36.0001145052684 ], [ -78.902068293413151, 36.000112432443096 ], [ -78.902052203900084, 36.000111601380368 ], [ -78.90193261586515, 36.000110068386654 ], [ -78.901921822323544, 36.000109508546963 ], [ -78.901919385094686, 36.00010928564236 ], [ -78.901903298661352, 36.000109065184198 ], [ -78.901890326146997, 36.000109389361597 ], [ -78.901833545965516, 36.000108389824348 ], [ -78.90183169405816, 36.000108340729284 ], [ -78.901751909839675, 36.000105513245273 ], [ -78.901745204354384, 36.000105057660392 ], [ -78.901674266808769, 36.000097916710168 ], [ -78.901671530872264, 36.000097604307449 ], [ -78.901624230142417, 36.000091561240104 ], [ -78.901620308154108, 36.000090897161016 ], [ -78.90162038906773, 36.000087642399365 ], [ -78.90162156578613, 36.000073942708021 ], [ -78.901621898775048, 36.000060227365552 ], [ -78.901620546482377, 36.000046553437947 ], [ -78.901617522400528, 36.00003305732875 ], [ -78.901612856690761, 36.000019873641691 ], [ -78.901606595880452, 36.000007133889525 ], [ -78.901598802459077, 35.999994965119988 ], [ -78.901589554102017, 35.999983488761544 ], [ -78.901578943131355, 35.999972819221831 ], [ -78.901567075333702, 35.999963062980299 ], [ -78.901554069082778, 35.999954317323812 ], [ -78.901540054157252, 35.999946669494079 ], [ -78.901525170321861, 35.999940195780077 ], [ -78.90150956604387, 35.999934960747744 ], [ -78.901493396972413, 35.999931016607036 ], [ -78.901476824384162, 35.999928402716179 ], [ -78.901460013561064, 35.999927145168243 ], [ -78.901443132201848, 35.999927256460282 ], [ -78.901435646667665, 35.999927916121891 ], [ -78.901426770516352, 35.999928337917311 ], [ -78.901019276872546, 35.999931194945518 ], [ -78.901002204712825, 35.99993201768153 ], [ -78.900985322216854, 35.999934237955351 ], [ -78.900968802265155, 35.99993783307896 ], [ -78.900952813901654, 35.999942766241212 ], [ -78.900937520811993, 35.999948986946336 ], [ -78.900923079564919, 35.999956431506838 ], [ -78.900909637988832, 35.999965023728898 ], [ -78.900897333649525, 35.999974675652936 ], [ -78.9008862925306, 35.999985288486492 ], [ -78.900876627646269, 35.99999675353709 ], [ -78.900868437924174, 36.000008953502423 ], [ -78.900861807223649, 36.000021763486053 ], [ -78.900856803387512, 36.00003505234249 ], [ -78.900853477665635, 36.000048684023085 ], [ -78.900851864104666, 36.00006251900372 ], [ -78.90085197920817, 36.000076415685704 ], [ -78.900852337312799, 36.00008148472984 ], [ -78.90085533366944, 36.000380361716608 ], [ -78.900855442873947, 36.000391164627104 ], [ -78.900855281590566, 36.000394375341862 ], [ -78.900851334099613, 36.000394567016265 ], [ -78.900514822880822, 36.000397485500173 ], [ -78.900510738290379, 36.000397357730975 ], [ -78.90050947013782, 36.000396609161967 ], [ -78.900494411629083, 36.000388677139448 ], [ -78.900478403117731, 36.00038208706043 ], [ -78.900461625006344, 36.000376913215284 ], [ -78.90044426643918, 36.000373213886157 ], [ -78.900426523071786, 36.000371030768164 ], [ -78.900408594840258, 36.000370388528076 ], [ -78.900039931312733, 36.000373098950377 ], [ -78.900035793825424, 36.00037296400707 ], [ -78.900033232031106, 36.000372673961571 ], [ -78.900017134309039, 36.000371485475952 ], [ -78.900000970528367, 36.000371551829183 ], [ -78.89998488842501, 36.00037287242796 ], [ -78.899969035073056, 36.000375435195657 ], [ -78.899953555464577, 36.00037921670863 ], [ -78.8999385911236, 36.000384182359774 ], [ -78.899924278888406, 36.000390286769694 ], [ -78.89991074966035, 36.000397474115253 ], [ -78.899898127152369, 36.000405678677936 ], [ -78.899886526738868, 36.00041482539239 ], [ -78.899876054541892, 36.000424830669694 ], [ -78.899866806314819, 36.000435602973383 ], [ -78.899858866629671, 36.000447043862685 ], [ -78.899852308064936, 36.000459048651059 ], [ -78.899847190595594, 36.000471507586987 ], [ -78.899843561050957, 36.000484306760001 ], [ -78.899841452606395, 36.000497329116783 ], [ -78.899840884545171, 36.00051045558714 ], [ -78.899846003922008, 36.000838506194015 ], [ -78.899846008358878, 36.000838771922965 ], [ -78.899846025974085, 36.000839750750423 ], [ -78.899845855156087, 36.000842656913889 ], [ -78.899845615219533, 36.000843207864399 ], [ -78.899840812847742, 36.000856259821965 ], [ -78.899837625240295, 36.000869634127312 ], [ -78.899836083697593, 36.000883199220908 ], [ -78.899836203430297, 36.000896821689487 ], [ -78.899837983219541, 36.000910367529393 ], [ -78.89984140558434, 36.00092370346524 ], [ -78.899846436847426, 36.000936698350998 ], [ -78.899853027539393, 36.000949224351665 ], [ -78.899861112836646, 36.000961158207211 ], [ -78.899870613168105, 36.000972382606655 ], [ -78.899874514990245, 36.000976133923906 ], [ -78.899877746133924, 36.000979569216398 ], [ -78.899877993425093, 36.000982898443517 ], [ -78.899878016607715, 36.000984621679876 ], [ -78.899879066596256, 36.000998479593505 ], [ -78.899881832930831, 36.001012180571799 ], [ -78.899886287320399, 36.001025584627648 ], [ -78.899892384296137, 36.001038554808964 ], [ -78.899900061513804, 36.001050958572677 ], [ -78.899909240529624, 36.001062669158777 ], [ -78.899919827609978, 36.001073566964592 ], [ -78.899931714507574, 36.001083540616833 ], [ -78.899944779812174, 36.001092488181278 ], [ -78.899958889997336, 36.001100318262708 ], [ -78.899973900906872, 36.001106950830149 ], [ -78.899989659173585, 36.001112318152011 ], [ -78.900006003773782, 36.001116365346824 ], [ -78.900022767682941, 36.001119051098954 ], [ -78.900039779599624, 36.001120347907118 ], [ -78.900051541337803, 36.001120275392516 ], [ -78.900051541914365, 36.001120328466619 ], [ -78.901361669081339, 36.001110712553086 ], [ -78.901365530995207, 36.001110834125321 ], [ -78.901365581171802, 36.001111243316295 ], [ -78.9013680323622, 36.001124568177353 ], [ -78.901372078318062, 36.001137633820001 ], [ -78.901377680112759, 36.00115031450612 ], [ -78.901384783838367, 36.001162488249044 ], [ -78.901393321179114, 36.001174037885264 ], [ -78.901403209984494, 36.001184852338554 ], [ -78.901414355079481, 36.001194827527293 ], [ -78.901426649277411, 36.001203867491512 ], [ -78.901439974257912, 36.001211885217685 ], [ -78.901454201850441, 36.001218803601418 ], [ -78.901469195115368, 36.001224556052556 ], [ -78.901484809830606, 36.001229087265678 ], [ -78.901500895741933, 36.001232353578125 ], [ -78.901517298117568, 36.001234323630648 ], [ -78.901533859066447, 36.001234978423462 ], [ -78.901550419329638, 36.00123431164716 ], [ -78.901552079899957, 36.00123417821348 ], [ -78.901556218918273, 36.001234177235908 ], [ -78.902187396639022, 36.001259248869552 ], [ -78.902191361773603, 36.001259566502647 ], [ -78.902191320524949, 36.001262803905888 ], [ -78.902185825533707, 36.001337408936685 ], [ -78.902185657333561, 36.001351077430506 ], [ -78.902187161881145, 36.001364691827462 ], [ -78.902190324364241, 36.001378117261325 ], [ -78.902195113368734, 36.001391220830477 ], [ -78.90220148148596, 36.001403872724651 ], [ -78.902209365682637, 36.001415947626178 ], [ -78.902218687874068, 36.001427326001675 ], [ -78.902229355700541, 36.001437895091648 ], [ -78.90224126353985, 36.001447550257282 ], [ -78.902254293418963, 36.001456195887805 ], [ -78.902268316331401, 36.001463746335496 ], [ -78.902283193419407, 36.001470126823328 ], [ -78.902298777257741, 36.001475274187555 ], [ -78.902314913611008, 36.001479137401141 ], [ -78.902331442582394, 36.001481678234001 ], [ -78.902348200506566, 36.001482871529291 ], [ -78.902365021403071, 36.001482705451686 ], [ -78.902381738700399, 36.001481181681093 ], [ -78.902398186825067, 36.001478315249216 ], [ -78.902414202892103, 36.001474134568234 ], [ -78.90242962822677, 36.001468681074911 ], [ -78.902444310123172, 36.001462008737533 ], [ -78.90245810312949, 36.00145418367245 ], [ -78.902470870671621, 36.001445283348438 ], [ -78.902482486271154, 36.001435395928645 ], [ -78.902487318840841, 36.001430849437135 ], [ -78.902488283794113, 36.001430101270408 ], [ -78.902499151070373, 36.001420852634986 ], [ -78.902508912775701, 36.001410822890115 ], [ -78.902517484320782, 36.001400098941147 ], [ -78.902524791386512, 36.001388773772689 ], [ -78.902530770668946, 36.001376945487735 ], [ -78.902535370319526, 36.001364716648588 ], [ -78.9025385504534, 36.001352193233473 ], [ -78.90254028359, 36.001339483757775 ], [ -78.902548664883199, 36.001232865832051 ], [ -78.902548859414509, 36.001218338537832 ], [ -78.90254716448473, 36.001203875831102 ], [ -78.90254359910189, 36.001189639475172 ], [ -78.902538203102239, 36.001175788750018 ], [ -78.90253103688184, 36.001162478639024 ], [ -78.902522180654941, 36.001149858042773 ], [ -78.902521593948947, 36.001149116137164 ] ], [ [ -78.900435252751478, 35.991073382147917 ], [ -78.900434461021206, 35.991070148118979 ], [ -78.90043320048386, 35.991063649913933 ], [ -78.900429885056781, 35.991050667745526 ], [ -78.900425044824217, 35.991038005853781 ], [ -78.900418724937182, 35.991025782208041 ], [ -78.900410984275524, 35.991014110723093 ], [ -78.90040189494232, 35.991003100132488 ], [ -78.900391541656532, 35.990992853053996 ], [ -78.900380020875389, 35.990983464945074 ], [ -78.900367439950315, 35.990975023332901 ], [ -78.900353916114028, 35.990967606824732 ], [ -78.900339575399499, 35.990961284557571 ], [ -78.90032455139027, 35.990956115427906 ], [ -78.900308984139357, 35.990952147596474 ], [ -78.900293018648682, 35.990949418047435 ], [ -78.900276803720274, 35.9909479522303 ], [ -78.900260490435556, 35.990947763756544 ], [ -78.90024423076936, 35.990948854426009 ], [ -78.900228176271938, 35.990951214060857 ], [ -78.900212476513772, 35.990954820696764 ], [ -78.900194754499054, 35.990959653821363 ], [ -78.900185771011991, 35.990961696746602 ], [ -78.900170356836966, 35.990965860803371 ], [ -78.90015550573834, 35.990971208134404 ], [ -78.90014135484752, 35.990977689376834 ], [ -78.900128034886478, 35.990985244641308 ], [ -78.90011566888252, 35.990993804170046 ], [ -78.900104371052123, 35.99100328885806 ], [ -78.900094245785724, 35.991013611158749 ], [ -78.900085386565308, 35.991024675687356 ], [ -78.900077875219409, 35.991036380264291 ], [ -78.900071781178426, 35.991048616766051 ], [ -78.900067160661919, 35.991061272195942 ], [ -78.900064056373296, 35.991074229617837 ], [ -78.900062496991168, 35.99108736939192 ], [ -78.900062496931483, 35.99110057013602 ], [ -78.90006405617703, 35.991113709934119 ], [ -78.900067160343653, 35.991126667380328 ], [ -78.900071780746373, 35.991139322815179 ], [ -78.900075008533136, 35.991146821778315 ], [ -78.900077834453157, 35.991154416670732 ], [ -78.900080529960093, 35.991162968131576 ], [ -78.90008053621527, 35.991162966818081 ], [ -78.900081194910868, 35.99116544199331 ], [ -78.90008612005569, 35.991177985320583 ], [ -78.90009250035888, 35.991190087803027 ], [ -78.900100277242942, 35.991201638190191 ], [ -78.900109379244853, 35.991212530413044 ], [ -78.900119722691244, 35.99122266432628 ], [ -78.900131212609637, 35.991231946835391 ], [ -78.900143743335931, 35.99124029266634 ], [ -78.900157199798031, 35.991247625108301 ], [ -78.90017145832617, 35.991253876783638 ], [ -78.900186387902806, 35.99125899028062 ], [ -78.900201851345315, 35.991262918566605 ], [ -78.900217706589714, 35.991265625593378 ], [ -78.900233807873633, 35.991267086435499 ], [ -78.900250007324615, 35.99126728770365 ], [ -78.900266156075617, 35.991266227545559 ], [ -78.900282105718517, 35.991263915702184 ], [ -78.900297709690193, 35.991260373426343 ], [ -78.900312824658684, 35.991255633236655 ], [ -78.900318096147771, 35.991253739407199 ], [ -78.900328102154333, 35.991251108742105 ], [ -78.900343660304458, 35.991246318968059 ], [ -78.900358563606105, 35.991240309278211 ], [ -78.900372667681694, 35.991233137930784 ], [ -78.900385835846961, 35.991224874453373 ], [ -78.900397940497911, 35.991215598847411 ], [ -78.900408864362234, 35.991205401039934 ], [ -78.900418501548444, 35.991194379812704 ], [ -78.900426758763885, 35.991182641979393 ], [ -78.900433555924479, 35.991170301259601 ], [ -78.900438827170149, 35.991157477263251 ], [ -78.900442521474702, 35.991144294199955 ], [ -78.900444603019096, 35.99113087983541 ], [ -78.90044505159851, 35.991117364173185 ], [ -78.90044386292827, 35.991103878108802 ], [ -78.900441048509876, 35.991090552385678 ], [ -78.9004366355652, 35.991077516084424 ], [ -78.900436052585931, 35.991076075335762 ], [ -78.900435252751478, 35.991073382147917 ] ], [ [ -78.900957681674001, 35.995301393308686 ], [ -78.90096363971449, 35.995296554252725 ], [ -78.900974304239796, 35.995285968448819 ], [ -78.900983620001341, 35.995274573027572 ], [ -78.900991494573802, 35.995262481039461 ], [ -78.900997849856736, 35.995249812441799 ], [ -78.90100262278591, 35.995236692945383 ], [ -78.901005766011011, 35.995223252669149 ], [ -78.901007248336413, 35.995209624986487 ], [ -78.901007055061129, 35.995195945042362 ], [ -78.901005188149085, 35.995182348599442 ], [ -78.901001666062001, 35.995168970499762 ], [ -78.900996523760867, 35.995155943483354 ], [ -78.900989812267952, 35.995143396814441 ], [ -78.900981598195386, 35.995131454907458 ], [ -78.900971962968754, 35.995120236282588 ], [ -78.900961002220356, 35.995109852219187 ], [ -78.900948824708635, 35.995100405738533 ], [ -78.900935551170093, 35.995091990531506 ], [ -78.900795946361271, 35.995012242291509 ], [ -78.900791564130358, 35.995009469749398 ], [ -78.900781075117479, 35.995002146391997 ], [ -78.900767415251366, 35.994994370127621 ], [ -78.900752878828243, 35.994987725719376 ], [ -78.900737607341696, 35.994982277865972 ], [ -78.900721749499994, 35.994978079596926 ], [ -78.900705459705279, 35.994975171804384 ], [ -78.900688896600741, 35.99497358280221 ], [ -78.900672221380646, 35.994973328022674 ], [ -78.900655596472149, 35.994974409987798 ], [ -78.900639183709984, 35.994976818143058 ], [ -78.900623142882736, 35.994980529048505 ], [ -78.900607630211454, 35.994985506569819 ], [ -78.900592796692749, 35.99499170223406 ], [ -78.900578786779846, 35.994999055750505 ], [ -78.900565736894649, 35.995007495476585 ], [ -78.900553774040702, 35.995016939268105 ], [ -78.900543014754419, 35.995027295165301 ], [ -78.900533563785459, 35.995038462353229 ], [ -78.90052551311534, 35.995050332094841 ], [ -78.900521784456089, 35.995056535171813 ], [ -78.900519724723679, 35.995059235119022 ], [ -78.900310290481144, 35.995305909703482 ], [ -78.900306725179092, 35.995309699699149 ], [ -78.900298331487591, 35.995317777118466 ], [ -78.900288953706678, 35.995328834022907 ], [ -78.900281259377692, 35.995340127286731 ], [ -78.900278894527304, 35.99534322209427 ], [ -78.900172337833936, 35.995468401145033 ], [ -78.90016984226655, 35.995471047491193 ], [ -78.900167325798421, 35.995473236924468 ], [ -78.900156497877703, 35.995483648715428 ], [ -78.900146993275229, 35.995494881428151 ], [ -78.900138905666125, 35.99550682443185 ], [ -78.900132314671581, 35.99551936007915 ], [ -78.900127285215035, 35.995532364914219 ], [ -78.900123866878445, 35.9955457108262 ], [ -78.900122093258233, 35.995559266394437 ], [ -78.900121981896291, 35.995572898042511 ], [ -78.900123533872431, 35.995586471521015 ], [ -78.900126733870351, 35.995599853144093 ], [ -78.900131550412709, 35.995612911080613 ], [ -78.900137936028344, 35.995625516755247 ], [ -78.900145827825583, 35.995637545948071 ], [ -78.900155148065068, 35.995648880223122 ], [ -78.900165804969888, 35.995659407918389 ], [ -78.900177693535412, 35.995669025327551 ], [ -78.900190696711093, 35.995677637744919 ], [ -78.90020468637988, 35.995685160290357 ], [ -78.900219524742909, 35.995691518926812 ], [ -78.900235065637276, 35.995696650983426 ], [ -78.900239775877367, 35.995697989228191 ], [ -78.900246767157697, 35.995701306112643 ], [ -78.90024679556889, 35.995701266577782 ], [ -78.900256975746004, 35.995706076910359 ], [ -78.900272287332854, 35.995711739897004 ], [ -78.900288215802135, 35.995716137994016 ], [ -78.900304603405829, 35.995719227586044 ], [ -78.900321287782205, 35.995720978075177 ], [ -78.900338103645922, 35.99572137212968 ], [ -78.900354884410376, 35.995720405850157 ], [ -78.900371463878031, 35.995718088798249 ], [ -78.900387677761671, 35.995714443943086 ], [ -78.900403365510357, 35.99570950736053 ], [ -78.900418371661942, 35.995703327959617 ], [ -78.900432547567817, 35.995695966989331 ], [ -78.900445752847318, 35.99568749732569 ], [ -78.900457856639392, 35.995678002895801 ], [ -78.900468739091025, 35.995667577745053 ], [ -78.900478292338775, 35.995656325131314 ], [ -78.900486421794554, 35.99564435656459 ], [ -78.900486480973029, 35.995644258184605 ], [ -78.90048869397458, 35.995641353760298 ], [ -78.900601214049232, 35.995508930964753 ], [ -78.900603593306556, 35.995506401266439 ], [ -78.900608217216885, 35.995508140721519 ], [ -78.900614434808801, 35.995510768617756 ], [ -78.900630287382739, 35.995515893433435 ], [ -78.900646694941358, 35.995519693475522 ], [ -78.900663490332974, 35.995522130038751 ], [ -78.90068050239968, 35.995523178314954 ], [ -78.900697557870316, 35.995522827586932 ], [ -78.90071448294897, 35.99552108144939 ], [ -78.900731105174543, 35.995517957673307 ], [ -78.900747255246287, 35.995513488124814 ], [ -78.900762768545675, 35.995507718299486 ], [ -78.900777487063692, 35.995500706994278 ], [ -78.900791260821464, 35.995492525676767 ], [ -78.900803949527727, 35.995483257662457 ], [ -78.900815423830437, 35.995472997401372 ], [ -78.900825566873223, 35.995461849408152 ], [ -78.900952377465231, 35.995306660533736 ], [ -78.900954871804728, 35.995303915412606 ], [ -78.900957681674001, 35.995301393308686 ] ], [ [ -78.90248473981876, 36.001876501411097 ], [ -78.902484490993288, 36.001863136084395 ], [ -78.902482644529371, 36.001849853707888 ], [ -78.902479217957023, 36.001836780084361 ], [ -78.90247424368394, 36.00182403896811 ], [ -78.902467768827606, 36.001811751103283 ], [ -78.902459854743725, 36.001800032795188 ], [ -78.902450576351015, 36.001788995057943 ], [ -78.902440021557979, 36.001778742433004 ], [ -78.902428290283524, 36.001769371999259 ], [ -78.90241549361302, 36.00176097249345 ], [ -78.90240175281869, 36.001753623485207 ], [ -78.90238719797469, 36.001747394551828 ], [ -78.902371966909641, 36.001742344728093 ], [ -78.902356203922892, 36.001738521763492 ], [ -78.902340058229669, 36.001735961928674 ], [ -78.902323682812309, 36.001734689437704 ], [ -78.902307232696302, 36.001734716336834 ], [ -78.902290863699562, 36.001736042393496 ], [ -78.902274730843544, 36.001738655040235 ], [ -78.902258986933262, 36.001742529538269 ], [ -78.902243781001829, 36.001747629168676 ], [ -78.902229257160684, 36.001753905643383 ], [ -78.902215552840943, 36.001761299570845 ], [ -78.90220279794778, 36.001769740867388 ], [ -78.902191113202875, 36.001779149607437 ], [ -78.90218060926459, 36.001789436682181 ], [ -78.90217138564509, 36.001800504677682 ], [ -78.902163529695002, 36.001812248753112 ], [ -78.902157115790786, 36.001824557738956 ], [ -78.90215220469122, 36.001837314988116 ], [ -78.902148842893496, 36.00185039974879 ], [ -78.902147062260127, 36.001863688043372 ], [ -78.902144842549177, 36.001893824468411 ], [ -78.902144655882338, 36.001907102556672 ], [ -78.902146048049431, 36.001920333231205 ], [ -78.902149006016316, 36.001933392835348 ], [ -78.902153502142028, 36.001946159294086 ], [ -78.902159494413965, 36.001958513322741 ], [ -78.902166926784702, 36.001970339443901 ], [ -78.902175729846633, 36.001981527141588 ], [ -78.902185821270422, 36.001991971795668 ], [ -78.902197106783973, 36.002001575836459 ], [ -78.902209480881439, 36.002010249486958 ], [ -78.902222827903998, 36.002017911670364 ], [ -78.902237023154584, 36.002024490780023 ], [ -78.902251933877437, 36.002029925339642 ], [ -78.902267420778969, 36.002034164526407 ], [ -78.902283339075012, 36.00203716872128 ], [ -78.902299540011853, 36.002038909867345 ], [ -78.902315872116816, 36.002039371690486 ], [ -78.902317570427982, 36.002039352967238 ], [ -78.902334161866932, 36.002038505681448 ], [ -78.902350570652587, 36.002036338219895 ], [ -78.902366638066056, 36.002032871580909 ], [ -78.902382208720468, 36.00202813923724 ], [ -78.902397131980905, 36.002022187027386 ], [ -78.902411263554285, 36.002015072470115 ], [ -78.902424466740698, 36.00200686438076 ], [ -78.902436613854178, 36.001997642185628 ], [ -78.902447587373288, 36.001987495043878 ], [ -78.902457281158945, 36.001976521134196 ], [ -78.902465601537699, 36.001964826556723 ], [ -78.902472467945074, 36.001952524427196 ], [ -78.902477813974983, 36.00193973375135 ], [ -78.902481587989669, 36.001926578244166 ], [ -78.902483753425415, 36.001913185093954 ], [ -78.902484289368502, 36.00189968391885 ], [ -78.902484119205027, 36.001891526709379 ], [ -78.90248473981876, 36.001876501411097 ] ], [ [ -78.903574504732191, 36.002053541864072 ], [ -78.903571758113159, 36.002052092671171 ], [ -78.903565544590364, 36.002048528208697 ], [ -78.903562541907618, 36.002046659553947 ], [ -78.903548949646677, 36.002039027156776 ], [ -78.90354016388352, 36.002035062747524 ], [ -78.903538423687252, 36.002025552544119 ], [ -78.903534357717248, 36.002012410813244 ], [ -78.90353296998434, 36.002008708437536 ], [ -78.903532261444767, 36.002006108727123 ], [ -78.90353070838124, 36.001999137249072 ], [ -78.903527016611008, 36.001986180444625 ], [ -78.903521800007326, 36.001973574501754 ], [ -78.903515107484182, 36.001961437610895 ], [ -78.903507001788, 36.001949883523054 ], [ -78.903497558890265, 36.001939020615382 ], [ -78.903486867346558, 36.001928950681958 ], [ -78.903475027350879, 36.001919768163887 ], [ -78.903462149959225, 36.001911559159687 ], [ -78.903448355907344, 36.001904400600338 ], [ -78.903433774462059, 36.001898359616533 ], [ -78.903418542373998, 36.001893492850982 ], [ -78.903402802424637, 36.001889845908082 ], [ -78.903386702209673, 36.001887452995568 ], [ -78.903370392651908, 36.001886336566514 ], [ -78.903354026683161, 36.001886507043352 ], [ -78.90334715733556, 36.001886849361945 ], [ -78.903315270294655, 36.001887150346512 ], [ -78.903298885785489, 36.001887952602516 ], [ -78.903282674246483, 36.001890042358013 ], [ -78.903266788578037, 36.001893399872756 ], [ -78.903251378584542, 36.001897993536694 ], [ -78.90323658952056, 36.001903780006209 ], [ -78.903222560906883, 36.001910704752611 ], [ -78.903209424941267, 36.001918702417939 ], [ -78.903197305550762, 36.001927697638322 ], [ -78.903186317005037, 36.001937605592339 ], [ -78.903176562867273, 36.001948332851711 ], [ -78.903168135147908, 36.001959778259703 ], [ -78.903161113323122, 36.001971833891815 ], [ -78.903155563589721, 36.00198438609906 ], [ -78.903151538289322, 36.001997316469001 ], [ -78.903149075365704, 36.002010503143808 ], [ -78.903148198025718, 36.002023821754186 ], [ -78.903148914602369, 36.002037146682717 ], [ -78.903151218249079, 36.002050352354864 ], [ -78.903155087344103, 36.002063314200768 ], [ -78.903160485353681, 36.002075910001103 ], [ -78.903167361371558, 36.002088021013996 ], [ -78.903175650557259, 36.002099532991629 ], [ -78.903185274810681, 36.002110337444506 ], [ -78.903196143311987, 36.002120332466099 ], [ -78.903208153602165, 36.002129423832436 ], [ -78.903221192461061, 36.002137525772007 ], [ -78.90323513688665, 36.002144561928162 ], [ -78.903244990102252, 36.002148514293289 ], [ -78.90324498505511, 36.002148522475629 ], [ -78.903247681212278, 36.002149620558882 ], [ -78.903249054982879, 36.002150185183062 ], [ -78.903252718347218, 36.002151786033778 ], [ -78.903253578745762, 36.002152184657305 ], [ -78.903255187963865, 36.002152937175921 ], [ -78.903258354945919, 36.002154497800717 ], [ -78.903271132728335, 36.002162168071592 ], [ -78.903271203750364, 36.002162089945898 ], [ -78.903277077018075, 36.002165720083731 ], [ -78.903291280206503, 36.002172821241878 ], [ -78.903292132835816, 36.002173158379307 ], [ -78.903294801618955, 36.002185698197387 ], [ -78.903299192959381, 36.002198640535042 ], [ -78.903300133239483, 36.002200962315555 ], [ -78.903300445548695, 36.002201982196816 ], [ -78.903302099334212, 36.002208960954334 ], [ -78.903302284873192, 36.002210227725335 ], [ -78.903302489693601, 36.002211569863995 ], [ -78.903302757322408, 36.002213255574873 ], [ -78.903302963742149, 36.002214617274042 ], [ -78.90330573411488, 36.002227669227963 ], [ -78.903310038707346, 36.002240443677181 ], [ -78.903315837431492, 36.002252821860949 ], [ -78.903323076435058, 36.002264688661256 ], [ -78.903331688404521, 36.002275933756728 ], [ -78.903341593239929, 36.002286452612225 ], [ -78.903352698831512, 36.002296147358486 ], [ -78.903364901971088, 36.002304927891743 ], [ -78.903378089128836, 36.002312712561029 ], [ -78.903392137737043, 36.002319428993438 ], [ -78.903406917135868, 36.002325014726594 ], [ -78.903422289958826, 36.002329417841729 ], [ -78.903438113180357, 36.002332597349032 ], [ -78.903454239737897, 36.002334523738327 ], [ -78.903470519647527, 36.002335179089911 ], [ -78.903486801525048, 36.002334557268021 ], [ -78.903502934039608, 36.002332664086822 ], [ -78.903518767130933, 36.002329517146563 ], [ -78.903534153598528, 36.002325145724839 ], [ -78.90354895038675, 36.00231959044811 ], [ -78.903563019903743, 36.002312902962991 ], [ -78.903576231306744, 36.002305145442747 ], [ -78.903580819286503, 36.002302167656865 ], [ -78.903583489465603, 36.002300570138971 ], [ -78.903586305889775, 36.002299147972742 ], [ -78.903588217246323, 36.002298265497949 ], [ -78.903602255983074, 36.002291019172752 ], [ -78.903615350381088, 36.002282686866579 ], [ -78.903627373700203, 36.00227334932633 ], [ -78.903638209534179, 36.002263096866905 ], [ -78.903647752994615, 36.00225202876782 ], [ -78.903655911658916, 36.002240252202533 ], [ -78.90366260658574, 36.002227881167869 ], [ -78.903667772958642, 36.002215035385646 ], [ -78.90367136072966, 36.002201839259399 ], [ -78.903673335195634, 36.002188420501163 ], [ -78.90367367726995, 36.002174909032888 ], [ -78.903672383585487, 36.002161435640474 ], [ -78.903669466698958, 36.002148130792619 ], [ -78.903664954821906, 36.002135123239725 ], [ -78.903658891686874, 36.002122538942253 ], [ -78.90365133594041, 36.002110499696897 ], [ -78.903642360772395, 36.00209912206482 ], [ -78.903632053004713, 36.002088516189751 ], [ -78.903620512483855, 36.002078784753614 ], [ -78.903607850898979, 36.002070021931708 ], [ -78.903594190802366, 36.002062312595335 ], [ -78.903579664495055, 36.002055731321981 ], [ -78.903577381452138, 36.002054813560818 ], [ -78.903574504732191, 36.002053541864072 ] ], [ [ -78.904517555619421, 35.997069035035118 ], [ -78.904520617203232, 35.997064186567599 ], [ -78.904527535139508, 35.997051744705196 ], [ -78.904532898847137, 35.997038806190687 ], [ -78.904536655405195, 35.99702549885977 ], [ -78.904538767641824, 35.997011954241529 ], [ -78.904539214744403, 35.996998306130365 ], [ -78.904537992227034, 35.9969846893773 ], [ -78.904535112202822, 35.996971238489103 ], [ -78.90453060311458, 35.99695808641939 ], [ -78.904524509567665, 35.996945363085153 ], [ -78.904516891688999, 35.996933194184862 ], [ -78.9045078247904, 35.99692169998962 ], [ -78.904497398457394, 35.996910994023878 ], [ -78.904485715705221, 35.996901182075689 ], [ -78.904472891932187, 35.996892361097281 ], [ -78.904459053906606, 35.996884618215105 ], [ -78.90444433824652, 35.996878029987144 ], [ -78.904428890440443, 35.996872661468046 ], [ -78.904412863090073, 35.996868565685816 ], [ -78.904395703998674, 35.99686493143291 ], [ -78.904309905177939, 35.99684682254324 ], [ -78.90430866000807, 35.99684655150179 ], [ -78.90421481157604, 35.996825496829068 ], [ -78.904143082069666, 35.996809421999792 ], [ -78.904071389911422, 35.996793348448755 ], [ -78.903999710253743, 35.996777276678387 ], [ -78.903873301865659, 35.996748931671796 ], [ -78.903869828778994, 35.996748019158566 ], [ -78.90386676286299, 35.99674640978246 ], [ -78.90376528758425, 35.996687912063948 ], [ -78.90376465099267, 35.996687546886655 ], [ -78.903720165189199, 35.99666215171505 ], [ -78.903719371369931, 35.996661701308852 ], [ -78.903662162387235, 35.996629439028396 ], [ -78.903648087861768, 35.996622306874059 ], [ -78.903633220813745, 35.996616330039693 ], [ -78.90361770450825, 35.996611566134568 ], [ -78.903601688309251, 35.996608060987832 ], [ -78.903585326429095, 35.9966058484003 ], [ -78.903568776475652, 35.996604949621371 ], [ -78.903552197795733, 35.996605373347663 ], [ -78.903535750089546, 35.996607115502222 ], [ -78.903519591652653, 35.996610159288096 ], [ -78.903503878158872, 35.996614475407029 ], [ -78.903488760935872, 35.996620022277973 ], [ -78.903474385511132, 35.996626746502891 ], [ -78.903460890326699, 35.996634583332693 ], [ -78.903448405352577, 35.996643457270544 ], [ -78.903437050834881, 35.996653282894975 ], [ -78.903426936078006, 35.996663965573148 ], [ -78.903418158496976, 35.996675402421552 ], [ -78.903410802635804, 35.996687483321651 ], [ -78.903404939321163, 35.996700091935637 ], [ -78.903400625018747, 35.996713106832146 ], [ -78.903359721501204, 35.99686601873735 ], [ -78.903356985659173, 35.996879399116395 ], [ -78.903355887198757, 35.996892933528734 ], [ -78.903356436826144, 35.996906490012812 ], [ -78.903358629122692, 35.996919936347048 ], [ -78.903362442813659, 35.996933141396021 ], [ -78.903367840631461, 35.996945976401676 ], [ -78.903374769956443, 35.996958316192341 ], [ -78.903383163221022, 35.996970040446911 ], [ -78.90339293855061, 35.996981034821488 ], [ -78.903404000674954, 35.996991192104069 ], [ -78.903416241704406, 35.99700041323149 ], [ -78.903429542244311, 35.997008608334177 ], [ -78.903443772611126, 35.997015697424061 ], [ -78.903458794014398, 35.997021611411803 ], [ -78.903474459976024, 35.997026292629847 ], [ -78.903490617715619, 35.997029695410632 ], [ -78.903507109704933, 35.997031786582092 ], [ -78.903523775087436, 35.997032545743494 ], [ -78.903535688525466, 35.99703260968117 ], [ -78.903796040236173, 35.997034023625737 ], [ -78.903816752809135, 35.997034131907945 ], [ -78.90382070871722, 35.997034307017657 ], [ -78.90382169458691, 35.997035355038214 ], [ -78.903832582764025, 35.997045805890743 ], [ -78.903844697402533, 35.997055323835539 ], [ -78.903857918064958, 35.997063814250218 ], [ -78.903872113348342, 35.997071192777838 ], [ -78.903887142168202, 35.997077386042328 ], [ -78.90390285517708, 35.997082332555983 ], [ -78.903919096184126, 35.997085983105251 ], [ -78.903935703810632, 35.997088301438829 ], [ -78.903952512943533, 35.997089264488586 ], [ -78.903969356560509, 35.997088862700629 ], [ -78.903975749835794, 35.997088450306379 ], [ -78.903979653988984, 35.997089478890068 ], [ -78.904287147708303, 35.997184276893307 ], [ -78.904302993320229, 35.997188448670862 ], [ -78.904319267289509, 35.997191332837858 ], [ -78.904335811573986, 35.997192901414905 ], [ -78.904352465513327, 35.99719313913959 ], [ -78.904369067383783, 35.997192043742636 ], [ -78.904385455987295, 35.99718962581148 ], [ -78.904401472138858, 35.997185908846582 ], [ -78.904416960357167, 35.997180928988008 ], [ -78.904431770183692, 35.99717473452187 ], [ -78.904445757839369, 35.997167385634491 ], [ -78.904458787476429, 35.997158953699099 ], [ -78.904470732565088, 35.997149520590114 ], [ -78.904481477145438, 35.997139177887469 ], [ -78.904490916842434, 35.997128026080617 ], [ -78.904498959982973, 35.997116173388463 ], [ -78.904505528509489, 35.997103734990439 ], [ -78.904510558590104, 35.99709083159884 ], [ -78.904513564636218, 35.997079268768999 ], [ -78.904515312026035, 35.99707382648058 ], [ -78.904515354511616, 35.9970737189104 ], [ -78.904517555619421, 35.997069035035118 ] ], [ [ -78.904784349196007, 36.00329121444431 ], [ -78.90478583972957, 36.003288204449362 ], [ -78.90479285932004, 36.003275784822819 ], [ -78.904796657574508, 36.003268521344474 ], [ -78.904834485270001, 36.003189987298207 ], [ -78.904839727747998, 36.003177319349184 ], [ -78.904843430213347, 36.003164297337989 ], [ -78.904845557597568, 36.003151044608792 ], [ -78.90484608977286, 36.003137686632599 ], [ -78.904845021688743, 36.003124349826145 ], [ -78.904842363508351, 36.003111160535461 ], [ -78.90483814033982, 36.003098243579899 ], [ -78.904832392203403, 36.003085721290446 ], [ -78.9048251734921, 36.003073712218324 ], [ -78.904816552601062, 36.003062330063251 ], [ -78.904806611083558, 36.003051682574039 ], [ -78.904795443145119, 36.003041870559201 ], [ -78.904783154461242, 36.003032986952086 ], [ -78.90476986140105, 36.003025115848786 ], [ -78.904755689844791, 36.003018331765496 ], [ -78.904740773933867, 36.003012698923378 ], [ -78.904725254888234, 36.003008270670762 ], [ -78.904709279654767, 36.003005088905049 ], [ -78.904692999521572, 36.00300318379719 ], [ -78.904676568563218, 36.003002573350763 ], [ -78.904660142356335, 36.003003263346073 ], [ -78.904643876491988, 36.003005247284179 ], [ -78.904627924885503, 36.003008506330389 ], [ -78.90461243859275, 36.003013009670632 ], [ -78.904597564254885, 36.003018714620097 ], [ -78.904583442711569, 36.003025567226459 ], [ -78.904570207614469, 36.003033502570979 ], [ -78.904557984310685, 36.003042445536835 ], [ -78.90454688852364, 36.003052311439795 ], [ -78.904537025303839, 36.003063006879138 ], [ -78.904528488013739, 36.003074430588327 ], [ -78.904521357548987, 36.003086474423334 ], [ -78.904469604177322, 36.003186016000953 ], [ -78.904469080134191, 36.003187002314831 ], [ -78.904416453521222, 36.003283963482971 ], [ -78.904415342628894, 36.003285926061693 ], [ -78.904400796883309, 36.003310593594065 ], [ -78.904394301329901, 36.003323178020757 ], [ -78.904389374632814, 36.003336224057932 ], [ -78.904386065459974, 36.003349602933312 ], [ -78.904384406458263, 36.003363182592942 ], [ -78.904384413981461, 36.003376829019686 ], [ -78.904386088021099, 36.00339040746929 ], [ -78.904389168494035, 36.003402803962103 ], [ -78.904387827108692, 36.003403215358858 ], [ -78.904373047860446, 36.003409142016473 ], [ -78.904359049137398, 36.003416209925732 ], [ -78.904345964019939, 36.003424351942634 ], [ -78.904333916912179, 36.003433490642223 ], [ -78.904323022289944, 36.003443539196894 ], [ -78.90431338375339, 36.003454402034741 ], [ -78.904305092910093, 36.003465975910167 ], [ -78.904298472596125, 36.003476350207727 ], [ -78.904296938091491, 36.003478646827915 ], [ -78.904027076722457, 36.003864821745537 ], [ -78.904026606189817, 36.003865579267568 ], [ -78.904026135694465, 36.003866163394015 ], [ -78.90402503152103, 36.003867692567319 ], [ -78.903826930207586, 36.004133351627651 ], [ -78.903825301192072, 36.004135583473222 ], [ -78.903640385492508, 36.004394469963337 ], [ -78.903638805189729, 36.004396952268323 ], [ -78.903636952545483, 36.00439927615421 ], [ -78.903633633012575, 36.004403923543414 ], [ -78.903631996956335, 36.00440626669225 ], [ -78.903628965919921, 36.004410708662554 ], [ -78.903621664557193, 36.004422763979179 ], [ -78.903615847710725, 36.004435341257626 ], [ -78.903611571038581, 36.004448320165061 ], [ -78.903608875462993, 36.004461576483521 ], [ -78.903607786796996, 36.004474983373441 ], [ -78.903608315438674, 36.004488412554423 ], [ -78.903610456369734, 36.004501735514218 ], [ -78.903614189052419, 36.004514824744597 ], [ -78.903619477800021, 36.004527555032901 ], [ -78.903626271978212, 36.004539804560999 ], [ -78.903634506612264, 36.004551456114498 ], [ -78.903644102858863, 36.004562398181953 ], [ -78.903654968951599, 36.004572526054467 ], [ -78.903667000875828, 36.004581742842667 ], [ -78.903680083517045, 36.004589960356647 ], [ -78.90369409167424, 36.004597099930933 ], [ -78.903708891309833, 36.004603093277105 ], [ -78.903724340833691, 36.004607883034161 ], [ -78.903740292353362, 36.004611423374001 ], [ -78.903756593262671, 36.004613680387116 ], [ -78.903773087593521, 36.004614632550812 ], [ -78.903789617503591, 36.004614270675354 ], [ -78.903806024797333, 36.004612598262277 ], [ -78.903822152515247, 36.004609631313429 ], [ -78.903837846286308, 36.004605398222111 ], [ -78.903852955951351, 36.004599939472094 ], [ -78.90386733698324, 36.004593307336684 ], [ -78.90388085167109, 36.00458556524773 ], [ -78.903893370777396, 36.004576787274907 ], [ -78.903904774485653, 36.004567057439836 ], [ -78.90391495365219, 36.00455646883789 ], [ -78.903923810889111, 36.004545122814903 ], [ -78.903930161402144, 36.004536033468064 ], [ -78.903930478356955, 36.004535523172741 ], [ -78.903932998074779, 36.00453228964502 ], [ -78.903934425376164, 36.004531888924681 ], [ -78.903947076687615, 36.004528879420533 ], [ -78.903962241670129, 36.004523936354474 ], [ -78.903976748501606, 36.004517826689323 ], [ -78.903990461608828, 36.004510607513019 ], [ -78.904003252810355, 36.004502346330653 ], [ -78.904015002669908, 36.004493120269018 ], [ -78.904025601409884, 36.004483015527981 ], [ -78.904034949926455, 36.004472126556898 ], [ -78.904042960940387, 36.004460555094234 ], [ -78.904049559572755, 36.004448409206496 ], [ -78.904054684225045, 36.004435802437172 ], [ -78.90405828691874, 36.004422852516043 ], [ -78.904060334107712, 36.004409680480656 ], [ -78.904060806578357, 36.004396409357661 ], [ -78.904059699957855, 36.004383163201695 ], [ -78.90405702454666, 36.004370065721758 ], [ -78.904056417894978, 36.004367784703035 ], [ -78.904058370941598, 36.004364803815861 ], [ -78.904192347491886, 36.004182926824669 ], [ -78.904193970706856, 36.004180674998423 ], [ -78.904312549370573, 36.004012531263875 ], [ -78.904318543823678, 36.004004045341695 ], [ -78.904319522563966, 36.004002487964968 ], [ -78.904320682142668, 36.004001018251778 ], [ -78.904326406146353, 36.003992915142589 ], [ -78.904326796311238, 36.003992359823926 ], [ -78.904596237928374, 36.003606780492554 ], [ -78.904600864556087, 36.003599684168606 ], [ -78.904606783403295, 36.003589926466347 ], [ -78.904613340326208, 36.00357764019067 ], [ -78.904618393597602, 36.003564893483933 ], [ -78.904621895168702, 36.003551807482431 ], [ -78.904623811794835, 36.003538506630541 ], [ -78.904624125239977, 36.003525117307227 ], [ -78.904622832480698, 36.003511766837271 ], [ -78.904619945876732, 36.003498582117885 ], [ -78.904619145773751, 36.003496265430428 ], [ -78.904629377846689, 36.003492577332594 ], [ -78.90464397819818, 36.003485833330778 ], [ -78.904657682901487, 36.003477945376105 ], [ -78.904670356699171, 36.003468991380387 ], [ -78.904681874464202, 36.003459059702301 ], [ -78.904692122485358, 36.003448248379115 ], [ -78.90469495445457, 36.003444932116125 ], [ -78.90469585858547, 36.00344456026248 ], [ -78.904710482899432, 36.003437781932803 ], [ -78.904724204842225, 36.003429855167731 ], [ -78.90473688831058, 36.003420858592776 ], [ -78.904748407432749, 36.003410881445141 ], [ -78.904758648023261, 36.003400022695786 ], [ -78.90476750842933, 36.003388390088681 ], [ -78.904774900783039, 36.003376099015398 ], [ -78.904780751746443, 36.003363271361884 ], [ -78.904785003290442, 36.003350034410303 ], [ -78.904787613237332, 36.003336519465812 ], [ -78.904788555667849, 36.003322860620742 ], [ -78.904787821260953, 36.003309193326373 ], [ -78.904785417329023, 36.003295653184232 ], [ -78.904784349196007, 36.00329121444431 ] ], [ [ -78.903908227557537, 35.998234697782337 ], [ -78.903913761423084, 35.998233818260367 ], [ -78.903929711549651, 35.998229926317414 ], [ -78.90394511294528, 35.998224777808666 ], [ -78.903959816093717, 35.99821842272361 ], [ -78.903973678293738, 35.998210922759768 ], [ -78.903986564978368, 35.998202350691805 ], [ -78.903998351033962, 35.998192789740784 ], [ -78.904008922052171, 35.998182332751057 ], [ -78.904018175446595, 35.998171081174569 ], [ -78.904026021366619, 35.998159144275007 ], [ -78.904032383645315, 35.998146637919845 ], [ -78.904037200544423, 35.998133683509444 ], [ -78.904040425296742, 35.998120406768791 ], [ -78.904042026614391, 35.99810693662166 ], [ -78.904041988927204, 35.998093403789639 ], [ -78.904040312586773, 35.998079939666134 ], [ -78.904037013935721, 35.998066674942763 ], [ -78.904032124937231, 35.998053738372946 ], [ -78.904025693041277, 35.998041255535547 ], [ -78.904017780746528, 35.998029347625945 ], [ -78.904008464790493, 35.998018130219108 ], [ -78.903997835643651, 35.998007712197833 ], [ -78.903985996496502, 35.997998194680747 ], [ -78.903973062246578, 35.997989670087364 ], [ -78.903961226245926, 35.997982625496739 ], [ -78.903947223424879, 35.997975129063825 ], [ -78.903932375459803, 35.99796879694874 ], [ -78.903916828452438, 35.997963691487584 ], [ -78.903900735449056, 35.997959862907351 ], [ -78.903884254818166, 35.997957348912564 ], [ -78.903867548729991, 35.99795617421708 ], [ -78.903850781635299, 35.997956350405616 ], [ -78.903834118541653, 35.99795787571253 ], [ -78.90381772339056, 35.997960735185451 ], [ -78.903801757604015, 35.997964900601666 ], [ -78.90378637825826, 35.997970331016148 ], [ -78.903771736731429, 35.997976973007589 ], [ -78.903757977147791, 35.997984761144394 ], [ -78.903745234855677, 35.997993618834819 ], [ -78.903733635311056, 35.998003458875672 ], [ -78.903723292656721, 35.998014184440045 ], [ -78.903714308706839, 35.998025689955583 ], [ -78.903706771830215, 35.998037862229893 ], [ -78.903703510932928, 35.998043851465155 ], [ -78.903700989912039, 35.998047913845923 ], [ -78.903695013896481, 35.99806047103521 ], [ -78.903690579506616, 35.998073443342939 ], [ -78.903687729284542, 35.998086706140008 ], [ -78.903686490664569, 35.99810013192846 ], [ -78.903686875532102, 35.998113591797029 ], [ -78.903688880188483, 35.998126956382471 ], [ -78.903692485349424, 35.998140097270728 ], [ -78.903697656447733, 35.998152888205908 ], [ -78.903704343733224, 35.998165206326348 ], [ -78.903712482947483, 35.998176933236749 ], [ -78.903721995964645, 35.998187956299681 ], [ -78.903732791331151, 35.998198169570109 ], [ -78.903744765312368, 35.998207474977406 ], [ -78.903757802905773, 35.998215783040479 ], [ -78.903771778820101, 35.99822301399486 ], [ -78.903786558793072, 35.998229098343103 ], [ -78.903802000773723, 35.998233977624949 ], [ -78.903817956443064, 35.998237604940563 ], [ -78.903834272498059, 35.998239945500814 ], [ -78.903850792139011, 35.998240976738479 ], [ -78.903867356691705, 35.998240688803904 ], [ -78.903883806959783, 35.998239084456323 ], [ -78.903894999971641, 35.99823707431942 ], [ -78.903895024344294, 35.998237160652018 ], [ -78.903908227557537, 35.998234697782337 ] ], [ [ -78.905073822377219, 36.002484221901867 ], [ -78.9050756793349, 36.002476924735859 ], [ -78.905077430448046, 36.002463472927957 ], [ -78.905077544678662, 36.002449946391188 ], [ -78.905076020960337, 36.002436476352834 ], [ -78.905072874049409, 36.002423193392985 ], [ -78.905068134458631, 36.002410226345887 ], [ -78.905061848188168, 36.002397701008448 ], [ -78.905054076152325, 36.002385738848766 ], [ -78.905044893809063, 36.002374455879483 ], [ -78.905034390113173, 36.002363961530726 ], [ -78.905022667044179, 36.002354357578383 ], [ -78.905009838221503, 36.00234573715408 ], [ -78.904996028094033, 36.002338183865511 ], [ -78.904981370622565, 36.002331771026249 ], [ -78.904966007894743, 36.002326560748159 ], [ -78.904950089009844, 36.00232260361085 ], [ -78.904933768253969, 36.002319938000944 ], [ -78.904917203984851, 36.002318589754303 ], [ -78.904900556840303, 36.00231857193458 ], [ -78.904883988250916, 36.002319884722382 ], [ -78.904871382767723, 36.002321395746542 ], [ -78.904855213078974, 36.002323994062834 ], [ -78.904839431696573, 36.002327859660625 ], [ -78.904824188667831, 36.002332955791104 ], [ -78.904809628915217, 36.00233923399901 ], [ -78.90479589091737, 36.002346634588569 ], [ -78.904783105220773, 36.002355087226597 ], [ -78.90477139345883, 36.002364511491287 ], [ -78.90476086696458, 36.002374817777508 ], [ -78.904751625823138, 36.002385908147772 ], [ -78.90474375789033, 36.002397677100554 ], [ -78.904737337979896, 36.002410012778313 ], [ -78.904732427186232, 36.002422797846215 ], [ -78.904729072105297, 36.002435910782417 ], [ -78.904727304731992, 36.002449226894534 ], [ -78.904727141816224, 36.002462619555288 ], [ -78.904728584929089, 36.002475961438691 ], [ -78.904729415156879, 36.002480875212498 ], [ -78.904728513352069, 36.00248538378731 ], [ -78.904728132518471, 36.002486548417366 ], [ -78.904666585301754, 36.002720362589265 ], [ -78.904665540102314, 36.002723877954239 ], [ -78.904643418726565, 36.002790536562145 ], [ -78.90463989813351, 36.002803672028236 ], [ -78.904637974705196, 36.002817024249318 ], [ -78.904637666849879, 36.002830465280852 ], [ -78.904638977526673, 36.002843866369453 ], [ -78.904641894176279, 36.002857099189171 ], [ -78.904646388855042, 36.002870036940351 ], [ -78.904652418537438, 36.002882555695898 ], [ -78.90465992545289, 36.002894535527886 ], [ -78.904668837659031, 36.002905861716869 ], [ -78.904679069818101, 36.0029164257137 ], [ -78.904690523871665, 36.002926126349038 ], [ -78.904703090155238, 36.00293487068565 ], [ -78.904716648242413, 36.002942574980736 ], [ -78.904731068296229, 36.002949165428568 ], [ -78.904746212184037, 36.002954578875624 ], [ -78.904761934795317, 36.00295876345357 ], [ -78.90477808552852, 36.002961679129704 ], [ -78.904794509710825, 36.002963297927941 ], [ -78.904811049950013, 36.002963604341879 ], [ -78.904827547858488, 36.002962595473591 ], [ -78.904843845372, 36.002960280952031 ], [ -78.904859786338548, 36.002956682989485 ], [ -78.904875218141626, 36.002951835998076 ], [ -78.904889992849974, 36.002945786425776 ], [ -78.904903969009936, 36.002938592263497 ], [ -78.904917012694426, 36.002930322358985 ], [ -78.904928998990911, 36.002921056005924 ], [ -78.904939813050731, 36.002910881900888 ], [ -78.904949351273032, 36.002899897539841 ], [ -78.904957522320373, 36.002888208147645 ], [ -78.90496424793109, 36.002875925717099 ], [ -78.904969463630763, 36.002863167855665 ], [ -78.904990657058292, 36.00280136915319 ], [ -78.904992514677858, 36.00279544574984 ], [ -78.90501190790232, 36.002727303594817 ], [ -78.905012732320046, 36.002724248850527 ], [ -78.905058949027335, 36.002543169370867 ], [ -78.905059577901909, 36.002539909651745 ], [ -78.905060606115882, 36.002536676779748 ], [ -78.905073986988256, 36.002484249637931 ], [ -78.905073822377219, 36.002484221901867 ] ], [ [ -78.905350138779042, 36.001610826677087 ], [ -78.905351038170991, 36.00161000758979 ], [ -78.905360725323547, 36.001600335230336 ], [ -78.905369292956223, 36.001589988803055 ], [ -78.905376670413204, 36.001579053605298 ], [ -78.905382796871137, 36.001567619749409 ], [ -78.905387621880664, 36.001555781531259 ], [ -78.905391105604281, 36.0015436364965 ], [ -78.905440548027144, 36.001327257608558 ], [ -78.90544278489449, 36.00131378028783 ], [ -78.905443370647362, 36.001300189278439 ], [ -78.905442299552163, 36.001286617836953 ], [ -78.90543958206932, 36.001273198957634 ], [ -78.905435244888281, 36.001260064218826 ], [ -78.905429330489767, 36.001247342381461 ], [ -78.905421896842839, 36.001235158125354 ], [ -78.905413016865339, 36.001223630894856 ], [ -78.905402777580107, 36.001212873717058 ], [ -78.905391279372495, 36.001202992047432 ], [ -78.905378634943645, 36.001194082697694 ], [ -78.905364968263328, 36.001186233065809 ], [ -78.905350413286584, 36.001179520063609 ], [ -78.905335112703483, 36.001174009539042 ], [ -78.905319216486433, 36.001169755450867 ], [ -78.905306079387572, 36.00116681682433 ], [ -78.905302394306801, 36.00116583457821 ], [ -78.905286324440468, 36.001162921064576 ], [ -78.905269982001101, 36.00116129181815 ], [ -78.905253522043409, 36.001160962232824 ], [ -78.905237100684445, 36.001161935451471 ], [ -78.905220873751631, 36.0011642022274 ], [ -78.9052049951935, 36.001167741088139 ], [ -78.905189615659893, 36.00117251841651 ], [ -78.905174881081479, 36.001178488916722 ], [ -78.905160931249426, 36.0011855959428 ], [ -78.905147898530217, 36.001193772074494 ], [ -78.905135906580213, 36.001202939693172 ], [ -78.905125069127592, 36.001213011832384 ], [ -78.905115489024908, 36.001223892973897 ], [ -78.90510725716625, 36.001235479843309 ], [ -78.905100451674542, 36.00124766250849 ], [ -78.905095137089077, 36.001260325367568 ], [ -78.905091363856883, 36.001273348330081 ], [ -78.905083266454255, 36.001309000399672 ], [ -78.905035258756129, 36.001520345573958 ], [ -78.905033029200709, 36.00153392436907 ], [ -78.905032475341613, 36.001547616080636 ], [ -78.905033602681613, 36.001561284512597 ], [ -78.905036400022297, 36.001574793730647 ], [ -78.905040839530201, 36.001588009353242 ], [ -78.905046877005603, 36.001600799898007 ], [ -78.905054452455616, 36.001613038128191 ], [ -78.905063490532143, 36.001624602344215 ], [ -78.905073901240527, 36.001635377482998 ], [ -78.905085581121298, 36.001645256355062 ], [ -78.905098413925074, 36.001654140716568 ], [ -78.905112272065239, 36.001661942204343 ], [ -78.905127017631031, 36.001668583160807 ], [ -78.905142503975583, 36.00167399756932 ], [ -78.905158577033745, 36.001678131577087 ], [ -78.90517507694419, 36.001680944045837 ], [ -78.905191839570307, 36.001682406992657 ], [ -78.905208698156443, 36.00168250586588 ], [ -78.905225485018207, 36.001681239711253 ], [ -78.905242033165223, 36.001678621090782 ], [ -78.905258177991684, 36.001674676056588 ], [ -78.905273758933248, 36.001669443850027 ], [ -78.905288620921269, 36.001662976545646 ], [ -78.905302616209042, 36.001655338448231 ], [ -78.905315605522048, 36.001646605544245 ], [ -78.905327459681502, 36.001636864706583 ], [ -78.905338060755028, 36.001626212788643 ], [ -78.905347303308375, 36.001614755828811 ], [ -78.905350138779042, 36.001610826677087 ] ], [ [ -78.905521781042978, 35.99687152127018 ], [ -78.905517855993239, 35.996871297231394 ], [ -78.905514571361294, 35.996869680502748 ], [ -78.905499731725129, 35.996863175460355 ], [ -78.905484168393897, 35.996857904204766 ], [ -78.905468036235575, 35.996853919214971 ], [ -78.905451495744771, 35.996851260090629 ], [ -78.905434711555586, 35.996849953358534 ], [ -78.905417850684415, 35.996850011949313 ], [ -78.905401080839439, 35.996851435360966 ], [ -78.905384568967463, 35.996854209355597 ], [ -78.905368479360334, 35.996858306369916 ], [ -78.905352972099863, 35.996863685623985 ], [ -78.905338201502218, 35.996870293587016 ], [ -78.905324314528428, 35.996878064525468 ], [ -78.9053114493978, 35.996886921078953 ], [ -78.905299734133138, 35.99689677516551 ], [ -78.905289285275458, 35.996907528667464 ], [ -78.905280206834476, 35.996919074639308 ], [ -78.905272589138335, 35.996931298130825 ], [ -78.905266507952987, 35.996944077560052 ], [ -78.905262023872481, 35.996957285756572 ], [ -78.905259181438467, 35.996970791252132 ], [ -78.905258008935661, 35.996984459681258 ], [ -78.905258518086072, 35.996998155044807 ], [ -78.905260703810839, 35.997011741028409 ], [ -78.905264544363575, 35.997025082458428 ], [ -78.905270001497968, 35.997038046593332 ], [ -78.905271960906489, 35.997042039080156 ], [ -78.905273335493945, 35.99704555976836 ], [ -78.905274772800638, 35.997049071934249 ], [ -78.905277576600582, 35.99705672229954 ], [ -78.905278230128502, 35.99705867939123 ], [ -78.905280287241226, 35.997064365834703 ], [ -78.905280582295006, 35.997065172250984 ], [ -78.905281502702508, 35.997067660094395 ], [ -78.905281960386219, 35.997069193268622 ], [ -78.905282833509673, 35.997071989545717 ], [ -78.905284005314158, 35.997075583780841 ], [ -78.90528412142568, 35.997075938025276 ], [ -78.905284850378862, 35.99707815002261 ], [ -78.905285588804915, 35.997080413397811 ], [ -78.905285900079193, 35.997081397865308 ], [ -78.905286283721011, 35.997082649982616 ], [ -78.905286913073212, 35.997084640322733 ], [ -78.905287431337811, 35.997086229969028 ], [ -78.90528799921924, 35.997087971787501 ], [ -78.905288560751046, 35.997089651104801 ], [ -78.905288892766748, 35.997090619737691 ], [ -78.905289294963609, 35.997091846678593 ], [ -78.905289458727125, 35.99709252937415 ], [ -78.90529172261283, 35.997100648824976 ], [ -78.905291960099376, 35.997101394870555 ], [ -78.905293199251801, 35.997106077690788 ], [ -78.90529410378106, 35.997109306136295 ], [ -78.905295754207074, 35.997114885182675 ], [ -78.905296184760815, 35.997117096399165 ], [ -78.905297401265983, 35.997122612640361 ], [ -78.905298382967985, 35.997126594506632 ], [ -78.905298683845203, 35.997128084787072 ], [ -78.905298983252464, 35.997129358623411 ], [ -78.905299369739751, 35.997130951711249 ], [ -78.905300777588664, 35.997136579550023 ], [ -78.905301367276095, 35.997139501341337 ], [ -78.905301654372209, 35.997140722726243 ], [ -78.905305497526598, 35.997153644346568 ], [ -78.905310859853913, 35.997166203512414 ], [ -78.905317691156355, 35.997178282636838 ], [ -78.905325927404462, 35.997189768544992 ], [ -78.905335491479249, 35.997200553655809 ], [ -78.905346293779672, 35.99721053694423 ], [ -78.905358233100472, 35.997219624875591 ], [ -78.905371197645067, 35.997227732368124 ], [ -78.905385065971572, 35.997234783425441 ], [ -78.905399708140962, 35.997240712044068 ], [ -78.905414987001279, 35.997245462653808 ], [ -78.905430759437635, 35.997248990750748 ], [ -78.905446877757882, 35.99725126333778 ], [ -78.905463190909288, 35.997252259090359 ], [ -78.905479546100935, 35.997251968687458 ], [ -78.905495790155982, 35.997250394840052 ], [ -78.905511770931412, 35.997247552292229 ], [ -78.905527338670595, 35.997243467712416 ], [ -78.905542347592444, 35.997238179282363 ], [ -78.905556657108718, 35.99723173661588 ], [ -78.905570133143272, 35.99722420001801 ], [ -78.905582649518493, 35.997215640101473 ], [ -78.905594088936638, 35.997206137045779 ], [ -78.905604344299064, 35.997195779856462 ], [ -78.905613319518565, 35.997184665541653 ], [ -78.905620930500618, 35.997172898261084 ], [ -78.905681586606192, 35.997066965284766 ], [ -78.905687897904485, 35.997054340619222 ], [ -78.905692638748974, 35.997041269905218 ], [ -78.905695762507435, 35.997027881807902 ], [ -78.905697238432708, 35.99701430805392 ], [ -78.905697051968318, 35.997000682250459 ], [ -78.905695204986657, 35.996987138511642 ], [ -78.905691715655195, 35.996973810167553 ], [ -78.905686618302994, 35.996960828335574 ], [ -78.905679963117521, 35.996948320848688 ], [ -78.905671815571807, 35.996936410771767 ], [ -78.905662255884693, 35.996925215329703 ], [ -78.905651378143261, 35.996914844725573 ], [ -78.905639289425238, 35.996905401013571 ], [ -78.905626108650694, 35.996896977136778 ], [ -78.905611965636552, 35.99688965601981 ], [ -78.905596999474966, 35.996883509716014 ], [ -78.905581357553743, 35.996878598720016 ], [ -78.905565193765455, 35.996874971361876 ], [ -78.90554866725715, 35.996872663339218 ], [ -78.905531940639165, 35.996871697358706 ], [ -78.905521781042978, 35.99687152127018 ] ], [ [ -78.90633418698863, 35.99685573679713 ], [ -78.906334134525778, 35.996855821477041 ], [ -78.90632749822953, 35.996867958374686 ], [ -78.906322335442454, 35.996880559368414 ], [ -78.906318694373255, 35.996893506617845 ], [ -78.906316609103754, 35.99690667911262 ], [ -78.906316099114463, 35.996919953688419 ], [ -78.906317169181605, 35.996933206235489 ], [ -78.906319809274422, 35.996946312852515 ], [ -78.906323994790384, 35.996959151000496 ], [ -78.906329686486302, 35.996971600628918 ], [ -78.906336831254279, 35.996983545385227 ], [ -78.906345362222169, 35.996994873576327 ], [ -78.906355199664873, 35.997005479268076 ], [ -78.90636625157785, 35.997015263329715 ], [ -78.906378414690352, 35.997024134286207 ], [ -78.906391575241784, 35.997032009197952 ], [ -78.906405610197936, 35.997038814430809 ], [ -78.906420388331867, 35.997044486371394 ], [ -78.90643577150793, 35.997048971977229 ], [ -78.906451615898149, 35.997052229299868 ], [ -78.906467773333986, 35.997054227925268 ], [ -78.906484092759811, 35.997054949139937 ], [ -78.906499151520293, 35.99705502214649 ], [ -78.906516032537951, 35.9970544176307 ], [ -78.906532754968524, 35.997052446507986 ], [ -78.906549151620382, 35.997049128456986 ], [ -78.906565058666885, 35.99704449664722 ], [ -78.906580317134285, 35.997038597383067 ], [ -78.906594774525004, 35.997031489583051 ], [ -78.906608286339477, 35.997023244314022 ], [ -78.906620717598315, 35.997013943968028 ], [ -78.906631943992636, 35.997003681494313 ], [ -78.906641853406427, 35.996992559438581 ], [ -78.906650346762802, 35.996980688955041 ], [ -78.906657339174629, 35.996968188708131 ], [ -78.906662760791207, 35.99695518358228 ], [ -78.906666557407917, 35.996941803555856 ], [ -78.906668691110184, 35.996928182355717 ], [ -78.906669140545333, 35.996914456083765 ], [ -78.906667901228445, 35.996900761953569 ], [ -78.906664985577621, 35.996887236806977 ], [ -78.906660422678954, 35.996874015795242 ], [ -78.906654258152784, 35.996861231060485 ], [ -78.906646553648187, 35.996849010334188 ], [ -78.906637386100527, 35.996837475810302 ], [ -78.906626847192157, 35.996826742716479 ], [ -78.906615042170458, 35.996816918351627 ], [ -78.906602089071555, 35.996808100849194 ], [ -78.906588117301595, 35.996800378351857 ], [ -78.90657641127126, 35.99679458156286 ], [ -78.906561621924283, 35.996788055205585 ], [ -78.906546107216258, 35.996782756294358 ], [ -78.906530021001402, 35.996778737388539 ], [ -78.90651352269272, 35.996776038332733 ], [ -78.906496775876334, 35.996774685816355 ], [ -78.906479946587638, 35.996774693317256 ], [ -78.906463201587655, 35.996776060743279 ], [ -78.9064467069431, 35.996778774541212 ], [ -78.906430626167094, 35.996782807777549 ], [ -78.906415118629837, 35.996788120494536 ], [ -78.90640033810476, 35.996794660038717 ], [ -78.906386431111414, 35.996802361553939 ], [ -78.906373535494865, 35.996811148722237 ], [ -78.906361779106533, 35.996820934394428 ], [ -78.906351278484692, 35.996831621578153 ], [ -78.906342137737795, 35.996843104343412 ], [ -78.906334447461518, 35.996855268838303 ], [ -78.90633418698863, 35.99685573679713 ] ], [ [ -78.907457841386559, 35.995400675689297 ], [ -78.907457085343395, 35.995401235192908 ], [ -78.907445361581679, 35.995410809363612 ], [ -78.907434851672605, 35.995421272971193 ], [ -78.907425657180568, 35.995432524807761 ], [ -78.907417867069711, 35.995444456073933 ], [ -78.907411556654679, 35.995456951421879 ], [ -78.907406786923403, 35.995469889998695 ], [ -78.907403604028403, 35.995483146737129 ], [ -78.907402038744806, 35.995496593399089 ], [ -78.907402106231956, 35.995510099976428 ], [ -78.907403805795482, 35.995523535872053 ], [ -78.907407121020981, 35.99553677113618 ], [ -78.907412019840038, 35.995549677839939 ], [ -78.907418454934628, 35.995562131147111 ], [ -78.907426364006028, 35.99557401063278 ], [ -78.907435670618568, 35.995585201410535 ], [ -78.907446284772959, 35.995595595313887 ], [ -78.907448168187244, 35.995597265267222 ], [ -78.907459858104744, 35.99560666765376 ], [ -78.907472617233324, 35.995615102198272 ], [ -78.90748632474444, 35.99562248906097 ], [ -78.907500850873589, 35.995628758257354 ], [ -78.907516058068765, 35.995633850483237 ], [ -78.907531802308355, 35.99563771750045 ], [ -78.907547934520466, 35.995640322659611 ], [ -78.907564301934627, 35.995641641313497 ], [ -78.907580749569064, 35.995641660955428 ], [ -78.907597121684105, 35.995640381440076 ], [ -78.907613263269866, 35.995637814847292 ], [ -78.907629021432115, 35.995633985510665 ], [ -78.907644246981604, 35.995628929661535 ], [ -78.907658795752837, 35.995622695210187 ], [ -78.907672529956798, 35.995615341142575 ], [ -78.907685319567562, 35.995606937136763 ], [ -78.907697043472538, 35.995597562739611 ], [ -78.907698211390965, 35.995596533299214 ], [ -78.907701305368875, 35.995594031418918 ], [ -78.907702204597157, 35.995593364501012 ], [ -78.907714053384382, 35.995583655353947 ], [ -78.907724655472194, 35.995573036966739 ], [ -78.907733905776396, 35.995561614528825 ], [ -78.907741712691902, 35.995549501288629 ], [ -78.907747998804084, 35.995536817263243 ], [ -78.907752701802679, 35.995523688194929 ], [ -78.9077557750918, 35.995510244178298 ], [ -78.907757188196996, 35.995496618451682 ], [ -78.907756927138465, 35.995482946078937 ], [ -78.907754994466529, 35.995469362548327 ], [ -78.907751409398216, 35.995456002481632 ], [ -78.90774620741314, 35.995442998287693 ], [ -78.907739440085905, 35.99543047887115 ], [ -78.90773117447911, 35.995418568285999 ], [ -78.907721492536211, 35.995407384553786 ], [ -78.907710490170018, 35.995397038564207 ], [ -78.907708568549268, 35.99539540369372 ], [ -78.907696803164441, 35.995386311391968 ], [ -78.907684018552814, 35.995378178398731 ], [ -78.907670332674556, 35.995371079743407 ], [ -78.907655871816559, 35.995365080929361 ], [ -78.907640769376187, 35.995360237301085 ], [ -78.907625164746321, 35.995356593549062 ], [ -78.907609201896037, 35.995354183296421 ], [ -78.907593028086481, 35.995353028768506 ], [ -78.907576792620219, 35.995353140654487 ], [ -78.90756064525273, 35.995354517886398 ], [ -78.907544734975318, 35.995357147775621 ], [ -78.907529208629157, 35.995361006039225 ], [ -78.907514209451307, 35.995366057101151 ], [ -78.907499875823689, 35.995372254338385 ], [ -78.907486340055655, 35.995379540574589 ], [ -78.907473726997353, 35.995387848573415 ], [ -78.907462153058717, 35.995397101697151 ], [ -78.907460903996039, 35.995398201124651 ], [ -78.907457841386559, 35.995400675689297 ] ] ], [ [ [ -78.909189755264464, 35.986824800511464 ], [ -78.909189086321419, 35.98682796950537 ], [ -78.909144914666172, 35.986989641443103 ], [ -78.90913758961355, 35.98701646010857 ], [ -78.909117690840958, 35.987089293242086 ], [ -78.909113190279271, 35.987105755582064 ], [ -78.909101965386071, 35.987146849737059 ], [ -78.909096976998953, 35.987165110677097 ], [ -78.909079940474655, 35.987227454931457 ], [ -78.909076525151264, 35.987239963713179 ], [ -78.909075458794902, 35.987243135349516 ], [ -78.90907214656211, 35.987246648673626 ], [ -78.909067804109469, 35.987250841274594 ], [ -78.909058130030274, 35.987262383692432 ], [ -78.909049948087855, 35.987274664843547 ], [ -78.909043342963031, 35.987287557738028 ], [ -78.909038382848863, 35.987300929082849 ], [ -78.909035119077203, 35.987314640682463 ], [ -78.909033585373493, 35.987328550729536 ], [ -78.909030566255424, 35.987392234044961 ], [ -78.909026917906516, 35.987469147897393 ], [ -78.909023138648749, 35.98754865963425 ], [ -78.909019445669941, 35.987614331257596 ], [ -78.909019060206859, 35.987617590180918 ], [ -78.909015029246859, 35.987617496112122 ], [ -78.908773365554808, 35.98760198233699 ], [ -78.908757219715469, 35.987601575162266 ], [ -78.90874109976869, 35.987602422631298 ], [ -78.908725153029536, 35.987604516942525 ], [ -78.90870952513572, 35.987607839002642 ], [ -78.908694358864679, 35.987612358453212 ], [ -78.908679792781072, 35.987618034026688 ], [ -78.908665959952089, 35.987624813847781 ], [ -78.908652986696126, 35.987632635981683 ], [ -78.908640991601928, 35.987641428982961 ], [ -78.90863008420969, 35.987651112498888 ], [ -78.908620364165088, 35.987661598120297 ], [ -78.908611920272094, 35.987672789985304 ], [ -78.908604829680428, 35.987684585932364 ], [ -78.908538365825791, 35.987810024130169 ], [ -78.908537898213069, 35.987810890186793 ], [ -78.908477803910259, 35.987920139888431 ], [ -78.908477526499667, 35.98792064695941 ], [ -78.908440998225743, 35.98798778075966 ], [ -78.908364476091307, 35.988128492635113 ], [ -78.908338300867882, 35.988176615332918 ], [ -78.9083326527048, 35.988188450144399 ], [ -78.908328372985395, 35.988200658214112 ], [ -78.908325498334662, 35.988213135207488 ], [ -78.908324053211487, 35.98822577463806 ], [ -78.908321175663275, 35.988276108122797 ], [ -78.908319812837107, 35.988299850030593 ], [ -78.908319835343377, 35.988313032207152 ], [ -78.908321412634493, 35.988326151927872 ], [ -78.908324530144782, 35.988339088337 ], [ -78.908329159211206, 35.988351722271368 ], [ -78.908335257173519, 35.988363937414221 ], [ -78.90834276784625, 35.988375621229586 ], [ -78.908351622092212, 35.988386666089113 ], [ -78.908361738328253, 35.988396970288754 ], [ -78.908373023403129, 35.988406438873575 ], [ -78.908385373339996, 35.98841498470987 ], [ -78.908398674451234, 35.988422529007785 ], [ -78.908412804148497, 35.98842900233835 ], [ -78.908427632328312, 35.988434345019286 ], [ -78.908435285646789, 35.988436752487544 ], [ -78.908435393530482, 35.988439919859985 ], [ -78.908431943443787, 35.988573906950243 ], [ -78.908430725414306, 35.988621209760254 ], [ -78.908431245368703, 35.988635225172466 ], [ -78.908433520789714, 35.988649124462256 ], [ -78.908437527978393, 35.988662762812332 ], [ -78.90844322521626, 35.988675998084005 ], [ -78.90845055306778, 35.988688692328289 ], [ -78.908459435223619, 35.988700713270042 ], [ -78.908469779073798, 35.988711935626895 ], [ -78.908470418540546, 35.98871256024615 ], [ -78.908470428013928, 35.988715889403352 ], [ -78.908461075463919, 35.988877165740263 ], [ -78.908451513518784, 35.989041290701984 ], [ -78.908451135952845, 35.989044474879165 ], [ -78.90844720006038, 35.98904451294333 ], [ -78.907919695112511, 35.989028704840457 ], [ -78.907903195990642, 35.989028865413715 ], [ -78.90788679472108, 35.989030332741841 ], [ -78.907870647687488, 35.989033092850228 ], [ -78.907854908752526, 35.989037119427969 ], [ -78.907839728006905, 35.989042374101608 ], [ -78.907825250045008, 35.989048806791139 ], [ -78.907811612950496, 35.989056356175887 ], [ -78.907798946639161, 35.989064950297916 ], [ -78.907787371878015, 35.989074507247878 ], [ -78.907776998999864, 35.98908493593332 ], [ -78.907767926820668, 35.989096136956796 ], [ -78.907760241861055, 35.989108003549418 ], [ -78.907754017330944, 35.98912042261388 ], [ -78.907749312621377, 35.989133275795425 ], [ -78.907746172491997, 35.989146440552709 ], [ -78.907744626934289, 35.989159791393654 ], [ -78.907743538401945, 35.989179449827475 ], [ -78.907740803091329, 35.989228847397285 ], [ -78.907738067777316, 35.989278244993542 ], [ -78.907735332459993, 35.989327642561335 ], [ -78.907732597139272, 35.989377040155567 ], [ -78.907729861920927, 35.989426433985336 ], [ -78.907726824545648, 35.989481320456647 ], [ -78.907724089110928, 35.989530719970588 ], [ -78.907721353776466, 35.989580117533187 ], [ -78.907718618438636, 35.989629515122203 ], [ -78.907715883235426, 35.989678910292888 ], [ -78.907713145829874, 35.98972830708167 ], [ -78.907709914408798, 35.989786677841437 ], [ -78.907709989299434, 35.989800254230673 ], [ -78.907711712986099, 35.98981375832583 ], [ -78.907715068685576, 35.989827058143774 ], [ -78.907720023589874, 35.989840023776964 ], [ -78.907726529338106, 35.989852528520167 ], [ -78.907734522285352, 35.989864450244205 ], [ -78.907743924414063, 35.989875672413028 ], [ -78.907754643839624, 35.989886085457812 ], [ -78.907766575823345, 35.989895587574189 ], [ -78.907779603819009, 35.989904085986872 ], [ -78.907793600486087, 35.989911497637166 ], [ -78.907808429142278, 35.98991775011806 ], [ -78.907823944911911, 35.989922782334467 ], [ -78.9078399961451, 35.98992654510856 ], [ -78.907856426073408, 35.989929001730609 ], [ -78.907873074161785, 35.989930128152238 ], [ -78.908912260694976, 35.989958529529964 ], [ -78.908916240024908, 35.989958799102787 ], [ -78.908916243189168, 35.989962044274925 ], [ -78.908900001981095, 35.990232496259623 ], [ -78.908899609123466, 35.990235762480999 ], [ -78.908896393297439, 35.990238410341377 ], [ -78.908884875190012, 35.990248920619855 ], [ -78.908874740986732, 35.990260333635703 ], [ -78.908866097098667, 35.990272529530522 ], [ -78.908859034295716, 35.990285380275331 ], [ -78.908853626724891, 35.990298750906128 ], [ -78.908849931164895, 35.990312501088951 ], [ -78.908847986382298, 35.990326486410673 ], [ -78.908845922810102, 35.990353820349014 ], [ -78.908807106504824, 35.990869317005007 ], [ -78.908799783363193, 35.990966605691924 ], [ -78.908773223970613, 35.991323923937607 ], [ -78.908772459099609, 35.991329880739059 ], [ -78.908771188295276, 35.991336826445632 ], [ -78.908770503019554, 35.991339713787525 ], [ -78.908769515610445, 35.991342542720339 ], [ -78.908766777455483, 35.99134927278299 ], [ -78.908765494458763, 35.991352023807231 ], [ -78.908763925803413, 35.991354675255742 ], [ -78.908759821242953, 35.991360912046083 ], [ -78.908757991578042, 35.991363427895358 ], [ -78.908755904757683, 35.991365807873606 ], [ -78.908750565244148, 35.991371378560132 ], [ -78.908748188958668, 35.99137364689993 ], [ -78.908745579191816, 35.991375738894192 ], [ -78.908739143314094, 35.991380467271739 ], [ -78.908736371917556, 35.991382334982298 ], [ -78.908733414524818, 35.991384003719261 ], [ -78.908726034296649, 35.991387799054756 ], [ -78.908722898283543, 35.991389262587539 ], [ -78.908719619502676, 35.991390502317785 ], [ -78.908711616752385, 35.991393195218478 ], [ -78.908708178232828, 35.991394212561787 ], [ -78.908704644058588, 35.991394983748961 ], [ -78.908696167315412, 35.991396516252102 ], [ -78.908692619235651, 35.991397029449054 ], [ -78.908689030163103, 35.991397294525335 ], [ -78.908680329067394, 35.991397633302888 ], [ -78.908673105009171, 35.991397663229641 ], [ -78.908456703432108, 35.99139103387553 ], [ -78.908453370246534, 35.991390823999517 ], [ -78.908450067996952, 35.991390400175554 ], [ -78.908366004131466, 35.99137681639256 ], [ -78.908344460380178, 35.991373335541169 ], [ -78.908339894375587, 35.991372490268475 ], [ -78.90823468063266, 35.991350503401648 ], [ -78.908230148979086, 35.991349446020173 ], [ -78.908129232297398, 35.991323401098512 ], [ -78.908126603428329, 35.99132272300686 ], [ -78.908122159623716, 35.991321465012319 ], [ -78.908020583792663, 35.991290106105467 ], [ -78.908016247503411, 35.991288654243249 ], [ -78.907916978876315, 35.991252766728948 ], [ -78.907912732228269, 35.991251114832387 ], [ -78.907815017988398, 35.991210347344413 ], [ -78.907812943810669, 35.991209452177237 ], [ -78.907193837638744, 35.990933221855293 ], [ -78.906566176224118, 35.990653173660398 ], [ -78.906338686359106, 35.990551655204769 ], [ -78.906335337669447, 35.990549985233663 ], [ -78.90633624631036, 35.990546878857693 ], [ -78.906386295840704, 35.99040627589136 ], [ -78.906386918225138, 35.990404607151781 ], [ -78.906447162200791, 35.990250166721786 ], [ -78.906447832657875, 35.990248520407413 ], [ -78.906511821466594, 35.990097800886254 ], [ -78.906513356179019, 35.990094700811404 ], [ -78.906518802969813, 35.990094335276012 ], [ -78.906535055726394, 35.990092596193406 ], [ -78.90655102472914, 35.990089585701242 ], [ -78.906566559726116, 35.990085332062201 ], [ -78.906581514609456, 35.990079875354631 ], [ -78.90659574866693, 35.990073266869331 ], [ -78.906609127968068, 35.99006556878075 ], [ -78.906621526649559, 35.990056853516236 ], [ -78.906632828099063, 35.990047203070105 ], [ -78.906642925970189, 35.99003670823523 ], [ -78.906651725265192, 35.990025467724834 ], [ -78.906659143214924, 35.990013587293994 ], [ -78.906665110057304, 35.990001178723844 ], [ -78.906669569613314, 35.989988358750651 ], [ -78.906672479930421, 35.989975247939952 ], [ -78.906678557659632, 35.9899374577316 ], [ -78.906678915231382, 35.989935462707813 ], [ -78.906681049566856, 35.989924668010786 ], [ -78.90671245463588, 35.989766954996512 ], [ -78.906712881225431, 35.989764993649679 ], [ -78.906752435567512, 35.989597344663913 ], [ -78.906752930450807, 35.98959539965918 ], [ -78.906798430086425, 35.989428763067529 ], [ -78.906798997539966, 35.98942681899694 ], [ -78.906850443023984, 35.989261327532951 ], [ -78.906851075954506, 35.989259408785209 ], [ -78.906903815710507, 35.989108300526745 ], [ -78.906907789405338, 35.989094077503374 ], [ -78.906909884950068, 35.989079592211752 ], [ -78.906913032749813, 35.989039623139703 ], [ -78.906913480810033, 35.98903641830784 ], [ -78.906917448903457, 35.989036479268002 ], [ -78.907029198705189, 35.989042676167415 ], [ -78.907046363743035, 35.989042917761864 ], [ -78.907063470413917, 35.989041742934674 ], [ -78.907080342154586, 35.989039163803611 ], [ -78.907096804920329, 35.989035206993094 ], [ -78.907112688807899, 35.989029913278351 ], [ -78.907127829982485, 35.989023337339574 ], [ -78.907142072199818, 35.989015547021374 ], [ -78.907155268496979, 35.989006622674758 ], [ -78.907167282714411, 35.988996656389105 ], [ -78.907177990882928, 35.988985751004222 ], [ -78.907187282543262, 35.988974019067392 ], [ -78.9071950618291, 35.988961581570592 ], [ -78.907201248414779, 35.988948566879756 ], [ -78.907337549604307, 35.988611876395915 ], [ -78.90734080019196, 35.988605084799779 ], [ -78.907348505516836, 35.988591214405183 ], [ -78.90741170323335, 35.988477462731296 ], [ -78.907414306645322, 35.988472521140963 ], [ -78.907421569026369, 35.988457954923071 ], [ -78.907427071032345, 35.98844513183132 ], [ -78.907430988029475, 35.988431929839848 ], [ -78.907433281741916, 35.988418478033353 ], [ -78.907433929744201, 35.988404907898371 ], [ -78.907432925699212, 35.988391352087369 ], [ -78.907430279461067, 35.988377943100254 ], [ -78.907426016839977, 35.988364812020386 ], [ -78.907420179536032, 35.988352087223539 ], [ -78.907412824633539, 35.988339893113803 ], [ -78.907404023994175, 35.988328348831992 ], [ -78.907393863649503, 35.988317567293734 ], [ -78.907382442957555, 35.988307653842746 ], [ -78.907369873488193, 35.988298705425912 ], [ -78.907362107061132, 35.988294194820547 ], [ -78.907359402514757, 35.988292455972868 ], [ -78.907360869567256, 35.988289435005228 ], [ -78.907485561397948, 35.9880655461007 ], [ -78.907889964546655, 35.987339422851058 ], [ -78.907896043544412, 35.987326909930445 ], [ -78.907900587224034, 35.987313973732896 ], [ -78.907903552009813, 35.98730073833957 ], [ -78.907904909465799, 35.987287330727455 ], [ -78.907904646533851, 35.987273879478344 ], [ -78.907904554629795, 35.987273226424065 ], [ -78.907905924580135, 35.987272443408003 ], [ -78.907918338897275, 35.987263774852543 ], [ -78.907929663306589, 35.987254171021711 ], [ -78.907939791535256, 35.987243721995426 ], [ -78.907948628658914, 35.987232525718852 ], [ -78.907956091744708, 35.987220687233744 ], [ -78.907972728428291, 35.987190814951127 ], [ -78.907974551049762, 35.987187922834352 ], [ -78.907980748562295, 35.987186228561214 ], [ -78.907982669857773, 35.987185788962172 ], [ -78.907997352748126, 35.987181194047118 ], [ -78.908011446201328, 35.987175509324985 ], [ -78.908024828137982, 35.987168784069404 ], [ -78.908037382552791, 35.987161076569066 ], [ -78.908049000630641, 35.987152453606662 ], [ -78.908177908260654, 35.987047426695405 ], [ -78.908188378674723, 35.98703807160679 ], [ -78.908197745982676, 35.987027973559833 ], [ -78.90820593085715, 35.987017218094742 ], [ -78.908212863868343, 35.98700589641809 ], [ -78.908218486262257, 35.986994104497043 ], [ -78.908222750367329, 35.986981942317733 ], [ -78.908224823233184, 35.986972964273193 ], [ -78.908225282187942, 35.986971417727496 ], [ -78.908230597681822, 35.986968731708501 ], [ -78.908234209344656, 35.986967096327781 ], [ -78.908247886596229, 35.986959378880172 ], [ -78.90826056311036, 35.986950605107225 ], [ -78.90827211578744, 35.986940860159244 ], [ -78.908282432536524, 35.986930238589821 ], [ -78.908291413188948, 35.98691884353255 ], [ -78.908298970615064, 35.986906785547859 ], [ -78.908305031468828, 35.986894181717254 ], [ -78.908309536865346, 35.986881154352425 ], [ -78.908309656735483, 35.986880728202756 ], [ -78.908313291420299, 35.986879263431675 ], [ -78.90863500968311, 35.986765273180971 ], [ -78.90863706653505, 35.986764570528479 ], [ -78.908740219658497, 35.98673062643153 ], [ -78.908763707608898, 35.986722900734037 ], [ -78.908767571876922, 35.986721805715334 ], [ -78.908772890226317, 35.986722482616628 ], [ -78.908789289700806, 35.986723907833586 ], [ -78.908805781982636, 35.986724027147375 ], [ -78.908822210066063, 35.986722839396933 ], [ -78.90883841747204, 35.986720355920859 ], [ -78.908854249837205, 35.986716600338951 ], [ -78.908869556434979, 35.986711608443521 ], [ -78.908877268031688, 35.986708730898023 ], [ -78.908881063019734, 35.986709957423749 ], [ -78.909186241267079, 35.986823323449251 ], [ -78.909189755264464, 35.986824800511464 ] ] ], [ [ [ -78.907633689456873, 35.987173458223936 ], [ -78.907621082661493, 35.987182064932895 ], [ -78.907609510444246, 35.987191684096551 ], [ -78.907599151569997, 35.987202177149442 ], [ -78.907590105428639, 35.987213443486027 ], [ -78.907582458743377, 35.987225374964027 ], [ -78.907355135087215, 35.987626936670573 ], [ -78.907354637829101, 35.987627823303463 ], [ -78.90705032286921, 35.988175581637357 ], [ -78.907048484512103, 35.988178499769781 ], [ -78.907044663044289, 35.988178862252909 ], [ -78.90702757119179, 35.988181210758341 ], [ -78.907010865181903, 35.988184969776903 ], [ -78.906994720862357, 35.988190099692162 ], [ -78.906979307979384, 35.988196546598232 ], [ -78.906964788690033, 35.988204242655755 ], [ -78.906951315769774, 35.988213106887081 ], [ -78.906939030921492, 35.988223046081671 ], [ -78.906928063388506, 35.988233955646542 ], [ -78.906918528533595, 35.988245720841327 ], [ -78.906910526688378, 35.988258217876265 ], [ -78.90690414196861, 35.988271315312211 ], [ -78.906721091912061, 35.988711513112456 ], [ -78.906719639631305, 35.988714506474899 ], [ -78.906718960960802, 35.988714209490084 ], [ -78.90670371122728, 35.988708314306372 ], [ -78.906687813704167, 35.988703685366602 ], [ -78.906671427172782, 35.988700368833122 ], [ -78.906654715161793, 35.988698397823406 ], [ -78.906637844595465, 35.988697792024148 ], [ -78.906620983833463, 35.988698557497742 ], [ -78.90660430121757, 35.988700686598669 ], [ -78.906587963313839, 35.98870415805446 ], [ -78.906572133256077, 35.988708937211797 ], [ -78.906556969021693, 35.988714976337334 ], [ -78.906542622045123, 35.988722215193484 ], [ -78.906529235561052, 35.988730581476688 ], [ -78.90651694318386, 35.98873999164045 ], [ -78.906505867689631, 35.988750351800924 ], [ -78.906496119561837, 35.988761558477528 ], [ -78.906487796212573, 35.98877349977348 ], [ -78.906480980696642, 35.988786056528774 ], [ -78.906475741034384, 35.988799103363277 ], [ -78.906472129601596, 35.988812509995164 ], [ -78.906470182384297, 35.988826142613583 ], [ -78.906470159921696, 35.988826420602436 ], [ -78.906470140731344, 35.988826558464474 ], [ -78.906469960697407, 35.988827757708485 ], [ -78.906469722641077, 35.988829234996537 ], [ -78.906469514690414, 35.988830576793418 ], [ -78.906469286098329, 35.988832112656794 ], [ -78.906468829137566, 35.988834991674935 ], [ -78.906468663271241, 35.988836070332319 ], [ -78.906468426639265, 35.988837660169963 ], [ -78.906467960463331, 35.988840615577786 ], [ -78.906467836047923, 35.988841423485695 ], [ -78.906467545543777, 35.988843356064656 ], [ -78.906466575680355, 35.988852145670187 ], [ -78.906466531862947, 35.988852766562623 ], [ -78.906466313587813, 35.988854121070631 ], [ -78.906466105637023, 35.988855462867505 ], [ -78.906465877044823, 35.988856998730846 ], [ -78.906465420083791, 35.988859877748979 ], [ -78.906465254217352, 35.988860956406334 ], [ -78.906465025863568, 35.98886249067656 ], [ -78.906464562399506, 35.988865410044518 ], [ -78.906464408558861, 35.988866407891521 ], [ -78.906464163998663, 35.988868042747953 ], [ -78.906463718745499, 35.988870852685579 ], [ -78.906463557611985, 35.988871901595516 ], [ -78.906463322819363, 35.988873479154996 ], [ -78.906462865075099, 35.988876363007414 ], [ -78.906462700639523, 35.988877431968589 ], [ -78.906462414644977, 35.988879352326379 ], [ -78.906461971700807, 35.988882269759578 ], [ -78.906461922545404, 35.98888259670872 ], [ -78.906461619753983, 35.98888463127787 ], [ -78.906461162792681, 35.988887510268476 ], [ -78.906460996926128, 35.988888588925789 ], [ -78.906460768333687, 35.988890124816585 ], [ -78.906460311372328, 35.988893003807199 ], [ -78.906460145505761, 35.988894082464519 ], [ -78.906459916913292, 35.988895618355308 ], [ -78.906459459951861, 35.988898497345922 ], [ -78.906459294085238, 35.988899576030711 ], [ -78.906459137204934, 35.988900629888647 ], [ -78.906458873120201, 35.98890175769872 ], [ -78.906457323561966, 35.988909604111861 ], [ -78.906457169532928, 35.988910560202847 ], [ -78.906457157520563, 35.988910629420459 ], [ -78.90645661676767, 35.988914058864779 ], [ -78.906456350054341, 35.988915937701208 ], [ -78.906456018292999, 35.988918119162776 ], [ -78.906455964879868, 35.98891847407404 ], [ -78.906455662803651, 35.988920503781337 ], [ -78.906455205841922, 35.988923382771908 ], [ -78.906455039975199, 35.988924461456676 ], [ -78.906454803342712, 35.988926051294236 ], [ -78.906454337165769, 35.988929006701916 ], [ -78.906454212750077, 35.988929814609762 ], [ -78.906454035953914, 35.988930990533341 ], [ -78.906453786680103, 35.988932055034184 ], [ -78.906452221118087, 35.988940001264368 ], [ -78.9064518291176, 35.988942448241495 ], [ -78.906451637475243, 35.988943688518141 ], [ -78.906451431469236, 35.988945072621675 ], [ -78.90645109692835, 35.988947143977512 ], [ -78.906451098347844, 35.988947144143431 ], [ -78.906450723438041, 35.988949485809982 ], [ -78.906450588578593, 35.988950409335089 ], [ -78.906449888247451, 35.988953399918486 ], [ -78.906449300906871, 35.98895604906955 ], [ -78.906448587958167, 35.988959455773283 ], [ -78.906447160786513, 35.988962529036982 ], [ -78.906395745363426, 35.989058939639278 ], [ -78.906390721188558, 35.989069542268631 ], [ -78.906386792426204, 35.989080446077168 ], [ -78.906383985968361, 35.9890915764745 ], [ -78.906349964033353, 35.989262097281269 ], [ -78.90624048045224, 35.989809453990375 ], [ -78.906239755183606, 35.989812307637244 ], [ -78.906238734180064, 35.989815100895754 ], [ -78.906022612945762, 35.990325712622898 ], [ -78.906020498525962, 35.990330207768984 ], [ -78.906019989916061, 35.990331207512135 ], [ -78.906019426767145, 35.990332336518989 ], [ -78.906018844543155, 35.99033347441177 ], [ -78.906018452644076, 35.990334221319777 ], [ -78.906014463885811, 35.990340673454284 ], [ -78.906014209963288, 35.990341019090543 ], [ -78.906013458665072, 35.990342006120166 ], [ -78.906012974507874, 35.990342646067731 ], [ -78.906011985600287, 35.990343961274668 ], [ -78.906007752061385, 35.990348946299939 ], [ -78.906006487500974, 35.990350225664898 ], [ -78.9060060056091, 35.99035069098143 ], [ -78.906005197417997, 35.990351477346941 ], [ -78.906003901025244, 35.990352748281282 ], [ -78.906003094972903, 35.990353526709349 ], [ -78.906001935778164, 35.990354629489744 ], [ -78.905996812102842, 35.990358868762854 ], [ -78.905995110697091, 35.990360072521121 ], [ -78.90599500795372, 35.990360145212577 ], [ -78.905994197002855, 35.99036068898004 ], [ -78.905994213310791, 35.990360705063104 ], [ -78.905993400215166, 35.990361203859017 ], [ -78.905989670353094, 35.990363735649503 ], [ -78.905978572248813, 35.990369753379781 ], [ -78.905978348489114, 35.99036985745974 ], [ -78.905976948609705, 35.99037050403706 ], [ -78.905974219654183, 35.990371692499473 ], [ -78.905969434826943, 35.990373484701315 ], [ -78.905968822551344, 35.990373694574977 ], [ -78.905968391867319, 35.990373843300738 ], [ -78.905964572162958, 35.990375064465255 ], [ -78.9059615177582, 35.990375902257519 ], [ -78.905959135012296, 35.990376508025335 ], [ -78.90595898555982, 35.990376546397052 ], [ -78.90595164289337, 35.990378156969044 ], [ -78.905949590974657, 35.99037850122081 ], [ -78.905944995243104, 35.990379100779194 ], [ -78.90594003876538, 35.99037950086786 ], [ -78.905939908075823, 35.990379508129429 ], [ -78.905937539691578, 35.990379624650473 ], [ -78.905926753843147, 35.99037961884418 ], [ -78.905925556028606, 35.990379575588967 ], [ -78.905923325952216, 35.990379471047731 ], [ -78.905923148331155, 35.99037946080162 ], [ -78.905921030888166, 35.990379295773671 ], [ -78.905913650412444, 35.990378254269935 ], [ -78.905907083287914, 35.990377017304688 ], [ -78.905903108712266, 35.990375995263506 ], [ -78.905894084748084, 35.990373276106027 ], [ -78.904535306232887, 35.989914230414222 ], [ -78.903587967186922, 35.989594021822121 ], [ -78.903584292606723, 35.989592604250376 ], [ -78.903582556373237, 35.989589614865018 ], [ -78.903521549767888, 35.989469670952914 ], [ -78.90351439663651, 35.989457370954675 ], [ -78.903505781373653, 35.989445706385219 ], [ -78.903495788483767, 35.989434791672551 ], [ -78.903484516034567, 35.989424733893209 ], [ -78.903472074610576, 35.989415631699956 ], [ -78.903458586232389, 35.989407574414543 ], [ -78.903444183242499, 35.989400641037847 ], [ -78.903429006953843, 35.989394899644388 ], [ -78.903413206231292, 35.989390406502167 ], [ -78.903396936072269, 35.989387205742055 ], [ -78.903380356120294, 35.989385328724573 ], [ -78.903363629008922, 35.98938479387396 ], [ -78.90334691887476, 35.989385606457056 ], [ -78.90333038956598, 35.989387758499632 ], [ -78.903314203324157, 35.989391228840184 ], [ -78.903298518890864, 35.989395983485622 ], [ -78.903283490155374, 35.989401975802387 ], [ -78.903269264565566, 35.989409146954834 ], [ -78.90325598163966, 35.989417426618225 ], [ -78.903243771714983, 35.989426733554644 ], [ -78.903232754560932, 35.989436976490872 ], [ -78.903223038262638, 35.989448054886786 ], [ -78.903214718171668, 35.989459860143164 ], [ -78.903207875857134, 35.989472276370037 ], [ -78.903202578495609, 35.989485181787224 ], [ -78.90319887799096, 35.989498449795001 ], [ -78.903198095436736, 35.989502081658287 ], [ -78.903197951375915, 35.989502725792782 ], [ -78.903197057805542, 35.989505830153348 ], [ -78.903193337377672, 35.989504741305787 ], [ -78.90264097838147, 35.989317445835759 ], [ -78.902469090305644, 35.98925909551464 ], [ -78.901888332248404, 35.989062118203812 ], [ -78.90188466988937, 35.989060701963972 ], [ -78.901882579216064, 35.989057877424422 ], [ -78.901824011282315, 35.98896923791321 ], [ -78.901822310810175, 35.98896634193202 ], [ -78.901823904649078, 35.988960561346417 ], [ -78.901826713144203, 35.988947408999913 ], [ -78.901827937394685, 35.988934097229716 ], [ -78.90182756585709, 35.988920751706239 ], [ -78.901825602063155, 35.988907498551448 ], [ -78.901822064587748, 35.98889446288289 ], [ -78.901816986779536, 35.988881767852099 ], [ -78.901810416627356, 35.988869533353238 ], [ -78.901802416186811, 35.98885787497877 ], [ -78.901793061040891, 35.988846902782917 ], [ -78.901782439523629, 35.988836720429383 ], [ -78.901770651977657, 35.98882742409193 ], [ -78.90175780970749, 35.988819101574506 ], [ -78.901744034067875, 35.988811831486402 ], [ -78.901729455078794, 35.988805682499439 ], [ -78.901714210513674, 35.988800712660449 ], [ -78.901698444345087, 35.988796968922983 ], [ -78.901682305460881, 35.988794486679438 ], [ -78.901665946312619, 35.988793289320284 ], [ -78.901649521394646, 35.988793388205451 ], [ -78.901633185892337, 35.988794782361047 ], [ -78.901617094025625, 35.988797458670348 ], [ -78.901325695848712, 35.988858046100987 ], [ -78.901321974761018, 35.988858674789569 ], [ -78.901318292221077, 35.988857910704283 ], [ -78.900553180723392, 35.988668648226181 ], [ -78.900550839190089, 35.988668048799006 ], [ -78.900550836443372, 35.988668055911752 ], [ -78.900547331965029, 35.988667173410917 ], [ -78.900540897531201, 35.988665635127582 ], [ -78.900539680595713, 35.988665304320364 ], [ -78.900538429389087, 35.988664970243676 ], [ -78.90053499616721, 35.988664086372026 ], [ -78.900533854382289, 35.988663803260586 ], [ -78.900531128083472, 35.988663147588838 ], [ -78.900530258676866, 35.988662944941844 ], [ -78.900527139988753, 35.988662165468497 ], [ -78.900522570687926, 35.988661004066252 ], [ -78.900522259971567, 35.988660929037245 ], [ -78.900519094956735, 35.988660109500778 ], [ -78.900518534711594, 35.988659954520365 ], [ -78.900511117424401, 35.988658056142341 ], [ -78.900505793035308, 35.988656802069265 ], [ -78.900505444619213, 35.988656708219374 ], [ -78.900501370899946, 35.988655592986611 ], [ -78.900500511676796, 35.988655355706818 ], [ -78.900496564596054, 35.988654309474214 ], [ -78.90049165842953, 35.988653062966073 ], [ -78.900489401114783, 35.988652449760934 ], [ -78.900487772880624, 35.988652006948691 ], [ -78.900483460121492, 35.988650886053847 ], [ -78.900482043813938, 35.988650534892464 ], [ -78.900480763799095, 35.988650208456107 ], [ -78.900478475539217, 35.988649608631384 ], [ -78.900477129287367, 35.988649242830093 ], [ -78.900470639385389, 35.988647596509502 ], [ -78.900468874491224, 35.98864718025996 ], [ -78.900466724601912, 35.988646647192326 ], [ -78.900464796377122, 35.988646148506618 ], [ -78.900462314719974, 35.988645479956503 ], [ -78.900460912513637, 35.988645096830176 ], [ -78.900457826288701, 35.988644280268247 ], [ -78.900452092857236, 35.988642812602428 ], [ -78.900450998723997, 35.988642509914783 ], [ -78.900449289054606, 35.988642045196229 ], [ -78.900446755217416, 35.988641368636706 ], [ -78.900445900416557, 35.988641136277444 ], [ -78.900442854042936, 35.988640293512866 ], [ -78.900438818912292, 35.988639162953177 ], [ -78.900437764922856, 35.988638870792052 ], [ -78.900434940780386, 35.988638096391334 ], [ -78.900434059251083, 35.988637856867712 ], [ -78.900431130069862, 35.988637068206302 ], [ -78.90042975597872, 35.988636691805411 ], [ -78.900426508809275, 35.988635831927162 ], [ -78.900420830017865, 35.988634379523333 ], [ -78.900419713616799, 35.988634070828589 ], [ -78.900418057370686, 35.988633620657815 ], [ -78.900416794541272, 35.988633283273884 ], [ -78.900413335032837, 35.988632392372253 ], [ -78.900411814512651, 35.988632015357346 ], [ -78.900409886254778, 35.988631516643281 ], [ -78.900409157794968, 35.988631320401197 ], [ -78.900404486740072, 35.988629951038796 ], [ -78.900398335293005, 35.988628255515138 ], [ -78.900393822653328, 35.988627089786341 ], [ -78.900391844253903, 35.988626547269881 ], [ -78.900390989385713, 35.988626314937633 ], [ -78.900389728283329, 35.988625975192321 ], [ -78.900386913702718, 35.988625150086882 ], [ -78.900380872145178, 35.988623482974504 ], [ -78.900378017944021, 35.988622743903065 ], [ -78.900376659334015, 35.988622368036189 ], [ -78.900374949665476, 35.988621903316591 ], [ -78.900374312100908, 35.988621733081018 ], [ -78.900369591039436, 35.988620348237816 ], [ -78.900363430978373, 35.988618649436319 ], [ -78.90035854444146, 35.988617386511187 ], [ -78.900357837006027, 35.988617190807879 ], [ -78.900353779946059, 35.988616000835272 ], [ -78.900351264585694, 35.988615281241827 ], [ -78.900337895189452, 35.988611552524681 ], [ -78.900337882001935, 35.988611583748401 ], [ -78.900335587577615, 35.988610913700207 ], [ -78.900335453259288, 35.988610877823412 ], [ -78.900328551142977, 35.988608853186008 ], [ -78.900328538431864, 35.988608881827844 ], [ -78.900326013888915, 35.988608125882322 ], [ -78.90032171850298, 35.98860692744541 ], [ -78.900321218980466, 35.988606788803921 ], [ -78.900318917280345, 35.98860615311564 ], [ -78.90031481250935, 35.988604950054125 ], [ -78.900312369865674, 35.988604251287235 ], [ -78.900300687725604, 35.988600990866885 ], [ -78.900295113302022, 35.988599360942608 ], [ -78.900295113200343, 35.988599361162287 ], [ -78.900292508601197, 35.988598589080198 ], [ -78.900289595996824, 35.988597764084801 ], [ -78.900289174335612, 35.988597640341041 ], [ -78.900288113674151, 35.988597332267503 ], [ -78.900279694477447, 35.988594912702567 ], [ -78.900279239311729, 35.988594767146949 ], [ -78.900272087743531, 35.988592630331055 ], [ -78.90027028445671, 35.98859212872248 ], [ -78.900268588067149, 35.98859164187062 ], [ -78.900265505508997, 35.988590788111154 ], [ -78.900258811979739, 35.9885888246531 ], [ -78.900253727210526, 35.988587332921071 ], [ -78.900251926265724, 35.988586768982557 ], [ -78.900251844868791, 35.988586743203257 ], [ -78.90024537384646, 35.988584816572406 ], [ -78.900240666154673, 35.988583502775015 ], [ -78.900240033492594, 35.988583304687197 ], [ -78.900239210196801, 35.988583044606528 ], [ -78.900235240168342, 35.988581836899854 ], [ -78.900230699645803, 35.988580508157085 ], [ -78.900228803815438, 35.988579920076127 ], [ -78.900227958995558, 35.988579653796833 ], [ -78.900227887363883, 35.988579630855021 ], [ -78.900222298931453, 35.988577933309948 ], [ -78.900213761441663, 35.988575478645814 ], [ -78.900212865674234, 35.988575191639178 ], [ -78.900208984696718, 35.988573943731964 ], [ -78.90020886670753, 35.988573905670727 ], [ -78.900203922120241, 35.988572383723231 ], [ -78.90019792770191, 35.988570625244392 ], [ -78.900196223484571, 35.988570100255458 ], [ -78.900192077811994, 35.988568873860991 ], [ -78.900189907853729, 35.988568199763627 ], [ -78.900188761097979, 35.988567838325174 ], [ -78.900185045875602, 35.988566707881127 ], [ -78.900180241327064, 35.988565297991272 ], [ -78.900178466670994, 35.98856474228694 ], [ -78.90017451268946, 35.988563488659985 ], [ -78.900170757095125, 35.988562286675581 ], [ -78.900170281318097, 35.988562135086596 ], [ -78.900169835443222, 35.988561993631336 ], [ -78.900166539997485, 35.988560980308833 ], [ -78.900160562880544, 35.988559200030366 ], [ -78.900159019962771, 35.988558705253467 ], [ -78.900158393928137, 35.988558505659704 ], [ -78.900155142615375, 35.988557475203628 ], [ -78.900151904526211, 35.988556439126754 ], [ -78.900150258204334, 35.988555920420403 ], [ -78.900149953326846, 35.988555825835888 ], [ -78.900147208557271, 35.988554996496511 ], [ -78.900141796984229, 35.988553404608261 ], [ -78.900139823721716, 35.988552783772192 ], [ -78.900139544119597, 35.9885526960486 ], [ -78.900136226058407, 35.988551657625806 ], [ -78.900134570245726, 35.988551133005231 ], [ -78.900131657700896, 35.988550235290489 ], [ -78.900126138884275, 35.988548581339352 ], [ -78.900124885060208, 35.988548180062296 ], [ -78.900123254349339, 35.988547666065884 ], [ -78.90012235725365, 35.988547387628429 ], [ -78.900116119236429, 35.988545295256635 ], [ -78.900116109681008, 35.988545314066421 ], [ -78.900113108289744, 35.9885442923296 ], [ -78.900109097797312, 35.988543008298883 ], [ -78.900108631413815, 35.988542859629234 ], [ -78.900105438693657, 35.988541846251735 ], [ -78.900104661891135, 35.988541601509517 ], [ -78.900101632555504, 35.988540653976081 ], [ -78.90009762329862, 35.988539382445303 ], [ -78.900093890784206, 35.988538187757221 ], [ -78.900093411797585, 35.988538035121387 ], [ -78.90009296595673, 35.988537893693355 ], [ -78.900089670512955, 35.98853688036877 ], [ -78.900083693399495, 35.988535100086523 ], [ -78.900083461036161, 35.988535025587524 ], [ -78.900078632408665, 35.988533382720178 ], [ -78.900078623124642, 35.988533400733537 ], [ -78.900074718925964, 35.988532073631774 ], [ -78.900074440812858, 35.988531984618106 ], [ -78.900074025686735, 35.988531852280545 ], [ -78.900070805396595, 35.98853082962188 ], [ -78.900070028594484, 35.98853058471461 ], [ -78.900067170265416, 35.988529690174325 ], [ -78.900064435827701, 35.988528816970415 ], [ -78.900059570338556, 35.988527161627822 ], [ -78.900059558377748, 35.988527184831014 ], [ -78.900055878260005, 35.988525933457105 ], [ -78.900052207916573, 35.988524759531714 ], [ -78.900050581801509, 35.988524247296233 ], [ -78.900049831552707, 35.988524014580193 ], [ -78.900043243439811, 35.988521796458308 ], [ -78.90004322781914, 35.988521827130576 ], [ -78.90004048700456, 35.988520890353101 ], [ -78.900036441746209, 35.988519595083375 ], [ -78.900035971375985, 35.98851944511906 ], [ -78.900034316917299, 35.98851892000377 ], [ -78.90002960388, 35.988517315880749 ], [ -78.900025674421499, 35.988516025265611 ], [ -78.900022834453722, 35.988515125986851 ], [ -78.90002022533892, 35.988514237967777 ], [ -78.900014307473342, 35.988512329413744 ], [ -78.900011448407454, 35.988511457644996 ], [ -78.900010637791098, 35.988511195732613 ], [ -78.900006742211517, 35.988509870723504 ], [ -78.900004742133206, 35.988509178576123 ], [ -78.899999757072322, 35.988507509590072 ], [ -78.899997883965852, 35.988506862406602 ], [ -78.899990267769155, 35.988504291784402 ], [ -78.89999025848492, 35.988504309962565 ], [ -78.899986848637397, 35.988503149846636 ], [ -78.899986623437258, 35.98850307774326 ], [ -78.899986149012591, 35.988502926484308 ], [ -78.899984471443162, 35.988502394042122 ], [ -78.899978818570673, 35.98850047059431 ], [ -78.899978815961646, 35.988500475674293 ], [ -78.89997817413969, 35.988500251013186 ], [ -78.899971215344948, 35.988497908167879 ], [ -78.899971165171053, 35.988497890517905 ], [ -78.899963641817592, 35.988495329749732 ], [ -78.899963555390116, 35.988495299323532 ], [ -78.899956040517679, 35.988492741556165 ], [ -78.899955953177937, 35.988492710827039 ], [ -78.89995028652217, 35.988490782119662 ], [ -78.899948756494581, 35.988490225513502 ], [ -78.89994436361745, 35.988488687634636 ], [ -78.899937693810173, 35.988486443095461 ], [ -78.899936710365566, 35.988486099232482 ], [ -78.899931440705018, 35.988484313780845 ], [ -78.899929418566941, 35.988483585050332 ], [ -78.899917940843039, 35.988479438849666 ], [ -78.899914577398093, 35.988478259127966 ], [ -78.899908895505973, 35.988476325351513 ], [ -78.899907344565051, 35.988475761118245 ], [ -78.899903220065355, 35.988474313809824 ], [ -78.899897306273544, 35.988472313967407 ], [ -78.8998958400026, 35.988471780076381 ], [ -78.899895219206059, 35.988471555267218 ], [ -78.899891850969709, 35.988470342026389 ], [ -78.899891294029302, 35.988470140922061 ], [ -78.899887722013531, 35.988468890840373 ], [ -78.899882442692629, 35.988467101532763 ], [ -78.899880631418995, 35.988466448436967 ], [ -78.899876861678948, 35.988465076276789 ], [ -78.899876250883324, 35.988464855129372 ], [ -78.899875766448716, 35.988464680676266 ], [ -78.899872237542269, 35.988463448595482 ], [ -78.899867449118815, 35.988461828883267 ], [ -78.899865594997038, 35.988461165807635 ], [ -78.899861521342672, 35.988459686563267 ], [ -78.899861118402669, 35.988459540746724 ], [ -78.899857795037704, 35.988458342403526 ], [ -78.899855444266692, 35.988457487640282 ], [ -78.899852272634277, 35.988456265411713 ], [ -78.899845383069746, 35.988453761965779 ], [ -78.899841033973786, 35.988452275462308 ], [ -78.899839260886964, 35.988451630391268 ], [ -78.89983875162055, 35.988451445945721 ], [ -78.899835188539413, 35.988450161146517 ], [ -78.89983161035569, 35.988448870923044 ], [ -78.899827844973984, 35.988447501786716 ], [ -78.899824573972779, 35.988446300463735 ], [ -78.89982290497889, 35.988445696327162 ], [ -78.899820270175979, 35.988444756390081 ], [ -78.899816385208027, 35.988443356552658 ], [ -78.899814055554501, 35.98844250947031 ], [ -78.899809394075973, 35.988440713111764 ], [ -78.899805955727189, 35.988439426243815 ], [ -78.899802149800948, 35.988438043557721 ], [ -78.899800571010672, 35.988437477816802 ], [ -78.899798287176893, 35.988436670741997 ], [ -78.899796886753947, 35.988436163523133 ], [ -78.899794624052987, 35.98843532394001 ], [ -78.899792972095895, 35.988434719624678 ], [ -78.899790220944837, 35.988433727588969 ], [ -78.899786420460188, 35.988432345758419 ], [ -78.899785943257513, 35.988432172959172 ], [ -78.899782587696052, 35.988430962994748 ], [ -78.899780310411316, 35.988430135871191 ], [ -78.89977560852671, 35.988428323847195 ], [ -78.899775194110916, 35.988428164725015 ], [ -78.899767663631224, 35.988425282913184 ], [ -78.899767648726481, 35.988425308613792 ], [ -78.899764436282922, 35.988424071185456 ], [ -78.899760215696134, 35.988422537149901 ], [ -78.899759758968216, 35.98842237181195 ], [ -78.899756435640086, 35.988421173466008 ], [ -78.899754084837454, 35.988420318673313 ], [ -78.899750758537266, 35.98841903684054 ], [ -78.899749301232418, 35.988418443178269 ], [ -78.899748764966006, 35.988418225690076 ], [ -78.899748259983255, 35.988418021770748 ], [ -78.899742112972334, 35.988415663782753 ], [ -78.899741686011495, 35.988415508441143 ], [ -78.899741176711728, 35.988415323995149 ], [ -78.899737852404357, 35.988414125290781 ], [ -78.899734051955321, 35.988412743458646 ], [ -78.899733574719065, 35.988412570659143 ], [ -78.899731829534701, 35.9884119413503 ], [ -78.89972823375345, 35.988410561581475 ], [ -78.899726405593924, 35.98840981682639 ], [ -78.899719672753122, 35.988407223314823 ], [ -78.899717047029597, 35.988406268878279 ], [ -78.899711659276889, 35.98840418317242 ], [ -78.899711658938202, 35.98840418372157 ], [ -78.899711074050074, 35.988403951001864 ], [ -78.89970595981184, 35.988401982354311 ], [ -78.89970455156309, 35.988401408648251 ], [ -78.899703982018821, 35.988401177726715 ], [ -78.89970345953553, 35.988400966870117 ], [ -78.899697377868762, 35.988398633987032 ], [ -78.899696951516361, 35.988398478783125 ], [ -78.899696378562837, 35.988398271264018 ], [ -78.899694679835321, 35.988397659052247 ], [ -78.899689236686328, 35.98839557033304 ], [ -78.899689234213469, 35.988395574616476 ], [ -78.899688332584844, 35.988395219995134 ], [ -78.899683725944612, 35.98839347304208 ], [ -78.899682441605535, 35.988392960258231 ], [ -78.899680724563751, 35.988392261580131 ], [ -78.899680719313892, 35.988392270091815 ], [ -78.899677669947678, 35.988391048041507 ], [ -78.899670256920658, 35.988388178791915 ], [ -78.899669781050022, 35.988387995334548 ], [ -78.899664903172308, 35.988386122450905 ], [ -78.899663285121036, 35.988385463302144 ], [ -78.899663072986797, 35.988385376896531 ], [ -78.899659417087889, 35.98838393197012 ], [ -78.89965384727445, 35.988381797598421 ], [ -78.899651916309921, 35.988381010534908 ], [ -78.899648805481576, 35.988379743216178 ], [ -78.899648235937605, 35.988379512294372 ], [ -78.899647713454613, 35.988379301437554 ], [ -78.899644923130282, 35.988378201213187 ], [ -78.899638797151809, 35.98837584189117 ], [ -78.899633452618801, 35.988373661085419 ], [ -78.899629773850975, 35.988372205013583 ], [ -78.899624322697917, 35.988370113427884 ], [ -78.899622622111764, 35.988369420256674 ], [ -78.899622052128919, 35.988369189004729 ], [ -78.89961901960082, 35.988367964521871 ], [ -78.899615101672225, 35.988366356228724 ], [ -78.899614985520955, 35.98836630849862 ], [ -78.8996108523164, 35.988364666870979 ], [ -78.899605301630857, 35.988362537759734 ], [ -78.899604296303565, 35.988362097974935 ], [ -78.899596647316912, 35.988358952608571 ], [ -78.899594397668764, 35.988358085012024 ], [ -78.899593578262298, 35.988357745264395 ], [ -78.899591968594422, 35.988357086588579 ], [ -78.899589207832463, 35.9883559718551 ], [ -78.899585561010852, 35.988354487101013 ], [ -78.89958202787497, 35.988353048564022 ], [ -78.899581558638403, 35.988352858271504 ], [ -78.899578213163537, 35.988351506669432 ], [ -78.89957458357263, 35.988350028851876 ], [ -78.899571077633823, 35.988348601380252 ], [ -78.899567239912727, 35.988347025155193 ], [ -78.899566711892959, 35.988346809238813 ], [ -78.899563249333966, 35.988345399438977 ], [ -78.899560102697578, 35.98834411675972 ], [ -78.899559562817359, 35.988343897674419 ], [ -78.89955625474299, 35.988342561211525 ], [ -78.899554257324894, 35.988341747884512 ], [ -78.899551187789328, 35.9883404120297 ], [ -78.899543529224829, 35.98833727956346 ], [ -78.899539721950802, 35.988335819482309 ], [ -78.899539350925906, 35.988335669652727 ], [ -78.899533919482124, 35.98833333534575 ], [ -78.899531133034614, 35.988332164549078 ], [ -78.899528040871772, 35.988330894715261 ], [ -78.899526572299976, 35.988330258158889 ], [ -78.89951972001532, 35.98832744858872 ], [ -78.899517510510179, 35.988326593220876 ], [ -78.899517081446888, 35.988326416888938 ], [ -78.899512320089414, 35.988324355506855 ], [ -78.899512300040655, 35.988324386092998 ], [ -78.899508664717388, 35.988322817614559 ], [ -78.89950863268956, 35.988322804539507 ], [ -78.899507995239432, 35.988322545788037 ], [ -78.899506403332921, 35.988321903003921 ], [ -78.89950075780267, 35.988319477453111 ], [ -78.899500738803468, 35.988319506666585 ], [ -78.899496520095155, 35.98831769415024 ], [ -78.899495423507858, 35.988317251377545 ], [ -78.899489975308967, 35.988314910599151 ], [ -78.899487209301881, 35.988313748581504 ], [ -78.899484121735142, 35.988312480618376 ], [ -78.899479511969147, 35.988310482542936 ], [ -78.899475680580849, 35.988308872530908 ], [ -78.899475607200557, 35.988308842664509 ], [ -78.899475137998337, 35.988308652344145 ], [ -78.899473724375127, 35.988308081240703 ], [ -78.899468550390651, 35.988305838538601 ], [ -78.899464784443722, 35.988304255144506 ], [ -78.899464661062225, 35.988304204853478 ], [ -78.899464124425862, 35.988303987089019 ], [ -78.899462475593168, 35.988303320934641 ], [ -78.899457573645591, 35.988301214299874 ], [ -78.899456825451551, 35.988300881862259 ], [ -78.899450705082927, 35.988298234310022 ], [ -78.899450324307566, 35.988298070104804 ], [ -78.899444213885289, 35.988295443108697 ], [ -78.899443090009797, 35.988294927597423 ], [ -78.8994357239404, 35.988291741137481 ], [ -78.899433495809362, 35.988290833915045 ], [ -78.899429508720132, 35.988289097764053 ], [ -78.899428632238923, 35.988288718794713 ], [ -78.899422174246709, 35.988285946244865 ], [ -78.899421053920094, 35.988285431203316 ], [ -78.899416844179143, 35.988283559381777 ], [ -78.899411606187655, 35.988281308328283 ], [ -78.89940640222035, 35.988278933353619 ], [ -78.899402638273202, 35.98827726622774 ], [ -78.899395490929336, 35.988274195405907 ], [ -78.899394545744201, 35.988273777480856 ], [ -78.899390443790395, 35.988272020465921 ], [ -78.89938834749077, 35.988271083435379 ], [ -78.899387098138689, 35.988270517768143 ], [ -78.899379752336429, 35.988267183417804 ], [ -78.899376911719713, 35.988265922880224 ], [ -78.899371414501687, 35.988263538679483 ], [ -78.899367098434197, 35.988261603393092 ], [ -78.899360416522427, 35.98825871209079 ], [ -78.899359644092215, 35.988258353425323 ], [ -78.899358809364458, 35.988257968363868 ], [ -78.899356146461642, 35.988256748134773 ], [ -78.89935473728471, 35.988256109619861 ], [ -78.899352452716641, 35.988255085982487 ], [ -78.899348778379789, 35.988253419203453 ], [ -78.899345207355907, 35.988251767810766 ], [ -78.899343866191089, 35.988251154158071 ], [ -78.89934163852655, 35.988250145703866 ], [ -78.899334065562044, 35.988246717460086 ], [ -78.899333667244179, 35.988246526071279 ], [ -78.899326314416967, 35.988243190558109 ], [ -78.899313626620383, 35.988237419851401 ], [ -78.899313125573713, 35.988237178545518 ], [ -78.8993125625896, 35.988236920266459 ], [ -78.899311971463163, 35.988236650316516 ], [ -78.899304910122083, 35.988233440859332 ], [ -78.899291616126206, 35.988227400572491 ], [ -78.899291403809258, 35.988227298727402 ], [ -78.89928759722504, 35.988225564643514 ], [ -78.899283745486102, 35.988223800056979 ], [ -78.899283550730161, 35.988223710972896 ], [ -78.89928098217905, 35.988222537905173 ], [ -78.89927956904809, 35.988221899715782 ], [ -78.899278975211786, 35.988221634543393 ], [ -78.899273162820734, 35.988218826228795 ], [ -78.899269353361973, 35.988217039754851 ], [ -78.899267040472196, 35.988215987467704 ], [ -78.899265169679225, 35.988215148912118 ], [ -78.899262277741769, 35.988213871929354 ], [ -78.899258772192326, 35.988212277150858 ], [ -78.899256504175099, 35.988211238031667 ], [ -78.89925311866557, 35.988209608463862 ], [ -78.899249273761185, 35.98820781272979 ], [ -78.899244019918044, 35.988205432927046 ], [ -78.89924230354913, 35.988204607684523 ], [ -78.899241897825945, 35.988204418816622 ], [ -78.899237996087024, 35.988202526282592 ], [ -78.899237976516318, 35.988202552940741 ], [ -78.899233648325108, 35.988200478609059 ], [ -78.89923172096087, 35.988199603250131 ], [ -78.899226904829561, 35.988197295094878 ], [ -78.899226244208265, 35.988196970255132 ], [ -78.899220385439151, 35.988194166487382 ], [ -78.899217149320421, 35.988192656650398 ], [ -78.899212693671132, 35.988190630644112 ], [ -78.899211621080212, 35.988190084570341 ], [ -78.899208048384025, 35.988188315211907 ], [ -78.899202013434078, 35.988185409133379 ], [ -78.899197459298449, 35.988183293022907 ], [ -78.899196734825594, 35.98818296843249 ], [ -78.899191691486777, 35.988180547402436 ], [ -78.899184079033517, 35.988176892701013 ], [ -78.899183787194943, 35.988176752907634 ], [ -78.899178427816864, 35.988174191651638 ], [ -78.899176803721772, 35.988173371429113 ], [ -78.899176484192751, 35.988173210075651 ], [ -78.899173116331355, 35.988171553104152 ], [ -78.899166274156769, 35.988168274675374 ], [ -78.899166273208664, 35.988168275993182 ], [ -78.899166036538986, 35.988168159733 ], [ -78.89916070050387, 35.988165610610167 ], [ -78.899159507885884, 35.988165008670784 ], [ -78.899158754352428, 35.988164623125549 ], [ -78.899154589684329, 35.988162559804536 ], [ -78.89914975014824, 35.988160239319896 ], [ -78.899149461565088, 35.988160091260369 ], [ -78.899144913485202, 35.988157838017841 ], [ -78.899138279870485, 35.988154667033804 ], [ -78.899137637795903, 35.988154351109486 ], [ -78.899132505103523, 35.988151891324073 ], [ -78.899131067781155, 35.988151165453111 ], [ -78.899130378157935, 35.988150814216759 ], [ -78.899126978595547, 35.988149127713996 ], [ -78.899121141992978, 35.988146308356214 ], [ -78.899121039032451, 35.988146254647873 ], [ -78.899120300418105, 35.98814585936254 ], [ -78.899113756680563, 35.988142529037368 ], [ -78.899111667543266, 35.988141519072542 ], [ -78.899109680715625, 35.988140515675305 ], [ -78.899109633355494, 35.988140491763914 ], [ -78.899106095542095, 35.988138753446002 ], [ -78.899100792989373, 35.988136219484701 ], [ -78.899097446888064, 35.988134436437335 ], [ -78.899090917829454, 35.988131127467973 ], [ -78.89908704722653, 35.988129263909165 ], [ -78.89908562101877, 35.988128543623461 ], [ -78.899082922225588, 35.98812716232392 ], [ -78.899080517966496, 35.988125954499552 ], [ -78.89907852712372, 35.988124972937918 ], [ -78.899077399732747, 35.988124407230892 ], [ -78.899074736134736, 35.9881230471129 ], [ -78.899072728653266, 35.988122018204933 ], [ -78.899071747202626, 35.988121518988279 ], [ -78.899064047639257, 35.988117632379819 ], [ -78.899061321864707, 35.988116257732941 ], [ -78.899060039173293, 35.988115596435797 ], [ -78.899059872572892, 35.988115508775628 ], [ -78.899055582994393, 35.988113324860329 ], [ -78.899052689186846, 35.98811190015963 ], [ -78.899050559571023, 35.988110824669526 ], [ -78.899047765114005, 35.988109394281921 ], [ -78.899045554251416, 35.988108281858537 ], [ -78.899043560947334, 35.98810729600882 ], [ -78.899042373633236, 35.988106697836187 ], [ -78.899040100035137, 35.988105531133151 ], [ -78.899039070110874, 35.988105006795202 ], [ -78.899037966303723, 35.988104449348583 ], [ -78.899034020017424, 35.988102345794083 ], [ -78.899030207490981, 35.988100372260249 ], [ -78.899024511259938, 35.988097509966835 ], [ -78.899023153438648, 35.98809678608329 ], [ -78.899022768853186, 35.988096588743602 ], [ -78.899021738895357, 35.988096064405475 ], [ -78.899019063153418, 35.988094713066886 ], [ -78.899018690555394, 35.988094525461804 ], [ -78.899015680951322, 35.988093014295799 ], [ -78.899012879703704, 35.98809158206123 ], [ -78.899010228039273, 35.988090168410736 ], [ -78.899008396355001, 35.988089172200176 ], [ -78.899002032942462, 35.988085773890035 ], [ -78.898998102731099, 35.988083737541636 ], [ -78.898993965064975, 35.988081658304232 ], [ -78.898993024009144, 35.98808118543753 ], [ -78.898988877295849, 35.988078989083753 ], [ -78.898985780057203, 35.988077387272746 ], [ -78.898981111039006, 35.988075030083792 ], [ -78.898978978224235, 35.988073892395484 ], [ -78.898977910077917, 35.988073335582186 ], [ -78.898976289289706, 35.988072469153543 ], [ -78.898975449454412, 35.988072008897177 ], [ -78.898971880620351, 35.988070105888703 ], [ -78.898971412027578, 35.988069862822634 ], [ -78.898968284326671, 35.988068186127606 ], [ -78.898964261028169, 35.988066094978969 ], [ -78.898961440940212, 35.988064674430248 ], [ -78.898956438485399, 35.988062007861224 ], [ -78.898956224734818, 35.988061890850375 ], [ -78.898950009913207, 35.988058578040182 ], [ -78.898946473782004, 35.988056743680488 ], [ -78.898944204486355, 35.988055598488977 ], [ -78.898940767087623, 35.988053766161208 ], [ -78.898939091804479, 35.988052824691273 ], [ -78.898939008474386, 35.988052777839272 ], [ -78.898935246789733, 35.988050723854549 ], [ -78.898929220774889, 35.988047527896164 ], [ -78.898929199378827, 35.988047554552764 ], [ -78.898925926642477, 35.988045819223458 ], [ -78.898923476082615, 35.988044582210954 ], [ -78.898920070167648, 35.988042766116536 ], [ -78.898918385156946, 35.988041819171521 ], [ -78.898915007366824, 35.988039920852174 ], [ -78.898914902351322, 35.988039861840051 ], [ -78.898911448362469, 35.988037971424113 ], [ -78.898906558833531, 35.988035365877089 ], [ -78.898905097094413, 35.98803454490622 ], [ -78.898901060851756, 35.988032346992583 ], [ -78.898894430136266, 35.988028847389842 ], [ -78.898893662147444, 35.988028427519751 ], [ -78.898889638304965, 35.988026288046719 ], [ -78.898887879269765, 35.988025313761369 ], [ -78.898887273421408, 35.988024979789792 ], [ -78.898884959057185, 35.98802370986914 ], [ -78.898883387777857, 35.988022826503183 ], [ -78.898881614368406, 35.988021805202997 ], [ -78.898880025909563, 35.988020901521722 ], [ -78.898877918608704, 35.988019717234522 ], [ -78.898876970256026, 35.988019188127815 ], [ -78.8988743053566, 35.988017712159248 ], [ -78.898874263573148, 35.988017688856729 ], [ -78.898867512183969, 35.988014111602062 ], [ -78.898863796408747, 35.98801224385133 ], [ -78.898860065131501, 35.988010150221363 ], [ -78.898856739125549, 35.988008281007538 ], [ -78.898853834397329, 35.988006648585063 ], [ -78.898852886044963, 35.988006119478165 ], [ -78.898850406555027, 35.988004746211672 ], [ -78.898846553711749, 35.988002584380112 ], [ -78.898843658474249, 35.988000958311048 ], [ -78.898842791324412, 35.988000474515992 ], [ -78.898840241847509, 35.987999061578236 ], [ -78.898839461375061, 35.987998623813844 ], [ -78.898837153822811, 35.987997313900195 ], [ -78.89883585421957, 35.987996583469723 ], [ -78.898833392302834, 35.987995213596399 ], [ -78.898829690855109, 35.987993135044292 ], [ -78.898826812035608, 35.987991517174748 ], [ -78.89882586364979, 35.987990988067615 ], [ -78.898823384430997, 35.987989614938165 ], [ -78.898819531589197, 35.987987453105745 ], [ -78.898816205551327, 35.987985583890762 ], [ -78.898813510112333, 35.987984069079062 ], [ -78.898809639698825, 35.987981957448682 ], [ -78.898803749243385, 35.987978838624869 ], [ -78.898802288756755, 35.987978017846089 ], [ -78.898800284379277, 35.987976891386779 ], [ -78.898796221837586, 35.987974510491192 ], [ -78.898796202035626, 35.987974532808686 ], [ -78.898792499270158, 35.987972374533598 ], [ -78.898789299267648, 35.987970595911676 ], [ -78.898785486036786, 35.987968439193097 ], [ -78.898785111745482, 35.987968228098232 ], [ -78.898782515514313, 35.987966768117666 ], [ -78.89878152652814, 35.987966216175607 ], [ -78.898779067712923, 35.987964854325277 ], [ -78.898776588957332, 35.987963463531415 ], [ -78.898773273627768, 35.98796152050965 ], [ -78.898769651152122, 35.987959381447666 ], [ -78.898769506922349, 35.987959299135007 ], [ -78.898767505687005, 35.98795817454576 ], [ -78.89876514303721, 35.987956867167348 ], [ -78.898763951680436, 35.987956207755836 ], [ -78.89875750393648, 35.987952392078896 ], [ -78.898757498486788, 35.987952398172936 ], [ -78.898752568621816, 35.98794945906122 ], [ -78.898751559441706, 35.987948891938203 ], [ -78.898749587681365, 35.987947767785165 ], [ -78.898747704196111, 35.987946709333421 ], [ -78.898746890040954, 35.987946258409423 ], [ -78.898742116306764, 35.987943480708708 ], [ -78.898742107844299, 35.987943490316553 ], [ -78.898739147915833, 35.987941755598598 ], [ -78.898738517182622, 35.987941401139793 ], [ -78.898736512773141, 35.987940274679374 ], [ -78.898732450235215, 35.987937893754193 ], [ -78.89873244116356, 35.987937903965857 ], [ -78.89872901477797, 35.987935895881954 ], [ -78.898728857103094, 35.987935807294726 ], [ -78.89872815475745, 35.987935415443438 ], [ -78.898724780316201, 35.987933360674369 ], [ -78.898720579515683, 35.98793088365057 ], [ -78.898712245812177, 35.987926126625673 ], [ -78.89870899940621, 35.987924319036196 ], [ -78.898708742722533, 35.987924179682892 ], [ -78.898704974329405, 35.987922013054444 ], [ -78.898703357360006, 35.987921044323429 ], [ -78.898700162261974, 35.987919158621374 ], [ -78.898699190013289, 35.987918576144821 ], [ -78.898698491495068, 35.987918151358841 ], [ -78.898696009610333, 35.987916670565845 ], [ -78.898690763869539, 35.987913600043214 ], [ -78.898687987955398, 35.987911922314069 ], [ -78.898680367145204, 35.987907504787565 ], [ -78.898677818190109, 35.987905950096575 ], [ -78.898670182993584, 35.987901496076049 ], [ -78.898669170118211, 35.987900857826958 ], [ -78.8986668647469, 35.98789943066577 ], [ -78.898666199227975, 35.987899025960786 ], [ -78.898664111620064, 35.987897776634931 ], [ -78.898659454361706, 35.987895034025598 ], [ -78.898654895030106, 35.987892262020978 ], [ -78.898653070766358, 35.987891204743207 ], [ -78.898652275638312, 35.987890703425109 ], [ -78.898647118226407, 35.987887577564898 ], [ -78.89864407479169, 35.987885805222518 ], [ -78.898641446362063, 35.987884176430569 ], [ -78.898640736437898, 35.987883736992785 ], [ -78.898637122330726, 35.987881561095179 ], [ -78.898632241316861, 35.987878703442988 ], [ -78.898629072750424, 35.987876795646926 ], [ -78.898627376931543, 35.987875820641001 ], [ -78.898627110170196, 35.987875658423327 ], [ -78.898626192694181, 35.98787509250166 ], [ -78.898621988103713, 35.98787246221076 ], [ -78.898621944306313, 35.987872508462985 ], [ -78.89861983746782, 35.987871096821927 ], [ -78.898614817350108, 35.987868059997815 ], [ -78.898611074558303, 35.987865859818157 ], [ -78.898610695981546, 35.987865643609595 ], [ -78.898610518150164, 35.987865536902099 ], [ -78.898608950459703, 35.987864572990659 ], [ -78.898606460778495, 35.987863004831652 ], [ -78.898602597620339, 35.987860642720356 ], [ -78.898599808701576, 35.987858987641921 ], [ -78.898598798145414, 35.987858333790633 ], [ -78.898597140898644, 35.987857275139753 ], [ -78.898592027827533, 35.987854050610821 ], [ -78.89858862055253, 35.987851957378766 ], [ -78.898580405572631, 35.987847041853406 ], [ -78.898570021202104, 35.987840705156088 ], [ -78.898569215086624, 35.987840206163362 ], [ -78.898559984420999, 35.987834417507521 ], [ -78.898559027587424, 35.987833808505663 ], [ -78.898550313751585, 35.987828179609942 ], [ -78.898548413527195, 35.987826970023349 ], [ -78.898540593004114, 35.987822064657486 ], [ -78.89853786326789, 35.987820387979625 ], [ -78.898531917873044, 35.987816812501919 ], [ -78.898530559760061, 35.987815978426518 ], [ -78.898521101152866, 35.987810046811724 ], [ -78.89851145317094, 35.987803996446644 ], [ -78.898510489650889, 35.98780338307099 ], [ -78.898500971965049, 35.987797233670626 ], [ -78.898500700657024, 35.987797058729804 ], [ -78.898491205737884, 35.987790949757375 ], [ -78.898490199596964, 35.987790307419196 ], [ -78.898483717868089, 35.987786201605864 ], [ -78.898473519833374, 35.987779618310825 ], [ -78.898472397570174, 35.987778879782546 ], [ -78.89846441107693, 35.987773528722087 ], [ -78.89846206387864, 35.987771984495865 ], [ -78.89845373237921, 35.98776660254525 ], [ -78.898452486273669, 35.987765805345703 ], [ -78.898445854860952, 35.987761603532213 ], [ -78.898435774097493, 35.987755148593394 ], [ -78.898426280162681, 35.987748990498559 ], [ -78.898424230880877, 35.987747616839307 ], [ -78.898417856797053, 35.987743204508462 ], [ -78.89841318505519, 35.987740086019734 ], [ -78.898405965484258, 35.987735440003782 ], [ -78.898398629493414, 35.987730639448792 ], [ -78.898397002785288, 35.987729545547786 ], [ -78.898389408025409, 35.987724303977799 ], [ -78.898386768884109, 35.987722519713159 ], [ -78.898378539121623, 35.987717069823816 ], [ -78.898369146143153, 35.987710737972122 ], [ -78.898367387198121, 35.98770956838807 ], [ -78.898361428176813, 35.987705660107231 ], [ -78.898359937336124, 35.987704659225614 ], [ -78.898351217225354, 35.987698667171408 ], [ -78.898350680412648, 35.987698299849882 ], [ -78.898341183707828, 35.987691828934032 ], [ -78.898331131140566, 35.987684900218078 ], [ -78.898322690766193, 35.987679076516962 ], [ -78.898320084421144, 35.987677314447176 ], [ -78.898312373124057, 35.987672206531428 ], [ -78.898310190991282, 35.987670710568779 ], [ -78.89830236306679, 35.987665157415719 ], [ -78.898300776708567, 35.987664046020541 ], [ -78.8982944855792, 35.987659693528983 ], [ -78.898002787285478, 35.9874572008003 ], [ -78.89799989390572, 35.987454989773013 ], [ -78.897998935944671, 35.987451857309772 ], [ -78.897959735885607, 35.987291310441101 ], [ -78.897959159126898, 35.987288188267755 ], [ -78.897961216997146, 35.987285749135985 ], [ -78.897961601864054, 35.987285344672699 ], [ -78.897962139295316, 35.987284791746376 ], [ -78.897964224466392, 35.987282601441933 ], [ -78.897964596651107, 35.987282202242476 ], [ -78.897967600908231, 35.987279162039606 ], [ -78.897968640761817, 35.987277995254502 ], [ -78.897970484929616, 35.987275884496874 ], [ -78.897973193376444, 35.987272721800949 ], [ -78.897975563146645, 35.987269869381386 ], [ -78.897978401193683, 35.987266648335336 ], [ -78.897978719894724, 35.98726631032396 ], [ -78.897979275181243, 35.98726572403524 ], [ -78.897984428056773, 35.987259982098124 ], [ -78.897986035540697, 35.987258089893942 ], [ -78.897988827437516, 35.987255037563273 ], [ -78.897990107890251, 35.987253575363773 ], [ -78.897990332703742, 35.987253334219041 ], [ -78.897990691782468, 35.987252954485449 ], [ -78.897995788813191, 35.987247268651878 ], [ -78.897996737644206, 35.98724615115583 ], [ -78.897997100346757, 35.987245765766268 ], [ -78.898000268686673, 35.98724228701559 ], [ -78.898003690101319, 35.987238403828691 ], [ -78.898003683582459, 35.987238400032247 ], [ -78.898005716414445, 35.987236139220329 ], [ -78.898009659717346, 35.987231537278952 ], [ -78.898009646814486, 35.987231529960894 ], [ -78.898010805752563, 35.987230226661708 ], [ -78.898010829733835, 35.987230240636997 ], [ -78.898015649212752, 35.98722477356938 ], [ -78.898016011372178, 35.987224389855008 ], [ -78.898016194854478, 35.987224195870823 ], [ -78.898021295229896, 35.987218508473063 ], [ -78.898024859849386, 35.987214311823955 ], [ -78.898024983398699, 35.987214173830509 ], [ -78.898029691670288, 35.987208625739981 ], [ -78.898029925110151, 35.987208378860927 ], [ -78.898033595724485, 35.987204346823681 ], [ -78.898036404543774, 35.9872011406136 ], [ -78.898036397822224, 35.987201136734562 ], [ -78.898039009821943, 35.987198193394711 ], [ -78.898043380252986, 35.98719301530285 ], [ -78.898043450213819, 35.987192941326995 ], [ -78.898048554041239, 35.987187247475219 ], [ -78.89805150418448, 35.987183772359465 ], [ -78.898052349667324, 35.987182828008692 ], [ -78.898053995604002, 35.987180890233837 ], [ -78.898056577167353, 35.987177850884585 ], [ -78.898059322538728, 35.987174618715869 ], [ -78.898059526648098, 35.987174391261711 ], [ -78.898062821177362, 35.98717052651007 ], [ -78.898063318722095, 35.987169973192863 ], [ -78.898066566853913, 35.987166179085229 ], [ -78.898066921549699, 35.987165763113566 ], [ -78.898074474161746, 35.987156871292783 ], [ -78.898075204015299, 35.987156056316039 ], [ -78.898081701879448, 35.98714840321491 ], [ -78.898082947726252, 35.987147013371491 ], [ -78.898086865805155, 35.987142410994387 ], [ -78.898086865703817, 35.987142410939349 ], [ -78.898086965963529, 35.98714229993039 ], [ -78.898087979074035, 35.987141108562838 ], [ -78.898096368833407, 35.98713123051683 ], [ -78.898101178076999, 35.98712556171774 ], [ -78.898102998339525, 35.987123371299703 ], [ -78.89810570200838, 35.987120049347396 ], [ -78.898105943724772, 35.987119752340575 ], [ -78.898107187405202, 35.987118310739774 ], [ -78.898107936105177, 35.987117426579175 ], [ -78.898109697860505, 35.987115233612386 ], [ -78.898115722767116, 35.987108198706188 ], [ -78.898116357348499, 35.98710745251946 ], [ -78.898119753406817, 35.987103430771867 ], [ -78.898123747007418, 35.987098415924827 ], [ -78.898130011201715, 35.987090997640252 ], [ -78.898133032316068, 35.987087231663963 ], [ -78.898138452753969, 35.987080809514531 ], [ -78.89814272644756, 35.987075486016778 ], [ -78.898143382974808, 35.987074625349159 ], [ -78.898146250098534, 35.987071253672404 ], [ -78.898147935580937, 35.987069233378897 ], [ -78.898149907682566, 35.987066823758468 ], [ -78.898152179162537, 35.98706395853425 ], [ -78.898153930795601, 35.987061883216484 ], [ -78.898158545195585, 35.987056111181431 ], [ -78.898160002874775, 35.987054183742003 ], [ -78.898161400476368, 35.987052614473981 ], [ -78.898161750274525, 35.987052221683442 ], [ -78.898164303760524, 35.987049273841656 ], [ -78.898167144552559, 35.987045901153451 ], [ -78.898172377321742, 35.987039290422508 ], [ -78.898173241466253, 35.987038126840545 ], [ -78.89817577271215, 35.987035016736378 ], [ -78.898177111440688, 35.987033306108387 ], [ -78.898178386150533, 35.987031808986401 ], [ -78.898181637496833, 35.987027708906439 ], [ -78.898187426111534, 35.987020787721669 ], [ -78.898188096700224, 35.987019979782318 ], [ -78.898190176940872, 35.987017454158988 ], [ -78.898195658343937, 35.987010337975988 ], [ -78.89819568763339, 35.987010297260916 ], [ -78.898197308429459, 35.98700832122347 ], [ -78.898197511617894, 35.987008072917845 ], [ -78.898203256569701, 35.987001035768337 ], [ -78.898208025495336, 35.986994786771618 ], [ -78.898210473559942, 35.986991778844313 ], [ -78.898210651495688, 35.986991559774204 ], [ -78.898215714318852, 35.986985313274694 ], [ -78.898219369686615, 35.986980597740931 ], [ -78.898219913223656, 35.986979863949593 ], [ -78.898220494961095, 35.986979072610914 ], [ -78.898222105569815, 35.986976864874386 ], [ -78.898222441244684, 35.986976467127114 ], [ -78.898227315935074, 35.986970349226809 ], [ -78.898229292468841, 35.986967718137656 ], [ -78.898231747813014, 35.986964725984322 ], [ -78.898232897324817, 35.986963306225562 ], [ -78.898237534300549, 35.986957501185998 ], [ -78.898240627319566, 35.986953478577966 ], [ -78.898242758809076, 35.986950596972505 ], [ -78.898243210460166, 35.986950008123785 ], [ -78.898243612384661, 35.986949476812789 ], [ -78.898245766872265, 35.986946825735416 ], [ -78.898250056300654, 35.986941262919579 ], [ -78.898251763301673, 35.986938926918526 ], [ -78.898252618130016, 35.986937804891802 ], [ -78.898253094062241, 35.986937179719142 ], [ -78.898255176657528, 35.986934606242144 ], [ -78.898259244774906, 35.986929321879742 ], [ -78.898261070043759, 35.98692682672781 ], [ -78.898261801979245, 35.986925858683342 ], [ -78.898262872155556, 35.986924575279083 ], [ -78.898268053905994, 35.98691796216621 ], [ -78.898270080622027, 35.986915204916507 ], [ -78.898270077649329, 35.986915203485552 ], [ -78.898270453986683, 35.986914698415411 ], [ -78.898272060463341, 35.986912495179965 ], [ -78.898277568480538, 35.986905518485315 ], [ -78.898277585640656, 35.986905527125501 ], [ -78.898277632973091, 35.986905464998095 ], [ -78.898278008802251, 35.986904960779107 ], [ -78.898278398341077, 35.986904467367658 ], [ -78.898279258925129, 35.986903283590735 ], [ -78.8982793408627, 35.986903173637685 ], [ -78.898280659328123, 35.986901365140007 ], [ -78.898283075794907, 35.986898374628915 ], [ -78.89828690927321, 35.986893402030532 ], [ -78.898289304615318, 35.986890142176257 ], [ -78.898289743910226, 35.98688954084524 ], [ -78.898293127435608, 35.986884882469639 ], [ -78.898293822882977, 35.986883953815422 ], [ -78.89829517848564, 35.986882099334579 ], [ -78.898296755422777, 35.986880161031785 ], [ -78.898300746535298, 35.986875010936863 ], [ -78.898303345964294, 35.986871485800158 ], [ -78.898303342316026, 35.986871484011495 ], [ -78.898303877991424, 35.986870764717871 ], [ -78.898307119587997, 35.986866317695259 ], [ -78.898307271781817, 35.986866113437877 ], [ -78.89830860866563, 35.986864279736842 ], [ -78.898311074966756, 35.986861224847196 ], [ -78.898314858166259, 35.986856316158466 ], [ -78.898317481038802, 35.986852747911506 ], [ -78.898317478201236, 35.986852746535611 ], [ -78.898317869063305, 35.986852221945526 ], [ -78.898321177868937, 35.986847683500095 ], [ -78.898321164018839, 35.986847676840576 ], [ -78.89832222144156, 35.986846239312953 ], [ -78.898323215472672, 35.98684483999962 ], [ -78.898324318502787, 35.986843314328084 ], [ -78.89832491737188, 35.986842498966027 ], [ -78.89832507528736, 35.986842287296248 ], [ -78.898326098476943, 35.986840897374748 ], [ -78.898329645880025, 35.986836013542778 ], [ -78.898329721824467, 35.986835911661174 ], [ -78.898331818248252, 35.986833036095931 ], [ -78.898332636753011, 35.986832036339138 ], [ -78.898337261524802, 35.986826060031277 ], [ -78.898338371746874, 35.986824540052083 ], [ -78.898338588610287, 35.986824248902863 ], [ -78.898341898259915, 35.9868197094411 ], [ -78.898341870728672, 35.986819696177172 ], [ -78.898343166963429, 35.986817903978014 ], [ -78.898346911424667, 35.98681277919669 ], [ -78.898347021908663, 35.986812627786193 ], [ -78.898350392272206, 35.986808001511456 ], [ -78.898350382948735, 35.986807997025949 ], [ -78.898351706201126, 35.986806196195815 ], [ -78.898351866466868, 35.986805970133126 ], [ -78.898352280019807, 35.986805383367553 ], [ -78.898353019092866, 35.986804328712438 ], [ -78.898355333395529, 35.98680115944353 ], [ -78.898355318768537, 35.986801152371314 ], [ -78.898356630478133, 35.986799364525297 ], [ -78.898358100268595, 35.986797287211751 ], [ -78.898359833537015, 35.986794943209397 ], [ -78.898360496570916, 35.986794038702264 ], [ -78.898364032319321, 35.986789173072758 ], [ -78.898364016915309, 35.986789165670238 ], [ -78.898365100818111, 35.986787689155456 ], [ -78.898366696234348, 35.986785434099204 ], [ -78.898368664641509, 35.986782753525638 ], [ -78.898368649710505, 35.986782746288348 ], [ -78.898370174495994, 35.986780668058913 ], [ -78.898371876778413, 35.986778262165934 ], [ -78.898373521371298, 35.986776010007489 ], [ -78.898373520459231, 35.986776009567208 ], [ -78.898375190075214, 35.98677372237659 ], [ -78.898375594617065, 35.986773151206933 ], [ -78.898375956496736, 35.986772637773221 ], [ -78.89837671551291, 35.986771555443809 ], [ -78.898379047890771, 35.986768364542343 ], [ -78.898379037959259, 35.986768359754109 ], [ -78.898380487369707, 35.986766387225096 ], [ -78.898380647601499, 35.986766161162372 ], [ -78.898381061154026, 35.986765574396649 ], [ -78.898381485174198, 35.986764969289062 ], [ -78.898382999735375, 35.986762930361913 ], [ -78.898385527255101, 35.986759410795031 ], [ -78.898386321198004, 35.986758266547533 ], [ -78.898386964867683, 35.986757358507859 ], [ -78.898389006237863, 35.986754580335308 ], [ -78.898388989347623, 35.986754572134899 ], [ -78.898390502957227, 35.98675251013124 ], [ -78.898392575243236, 35.986749580426959 ], [ -78.898392912302825, 35.986749101640925 ], [ -78.898393827660371, 35.986747795443087 ], [ -78.898394998610527, 35.986746176398583 ], [ -78.898395234907596, 35.986745859662456 ], [ -78.898396856542021, 35.986743639240999 ], [ -78.898397631581901, 35.986742554919374 ], [ -78.898397938396826, 35.986742123907696 ], [ -78.898398816014037, 35.986740885778971 ], [ -78.898399917926909, 35.986739386120803 ], [ -78.89840585958946, 35.986730584416463 ], [ -78.898406084114967, 35.986730220887445 ], [ -78.89840738804385, 35.986728436358341 ], [ -78.898407372808791, 35.986728429010917 ], [ -78.898408747901897, 35.986726553721937 ], [ -78.898410819749344, 35.98672362228627 ], [ -78.898411082956173, 35.986723248542738 ], [ -78.898411681770071, 35.986722395077919 ], [ -78.898413721326065, 35.986719633578304 ], [ -78.898415717736484, 35.986716857290823 ], [ -78.898417513169861, 35.986714292115487 ], [ -78.89841886268016, 35.986712385900262 ], [ -78.898420321415514, 35.986710388297467 ], [ -78.898426338649287, 35.986701401610382 ], [ -78.898426660016199, 35.986700875918253 ], [ -78.898428547072854, 35.986698319362404 ], [ -78.898430541283375, 35.986695544501337 ], [ -78.898432280167995, 35.986693058697334 ], [ -78.898434245409007, 35.986690285185666 ], [ -78.898434213418184, 35.986690270214851 ], [ -78.898439190409022, 35.986682876143711 ], [ -78.898439329682844, 35.98668265083267 ], [ -78.898440382871215, 35.986681163522967 ], [ -78.898440759514116, 35.986680628811335 ], [ -78.898442079858953, 35.986678744685733 ], [ -78.898443269646179, 35.986677062528031 ], [ -78.898444325644334, 35.986675625410143 ], [ -78.898450608440996, 35.986666268468895 ], [ -78.898450906979249, 35.986665779651254 ], [ -78.898451803254318, 35.98666451362709 ], [ -78.898452171431728, 35.986663990885717 ], [ -78.898452898819812, 35.986662952895131 ], [ -78.898455250357344, 35.986659734674362 ], [ -78.898455231440167, 35.986659725565751 ], [ -78.898456685154585, 35.986657741089466 ], [ -78.898457378708045, 35.986656756501738 ], [ -78.898461721228216, 35.986650183861329 ], [ -78.89846315149272, 35.986647870427944 ], [ -78.898470220600984, 35.986634779212245 ], [ -78.898475577127115, 35.98662116168461 ], [ -78.89847916301872, 35.98660716545352 ], [ -78.898480939451289, 35.986592942099179 ], [ -78.898480887201828, 35.986578645717913 ], [ -78.898479006786289, 35.986564431191503 ], [ -78.898477314299356, 35.986555862300101 ], [ -78.898475986300213, 35.986545619602524 ], [ -78.898472632870153, 35.986532398932845 ], [ -78.898467698926581, 35.986519509622816 ], [ -78.898461232108161, 35.986507076182832 ], [ -78.898453294830148, 35.986495218657836 ], [ -78.898443963812355, 35.986484051582892 ], [ -78.8984333291681, 35.986473682828773 ], [ -78.898421493560434, 35.986464212502348 ], [ -78.898408571358246, 35.986455732094356 ], [ -78.898394687353004, 35.986448323516875 ], [ -78.898379975576759, 35.986442058305656 ], [ -78.898364578187525, 35.986436996959917 ], [ -78.898348643881377, 35.986433188391572 ], [ -78.898332326541095, 35.986430669374819 ], [ -78.89831578378319, 35.986429464242697 ], [ -78.898299175335808, 35.986429584610917 ], [ -78.898282661619135, 35.986431029349447 ], [ -78.898266402156978, 35.986433784471046 ], [ -78.898250553954057, 35.986437823377365 ], [ -78.898235270076015, 35.98644310710489 ], [ -78.898229072250132, 35.986445548616565 ], [ -78.89822833930333, 35.98644576736168 ], [ -78.898212923789998, 35.986451086716428 ], [ -78.898198231741091, 35.98645761992816 ], [ -78.898184407432254, 35.986465302862705 ], [ -78.898171586601904, 35.986474060060843 ], [ -78.898159895132025, 35.986483805561292 ], [ -78.898149447897978, 35.986494443613864 ], [ -78.898140347415094, 35.986505869804731 ], [ -78.898138906831008, 35.986507891539006 ], [ -78.898137396805339, 35.986509924478419 ], [ -78.898135448697943, 35.986512615861564 ], [ -78.898134532434824, 35.986513915271509 ], [ -78.898133429222796, 35.986515451874823 ], [ -78.898132913045472, 35.98651617590906 ], [ -78.898131867471918, 35.986517652838508 ], [ -78.898131096398259, 35.9865187536994 ], [ -78.898130091927371, 35.986520203356946 ], [ -78.898129471411707, 35.986521083586553 ], [ -78.898128721126909, 35.986522129907378 ], [ -78.898127480129332, 35.986523890366627 ], [ -78.898127253181144, 35.986524217878681 ], [ -78.898124599412384, 35.986527869855259 ], [ -78.898124614951456, 35.986527877312838 ], [ -78.898123523937173, 35.986529363599402 ], [ -78.898121451647057, 35.986532293299362 ], [ -78.8981211145868, 35.986532772057217 ], [ -78.898119812962619, 35.986534629438346 ], [ -78.898118575834602, 35.98653637674213 ], [ -78.89811655545337, 35.986539126330598 ], [ -78.898116570519392, 35.98653913365046 ], [ -78.89811520149054, 35.986540995123462 ], [ -78.898114227470941, 35.986542366761206 ], [ -78.898113743032397, 35.986543037308358 ], [ -78.898112255058109, 35.986545139163098 ], [ -78.898110766893168, 35.986547284861302 ], [ -78.898109676759532, 35.986548822821355 ], [ -78.898109263206166, 35.986549409586189 ], [ -78.898108535814671, 35.986550447574793 ], [ -78.89810618426651, 35.986553665789017 ], [ -78.89810620115675, 35.986553673934509 ], [ -78.898104884164169, 35.986555468476546 ], [ -78.898103176018139, 35.986557884470429 ], [ -78.89810214900433, 35.986559358200985 ], [ -78.898098935595158, 35.986563754640677 ], [ -78.898097380706361, 35.986565926984838 ], [ -78.898096294951998, 35.986567476321419 ], [ -78.898093733076962, 35.986570706914108 ], [ -78.898092069083276, 35.986572848344757 ], [ -78.898092022055579, 35.986572910115243 ], [ -78.898089223649109, 35.98657672242831 ], [ -78.898087151356506, 35.986579652127624 ], [ -78.898086814295823, 35.986580130912834 ], [ -78.898086086903803, 35.986581168873833 ], [ -78.89808373535385, 35.986584387087582 ], [ -78.898083745251554, 35.986584391848311 ], [ -78.898082309042252, 35.986586346391491 ], [ -78.898082148809991, 35.986586572453838 ], [ -78.89808173525617, 35.986587159246021 ], [ -78.898080433630241, 35.986589016599254 ], [ -78.898078675744571, 35.986591499415638 ], [ -78.89807721518585, 35.986593544043238 ], [ -78.898076416233508, 35.986594638040188 ], [ -78.898076367240378, 35.986594703709905 ], [ -78.898074113508457, 35.986597816104435 ], [ -78.898073312706515, 35.986598956058785 ], [ -78.898072445345917, 35.986600179689127 ], [ -78.898071434239554, 35.986601555718359 ], [ -78.898071179832726, 35.986601865735864 ], [ -78.898066322219975, 35.986608145998574 ], [ -78.898062866922658, 35.986612893122192 ], [ -78.898062882900874, 35.98661290079994 ], [ -78.898061729481512, 35.986614472083964 ], [ -78.898059657186906, 35.986617401810271 ], [ -78.898059320092145, 35.986617880567884 ], [ -78.898058416548494, 35.986619169933441 ], [ -78.898057220842958, 35.986620822111632 ], [ -78.898056826291466, 35.986621350296524 ], [ -78.898055533304813, 35.986623110684114 ], [ -78.898055002374619, 35.986623845941295 ], [ -78.898053903882214, 35.986625390074821 ], [ -78.898053513654844, 35.98662594688809 ], [ -78.898052360293633, 35.98662752534198 ], [ -78.898051952599843, 35.98662802170449 ], [ -78.898047144223568, 35.986634228577536 ], [ -78.898043889082842, 35.986638690389221 ], [ -78.898043898676519, 35.98663869501236 ], [ -78.898042522125394, 35.986640568400603 ], [ -78.898042384546216, 35.986640762505594 ], [ -78.898041926090599, 35.986641413377434 ], [ -78.898041245222487, 35.986642386188336 ], [ -78.898040198417249, 35.986643818750274 ], [ -78.89804001406992, 35.986644029655928 ], [ -78.898036281707206, 35.986648772564166 ], [ -78.898031273337082, 35.986655560088529 ], [ -78.898029428272707, 35.986658232243755 ], [ -78.898028966223265, 35.986658891573612 ], [ -78.898028113365783, 35.986660058735367 ], [ -78.898024106558097, 35.986665132302029 ], [ -78.89801937728059, 35.986671492857674 ], [ -78.898017863091098, 35.986673659685593 ], [ -78.898016778834261, 35.986675145042739 ], [ -78.898016459647295, 35.986675575301426 ], [ -78.898013382323626, 35.986679775462243 ], [ -78.898012882345839, 35.986680383884099 ], [ -78.898008370679264, 35.986686182070251 ], [ -78.898007726133727, 35.986687058103541 ], [ -78.898006029140305, 35.986689417515038 ], [ -78.898005078497846, 35.986690769996628 ], [ -78.898004248936971, 35.986691930584634 ], [ -78.898003449793677, 35.986693013647461 ], [ -78.898002622563183, 35.986694015290311 ], [ -78.897997611372446, 35.986700462747564 ], [ -78.897996542589567, 35.986701926305479 ], [ -78.897996387280244, 35.986702134762936 ], [ -78.897994289087293, 35.986705012656131 ], [ -78.897993463402713, 35.986706021167961 ], [ -78.897988853476804, 35.98671197709205 ], [ -78.897987678307473, 35.986713585360533 ], [ -78.897987678408811, 35.986713585415579 ], [ -78.897987516632497, 35.98671380252096 ], [ -78.897985630401564, 35.986716389728308 ], [ -78.897981582855792, 35.986721545260323 ], [ -78.897980335446604, 35.986723158715385 ], [ -78.897980288418722, 35.9867232204858 ], [ -78.897978242462045, 35.986725979885058 ], [ -78.897976330430353, 35.98672862838589 ], [ -78.897975955413813, 35.986729130654226 ], [ -78.89797554185472, 35.986729693711105 ], [ -78.897972797832665, 35.986733151169133 ], [ -78.897969122282532, 35.986738000243015 ], [ -78.897968197251686, 35.986739279233348 ], [ -78.897967255661868, 35.986740421734005 ], [ -78.897962358215878, 35.986746727974001 ], [ -78.897961034671994, 35.986748539376052 ], [ -78.897960844860421, 35.986748794258041 ], [ -78.897958737048143, 35.986751685850578 ], [ -78.897957403324014, 35.986753314864252 ], [ -78.897953006267954, 35.986758980321767 ], [ -78.897951678199419, 35.986760787681682 ], [ -78.897950726108391, 35.98676194786475 ], [ -78.897947773047377, 35.986765734277327 ], [ -78.897944270366906, 35.986770091654407 ], [ -78.897940685368084, 35.98677475257189 ], [ -78.897938637889908, 35.986777536940274 ], [ -78.897937741868589, 35.986778728596867 ], [ -78.897933663748645, 35.986784133867765 ], [ -78.897930604264701, 35.986787825471033 ], [ -78.89792546459519, 35.986794424512482 ], [ -78.897924535279344, 35.98679569632894 ], [ -78.897923105922956, 35.986797438030685 ], [ -78.89791861170346, 35.986803221448433 ], [ -78.897917517433314, 35.986804710449924 ], [ -78.897912633959407, 35.986810707046551 ], [ -78.89791271404745, 35.986810750133031 ], [ -78.897907561454275, 35.986817169063144 ], [ -78.897906935894298, 35.986818025140323 ], [ -78.897904413292792, 35.986821166041395 ], [ -78.897900838407921, 35.986825817488551 ], [ -78.897899171335922, 35.986828086159356 ], [ -78.89789552867839, 35.986832524484811 ], [ -78.897892188314941, 35.986836500479058 ], [ -78.897888027970254, 35.986841703383284 ], [ -78.897884280302819, 35.986846613242349 ], [ -78.897882756566148, 35.986848706520647 ], [ -78.897880175718939, 35.986851877563083 ], [ -78.897877033825921, 35.986855887045103 ], [ -78.897875752570371, 35.986857586290036 ], [ -78.897875633758673, 35.986857720221607 ], [ -78.897867854953319, 35.986867414489033 ], [ -78.897867231141433, 35.986868143981198 ], [ -78.897861458283629, 35.986875368141803 ], [ -78.897860684070324, 35.986876406941263 ], [ -78.897858609880217, 35.986878953881671 ], [ -78.897855757811072, 35.986882578132729 ], [ -78.897855491859659, 35.986882928027917 ], [ -78.897851234595535, 35.986888082775558 ], [ -78.897850575230962, 35.986888887233647 ], [ -78.897848993779817, 35.986890831515616 ], [ -78.897846763176105, 35.986893683719842 ], [ -78.897844680477348, 35.986896222658842 ], [ -78.897840028744142, 35.986901890591128 ], [ -78.897836545262933, 35.986906318636329 ], [ -78.897834253349302, 35.986909112440692 ], [ -78.897831149583396, 35.986913038798711 ], [ -78.897831057964879, 35.986913159182293 ], [ -78.897828227272228, 35.986916636892857 ], [ -78.897828085776894, 35.986916799759811 ], [ -78.897823014370161, 35.986923051098628 ], [ -78.897817753275319, 35.98692924502901 ], [ -78.897816057052992, 35.986931280775252 ], [ -78.897811921655716, 35.986936340848523 ], [ -78.897808623862687, 35.986940618836918 ], [ -78.89780636431199, 35.98694337245027 ], [ -78.897803938363339, 35.986946415138831 ], [ -78.897802686007552, 35.986948032213959 ], [ -78.897800981466617, 35.986950123499334 ], [ -78.897800058823321, 35.986951088002549 ], [ -78.897799693166021, 35.986951511463893 ], [ -78.897793680809755, 35.986958979472845 ], [ -78.897793633204742, 35.986959043000844 ], [ -78.897792301312478, 35.986960608116654 ], [ -78.897787954989241, 35.986965910883441 ], [ -78.897784837218836, 35.986969708856599 ], [ -78.897784884136556, 35.986969734279022 ], [ -78.897781425991624, 35.986973929087696 ], [ -78.897779675288589, 35.986975877897102 ], [ -78.897776452331385, 35.986979593121831 ], [ -78.897774049855741, 35.986982462212801 ], [ -78.89777007830034, 35.986987432399289 ], [ -78.897769251634216, 35.986988517470287 ], [ -78.897766531844397, 35.98699185687336 ], [ -78.897765360462714, 35.986993083488443 ], [ -78.897765205052579, 35.986993263897617 ], [ -78.897762442644847, 35.986996572057912 ], [ -78.897758677271185, 35.987001225703686 ], [ -78.897758397733, 35.987001547237242 ], [ -78.89775746763361, 35.987002526513237 ], [ -78.897757096961442, 35.987002959310388 ], [ -78.897754850162315, 35.987005650107285 ], [ -78.897750932919564, 35.98701046314963 ], [ -78.897750592590967, 35.987010850397802 ], [ -78.89775064997707, 35.987010883713189 ], [ -78.89774909597476, 35.987012529077582 ], [ -78.897744283824309, 35.987018183630688 ], [ -78.897743089899592, 35.987019514451561 ], [ -78.897742989495129, 35.98701963273993 ], [ -78.897739735705414, 35.98702372316388 ], [ -78.897738200953924, 35.98702551403052 ], [ -78.897733713268281, 35.987031055591977 ], [ -78.897732086485476, 35.987032865391384 ], [ -78.897728884075121, 35.98703655384778 ], [ -78.897724873506732, 35.987041338076445 ], [ -78.897724957747968, 35.987041384710295 ], [ -78.897723497740245, 35.987043114516418 ], [ -78.897723442177011, 35.98704308307056 ], [ -78.897719013130512, 35.987048254564087 ], [ -78.897716766328912, 35.987050945332776 ], [ -78.897713090088402, 35.987055462218748 ], [ -78.897710857033886, 35.987057893975006 ], [ -78.897706978062345, 35.987062296604044 ], [ -78.897703802229501, 35.987066055545043 ], [ -78.897702140857007, 35.987068059534877 ], [ -78.897699443129099, 35.987071376126451 ], [ -78.897699294882187, 35.987071558382105 ], [ -78.897699036199541, 35.987071852764174 ], [ -78.897697626005666, 35.987073482342609 ], [ -78.897693003934137, 35.987078906653672 ], [ -78.897693018660988, 35.987078914934791 ], [ -78.897692445145495, 35.98707956186292 ], [ -78.897690207850403, 35.987082217998129 ], [ -78.897687543161723, 35.987085228508036 ], [ -78.897685393411123, 35.987087778431281 ], [ -78.897685151578969, 35.987088032307753 ], [ -78.89768088682888, 35.987092995899758 ], [ -78.897680340498582, 35.987093635598249 ], [ -78.897679498771964, 35.987094627172254 ], [ -78.897679266276441, 35.987094901769652 ], [ -78.897676200288885, 35.987098532457502 ], [ -78.89767516673372, 35.987099688751563 ], [ -78.89767306201837, 35.987102148717426 ], [ -78.897670505560171, 35.987104999299135 ], [ -78.89767010875677, 35.987105380291318 ], [ -78.897666074536517, 35.987104982126127 ], [ -78.897451781576265, 35.987075030211251 ], [ -78.897447620556875, 35.987074270084683 ], [ -78.897443733735983, 35.987072843275314 ], [ -78.897321456874991, 35.987021731477896 ], [ -78.897319469405303, 35.98702087331705 ], [ -78.897153389117292, 35.986946840975776 ], [ -78.897150087648214, 35.986945198425794 ], [ -78.897151277515803, 35.986942204734063 ], [ -78.897377419207189, 35.986454050641214 ], [ -78.897378897464492, 35.986451098230653 ], [ -78.897380655344932, 35.986447438210185 ], [ -78.8973814734277, 35.986445660288744 ], [ -78.897381779402082, 35.98644498997912 ], [ -78.897383674336496, 35.986440805432927 ], [ -78.897385740040278, 35.986436270033408 ], [ -78.8973878170424, 35.986431754092784 ], [ -78.897388121322194, 35.986431087270553 ], [ -78.897389919484212, 35.986427114911208 ], [ -78.897392124169329, 35.986422319780303 ], [ -78.897392302729216, 35.986421929650049 ], [ -78.897394212443459, 35.986417737341768 ], [ -78.897396281242166, 35.986413239195294 ], [ -78.897396604503726, 35.98641253041329 ], [ -78.897398346774921, 35.986408677697924 ], [ -78.89739948115303, 35.986406219448412 ], [ -78.897401942812053, 35.986400504996936 ], [ -78.897402694092108, 35.986398629414815 ], [ -78.897403534262835, 35.986396785059412 ], [ -78.897405663359123, 35.986392155844378 ], [ -78.897405867509917, 35.986391709639854 ], [ -78.89740691526022, 35.986389407270281 ], [ -78.897408935335363, 35.986384708187302 ], [ -78.897409899527418, 35.986382327647505 ], [ -78.897410730147627, 35.986380524270729 ], [ -78.897410962024182, 35.986380017818121 ], [ -78.897412000249517, 35.986377736345929 ], [ -78.897414020324049, 35.986373037290335 ], [ -78.897415268965275, 35.986369954446445 ], [ -78.897417014181059, 35.986365911139529 ], [ -78.897417821969867, 35.98636390720538 ], [ -78.897418732151962, 35.986361895280716 ], [ -78.897419829461711, 35.986359506886039 ], [ -78.897422099536755, 35.986354242165412 ], [ -78.897422912647528, 35.986352226066039 ], [ -78.897423071959452, 35.986351874241585 ], [ -78.897424927376491, 35.986347556537019 ], [ -78.897426116390704, 35.986344634210816 ], [ -78.897428165200125, 35.986339877489989 ], [ -78.897429796425698, 35.986335817055142 ], [ -78.897430535353067, 35.98633387278494 ], [ -78.897431037387065, 35.986332765411639 ], [ -78.897434465525748, 35.986324381865998 ], [ -78.897434794912826, 35.986323480489979 ], [ -78.897435512983492, 35.986321829702227 ], [ -78.897438179261059, 35.986315163826752 ], [ -78.897438463026745, 35.986314387542727 ], [ -78.897444045056602, 35.986301754038728 ], [ -78.897444023432016, 35.986301747729705 ], [ -78.897445090115951, 35.98629951932751 ], [ -78.897445875864676, 35.986297675338136 ], [ -78.897447209744215, 35.986294835985781 ], [ -78.897448541565254, 35.986291781204258 ], [ -78.897450588536273, 35.986287351825645 ], [ -78.897453358844658, 35.986280850341068 ], [ -78.897455828931427, 35.986275573068532 ], [ -78.89745687813344, 35.986273110186673 ], [ -78.89745868400702, 35.986268623191151 ], [ -78.897458831162609, 35.986268235067257 ], [ -78.897459199478192, 35.986267474292852 ], [ -78.897460738101842, 35.986263906828938 ], [ -78.897462452793434, 35.98626036676405 ], [ -78.897465147921594, 35.986254401174925 ], [ -78.897467086460992, 35.986249782759543 ], [ -78.8974683636592, 35.986246541019291 ], [ -78.897469269422004, 35.9862446266674 ], [ -78.897471260930644, 35.986240191555311 ], [ -78.897472463613028, 35.986237363163298 ], [ -78.897474064345673, 35.986233914645766 ], [ -78.897476190209673, 35.986229029561756 ], [ -78.897477259307507, 35.986226762070004 ], [ -78.89747916203514, 35.986222288643638 ], [ -78.897479577245164, 35.986221384647322 ], [ -78.897480025412122, 35.986220320248123 ], [ -78.897480302849459, 35.986219655738097 ], [ -78.897482959507741, 35.986213239317323 ], [ -78.897488157192441, 35.986200750452625 ], [ -78.897489290746876, 35.986198457164669 ], [ -78.897491546932244, 35.986193130126587 ], [ -78.897491731229991, 35.986192692531105 ], [ -78.897493703613975, 35.986187984176127 ], [ -78.897494887010055, 35.986184904078499 ], [ -78.897496404627077, 35.986181320333579 ], [ -78.897496492062615, 35.986181113330673 ], [ -78.897500934391999, 35.986170568557363 ], [ -78.897502387995118, 35.986166820811803 ], [ -78.897506221850364, 35.986157677426995 ], [ -78.897507364930647, 35.986154722810298 ], [ -78.897511041099094, 35.986145955480659 ], [ -78.897511895655569, 35.986143718548554 ], [ -78.897513143042772, 35.98614081890635 ], [ -78.897514672135827, 35.986136847527703 ], [ -78.897515700458499, 35.986134480666252 ], [ -78.897519176846856, 35.986125512300809 ], [ -78.897519334234019, 35.986125051854295 ], [ -78.897520267935505, 35.986122854299502 ], [ -78.897522396090707, 35.986117491413559 ], [ -78.897523634998393, 35.986114135196324 ], [ -78.897526209180342, 35.986108220682496 ], [ -78.897526634967704, 35.986107131375583 ], [ -78.897559861125259, 35.986034111970497 ], [ -78.8975607870902, 35.986032016161396 ], [ -78.89756227843273, 35.986028995740938 ], [ -78.897564063696464, 35.98602617019889 ], [ -78.897564421310435, 35.986025663549221 ], [ -78.89756690355766, 35.986022190935678 ], [ -78.897568068843213, 35.986020592304783 ], [ -78.897569840288938, 35.986018373640121 ], [ -78.897571878851863, 35.986016216679495 ], [ -78.897571988536214, 35.986016109689579 ], [ -78.897574175311718, 35.98601406235256 ], [ -78.897579045921404, 35.986010033585998 ], [ -78.897581677184718, 35.986008113729802 ], [ -78.897581776918116, 35.986008043982174 ], [ -78.897583799853024, 35.986006694847561 ], [ -78.897589436802818, 35.986003431570381 ], [ -78.897590470986898, 35.986002888127338 ], [ -78.897590428735697, 35.986002834990494 ], [ -78.89760141858153, 35.985996806603232 ], [ -78.897613982332999, 35.98598837667452 ], [ -78.897625488942154, 35.985979002724491 ], [ -78.897635831487861, 35.98596877185679 ], [ -78.897644913889053, 35.985957779178115 ], [ -78.897652651717266, 35.985946126782615 ], [ -78.897658973042553, 35.985933923010798 ], [ -78.897663819178646, 35.985921281241431 ], [ -78.897667145055848, 35.98590831898521 ], [ -78.89766891976339, 35.985895156676698 ], [ -78.8976691268211, 35.985881916630447 ], [ -78.897667764316012, 35.985868721914905 ], [ -78.897664844870036, 35.985855695143599 ], [ -78.897660395675246, 35.985842957348915 ], [ -78.897656649973143, 35.98583517882178 ], [ -78.897653244728204, 35.985826988624851 ], [ -78.897652978829385, 35.985826206660121 ], [ -78.897652121910866, 35.985823143833329 ], [ -78.897651613617853, 35.985820024213972 ], [ -78.897651549857102, 35.985819421254746 ], [ -78.897651200496881, 35.98581614051384 ], [ -78.897651083461298, 35.985815088414249 ], [ -78.89765108262516, 35.98581508140844 ], [ -78.897650896527068, 35.985811850444421 ], [ -78.897651086326903, 35.985808619658009 ], [ -78.897651097945044, 35.98580852041507 ], [ -78.897651202105038, 35.985807598823179 ], [ -78.897651217050424, 35.985807461315929 ], [ -78.897652056447441, 35.985802433949189 ], [ -78.897653506867172, 35.985797374651185 ], [ -78.897653562536576, 35.985797215118851 ], [ -78.897654129474006, 35.985795618348163 ], [ -78.897656003121739, 35.985790978172517 ], [ -78.897809884095679, 35.985451387934262 ], [ -78.897810170449731, 35.985450751148974 ], [ -78.898059113278833, 35.984892892729484 ], [ -78.898059226900372, 35.984892637316563 ], [ -78.898127243792189, 35.984739270674446 ], [ -78.898206152844296, 35.984563785143777 ], [ -78.898269321940745, 35.984423680495418 ], [ -78.898269151753198, 35.984423629807019 ], [ -78.898271053979613, 35.984419646172825 ], [ -78.898271831352645, 35.984417740524897 ], [ -78.898272475291449, 35.984416444402349 ], [ -78.898273011195243, 35.984415397214484 ], [ -78.898273353568499, 35.984414744816064 ], [ -78.89827455447508, 35.984412396303675 ], [ -78.898274653049313, 35.98441219837477 ], [ -78.898276816117161, 35.984408397557495 ], [ -78.898278326036873, 35.984405744429218 ], [ -78.898279682332443, 35.984403361240439 ], [ -78.898279738858804, 35.984403270907897 ], [ -78.89828244724761, 35.984398727618803 ], [ -78.898283908439069, 35.984396118650722 ], [ -78.898287502427237, 35.984390233261372 ], [ -78.89828821131178, 35.984389058422366 ], [ -78.898288251348276, 35.984388991234155 ], [ -78.898288391821637, 35.984388776802589 ], [ -78.898289033693473, 35.984387725692109 ], [ -78.89828989527382, 35.984386507740865 ], [ -78.898291266091192, 35.984384589565728 ], [ -78.898292339274519, 35.984383065488977 ], [ -78.898293259262545, 35.984381739405556 ], [ -78.898294990408971, 35.98437926941817 ], [ -78.898296658238394, 35.984376913987063 ], [ -78.898297034905298, 35.984376379275417 ], [ -78.898297762274765, 35.984375341284796 ], [ -78.898298077497941, 35.984374909895379 ], [ -78.898301902281048, 35.98437019683054 ], [ -78.898305185913401, 35.984365947547531 ], [ -78.898306962665018, 35.984363764999586 ], [ -78.898307082594741, 35.984363625519251 ], [ -78.898308599382716, 35.984362011377144 ], [ -78.898315970263738, 35.984353309479964 ], [ -78.898316685343943, 35.984352555034704 ], [ -78.89831890906774, 35.984350292231269 ], [ -78.898319900964864, 35.98434930129882 ], [ -78.898323170482996, 35.984345978023633 ], [ -78.898324145051902, 35.984345004905379 ], [ -78.898326970678028, 35.984342133213524 ], [ -78.89832780373213, 35.984341315902881 ], [ -78.898329770157247, 35.984339410859718 ], [ -78.898332366118836, 35.984337096280832 ], [ -78.89833549973757, 35.984334165892399 ], [ -78.898341903235391, 35.984328455962036 ], [ -78.898342381066144, 35.984328028086772 ], [ -78.898342866986567, 35.984327591125329 ], [ -78.898345134053585, 35.984325666855192 ], [ -78.898348911236198, 35.984322728238752 ], [ -78.898348888242921, 35.984322708715204 ], [ -78.898351941467254, 35.984320328009154 ], [ -78.898353711368557, 35.984318886045607 ], [ -78.898356026487619, 35.984317158480167 ], [ -78.898358250190782, 35.984315500669908 ], [ -78.898360811509789, 35.98431361210941 ], [ -78.898361553101466, 35.984313062042752 ], [ -78.89836226289529, 35.984312532388046 ], [ -78.898366157328681, 35.984309755260767 ], [ -78.898366265752983, 35.984309679915604 ], [ -78.898370007488737, 35.984307027736662 ], [ -78.898370854300097, 35.98430645080844 ], [ -78.898373474845584, 35.984304689075643 ], [ -78.898373552855148, 35.984304636286311 ], [ -78.898376940941375, 35.984302519552415 ], [ -78.898379157536297, 35.98430111070558 ], [ -78.898383365934748, 35.984298389714994 ], [ -78.898385720540674, 35.984297003454145 ], [ -78.898387349817781, 35.984296082992543 ], [ -78.898387806751415, 35.984295849511987 ], [ -78.898393431873643, 35.984292651374524 ], [ -78.898396750339117, 35.984290715753431 ], [ -78.898398839678819, 35.984289465665213 ], [ -78.898404523451376, 35.984286449049449 ], [ -78.898412054576738, 35.984282754886671 ], [ -78.898412031631551, 35.984282723990184 ], [ -78.898419405674602, 35.9842790934565 ], [ -78.898419760409155, 35.984278903624698 ], [ -78.89842277200907, 35.984277606915576 ], [ -78.898424862682575, 35.984276666014146 ], [ -78.898433774983289, 35.984272995991866 ], [ -78.898435915219821, 35.984272099002666 ], [ -78.898437305556172, 35.984271506098281 ], [ -78.898439117118755, 35.984270771519029 ], [ -78.898441405528075, 35.984269853060724 ], [ -78.898444486333062, 35.984268757716123 ], [ -78.898447601093196, 35.984267619682278 ], [ -78.898453083998234, 35.984265562019907 ], [ -78.898456734514511, 35.984264377483299 ], [ -78.898459780338001, 35.98426336108836 ], [ -78.898463032737212, 35.984262245557403 ], [ -78.898464565833308, 35.98426174238179 ], [ -78.898475039101086, 35.98425859824043 ], [ -78.898475123427275, 35.984258575399693 ], [ -78.898482235505043, 35.98425656414264 ], [ -78.898484437244505, 35.984256026139875 ], [ -78.898484532554846, 35.98425600399505 ], [ -78.898487976784239, 35.984255171848915 ], [ -78.89848962698693, 35.984254757584083 ], [ -78.898492096965256, 35.984254137885571 ], [ -78.898493958190556, 35.984253689896818 ], [ -78.898495061238734, 35.984253435580413 ], [ -78.89849694398707, 35.984253020492297 ], [ -78.898498610671766, 35.984252669781469 ], [ -78.898500925824081, 35.984252201456712 ], [ -78.898500923030085, 35.984252192388958 ], [ -78.898503951795874, 35.984251569198719 ], [ -78.898507131260445, 35.984250877978077 ], [ -78.898509083746774, 35.98425048297409 ], [ -78.898510123330524, 35.984250272668291 ], [ -78.898514835340748, 35.984249434734551 ], [ -78.898515824252357, 35.984249282762477 ], [ -78.898518628477902, 35.984248852424081 ], [ -78.898521249519248, 35.984248466024361 ], [ -78.898524348782132, 35.984247984834894 ], [ -78.898528516749877, 35.984247304846441 ], [ -78.898529408777151, 35.984247163370121 ], [ -78.898529481089582, 35.984247152222032 ], [ -78.898533445721654, 35.984246655763087 ], [ -78.898541987067119, 35.984245585747708 ], [ -78.898543258010733, 35.984245457387502 ], [ -78.898545201806215, 35.984245253656333 ], [ -78.898548743648973, 35.984244905546305 ], [ -78.898549674385819, 35.984244811049926 ], [ -78.898553540777769, 35.984244516118451 ], [ -78.898562317172605, 35.984243846192292 ], [ -78.898562766673365, 35.984243824643755 ], [ -78.898566095946762, 35.984243665054983 ], [ -78.898568814417246, 35.984243533446346 ], [ -78.898570025012532, 35.984243470856292 ], [ -78.898577653414989, 35.984243262559957 ], [ -78.898578954840502, 35.984243246278943 ], [ -78.898602501480369, 35.984242649324528 ], [ -78.898851259682459, 35.984236379731968 ], [ -78.898853964846509, 35.984236346781799 ], [ -78.898855406689336, 35.984236347975788 ], [ -78.898858286356628, 35.984236401209223 ], [ -78.898864578871326, 35.984236871256606 ], [ -78.898869562617918, 35.984237606798693 ], [ -78.898872067913317, 35.98423812016334 ], [ -78.898879613741386, 35.984240203740747 ], [ -78.898881627659108, 35.984240899545412 ], [ -78.898882347170286, 35.984241162379313 ], [ -78.898886154343515, 35.984242647124859 ], [ -78.898886261771892, 35.984242691744292 ], [ -78.898886729175544, 35.984242894784842 ], [ -78.898894366109374, 35.984246882479589 ], [ -78.898899755245168, 35.984250323425918 ], [ -78.89890184592025, 35.984251911826767 ], [ -78.898906758033874, 35.984256325510835 ], [ -78.898911489704446, 35.984261644297405 ], [ -78.898916714561906, 35.984269195153978 ], [ -78.898916847742981, 35.98426913427857 ], [ -78.898921064044657, 35.984275278471586 ], [ -78.898930488997436, 35.984286317720077 ], [ -78.898941196014675, 35.984296555710387 ], [ -78.898953082568283, 35.984305894450699 ], [ -78.898966034931362, 35.984314244593364 ], [ -78.898979929157349, 35.984321526204731 ], [ -78.89899463229591, 35.984327669590535 ], [ -78.899010003642587, 35.98433261601101 ], [ -78.899025896056457, 35.984336318121635 ], [ -78.899042157514501, 35.984338740441324 ], [ -78.899058632361431, 35.984339859848134 ], [ -78.899075162966085, 35.984339665607827 ], [ -78.89909159114066, 35.984338159595161 ], [ -78.899107759628194, 35.984335356184971 ], [ -78.899123513724945, 35.984331282226037 ], [ -78.899138702700498, 35.984325976712846 ], [ -78.899153181184104, 35.984319490401802 ], [ -78.899166810584774, 35.984311885400601 ], [ -78.899179460545625, 35.984303234427536 ], [ -78.899191009958628, 35.984293620290423 ], [ -78.89920134831759, 35.984283135036165 ], [ -78.899252474649685, 35.984225739851091 ], [ -78.899255016489548, 35.984223163738861 ], [ -78.899259079291767, 35.984223138217878 ], [ -78.900369917754944, 35.98426067259436 ], [ -78.900373770755223, 35.98426095319433 ], [ -78.900373867448565, 35.984262630020936 ], [ -78.900323637325997, 35.985190123401594 ], [ -78.900323735017778, 35.985203796152639 ], [ -78.900325504744941, 35.985217393239445 ], [ -78.900328929064599, 35.985230779984832 ], [ -78.900333973969197, 35.985243823676051 ], [ -78.900340589526635, 35.985256395131024 ], [ -78.900348710149473, 35.985268369715023 ], [ -78.900358255370449, 35.985279628797279 ], [ -78.900369130618586, 35.985290060795599 ], [ -78.900381228130385, 35.985299562358243 ], [ -78.900394428030168, 35.985308039326441 ], [ -78.900408599478212, 35.985315407669304 ], [ -78.900423602089177, 35.985321594418942 ], [ -78.900439287215875, 35.985326538248515 ], [ -78.900455499368022, 35.985330190160141 ], [ -78.900472077969326, 35.985332513980893 ], [ -78.900488858675331, 35.985333486665859 ], [ -78.90063198965143, 35.985335977208194 ], [ -78.900634423710841, 35.985336048113112 ], [ -78.900748528976663, 35.985340710329282 ], [ -78.900756185030431, 35.98534088192563 ], [ -78.900764858548015, 35.985340916526162 ], [ -78.900768898504964, 35.985341098040159 ], [ -78.900768923191009, 35.985344386393059 ], [ -78.900764871788226, 35.985418804576121 ], [ -78.900764435966053, 35.98542336424196 ], [ -78.900759299766534, 35.985460871077009 ], [ -78.90075731373004, 35.98546986827354 ], [ -78.900746763494539, 35.985504282391965 ], [ -78.900743341946665, 35.985512946901707 ], [ -78.900727291428794, 35.985545900200954 ], [ -78.900722447985672, 35.985554179921913 ], [ -78.900699760133136, 35.985587092988816 ], [ -78.900696867113965, 35.985590982122417 ], [ -78.90054999822874, 35.985774419936298 ], [ -78.900474128354631, 35.985869252190163 ], [ -78.90046574470874, 35.985880955856103 ], [ -78.900458819922036, 35.985893273643029 ], [ -78.900453421305016, 35.985906085750067 ], [ -78.90044960130173, 35.985919267694179 ], [ -78.900447397082985, 35.985932691271266 ], [ -78.900446830071246, 35.98594622601167 ], [ -78.900447905770207, 35.985959740361302 ], [ -78.90045061369554, 35.985973102945387 ], [ -78.900454927576092, 35.98598618383204 ], [ -78.900460805453633, 35.985998855878712 ], [ -78.900468190222185, 35.986010995886168 ], [ -78.900477010032006, 35.98602248589016 ], [ -78.900487179167214, 35.986033214123488 ], [ -78.900498598821542, 35.986043076335392 ], [ -78.900511157908483, 35.986051976671163 ], [ -78.900524734378408, 35.986059828552435 ], [ -78.900539196265171, 35.986066555721806 ], [ -78.900554402969874, 35.986072092711041 ], [ -78.900565785553454, 35.986075184771849 ], [ -78.900565766194177, 35.986075232638001 ], [ -78.900569034809678, 35.986076106568632 ], [ -78.900572398314253, 35.986077136968724 ], [ -78.900575512452122, 35.986078346386464 ], [ -78.900581853906289, 35.986081385718556 ], [ -78.900923134927538, 35.986262015641266 ], [ -78.900990131742958, 35.98629745836238 ], [ -78.901036466787005, 35.986321967366351 ], [ -78.901103487469285, 35.986357433366578 ], [ -78.901164611920677, 35.986389790035432 ], [ -78.901172119415619, 35.98639377160066 ], [ -78.901174423126307, 35.986395037789038 ], [ -78.901199779887818, 35.986409474743866 ], [ -78.901204362643625, 35.986412277139351 ], [ -78.901226662728334, 35.986426903088812 ], [ -78.901232233516936, 35.986430898028331 ], [ -78.901266643625064, 35.98645785257424 ], [ -78.901271906936671, 35.986462366767086 ], [ -78.901292571675384, 35.98648178097536 ], [ -78.90129655559096, 35.986485822319096 ], [ -78.901316772247299, 35.986507994989189 ], [ -78.901318472643098, 35.986509928973916 ], [ -78.901320065921738, 35.986511809111363 ], [ -78.901320619989917, 35.986512471170094 ], [ -78.901362571512834, 35.986563232445391 ], [ -78.901367318552744, 35.986568968428401 ], [ -78.90137245208598, 35.986574833479736 ], [ -78.901409042607611, 35.986614400819647 ], [ -78.901420439424854, 35.986625463516184 ], [ -78.901458925746823, 35.986659065591319 ], [ -78.901471641074025, 35.986669062703442 ], [ -78.9015142282243, 35.986699203538464 ], [ -78.901528265418989, 35.986708125782002 ], [ -78.901574469962682, 35.98673442558021 ], [ -78.90158953928406, 35.986742076357373 ], [ -78.901638923333081, 35.986764305185993 ], [ -78.901654858394252, 35.986770614310309 ], [ -78.901706856953155, 35.986788524608372 ], [ -78.901723537710225, 35.986793447643734 ], [ -78.901777522844682, 35.986806818365039 ], [ -78.901794768293882, 35.986810296019726 ], [ -78.901850179403539, 35.986818985949164 ], [ -78.901867801693768, 35.986820974474895 ], [ -78.901924039459132, 35.986824882722424 ], [ -78.901941812354565, 35.986825354768172 ], [ -78.901998263492175, 35.986824438644867 ], [ -78.902015885303783, 35.986823401934963 ], [ -78.902071912904589, 35.98681770087272 ], [ -78.902089460301639, 35.9868151452497 ], [ -78.902148734944035, 35.986803861328426 ], [ -78.902157308390755, 35.986802035250335 ], [ -78.902524010525866, 35.986715517542592 ], [ -78.90252778993576, 35.98671478661651 ], [ -78.902527958003517, 35.986717941023294 ], [ -78.902525284571482, 35.987103015411236 ], [ -78.90252523789475, 35.98710494345174 ], [ -78.902520899820715, 35.987209446110526 ], [ -78.902520627661232, 35.987213103570937 ], [ -78.902509533021316, 35.987316372083477 ], [ -78.902509015852416, 35.987320042891355 ], [ -78.902491116978211, 35.987422593782036 ], [ -78.902490328644276, 35.987426355494421 ], [ -78.902463175684346, 35.987537216154479 ], [ -78.902462073704228, 35.987541117553178 ], [ -78.902427041511345, 35.987650430292433 ], [ -78.902425670192841, 35.987654251617357 ], [ -78.902382527481706, 35.987762673596947 ], [ -78.902381727008333, 35.987764588480246 ], [ -78.902334966883828, 35.987871264184989 ], [ -78.902332225753284, 35.987876755417183 ], [ -78.902327264315517, 35.987885580535895 ], [ -78.902325570739478, 35.98788827196811 ], [ -78.902323591834474, 35.987890831558701 ], [ -78.902316799098273, 35.987898812678004 ], [ -78.902314587832066, 35.987901183686752 ], [ -78.902312131804962, 35.987903389838735 ], [ -78.902303710521466, 35.987910323752743 ], [ -78.902301042417449, 35.987912338564449 ], [ -78.902298170285803, 35.987914158690977 ], [ -78.902288443433363, 35.987919791029171 ], [ -78.902285333185958, 35.987921429409305 ], [ -78.902282057857462, 35.987922839401051 ], [ -78.902271271989122, 35.98792699976552 ], [ -78.902267876082391, 35.987928164674329 ], [ -78.902264367947424, 35.987929083985229 ], [ -78.90225285892474, 35.987931654381811 ], [ -78.902249273691254, 35.987932319853812 ], [ -78.902245630764838, 35.987932728865545 ], [ -78.902233715632875, 35.987933638233045 ], [ -78.902230066666434, 35.987933787474027 ], [ -78.902222754011689, 35.987933570945728 ], [ -78.902222748314514, 35.987933697774615 ], [ -78.902212162931818, 35.987933441512574 ], [ -78.902195314520498, 35.987934404286122 ], [ -78.902178668484112, 35.987936728982639 ], [ -78.902162391086605, 35.987940392330117 ], [ -78.902146644856003, 35.987945357785165 ], [ -78.902131587097116, 35.987951575724061 ], [ -78.902117368166856, 35.987958984073302 ], [ -78.902104130053957, 35.98796750883033 ], [ -78.902092005025978, 35.987977064859045 ], [ -78.902081114107247, 35.987987556712774 ], [ -78.902071566131198, 35.987998879622417 ], [ -78.902063456420876, 35.988010920511783 ], [ -78.902056865976348, 35.988023559095858 ], [ -78.902051860628035, 35.988036669198557 ], [ -78.902048490359363, 35.988050119823633 ], [ -78.902046788831598, 35.988063776692698 ], [ -78.902046773010682, 35.988077503371123 ], [ -78.902048443131505, 35.988091162779021 ], [ -78.902051782425872, 35.98810461850951 ], [ -78.902056757594039, 35.988117736175298 ], [ -78.90206331897204, 35.988130384782274 ], [ -78.90207140096949, 35.988142437966111 ], [ -78.902076509231023, 35.988149225383886 ], [ -78.902076607658017, 35.988149367625013 ], [ -78.902078400986383, 35.988152338124358 ], [ -78.902078997064564, 35.988153464746851 ], [ -78.902081504335555, 35.988158984244748 ], [ -78.90208158915398, 35.988159198915881 ], [ -78.90208194873496, 35.988160119508862 ], [ -78.902084113550501, 35.988166956624113 ], [ -78.902084484878756, 35.988168670065953 ], [ -78.902084667383704, 35.988169637135179 ], [ -78.902085104671016, 35.988172510563807 ], [ -78.90208543808366, 35.988178337834299 ], [ -78.902085436438441, 35.988179693442561 ], [ -78.902085436262269, 35.988179838598995 ], [ -78.902085057721138, 35.988186129173421 ], [ -78.902083595689419, 35.988193262952066 ], [ -78.902082414131129, 35.98819684276242 ], [ -78.902081769731609, 35.988198544071956 ], [ -78.902081515996301, 35.988199200589385 ], [ -78.902078812762284, 35.988205110090995 ], [ -78.902078358649987, 35.988205989511982 ], [ -78.902078256189682, 35.98820619037992 ], [ -78.902074405489344, 35.988212738430576 ], [ -78.902068691532861, 35.988221264517293 ], [ -78.902068279888539, 35.988221882476196 ], [ -78.90198719978423, 35.988344353067582 ], [ -78.901979950898493, 35.988356749675269 ], [ -78.901974260548002, 35.98836967233845 ], [ -78.901970185474454, 35.988382992016838 ], [ -78.901967766436186, 35.988396575728927 ], [ -78.901967027530503, 35.988410287842527 ], [ -78.901967976192097, 35.988423991393432 ], [ -78.901970602920713, 35.988437549596085 ], [ -78.901974881482374, 35.988450827079873 ], [ -78.901980769178252, 35.988463691235545 ], [ -78.901988207180793, 35.988476013616413 ], [ -78.901997121275883, 35.988487671175122 ], [ -78.902007422402164, 35.988498547555395 ], [ -78.902019007731283, 35.988508534109144 ], [ -78.902031761612989, 35.988517531133589 ], [ -78.902045556621729, 35.988525448778525 ], [ -78.902060255076719, 35.98853220800919 ], [ -78.902075710156467, 35.988537741321274 ], [ -78.902091767621783, 35.988541993484127 ], [ -78.902108267032162, 35.988544922008749 ], [ -78.90212504373946, 35.988546497671258 ], [ -78.902141930172149, 35.988546704706302 ], [ -78.902158757694181, 35.988545541110788 ], [ -78.902175358329004, 35.988543018452823 ], [ -78.902188091897372, 35.988539988631416 ], [ -78.902189781950142, 35.988539660745289 ], [ -78.902193818696674, 35.98854056189343 ], [ -78.902447515420363, 35.98860850059819 ], [ -78.902463532176824, 35.988612090959109 ], [ -78.902479905353232, 35.988614385879792 ], [ -78.90249647668125, 35.988615363119692 ], [ -78.902513085984097, 35.988615013320612 ], [ -78.902529572765388, 35.988613339788323 ], [ -78.902545777662482, 35.988610358741035 ], [ -78.902561544136958, 35.988606098953319 ], [ -78.902576719725559, 35.988600601620142 ], [ -78.902591157832248, 35.988593919863504 ], [ -78.902604718911917, 35.988586118266468 ], [ -78.902617271890875, 35.988577272215039 ], [ -78.902628695418329, 35.988567467184794 ], [ -78.902638879151937, 35.988556797972805 ], [ -78.902647724671525, 35.98854536768183 ], [ -78.902655146460575, 35.988533286732206 ], [ -78.902661072786216, 35.988520671955925 ], [ -78.902665446410666, 35.988507645196258 ], [ -78.902668225031732, 35.988494332373968 ], [ -78.902669381825277, 35.98848086216929 ], [ -78.902668905581891, 35.988467364730681 ], [ -78.902666800944829, 35.988453970521419 ], [ -78.902663088208854, 35.988440809000792 ], [ -78.90265780328788, 35.98842800730533 ], [ -78.90265099727678, 35.988415689232326 ], [ -78.902635182093604, 35.988390462983261 ], [ -78.902632003587215, 35.988384765032798 ], [ -78.90261106326669, 35.988342163295542 ], [ -78.9026097655846, 35.988339080486114 ], [ -78.902613705776247, 35.988338479074201 ], [ -78.902728397793382, 35.988325797729445 ], [ -78.902738179193108, 35.988324477654622 ], [ -78.902851074201493, 35.988306461166772 ], [ -78.902860744170241, 35.988304677036417 ], [ -78.902972146753044, 35.988281310186579 ], [ -78.902981669450824, 35.988279068730463 ], [ -78.903093941065492, 35.988249715191039 ], [ -78.903097873600046, 35.988248643591874 ], [ -78.903239078576703, 35.988208591968871 ], [ -78.903860615302634, 35.98803229702127 ], [ -78.903864480582655, 35.988031369100007 ], [ -78.903870491117758, 35.988033393358322 ], [ -78.903886663601952, 35.988038072962141 ], [ -78.903903336753018, 35.988041395067945 ], [ -78.903920338560368, 35.988043325448842 ], [ -78.903937493649934, 35.988043844187615 ], [ -78.903954624940198, 35.988042945898044 ], [ -78.903971555771591, 35.988040639863748 ], [ -78.903988111394057, 35.988036949874711 ], [ -78.904004121029175, 35.988031914008957 ], [ -78.904019419493267, 35.98802558422183 ], [ -78.904033848921841, 35.988018025825411 ], [ -78.904036081586881, 35.988016721280225 ], [ -78.904039867741105, 35.988015645634832 ], [ -78.905541686196401, 35.987653458093206 ], [ -78.905550630349694, 35.98765172538311 ], [ -78.906302560299807, 35.987540817612349 ], [ -78.906306725794835, 35.987540290068495 ], [ -78.906306886405403, 35.987540273049802 ], [ -78.906311664262191, 35.987539878715218 ], [ -78.906312110573737, 35.987539852273329 ], [ -78.906316958477873, 35.987539710670234 ], [ -78.906323565319141, 35.987539968113111 ], [ -78.906325337171253, 35.98754013185286 ], [ -78.906332920073467, 35.987541254500201 ], [ -78.90633405448547, 35.987541486785567 ], [ -78.906342611465163, 35.987543815000976 ], [ -78.906343026179798, 35.987543956849386 ], [ -78.906349243596708, 35.987546454744219 ], [ -78.906349375116037, 35.9875465148966 ], [ -78.906359761100688, 35.987551954006932 ], [ -78.906359811301755, 35.987551890697375 ], [ -78.906368368203886, 35.987556384364908 ], [ -78.906382956379005, 35.987562504155932 ], [ -78.906398206304033, 35.987567444739021 ], [ -78.906413974071924, 35.987571159550342 ], [ -78.906430110962418, 35.987573613477721 ], [ -78.906446464658245, 35.987574783438617 ], [ -78.906462880867693, 35.987574658353878 ], [ -78.90647920471018, 35.987573239396063 ], [ -78.906495282136035, 35.987570539962974 ], [ -78.906510961447736, 35.987566585541536 ], [ -78.906526094686072, 35.987561413434108 ], [ -78.906540539084133, 35.98755507243002 ], [ -78.906554158352179, 35.987547622366876 ], [ -78.906566823962848, 35.987539133554705 ], [ -78.906578416402624, 35.987529686090163 ], [ -78.906588826321965, 35.987519369088133 ], [ -78.906597955448788, 35.987508279940769 ], [ -78.906605717671383, 35.98749652324689 ], [ -78.906612039749163, 35.987484209960947 ], [ -78.906613060642002, 35.987481913701465 ], [ -78.906614649692855, 35.987478750425595 ], [ -78.906616121997715, 35.987476138265428 ], [ -78.906617858401688, 35.987473635559184 ], [ -78.906620024572319, 35.987470798475194 ], [ -78.906621997554964, 35.9874684395405 ], [ -78.906624205124686, 35.987466222150708 ], [ -78.906626952567947, 35.987463686043334 ], [ -78.906629353953079, 35.987461645439957 ], [ -78.906631953930344, 35.987459772478822 ], [ -78.906635234577337, 35.987457598544026 ], [ -78.906638032297735, 35.98745589652092 ], [ -78.906640993865565, 35.987454388622972 ], [ -78.906644648881951, 35.987452694919369 ], [ -78.906647716265297, 35.98745140579851 ], [ -78.906650903165982, 35.987450324998846 ], [ -78.906656145023305, 35.987448748874655 ], [ -78.906660162059481, 35.987447633436425 ], [ -78.906774240099935, 35.987418536004235 ], [ -78.906785012787424, 35.987415459702966 ], [ -78.906895708968975, 35.987380391315682 ], [ -78.906901007920709, 35.987378628009786 ], [ -78.907638362619011, 35.98712132053403 ], [ -78.907641803400779, 35.987120276189536 ], [ -78.907640016874964, 35.987125200136781 ], [ -78.907636153325811, 35.987138126043824 ], [ -78.907633846284, 35.98715129506455 ], [ -78.907633117456982, 35.987164583678528 ], [ -78.907633689456873, 35.987173458223936 ] ], [ [ -78.8987768111257, 35.986185289132955 ], [ -78.898773755714544, 35.986180880392212 ], [ -78.898772109621106, 35.986177854609949 ], [ -78.898733703732645, 35.986096890037764 ], [ -78.898727026749128, 35.986084632524594 ], [ -78.898718911412118, 35.986072962329274 ], [ -78.898709435020209, 35.986061990663224 ], [ -78.89869868779229, 35.986051821963244 ], [ -78.898686772158541, 35.986042553149183 ], [ -78.898673801612787, 35.98603427246929 ], [ -78.89865989963171, 35.98602705878497 ], [ -78.898645198628003, 35.986020980800852 ], [ -78.898629838700501, 35.986016096431868 ], [ -78.898613966080219, 35.986012452197684 ], [ -78.898597731981624, 35.986010082782116 ], [ -78.89858129098063, 35.986009010757208 ], [ -78.898564799730451, 35.986009246362272 ], [ -78.898548415237997, 35.986010787337705 ], [ -78.898532293613215, 35.986013619006378 ], [ -78.898516588412676, 35.986017714382115 ], [ -78.898501449185929, 35.986023034470669 ], [ -78.898487020122886, 35.986029528625686 ], [ -78.898473438667608, 35.986037134959624 ], [ -78.898460834199213, 35.98604578102946 ], [ -78.898449326746615, 35.986055384467342 ], [ -78.898441836527766, 35.986062997262842 ], [ -78.898436663563572, 35.986067626245628 ], [ -78.898436463190507, 35.986067788597353 ], [ -78.89843446915151, 35.986069392536002 ], [ -78.898432388573994, 35.986070976184024 ], [ -78.898426568733584, 35.986074714595965 ], [ -78.898419400534678, 35.986078056441428 ], [ -78.898418701995141, 35.986078387242991 ], [ -78.898418603784592, 35.986078429219404 ], [ -78.898417810438985, 35.986078809444827 ], [ -78.898417419400246, 35.986078994631193 ], [ -78.898416108417223, 35.98607962518129 ], [ -78.89840444180183, 35.986085216702065 ], [ -78.898391158319114, 35.98609309042989 ], [ -78.898378879033984, 35.986101975923994 ], [ -78.898367720158305, 35.98611178905535 ], [ -78.898357787301649, 35.986122436977759 ], [ -78.898349174456243, 35.986133818896306 ], [ -78.8983419631506, 35.986145827137875 ], [ -78.898336221637251, 35.986158348029655 ], [ -78.898332004248928, 35.986171263079768 ], [ -78.898329350856429, 35.986184450048199 ], [ -78.898328286630345, 35.986197784182778 ], [ -78.898328821600415, 35.986211139262743 ], [ -78.898330950721387, 35.986224388889802 ], [ -78.898334653871416, 35.986237407697111 ], [ -78.89833585810058, 35.986240865290981 ], [ -78.898337074327969, 35.986244404318825 ], [ -78.898337419239169, 35.986245418505 ], [ -78.898338248693705, 35.986248358563202 ], [ -78.898338757137779, 35.98625135469721 ], [ -78.898338799097004, 35.986251720508292 ], [ -78.898338930292184, 35.986252943543278 ], [ -78.898339188323547, 35.986257856476577 ], [ -78.898338938009132, 35.986262565481681 ], [ -78.898338887719774, 35.986263043215189 ], [ -78.898338750026952, 35.986264240643202 ], [ -78.898337073450449, 35.98627380283132 ], [ -78.898337077066628, 35.986273803246405 ], [ -78.89833677738109, 35.986275095863874 ], [ -78.89833532153024, 35.986288730589258 ], [ -78.898335542447569, 35.986302415361287 ], [ -78.898337437871376, 35.986316014334065 ], [ -78.898340989077923, 35.986329392499513 ], [ -78.89834616074431, 35.98634241703337 ], [ -78.898352901555256, 35.986354958641783 ], [ -78.898361144573315, 35.98636689279774 ], [ -78.898370807980797, 35.986378101032919 ], [ -78.898381795855769, 35.986388472037198 ], [ -78.898393999049418, 35.986397902895568 ], [ -78.898407296469301, 35.986406299940747 ], [ -78.898421556058238, 35.986413579825538 ], [ -78.898436636246885, 35.986419670265583 ], [ -78.898452387372387, 35.986424510809925 ], [ -78.89846865299593, 35.986428053391393 ], [ -78.898485271659851, 35.986430262822601 ], [ -78.898502078340599, 35.986431117181816 ], [ -78.898518906239971, 35.986430608006685 ], [ -78.898535588238602, 35.986428740322893 ], [ -78.898551958755007, 35.986425532673252 ], [ -78.898567855233097, 35.986421016926585 ], [ -78.898599450661294, 35.986410578666359 ], [ -78.898656217188801, 35.98639205896599 ], [ -78.898660245991067, 35.986390933471021 ], [ -78.898666510710186, 35.986389742197339 ], [ -78.898669605352026, 35.98638929119128 ], [ -78.898685490751276, 35.986385646469991 ], [ -78.898700862919455, 35.986380759714997 ], [ -78.898715575202615, 35.986374677505509 ], [ -78.898729487287085, 35.986367457881535 ], [ -78.898742466451012, 35.986359169712912 ], [ -78.898754388849582, 35.986349892068702 ], [ -78.898765140834229, 35.986339713421408 ], [ -78.898774619798644, 35.986328730878668 ], [ -78.898782735329306, 35.986317049195094 ], [ -78.898789409983976, 35.986304779811498 ], [ -78.898794580138158, 35.986292039784196 ], [ -78.898798196459694, 35.986278950604152 ], [ -78.898800224450923, 35.986265637126003 ], [ -78.898800644754331, 35.98625222638708 ], [ -78.898799453390836, 35.986238846261493 ], [ -78.898796661693368, 35.986225624416342 ], [ -78.89879229630867, 35.986212686965331 ], [ -78.898786398894316, 35.986200157342509 ], [ -78.898779025680966, 35.986188155010638 ], [ -78.8987768111257, 35.986185289132955 ] ] ] ] } },
{ "type": "Feature", "properties": { "region_id": "DUR-02", "parent_city": "Durham", "display_name": "Duke University", "geometry_source": "OpenStreetMap", "source_authority": "OpenStreetMap", "source_query_or_filter": "Duke University, Durham, North Carolina", "retrieved_at_utc": "2026-10-10T13:07:20Z", "original_crs": "EPSG:4326", "final_crs": "EPSG:4326", "review_required": true, "geometry_valid": true, "notes": "Broad physical gameplay container. Internal Duke campus, healthcare, research, and other gameplay subregions will be derived later.", "source_matched_names": null, "ncsu_precinct_name": null, "osm_display_name": "Duke University, Moreland Avenue, West End, Durham, Durham County, North Carolina, 27708, United States", "osm_type": "relation", "osm_id": 7407432.0, "osm_name": "Duke University" }, "geometry": { "type": "MultiPolygon", "coordinates": [ [ [ [ -78.9531253, 35.9979572 ], [ -78.9530996, 35.9977766 ], [ -78.9528404, 35.9976697 ], [ -78.9524644, 35.9975406 ], [ -78.9522516, 35.997481 ], [ -78.9510654, 35.99711 ], [ -78.9506277, 35.9969711 ], [ -78.9501212, 35.9968114 ], [ -78.94922, 35.996485 ], [ -78.9486396, 35.9962121 ], [ -78.9485849, 35.9961864 ], [ -78.9483703, 35.9960684 ], [ -78.9481386, 35.9959226 ], [ -78.9476601, 35.9955883 ], [ -78.9468768, 35.9950198 ], [ -78.9464734, 35.9947212 ], [ -78.946216, 35.9945545 ], [ -78.945967, 35.9943601 ], [ -78.9454864, 35.9940198 ], [ -78.9448856, 35.9936032 ], [ -78.9442933, 35.9931796 ], [ -78.9437269, 35.9928254 ], [ -78.9433149, 35.9926032 ], [ -78.9426454, 35.9923323 ], [ -78.9419588, 35.9920962 ], [ -78.941521, 35.9919434 ], [ -78.941212, 35.9918323 ], [ -78.9409631, 35.9917351 ], [ -78.9408125, 35.991667 ], [ -78.9406627, 35.9915823 ], [ -78.940328, 35.991992 ], [ -78.9401992, 35.9921657 ], [ -78.9401306, 35.9922698 ], [ -78.9399846, 35.9924921 ], [ -78.9397787, 35.9927976 ], [ -78.9396842, 35.9929504 ], [ -78.9394953, 35.9932073 ], [ -78.9393495, 35.9933254 ], [ -78.9391521, 35.9934504 ], [ -78.9389375, 35.9935546 ], [ -78.9385599, 35.9936865 ], [ -78.9381908, 35.9938115 ], [ -78.9378045, 35.9939851 ], [ -78.9375814, 35.994124 ], [ -78.9374269, 35.9942837 ], [ -78.9373067, 35.9944087 ], [ -78.9368947, 35.9949434 ], [ -78.9364913, 35.9954434 ], [ -78.936354, 35.995617 ], [ -78.9359275, 35.9961486 ], [ -78.9357961, 35.9962628 ], [ -78.9355464, 35.9964636 ], [ -78.9354013, 35.9965753 ], [ -78.9349531, 35.9968343 ], [ -78.9346889, 35.9969364 ], [ -78.9325603, 35.9977489 ], [ -78.9319974, 35.9979634 ], [ -78.9318136, 35.9980475 ], [ -78.9313029, 35.9982343 ], [ -78.9310583, 35.9983044 ], [ -78.9308608, 35.9983599 ], [ -78.9305261, 35.9984224 ], [ -78.9303802, 35.9984433 ], [ -78.9302895, 35.999996 ], [ -78.930856, 35.9999751 ], [ -78.9313109, 35.9998502 ], [ -78.9317486, 35.9996488 ], [ -78.9324782, 35.9992808 ], [ -78.9329846, 35.9990586 ], [ -78.9333653, 35.9990067 ], [ -78.9337485, 35.9989544 ], [ -78.9342635, 35.9991627 ], [ -78.9344008, 35.9995099 ], [ -78.9344523, 35.9997182 ], [ -78.9346326, 35.9998779 ], [ -78.9349587, 35.9999543 ], [ -78.935302, 35.999989 ], [ -78.9357398, 36.0000029 ], [ -78.9360659, 36.0000654 ], [ -78.9363406, 36.000246 ], [ -78.9364865, 36.0004404 ], [ -78.9365723, 36.000614 ], [ -78.9365895, 36.0008362 ], [ -78.9365208, 36.0011 ], [ -78.9363663, 36.0012875 ], [ -78.9362376, 36.0014195 ], [ -78.9359715, 36.0016347 ], [ -78.9357484, 36.0018986 ], [ -78.9356454, 36.002211 ], [ -78.937591, 36.0030937 ], [ -78.9375753, 36.0032173 ], [ -78.937523, 36.0034569 ], [ -78.9375226, 36.0035463 ], [ -78.937539, 36.0036527 ], [ -78.9376705, 36.0037287 ], [ -78.9378361, 36.0038307 ], [ -78.938157, 36.0039359 ], [ -78.9383457, 36.0040007 ], [ -78.9385069, 36.003973 ], [ -78.938633, 36.0040091 ], [ -78.9387922, 36.0040437 ], [ -78.9388946, 36.0040608 ], [ -78.938998, 36.0040588 ], [ -78.9391059, 36.0040682 ], [ -78.9392346, 36.0040935 ], [ -78.939327, 36.0041169 ], [ -78.9394789, 36.0042042 ], [ -78.9395738, 36.0042907 ], [ -78.9396658, 36.0043807 ], [ -78.9397701, 36.0044839 ], [ -78.9399098, 36.0046374 ], [ -78.940022, 36.0047456 ], [ -78.9400532, 36.0047945 ], [ -78.9400994, 36.0048708 ], [ -78.9401965, 36.0050061 ], [ -78.9402622, 36.0050763 ], [ -78.9403882, 36.0052997 ], [ -78.9408215, 36.0059733 ], [ -78.9409292, 36.0061132 ], [ -78.9410865, 36.0062774 ], [ -78.9414149, 36.006702 ], [ -78.941522, 36.0068083 ], [ -78.9416124, 36.0068973 ], [ -78.9418226, 36.0071174 ], [ -78.9419142, 36.0072064 ], [ -78.9420537, 36.0073706 ], [ -78.9423173, 36.0077367 ], [ -78.9423615, 36.0078259 ], [ -78.9425281, 36.00809 ], [ -78.9426356, 36.0085682 ], [ -78.9426581, 36.0086989 ], [ -78.9426511, 36.0088063 ], [ -78.9427681, 36.008795 ], [ -78.9428274, 36.0087922 ], [ -78.943082, 36.0087794 ], [ -78.9436005, 36.0087505 ], [ -78.9441007, 36.0087233 ], [ -78.944263, 36.0087055 ], [ -78.9444639, 36.0086758 ], [ -78.944657, 36.00862 ], [ -78.9449677, 36.0085184 ], [ -78.9451678, 36.0084194 ], [ -78.9453182, 36.00833 ], [ -78.9453878, 36.0082797 ], [ -78.945534, 36.008178 ], [ -78.9457969, 36.007931 ], [ -78.9461253, 36.0074685 ], [ -78.947723, 36.0060336 ], [ -78.9489075, 36.0049783 ], [ -78.94908, 36.0047951 ], [ -78.9492629, 36.0046787 ], [ -78.9494861, 36.004526 ], [ -78.9497436, 36.0043524 ], [ -78.9499925, 36.004158 ], [ -78.9502121, 36.0040062 ], [ -78.9504388, 36.0038594 ], [ -78.9507271, 36.0036729 ], [ -78.9508594, 36.0036164 ], [ -78.9509674, 36.0035062 ], [ -78.9510911, 36.0034081 ], [ -78.9512885, 36.003165 ], [ -78.9513915, 36.0030331 ], [ -78.9514774, 36.0028942 ], [ -78.9515546, 36.0027623 ], [ -78.9516576, 36.0023596 ], [ -78.9518379, 36.0016166 ], [ -78.9519151, 36.0012833 ], [ -78.9520009, 36.0009708 ], [ -78.9520868, 36.0006584 ], [ -78.9521898, 36.000339 ], [ -78.9523357, 35.9999362 ], [ -78.9525674, 35.9993946 ], [ -78.9528163, 35.9988044 ], [ -78.9529022, 35.9985891 ], [ -78.9530481, 35.9981863 ], [ -78.9531253, 35.9979572 ] ] ], [ [ [ -78.9425108, 36.0084785 ], [ -78.9423337, 36.0080749 ], [ -78.9421406, 36.0076801 ], [ -78.9419046, 36.0073633 ], [ -78.9416578, 36.0071116 ], [ -78.9413467, 36.0068035 ], [ -78.9409122, 36.0063825 ], [ -78.9406815, 36.0063305 ], [ -78.9406493, 36.0062697 ], [ -78.94066, 36.006005 ], [ -78.9404455, 36.0056448 ], [ -78.9400592, 36.0050026 ], [ -78.9397427, 36.0045859 ], [ -78.9394423, 36.0042952 ], [ -78.9392385, 36.004191 ], [ -78.9388576, 36.0041433 ], [ -78.9383429, 36.0040053 ], [ -78.9381598, 36.0039428 ], [ -78.9378333, 36.0038368 ], [ -78.937536, 36.0036558 ], [ -78.9375196, 36.0035465 ], [ -78.9375197, 36.0034573 ], [ -78.937571, 36.0032157 ], [ -78.9375165, 36.0031061 ], [ -78.9370605, 36.0028891 ], [ -78.9361754, 36.0025072 ], [ -78.9360091, 36.002581 ], [ -78.9354619, 36.0027936 ], [ -78.9351883, 36.0031582 ], [ -78.9349405, 36.0035275 ], [ -78.9348826, 36.0036139 ], [ -78.9346251, 36.0039892 ], [ -78.9342388, 36.0044926 ], [ -78.9334986, 36.0054474 ], [ -78.9333054, 36.0059421 ], [ -78.9328763, 36.0075651 ], [ -78.9342335, 36.0077191 ], [ -78.93536, 36.007845 ], [ -78.9366045, 36.0079665 ], [ -78.9370713, 36.0079534 ], [ -78.937538, 36.0079925 ], [ -78.9386216, 36.0081574 ], [ -78.9402255, 36.0083483 ], [ -78.94076, 36.0085444 ], [ -78.9411128, 36.0086246 ], [ -78.9416063, 36.0087027 ], [ -78.942024, 36.0087331 ], [ -78.9422815, 36.0087402 ], [ -78.9424089, 36.0087418 ], [ -78.9424579, 36.0087272 ], [ -78.9425021, 36.0086984 ], [ -78.9425108, 36.0086564 ], [ -78.9425108, 36.0084785 ] ] ], [ [ [ -78.9333938, 36.0053626 ], [ -78.9333317, 36.0053418 ], [ -78.9331332, 36.005306 ], [ -78.9326544, 36.0052669 ], [ -78.9318055, 36.0052507 ], [ -78.9318074, 36.0051965 ], [ -78.9319546, 36.0037178 ], [ -78.9301093, 36.0036761 ], [ -78.9300017, 36.0036775 ], [ -78.9300185, 36.0031866 ], [ -78.9300649, 36.0022238 ], [ -78.9301106, 36.0014687 ], [ -78.9301653, 36.000136 ], [ -78.9301207, 35.9991824 ], [ -78.9300896, 35.9985405 ], [ -78.9280205, 35.998251 ], [ -78.9278338, 35.9996732 ], [ -78.9275731, 36.000203 ], [ -78.9274382, 36.0009001 ], [ -78.9279053, 36.001026 ], [ -78.9279572, 36.0014879 ], [ -78.9280091, 36.0022102 ], [ -78.9279987, 36.0026888 ], [ -78.9277496, 36.0029324 ], [ -78.9269503, 36.0028148 ], [ -78.9268049, 36.0026384 ], [ -78.9272202, 36.0007825 ], [ -78.9273863, 36.0001106 ], [ -78.9267428, 36.0002913 ], [ -78.9261827, 36.0004485 ], [ -78.926107, 36.0009444 ], [ -78.9259358, 36.0014982 ], [ -78.9256091, 36.0025554 ], [ -78.9249868, 36.0024799 ], [ -78.9247436, 36.0031241 ], [ -78.9240665, 36.002916 ], [ -78.9237414, 36.0027626 ], [ -78.9234827, 36.0026772 ], [ -78.9230393, 36.0025054 ], [ -78.9220279, 36.0020159 ], [ -78.9235566, 36.0000993 ], [ -78.9216151, 35.9997276 ], [ -78.9211953, 35.9997386 ], [ -78.9211953, 36.0004179 ], [ -78.9201118, 36.001645 ], [ -78.9194753, 36.0023353 ], [ -78.921542, 36.00316 ], [ -78.9224277, 36.0035952 ], [ -78.9228954, 36.0043369 ], [ -78.9233074, 36.0047535 ], [ -78.9238396, 36.0051146 ], [ -78.9262257, 36.0055659 ], [ -78.9278741, 36.005927 ], [ -78.9289917, 36.0062715 ], [ -78.929629, 36.0064995 ], [ -78.9297925, 36.0065437 ], [ -78.9317225, 36.007535 ], [ -78.9326666, 36.0077016 ], [ -78.9331947, 36.0058908 ], [ -78.9332675, 36.0056742 ], [ -78.9333938, 36.0053626 ] ] ], [ [ [ -78.9196952, 36.0060284 ], [ -78.9196326, 36.0060068 ], [ -78.9195416, 36.0059692 ], [ -78.9192924, 36.0058634 ], [ -78.9189823, 36.0057166 ], [ -78.9186997, 36.0055801 ], [ -78.9183494, 36.0054 ], [ -78.9179944, 36.0052167 ], [ -78.9173237, 36.0048664 ], [ -78.914938, 36.0036232 ], [ -78.9129638, 36.0024309 ], [ -78.9129037, 36.0024292 ], [ -78.9128034, 36.0024963 ], [ -78.9127724, 36.0025481 ], [ -78.9127124, 36.0026428 ], [ -78.9125863, 36.0029804 ], [ -78.9125518, 36.0031583 ], [ -78.9124831, 36.0041929 ], [ -78.9123458, 36.0062204 ], [ -78.9122686, 36.0073799 ], [ -78.9122428, 36.0078381 ], [ -78.9122686, 36.0081853 ], [ -78.9123801, 36.0085394 ], [ -78.9124574, 36.0088032 ], [ -78.9124574, 36.0092129 ], [ -78.9124746, 36.0095809 ], [ -78.9138831, 36.0096214 ], [ -78.9139735, 36.0096212 ], [ -78.9146936, 36.0096662 ], [ -78.9147904, 36.0096699 ], [ -78.914972, 36.0096769 ], [ -78.9150897, 36.0096804 ], [ -78.9163288, 36.0097291 ], [ -78.9164092, 36.0097322 ], [ -78.917065, 36.0097574 ], [ -78.9172121, 36.0097637 ], [ -78.9194934, 36.0098486 ], [ -78.9194989, 36.0097567 ], [ -78.9195747, 36.008408 ], [ -78.9196151, 36.0076084 ], [ -78.9196203, 36.0074974 ], [ -78.9196435, 36.0073323 ], [ -78.9196586, 36.0066786 ], [ -78.9196952, 36.0060284 ] ] ], [ [ [ -78.9184358, 36.0040692 ], [ -78.9182211, 36.0039546 ], [ -78.9181708, 36.0040655 ], [ -78.9181211, 36.0041426 ], [ -78.9180466, 36.0041133 ], [ -78.9179449, 36.0042595 ], [ -78.9182165, 36.0043797 ], [ -78.9184358, 36.0040692 ] ] ], [ [ [ -78.9172982, 36.0030085 ], [ -78.9163022, 36.0024984 ], [ -78.9167317, 36.0019588 ], [ -78.9139311, 36.0002697 ], [ -78.9136387, 36.0010681 ], [ -78.9134559, 36.0016594 ], [ -78.9134879, 36.0017075 ], [ -78.9140864, 36.0023321 ], [ -78.9146392, 36.0026278 ], [ -78.9145479, 36.0027682 ], [ -78.9154662, 36.0033042 ], [ -78.9155804, 36.0031637 ], [ -78.9156909, 36.0032165 ], [ -78.9167637, 36.0037292 ], [ -78.9172982, 36.0030085 ] ] ], [ [ [ -78.9132618, 36.0017655 ], [ -78.9127927, 36.0012905 ], [ -78.9127366, 36.0013466 ], [ -78.9126673, 36.0013336 ], [ -78.9126566, 36.0015711 ], [ -78.9126406, 36.0015991 ], [ -78.9126192, 36.0019941 ], [ -78.9126833, 36.0020222 ], [ -78.9129074, 36.0021301 ], [ -78.9131871, 36.001913 ], [ -78.9132618, 36.0017655 ] ] ] ] } }
]
}
