region_id,osm_type,osm_id,name,primary_osm_key,primary_osm_value,source_geometry_type,exclusion_reason,raw_tags
DUR-01,node,5923216528,,amenity,bicycle_parking,Point,low_value_category,"{""amenity"": ""bicycle_parking"", ""capacity"": ""6"", ""covered"": ""no""}"
DUR-01,node,5923216530,,amenity,bicycle_parking,Point,low_value_category,"{""amenity"": ""bicycle_parking"", ""capacity"": ""4"", ""covered"": ""no""}"
DUR-01,node,5923216532,,amenity,bicycle_parking,Point,low_value_category,"{""amenity"": ""bicycle_parking"", ""capacity"": ""4"", ""covered"": ""no""}"
DUR-01,node,5923216574,,amenity,bicycle_parking,Point,low_value_category,"{""amenity"": ""bicycle_parking"", ""capacity"": ""4"", ""covered"": ""no""}"
DUR-01,node,5923216579,,amenity,bicycle_parking,Point,low_value_category,"{""amenity"": ""bicycle_parking"", ""capacity"": ""4"", ""covered"": ""no""}"
DUR-01,way,214518274,,amenity,parking,Point,low_value_category,"{""addr:city"": ""Durham"", ""addr:housenumber"": ""409"", ""addr:postcode"": ""27701"", ""addr:state"": ""NC"", ""addr:street"": ""North Elm Street"", ""amenity"": ""parking"", ""source:addr"": ""Durham Open Data""}"
DUR-01,way,214518276,,amenity,parking,Point,low_value_category,"{""addr:city"": ""Durham"", ""addr:housenumber"": ""221"", ""addr:postcode"": ""27701"", ""addr:state"": ""NC"", ""addr:street"": ""Belt Street"", ""amenity"": ""parking"", ""source:addr"": ""Durham Open Data""}"
DUR-01,way,214518277,,amenity,parking,Point,low_value_category,"{""addr:city"": ""Durham"", ""addr:housenumber"": ""901"", ""addr:postcode"": ""27701"", ""addr:state"": ""NC"", ""addr:street"": ""Morning Glory Avenue"", ""amenity"": ""parking"", ""source:addr"": ""Durham Open Data""}"
DUR-01,way,682533685,,railway,abandoned,Point,representative_point_outside_region,"{""railway"": ""abandoned"", ""service"": ""spur"", ""usage"": ""industrial""}"
DUR-01,way,1324743532,,amenity,parking,Point,low_value_category,"{""access"": ""permissive"", ""amenity"": ""parking"", ""parking"": ""surface"", ""surface"": ""asphalt""}"
DUR-01,way,1324743533,,amenity,parking,Point,low_value_category,"{""access"": ""permissive"", ""amenity"": ""parking"", ""parking"": ""surface"", ""surface"": ""paved""}"
DUR-01,node,170725594,,railway,level_crossing,Point,railway_track_infrastructure,"{""crossing:barrier"": ""double_half"", ""railway"": ""level_crossing""}"
DUR-01,node,170728874,,railway,level_crossing,Point,railway_track_infrastructure,"{""railway"": ""level_crossing""}"
DUR-01,node,316546628,,amenity,toilets,Point,low_value_category,"{""amenity"": ""toilets""}"
DUR-01,node,317432499,,amenity,bicycle_parking,Point,low_value_category,"{""amenity"": ""bicycle_parking"", ""capacity"": ""4"", ""covered"": ""no"", ""lit"": ""yes""}"
DUR-01,node,317432505,,amenity,bicycle_parking,Point,low_value_category,"{""amenity"": ""bicycle_parking"", ""capacity"": ""4"", ""covered"": ""no""}"
DUR-01,node,317432510,,amenity,bicycle_parking,Point,low_value_category,"{""amenity"": ""bicycle_parking"", ""capacity"": ""2"", ""covered"": ""yes""}"
DUR-01,node,317436037,,amenity,bicycle_parking,Point,low_value_category,"{""amenity"": ""bicycle_parking"", ""bicycle_parking"": ""stands"", ""covered"": ""no""}"
DUR-01,node,317436038,,amenity,bicycle_parking,Point,low_value_category,"{""amenity"": ""bicycle_parking""}"
DUR-01,node,317436173,,amenity,bicycle_parking,Point,low_value_category,"{""amenity"": ""bicycle_parking"", ""bicycle_parking"": ""stands"", ""capacity"": ""11"", ""covered"": ""no""}"
DUR-01,node,317436677,,amenity,bicycle_parking,Point,low_value_category,"{""amenity"": ""bicycle_parking""}"
DUR-01,node,317494115,,amenity,bicycle_parking,Point,low_value_category,"{""amenity"": ""bicycle_parking"", ""bicycle_parking"": ""stands"", ""capacity"": ""6"", ""covered"": ""no""}"
DUR-01,node,317494116,,amenity,bicycle_parking,Point,low_value_category,"{""access"": ""yes"", ""amenity"": ""bicycle_parking"", ""bicycle_parking"": ""wave"", ""capacity"": ""5"", ""covered"": ""no"", ""indoor"": ""no""}"
DUR-01,node,317494225,,amenity,bicycle_parking,Point,low_value_category,"{""amenity"": ""bicycle_parking"", ""bicycle_parking"": ""stands"", ""capacity"": ""6"", ""covered"": ""no""}"
DUR-01,node,317494278,,amenity,bicycle_parking,Point,low_value_category,"{""amenity"": ""bicycle_parking"", ""bicycle_parking"": ""stands"", ""capacity"": ""3"", ""covered"": ""no""}"
DUR-01,node,317494279,,amenity,bicycle_parking,Point,low_value_category,"{""amenity"": ""bicycle_parking"", ""capacity"": ""6"", ""covered"": ""no""}"
DUR-01,node,317494340,,amenity,bicycle_parking,Point,low_value_category,"{""amenity"": ""bicycle_parking"", ""bicycle_parking"": ""stands"", ""capacity"": ""6"", ""covered"": ""no""}"
DUR-01,node,317494343,,amenity,bicycle_parking,Point,low_value_category,"{""amenity"": ""bicycle_parking"", ""bicycle_parking"": ""stands"", ""capacity"": ""6"", ""covered"": ""no""}"
DUR-01,node,317494389,,amenity,bicycle_parking,Point,low_value_category,"{""amenity"": ""bicycle_parking"", ""capacity"": ""5"", ""covered"": ""no""}"
DUR-01,node,317494476,,amenity,bicycle_parking,Point,low_value_category,"{""amenity"": ""bicycle_parking"", ""capacity"": ""6"", ""covered"": ""no""}"
DUR-01,node,317494477,,amenity,bicycle_parking,Point,low_value_category,"{""amenity"": ""bicycle_parking"", ""bicycle_parking"": ""stands"", ""capacity"": ""4"", ""covered"": ""yes""}"
DUR-01,node,317494618,,amenity,bicycle_parking,Point,low_value_category,"{""access"": ""yes"", ""amenity"": ""bicycle_parking"", ""bicycle_parking"": ""stands"", ""capacity"": ""4"", ""covered"": ""no"", ""indoor"": ""no""}"
DUR-01,node,317559805,,amenity,bicycle_parking,Point,low_value_category,"{""amenity"": ""bicycle_parking"", ""bicycle_parking"": ""stands"", ""capacity"": ""6"", ""covered"": ""no""}"
DUR-01,node,343020200,,amenity,atm,Point,unnamed_not_inherently_meaningful,"{""amenity"": ""atm""}"
DUR-01,node,343599669,,amenity,bicycle_parking,Point,low_value_category,"{""access"": ""yes"", ""amenity"": ""bicycle_parking"", ""bicycle_parking"": ""stands"", ""capacity"": ""4"", ""covered"": ""no"", ""indoor"": ""no""}"
DUR-01,node,345463543,,amenity,bicycle_parking,Point,low_value_category,"{""amenity"": ""bicycle_parking"", ""bicycle_parking"": ""stands"", ""capacity"": ""6"", ""covered"": ""no""}"
DUR-01,node,345463720,,amenity,bicycle_parking,Point,low_value_category,"{""amenity"": ""bicycle_parking"", ""capacity"": ""3"", ""covered"": ""no"", ""fee"": ""no""}"
DUR-01,node,349231819,,amenity,bicycle_parking,Point,low_value_category,"{""amenity"": ""bicycle_parking"", ""bicycle_parking"": ""stands"", ""capacity"": ""24"", ""covered"": ""no""}"
DUR-01,node,535379579,,railway,level_crossing,Point,railway_track_infrastructure,"{""railway"": ""level_crossing""}"
DUR-01,node,795894330,,amenity,parking_entrance,Point,low_value_category,"{""amenity"": ""parking_entrance""}"
DUR-01,node,1018492571,,railway,level_crossing,Point,railway_track_infrastructure,"{""crossing:barrier"": ""double_half"", ""railway"": ""level_crossing""}"
DUR-01,node,1152792686,,amenity,bicycle_parking,Point,low_value_category,"{""amenity"": ""bicycle_parking"", ""bicycle_parking"": ""stands"", ""capacity"": ""12"", ""covered"": ""no""}"
DUR-01,node,1202921731,,amenity,bicycle_parking,Point,low_value_category,"{""amenity"": ""bicycle_parking"", ""bicycle_parking"": ""stands"", ""capacity"": ""14"", ""covered"": ""no""}"
DUR-01,node,1764663721,,amenity,bicycle_parking,Point,low_value_category,"{""amenity"": ""bicycle_parking"", ""covered"": ""no""}"
DUR-01,node,1764663726,,amenity,atm,Point,unnamed_not_inherently_meaningful,"{""addr:city"": ""Durham"", ""addr:housenumber"": ""203"", ""addr:postcode"": ""27701"", ""addr:state"": ""NC"", ""addr:street"": ""North Roxboro Street"", ""amenity"": ""atm"", ""source:addr"": ""Durham Open Data""}"
DUR-01,node,2092401686,,amenity,bicycle_parking,Point,low_value_category,"{""access"": ""yes"", ""amenity"": ""bicycle_parking"", ""bicycle_parking"": ""wave"", ""capacity"": ""7"", ""covered"": ""no"", ""indoor"": ""no""}"
DUR-01,node,2340036303,,amenity,parking_entrance,Point,low_value_category,"{""amenity"": ""parking_entrance""}"
DUR-01,node,2340036319,,amenity,parking_entrance,Point,low_value_category,"{""amenity"": ""parking_entrance""}"
DUR-01,node,2613391190,,railway,crossing,Point,unnamed_not_inherently_meaningful,"{""crossing:barrier"": ""full"", ""railway"": ""crossing""}"
DUR-01,node,2613435962,,railway,crossing,Point,unnamed_not_inherently_meaningful,"{""railway"": ""crossing""}"
DUR-01,node,2613436002,,railway,crossing,Point,unnamed_not_inherently_meaningful,"{""crossing:barrier"": ""full"", ""railway"": ""crossing""}"
DUR-01,node,2613494709,,railway,crossing,Point,unnamed_not_inherently_meaningful,"{""railway"": ""crossing""}"
DUR-01,node,3015132094,,amenity,post_box,Point,low_value_category,"{""amenity"": ""post_box""}"
DUR-01,node,3084420179,,amenity,post_box,Point,low_value_category,"{""addr:city"": ""Durham"", ""addr:housenumber"": ""129"", ""addr:postcode"": ""27701"", ""addr:state"": ""NC"", ""addr:street"": ""East Main Street"", ""amenity"": ""post_box"", ""source:addr"": ""Durham Open Data"", ""survey:date"": ""2014-05-31""}"
DUR-01,node,3501057989,,amenity,atm,Point,unnamed_not_inherently_meaningful,"{""amenity"": ""atm"", ""check_date"": ""2022-08-25""}"
DUR-01,node,4463155419,,amenity,bicycle_parking,Point,low_value_category,"{""amenity"": ""bicycle_parking"", ""bicycle_parking"": ""building""}"
DUR-01,node,5114051995,,amenity,fountain,Point,unnamed_not_inherently_meaningful,"{""amenity"": ""fountain""}"
DUR-01,node,5136629898,,amenity,parking_entrance,Point,low_value_category,"{""amenity"": ""parking_entrance""}"
DUR-01,node,5642599314,,amenity,bicycle_parking,Point,low_value_category,"{""access"": ""yes"", ""amenity"": ""bicycle_parking"", ""bicycle_parking"": ""stands"", ""capacity"": ""6"", ""covered"": ""no"", ""indoor"": ""no""}"
DUR-01,node,5923213904,,amenity,bicycle_parking,Point,low_value_category,"{""amenity"": ""bicycle_parking"", ""bicycle_parking"": ""stands"", ""capacity"": ""8"", ""covered"": ""no""}"
DUR-01,node,5923213906,,amenity,bicycle_parking,Point,low_value_category,"{""amenity"": ""bicycle_parking"", ""capacity"": ""4"", ""covered"": ""no""}"
DUR-01,node,5923213909,,amenity,bicycle_parking,Point,low_value_category,"{""access"": ""yes"", ""amenity"": ""bicycle_parking"", ""bicycle_parking"": ""stands"", ""capacity"": ""6"", ""covered"": ""no"", ""indoor"": ""no""}"
DUR-01,node,5923213910,,amenity,bicycle_parking,Point,low_value_category,"{""amenity"": ""bicycle_parking"", ""capacity"": ""18"", ""covered"": ""yes""}"
DUR-01,node,5923213911,,amenity,bicycle_parking,Point,low_value_category,"{""amenity"": ""bicycle_parking"", ""bicycle_parking"": ""stands"", ""capacity"": ""4"", ""covered"": ""yes""}"
DUR-01,node,5923213912,,amenity,bicycle_parking,Point,low_value_category,"{""amenity"": ""bicycle_parking"", ""capacity"": ""5"", ""covered"": ""no""}"
DUR-01,node,5923215981,,amenity,bicycle_parking,Point,low_value_category,"{""amenity"": ""bicycle_parking"", ""capacity"": ""2"", ""covered"": ""yes""}"
DUR-01,node,5923215982,,amenity,bicycle_parking,Point,low_value_category,"{""amenity"": ""bicycle_parking"", ""capacity"": ""2"", ""covered"": ""no""}"
DUR-01,node,5923215984,,amenity,bicycle_parking,Point,low_value_category,"{""amenity"": ""bicycle_parking"", ""capacity"": ""6"", ""covered"": ""no""}"
DUR-01,node,5923216499,,amenity,bicycle_parking,Point,low_value_category,"{""amenity"": ""bicycle_parking"", ""capacity"": ""8"", ""covered"": ""no""}"
DUR-01,node,5923216500,,amenity,bicycle_parking,Point,low_value_category,"{""amenity"": ""bicycle_parking"", ""capacity"": ""14"", ""covered"": ""yes""}"
DUR-01,node,5923216501,,amenity,bicycle_parking,Point,low_value_category,"{""amenity"": ""bicycle_parking"", ""capacity"": ""2"", ""covered"": ""no""}"
DUR-01,node,5923216504,,amenity,bicycle_parking,Point,low_value_category,"{""amenity"": ""bicycle_parking"", ""bicycle_parking"": ""stands"", ""capacity"": ""4"", ""covered"": ""no""}"
DUR-01,node,5923216505,,amenity,bicycle_parking,Point,low_value_category,"{""amenity"": ""bicycle_parking"", ""bicycle_parking"": ""stands"", ""capacity"": ""2"", ""covered"": ""no""}"
DUR-01,node,5923216508,,amenity,bicycle_parking,Point,low_value_category,"{""amenity"": ""bicycle_parking"", ""capacity"": ""2"", ""covered"": ""no""}"
DUR-01,node,5923216511,,amenity,bicycle_parking,Point,low_value_category,"{""amenity"": ""bicycle_parking"", ""capacity"": ""1"", ""covered"": ""no""}"
DUR-01,node,5923216514,,amenity,bicycle_parking,Point,low_value_category,"{""amenity"": ""bicycle_parking"", ""capacity"": ""16"", ""covered"": ""yes""}"
DUR-01,node,5923216516,,amenity,bicycle_parking,Point,low_value_category,"{""amenity"": ""bicycle_parking"", ""capacity"": ""6"", ""covered"": ""no""}"
DUR-01,node,5923216520,,amenity,bicycle_parking,Point,low_value_category,"{""amenity"": ""bicycle_parking"", ""capacity"": ""3"", ""covered"": ""no""}"
DUR-01,node,5923216521,,amenity,bicycle_parking,Point,low_value_category,"{""amenity"": ""bicycle_parking"", ""capacity"": ""10"", ""covered"": ""yes""}"
DUR-01,node,5923216522,,amenity,bicycle_parking,Point,low_value_category,"{""amenity"": ""bicycle_parking"", ""bicycle_parking"": ""stands"", ""capacity"": ""2"", ""covered"": ""no""}"
DUR-01,node,5923216523,,amenity,bicycle_parking,Point,low_value_category,"{""amenity"": ""bicycle_parking"", ""capacity"": ""2"", ""covered"": ""no""}"
DUR-01,node,5923216524,,amenity,bicycle_parking,Point,low_value_category,"{""amenity"": ""bicycle_parking"", ""capacity"": ""2"", ""covered"": ""no""}"
DUR-01,node,5923216525,,amenity,bicycle_parking,Point,low_value_category,"{""amenity"": ""bicycle_parking"", ""bicycle_parking"": ""stands"", ""capacity"": ""2"", ""covered"": ""no""}"
DUR-01,node,5923216526,,amenity,bicycle_parking,Point,low_value_category,"{""amenity"": ""bicycle_parking"", ""capacity"": ""6"", ""covered"": ""yes""}"
DUR-01,node,5923216527,,amenity,bicycle_parking,Point,low_value_category,"{""amenity"": ""bicycle_parking"", ""capacity"": ""2"", ""covered"": ""no""}"
DUR-01,node,5923216529,,amenity,bicycle_parking,Point,low_value_category,"{""amenity"": ""bicycle_parking"", ""bicycle_parking"": ""stands"", ""capacity"": ""4"", ""covered"": ""no""}"
DUR-01,node,5923216535,,amenity,bicycle_parking,Point,low_value_category,"{""amenity"": ""bicycle_parking"", ""bicycle_parking"": ""stands"", ""capacity"": ""4"", ""covered"": ""yes""}"
DUR-01,node,5923216537,,amenity,bicycle_parking,Point,low_value_category,"{""amenity"": ""bicycle_parking"", ""capacity"": ""4"", ""covered"": ""yes""}"
DUR-01,node,5923216540,,amenity,bicycle_parking,Point,low_value_category,"{""amenity"": ""bicycle_parking"", ""bicycle_parking"": ""stands"", ""capacity"": ""2"", ""covered"": ""no""}"
DUR-01,node,5923216541,,amenity,bicycle_parking,Point,low_value_category,"{""amenity"": ""bicycle_parking"", ""capacity"": ""9"", ""covered"": ""yes""}"
DUR-01,node,5923216542,,amenity,bicycle_parking,Point,low_value_category,"{""access"": ""yes"", ""amenity"": ""bicycle_parking"", ""bicycle_parking"": ""stands"", ""capacity"": ""2"", ""covered"": ""no"", ""indoor"": ""no""}"
DUR-01,node,5923216543,,amenity,bicycle_parking,Point,low_value_category,"{""amenity"": ""bicycle_parking"", ""bicycle_parking"": ""stands"", ""capacity"": ""2"", ""covered"": ""no""}"
DUR-01,node,5923216544,,amenity,bicycle_parking,Point,low_value_category,"{""amenity"": ""bicycle_parking"", ""bicycle_parking"": ""stands"", ""capacity"": ""2"", ""covered"": ""no""}"
DUR-01,node,5923216545,,amenity,bicycle_parking,Point,low_value_category,"{""amenity"": ""bicycle_parking"", ""capacity"": ""8"", ""covered"": ""no""}"
DUR-01,node,5923216547,,amenity,bicycle_parking,Point,low_value_category,"{""amenity"": ""bicycle_parking"", ""bicycle_parking"": ""stands"", ""capacity"": ""2"", ""covered"": ""no"", ""surface"": ""concrete""}"
DUR-01,node,5923216548,,amenity,bicycle_parking,Point,low_value_category,"{""amenity"": ""bicycle_parking"", ""bicycle_parking"": ""stands"", ""capacity"": ""4"", ""covered"": ""no""}"
DUR-01,node,5923216549,,amenity,bicycle_parking,Point,low_value_category,"{""amenity"": ""bicycle_parking"", ""capacity"": ""4"", ""covered"": ""yes""}"
DUR-01,node,5923216551,,amenity,bicycle_parking,Point,low_value_category,"{""amenity"": ""bicycle_parking"", ""bicycle_parking"": ""stands"", ""capacity"": ""6"", ""covered"": ""no""}"
DUR-01,node,5923216557,,amenity,bicycle_parking,Point,low_value_category,"{""amenity"": ""bicycle_parking"", ""bicycle_parking"": ""stands"", ""capacity"": ""2"", ""covered"": ""yes""}"
DUR-01,node,5923216560,,amenity,bicycle_parking,Point,low_value_category,"{""amenity"": ""bicycle_parking"", ""bicycle_parking"": ""stands"", ""capacity"": ""2"", ""covered"": ""no""}"
DUR-01,node,5923216561,,amenity,bicycle_parking,Point,low_value_category,"{""amenity"": ""bicycle_parking"", ""capacity"": ""2"", ""covered"": ""no""}"
DUR-01,node,5923216562,,amenity,bicycle_parking,Point,low_value_category,"{""amenity"": ""bicycle_parking"", ""bicycle_parking"": ""stands"", ""capacity"": ""2"", ""covered"": ""no"", ""surface"": ""concrete""}"
DUR-01,node,5923216566,,amenity,bicycle_parking,Point,low_value_category,"{""amenity"": ""bicycle_parking"", ""capacity"": ""12"", ""covered"": ""yes""}"
DUR-01,node,5923216570,,amenity,bicycle_parking,Point,low_value_category,"{""access"": ""yes"", ""amenity"": ""bicycle_parking"", ""bicycle_parking"": ""bollard"", ""capacity"": ""4"", ""covered"": ""no""}"
DUR-01,node,5923216571,,amenity,bicycle_parking,Point,low_value_category,"{""amenity"": ""bicycle_parking"", ""capacity"": ""2"", ""covered"": ""no""}"
DUR-01,node,5923216572,,amenity,bicycle_parking,Point,low_value_category,"{""amenity"": ""bicycle_parking"", ""capacity"": ""3"", ""covered"": ""no""}"
DUR-01,node,5923216576,,amenity,bicycle_parking,Point,low_value_category,"{""amenity"": ""bicycle_parking"", ""capacity"": ""2"", ""covered"": ""yes""}"
DUR-01,node,5923216577,,amenity,bicycle_parking,Point,low_value_category,"{""amenity"": ""bicycle_parking"", ""bicycle_parking"": ""stands"", ""capacity"": ""2"", ""covered"": ""no""}"
DUR-01,node,5923216580,,amenity,bicycle_parking,Point,low_value_category,"{""amenity"": ""bicycle_parking"", ""capacity"": ""44"", ""covered"": ""yes""}"
DUR-01,node,5923216585,,amenity,bicycle_parking,Point,low_value_category,"{""amenity"": ""bicycle_parking"", ""bicycle_parking"": ""stands"", ""capacity"": ""2"", ""covered"": ""no""}"
DUR-01,node,5923216586,,amenity,bicycle_parking,Point,low_value_category,"{""amenity"": ""bicycle_parking"", ""bicycle_parking"": ""stands"", ""capacity"": ""2"", ""covered"": ""no""}"
DUR-01,node,5923216588,,amenity,bicycle_parking,Point,low_value_category,"{""amenity"": ""bicycle_parking"", ""bicycle_parking"": ""stands"", ""capacity"": ""6"", ""covered"": ""no""}"
DUR-01,node,5923216589,,amenity,bicycle_parking,Point,low_value_category,"{""amenity"": ""bicycle_parking"", ""capacity"": ""2"", ""covered"": ""no""}"
DUR-01,node,5923216590,,amenity,bicycle_parking,Point,low_value_category,"{""amenity"": ""bicycle_parking"", ""capacity"": ""2"", ""covered"": ""yes""}"
DUR-01,node,5923216591,,amenity,bicycle_parking,Point,low_value_category,"{""amenity"": ""bicycle_parking"", ""capacity"": ""2"", ""covered"": ""no""}"
DUR-01,node,5923216592,,amenity,bicycle_parking,Point,low_value_category,"{""access"": ""yes"", ""amenity"": ""bicycle_parking"", ""bicycle_parking"": ""stands"", ""capacity"": ""8"", ""covered"": ""no"", ""indoor"": ""no""}"
DUR-01,node,5923216685,,amenity,bicycle_parking,Point,low_value_category,"{""amenity"": ""bicycle_parking"", ""capacity"": ""2"", ""covered"": ""no""}"
DUR-01,node,5923216688,,amenity,bicycle_parking,Point,low_value_category,"{""access"": ""yes"", ""amenity"": ""bicycle_parking"", ""bicycle_parking"": ""stands"", ""capacity"": ""2"", ""covered"": ""no""}"
DUR-01,node,5923216690,,amenity,bicycle_parking,Point,low_value_category,"{""amenity"": ""bicycle_parking"", ""bicycle_parking"": ""stands"", ""capacity"": ""14"", ""covered"": ""no""}"
DUR-01,node,5923216691,,amenity,bicycle_parking,Point,low_value_category,"{""amenity"": ""bicycle_parking"", ""bicycle_parking"": ""stands"", ""capacity"": ""2"", ""covered"": ""no""}"
DUR-01,node,5923216692,,amenity,bicycle_parking,Point,low_value_category,"{""amenity"": ""bicycle_parking"", ""capacity"": ""3"", ""covered"": ""no""}"
DUR-01,node,5923216694,,amenity,bicycle_parking,Point,low_value_category,"{""amenity"": ""bicycle_parking"", ""capacity"": ""5"", ""covered"": ""no""}"
DUR-01,node,5923216696,,amenity,bicycle_parking,Point,low_value_category,"{""amenity"": ""bicycle_parking"", ""capacity"": ""2"", ""covered"": ""no""}"
DUR-01,node,5923216699,,amenity,bicycle_parking,Point,low_value_category,"{""amenity"": ""bicycle_parking"", ""capacity"": ""6"", ""covered"": ""yes""}"
DUR-01,node,5923216705,,amenity,bicycle_parking,Point,low_value_category,"{""amenity"": ""bicycle_parking"", ""bicycle_parking"": ""stands"", ""capacity"": ""2"", ""covered"": ""no""}"
DUR-01,node,5923216707,,amenity,bicycle_parking,Point,low_value_category,"{""amenity"": ""bicycle_parking"", ""capacity"": ""6"", ""covered"": ""no""}"
DUR-01,node,5923216708,,amenity,bicycle_parking,Point,low_value_category,"{""amenity"": ""bicycle_parking"", ""capacity"": ""4"", ""covered"": ""no""}"
DUR-01,node,5923216709,,amenity,bicycle_parking,Point,low_value_category,"{""amenity"": ""bicycle_parking"", ""capacity"": ""2"", ""covered"": ""no""}"
DUR-01,node,5923216710,,amenity,bicycle_parking,Point,low_value_category,"{""amenity"": ""bicycle_parking"", ""bicycle_parking"": ""stands"", ""capacity"": ""2"", ""covered"": ""yes""}"
DUR-01,node,5923216713,,amenity,bicycle_parking,Point,low_value_category,"{""amenity"": ""bicycle_parking"", ""bicycle_parking"": ""stands"", ""capacity"": ""2"", ""covered"": ""no""}"
DUR-01,node,5923216714,,amenity,bicycle_parking,Point,low_value_category,"{""amenity"": ""bicycle_parking"", ""bicycle_parking"": ""stands"", ""capacity"": ""2"", ""covered"": ""no""}"
DUR-01,node,5923216716,,amenity,bicycle_parking,Point,low_value_category,"{""amenity"": ""bicycle_parking"", ""bicycle_parking"": ""stands"", ""capacity"": ""8"", ""covered"": ""no""}"
DUR-01,node,5923216718,,amenity,bicycle_parking,Point,low_value_category,"{""amenity"": ""bicycle_parking"", ""bicycle_parking"": ""stands"", ""capacity"": ""2"", ""covered"": ""no"", ""mapillary"": ""326472655561740"", ""survey:date"": ""2019-06-08""}"
DUR-01,node,5923216719,,amenity,bicycle_parking,Point,low_value_category,"{""amenity"": ""bicycle_parking"", ""capacity"": ""2"", ""covered"": ""no""}"
DUR-01,node,5923216720,,amenity,bicycle_parking,Point,low_value_category,"{""amenity"": ""bicycle_parking"", ""bicycle_parking"": ""stands"", ""capacity"": ""5"", ""covered"": ""no""}"
DUR-01,node,5923216722,,amenity,bicycle_parking,Point,low_value_category,"{""amenity"": ""bicycle_parking"", ""bicycle_parking"": ""stands"", ""capacity"": ""14"", ""covered"": ""no""}"
DUR-01,node,5923216723,,amenity,bicycle_parking,Point,low_value_category,"{""amenity"": ""bicycle_parking"", ""bicycle_parking"": ""stands"", ""capacity"": ""2"", ""covered"": ""no"", ""mapillary"": ""3287092334726799"", ""survey:date"": ""2019-06-21""}"
DUR-01,node,5923216728,,amenity,bicycle_parking,Point,low_value_category,"{""amenity"": ""bicycle_parking"", ""capacity"": ""3"", ""covered"": ""no""}"
DUR-01,node,5923216732,,amenity,bicycle_parking,Point,low_value_category,"{""amenity"": ""bicycle_parking"", ""capacity"": ""12"", ""covered"": ""yes""}"
DUR-01,node,5923216733,,amenity,bicycle_parking,Point,low_value_category,"{""amenity"": ""bicycle_parking"", ""capacity"": ""2"", ""covered"": ""no""}"
DUR-01,node,5923216736,,amenity,bicycle_parking,Point,low_value_category,"{""amenity"": ""bicycle_parking"", ""capacity"": ""4"", ""covered"": ""no""}"
DUR-01,node,5923216737,,amenity,bicycle_parking,Point,low_value_category,"{""amenity"": ""bicycle_parking"", ""capacity"": ""6"", ""covered"": ""no""}"
DUR-01,node,5923216738,,amenity,bicycle_parking,Point,low_value_category,"{""amenity"": ""bicycle_parking"", ""bicycle_parking"": ""stands"", ""capacity"": ""2"", ""covered"": ""no""}"
DUR-01,node,5923216739,,amenity,bicycle_parking,Point,low_value_category,"{""amenity"": ""bicycle_parking"", ""capacity"": ""2"", ""covered"": ""no""}"
DUR-01,node,5923216741,,amenity,bicycle_parking,Point,low_value_category,"{""amenity"": ""bicycle_parking"", ""capacity"": ""4"", ""covered"": ""yes""}"
DUR-01,node,5923216742,,amenity,bicycle_parking,Point,low_value_category,"{""amenity"": ""bicycle_parking"", ""bicycle_parking"": ""stands"", ""capacity"": ""2"", ""covered"": ""no"", ""mapillary"": ""937378320362711"", ""survey:date"": ""2019-06-21""}"
DUR-01,node,5923216744,,amenity,bicycle_parking,Point,low_value_category,"{""amenity"": ""bicycle_parking"", ""capacity"": ""10"", ""covered"": ""no""}"
DUR-01,node,5923216745,,amenity,bicycle_parking,Point,low_value_category,"{""amenity"": ""bicycle_parking"", ""capacity"": ""2"", ""covered"": ""no""}"
DUR-01,node,5923216748,,amenity,bicycle_parking,Point,low_value_category,"{""amenity"": ""bicycle_parking"", ""capacity"": ""4"", ""covered"": ""yes""}"
DUR-01,node,5923216752,,amenity,bicycle_parking,Point,low_value_category,"{""amenity"": ""bicycle_parking"", ""capacity"": ""4"", ""covered"": ""yes""}"
DUR-01,node,5923216754,,amenity,bicycle_parking,Point,low_value_category,"{""amenity"": ""bicycle_parking"", ""capacity"": ""6"", ""covered"": ""no""}"
DUR-01,node,5923216757,,amenity,bicycle_parking,Point,low_value_category,"{""amenity"": ""bicycle_parking"", ""capacity"": ""2"", ""covered"": ""no""}"
DUR-01,node,5923216758,,amenity,bicycle_parking,Point,low_value_category,"{""amenity"": ""bicycle_parking"", ""bicycle_parking"": ""wall_loops"", ""capacity"": ""2"", ""covered"": ""no""}"
DUR-01,node,5923216760,,amenity,bicycle_parking,Point,low_value_category,"{""amenity"": ""bicycle_parking"", ""bicycle_parking"": ""stands"", ""capacity"": ""12"", ""covered"": ""yes""}"
DUR-01,node,5923216761,,amenity,bicycle_parking,Point,low_value_category,"{""amenity"": ""bicycle_parking"", ""bicycle_parking"": ""stands"", ""capacity"": ""2"", ""covered"": ""no""}"
DUR-01,node,5923216763,,amenity,bicycle_parking,Point,low_value_category,"{""amenity"": ""bicycle_parking"", ""bicycle_parking"": ""stands"", ""capacity"": ""6"", ""covered"": ""no"", ""mapillary"": ""2878560265805599"", ""survey:date"": ""2020-11-14""}"
DUR-01,node,5923216764,,amenity,bicycle_parking,Point,low_value_category,"{""amenity"": ""bicycle_parking"", ""capacity"": ""2"", ""covered"": ""no""}"
DUR-01,node,5923216765,,amenity,bicycle_parking,Point,low_value_category,"{""amenity"": ""bicycle_parking"", ""bicycle_parking"": ""stands"", ""capacity"": ""2"", ""covered"": ""no""}"
DUR-01,node,5923216766,,amenity,bicycle_parking,Point,low_value_category,"{""amenity"": ""bicycle_parking"", ""bicycle_parking"": ""stands"", ""capacity"": ""8"", ""covered"": ""no""}"
DUR-01,node,5923216768,,amenity,bicycle_parking,Point,low_value_category,"{""amenity"": ""bicycle_parking"", ""bicycle_parking"": ""stands"", ""capacity"": ""6"", ""covered"": ""no""}"
DUR-01,node,5923216769,,amenity,bicycle_parking,Point,low_value_category,"{""access"": ""yes"", ""amenity"": ""bicycle_parking"", ""bicycle_parking"": ""stands"", ""capacity"": ""2"", ""covered"": ""no""}"
DUR-01,node,5923216770,,amenity,bicycle_parking,Point,low_value_category,"{""amenity"": ""bicycle_parking"", ""bicycle_parking"": ""stands"", ""capacity"": ""6"", ""covered"": ""no"", ""mapillary"": ""2105494262932808"", ""surface"": ""concrete"", ""survey:date"": ""2019-06-16""}"
DUR-01,node,5923216771,,amenity,bicycle_parking,Point,low_value_category,"{""amenity"": ""bicycle_parking"", ""capacity"": ""5"", ""covered"": ""no""}"
DUR-01,node,5923216772,,amenity,bicycle_parking,Point,low_value_category,"{""amenity"": ""bicycle_parking"", ""capacity"": ""2"", ""covered"": ""no""}"
DUR-01,node,5923216773,,amenity,bicycle_parking,Point,low_value_category,"{""amenity"": ""bicycle_parking"", ""bicycle_parking"": ""stands"", ""capacity"": ""2"", ""covered"": ""no""}"
DUR-01,node,5923216774,,amenity,bicycle_parking,Point,low_value_category,"{""amenity"": ""bicycle_parking"", ""bicycle_parking"": ""stands"", ""capacity"": ""2"", ""covered"": ""no""}"
DUR-01,node,5923216776,,amenity,bicycle_parking,Point,low_value_category,"{""amenity"": ""bicycle_parking"", ""capacity"": ""2"", ""covered"": ""no""}"
DUR-01,node,5923216778,,amenity,bicycle_parking,Point,low_value_category,"{""amenity"": ""bicycle_parking"", ""capacity"": ""2"", ""covered"": ""no""}"
DUR-01,node,5923216779,,amenity,bicycle_parking,Point,low_value_category,"{""amenity"": ""bicycle_parking"", ""capacity"": ""4"", ""covered"": ""no""}"
DUR-01,node,5985040113,Durham,public_transport,stop_position,Point,transport_platform_infrastructure,"{""name"": ""Durham"", ""network"": ""Amtrak"", ""public_transport"": ""stop_position"", ""railway"": ""stop"", ""railway:ref"": ""DNC"", ""train"": ""yes""}"
DUR-01,node,6023659193,,tourism,artwork,Point,unnamed_not_inherently_meaningful,"{""artwork_type"": ""sculpture"", ""tourism"": ""artwork""}"
DUR-01,node,6023659196,,amenity,atm,Point,unnamed_not_inherently_meaningful,"{""amenity"": ""atm""}"
DUR-01,node,6154093421,,amenity,post_box,Point,low_value_category,"{""amenity"": ""post_box""}"
DUR-01,node,6358492323,,railway,crossing,Point,unnamed_not_inherently_meaningful,"{""railway"": ""crossing""}"
DUR-01,node,6373892613,,amenity,waste_disposal,Point,low_value_category,"{""amenity"": ""waste_disposal""}"
DUR-01,node,6373892614,,amenity,waste_disposal,Point,low_value_category,"{""amenity"": ""waste_disposal""}"
DUR-01,node,6479707150,,amenity,bench,Point,low_value_category,"{""amenity"": ""bench"", ""backrest"": ""yes"", ""direction"": ""0""}"
DUR-01,node,6479707151,,amenity,bench,Point,low_value_category,"{""amenity"": ""bench"", ""backrest"": ""yes"", ""direction"": ""140""}"
DUR-01,node,6504101767,,tourism,artwork,Point,unnamed_not_inherently_meaningful,"{""artwork_type"": ""statue"", ""tourism"": ""artwork""}"
DUR-01,node,6507463100,Dillard St at E Main St (County Public Health),public_transport,platform,Point,transport_platform_infrastructure,"{""bus"": ""yes"", ""highway"": ""bus_stop"", ""name"": ""Dillard St at E Main St (County Public Health)"", ""network"": ""GoDurham"", ""network:wikidata"": ""Q5316462"", ""public_transport"": ""platform"", ""ref"": ""6661""}"
DUR-01,node,6507463157,Duke St at Jackson St,public_transport,platform,Point,transport_platform_infrastructure,"{""bus"": ""yes"", ""highway"": ""bus_stop"", ""name"": ""Duke St at Jackson St"", ""network"": ""GoDurham;GoTriangle"", ""public_transport"": ""platform"", ""ref"": ""5934""}"
DUR-01,node,6507463182,Pettigrew St at S Roxboro St (WB),public_transport,platform,Point,transport_platform_infrastructure,"{""bus"": ""yes"", ""highway"": ""bus_stop"", ""name"": ""Pettigrew St at S Roxboro St (WB)"", ""network"": ""GoDurham"", ""network:wikidata"": ""Q5316462"", ""public_transport"": ""platform"", ""ref"": ""6531""}"
DUR-01,node,6507463185,Pettigrew St at S Roxboro St (EB),public_transport,platform,Point,transport_platform_infrastructure,"{""bus"": ""yes"", ""highway"": ""bus_stop"", ""name"": ""Pettigrew St at S Roxboro St (EB)"", ""network"": ""GoDurham"", ""network:wikidata"": ""Q5316462"", ""public_transport"": ""platform"", ""ref"": ""6300""}"
DUR-01,node,6507463187,E Main St at Dillard St (Oldham Towers),public_transport,platform,Point,transport_platform_infrastructure,"{""bus"": ""yes"", ""highway"": ""bus_stop"", ""name"": ""E Main St at Dillard St (Oldham Towers)"", ""network"": ""GoDurham"", ""network:wikidata"": ""Q5316462"", ""public_transport"": ""platform"", ""ref"": ""5819""}"
DUR-01,node,6507463192,Mangum St at Ramseur St,public_transport,platform,Point,transport_platform_infrastructure,"{""bench"": ""yes"", ""bin"": ""no"", ""bus"": ""yes"", ""highway"": ""bus_stop"", ""name"": ""Mangum St at Ramseur St"", ""network"": ""GoDurham"", ""network:wikidata"": ""Q5316462"", ""public_transport"": ""platform"", ""ref"": ""6533"", ""shelter"": ""yes""}"
DUR-01,node,6507463194,E Main St at Mangum St (WB),public_transport,platform,Point,transport_platform_infrastructure,"{""bench"": ""no"", ""bin"": ""no"", ""bus"": ""yes"", ""highway"": ""bus_stop"", ""name"": ""E Main St at Mangum St (WB)"", ""network"": ""GoDurham"", ""network:wikidata"": ""Q5316462"", ""public_transport"": ""platform"", ""ref"": ""5305"", ""shelter"": ""no""}"
DUR-01,node,6507463196,E Main St at Mangum St (EB),public_transport,platform,Point,transport_platform_infrastructure,"{""bench"": ""no"", ""bin"": ""no"", ""bus"": ""yes"", ""highway"": ""bus_stop"", ""name"": ""E Main St at Mangum St (EB)"", ""network"": ""GoDurham"", ""network:wikidata"": ""Q5316462"", ""public_transport"": ""platform"", ""ref"": ""6307"", ""shelter"": ""no""}"
DUR-01,node,6507463221,E Main St at Roxboro St (WB),public_transport,platform,Point,transport_platform_infrastructure,"{""bus"": ""yes"", ""highway"": ""bus_stop"", ""name"": ""E Main St at Roxboro St (WB)"", ""network"": ""GoDurham"", ""network:wikidata"": ""Q5316462"", ""public_transport"": ""platform"", ""ref"": ""5741""}"
DUR-01,node,6507463257,Pettigrew St at Mangum St (WB),public_transport,platform,Point,transport_platform_infrastructure,"{""bus"": ""yes"", ""highway"": ""bus_stop"", ""name"": ""Pettigrew St at Mangum St (WB)"", ""network"": ""GoDurham"", ""network:wikidata"": ""Q5316462"", ""public_transport"": ""platform"", ""ref"": ""6299""}"
DUR-01,node,6507463258,Pettigrew St at Mangum St (EB),public_transport,platform,Point,transport_platform_infrastructure,"{""bus"": ""yes"", ""highway"": ""bus_stop"", ""name"": ""Pettigrew St at Mangum St (EB)"", ""network"": ""GoDurham"", ""network:wikidata"": ""Q5316462"", ""public_transport"": ""platform"", ""ref"": ""6317""}"
DUR-01,node,6507463259,N Roxboro St at Liberty St,public_transport,platform,Point,transport_platform_infrastructure,"{""bus"": ""yes"", ""highway"": ""bus_stop"", ""name"": ""N Roxboro St at Liberty St"", ""network"": ""GoDurham"", ""network:wikidata"": ""Q5316462"", ""public_transport"": ""platform"", ""ref"": ""6297""}"
DUR-01,node,6507463363,Willard St at Yancey St (Ramada Inn),public_transport,platform,Point,transport_platform_infrastructure,"{""bench"": ""no"", ""bin"": ""yes"", ""bus"": ""yes"", ""highway"": ""bus_stop"", ""name"": ""Willard St at Yancey St (Ramada Inn)"", ""network"": ""GoDurham"", ""network:wikidata"": ""Q5316462"", ""public_transport"": ""platform"", ""ref"": ""5162"", ""shelter"": ""no"", ""tactile_paving"": ""no""}"
DUR-01,node,6507463404,S Roxboro St at Dillard St,public_transport,platform,Point,transport_platform_infrastructure,"{""bus"": ""yes"", ""highway"": ""bus_stop"", ""name"": ""S Roxboro St at Dillard St"", ""network"": ""GoDurham"", ""network:wikidata"": ""Q5316462"", ""public_transport"": ""platform"", ""ref"": ""6600""}"
DUR-01,node,6507463437,Liberty St at Elizabeth St (WB),public_transport,platform,Point,transport_platform_infrastructure,"{""bus"": ""yes"", ""highway"": ""bus_stop"", ""name"": ""Liberty St at Elizabeth St (WB)"", ""network"": ""GoDurham"", ""public_transport"": ""platform"", ""ref"": ""6574""}"
DUR-01,node,6507463446,Liberty St at Elizabeth St (EB),public_transport,platform,Point,transport_platform_infrastructure,"{""bus"": ""yes"", ""highway"": ""bus_stop"", ""name"": ""Liberty St at Elizabeth St (EB)"", ""network"": ""GoDurham"", ""public_transport"": ""platform"", ""ref"": ""6572""}"
DUR-01,node,6507463461,E Main St at Dillard St (EB),public_transport,platform,Point,transport_platform_infrastructure,"{""bus"": ""yes"", ""highway"": ""bus_stop"", ""name"": ""E Main St at Dillard St (EB)"", ""network"": ""GoDurham"", ""network:wikidata"": ""Q5316462"", ""public_transport"": ""platform"", ""ref"": ""5280""}"
DUR-01,node,6507463468,E Main St at Hood St (Durham Police Dept),public_transport,platform,Point,transport_platform_infrastructure,"{""bus"": ""yes"", ""highway"": ""bus_stop"", ""name"": ""E Main St at Hood St (Durham Police Dept)"", ""network"": ""GoDurham"", ""public_transport"": ""platform"", ""ref"": ""6503""}"
DUR-01,node,6507463470,E Main St at Elizabeth St,public_transport,platform,Point,transport_platform_infrastructure,"{""bus"": ""yes"", ""highway"": ""bus_stop"", ""name"": ""E Main St at Elizabeth St"", ""network"": ""GoDurham"", ""public_transport"": ""platform"", ""ref"": ""6505""}"
DUR-01,node,6507463471,E Main St at Queen St (WB),public_transport,platform,Point,transport_platform_infrastructure,"{""bus"": ""yes"", ""highway"": ""bus_stop"", ""name"": ""E Main St at Queen St (WB)"", ""network"": ""GoDurham"", ""network:wikidata"": ""Q5316462"", ""public_transport"": ""platform"", ""ref"": ""6506""}"
DUR-01,node,6507463527,E Main St at Roxboro St (EB),public_transport,platform,Point,transport_platform_infrastructure,"{""bus"": ""yes"", ""highway"": ""bus_stop"", ""name"": ""E Main St at Roxboro St (EB)"", ""network"": ""GoDurham"", ""network:wikidata"": ""Q5316462"", ""public_transport"": ""platform"", ""ref"": ""6382""}"
DUR-01,node,6507463558,E Main St at Corcoran St (EB),public_transport,platform,Point,transport_platform_infrastructure,"{""bench"": ""yes"", ""bus"": ""yes"", ""highway"": ""bus_stop"", ""name"": ""E Main St at Corcoran St (EB)"", ""network"": ""GoDurham"", ""network:wikidata"": ""Q5316462"", ""public_transport"": ""platform"", ""ref"": ""6306"", ""shelter"": ""no"", ""tactile_paving"": ""no""}"
DUR-01,node,6507463559,Dillard St at E Main St (Urban Ministries),public_transport,platform,Point,transport_platform_infrastructure,"{""bus"": ""yes"", ""highway"": ""bus_stop"", ""name"": ""Dillard St at E Main St (Urban Ministries)"", ""network"": ""GoDurham"", ""network:wikidata"": ""Q5316462"", ""public_transport"": ""platform"", ""ref"": ""6309""}"
DUR-01,node,6507463578,Liberty St at Queen St,public_transport,platform,Point,transport_platform_infrastructure,"{""bus"": ""yes"", ""highway"": ""bus_stop"", ""name"": ""Liberty St at Queen St"", ""network"": ""GoDurham"", ""network:wikidata"": ""Q5316462"", ""public_transport"": ""platform"", ""ref"": ""5038""}"
DUR-01,node,6509715579,Main St at Chapel Hill St (EB),public_transport,platform,Point,transport_platform_infrastructure,"{""bus"": ""yes"", ""highway"": ""bus_stop"", ""name"": ""Main St at Chapel Hill St (EB)"", ""network"": ""GoDurham"", ""network:wikidata"": ""Q5316462"", ""park_ride"": ""yes"", ""public_transport"": ""platform"", ""ref"": ""6671""}"
DUR-01,node,6509715580,Main St at Chapel Hill St (WB),public_transport,platform,Point,transport_platform_infrastructure,"{""bus"": ""yes"", ""highway"": ""bus_stop"", ""name"": ""Main St at Chapel Hill St (WB)"", ""network"": ""GoDurham"", ""network:wikidata"": ""Q5316462"", ""public_transport"": ""platform"", ""ref"": ""6672""}"
DUR-01,node,6509747089,Duke St at Trinity Ave,public_transport,platform,Point,transport_platform_infrastructure,"{""bus"": ""yes"", ""highway"": ""bus_stop"", ""name"": ""Duke St at Trinity Ave"", ""network"": ""GoDurham"", ""public_transport"": ""platform"", ""ref"": ""5993""}"
DUR-01,node,6509747104,Main St at Gregson St (Brightleaf Square),public_transport,platform,Point,transport_platform_infrastructure,"{""bus"": ""yes"", ""highway"": ""bus_stop"", ""name"": ""Main St at Gregson St (Brightleaf Square)"", ""network"": ""GoDurham"", ""network:wikidata"": ""Q5316462"", ""public_transport"": ""platform"", ""ref"": ""5637""}"
DUR-01,node,6509747147,Chapel Hill St at Duke St (Durham Police Dept),public_transport,platform,Point,transport_platform_infrastructure,"{""bus"": ""yes"", ""highway"": ""bus_stop"", ""name"": ""Chapel Hill St at Duke St (Durham Police Dept)"", ""network"": ""GoDurham;GoTriangle"", ""public_transport"": ""platform"", ""ref"": ""5952""}"
DUR-01,node,6509747155,Chapel Hill St at Gregson St (WB),public_transport,platform,Point,transport_platform_infrastructure,"{""bus"": ""yes"", ""highway"": ""bus_stop"", ""name"": ""Chapel Hill St at Gregson St (WB)"", ""network"": ""GoDurham;GoTriangle"", ""public_transport"": ""platform"", ""ref"": ""5507""}"
DUR-01,node,6509747159,Mangum St at W Seminary Ave,public_transport,platform,Point,transport_platform_infrastructure,"{""bus"": ""yes"", ""highway"": ""bus_stop"", ""name"": ""Mangum St at W Seminary Ave"", ""network"": ""GoDurham"", ""network:wikidata"": ""Q5316462"", ""public_transport"": ""platform"", ""ref"": ""5883""}"
DUR-01,node,6509747160,Mangum St at Parrish St,public_transport,platform,Point,transport_platform_infrastructure,"{""bench"": ""yes"", ""bin"": ""no"", ""bus"": ""yes"", ""highway"": ""bus_stop"", ""lit"": ""no"", ""name"": ""Mangum St at Parrish St"", ""network"": ""GoDurham"", ""network:wikidata"": ""Q5316462"", ""public_transport"": ""platform"", ""ref"": ""5742"", ""shelter"": ""yes"", ""tactile_paving"": ""no""}"
DUR-01,node,6509747161,Dowd St at Mangum St,public_transport,platform,Point,transport_platform_infrastructure,"{""bus"": ""yes"", ""highway"": ""bus_stop"", ""name"": ""Dowd St at Mangum St"", ""network"": ""GoDurham"", ""public_transport"": ""platform"", ""ref"": ""6527""}"
DUR-01,node,6509747252,Main St at Morgan St (EB),public_transport,platform,Point,transport_platform_infrastructure,"{""bench"": ""yes"", ""bin"": ""no"", ""bus"": ""yes"", ""highway"": ""bus_stop"", ""lit"": ""yes"", ""name"": ""Main St at Morgan St (EB)"", ""network"": ""GoDurham"", ""network:wikidata"": ""Q5316462"", ""public_transport"": ""platform"", ""ref"": ""5639"", ""shelter"": ""no"", ""tactile_paving"": ""no""}"
DUR-01,node,6509747266,N Roxboro St at Mallard Ave,public_transport,platform,Point,transport_platform_infrastructure,"{""bus"": ""yes"", ""highway"": ""bus_stop"", ""name"": ""N Roxboro St at Mallard Ave"", ""network"": ""GoDurham"", ""network:wikidata"": ""Q5316462"", ""public_transport"": ""platform"", ""ref"": ""5942""}"
DUR-01,node,6509747273,N Roxboro St at Holloway St,public_transport,platform,Point,transport_platform_infrastructure,"{""bus"": ""yes"", ""highway"": ""bus_stop"", ""name"": ""N Roxboro St at Holloway St"", ""network"": ""GoDurham"", ""network:wikidata"": ""Q5316462"", ""public_transport"": ""platform"", ""ref"": ""6014""}"
DUR-01,node,6509747294,Duke St at Corporation St,public_transport,platform,Point,transport_platform_infrastructure,"{""bus"": ""yes"", ""highway"": ""bus_stop"", ""name"": ""Duke St at Corporation St"", ""network"": ""GoDurham"", ""network:wikidata"": ""Q5316462"", ""public_transport"": ""platform"", ""ref"": ""5438""}"
DUR-01,node,6509747301,Main St at Morgan St (WB),public_transport,platform,Point,transport_platform_infrastructure,"{""bus"": ""yes"", ""highway"": ""bus_stop"", ""name"": ""Main St at Morgan St (WB)"", ""network"": ""GoDurham"", ""network:wikidata"": ""Q5316462"", ""public_transport"": ""platform"", ""ref"": ""5433"", ""wheelchair"": ""yes""}"
DUR-01,node,6509747304,E Main St at Corcoran St (WB),public_transport,platform,Point,transport_platform_infrastructure,"{""bench"": ""yes"", ""bus"": ""yes"", ""highway"": ""bus_stop"", ""name"": ""E Main St at Corcoran St (WB)"", ""network"": ""GoDurham"", ""network:wikidata"": ""Q5316462"", ""public_transport"": ""platform"", ""ref"": ""5420"", ""shelter"": ""no"", ""tactile_paving"": ""no""}"
DUR-01,node,6509747362,Main St at Great Jones St (West Village),public_transport,platform,Point,transport_platform_infrastructure,"{""bus"": ""yes"", ""highway"": ""bus_stop"", ""name"": ""Main St at Great Jones St (West Village)"", ""network"": ""GoDurham"", ""network:wikidata"": ""Q5316462"", ""public_transport"": ""platform"", ""ref"": ""6386""}"
DUR-01,node,6509747365,Main St at Great Jones St (Amtrak Station),public_transport,platform,Point,transport_platform_infrastructure,"{""bus"": ""yes"", ""highway"": ""bus_stop"", ""name"": ""Main St at Great Jones St (Amtrak Station)"", ""network"": ""GoDurham"", ""network:wikidata"": ""Q5316462"", ""public_transport"": ""platform"", ""ref"": ""6381""}"
DUR-01,node,6509747366,Main St at Gregson St (WB),public_transport,platform,Point,transport_platform_infrastructure,"{""bench"": ""no"", ""bin"": ""no"", ""bus"": ""yes"", ""highway"": ""bus_stop"", ""lit"": ""no"", ""name"": ""Main St at Gregson St (WB)"", ""network"": ""GoDurham"", ""network:wikidata"": ""Q5316462"", ""public_transport"": ""platform"", ""ref"": ""6387"", ""shelter"": ""no"", ""tactile_paving"": ""no""}"
DUR-01,node,6509747376,W Morgan St at Foster St (Downtown YMCA),public_transport,platform,Point,transport_platform_infrastructure,"{""bench"": ""no"", ""bin"": ""no"", ""bus"": ""yes"", ""highway"": ""bus_stop"", ""lit"": ""yes"", ""name"": ""W Morgan St at Foster St (Downtown YMCA)"", ""network"": ""GoDurham"", ""network:wikidata"": ""Q5316462"", ""public_transport"": ""platform"", ""ref"": ""6316"", ""shelter"": ""no"", ""tactile_paving"": ""no""}"
DUR-01,node,6509747378,Gregson St at Main St (Brightleaf Square),public_transport,platform,Point,transport_platform_infrastructure,"{""bus"": ""yes"", ""highway"": ""bus_stop"", ""name"": ""Gregson St at Main St (Brightleaf Square)"", ""network"": ""GoDurham"", ""network:wikidata"": ""Q5316462"", ""public_transport"": ""platform"", ""ref"": ""6336""}"
DUR-01,node,6509747382,Chapel Hill St at Market St,public_transport,platform,Point,transport_platform_infrastructure,"{""bench"": ""no"", ""bin"": ""no"", ""bus"": ""yes"", ""highway"": ""bus_stop"", ""lit"": ""yes"", ""name"": ""Chapel Hill St at Market St"", ""network"": ""GoDurham"", ""network:wikidata"": ""Q5316462"", ""public_transport"": ""platform"", ""ref"": ""6308"", ""shelter"": ""no"", ""tactile_paving"": ""no""}"
DUR-01,node,6509747385,Chapel Hill St at Main St,public_transport,platform,Point,transport_platform_infrastructure,"{""bench"": ""yes"", ""bin"": ""yes"", ""bus"": ""yes"", ""highway"": ""bus_stop"", ""lit"": ""yes"", ""name"": ""Chapel Hill St at Main St"", ""network"": ""GoDurham"", ""network:wikidata"": ""Q5316462"", ""public_transport"": ""platform"", ""ref"": ""6305"", ""shelter"": ""yes"", ""tactile_paving"": ""no""}"
DUR-01,node,6509747413,Duke St at Main St,public_transport,platform,Point,transport_platform_infrastructure,"{""bus"": ""yes"", ""highway"": ""bus_stop"", ""name"": ""Duke St at Main St"", ""network"": ""GoDurham"", ""network:wikidata"": ""Q5316462"", ""public_transport"": ""platform"", ""ref"": ""5030""}"
DUR-01,node,6509747425,Rigsbee Ave at Seminary St,public_transport,platform,Point,transport_platform_infrastructure,"{""bus"": ""yes"", ""highway"": ""bus_stop"", ""name"": ""Rigsbee Ave at Seminary St"", ""network"": ""GoDurham"", ""network:wikidata"": ""Q5316462"", ""public_transport"": ""platform"", ""ref"": ""6248""}"
DUR-01,node,6509747428,Geer St at Rigsbee Ave,public_transport,platform,Point,transport_platform_infrastructure,"{""bench"": ""yes"", ""bin"": ""yes"", ""bus"": ""yes"", ""highway"": ""bus_stop"", ""lit"": ""no"", ""name"": ""Geer St at Rigsbee Ave"", ""network"": ""GoDurham"", ""network:wikidata"": ""Q5316462"", ""public_transport"": ""platform"", ""ref"": ""6246"", ""shelter"": ""no"", ""tactile_paving"": ""no""}"
DUR-01,node,6509747434,Rigsbee Ave at Corporation St (SB),public_transport,platform,Point,transport_platform_infrastructure,"{""bench"": ""no"", ""bin"": ""no"", ""bus"": ""yes"", ""highway"": ""bus_stop"", ""lit"": ""yes"", ""name"": ""Rigsbee Ave at Corporation St (SB)"", ""network"": ""GoDurham"", ""public_transport"": ""platform"", ""ref"": ""6247"", ""shelter"": ""no"", ""tactile_paving"": ""no""}"
DUR-01,node,6509747436,Rigsbee Ave at Corporation St (NB),public_transport,platform,Point,transport_platform_infrastructure,"{""bench"": ""no"", ""bin"": ""no"", ""bus"": ""yes"", ""highway"": ""bus_stop"", ""lit"": ""no"", ""name"": ""Rigsbee Ave at Corporation St (NB)"", ""network"": ""GoDurham"", ""public_transport"": ""platform"", ""ref"": ""6242"", ""shelter"": ""no"", ""tactile_paving"": ""no""}"
DUR-01,node,6509747437,W Geer St at Rigsbee Ave,public_transport,platform,Point,transport_platform_infrastructure,"{""bench"": ""no"", ""bin"": ""yes"", ""bus"": ""yes"", ""highway"": ""bus_stop"", ""lit"": ""yes"", ""name"": ""W Geer St at Rigsbee Ave"", ""network"": ""GoDurham"", ""public_transport"": ""platform"", ""ref"": ""6243"", ""shelter"": ""no"", ""tactile_paving"": ""no""}"
DUR-01,node,6509747441,Rigsbee Ave at Seminary St,public_transport,platform,Point,transport_platform_infrastructure,"{""bus"": ""yes"", ""highway"": ""bus_stop"", ""name"": ""Rigsbee Ave at Seminary St"", ""network"": ""GoDurham"", ""network:wikidata"": ""Q5316462"", ""public_transport"": ""platform"", ""ref"": ""6241""}"
DUR-01,node,6509747458,Morgan St at Mangum St,public_transport,platform,Point,transport_platform_infrastructure,"{""bus"": ""yes"", ""highway"": ""bus_stop"", ""name"": ""Morgan St at Mangum St"", ""network"": ""GoDurham"", ""network:wikidata"": ""Q5316462"", ""public_transport"": ""platform"", ""ref"": ""6182""}"
DUR-01,node,6509747505,Duke St at Main St (Chesterfield Building),public_transport,platform,Point,transport_platform_infrastructure,"{""bus"": ""yes"", ""highway"": ""bus_stop"", ""name"": ""Duke St at Main St (Chesterfield Building)"", ""network"": ""Duke"", ""public_transport"": ""platform"", ""ref"": ""13032""}"
DUR-01,node,6509747506,Willard St at Jackson St (American Tobacco Campus),public_transport,platform,Point,transport_platform_infrastructure,"{""bus"": ""yes"", ""highway"": ""bus_stop"", ""name"": ""Willard St at Jackson St (American Tobacco Campus)"", ""network"": ""Duke"", ""public_transport"": ""platform"", ""ref"": ""13029""}"
DUR-01,node,6509747510,Imperial Building (215 Morris St),public_transport,platform,Point,transport_platform_infrastructure,"{""bus"": ""yes"", ""highway"": ""bus_stop"", ""name"": ""Imperial Building (215 Morris St)"", ""network"": ""Duke"", ""public_transport"": ""platform"", ""ref"": ""13022""}"
DUR-01,node,6509747516,Great Jones St at Main St (Museum of Durham History),public_transport,platform,Point,transport_platform_infrastructure,"{""bus"": ""yes"", ""highway"": ""bus_stop"", ""name"": ""Great Jones St at Main St (Museum of Durham History)"", ""network"": ""GoDurham"", ""network:wikidata"": ""Q5316462"", ""public_transport"": ""platform"", ""ref"": ""6680""}"
DUR-01,node,6623310155,,amenity,waste_disposal,Point,low_value_category,"{""amenity"": ""waste_disposal""}"
DUR-01,node,6623334456,,amenity,waste_disposal,Point,low_value_category,"{""amenity"": ""waste_disposal""}"
DUR-01,node,6623334495,,amenity,bench,Point,representative_point_outside_region,"{""amenity"": ""bench""}"
DUR-01,node,6623334496,,amenity,bench,Point,representative_point_outside_region,"{""amenity"": ""bench""}"
DUR-01,node,6624392466,,amenity,bicycle_parking,Point,low_value_category,"{""amenity"": ""bicycle_parking"", ""bicycle_parking"": ""stands"", ""capacity"": ""2"", ""covered"": ""no""}"
DUR-01,node,6670065060,,amenity,parking_entrance,Point,low_value_category,"{""amenity"": ""parking_entrance"", ""maxheight"": ""7'4\"""", ""parking"": ""multi-storey""}"
DUR-01,node,6678270038,,amenity,waste_disposal,Point,low_value_category,"{""amenity"": ""waste_disposal""}"
DUR-01,node,6737211158,,amenity,waste_basket,Point,low_value_category,"{""amenity"": ""waste_basket""}"
DUR-01,node,6737278999,,amenity,shelter,Point,low_value_category,"{""amenity"": ""shelter"", ""bench"": ""yes""}"
DUR-01,node,6973144494,,amenity,bicycle_parking,Point,low_value_category,"{""access"": ""yes"", ""amenity"": ""bicycle_parking"", ""bicycle_parking"": ""stands"", ""capacity"": ""6"", ""covered"": ""no"", ""indoor"": ""no""}"
DUR-01,node,7002884750,,amenity,bicycle_parking,Point,low_value_category,"{""access"": ""yes"", ""amenity"": ""bicycle_parking"", ""bicycle_parking"": ""stands"", ""capacity"": ""6"", ""covered"": ""no"", ""indoor"": ""no""}"
DUR-01,node,7002884751,,amenity,bicycle_parking,Point,low_value_category,"{""access"": ""yes"", ""amenity"": ""bicycle_parking"", ""bicycle_parking"": ""stands"", ""capacity"": ""6"", ""covered"": ""no"", ""indoor"": ""no""}"
DUR-01,node,7024572473,Durham,public_transport,stop_position,Point,transport_platform_infrastructure,"{""name"": ""Durham"", ""network"": ""Amtrak"", ""public_transport"": ""stop_position"", ""railway"": ""stop"", ""railway:ref"": ""DNC"", ""train"": ""yes""}"
DUR-01,node,7070705593,Durham Centre Garage,amenity,parking,Point,low_value_category,"{""amenity"": ""parking"", ""capacity"": ""719"", ""name"": ""Durham Centre Garage"", ""parking"": ""multi-storey""}"
DUR-01,node,7105895741,,amenity,parking_entrance,Point,low_value_category,"{""amenity"": ""parking_entrance""}"
DUR-01,node,7105895742,,amenity,parking_entrance,Point,low_value_category,"{""amenity"": ""parking_entrance""}"
DUR-01,node,7105895752,,amenity,parking_entrance,Point,low_value_category,"{""amenity"": ""parking_entrance""}"
DUR-01,node,7115942141,,amenity,bench,Point,low_value_category,"{""amenity"": ""bench"", ""backrest"": ""yes"", ""colour"": ""red"", ""material"": ""metal""}"
DUR-01,node,7120757772,,amenity,bench,Point,low_value_category,"{""amenity"": ""bench"", ""backrest"": ""yes"", ""colour"": ""black"", ""material"": ""metal""}"
DUR-01,node,7120757773,,amenity,bench,Point,low_value_category,"{""amenity"": ""bench"", ""backrest"": ""yes"", ""colour"": ""black"", ""material"": ""metal""}"
DUR-01,node,7120757774,,amenity,bench,Point,low_value_category,"{""amenity"": ""bench""}"
DUR-01,node,7120757775,,amenity,bench,Point,low_value_category,"{""amenity"": ""bench""}"
DUR-01,node,7120757776,,amenity,bicycle_parking,Point,low_value_category,"{""amenity"": ""bicycle_parking"", ""covered"": ""no"", ""fee"": ""no""}"
DUR-01,node,7235882576,,amenity,parking_entrance,Point,low_value_category,"{""amenity"": ""parking_entrance""}"
DUR-01,node,7417421610,,amenity,bench,Point,low_value_category,"{""amenity"": ""bench"", ""backrest"": ""yes""}"
DUR-01,node,7417421611,,amenity,bench,Point,low_value_category,"{""amenity"": ""bench"", ""backrest"": ""yes""}"
DUR-01,node,7417421612,,amenity,bench,Point,low_value_category,"{""amenity"": ""bench"", ""backrest"": ""yes"", ""inscription"": ""in memory of David McKnight"", ""material"": ""metal""}"
DUR-01,node,7417421613,,leisure,picnic_table,Point,low_value_category,"{""covered"": ""no"", ""leisure"": ""picnic_table""}"
DUR-01,node,7638785261,,amenity,parking_entrance,Point,low_value_category,"{""amenity"": ""parking_entrance""}"
DUR-01,node,7639012880,,amenity,parking_entrance,Point,low_value_category,"{""amenity"": ""parking_entrance""}"
DUR-01,node,7639012881,,amenity,parking_entrance,Point,low_value_category,"{""amenity"": ""parking_entrance""}"
DUR-01,node,7639038625,,amenity,parking_entrance,Point,low_value_category,"{""amenity"": ""parking_entrance""}"
DUR-01,node,7639038627,,amenity,parking_entrance,Point,low_value_category,"{""amenity"": ""parking_entrance""}"
DUR-01,node,7639067186,,amenity,parking_entrance,Point,low_value_category,"{""amenity"": ""parking_entrance""}"
DUR-01,node,7639067188,,amenity,parking_entrance,Point,low_value_category,"{""amenity"": ""parking_entrance""}"
DUR-01,node,7639067192,,amenity,parking_entrance,Point,low_value_category,"{""amenity"": ""parking_entrance""}"
DUR-01,node,7639067193,,amenity,parking_entrance,Point,low_value_category,"{""amenity"": ""parking_entrance""}"
DUR-01,node,7639067196,,amenity,parking_entrance,Point,low_value_category,"{""amenity"": ""parking_entrance""}"
DUR-01,node,7646342576,,railway,crossing,Point,unnamed_not_inherently_meaningful,"{""railway"": ""crossing""}"
DUR-01,node,8532623759,,amenity,parking_entrance,Point,low_value_category,"{""amenity"": ""parking_entrance""}"
DUR-01,node,9096736576,,amenity,fountain,Point,unnamed_not_inherently_meaningful,"{""amenity"": ""fountain""}"
DUR-01,node,9096736577,,amenity,fountain,Point,unnamed_not_inherently_meaningful,"{""amenity"": ""fountain""}"
DUR-01,node,9992904421,,amenity,parking_entrance,Point,low_value_category,"{""amenity"": ""parking_entrance""}"
DUR-01,node,10302326693,Dero,amenity,bicycle_repair_station,Point,low_value_category,"{""amenity"": ""bicycle_repair_station"", ""brand"": ""Dero"", ""note"": ""Chapel Hill Street Parking Garage"", ""opening_hours"": ""24/7"", ""service:bicycle:pump"": ""yes"", ""service:bicycle:tools"": ""yes""}"
DUR-01,node,10302366861,Dero,amenity,bicycle_repair_station,Point,low_value_category,"{""amenity"": ""bicycle_repair_station"", ""brand"": ""Dero"", ""note"": ""Corcoran Street Parking Garage"", ""opening_hours"": ""24/7"", ""service:bicycle:pump"": ""yes"", ""service:bicycle:tools"": ""yes""}"
DUR-01,node,11415612047,United States Postal Service,amenity,post_box,Point,low_value_category,"{""amenity"": ""post_box"", ""collection_times"": ""Mo-Fr 15:00; Sa 10:00"", ""operator"": ""United States Postal Service"", ""operator:short"": ""USPS"", ""operator:type"": ""public"", ""operator:wikidata"": ""Q668687"", ""ref"": ""2770100061""}"
DUR-01,node,11935886246,,amenity,waste_basket,Point,representative_point_outside_region,"{""amenity"": ""waste_basket""}"
DUR-01,node,11935886247,,amenity,drinking_water,Point,representative_point_outside_region,"{""access"": ""yes"", ""amenity"": ""drinking_water"", ""fee"": ""no""}"
DUR-01,node,11935886250,,leisure,picnic_table,Point,representative_point_outside_region,"{""bench"": ""yes"", ""leisure"": ""picnic_table"", ""material"": ""wood""}"
DUR-01,node,11935919073,,amenity,bicycle_parking,Point,low_value_category,"{""amenity"": ""bicycle_parking"", ""bicycle_parking"": ""wall_loops"", ""covered"": ""no""}"
DUR-01,node,11935919074,,amenity,bench,Point,low_value_category,"{""amenity"": ""bench"", ""backrest"": ""yes"", ""material"": ""metal""}"
DUR-01,node,11935919075,,amenity,bench,Point,low_value_category,"{""amenity"": ""bench"", ""backrest"": ""no"", ""material"": ""metal""}"
DUR-01,node,11935919076,,amenity,bench,Point,low_value_category,"{""amenity"": ""bench"", ""backrest"": ""no"", ""material"": ""metal""}"
DUR-01,node,11935919092,,amenity,bench,Point,low_value_category,"{""amenity"": ""bench"", ""backrest"": ""no"", ""material"": ""metal""}"
DUR-01,node,11935919093,,amenity,bicycle_parking,Point,low_value_category,"{""amenity"": ""bicycle_parking"", ""bicycle_parking"": ""stands"", ""capacity"": ""2""}"
DUR-01,node,11935919094,,amenity,bicycle_parking,Point,low_value_category,"{""amenity"": ""bicycle_parking"", ""bicycle_parking"": ""stands"", ""capacity"": ""2""}"
DUR-01,node,11935919095,,amenity,bicycle_parking,Point,low_value_category,"{""amenity"": ""bicycle_parking"", ""bicycle_parking"": ""stands"", ""capacity"": ""2""}"
DUR-01,node,11935919096,,amenity,bicycle_parking,Point,low_value_category,"{""amenity"": ""bicycle_parking"", ""bicycle_parking"": ""stands"", ""capacity"": ""2""}"
DUR-01,node,11935919097,,amenity,bicycle_parking,Point,low_value_category,"{""amenity"": ""bicycle_parking"", ""bicycle_parking"": ""wall_loops"", ""capacity"": ""4""}"
DUR-01,node,11936048786,United States Postal Service,amenity,post_box,Point,low_value_category,"{""amenity"": ""post_box"", ""collection_times"": ""Mo-Sa 10:00"", ""operator"": ""United States Postal Service"", ""operator:short"": ""USPS"", ""operator:type"": ""public"", ""operator:website"": ""https://www.usps.com"", ""operator:wikidata"": ""Q668687"", ""operator:wikipedia"": ""en:United States Postal Service""}"
DUR-01,node,11936048787,,amenity,bicycle_parking,Point,low_value_category,"{""amenity"": ""bicycle_parking""}"
DUR-01,node,11958469965,,amenity,vending_machine,Point,low_value_category,"{""amenity"": ""vending_machine"", ""vending"": ""excrement_bags""}"
DUR-01,node,11958478524,,amenity,waste_basket,Point,low_value_category,"{""amenity"": ""waste_basket""}"
DUR-01,node,11964348692,,amenity,bicycle_parking,Point,low_value_category,"{""amenity"": ""bicycle_parking"", ""bicycle_parking"": ""stands"", ""capacity"": ""6"", ""covered"": ""no""}"
DUR-01,node,12008123822,,amenity,drinking_water,Point,low_value_category,"{""access"": ""yes"", ""amenity"": ""drinking_water"", ""fee"": ""no""}"
DUR-01,node,12269100502,,amenity,bicycle_parking,Point,low_value_category,"{""access"": ""yes"", ""amenity"": ""bicycle_parking"", ""bicycle_parking"": ""stands"", ""capacity"": ""6"", ""covered"": ""no"", ""indoor"": ""no""}"
DUR-01,node,12269100801,,amenity,bicycle_parking,Point,low_value_category,"{""access"": ""yes"", ""amenity"": ""bicycle_parking"", ""bicycle_parking"": ""stands"", ""capacity"": ""8"", ""covered"": ""no"", ""indoor"": ""no""}"
DUR-01,node,12269100802,,amenity,bicycle_parking,Point,low_value_category,"{""access"": ""yes"", ""amenity"": ""bicycle_parking"", ""bicycle_parking"": ""stands"", ""capacity"": ""12"", ""covered"": ""no"", ""indoor"": ""no""}"
DUR-01,node,12269128701,,amenity,bicycle_parking,Point,low_value_category,"{""access"": ""yes"", ""amenity"": ""bicycle_parking"", ""bicycle_parking"": ""stands"", ""capacity"": ""4"", ""covered"": ""no"", ""indoor"": ""no""}"
DUR-01,node,12269141801,,amenity,bicycle_parking,Point,low_value_category,"{""access"": ""yes"", ""amenity"": ""bicycle_parking"", ""bicycle_parking"": ""stands"", ""capacity"": ""4"", ""covered"": ""no"", ""indoor"": ""no""}"
DUR-01,node,12269172501,,amenity,bicycle_parking,Point,low_value_category,"{""access"": ""yes"", ""amenity"": ""bicycle_parking"", ""bicycle_parking"": ""wave"", ""capacity"": ""5"", ""covered"": ""no"", ""indoor"": ""no""}"
DUR-01,node,12269173101,,amenity,bicycle_parking,Point,low_value_category,"{""access"": ""yes"", ""amenity"": ""bicycle_parking"", ""bicycle_parking"": ""stands"", ""capacity"": ""4"", ""covered"": ""no"", ""indoor"": ""no""}"
DUR-01,node,12269173102,,amenity,bicycle_parking,Point,low_value_category,"{""access"": ""yes"", ""amenity"": ""bicycle_parking"", ""bicycle_parking"": ""stands"", ""capacity"": ""6"", ""covered"": ""no"", ""indoor"": ""no""}"
DUR-01,node,12269176701,,amenity,bicycle_parking,Point,low_value_category,"{""access"": ""yes"", ""amenity"": ""bicycle_parking"", ""bicycle_parking"": ""stands"", ""capacity"": ""6"", ""covered"": ""no"", ""indoor"": ""no""}"
DUR-01,node,12269181901,,amenity,bicycle_parking,Point,low_value_category,"{""access"": ""yes"", ""amenity"": ""bicycle_parking"", ""bicycle_parking"": ""stands"", ""capacity"": ""2"", ""covered"": ""no"", ""indoor"": ""no""}"
DUR-01,node,12269181903,,amenity,bicycle_parking,Point,low_value_category,"{""access"": ""yes"", ""amenity"": ""bicycle_parking"", ""bicycle_parking"": ""stands"", ""capacity"": ""8"", ""covered"": ""no"", ""indoor"": ""no""}"
DUR-01,node,12269182601,,amenity,bicycle_parking,Point,low_value_category,"{""access"": ""yes"", ""amenity"": ""bicycle_parking"", ""bicycle_parking"": ""stands"", ""capacity"": ""4"", ""covered"": ""no"", ""indoor"": ""no""}"
DUR-01,node,12269184601,,amenity,bicycle_parking,Point,low_value_category,"{""access"": ""yes"", ""amenity"": ""bicycle_parking"", ""bicycle_parking"": ""stands"", ""capacity"": ""2"", ""covered"": ""no"", ""indoor"": ""no""}"
DUR-01,node,12269184602,,amenity,bicycle_parking,Point,low_value_category,"{""access"": ""yes"", ""amenity"": ""bicycle_parking"", ""bicycle_parking"": ""stands"", ""capacity"": ""2"", ""covered"": ""no"", ""indoor"": ""no""}"
DUR-01,node,12269184603,,amenity,bicycle_parking,Point,low_value_category,"{""access"": ""yes"", ""amenity"": ""bicycle_parking"", ""bicycle_parking"": ""stands"", ""capacity"": ""2"", ""covered"": ""no"", ""indoor"": ""no""}"
DUR-01,node,12269192401,,amenity,bicycle_parking,Point,low_value_category,"{""access"": ""yes"", ""amenity"": ""bicycle_parking"", ""bicycle_parking"": ""stands"", ""capacity"": ""6"", ""covered"": ""no"", ""indoor"": ""no""}"
DUR-01,node,12269192402,,amenity,bicycle_parking,Point,low_value_category,"{""access"": ""yes"", ""amenity"": ""bicycle_parking"", ""bicycle_parking"": ""stands"", ""capacity"": ""2"", ""covered"": ""no"", ""indoor"": ""no""}"
DUR-01,node,12269195701,,amenity,bicycle_parking,Point,low_value_category,"{""access"": ""yes"", ""amenity"": ""bicycle_parking"", ""bicycle_parking"": ""stands"", ""capacity"": ""2"", ""covered"": ""no"", ""indoor"": ""no""}"
DUR-01,node,12269208501,,amenity,bicycle_parking,Point,low_value_category,"{""access"": ""yes"", ""amenity"": ""bicycle_parking"", ""bicycle_parking"": ""stands"", ""capacity"": ""4"", ""covered"": ""no"", ""indoor"": ""no""}"
DUR-01,node,12269327501,,amenity,bicycle_parking,Point,low_value_category,"{""access"": ""yes"", ""amenity"": ""bicycle_parking"", ""bicycle_parking"": ""stands"", ""capacity"": ""2"", ""covered"": ""no"", ""indoor"": ""no""}"
DUR-01,node,12269329301,,amenity,bicycle_parking,Point,low_value_category,"{""access"": ""yes"", ""amenity"": ""bicycle_parking"", ""bicycle_parking"": ""stands"", ""capacity"": ""2"", ""covered"": ""no"", ""indoor"": ""no""}"
DUR-01,node,12269329901,,amenity,bicycle_parking,Point,low_value_category,"{""access"": ""yes"", ""amenity"": ""bicycle_parking"", ""bicycle_parking"": ""stands"", ""capacity"": ""14"", ""covered"": ""no"", ""indoor"": ""no""}"
DUR-01,node,12269349001,,amenity,bicycle_parking,Point,low_value_category,"{""access"": ""yes"", ""amenity"": ""bicycle_parking"", ""bicycle_parking"": ""stands"", ""capacity"": ""2"", ""covered"": ""no"", ""indoor"": ""no""}"
DUR-01,node,12269639401,,amenity,bicycle_parking,Point,low_value_category,"{""access"": ""yes"", ""amenity"": ""bicycle_parking"", ""bicycle_parking"": ""stands"", ""capacity"": ""2"", ""covered"": ""no"", ""indoor"": ""no""}"
DUR-01,node,12269991673,,amenity,bicycle_parking,Point,low_value_category,"{""access"": ""yes"", ""amenity"": ""bicycle_parking"", ""bicycle_parking"": ""stands"", ""capacity"": ""2"", ""covered"": ""no"", ""indoor"": ""no""}"
DUR-01,node,12269991674,,amenity,bicycle_parking,Point,low_value_category,"{""access"": ""yes"", ""amenity"": ""bicycle_parking"", ""bicycle_parking"": ""stands"", ""capacity"": ""2"", ""covered"": ""no"", ""indoor"": ""no""}"
DUR-01,node,12269991675,,amenity,bicycle_parking,Point,low_value_category,"{""access"": ""yes"", ""amenity"": ""bicycle_parking"", ""bicycle_parking"": ""stands"", ""capacity"": ""2"", ""covered"": ""no"", ""indoor"": ""no""}"
DUR-01,node,12269991676,,amenity,bicycle_parking,Point,low_value_category,"{""access"": ""yes"", ""amenity"": ""bicycle_parking"", ""bicycle_parking"": ""stands"", ""capacity"": ""2"", ""covered"": ""no"", ""indoor"": ""no""}"
DUR-01,node,12363079906,,amenity,ice_cream,Point,unnamed_not_inherently_meaningful,"{""amenity"": ""ice_cream""}"
DUR-01,node,12459472105,,amenity,bicycle_parking,Point,low_value_category,"{""amenity"": ""bicycle_parking"", ""bicycle_parking"": ""stands"", ""capacity"": ""14""}"
DUR-01,node,12459472106,,amenity,bicycle_parking,Point,low_value_category,"{""amenity"": ""bicycle_parking"", ""bicycle_parking"": ""stands"", ""capacity"": ""16""}"
DUR-01,node,12549481739,,amenity,bicycle_parking,Point,low_value_category,"{""access"": ""yes"", ""amenity"": ""bicycle_parking"", ""bicycle_parking"": ""stands"", ""capacity"": ""8"", ""covered"": ""no"", ""fee"": ""no""}"
DUR-01,node,13376586698,,amenity,bench,Point,low_value_category,"{""amenity"": ""bench"", ""armrest"": ""yes"", ""backrest"": ""yes"", ""material"": ""metal""}"
DUR-01,node,13386901058,,amenity,parking_entrance,Point,low_value_category,"{""amenity"": ""parking_entrance""}"
DUR-01,node,14183935601,,amenity,bicycle_parking,Point,low_value_category,"{""amenity"": ""bicycle_parking""}"
DUR-01,way,16521704,NS Danville District H Line,railway,rail,Point,railway_track_infrastructure,"{""bridge"": ""yes"", ""electrified"": ""no"", ""gauge"": ""1435"", ""layer"": ""1"", ""maxspeed"": ""55 mph"", ""name"": ""NS Danville District H Line"", ""old_railway_operator"": ""Southern"", ""operator"": ""Norfolk Southern Railway"", ""operator:wikidata"": ""Q1321054"", ""owner"": ""North Carolina Railroad"", ""railway"": ""rail"", ""railway:ctc"": ""yes"", ""railway:etms"": ""yes"", ""railway:preferred_direction"": ""both"", ""railway:ptc"": ""yes"", ""railway:rail"": ""continuous"", ""railway:track_class"": ""4"", ""railway_milepost"": ""H"", ""ref"": ""03 H"", ""usage"": ""main""}"
DUR-01,way,27285504,Chapel Hill Street Garage,amenity,parking,Point,low_value_category,"{""access"": ""yes"", ""amenity"": ""parking"", ""building"": ""yes"", ""capacity"": ""328"", ""fee"": ""yes"", ""name"": ""Chapel Hill Street Garage"", ""parking"": ""multi-storey"", ""payment:coins"": ""yes"", ""surface"": ""concrete""}"
DUR-01,way,27287732,North Parking Deck,amenity,parking,Point,low_value_category,"{""access"": ""yes"", ""addr:city"": ""Durham"", ""addr:housenumber"": ""305"", ""addr:postcode"": ""27701"", ""addr:street"": ""West Pettigrew Street"", ""amenity"": ""parking"", ""building"": ""yes"", ""building:levels"": ""4"", ""fee"": ""yes"", ""name"": ""North Parking Deck"", ""parking"": ""multi-storey"", ""website"": ""https://www.americantobaccohistoricdistrict.com/parking""}"
DUR-01,way,27466139,NS Danville District H Line,railway,rail,Point,railway_track_infrastructure,"{""electrified"": ""no"", ""gauge"": ""1435"", ""maxspeed"": ""55 mph"", ""name"": ""NS Danville District H Line"", ""old_railway_operator"": ""Southern"", ""operator"": ""Norfolk Southern Railway"", ""operator:wikidata"": ""Q1321054"", ""owner"": ""North Carolina Railroad"", ""railway"": ""rail"", ""railway:ctc"": ""yes"", ""railway:etms"": ""yes"", ""railway:preferred_direction"": ""both"", ""railway:ptc"": ""yes"", ""railway:rail"": ""continuous"", ""railway:track_class"": ""4"", ""railway_milepost"": ""H"", ""ref"": ""03 H"", ""usage"": ""main""}"
DUR-01,way,27473076,South Parking Deck,amenity,parking,Point,low_value_category,"{""addr:city"": ""Durham"", ""addr:housenumber"": ""705"", ""addr:postcode"": ""27701"", ""addr:street"": ""Willard Street"", ""amenity"": ""parking"", ""building"": ""yes"", ""building:levels"": ""5"", ""name"": ""South Parking Deck"", ""parking"": ""multi-storey"", ""website"": ""https://www.americantobaccohistoricdistrict.com/parking""}"
DUR-01,way,28831217,Corcoran Street Garage and Lot,amenity,parking,Point,low_value_category,"{""access"": ""yes"", ""addr:city"": ""Durham"", ""addr:housename"": ""Corcoran Street Garage and Lot"", ""addr:housenumber"": ""101"", ""addr:street"": ""East Corcoran St."", ""amenity"": ""parking"", ""building"": ""parking"", ""building:levels"": ""5"", ""capacity"": ""658"", ""fee"": ""yes"", ""name"": ""Corcoran Street Garage and Lot"", ""opening_hours"": ""24/7"", ""parking"": ""multi-storey"", ""roof:levels"": ""0"", ""wheelchair"": ""yes""}"
DUR-01,way,30284516,,amenity,parking,Point,low_value_category,"{""amenity"": ""parking"", ""parking"": ""surface"", ""surface"": ""asphalt""}"
DUR-01,way,30284526,,amenity,parking,Point,low_value_category,"{""amenity"": ""parking"", ""parking"": ""surface""}"
DUR-01,way,30284557,,amenity,parking,Point,low_value_category,"{""access"": ""yes"", ""amenity"": ""parking"", ""fee"": ""yes"", ""parking"": ""surface"", ""surface"": ""asphalt""}"
DUR-01,way,30316765,Durham Centre,amenity,parking,Point,low_value_category,"{""access"": ""private"", ""addr:city"": ""Durham"", ""addr:housenumber"": ""400"", ""addr:postcode"": ""27701"", ""addr:state"": ""NC"", ""addr:street"": ""Foster Street"", ""amenity"": ""parking"", ""operator"": ""Durham Centre"", ""park_ride"": ""no"", ""parking"": ""surface"", ""source:addr"": ""Durham Open Data"", ""supervised"": ""yes"", ""surface"": ""asphalt""}"
DUR-01,way,30425054,,amenity,parking,Point,low_value_category,"{""addr:city"": ""Durham"", ""addr:housenumber"": ""412"", ""addr:postcode"": ""27701"", ""addr:state"": ""NC"", ""addr:street"": ""Morris Street"", ""amenity"": ""parking"", ""parking"": ""surface"", ""source:addr"": ""Durham Open Data""}"
DUR-01,way,30806812,,amenity,parking,Point,low_value_category,"{""amenity"": ""parking""}"
DUR-01,way,30806909,,leisure,pitch,Point,unnamed_pitch,"{""leisure"": ""pitch"", ""lit"": ""yes"", ""sport"": ""baseball;softball"", ""surface"": ""grass""}"
DUR-01,way,31350165,,amenity,funeral_directors,Point,unnamed_not_inherently_meaningful,"{""addr:city"": ""Durham"", ""addr:housenumber"": ""1113"", ""addr:postcode"": ""27701"", ""addr:state"": ""NC"", ""addr:street"": ""West Main Street"", ""amenity"": ""funeral_directors"", ""building"": ""yes"", ""source:addr"": ""Durham Open Data""}"
DUR-01,way,33052066,Old North Durham Park,leisure,park,Point,representative_point_outside_region,"{""access"": ""yes"", ""addr:city"": ""Durham"", ""addr:country"": ""US"", ""addr:housenumber"": ""310"", ""addr:postcode"": ""27701"", ""addr:state"": ""NC"", ""addr:street"": ""West Geer Street"", ""leisure"": ""park"", ""name"": ""Old North Durham Park"", ""nconemap:OWNER"": ""DURHAM"", ""operator"": ""Durham Parks and Recreation"", ""ownership"": ""municipal"", ""source"": ""https://gis-durhamnc.opendata.arcgis.com/datasets/parks/data""}"
DUR-01,way,33052758,Oakwood Park,leisure,park,Point,representative_point_outside_region,"{""access"": ""yes"", ""addr:city"": ""Durham"", ""addr:country"": ""US"", ""addr:housenumber"": ""411"", ""addr:postcode"": ""27701"", ""addr:state"": ""NC"", ""addr:street"": ""Holloway Street"", ""leisure"": ""park"", ""name"": ""Oakwood Park"", ""operator"": ""Durham Parks and Recreation"", ""source"": ""NCOnemap""}"
DUR-01,way,44481453,,amenity,parking,Point,low_value_category,"{""amenity"": ""parking"", ""parking"": ""surface""}"
DUR-01,way,44481455,,amenity,parking,Point,low_value_category,"{""amenity"": ""parking"", ""parking"": ""surface""}"
DUR-01,way,45675639,,leisure,pitch,Point,unnamed_pitch,"{""leisure"": ""pitch"", ""sport"": ""athletics""}"
DUR-01,way,45675640,,leisure,pitch,Point,unnamed_pitch,"{""leisure"": ""pitch"", ""lit"": ""yes"", ""sport"": ""soccer""}"
DUR-01,way,64970907,NS Danville District H Line,railway,rail,Point,railway_track_infrastructure,"{""electrified"": ""no"", ""gauge"": ""1435"", ""maxspeed"": ""55 mph"", ""name"": ""NS Danville District H Line"", ""old_railway_operator"": ""Southern"", ""operator"": ""Norfolk Southern Railway"", ""operator:wikidata"": ""Q1321054"", ""owner"": ""North Carolina Railroad"", ""railway"": ""rail"", ""railway:ctc"": ""yes"", ""railway:etms"": ""yes"", ""railway:preferred_direction"": ""both"", ""railway:ptc"": ""yes"", ""railway:rail"": ""continuous"", ""railway:track_class"": ""4"", ""railway_milepost"": ""H"", ""ref"": ""03 H"", ""usage"": ""main""}"
DUR-01,way,64972028,NS Danville District H Line,railway,rail,Point,railway_track_infrastructure,"{""bridge"": ""yes"", ""electrified"": ""no"", ""gauge"": ""1435"", ""layer"": ""1"", ""maxspeed"": ""55 mph"", ""name"": ""NS Danville District H Line"", ""old_railway_operator"": ""Southern"", ""operator"": ""Norfolk Southern Railway"", ""operator:wikidata"": ""Q1321054"", ""owner"": ""North Carolina Railroad"", ""railway"": ""rail"", ""railway:ctc"": ""yes"", ""railway:etms"": ""yes"", ""railway:preferred_direction"": ""both"", ""railway:ptc"": ""yes"", ""railway:rail"": ""continuous"", ""railway:track_class"": ""4"", ""railway_milepost"": ""H"", ""ref"": ""03 H"", ""usage"": ""main""}"
DUR-01,way,65144876,NS Danville District H Line,railway,rail,Point,railway_track_infrastructure,"{""electrified"": ""no"", ""gauge"": ""1435"", ""maxspeed"": ""55 mph"", ""name"": ""NS Danville District H Line"", ""old_railway_operator"": ""Southern"", ""operator"": ""Norfolk Southern Railway"", ""operator:wikidata"": ""Q1321054"", ""owner"": ""North Carolina Railroad"", ""railway"": ""rail"", ""railway:ctc"": ""yes"", ""railway:etms"": ""yes"", ""railway:preferred_direction"": ""both"", ""railway:ptc"": ""yes"", ""railway:rail"": ""continuous"", ""railway:track_class"": ""4"", ""railway_milepost"": ""H"", ""ref"": ""03 H"", ""usage"": ""main""}"
DUR-01,way,65155395,NS Danville District H Line,railway,rail,Point,railway_track_infrastructure,"{""electrified"": ""no"", ""gauge"": ""1435"", ""maxspeed"": ""55 mph"", ""name"": ""NS Danville District H Line"", ""old_railway_operator"": ""Southern"", ""operator"": ""Norfolk Southern Railway"", ""operator:wikidata"": ""Q1321054"", ""owner"": ""North Carolina Railroad"", ""railway"": ""rail"", ""railway:ctc"": ""yes"", ""railway:etms"": ""yes"", ""railway:preferred_direction"": ""both"", ""railway:ptc"": ""yes"", ""railway:rail"": ""continuous"", ""railway:track_class"": ""4"", ""railway_milepost"": ""H"", ""ref"": ""03 H"", ""usage"": ""main""}"
DUR-01,way,65155397,NS Danville District H Line,railway,rail,Point,railway_track_infrastructure,"{""bridge"": ""yes"", ""bridge:alt_name"": ""11foot8"", ""bridge:name"": ""11 foot 8 Bridge"", ""electrified"": ""no"", ""gauge"": ""1435"", ""layer"": ""1"", ""maxspeed"": ""55 mph"", ""name"": ""NS Danville District H Line"", ""old_railway_operator"": ""Southern"", ""operator"": ""Norfolk Southern Railway"", ""operator:wikidata"": ""Q1321054"", ""owner"": ""North Carolina Railroad"", ""railway"": ""rail"", ""railway:ctc"": ""yes"", ""railway:etms"": ""yes"", ""railway:preferred_direction"": ""both"", ""railway:ptc"": ""yes"", ""railway:rail"": ""continuous"", ""railway:track_class"": ""4"", ""railway_milepost"": ""H"", ""ref"": ""03 H"", ""usage"": ""main""}"
DUR-01,way,65334692,Durham Beltline,railway,abandoned,Point,railway_track_infrastructure,"{""name"": ""Durham Beltline"", ""operator"": ""Norfolk Southern Railway"", ""operator:wikidata"": ""Q1321054"", ""proposed:highway"": ""cycleway"", ""railway"": ""abandoned"", ""service"": ""spur""}"
DUR-01,way,77217047,,leisure,pitch,Point,unnamed_pitch,"{""leisure"": ""pitch"", ""sport"": ""baseball"", ""surface"": ""grass""}"
DUR-01,way,78334475,,office,yes,Point,unnamed_not_inherently_meaningful,"{""addr:city"": ""Durham"", ""addr:country"": ""US"", ""addr:housenumber"": ""703"", ""addr:postcode"": ""27701"", ""addr:state"": ""NC"", ""addr:street"": ""Foster Street"", ""building"": ""yes"", ""office"": ""yes""}"
DUR-01,way,79059904,,amenity,shelter,Point,low_value_category,"{""amenity"": ""shelter"", ""building"": ""yes""}"
DUR-01,way,79086570,,amenity,shelter,Point,low_value_category,"{""amenity"": ""shelter"", ""building"": ""yes""}"
DUR-01,way,79086606,,office,government,Point,unnamed_category_requires_review,"{""addr:city"": ""Durham"", ""addr:housenumber"": ""516"", ""addr:postcode"": ""27701"", ""addr:state"": ""NC"", ""addr:street"": ""Rigsbee Avenue"", ""building"": ""yes"", ""government"": ""public_service"", ""office"": ""government"", ""source:addr"": ""Durham Open Data""}"
DUR-01,way,99027988,East Parking Deck,amenity,parking,Polygon,low_value_category,"{""addr:city"": ""Durham"", ""addr:housenumber"": ""250"", ""addr:postcode"": ""27701"", ""addr:state"": ""NC"", ""addr:street"": ""South Mangum Street"", ""amenity"": ""parking"", ""building"": ""yes"", ""building:levels"": ""6"", ""name"": ""East Parking Deck"", ""parking"": ""multi-storey"", ""source:addr"": ""Durham Open Data"", ""website"": ""https://www.americantobaccohistoricdistrict.com/parking""}"
DUR-01,way,105745466,,amenity,parking,Polygon,low_value_category,"{""amenity"": ""parking"", ""parking"": ""surface"", ""surface"": ""asphalt""}"
DUR-01,way,105745519,,historic,yes,Polygon,unnamed_not_inherently_meaningful,"{""building"": ""yes"", ""historic"": ""yes""}"
DUR-01,way,105745542,,leisure,garden,Polygon,unnamed_not_inherently_meaningful,"{""leisure"": ""garden""}"
DUR-01,way,106521870,,leisure,playground,Polygon,representative_point_outside_region,"{""access"": ""yes"", ""leisure"": ""playground"", ""surface"": ""woodchips""}"
DUR-01,way,106521877,,amenity,parking,Polygon,representative_point_outside_region,"{""access"": ""yes"", ""amenity"": ""parking"", ""fee"": ""no"", ""parking"": ""surface""}"
DUR-01,way,115769503,,amenity,parking,Polygon,low_value_category,"{""access"": ""private"", ""amenity"": ""parking"", ""parking"": ""surface""}"
DUR-01,way,115769504,,amenity,parking,Polygon,low_value_category,"{""access"": ""private"", ""amenity"": ""parking"", ""parking"": ""surface""}"
DUR-01,way,115769505,,amenity,parking,Polygon,low_value_category,"{""addr:city"": ""Durham"", ""addr:housenumber"": ""505"", ""addr:postcode"": ""27701"", ""addr:state"": ""NC"", ""addr:street"": ""South Duke Street"", ""amenity"": ""parking"", ""parking"": ""surface"", ""source:addr"": ""Durham Open Data""}"
DUR-01,way,115769506,,amenity,parking,Polygon,low_value_category,"{""access"": ""private"", ""amenity"": ""parking"", ""parking"": ""surface""}"
DUR-01,way,115769823,,amenity,parking,Polygon,low_value_category,"{""access"": ""private"", ""amenity"": ""parking""}"
DUR-01,way,119057651,,amenity,parking,Polygon,low_value_category,"{""access"": ""customers"", ""amenity"": ""parking"", ""fee"": ""yes"", ""parking"": ""surface"", ""surface"": ""asphalt""}"
DUR-01,way,123482891,,leisure,pitch,Polygon,unnamed_pitch,"{""leisure"": ""pitch"", ""sport"": ""tennis"", ""surface"": ""concrete""}"
DUR-01,way,123482966,,leisure,pitch,Polygon,unnamed_pitch,"{""leisure"": ""pitch"", ""sport"": ""tennis"", ""surface"": ""concrete""}"
DUR-01,way,123482991,,leisure,pitch,Polygon,unnamed_pitch,"{""leisure"": ""pitch"", ""sport"": ""tennis"", ""surface"": ""concrete""}"
DUR-01,way,123483028,,leisure,pitch,Polygon,unnamed_pitch,"{""leisure"": ""pitch"", ""sport"": ""tennis"", ""surface"": ""concrete""}"
DUR-01,way,123483049,,leisure,pitch,Polygon,unnamed_pitch,"{""leisure"": ""pitch"", ""sport"": ""tennis"", ""surface"": ""concrete""}"
DUR-01,way,123483127,,leisure,pitch,Polygon,unnamed_pitch,"{""leisure"": ""pitch"", ""sport"": ""tennis"", ""surface"": ""concrete""}"
DUR-01,way,169601609,,railway,abandoned,LineString,representative_point_outside_region,"{""note:old_railway_operator"": ""Durham and South Carolina"", ""old_railway_operator"": ""NS"", ""railway"": ""abandoned""}"
DUR-01,way,179905523,,amenity,parking,Polygon,low_value_category,"{""amenity"": ""parking"", ""parking"": ""surface""}"
DUR-01,way,179905524,,amenity,parking,Polygon,low_value_category,"{""amenity"": ""parking""}"
DUR-01,way,179905538,West Village,amenity,parking,Polygon,low_value_category,"{""access"": ""private"", ""addr:city"": ""Durham"", ""addr:housenumber"": ""115"", ""addr:postcode"": ""27701"", ""addr:state"": ""NC"", ""addr:street"": ""Fuller Street"", ""amenity"": ""parking"", ""building"": ""yes"", ""building:levels"": ""7"", ""fee"": ""no"", ""operator"": ""West Village"", ""parking"": ""multi-storey"", ""smoking"": ""no"", ""source:addr"": ""Durham Open Data"", ""surface"": ""concrete""}"
DUR-01,way,182130158,,office,yes,Polygon,unnamed_not_inherently_meaningful,"{""addr:city"": ""Durham"", ""addr:country"": ""US"", ""addr:housenumber"": ""705"", ""addr:postcode"": ""27701"", ""addr:state"": ""NC"", ""addr:street"": ""Foster Street"", ""building"": ""yes"", ""office"": ""yes"", ""survey:date"": ""2014-03-08"", ""website"": ""http://www.claymakers.com""}"
DUR-01,way,225497495,,amenity,parking,Polygon,low_value_category,"{""addr:city"": ""Durham"", ""addr:housenumber"": ""502"", ""addr:postcode"": ""27701"", ""addr:state"": ""NC"", ""addr:street"": ""South Dillard Street"", ""amenity"": ""parking"", ""building"": ""yes"", ""parking"": ""multi-storey"", ""source:addr"": ""Durham Open Data""}"
DUR-01,way,251390368,Corcoran Street Garage and Lot,amenity,parking,Polygon,low_value_category,"{""access"": ""yes"", ""amenity"": ""parking"", ""fee"": ""08:00-19:00"", ""name"": ""Corcoran Street Garage and Lot"", ""parking"": ""surface"", ""supervised"": ""yes"", ""website"": ""https://www.durhamnc.gov/departments/transportation/parking.cfm""}"
DUR-01,way,257168393,,amenity,parking,Polygon,low_value_category,"{""access"": ""private"", ""addr:city"": ""Durham"", ""addr:housenumber"": ""113"", ""addr:postcode"": ""27701"", ""addr:state"": ""NC"", ""addr:street"": ""East Parrish Street"", ""amenity"": ""parking"", ""parking"": ""surface"", ""source:addr"": ""Durham Open Data""}"
DUR-01,way,282574971,,amenity,parking,Polygon,low_value_category,"{""access"": ""yes"", ""amenity"": ""parking"", ""fee"": ""yes"", ""parking"": ""surface"", ""surface"": ""asphalt""}"
DUR-01,way,284419904,,amenity,parking,Polygon,low_value_category,"{""amenity"": ""parking"", ""parking"": ""surface"", ""surface"": ""asphalt""}"
DUR-01,way,293249925,West Village,amenity,parking,Polygon,low_value_category,"{""access"": ""private"", ""amenity"": ""parking"", ""covered"": ""no"", ""fee"": ""no"", ""operator"": ""West Village"", ""operator:type"": ""private"", ""parking"": ""surface"", ""smoking"": ""no"", ""surface"": ""asphalt""}"
DUR-01,way,293250147,,amenity,parking,Polygon,low_value_category,"{""access"": ""customers"", ""amenity"": ""parking"", ""fee"": ""no"", ""parking"": ""surface""}"
DUR-01,way,293250151,,amenity,parking,Polygon,low_value_category,"{""addr:city"": ""Durham"", ""addr:housenumber"": ""162"", ""addr:postcode"": ""27701"", ""addr:state"": ""NC"", ""addr:street"": ""West Ramseur Street"", ""amenity"": ""parking"", ""parking"": ""surface"", ""source:addr"": ""Durham Open Data""}"
DUR-01,way,293250153,,amenity,parking,Polygon,low_value_category,"{""access"": ""yes"", ""addr:city"": ""Durham"", ""addr:housenumber"": ""102"", ""addr:postcode"": ""27701"", ""addr:state"": ""NC"", ""addr:street"": ""South Corcoran Street"", ""amenity"": ""parking"", ""fee"": ""yes"", ""parking"": ""surface"", ""source:addr"": ""Durham Open Data""}"
DUR-01,way,293250155,,amenity,parking,Polygon,low_value_category,"{""access"": ""yes"", ""amenity"": ""parking"", ""fee"": ""no"", ""parking"": ""surface""}"
DUR-01,way,293250158,,amenity,parking,Polygon,low_value_category,"{""amenity"": ""parking"", ""parking"": ""surface""}"
DUR-01,way,293250160,,amenity,parking,Polygon,low_value_category,"{""amenity"": ""parking"", ""parking"": ""surface""}"
DUR-01,way,293438910,,amenity,parking,Polygon,low_value_category,"{""amenity"": ""parking"", ""parking"": ""surface""}"
DUR-01,way,293438915,,amenity,parking,Polygon,low_value_category,"{""access"": ""customers"", ""amenity"": ""parking"", ""parking"": ""surface""}"
DUR-01,way,293438917,,amenity,parking,Polygon,low_value_category,"{""amenity"": ""parking"", ""parking"": ""surface""}"
DUR-01,way,293438924,,amenity,parking,Polygon,low_value_category,"{""access"": ""yes"", ""amenity"": ""parking"", ""fee"": ""no"", ""parking"": ""surface""}"
DUR-01,way,297160769,,amenity,parking,Polygon,low_value_category,"{""access"": ""yes"", ""amenity"": ""parking"", ""fee"": ""no"", ""parking"": ""surface""}"
DUR-01,way,324544662,Church Street Garage,amenity,parking,Polygon,low_value_category,"{""access"": ""yes"", ""addr:city"": ""Durham"", ""addr:housenumber"": ""109"", ""addr:postcode"": ""27701"", ""addr:state"": ""NC"", ""addr:street"": ""South Mangum Street"", ""amenity"": ""parking"", ""building"": ""yes"", ""building:levels"": ""3"", ""capacity"": ""406"", ""fee"": ""yes"", ""name"": ""Church Street Garage"", ""parking"": ""multi-storey"", ""source:addr"": ""Durham Open Data""}"
DUR-01,way,328836997,,amenity,parking,Polygon,low_value_category,"{""amenity"": ""parking"", ""park_ride"": ""no"", ""parking"": ""surface"", ""surface"": ""asphalt""}"
DUR-01,way,374302088,,amenity,parking,Polygon,low_value_category,"{""addr:city"": ""Durham"", ""addr:housenumber"": ""500"", ""addr:postcode"": ""27701"", ""addr:state"": ""NC"", ""addr:street"": ""East Main Street"", ""amenity"": ""parking"", ""parking"": ""surface"", ""source:addr"": ""Durham Open Data""}"
DUR-01,way,400529749,,amenity,parking,Polygon,low_value_category,"{""access"": ""customers"", ""amenity"": ""parking"", ""parking"": ""surface"", ""surface"": ""paved""}"
DUR-01,way,400529750,,amenity,parking,Polygon,low_value_category,"{""amenity"": ""parking"", ""parking"": ""surface"", ""surface"": ""asphalt""}"
DUR-01,way,523122859,,railway,abandoned,LineString,railway_track_infrastructure,"{""railway"": ""abandoned""}"
DUR-01,way,523122861,,railway,disused,LineString,railway_track_infrastructure,"{""railway"": ""disused""}"
DUR-01,way,526840088,,amenity,waste_disposal,Polygon,low_value_category,"{""amenity"": ""waste_disposal"", ""fixme"": ""need review""}"
DUR-01,way,528598885,,leisure,garden,Polygon,unnamed_not_inherently_meaningful,"{""leisure"": ""garden""}"
DUR-01,way,528598917,,amenity,parking_space,Polygon,low_value_category,"{""amenity"": ""parking_space""}"
DUR-01,way,528598918,,amenity,parking_space,Polygon,low_value_category,"{""amenity"": ""parking_space""}"
DUR-01,way,531150750,,amenity,parking_space,Polygon,low_value_category,"{""amenity"": ""parking_space"", ""area:highway"": ""parking_space""}"
DUR-01,way,531150751,,amenity,parking_space,Polygon,low_value_category,"{""amenity"": ""parking_space"", ""area:highway"": ""parking_space""}"
DUR-01,way,531150752,,amenity,parking_space,Polygon,low_value_category,"{""amenity"": ""parking_space"", ""area:highway"": ""parking_space""}"
DUR-01,way,531150753,,amenity,parking_space,Polygon,low_value_category,"{""amenity"": ""parking_space"", ""area:highway"": ""parking_space""}"
DUR-01,way,550667377,,amenity,parking,Polygon,low_value_category,"{""addr:city"": ""Durham"", ""addr:housenumber"": ""173"", ""addr:postcode"": ""27701"", ""addr:state"": ""NC"", ""addr:street"": ""South Roxboro Street"", ""amenity"": ""parking"", ""building"": ""yes"", ""parking"": ""multi-storey"", ""source:addr"": ""Durham Open Data""}"
DUR-01,way,590007260,,amenity,parking,Polygon,low_value_category,"{""amenity"": ""parking"", ""parking"": ""surface""}"
DUR-01,way,590008271,,amenity,parking,Polygon,low_value_category,"{""addr:city"": ""Durham"", ""addr:housenumber"": ""704"", ""addr:postcode"": ""27701"", ""addr:state"": ""NC"", ""addr:street"": ""West Pettigrew Street"", ""amenity"": ""parking"", ""building"": ""yes"", ""parking"": ""multi-storey"", ""source:addr"": ""Durham Open Data""}"
DUR-01,way,597458482,,amenity,parking,Polygon,low_value_category,"{""amenity"": ""parking"", ""building"": ""parking"", ""parking"": ""multi-storey""}"
DUR-01,way,619460454,,amenity,parking,Polygon,low_value_category,"{""amenity"": ""parking"", ""parking"": ""surface""}"
DUR-01,way,619460456,,amenity,parking,Polygon,representative_point_outside_region,"{""amenity"": ""parking"", ""parking"": ""surface""}"
DUR-01,way,660798009,,amenity,parking,Polygon,low_value_category,"{""access"": ""customers"", ""amenity"": ""parking"", ""park_ride"": ""no"", ""parking"": ""surface"", ""surface"": ""asphalt""}"
DUR-01,way,660798015,,railway,abandoned,LineString,railway_track_infrastructure,"{""bridge"": ""yes"", ""layer"": ""1"", ""railway"": ""abandoned""}"
DUR-01,way,661599922,,railway,abandoned,LineString,railway_track_infrastructure,"{""railway"": ""abandoned"", ""service"": ""spur""}"
DUR-01,way,670531924,,leisure,pitch,Polygon,unnamed_pitch,"{""leisure"": ""pitch"", ""sport"": ""boules""}"
DUR-01,way,705182509,,amenity,parking,Polygon,low_value_category,"{""access"": ""yes"", ""amenity"": ""parking"", ""fee"": ""yes"", ""parking"": ""surface"", ""surface"": ""asphalt""}"
DUR-01,way,707601493,,amenity,parking_space,Polygon,low_value_category,"{""amenity"": ""parking_space""}"
DUR-01,way,707601494,,amenity,parking_space,Polygon,low_value_category,"{""amenity"": ""parking_space""}"
DUR-01,way,707601495,,amenity,parking_space,Polygon,low_value_category,"{""amenity"": ""parking_space""}"
DUR-01,way,707601496,,amenity,parking_space,Polygon,low_value_category,"{""amenity"": ""parking_space""}"
DUR-01,way,707601497,,amenity,parking_space,Polygon,low_value_category,"{""amenity"": ""parking_space""}"
DUR-01,way,707601498,,amenity,parking_space,Polygon,low_value_category,"{""amenity"": ""parking_space""}"
DUR-01,way,717384374,Morgan-Rigsbee Garage,amenity,parking,Polygon,low_value_category,"{""amenity"": ""parking"", ""building"": ""parking"", ""capacity"": ""665"", ""fee"": ""yes"", ""name"": ""Morgan-Rigsbee Garage"", ""parking"": ""multi-storey""}"
DUR-01,way,722930456,,amenity,parking,Polygon,low_value_category,"{""amenity"": ""parking"", ""parking"": ""surface"", ""surface"": ""asphalt""}"
DUR-01,way,735296905,,amenity,parking,Polygon,low_value_category,"{""access"": ""private"", ""amenity"": ""parking"", ""parking"": ""surface"", ""surface"": ""asphalt""}"
DUR-01,way,735296906,,amenity,parking,Polygon,low_value_category,"{""access"": ""private"", ""amenity"": ""parking"", ""parking"": ""surface"", ""surface"": ""asphalt""}"
DUR-01,way,741996375,,amenity,parking,Polygon,low_value_category,"{""amenity"": ""parking"", ""building"": ""parking"", ""parking"": ""multi-storey""}"
DUR-01,way,757091867,,amenity,parking,Polygon,low_value_category,"{""access"": ""yes"", ""amenity"": ""parking"", ""fee"": ""no"", ""parking"": ""surface"", ""surface"": ""asphalt""}"
DUR-01,way,757091868,,amenity,parking,Polygon,low_value_category,"{""access"": ""customers"", ""amenity"": ""parking"", ""fee"": ""no"", ""parking"": ""surface""}"
DUR-01,way,757091869,,amenity,parking,Polygon,low_value_category,"{""access"": ""yes"", ""amenity"": ""parking"", ""fee"": ""no"", ""parking"": ""surface""}"
DUR-01,way,757091871,,amenity,parking,Polygon,low_value_category,"{""access"": ""customers"", ""amenity"": ""parking"", ""fee"": ""no"", ""parking"": ""surface""}"
DUR-01,way,761621435,The Leaf,amenity,shelter,Polygon,low_value_category,"{""amenity"": ""shelter"", ""bench"": ""yes"", ""building"": ""yes"", ""name"": ""The Leaf""}"
DUR-01,way,762923648,,amenity,parking,Polygon,low_value_category,"{""amenity"": ""parking"", ""building"": ""parking"", ""parking"": ""multi-storey""}"
DUR-01,way,762923649,,amenity,parking,Polygon,low_value_category,"{""amenity"": ""parking"", ""building:part"": ""parking"", ""parking"": ""multi-storey""}"
DUR-01,way,762923650,,amenity,parking,Polygon,low_value_category,"{""amenity"": ""parking"", ""parking"": ""surface""}"
DUR-01,way,762923651,,amenity,parking,Polygon,low_value_category,"{""amenity"": ""parking"", ""parking"": ""surface""}"
DUR-01,way,762923652,,amenity,parking,Polygon,low_value_category,"{""amenity"": ""parking"", ""parking"": ""surface""}"
DUR-01,way,762923654,,amenity,parking,Polygon,low_value_category,"{""amenity"": ""parking"", ""parking"": ""surface""}"
DUR-01,way,762923656,,amenity,parking,Polygon,low_value_category,"{""amenity"": ""parking"", ""parking"": ""surface""}"
DUR-01,way,762923657,,amenity,parking,Polygon,low_value_category,"{""amenity"": ""parking"", ""parking"": ""surface""}"
DUR-01,way,762927268,,amenity,parking,Polygon,low_value_category,"{""amenity"": ""parking"", ""building"": ""parking"", ""parking"": ""multi-storey""}"
DUR-01,way,762927269,,amenity,parking,Polygon,low_value_category,"{""amenity"": ""parking"", ""parking"": ""surface""}"
DUR-01,way,762927271,,amenity,parking,Polygon,low_value_category,"{""access"": ""private"", ""amenity"": ""parking"", ""parking"": ""surface""}"
DUR-01,way,762927272,,amenity,parking,Polygon,low_value_category,"{""amenity"": ""parking"", ""parking"": ""surface""}"
DUR-01,way,762927273,,amenity,parking,Polygon,low_value_category,"{""amenity"": ""parking"", ""parking"": ""surface""}"
DUR-01,way,762927274,,amenity,parking,Polygon,low_value_category,"{""amenity"": ""parking"", ""parking"": ""surface""}"
DUR-01,way,762927277,,amenity,parking,Polygon,low_value_category,"{""amenity"": ""parking"", ""parking"": ""surface""}"
DUR-01,way,762927278,,amenity,parking,Polygon,low_value_category,"{""amenity"": ""parking"", ""parking"": ""surface""}"
DUR-01,way,762928286,,amenity,parking,Polygon,low_value_category,"{""amenity"": ""parking"", ""parking"": ""surface""}"
DUR-01,way,762928291,,amenity,parking,Polygon,low_value_category,"{""amenity"": ""parking"", ""parking"": ""surface""}"
DUR-01,way,762928292,,amenity,parking,Polygon,low_value_category,"{""amenity"": ""parking"", ""parking"": ""surface""}"
DUR-01,way,762928293,,amenity,parking,Polygon,low_value_category,"{""amenity"": ""parking"", ""parking"": ""surface""}"
DUR-01,way,762928294,,amenity,parking,Polygon,low_value_category,"{""amenity"": ""parking"", ""parking"": ""surface""}"
DUR-01,way,775617883,,amenity,parking,Polygon,low_value_category,"{""access"": ""yes"", ""amenity"": ""parking"", ""building"": ""parking"", ""parking"": ""multi-storey""}"
DUR-01,way,775617885,,amenity,parking,Polygon,low_value_category,"{""amenity"": ""parking"", ""building"": ""parking"", ""parking"": ""multi-storey""}"
DUR-01,way,775629291,,amenity,parking,Polygon,low_value_category,"{""amenity"": ""parking"", ""parking"": ""surface""}"
DUR-01,way,775629292,,amenity,parking,Polygon,low_value_category,"{""amenity"": ""parking"", ""parking"": ""surface""}"
DUR-01,way,775629293,,amenity,parking,Polygon,low_value_category,"{""amenity"": ""parking"", ""parking"": ""surface""}"
DUR-01,way,775629298,,amenity,parking,Polygon,low_value_category,"{""amenity"": ""parking"", ""building"": ""parking"", ""parking"": ""multi-storey""}"
DUR-01,way,775629304,,amenity,parking,Polygon,low_value_category,"{""amenity"": ""parking"", ""parking"": ""surface""}"
DUR-01,way,775629317,,amenity,parking,Polygon,low_value_category,"{""amenity"": ""parking"", ""parking"": ""surface""}"
DUR-01,way,775629319,,amenity,parking,Polygon,low_value_category,"{""amenity"": ""parking"", ""parking"": ""surface""}"
DUR-01,way,775629324,,amenity,parking,Polygon,low_value_category,"{""amenity"": ""parking"", ""parking"": ""surface""}"
DUR-01,way,775629334,,amenity,parking,Polygon,low_value_category,"{""amenity"": ""parking"", ""parking"": ""surface""}"
DUR-01,way,775640095,,amenity,parking,Polygon,low_value_category,"{""amenity"": ""parking"", ""parking"": ""surface""}"
DUR-01,way,775640106,,amenity,parking,Polygon,low_value_category,"{""amenity"": ""parking"", ""parking"": ""surface""}"
DUR-01,way,775640111,,amenity,parking,Polygon,low_value_category,"{""amenity"": ""parking"", ""parking"": ""surface""}"
DUR-01,way,775640113,,amenity,parking,Polygon,low_value_category,"{""amenity"": ""parking"", ""parking"": ""surface""}"
DUR-01,way,775640114,,amenity,parking,Polygon,low_value_category,"{""amenity"": ""parking"", ""parking"": ""surface""}"
DUR-01,way,776900172,,amenity,parking,Polygon,low_value_category,"{""amenity"": ""parking""}"
DUR-01,way,818770511,Durham Beltline,railway,abandoned,LineString,railway_track_infrastructure,"{""name"": ""Durham Beltline"", ""operator"": ""Norfolk Southern Railway"", ""operator:wikidata"": ""Q1321054"", ""proposed:highway"": ""cycleway"", ""railway"": ""abandoned"", ""service"": ""spur"", ""usage"": ""industrial""}"
DUR-01,way,821942027,,leisure,swimming_pool,Polygon,unnamed_not_inherently_meaningful,"{""leisure"": ""swimming_pool""}"
DUR-01,way,849343918,,railway,disused,LineString,railway_track_infrastructure,"{""railway"": ""disused""}"
DUR-01,way,849343919,,railway,abandoned,LineString,railway_track_infrastructure,"{""railway"": ""abandoned""}"
DUR-01,way,849343920,,railway,abandoned,LineString,railway_track_infrastructure,"{""railway"": ""abandoned""}"
DUR-01,way,908962129,,amenity,parking,Polygon,low_value_category,"{""amenity"": ""parking"", ""parking"": ""surface"", ""surface"": ""asphalt""}"
DUR-01,way,918764978,,amenity,parking,Polygon,low_value_category,"{""amenity"": ""parking"", ""parking"": ""surface"", ""surface"": ""asphalt""}"
DUR-01,way,918764982,,amenity,parking,Polygon,low_value_category,"{""access"": ""customers"", ""amenity"": ""parking"", ""parking"": ""surface"", ""surface"": ""asphalt""}"
DUR-01,way,961141649,,railway,abandoned,LineString,railway_track_infrastructure,"{""railway"": ""abandoned""}"
DUR-01,way,961141650,,railway,abandoned,LineString,railway_track_infrastructure,"{""railway"": ""abandoned""}"
DUR-01,way,961141651,,railway,abandoned,LineString,railway_track_infrastructure,"{""railway"": ""abandoned""}"
DUR-01,way,961141652,,railway,abandoned,LineString,railway_track_infrastructure,"{""railway"": ""abandoned""}"
DUR-01,way,961141653,,railway,abandoned,LineString,railway_track_infrastructure,"{""railway"": ""abandoned""}"
DUR-01,way,961141654,,railway,abandoned,LineString,railway_track_infrastructure,"{""bridge"": ""yes"", ""layer"": ""1"", ""railway"": ""abandoned""}"
DUR-01,way,961141655,,railway,abandoned,LineString,railway_track_infrastructure,"{""railway"": ""abandoned""}"
DUR-01,way,961141656,,railway,abandoned,LineString,railway_track_infrastructure,"{""bridge"": ""yes"", ""layer"": ""1"", ""railway"": ""abandoned""}"
DUR-01,way,961149671,,railway,abandoned,LineString,railway_track_infrastructure,"{""railway"": ""abandoned""}"
DUR-01,way,1063460693,,amenity,parking,Polygon,low_value_category,"{""amenity"": ""parking"", ""building"": ""yes"", ""parking"": ""multi-storey""}"
DUR-01,way,1065941817,,amenity,parking,Polygon,low_value_category,"{""amenity"": ""parking"", ""parking"": ""surface"", ""surface"": ""asphalt""}"
DUR-01,way,1065941818,,amenity,parking,Polygon,low_value_category,"{""amenity"": ""parking"", ""parking"": ""surface"", ""surface"": ""asphalt""}"
DUR-01,way,1065941820,,amenity,parking,Polygon,low_value_category,"{""access"": ""permit"", ""amenity"": ""parking"", ""capacity"": ""6"", ""capacity:disabled"": ""yes"", ""park_ride"": ""no"", ""parking"": ""surface"", ""parking:orientation"": ""perpendicular"", ""supervised"": ""yes"", ""surface"": ""asphalt""}"
DUR-01,way,1065941822,,amenity,parking,Polygon,low_value_category,"{""amenity"": ""parking"", ""parking"": ""surface"", ""surface"": ""asphalt""}"
DUR-01,way,1065941823,,amenity,parking,Polygon,low_value_category,"{""amenity"": ""parking"", ""parking"": ""surface"", ""surface"": ""asphalt""}"
DUR-01,way,1065941825,,amenity,parking,Polygon,low_value_category,"{""amenity"": ""parking"", ""parking"": ""surface"", ""surface"": ""asphalt""}"
DUR-01,way,1065941826,,amenity,parking,Polygon,low_value_category,"{""amenity"": ""parking"", ""parking"": ""surface"", ""surface"": ""asphalt""}"
DUR-01,way,1065941828,,amenity,parking,Polygon,low_value_category,"{""amenity"": ""parking"", ""parking"": ""surface"", ""surface"": ""asphalt""}"
DUR-01,way,1065941832,,amenity,parking,Polygon,low_value_category,"{""amenity"": ""parking"", ""parking"": ""surface""}"
DUR-01,way,1065941833,,amenity,parking,Polygon,low_value_category,"{""amenity"": ""parking"", ""parking"": ""surface""}"
DUR-01,way,1092773748,,leisure,swimming_pool,Polygon,unnamed_not_inherently_meaningful,"{""access"": ""private"", ""leisure"": ""swimming_pool""}"
DUR-01,way,1092773750,,amenity,parking,Polygon,low_value_category,"{""amenity"": ""parking"", ""building"": ""yes"", ""parking"": ""multi-storey""}"
DUR-01,way,1092774415,,amenity,parking,Polygon,low_value_category,"{""amenity"": ""parking"", ""building"": ""yes"", ""parking"": ""multi-storey""}"
DUR-01,way,1126799305,,amenity,parking,Polygon,low_value_category,"{""amenity"": ""parking"", ""building"": ""yes"", ""parking"": ""multi-storey""}"
DUR-01,way,1133668377,,leisure,swimming_pool,Polygon,unnamed_not_inherently_meaningful,"{""leisure"": ""swimming_pool""}"
DUR-01,way,1263005330,AmTrak Overnight Parking,amenity,parking,Polygon,low_value_category,"{""access"": ""permit"", ""amenity"": ""parking"", ""fee"": ""no"", ""name"": ""AmTrak Overnight Parking"", ""operator"": ""Durham Station"", ""operator:type"": ""private_non_profit"", ""parking"": ""surface"", ""surface"": ""gravel""}"
DUR-01,way,1286934836,,leisure,garden,Polygon,unnamed_not_inherently_meaningful,"{""garden:type"": ""community"", ""leisure"": ""garden""}"
DUR-01,way,1286934839,,leisure,garden,Polygon,unnamed_not_inherently_meaningful,"{""garden:type"": ""botanical"", ""leisure"": ""garden""}"
DUR-01,way,1286934840,,leisure,garden,Polygon,unnamed_not_inherently_meaningful,"{""garden:type"": ""botanical"", ""leisure"": ""garden""}"
DUR-01,way,1312180752,,leisure,swimming_pool,Polygon,unnamed_not_inherently_meaningful,"{""leisure"": ""swimming_pool""}"
DUR-01,way,1324457987,City of Durham,amenity,parking,Polygon,low_value_category,"{""access"": ""yes"", ""amenity"": ""parking"", ""capacity"": ""34"", ""capacity:disabled"": ""5"", ""fee"": ""no"", ""operator"": ""City of Durham"", ""parking"": ""surface"", ""surface"": ""asphalt""}"
DUR-01,way,1324457988,City of Durham,amenity,parking,Polygon,low_value_category,"{""access"": ""yes"", ""amenity"": ""parking"", ""capacity"": ""100"", ""operator"": ""City of Durham"", ""parking"": ""surface"", ""surface"": ""asphalt""}"
DUR-01,way,1324478111,Trinity Food Mart #4,amenity,parking,Polygon,low_value_category,"{""access"": ""permissive"", ""amenity"": ""parking"", ""capacity"": ""20"", ""capacity:disabled"": ""2"", ""operator"": ""Trinity Food Mart #4"", ""parking"": ""surface"", ""surface"": ""asphalt""}"
DUR-01,way,1326419466,,amenity,parking,Polygon,low_value_category,"{""amenity"": ""parking"", ""parking"": ""surface"", ""surface"": ""asphalt""}"
DUR-01,way,1326419467,,amenity,parking,Polygon,low_value_category,"{""amenity"": ""parking"", ""parking"": ""surface""}"
DUR-01,way,1326419468,,amenity,parking,Polygon,low_value_category,"{""access"": ""private"", ""amenity"": ""parking"", ""parking"": ""surface""}"
DUR-01,way,1326419470,,amenity,parking,Polygon,low_value_category,"{""amenity"": ""parking"", ""parking"": ""surface""}"
DUR-01,way,1326419471,,amenity,parking,Polygon,low_value_category,"{""access"": ""yes"", ""amenity"": ""parking"", ""fee"": ""yes"", ""parking"": ""surface""}"
DUR-01,way,1327145994,,amenity,parking,Polygon,low_value_category,"{""amenity"": ""parking"", ""parking"": ""surface"", ""surface"": ""asphalt""}"
DUR-01,way,1327145996,,amenity,parking,Polygon,low_value_category,"{""amenity"": ""parking""}"
DUR-01,way,1328577995,,amenity,parking,Polygon,low_value_category,"{""amenity"": ""parking"", ""parking"": ""surface"", ""surface"": ""asphalt""}"
DUR-01,way,1328577996,,amenity,parking,Polygon,low_value_category,"{""amenity"": ""parking"", ""parking"": ""surface"", ""surface"": ""asphalt""}"
DUR-01,way,1328577997,,amenity,parking,Polygon,low_value_category,"{""amenity"": ""parking"", ""parking"": ""surface"", ""surface"": ""asphalt""}"
DUR-01,way,1328577998,,amenity,parking,Polygon,low_value_category,"{""amenity"": ""parking"", ""parking"": ""surface"", ""surface"": ""asphalt""}"
DUR-01,way,1328577999,,amenity,parking,Polygon,low_value_category,"{""amenity"": ""parking"", ""parking"": ""surface"", ""surface"": ""asphalt""}"
DUR-01,way,1328578000,,amenity,parking,Polygon,low_value_category,"{""amenity"": ""parking"", ""layer"": ""-1"", ""parking"": ""surface"", ""surface"": ""asphalt""}"
DUR-01,way,1328578001,,amenity,parking,Polygon,low_value_category,"{""amenity"": ""parking"", ""parking"": ""surface"", ""surface"": ""asphalt""}"
DUR-01,way,1328578002,,amenity,parking,Polygon,low_value_category,"{""amenity"": ""parking"", ""parking"": ""surface"", ""surface"": ""asphalt""}"
DUR-01,way,1328578003,,amenity,parking,Polygon,low_value_category,"{""amenity"": ""parking"", ""parking"": ""surface"", ""surface"": ""asphalt""}"
DUR-01,way,1336639051,,leisure,outdoor_seating,Polygon,unnamed_not_inherently_meaningful,"{""access"": ""customers"", ""leisure"": ""outdoor_seating""}"
DUR-01,way,1340429435,,amenity,parking,Polygon,low_value_category,"{""amenity"": ""parking"", ""parking"": ""surface"", ""surface"": ""asphalt""}"
DUR-01,way,1412929510,Durham Beltline,railway,abandoned,LineString,railway_track_infrastructure,"{""name"": ""Durham Beltline"", ""operator"": ""Norfolk Southern Railway"", ""operator:wikidata"": ""Q1321054"", ""proposed:highway"": ""cycleway"", ""railway"": ""abandoned"", ""service"": ""spur""}"
DUR-01,way,1412929511,,railway,abandoned,LineString,railway_track_infrastructure,"{""railway"": ""abandoned""}"
DUR-01,way,1412929512,Durham Beltline,railway,abandoned,LineString,railway_track_infrastructure,"{""name"": ""Durham Beltline"", ""operator"": ""Norfolk Southern Railway"", ""operator:wikidata"": ""Q1321054"", ""proposed:highway"": ""cycleway"", ""railway"": ""abandoned"", ""service"": ""spur""}"
DUR-01,way,1412929513,Durham Beltline,railway,disused,LineString,railway_track_infrastructure,"{""name"": ""Durham Beltline"", ""operator"": ""Norfolk Southern Railway"", ""operator:wikidata"": ""Q1321054"", ""proposed:highway"": ""cycleway"", ""railway"": ""disused"", ""service"": ""spur""}"
DUR-01,way,1412929514,Durham Beltline,railway,disused,LineString,railway_track_infrastructure,"{""name"": ""Durham Beltline"", ""operator"": ""Norfolk Southern Railway"", ""operator:wikidata"": ""Q1321054"", ""proposed:highway"": ""cycleway"", ""railway"": ""disused"", ""service"": ""spur""}"
DUR-01,way,1412929521,,railway,disused,LineString,railway_track_infrastructure,"{""railway"": ""disused"", ""service"": ""spur""}"
DUR-01,way,1453405499,,railway,abandoned,LineString,representative_point_outside_region,"{""railway"": ""abandoned""}"
DUR-01,way,1497571983,,public_transport,platform,Polygon,transport_platform_infrastructure,"{""lit"": ""yes"", ""network"": ""Amtrak"", ""public_transport"": ""platform"", ""railway"": ""platform"", ""shelter"": ""yes"", ""surface"": ""concrete"", ""train"": ""yes""}"
DUR-01,way,1512658695,,amenity,parking,Polygon,low_value_category,"{""access"": ""yes"", ""amenity"": ""parking"", ""fee"": ""yes"", ""surface"": ""gravel""}"
DUR-01,way,1512658696,,amenity,parking,Polygon,low_value_category,"{""access"": ""yes"", ""amenity"": ""parking"", ""fee"": ""yes"", ""surface"": ""concrete""}"
DUR-01,way,1525377280,,leisure,swimming_pool,Polygon,unnamed_not_inherently_meaningful,"{""access"": ""private"", ""leisure"": ""swimming_pool""}"
DUR-01,way,1525379644,,amenity,parking,Polygon,low_value_category,"{""amenity"": ""parking"", ""building"": ""yes"", ""parking"": ""multi-storey""}"
DUR-01,way,1525379647,,leisure,swimming_pool,Polygon,unnamed_not_inherently_meaningful,"{""access"": ""private"", ""leisure"": ""swimming_pool""}"
DUR-01,way,1525385045,,leisure,dog_park,Polygon,unnamed_not_inherently_meaningful,"{""leisure"": ""dog_park""}"
DUR-01,way,1525385050,,amenity,parking,Polygon,low_value_category,"{""amenity"": ""parking"", ""building"": ""yes"", ""parking"": ""multi-storey""}"
DUR-01,way,1527303736,,amenity,shelter,Polygon,low_value_category,"{""access"": ""private"", ""amenity"": ""shelter"", ""building"": ""yes"", ""shelter_type"": ""gazebo""}"
DUR-01,relation,355718,,leisure,track,Polygon,unnamed_not_inherently_meaningful,"{""leisure"": ""track"", ""sport"": ""athletics"", ""surface"": ""asphalt"", ""type"": ""multipolygon""}"
DUR-01,relation,2078702,,amenity,parking,MultiLineString,low_value_category,"{""access"": ""private"", ""amenity"": ""parking"", ""parking"": ""surface"", ""type"": ""multipolygon""}"
DUR-01,relation,2197156,,leisure,garden,MultiLineString,unnamed_line_feature,"{""leisure"": ""garden"", ""type"": ""multipolygon""}"
DUR-01,relation,5366016,,amenity,public_building,Polygon,unnamed_not_inherently_meaningful,"{""addr:city"": ""Durham"", ""addr:country"": ""US"", ""addr:housenumber"": ""414"", ""addr:postcode"": ""27701"", ""addr:state"": ""NC"", ""addr:street"": ""East Main Street"", ""amenity"": ""public_building"", ""building"": ""yes"", ""survey:date"": ""2014-05-31"", ""type"": ""multipolygon""}"
DUR-01,relation,6439848,,amenity,parking,Polygon,low_value_category,"{""amenity"": ""parking"", ""parking"": ""surface"", ""type"": ""multipolygon""}"
DUR-01,relation,7407432,Duke University,amenity,university,MultiPolygon,representative_point_outside_region,"{""addr:city"": ""Durham"", ""addr:postcode"": ""27708"", ""addr:state"": ""NC"", ""amenity"": ""university"", ""colour"": ""#012169"", ""ele"": ""120"", ""mascot"": ""Blue Devils"", ""name"": ""Duke University"", ""name:tr"": ""Duke Üniversitesi"", ""type"": ""multipolygon"", ""wikidata"": ""Q168751"", ""wikipedia"": ""en:Duke University""}"
DUR-01,relation,9596794,,amenity,parking,MultiLineString,low_value_category,"{""amenity"": ""parking"", ""parking"": ""surface"", ""type"": ""multipolygon""}"
DUR-01,relation,11222602,,amenity,parking,Polygon,low_value_category,"{""access"": ""yes"", ""amenity"": ""parking"", ""capacity"": ""52"", ""fee"": ""yes"", ""parking"": ""surface"", ""type"": ""multipolygon""}"
DUR-01,relation,11222862,,amenity,parking,Polygon,low_value_category,"{""addr:city"": ""Durham"", ""addr:housenumber"": ""253"", ""addr:postcode"": ""27701"", ""addr:state"": ""NC"", ""addr:street"": ""East Parrish Street"", ""amenity"": ""parking"", ""parking"": ""surface"", ""source:addr"": ""Durham Open Data"", ""surface"": ""asphalt"", ""type"": ""multipolygon""}"
DUR-01,relation,17349852,AmTrak Day Parking,amenity,parking,Polygon,low_value_category,"{""access"": ""customers"", ""amenity"": ""parking"", ""fee"": ""no"", ""name"": ""AmTrak Day Parking"", ""operator"": ""Durham Station"", ""parking"": ""surface"", ""surface"": ""asphalt"", ""type"": ""multipolygon""}"
DUR-01,relation,18247541,,amenity,parking,Polygon,low_value_category,"{""amenity"": ""parking"", ""parking"": ""surface"", ""type"": ""multipolygon""}"
DUR-01,node,11429704989,,amenity,bicycle_parking,Point,low_value_category,"{""amenity"": ""bicycle_parking""}"
DUR-01,way,357502148,,amenity,parking,Polygon,low_value_category,"{""amenity"": ""parking"", ""parking"": ""surface"", ""surface"": ""asphalt""}"
DUR-01,way,1232250499,,leisure,track,Polygon,unnamed_not_inherently_meaningful,"{""leisure"": ""track"", ""sport"": ""running""}"
DUR-01,node,6507456779,Lakewood Ave at Roxboro St (Southside Lofts),public_transport,platform,Point,transport_platform_infrastructure,"{""bus"": ""yes"", ""highway"": ""bus_stop"", ""name"": ""Lakewood Ave at Roxboro St (Southside Lofts)"", ""network"": ""GoDurham"", ""network:wikidata"": ""Q5316462"", ""public_transport"": ""platform"", ""ref"": ""6442""}"
DUR-01,node,6507463365,Blackwell St at Forest Hills Apts (SB),public_transport,platform,Point,transport_platform_infrastructure,"{""bus"": ""yes"", ""highway"": ""bus_stop"", ""name"": ""Blackwell St at Forest Hills Apts (SB)"", ""network"": ""GoDurham"", ""network:wikidata"": ""Q5316462"", ""public_transport"": ""platform"", ""ref"": ""5113""}"
DUR-01,node,6507463429,Lakewood Ave at Heritage Square,public_transport,platform,Point,transport_platform_infrastructure,"{""bus"": ""yes"", ""highway"": ""bus_stop"", ""name"": ""Lakewood Ave at Heritage Square"", ""network"": ""GoDurham"", ""network:wikidata"": ""Q5316462"", ""public_transport"": ""platform"", ""ref"": ""5337""}"
DUR-01,node,6507463474,Blackwell St at Forest Hills Apts (NB),public_transport,platform,Point,transport_platform_infrastructure,"{""bus"": ""yes"", ""highway"": ""bus_stop"", ""name"": ""Blackwell St at Forest Hills Apts (NB)"", ""network"": ""GoDurham"", ""network:wikidata"": ""Q5316462"", ""public_transport"": ""platform"", ""ref"": ""6494""}"
DUR-01,node,6507463552,Lakewood Ave at Fayetteville St,public_transport,platform,Point,transport_platform_infrastructure,"{""bus"": ""yes"", ""highway"": ""bus_stop"", ""name"": ""Lakewood Ave at Fayetteville St"", ""network"": ""GoDurham"", ""network:wikidata"": ""Q5316462"", ""public_transport"": ""platform"", ""ref"": ""6330""}"
DUR-01,node,7674513435,,amenity,fountain,Point,unnamed_not_inherently_meaningful,"{""amenity"": ""fountain""}"
DUR-01,way,225542519,,amenity,parking,Polygon,low_value_category,"{""amenity"": ""parking"", ""parking"": ""surface""}"
DUR-01,way,821937914,,leisure,swimming_pool,Polygon,unnamed_not_inherently_meaningful,"{""leisure"": ""swimming_pool""}"
DUR-01,way,1340429436,,amenity,parking,Polygon,low_value_category,"{""amenity"": ""parking"", ""parking"": ""surface"", ""surface"": ""asphalt""}"
DUR-01,way,1340429437,,amenity,parking,Polygon,low_value_category,"{""amenity"": ""parking"", ""parking"": ""surface"", ""surface"": ""asphalt""}"
DUR-01,way,1340429438,,amenity,parking,Polygon,low_value_category,"{""amenity"": ""parking"", ""parking"": ""surface"", ""surface"": ""asphalt""}"
DUR-01,way,1340429439,,amenity,parking,Polygon,low_value_category,"{""amenity"": ""parking"", ""parking"": ""surface"", ""surface"": ""asphalt""}"
DUR-02,node,300030988,,amenity,parking_entrance,Point,low_value_category,"{""amenity"": ""parking_entrance""}"
DUR-02,node,317494807,,amenity,bicycle_parking,Point,low_value_category,"{""amenity"": ""bicycle_parking""}"
DUR-02,node,317495415,,amenity,bicycle_parking,Point,low_value_category,"{""amenity"": ""bicycle_parking""}"
DUR-02,node,319206749,,amenity,parking_entrance,Point,low_value_category,"{""amenity"": ""parking_entrance""}"
DUR-02,node,429383590,,amenity,bicycle_parking,Point,low_value_category,"{""amenity"": ""bicycle_parking""}"
DUR-02,node,429383591,,amenity,bicycle_parking,Point,low_value_category,"{""amenity"": ""bicycle_parking""}"
DUR-02,node,560026364,,amenity,bicycle_parking,Point,low_value_category,"{""amenity"": ""bicycle_parking""}"
DUR-02,node,600919134,Erwin Rd at LaSalle St (EB),public_transport,platform,Point,transport_platform_infrastructure,"{""bus"": ""yes"", ""highway"": ""bus_stop"", ""name"": ""Erwin Rd at LaSalle St (EB)"", ""network"": ""GoDurham;GoTriangle"", ""public_transport"": ""platform"", ""ref"": ""5460"", ""shelter"": ""no""}"
DUR-02,node,603643287,Erwin Rd at Research Dr,public_transport,platform,Point,transport_platform_infrastructure,"{""bus"": ""yes"", ""highway"": ""bus_stop"", ""name"": ""Erwin Rd at Research Dr"", ""network"": ""Duke;GoDurham"", ""public_transport"": ""platform"", ""ref"": ""5106""}"
DUR-02,node,767281361,,amenity,parking_entrance,Point,low_value_category,"{""amenity"": ""parking_entrance""}"
DUR-02,node,1512462676,East Campus Quad,public_transport,platform,Point,transport_platform_infrastructure,"{""bench"": ""yes"", ""bin"": ""no"", ""bus"": ""yes"", ""highway"": ""bus_stop"", ""lit"": ""yes"", ""name"": ""East Campus Quad"", ""network"": ""Duke Transit"", ""operator"": ""Duke University"", ""public_transport"": ""platform"", ""ref"": ""12003"", ""shelter"": ""no"", ""tactile_paving"": ""no""}"
DUR-02,node,1643297897,,amenity,bicycle_parking,Point,low_value_category,"{""amenity"": ""bicycle_parking"", ""capacity"": ""7"", ""covered"": ""no""}"
DUR-02,node,1643297899,,amenity,bicycle_parking,Point,low_value_category,"{""amenity"": ""bicycle_parking"", ""capacity"": ""8"", ""covered"": ""no""}"
DUR-02,node,1660996001,,amenity,bicycle_parking,Point,low_value_category,"{""amenity"": ""bicycle_parking"", ""capacity"": ""14"", ""covered"": ""no""}"
DUR-02,node,1896559929,,amenity,recycling,Point,low_value_category,"{""amenity"": ""recycling"", ""recycling:paper"": ""yes"", ""recycling_type"": ""container""}"
DUR-02,node,1896559938,,amenity,recycling,Point,low_value_category,"{""amenity"": ""recycling"", ""recycling:cans"": ""yes"", ""recycling:paper"": ""yes"", ""recycling_type"": ""container""}"
DUR-02,node,1896559942,,amenity,recycling,Point,low_value_category,"{""amenity"": ""recycling"", ""recycling:cans"": ""yes"", ""recycling:glass"": ""yes"", ""recycling:paper"": ""yes"", ""recycling_type"": ""container""}"
DUR-02,node,1896559945,,amenity,recycling,Point,low_value_category,"{""amenity"": ""recycling"", ""recycling:cans"": ""yes"", ""recycling:glass"": ""yes"", ""recycling:scrap_metal"": ""yes"", ""recycling_type"": ""container""}"
DUR-02,node,1896559949,,amenity,recycling,Point,low_value_category,"{""amenity"": ""recycling"", ""recycling:cans"": ""yes"", ""recycling:glass"": ""yes"", ""recycling:scrap_metal"": ""yes"", ""recycling_type"": ""container""}"
DUR-02,node,1896559950,,amenity,recycling,Point,low_value_category,"{""amenity"": ""recycling"", ""recycling:batteries"": ""yes"", ""recycling:paper"": ""yes"", ""recycling_type"": ""container""}"
DUR-02,node,1896924371,,amenity,recycling,Point,low_value_category,"{""amenity"": ""recycling"", ""layer"": ""3"", ""recycling:cans"": ""yes"", ""recycling:paper"": ""yes"", ""recycling_type"": ""container""}"
DUR-02,node,1896924388,,amenity,recycling,Point,low_value_category,"{""amenity"": ""recycling"", ""layer"": ""1"", ""recycling:cans"": ""yes"", ""recycling:paper"": ""yes"", ""recycling:scrap_metal"": ""no"", ""recycling_type"": ""container""}"
DUR-02,node,1908435111,,public_transport,platform,Point,transport_platform_infrastructure,"{""bus"": ""yes"", ""highway"": ""bus_stop"", ""public_transport"": ""platform"", ""shelter"": ""no"", ""tactile_paving"": ""no""}"
DUR-02,node,2332379244,Anderson St at Mill Village,public_transport,platform,Point,transport_platform_infrastructure,"{""bus"": ""yes"", ""highway"": ""bus_stop"", ""name"": ""Anderson St at Mill Village"", ""network"": ""Duke"", ""public_transport"": ""platform"", ""ref"": ""12051""}"
DUR-02,node,2643994090,,amenity,bicycle_parking,Point,low_value_category,"{""amenity"": ""bicycle_parking"", ""bicycle_parking"": ""stands"", ""capacity"": ""7"", ""check_date"": ""2024-05-29"", ""covered"": ""yes""}"
DUR-02,node,2643994152,,amenity,bicycle_parking,Point,low_value_category,"{""amenity"": ""bicycle_parking"", ""bicycle_parking"": ""stands"", ""capacity"": ""7"", ""check_date"": ""2024-05-29"", ""covered"": ""yes""}"
DUR-02,node,2644242700,,amenity,bicycle_parking,Point,low_value_category,"{""amenity"": ""bicycle_parking"", ""capacity"": ""14"", ""covered"": ""no""}"
DUR-02,node,2644307873,,amenity,bicycle_parking,Point,low_value_category,"{""amenity"": ""bicycle_parking"", ""capacity"": ""14"", ""covered"": ""no""}"
DUR-02,node,2644309813,,amenity,bicycle_parking,Point,low_value_category,"{""amenity"": ""bicycle_parking"", ""capacity"": ""14"", ""covered"": ""no""}"
DUR-02,node,2644310794,,amenity,bicycle_parking,Point,low_value_category,"{""amenity"": ""bicycle_parking"", ""bicycle_parking"": ""stands"", ""capacity"": ""21"", ""covered"": ""yes""}"
DUR-02,node,2644312256,,amenity,bicycle_parking,Point,low_value_category,"{""amenity"": ""bicycle_parking"", ""bicycle_parking"": ""stands"", ""capacity"": ""21"", ""covered"": ""yes""}"
DUR-02,node,2644313342,,amenity,bicycle_parking,Point,low_value_category,"{""amenity"": ""bicycle_parking"", ""capacity"": ""14"", ""covered"": ""no""}"
DUR-02,node,2644316066,,amenity,bicycle_parking,Point,low_value_category,"{""amenity"": ""bicycle_parking"", ""capacity"": ""7"", ""covered"": ""no""}"
DUR-02,node,2644318887,,amenity,bicycle_parking,Point,low_value_category,"{""amenity"": ""bicycle_parking"", ""capacity"": ""28"", ""covered"": ""no""}"
DUR-02,node,2644338387,,amenity,bicycle_parking,Point,low_value_category,"{""amenity"": ""bicycle_parking"", ""bicycle_parking"": ""stands"", ""capacity"": ""14"", ""covered"": ""no""}"
DUR-02,node,2644339300,,amenity,bicycle_parking,Point,low_value_category,"{""amenity"": ""bicycle_parking"", ""capacity"": ""14"", ""covered"": ""no""}"
DUR-02,node,2644341178,,amenity,bicycle_parking,Point,low_value_category,"{""amenity"": ""bicycle_parking"", ""bicycle_parking"": ""stands"", ""capacity"": ""14"", ""check_date"": ""2024-05-29"", ""covered"": ""no""}"
DUR-02,node,2644345867,,amenity,bicycle_parking,Point,low_value_category,"{""amenity"": ""bicycle_parking"", ""capacity"": ""8"", ""covered"": ""no""}"
DUR-02,node,2644378449,,amenity,bicycle_parking,Point,low_value_category,"{""amenity"": ""bicycle_parking"", ""capacity"": ""8"", ""covered"": ""no""}"
DUR-02,node,2644379743,,amenity,bicycle_parking,Point,low_value_category,"{""amenity"": ""bicycle_parking"", ""capacity"": ""14"", ""covered"": ""no""}"
DUR-02,node,2644381936,,amenity,bicycle_parking,Point,low_value_category,"{""amenity"": ""bicycle_parking"", ""capacity"": ""14"", ""covered"": ""no""}"
DUR-02,node,2644383466,,amenity,bicycle_parking,Point,low_value_category,"{""amenity"": ""bicycle_parking"", ""capacity"": ""14"", ""covered"": ""no""}"
DUR-02,node,2644384459,,amenity,bicycle_parking,Point,low_value_category,"{""amenity"": ""bicycle_parking"", ""capacity"": ""28"", ""covered"": ""no""}"
DUR-02,node,2644386893,,amenity,bicycle_parking,Point,low_value_category,"{""amenity"": ""bicycle_parking"", ""capacity"": ""28"", ""covered"": ""yes""}"
DUR-02,node,2644391985,,amenity,bicycle_parking,Point,low_value_category,"{""amenity"": ""bicycle_parking"", ""capacity"": ""14"", ""covered"": ""no""}"
DUR-02,node,2644393445,,amenity,bicycle_parking,Point,low_value_category,"{""amenity"": ""bicycle_parking"", ""capacity"": ""14""}"
DUR-02,node,2644394155,,amenity,bicycle_parking,Point,low_value_category,"{""amenity"": ""bicycle_parking"", ""capacity"": ""14"", ""covered"": ""no""}"
DUR-02,node,2644398168,,amenity,bicycle_parking,Point,low_value_category,"{""amenity"": ""bicycle_parking"", ""capacity"": ""12"", ""covered"": ""no"", ""loc_ref"": ""Bay 9 North""}"
DUR-02,node,2644472526,,amenity,bicycle_parking,Point,low_value_category,"{""amenity"": ""bicycle_parking"", ""capacity"": ""12"", ""covered"": ""no"", ""loc_ref"": ""Bay 5 North""}"
DUR-02,node,2644472779,,amenity,bicycle_parking,Point,low_value_category,"{""amenity"": ""bicycle_parking"", ""capacity"": ""15"", ""covered"": ""no"", ""loc_ref"": ""Bay 6 South""}"
DUR-02,node,2644473085,,amenity,bicycle_parking,Point,low_value_category,"{""amenity"": ""bicycle_parking"", ""capacity"": ""20"", ""covered"": ""no"", ""loc_ref"": ""Bay 2 South""}"
DUR-02,node,2644473726,,amenity,bicycle_parking,Point,low_value_category,"{""amenity"": ""bicycle_parking"", ""capacity"": ""7"", ""covered"": ""no""}"
DUR-02,node,2644477360,,amenity,bicycle_parking,Point,low_value_category,"{""amenity"": ""bicycle_parking"", ""capacity"": ""8""}"
DUR-02,node,2645791833,,amenity,bicycle_parking,Point,low_value_category,"{""amenity"": ""bicycle_parking"", ""capacity"": ""8"", ""covered"": ""no""}"
DUR-02,node,2645794565,,amenity,bicycle_parking,Point,low_value_category,"{""amenity"": ""bicycle_parking"", ""capacity"": ""8"", ""covered"": ""no""}"
DUR-02,node,2645939619,,amenity,bicycle_parking,Point,low_value_category,"{""amenity"": ""bicycle_parking"", ""capacity"": ""8"", ""covered"": ""no""}"
DUR-02,node,2645941635,,amenity,bicycle_parking,Point,low_value_category,"{""amenity"": ""bicycle_parking"", ""capacity"": ""8"", ""covered"": ""no""}"
DUR-02,node,2645944245,,amenity,bicycle_parking,Point,low_value_category,"{""amenity"": ""bicycle_parking"", ""capacity"": ""14"", ""covered"": ""no""}"
DUR-02,node,2645987706,,amenity,bicycle_parking,Point,low_value_category,"{""amenity"": ""bicycle_parking"", ""capacity"": ""6"", ""covered"": ""no""}"
DUR-02,node,2669002801,,amenity,bicycle_parking,Point,low_value_category,"{""amenity"": ""bicycle_parking"", ""capacity"": ""21"", ""covered"": ""no""}"
DUR-02,node,2669004989,,amenity,bicycle_parking,Point,low_value_category,"{""amenity"": ""bicycle_parking"", ""capacity"": ""42"", ""covered"": ""no""}"
DUR-02,node,2669005091,,amenity,bicycle_parking,Point,low_value_category,"{""amenity"": ""bicycle_parking"", ""capacity"": ""14"", ""covered"": ""no""}"
DUR-02,node,2677550341,,amenity,bicycle_parking,Point,low_value_category,"{""amenity"": ""bicycle_parking"", ""capacity"": ""28"", ""covered"": ""no""}"
DUR-02,node,2677551547,,amenity,bicycle_parking,Point,low_value_category,"{""amenity"": ""bicycle_parking"", ""bicycle_parking"": ""wall_loops"", ""capacity"": ""42"", ""covered"": ""no""}"
DUR-02,node,2677552091,,amenity,bicycle_parking,Point,low_value_category,"{""amenity"": ""bicycle_parking"", ""capacity"": ""14"", ""covered"": ""no""}"
DUR-02,node,2677554185,,amenity,bicycle_parking,Point,low_value_category,"{""amenity"": ""bicycle_parking"", ""capacity"": ""14"", ""covered"": ""no""}"
DUR-02,node,2677555386,,amenity,bicycle_parking,Point,low_value_category,"{""amenity"": ""bicycle_parking"", ""capacity"": ""14"", ""covered"": ""no""}"
DUR-02,node,2677555994,,amenity,bicycle_parking,Point,low_value_category,"{""amenity"": ""bicycle_parking"", ""capacity"": ""7"", ""covered"": ""no""}"
DUR-02,node,2677557613,,amenity,bicycle_parking,Point,low_value_category,"{""amenity"": ""bicycle_parking"", ""capacity"": ""28"", ""covered"": ""no""}"
DUR-02,node,2677574578,,amenity,bicycle_parking,Point,low_value_category,"{""amenity"": ""bicycle_parking"", ""capacity"": ""21"", ""covered"": ""no""}"
DUR-02,node,2677576704,,amenity,bicycle_parking,Point,low_value_category,"{""amenity"": ""bicycle_parking"", ""capacity"": ""36"", ""covered"": ""no""}"
DUR-02,node,2677593316,,amenity,bicycle_parking,Point,low_value_category,"{""amenity"": ""bicycle_parking"", ""capacity"": ""7"", ""covered"": ""no""}"
DUR-02,node,2677593324,,amenity,bicycle_parking,Point,low_value_category,"{""amenity"": ""bicycle_parking"", ""capacity"": ""14"", ""covered"": ""no""}"
DUR-02,node,2677595013,,amenity,bicycle_parking,Point,low_value_category,"{""amenity"": ""bicycle_parking"", ""capacity"": ""42"", ""covered"": ""no""}"
DUR-02,node,2742429779,,amenity,bicycle_parking,Point,low_value_category,"{""amenity"": ""bicycle_parking"", ""capacity"": ""7"", ""covered"": ""no""}"
DUR-02,node,2742432719,,amenity,bicycle_parking,Point,low_value_category,"{""amenity"": ""bicycle_parking"", ""bicycle_parking"": ""stands"", ""capacity"": ""30"", ""covered"": ""no""}"
DUR-02,node,2742434087,,amenity,bicycle_parking,Point,low_value_category,"{""amenity"": ""bicycle_parking"", ""bicycle_parking"": ""stands"", ""capacity"": ""42"", ""covered"": ""no""}"
DUR-02,node,2742435552,,amenity,bicycle_parking,Point,low_value_category,"{""amenity"": ""bicycle_parking"", ""capacity"": ""28"", ""covered"": ""no""}"
DUR-02,node,2742436228,,amenity,bicycle_parking,Point,low_value_category,"{""amenity"": ""bicycle_parking"", ""bicycle_parking"": ""stands"", ""capacity"": ""56"", ""covered"": ""no""}"
DUR-02,node,2742437270,,amenity,bicycle_parking,Point,low_value_category,"{""amenity"": ""bicycle_parking"", ""capacity"": ""21"", ""covered"": ""no""}"
DUR-02,node,2742439351,,amenity,bicycle_parking,Point,low_value_category,"{""amenity"": ""bicycle_parking"", ""capacity"": ""14"", ""covered"": ""no""}"
DUR-02,node,2742440691,,amenity,bicycle_parking,Point,low_value_category,"{""amenity"": ""bicycle_parking"", ""capacity"": ""14"", ""covered"": ""no""}"
DUR-02,node,2742441657,,amenity,bicycle_parking,Point,low_value_category,"{""amenity"": ""bicycle_parking"", ""capacity"": ""28"", ""covered"": ""no""}"
DUR-02,node,2742739543,,amenity,bicycle_parking,Point,low_value_category,"{""amenity"": ""bicycle_parking"", ""bicycle_parking"": ""stands"", ""capacity"": ""28"", ""covered"": ""no""}"
DUR-02,node,2742741494,,amenity,bicycle_parking,Point,low_value_category,"{""amenity"": ""bicycle_parking"", ""bicycle_parking"": ""wall_loops"", ""capacity"": ""28"", ""covered"": ""no""}"
DUR-02,node,2742744121,,amenity,bicycle_parking,Point,low_value_category,"{""amenity"": ""bicycle_parking"", ""capacity"": ""14"", ""covered"": ""no""}"
DUR-02,node,2742746243,,amenity,bicycle_parking,Point,low_value_category,"{""amenity"": ""bicycle_parking"", ""capacity"": ""14"", ""covered"": ""no""}"
DUR-02,node,2742756580,,amenity,bicycle_parking,Point,low_value_category,"{""amenity"": ""bicycle_parking"", ""capacity"": ""14"", ""covered"": ""no""}"
DUR-02,node,2742757793,,amenity,bicycle_parking,Point,low_value_category,"{""amenity"": ""bicycle_parking"", ""capacity"": ""7"", ""covered"": ""no""}"
DUR-02,node,2742759448,,amenity,bicycle_parking,Point,low_value_category,"{""amenity"": ""bicycle_parking"", ""capacity"": ""7"", ""covered"": ""no""}"
DUR-02,node,2742763008,,amenity,bicycle_parking,Point,low_value_category,"{""amenity"": ""bicycle_parking"", ""capacity"": ""18"", ""covered"": ""yes""}"
DUR-02,node,4552754532,,amenity,recycling,Point,low_value_category,"{""amenity"": ""recycling"", ""level"": ""0"", ""recycling:aluminium_cans"": ""yes"", ""recycling:books"": ""yes"", ""recycling:bottles"": ""yes"", ""recycling:cans"": ""yes"", ""recycling:glass_bottles"": ""yes"", ""recycling:magazines"": ""yes"", ""recycling:newspaper"": ""yes"", ""recycling:plastic_bottles"": ""yes"", ""recycling:steel_cans"": ""yes"", ""recycling:telephone_directories"": ""yes"", ""recycling_type"": ""container""}"
DUR-02,node,4870054739,West Campus Chapel,public_transport,platform,Point,transport_platform_infrastructure,"{""bench"": ""yes"", ""bin"": ""yes"", ""bus"": ""yes"", ""highway"": ""bus_stop"", ""lit"": ""yes"", ""name"": ""West Campus Chapel"", ""network"": ""Duke Transit"", ""operator"": ""Duke University"", ""public_transport"": ""platform"", ""ref"": ""12018"", ""shelter"": ""no"", ""tactile_paving"": ""no""}"
DUR-02,node,5289667745,,leisure,playground,Point,unnamed_not_inherently_meaningful,"{""leisure"": ""playground""}"
DUR-02,node,5289667749,,amenity,parking_entrance,Point,low_value_category,"{""amenity"": ""parking_entrance"", ""parking"": ""multi-storey""}"
DUR-02,node,6507397951,Erwin Rd at Cameron Blvd (NB),public_transport,platform,Point,transport_platform_infrastructure,"{""bus"": ""yes"", ""highway"": ""bus_stop"", ""name"": ""Erwin Rd at Cameron Blvd (NB)"", ""network"": ""GoTriangle"", ""public_transport"": ""platform"", ""ref"": ""1078""}"
DUR-02,node,6507397952,Towerview at Circuit Dr,public_transport,platform,Point,transport_platform_infrastructure,"{""bus"": ""yes"", ""fixme"": ""find out which side of the road this bus stop is on"", ""highway"": ""bus_stop"", ""name"": ""Towerview at Circuit Dr"", ""network"": ""Duke"", ""public_transport"": ""platform"", ""ref"": ""13005""}"
DUR-02,node,6507456753,Science Dr at Cameron Blvd (David Thomas Center),public_transport,platform,Point,transport_platform_infrastructure,"{""bus"": ""yes"", ""highway"": ""bus_stop"", ""name"": ""Science Dr at Cameron Blvd (David Thomas Center)"", ""network"": ""Duke"", ""public_transport"": ""platform"", ""ref"": ""13025""}"
DUR-02,node,6507456754,West Campus Grounds Lot,public_transport,platform,Point,transport_platform_infrastructure,"{""bus"": ""yes"", ""highway"": ""bus_stop"", ""name"": ""West Campus Grounds Lot"", ""network"": ""Duke"", ""public_transport"": ""platform"", ""ref"": ""12001""}"
DUR-02,node,6507463562,Science Dr at Bassett Dr (NB),public_transport,platform,Point,transport_platform_infrastructure,"{""bus"": ""yes"", ""highway"": ""bus_stop"", ""name"": ""Science Dr at Bassett Dr (NB)"", ""network"": ""Duke"", ""public_transport"": ""platform"", ""ref"": ""13016""}"
DUR-02,node,6509715575,Research Dr at Erwin Rd,public_transport,platform,Point,transport_platform_infrastructure,"{""bus"": ""yes"", ""highway"": ""bus_stop"", ""name"": ""Research Dr at Erwin Rd"", ""network"": ""GoDurham"", ""public_transport"": ""platform"", ""ref"": ""6675""}"
DUR-02,node,6509715578,Research Dr at Circuit Dr,public_transport,platform,Point,transport_platform_infrastructure,"{""bus"": ""yes"", ""highway"": ""bus_stop"", ""name"": ""Research Dr at Circuit Dr"", ""network"": ""Duke;GoDurham"", ""public_transport"": ""platform"", ""ref"": ""6670""}"
DUR-02,node,6509747106,Buchanan Blvd at Trinity Ave (SB),public_transport,platform,Point,transport_platform_infrastructure,"{""bus"": ""yes"", ""highway"": ""bus_stop"", ""name"": ""Buchanan Blvd at Trinity Ave (SB)"", ""network"": ""GoDurham"", ""public_transport"": ""platform"", ""ref"": ""5962"", ""shelter"": ""no""}"
DUR-02,node,6509747124,Trent Dr at Duke Circle Parking Deck,public_transport,platform,Point,transport_platform_infrastructure,"{""bus"": ""yes"", ""highway"": ""bus_stop"", ""name"": ""Trent Dr at Duke Circle Parking Deck"", ""network"": ""Duke;GoDurham"", ""public_transport"": ""platform"", ""ref"": ""5081""}"
DUR-02,node,6509747143,Trent Dr at Erwin Rd (Clipp Research Bldg),public_transport,platform,Point,transport_platform_infrastructure,"{""bus"": ""yes"", ""highway"": ""bus_stop"", ""name"": ""Trent Dr at Erwin Rd (Clipp Research Bldg)"", ""network"": ""Duke;GoDurham"", ""public_transport"": ""platform"", ""ref"": ""6499""}"
DUR-02,node,6509747171,Erwin Rd at Downing St (EB),public_transport,platform,Point,transport_platform_infrastructure,"{""bus"": ""yes"", ""highway"": ""bus_stop"", ""name"": ""Erwin Rd at Downing St (EB)"", ""network"": ""GoDurham;GoTriangle"", ""public_transport"": ""platform"", ""ref"": ""5165""}"
DUR-02,node,6509747175,Buchanan Blvd at Gloria Ave (SB),public_transport,platform,Point,transport_platform_infrastructure,"{""bus"": ""yes"", ""highway"": ""bus_stop"", ""name"": ""Buchanan Blvd at Gloria Ave (SB)"", ""network"": ""GoDurham"", ""network:wikidata"": ""Q5316462"", ""public_transport"": ""platform"", ""ref"": ""5785""}"
DUR-02,node,6509747386,Oregon St at Pace St,public_transport,platform,Point,transport_platform_infrastructure,"{""bus"": ""yes"", ""highway"": ""bus_stop"", ""name"": ""Oregon St at Pace St"", ""network"": ""Duke"", ""public_transport"": ""platform"", ""ref"": ""13018""}"
DUR-02,node,6509747392,Swift Ave at Campus Dr,public_transport,platform,Point,transport_platform_infrastructure,"{""bus"": ""yes"", ""highway"": ""bus_stop"", ""name"": ""Swift Ave at Campus Dr"", ""network"": ""Duke"", ""public_transport"": ""platform"", ""ref"": ""13013""}"
DUR-02,node,6509747394,Campus Dr at Nasher (Eastbound),public_transport,platform,Point,transport_platform_infrastructure,"{""bus"": ""yes"", ""highway"": ""bus_stop"", ""name"": ""Campus Dr at Nasher (Eastbound)"", ""network"": ""Duke"", ""public_transport"": ""platform"", ""ref"": ""13015""}"
DUR-02,node,6509747401,Towerview Rd at Wannamaker Dorm (Outbound),public_transport,platform,Point,transport_platform_infrastructure,"{""bus"": ""yes"", ""highway"": ""bus_stop"", ""name"": ""Towerview Rd at Wannamaker Dorm (Outbound)"", ""network"": ""Duke"", ""public_transport"": ""platform"", ""ref"": ""13011""}"
DUR-02,node,6509747406,Swift Ave at Faber St,public_transport,platform,Point,transport_platform_infrastructure,"{""bus"": ""yes"", ""highway"": ""bus_stop"", ""name"": ""Swift Ave at Faber St"", ""network"": ""Duke"", ""public_transport"": ""platform"", ""ref"": ""13008""}"
DUR-02,node,6509747408,East Campus (Washington Duke Statue),public_transport,platform,Point,transport_platform_infrastructure,"{""bus"": ""yes"", ""highway"": ""bus_stop"", ""name"": ""East Campus (Washington Duke Statue)"", ""network"": ""Duke"", ""public_transport"": ""platform"", ""ref"": ""12130""}"
DUR-02,node,6509747409,Duke Hospital,public_transport,platform,Point,transport_platform_infrastructure,"{""bus"": ""yes"", ""highway"": ""bus_stop"", ""name"": ""Duke Hospital"", ""network"": ""Duke"", ""public_transport"": ""platform"", ""ref"": ""12114""}"
DUR-02,node,6509747411,Towerview Rd at Gross Hall Labs,public_transport,platform,Point,transport_platform_infrastructure,"{""bus"": ""yes"", ""highway"": ""bus_stop"", ""name"": ""Towerview Rd at Gross Hall Labs"", ""network"": ""Duke"", ""public_transport"": ""platform"", ""ref"": ""12124""}"
DUR-02,node,6509747414,Science Dr at Bryan Center Garage,public_transport,platform,Point,transport_platform_infrastructure,"{""bus"": ""yes"", ""highway"": ""bus_stop"", ""name"": ""Science Dr at Bryan Center Garage"", ""network"": ""Duke"", ""public_transport"": ""platform"", ""ref"": ""12123""}"
DUR-02,node,6509747417,Duke Medical Pavilion/Cancer Ctr,public_transport,platform,Point,transport_platform_infrastructure,"{""bus"": ""yes"", ""highway"": ""bus_stop"", ""name"": ""Duke Medical Pavilion/Cancer Ctr"", ""network"": ""Duke"", ""public_transport"": ""platform"", ""ref"": ""12105""}"
DUR-02,node,6509747419,Circuit Dr at North Building,public_transport,platform,Point,transport_platform_infrastructure,"{""bus"": ""yes"", ""highway"": ""bus_stop"", ""name"": ""Circuit Dr at North Building"", ""network"": ""Duke"", ""public_transport"": ""platform"", ""ref"": ""12103""}"
DUR-02,node,6509747420,LaSalle St at Circuit Lot,public_transport,platform,Point,transport_platform_infrastructure,"{""bus"": ""yes"", ""highway"": ""bus_stop"", ""name"": ""LaSalle St at Circuit Lot"", ""network"": ""Duke"", ""public_transport"": ""platform"", ""ref"": ""12102""}"
DUR-02,node,6509747421,Circuit Dr at Circuit Lot Ext (Westbound),public_transport,platform,Point,transport_platform_infrastructure,"{""bus"": ""yes"", ""highway"": ""bus_stop"", ""name"": ""Circuit Dr at Circuit Lot Ext (Westbound)"", ""network"": ""Duke"", ""public_transport"": ""platform"", ""ref"": ""12092""}"
DUR-02,node,6509747424,Towerview Rd at Edens B & C Lots (roundabout),public_transport,platform,Point,transport_platform_infrastructure,"{""bench"": ""no"", ""bus"": ""yes"", ""highway"": ""bus_stop"", ""name"": ""Towerview Rd at Edens B & C Lots (roundabout)"", ""network"": ""Duke"", ""public_transport"": ""platform"", ""ref"": ""12090"", ""shelter"": ""no""}"
DUR-02,node,6509747426,Circuit Dr at F.E.L. Labs (Eastbound),public_transport,platform,Point,transport_platform_infrastructure,"{""bus"": ""yes"", ""highway"": ""bus_stop"", ""name"": ""Circuit Dr at F.E.L. Labs (Eastbound)"", ""network"": ""Duke"", ""public_transport"": ""platform"", ""ref"": ""12093""}"
DUR-02,node,6509747427,Towerview Rd at Wilson Gym (across),public_transport,platform,Point,transport_platform_infrastructure,"{""bus"": ""yes"", ""highway"": ""bus_stop"", ""name"": ""Towerview Rd at Wilson Gym (across)"", ""network"": ""Duke"", ""public_transport"": ""platform"", ""ref"": ""12089""}"
DUR-02,node,6509747429,Yearby Ave at Flowers Dr (GC/DN Westbound),public_transport,platform,Point,transport_platform_infrastructure,"{""bench"": ""no"", ""bin"": ""no"", ""bus"": ""yes"", ""highway"": ""bus_stop"", ""lit"": ""yes"", ""name"": ""Yearby Ave at Flowers Dr (GC/DN Westbound)"", ""network"": ""Duke"", ""public_transport"": ""platform"", ""ref"": ""12082"", ""shelter"": ""no"", ""tactile_paving"": ""no""}"
DUR-02,node,6509747432,Maxwell Ave at Smith Warehouse (EB),public_transport,platform,Point,transport_platform_infrastructure,"{""bus"": ""yes"", ""highway"": ""bus_stop"", ""name"": ""Maxwell Ave at Smith Warehouse (EB)"", ""network"": ""Duke"", ""public_transport"": ""platform"", ""ref"": ""12077""}"
DUR-02,node,6509747435,Anderson St at Campus Dr (Northbound),public_transport,platform,Point,transport_platform_infrastructure,"{""bus"": ""yes"", ""highway"": ""bus_stop"", ""name"": ""Anderson St at Campus Dr (Northbound)"", ""network"": ""Duke"", ""public_transport"": ""platform"", ""ref"": ""12086""}"
DUR-02,node,6509747440,Maxwell Ave at Smith Warehouse (WB),public_transport,platform,Point,transport_platform_infrastructure,"{""bus"": ""yes"", ""highway"": ""bus_stop"", ""name"": ""Maxwell Ave at Smith Warehouse (WB)"", ""network"": ""Duke"", ""public_transport"": ""platform"", ""ref"": ""12071""}"
DUR-02,node,6509747442,Buchanan Blvd at Urban Ave (SB),public_transport,platform,Point,transport_platform_infrastructure,"{""bus"": ""yes"", ""highway"": ""bus_stop"", ""name"": ""Buchanan Blvd at Urban Ave (SB)"", ""network"": ""GoDurham"", ""public_transport"": ""platform"", ""ref"": ""6515""}"
DUR-02,node,6509747447,Circuit Dr at Towerview Rd,public_transport,platform,Point,transport_platform_infrastructure,"{""bus"": ""yes"", ""highway"": ""bus_stop"", ""name"": ""Circuit Dr at Towerview Rd"", ""network"": ""Duke"", ""public_transport"": ""platform"", ""ref"": ""12067""}"
DUR-02,node,6509747448,Science Dr at Fuqua School of Business (NB),public_transport,platform,Point,transport_platform_infrastructure,"{""bench"": ""no"", ""bin"": ""no"", ""bus"": ""yes"", ""highway"": ""bus_stop"", ""name"": ""Science Dr at Fuqua School of Business (NB)"", ""network"": ""Duke"", ""public_transport"": ""platform"", ""ref"": ""12060"", ""shelter"": ""no"", ""tactile_paving"": ""no""}"
DUR-02,node,6509747449,Alexander Ave at Pace St (Pi Kappa Phi),public_transport,platform,Point,transport_platform_infrastructure,"{""bus"": ""yes"", ""highway"": ""bus_stop"", ""name"": ""Alexander Ave at Pace St (Pi Kappa Phi)"", ""network"": ""Duke"", ""public_transport"": ""platform"", ""ref"": ""12056""}"
DUR-02,node,6509747453,Anderson St at Lewis St,public_transport,platform,Point,transport_platform_infrastructure,"{""bus"": ""yes"", ""highway"": ""bus_stop"", ""name"": ""Anderson St at Lewis St"", ""network"": ""Duke"", ""public_transport"": ""platform"", ""ref"": ""12052""}"
DUR-02,node,6509747454,Alexander Ave at Pace St (Ubuntu House),public_transport,platform,Point,transport_platform_infrastructure,"{""bus"": ""yes"", ""highway"": ""bus_stop"", ""name"": ""Alexander Ave at Pace St (Ubuntu House)"", ""network"": ""Duke"", ""public_transport"": ""platform"", ""ref"": ""12057""}"
DUR-02,node,6509747456,Yearby Ave at Anderson St,public_transport,platform,Point,transport_platform_infrastructure,"{""bench"": ""yes"", ""bin"": ""no"", ""bus"": ""yes"", ""highway"": ""bus_stop"", ""lit"": ""no"", ""name"": ""Yearby Ave at Anderson St"", ""network"": ""Duke"", ""public_transport"": ""platform"", ""ref"": ""12050"", ""shelter"": ""no"", ""tactile_paving"": ""no""}"
DUR-02,node,6509747460,Circuit Dr at Circuit Lot (Westbound),public_transport,platform,Point,transport_platform_infrastructure,"{""bus"": ""yes"", ""highway"": ""bus_stop"", ""name"": ""Circuit Dr at Circuit Lot (Westbound)"", ""network"": ""Duke"", ""public_transport"": ""platform"", ""ref"": ""12047""}"
DUR-02,node,6509747461,Circuit Dr at LaSalle (Circuit Lot Eastbound),public_transport,platform,Point,transport_platform_infrastructure,"{""bus"": ""yes"", ""highway"": ""bus_stop"", ""name"": ""Circuit Dr at LaSalle (Circuit Lot Eastbound)"", ""network"": ""Duke"", ""public_transport"": ""platform"", ""ref"": ""12048""}"
DUR-02,node,6509747462,Yearby Ave at H Lot (Westbound),public_transport,platform,Point,transport_platform_infrastructure,"{""bench"": ""yes"", ""bin"": ""no"", ""bus"": ""yes"", ""highway"": ""bus_stop"", ""lit"": ""no"", ""name"": ""Yearby Ave at H Lot (Westbound)"", ""network"": ""Duke"", ""public_transport"": ""platform"", ""ref"": ""12049"", ""shelter"": ""yes"", ""tactile_paving"": ""no""}"
DUR-02,node,6509747464,Research Dr at LSRC Building (SB),public_transport,platform,Point,transport_platform_infrastructure,"{""bus"": ""yes"", ""highway"": ""bus_stop"", ""name"": ""Research Dr at LSRC Building (SB)"", ""network"": ""Duke"", ""public_transport"": ""platform"", ""ref"": ""12045""}"
DUR-02,node,6509747467,Trent Dr at School of Nursing (Southbound),public_transport,platform,Point,transport_platform_infrastructure,"{""bus"": ""yes"", ""highway"": ""bus_stop"", ""name"": ""Trent Dr at School of Nursing (Southbound)"", ""network"": ""Duke"", ""public_transport"": ""platform"", ""ref"": ""12034""}"
DUR-02,node,6509747468,Flowers Dr at Trent Hall (NB),public_transport,platform,Point,transport_platform_infrastructure,"{""bus"": ""yes"", ""highway"": ""bus_stop"", ""name"": ""Flowers Dr at Trent Hall (NB)"", ""network"": ""Duke"", ""public_transport"": ""platform"", ""ref"": ""12038""}"
DUR-02,node,6509747469,Research Dr at Duke Clinic,public_transport,platform,Point,transport_platform_infrastructure,"{""bus"": ""yes"", ""highway"": ""bus_stop"", ""name"": ""Research Dr at Duke Clinic"", ""network"": ""Duke"", ""public_transport"": ""platform"", ""ref"": ""12030"", ""shelter"": ""no""}"
DUR-02,node,6509747472,Science Drive Circle,public_transport,platform,Point,transport_platform_infrastructure,"{""bench"": ""yes"", ""bus"": ""yes"", ""highway"": ""bus_stop"", ""name"": ""Science Drive Circle"", ""network"": ""Duke"", ""public_transport"": ""platform"", ""ref"": ""12027"", ""shelter"": ""yes""}"
DUR-02,node,6509747473,Research Dr at Hudson Hall,public_transport,platform,Point,transport_platform_infrastructure,"{""bus"": ""yes"", ""highway"": ""bus_stop"", ""name"": ""Research Dr at Hudson Hall"", ""network"": ""Duke"", ""public_transport"": ""platform"", ""ref"": ""12029""}"
DUR-02,node,6509747474,Science Dr at Duke Law School,public_transport,platform,Point,transport_platform_infrastructure,"{""bench"": ""no"", ""bin"": ""no"", ""bus"": ""yes"", ""highway"": ""bus_stop"", ""name"": ""Science Dr at Duke Law School"", ""network"": ""Duke"", ""public_transport"": ""platform"", ""ref"": ""12023"", ""shelter"": ""no"", ""tactile_paving"": ""no""}"
DUR-02,node,6509747475,Science Dr at Sanford School of Public Policy,public_transport,platform,Point,transport_platform_infrastructure,"{""bench"": ""no"", ""bin"": ""no"", ""bus"": ""yes"", ""highway"": ""bus_stop"", ""name"": ""Science Dr at Sanford School of Public Policy"", ""network"": ""Duke"", ""public_transport"": ""platform"", ""ref"": ""12024"", ""shelter"": ""no"", ""tactile_paving"": ""no""}"
DUR-02,node,6509747476,Science Dr at Biological Sciences Bldg (Southbound),public_transport,platform,Point,transport_platform_infrastructure,"{""bus"": ""yes"", ""highway"": ""bus_stop"", ""name"": ""Science Dr at Biological Sciences Bldg (Southbound)"", ""network"": ""Duke"", ""public_transport"": ""platform"", ""ref"": ""12025""}"
DUR-02,node,6509747479,Campus Drive At Chapel Circle Eastbound,public_transport,platform,Point,transport_platform_infrastructure,"{""bus"": ""yes"", ""highway"": ""bus_stop"", ""name"": ""Campus Drive At Chapel Circle Eastbound"", ""network"": ""Duke"", ""public_transport"": ""platform"", ""ref"": ""12015""}"
DUR-02,node,6509747481,Towerview Rd at Sanford PPS (Public Policy),public_transport,platform,Point,transport_platform_infrastructure,"{""bench"": ""no"", ""bin"": ""no"", ""bus"": ""yes"", ""highway"": ""bus_stop"", ""lit"": ""no"", ""name"": ""Towerview Rd at Sanford PPS (Public Policy)"", ""network"": ""Duke"", ""public_transport"": ""platform"", ""ref"": ""12021"", ""shelter"": ""no"", ""tactile_paving"": ""no""}"
DUR-02,node,6509747485,Campus Dr at Anderson St (Westbound),public_transport,platform,Point,transport_platform_infrastructure,"{""bus"": ""yes"", ""highway"": ""bus_stop"", ""name"": ""Campus Dr at Anderson St (Westbound)"", ""network"": ""Duke"", ""public_transport"": ""platform"", ""ref"": ""12011""}"
DUR-02,node,6509747489,Campus Dr at Nasher (Westbound),public_transport,platform,Point,transport_platform_infrastructure,"{""bus"": ""yes"", ""highway"": ""bus_stop"", ""name"": ""Campus Dr at Nasher (Westbound)"", ""network"": ""Duke"", ""public_transport"": ""platform"", ""ref"": ""12009""}"
DUR-02,node,6509747493,Gilbert-Addoms Westbound,public_transport,platform,Point,transport_platform_infrastructure,"{""bus"": ""yes"", ""highway"": ""bus_stop"", ""name"": ""Gilbert-Addoms Westbound"", ""network"": ""Duke"", ""public_transport"": ""platform"", ""ref"": ""12002""}"
DUR-02,node,6509747496,Chapel Dr at Duke University Rd (Alumni House),public_transport,platform,Point,transport_platform_infrastructure,"{""bus"": ""yes"", ""highway"": ""bus_stop"", ""name"": ""Chapel Dr at Duke University Rd (Alumni House)"", ""network"": ""Duke;GoDurham;GoTriangle"", ""public_transport"": ""platform"", ""ref"": ""6334""}"
DUR-02,node,6509747497,Towerview Rd at the School of Law,public_transport,platform,Point,transport_platform_infrastructure,"{""bus"": ""yes"", ""highway"": ""bus_stop"", ""name"": ""Towerview Rd at the School of Law"", ""network"": ""Duke"", ""public_transport"": ""platform"", ""ref"": ""13023""}"
DUR-02,node,6509747498,Chapel Dr at Duke University Rd (Duke News),public_transport,platform,Point,transport_platform_infrastructure,"{""bus"": ""yes"", ""highway"": ""bus_stop"", ""name"": ""Chapel Dr at Duke University Rd (Duke News)"", ""network"": ""Duke;GoDurham;GoTriangle"", ""public_transport"": ""platform"", ""ref"": ""6286""}"
DUR-02,node,6509747500,Science Dr at Fuqua School of Business (SB),public_transport,platform,Point,transport_platform_infrastructure,"{""bench"": ""no"", ""bin"": ""no"", ""bus"": ""yes"", ""highway"": ""bus_stop"", ""name"": ""Science Dr at Fuqua School of Business (SB)"", ""network"": ""Duke"", ""public_transport"": ""platform"", ""ref"": ""13024"", ""shelter"": ""no"", ""tactile_paving"": ""no""}"
DUR-02,node,6509747502,Trent Dr at Duke Hospital South (EB),public_transport,platform,Point,transport_platform_infrastructure,"{""bus"": ""yes"", ""highway"": ""bus_stop"", ""name"": ""Trent Dr at Duke Hospital South (EB)"", ""network"": ""Duke;GoDurham;GoTriangle"", ""public_transport"": ""platform"", ""ref"": ""5743""}"
DUR-02,node,6509747507,Trent Dr at Duke Hospital South (WB),public_transport,platform,Point,transport_platform_infrastructure,"{""bus"": ""yes"", ""highway"": ""bus_stop"", ""name"": ""Trent Dr at Duke Hospital South (WB)"", ""network"": ""Duke;GoDurham;GoTriangle"", ""public_transport"": ""platform"", ""ref"": ""5078""}"
DUR-02,node,6716399805,,historic,monument,Point,unnamed_not_inherently_meaningful,"{""historic"": ""monument""}"
DUR-02,node,7519170431,,amenity,bicycle_parking,Point,low_value_category,"{""amenity"": ""bicycle_parking"", ""capacity"": ""10""}"
DUR-02,node,8542648568,Swift,public_transport,platform,Point,transport_platform_infrastructure,"{""bus"": ""yes"", ""highway"": ""bus_stop"", ""name"": ""Swift"", ""network"": ""Duke University"", ""operator"": ""Duke University"", ""public_transport"": ""platform""}"
DUR-02,node,10302343878,Dero,amenity,bicycle_repair_station,Point,low_value_category,"{""amenity"": ""bicycle_repair_station"", ""brand"": ""Dero"", ""note"": ""Duke University Crowell/Student Wellness"", ""opening_hours"": ""24/7"", ""service:bicycle:pump"": ""yes"", ""service:bicycle:tools"": ""yes""}"
DUR-02,node,10302389158,Dero,amenity,bicycle_repair_station,Point,low_value_category,"{""amenity"": ""bicycle_repair_station"", ""brand"": ""Dero"", ""note"": ""Duke University West Residence Hall"", ""opening_hours"": ""24/7"", ""service:bicycle:pump"": ""yes"", ""service:bicycle:tools"": ""yes""}"
DUR-02,node,10587134562,Dero,amenity,bicycle_repair_station,Point,low_value_category,"{""amenity"": ""bicycle_repair_station"", ""brand"": ""Dero"", ""note"": ""Duke University - Rubenstein Hall"", ""opening_hours"": ""24/7"", ""service:bicycle:pump"": ""yes"", ""service:bicycle:tools"": ""yes""}"
DUR-02,node,10587161687,Dero,amenity,bicycle_repair_station,Point,low_value_category,"{""amenity"": ""bicycle_repair_station"", ""brand"": ""Dero"", ""note"": ""Science Drive Parking Garage"", ""opening_hours"": ""24/7"", ""service:bicycle:pump"": ""yes"", ""service:bicycle:tools"": ""yes""}"
DUR-02,node,10587166326,Dero,amenity,bicycle_repair_station,Point,low_value_category,"{""amenity"": ""bicycle_repair_station"", ""brand"": ""Dero"", ""note"": ""Research Drive Parking Garage"", ""opening_hours"": ""24/7"", ""service:bicycle:pump"": ""yes"", ""service:bicycle:tools"": ""yes""}"
DUR-02,node,11829174401,,amenity,bicycle_parking,Point,low_value_category,"{""amenity"": ""bicycle_parking""}"
DUR-02,node,11943458152,,amenity,bicycle_parking,Point,low_value_category,"{""amenity"": ""bicycle_parking"", ""bicycle_parking"": ""stands"", ""capacity"": ""6"", ""covered"": ""no""}"
DUR-02,node,11943548748,,amenity,waste_basket,Point,low_value_category,"{""amenity"": ""waste_basket""}"
DUR-02,node,11943553905,,amenity,bench,Point,low_value_category,"{""amenity"": ""bench"", ""backrest"": ""yes""}"
DUR-02,node,11943591652,,amenity,bench,Point,low_value_category,"{""amenity"": ""bench"", ""backrest"": ""yes""}"
DUR-02,node,11943593553,,amenity,waste_basket,Point,low_value_category,"{""amenity"": ""waste_basket""}"
DUR-02,node,11943604539,,amenity,bench,Point,low_value_category,"{""amenity"": ""bench""}"
DUR-02,node,12650229255,,amenity,waste_basket,Point,low_value_category,"{""amenity"": ""waste_basket""}"
DUR-02,node,12650245833,,amenity,waste_basket,Point,low_value_category,"{""amenity"": ""waste_basket""}"
DUR-02,way,24493242,Sarah P. Duke Gardens,leisure,park,Polygon,representative_point_outside_region,"{""addr:city"": ""Durham"", ""addr:housenumber"": ""426"", ""addr:postcode"": ""27708"", ""addr:state"": ""NC"", ""addr:street"": ""Anderson Street"", ""alt_name"": ""Sarah P Duke Gardens"", ""leisure"": ""park"", ""name"": ""Sarah P. Duke Gardens"", ""website"": ""https://gardens.duke.edu/"", ""wikidata"": ""Q7422667"", ""wikipedia"": ""en:Sarah P. Duke Gardens""}"
DUR-02,way,27331486,Duke Circle Parking Deck,amenity,parking,Polygon,low_value_category,"{""access"": ""customers"", ""addr:city"": ""Durham"", ""addr:housenumber"": ""302"", ""addr:postcode"": ""27705"", ""addr:state"": ""NC"", ""addr:street"": ""Trent Drive"", ""amenity"": ""parking"", ""building"": ""parking"", ""fee"": ""yes"", ""name"": ""Duke Circle Parking Deck"", ""parking"": ""multi-storey"", ""source:addr"": ""Durham Open Data""}"
DUR-02,way,27458925,Bryan Center Parking Garage,amenity,parking,Polygon,low_value_category,"{""access"": ""yes"", ""addr:city"": ""Durham"", ""addr:housenumber"": ""135"", ""addr:postcode"": ""27705"", ""addr:state"": ""NC"", ""addr:street"": ""Science Drive"", ""amenity"": ""parking"", ""building"": ""yes"", ""capacity"": ""350"", ""fee"": ""yes"", ""maxstay"": ""1 day"", ""name"": ""Bryan Center Parking Garage"", ""operator"": ""Duke University"", ""park_ride"": ""no"", ""parking"": ""multi-storey"", ""ref"": ""Parking Garage IV"", ""source:addr"": ""Durham Open Data"", ""surface"": ""concrete""}"
DUR-02,way,27705930,,amenity,parking,Polygon,low_value_category,"{""access"": ""private"", ""amenity"": ""parking""}"
DUR-02,way,27919018,,leisure,pitch,Polygon,unnamed_pitch,"{""access"": ""private"", ""leisure"": ""pitch"", ""sport"": ""multi;soccer"", ""surface"": ""grass""}"
DUR-02,way,27995293,Epworth Parking Lot,amenity,parking,Polygon,low_value_category,"{""access"": ""private"", ""addr:city"": ""Durham"", ""addr:housenumber"": ""6"", ""addr:postcode"": ""27705"", ""addr:state"": ""NC"", ""addr:street"": ""Epworth Dorm Lane"", ""amenity"": ""parking"", ""name"": ""Epworth Parking Lot"", ""operator"": ""Duke University Parking & Transportation"", ""parking"": ""surface"", ""source:addr"": ""Durham Open Data""}"
DUR-02,way,27995388,Wilson House/Red Zone,amenity,parking,Polygon,low_value_category,"{""access"": ""private"", ""amenity"": ""parking"", ""capacity"": ""13"", ""name"": ""Wilson House/Red Zone"", ""operator"": ""Duke University Parking & Transportation"", ""parking"": ""surface""}"
DUR-02,way,28001546,Gilbert-Addoms Lot,amenity,parking,Polygon,low_value_category,"{""access"": ""private"", ""amenity"": ""parking"", ""name"": ""Gilbert-Addoms Lot"", ""parking"": ""surface""}"
DUR-02,way,28028728,Randolph Parking Lot,amenity,parking,Polygon,low_value_category,"{""access"": ""private"", ""amenity"": ""parking"", ""capacity"": ""32"", ""name"": ""Randolph Parking Lot"", ""operator"": ""Duke University Parking & Transportaiton"", ""parking"": ""surface""}"
DUR-02,way,28028859,,amenity,parking,Polygon,low_value_category,"{""access"": ""private"", ""amenity"": ""parking""}"
DUR-02,way,28028900,Pegram Parking Lot,amenity,parking,Polygon,low_value_category,"{""access"": ""private"", ""amenity"": ""parking"", ""name"": ""Pegram Parking Lot"", ""parking"": ""surface""}"
DUR-02,way,28264989,Brown Parking Lot,amenity,parking,Polygon,low_value_category,"{""access"": ""private"", ""amenity"": ""parking"", ""name"": ""Brown Parking Lot"", ""parking"": ""street_side""}"
DUR-02,way,28265015,Bivins Parking Lot,amenity,parking,Polygon,low_value_category,"{""access"": ""private"", ""amenity"": ""parking"", ""name"": ""Bivins Parking Lot"", ""parking"": ""surface""}"
DUR-02,way,32336367,Duke University,amenity,parking,Polygon,low_value_category,"{""access"": ""yes"", ""amenity"": ""parking"", ""capacity"": ""55"", ""fee"": ""yes"", ""operator"": ""Duke University"", ""park_ride"": ""no"", ""parking"": ""surface"", ""supervised"": ""no"", ""surface"": ""paved""}"
DUR-02,way,32685429,,amenity,parking,Polygon,low_value_category,"{""amenity"": ""parking"", ""parking"": ""surface"", ""surface"": ""asphalt""}"
DUR-02,way,32685432,,amenity,parking,Polygon,low_value_category,"{""addr:city"": ""Durham"", ""addr:housenumber"": ""173"", ""addr:postcode"": ""27705"", ""addr:state"": ""NC"", ""addr:street"": ""Circuit Drive"", ""amenity"": ""parking"", ""parking"": ""surface"", ""source:addr"": ""Durham Open Data"", ""surface"": ""asphalt""}"
DUR-02,way,32685521,,amenity,parking,Polygon,low_value_category,"{""amenity"": ""parking""}"
DUR-02,way,34714288,,leisure,pitch,Polygon,unnamed_pitch,"{""leisure"": ""pitch"", ""sport"": ""american_football""}"
DUR-02,way,35085420,,amenity,parking,Polygon,low_value_category,"{""amenity"": ""parking""}"
DUR-02,way,35085463,,leisure,pitch,Polygon,unnamed_pitch,"{""leisure"": ""pitch"", ""sport"": ""lacrosse"", ""surface"": ""grass""}"
DUR-02,way,44506340,,amenity,parking,Polygon,low_value_category,"{""amenity"": ""parking""}"
DUR-02,way,45677645,Smith Warehouse Parking Lot South,amenity,parking,Polygon,low_value_category,"{""access"": ""private"", ""amenity"": ""parking"", ""name"": ""Smith Warehouse Parking Lot South"", ""parking"": ""surface"", ""surface"": ""asphalt""}"
DUR-02,way,47108081,,amenity,parking,Polygon,low_value_category,"{""addr:city"": ""Durham"", ""addr:housenumber"": ""7"", ""addr:postcode"": ""27705"", ""addr:state"": ""NC"", ""addr:street"": ""Sands Parking Drive"", ""amenity"": ""parking"", ""building"": ""yes"", ""parking"": ""multi-storey"", ""source:addr"": ""Durham Open Data""}"
DUR-02,way,47131509,,amenity,parking,Polygon,low_value_category,"{""addr:city"": ""Durham"", ""addr:housenumber"": ""9"", ""addr:postcode"": ""27705"", ""addr:state"": ""NC"", ""addr:street"": ""Circuit Drive"", ""amenity"": ""parking"", ""parking"": ""surface"", ""source:addr"": ""Durham Open Data""}"
DUR-02,way,47279924,,amenity,parking,Polygon,low_value_category,"{""amenity"": ""parking""}"
DUR-02,way,47425268,,amenity,parking,Polygon,low_value_category,"{""access"": ""private"", ""amenity"": ""parking"", ""parking"": ""surface"", ""surface"": ""asphalt""}"
DUR-02,way,57453801,,leisure,stadium,Polygon,unnamed_not_inherently_meaningful,"{""leisure"": ""stadium"", ""sport"": ""baseball""}"
DUR-02,way,75739268,,amenity,parking,Polygon,low_value_category,"{""access"": ""private"", ""amenity"": ""parking""}"
DUR-02,way,80394271,,amenity,parking,Polygon,low_value_category,"{""addr:city"": ""Durham"", ""addr:housenumber"": ""140"", ""addr:postcode"": ""27705"", ""addr:state"": ""NC"", ""addr:street"": ""Circuit Drive"", ""amenity"": ""parking"", ""parking"": ""surface"", ""source:addr"": ""Durham Open Data"", ""surface"": ""asphalt""}"
DUR-02,way,80394272,,amenity,parking,Polygon,low_value_category,"{""addr:city"": ""Durham"", ""addr:housenumber"": ""108"", ""addr:postcode"": ""27705"", ""addr:state"": ""NC"", ""addr:street"": ""Circuit Drive"", ""amenity"": ""parking"", ""parking"": ""surface"", ""source:addr"": ""Durham Open Data"", ""surface"": ""asphalt""}"
DUR-02,way,80394273,,amenity,parking,Polygon,low_value_category,"{""amenity"": ""parking"", ""parking"": ""surface"", ""surface"": ""asphalt""}"
DUR-02,way,103831389,,amenity,parking,Polygon,low_value_category,"{""amenity"": ""parking""}"
DUR-02,way,133334234,,leisure,pitch,Polygon,unnamed_pitch,"{""leisure"": ""pitch""}"
DUR-02,way,133334235,,leisure,pitch,Polygon,unnamed_pitch,"{""addr:city"": ""Durham"", ""addr:housenumber"": ""120"", ""addr:postcode"": ""27705"", ""addr:state"": ""NC"", ""addr:street"": ""Bassett Drive"", ""leisure"": ""pitch"", ""source:addr"": ""Durham Open Data"", ""sport"": ""american_football""}"
DUR-02,way,204534584,Biddle Music Parking Lot,amenity,parking,Polygon,low_value_category,"{""amenity"": ""parking"", ""name"": ""Biddle Music Parking Lot""}"
DUR-02,way,242366336,Smith Warehouse Parking Lot South,amenity,parking,Polygon,low_value_category,"{""access"": ""private"", ""amenity"": ""parking"", ""name"": ""Smith Warehouse Parking Lot South"", ""parking"": ""surface"", ""surface"": ""asphalt""}"
DUR-02,way,242366337,Smith Warehouse Parking Lot North,amenity,parking,Polygon,low_value_category,"{""access"": ""private"", ""amenity"": ""parking"", ""name"": ""Smith Warehouse Parking Lot North"", ""parking"": ""surface""}"
DUR-02,way,304110607,Stagg Pavilion,amenity,shelter,Polygon,low_value_category,"{""amenity"": ""shelter"", ""building"": ""yes"", ""building:levels"": ""1"", ""name"": ""Stagg Pavilion"", ""website"": ""https://library.duke.edu/rubenstein/uarchives/history/exhibits/building-names/east/stagg"", ""wheelchair"": ""limited""}"
DUR-02,way,310123970,Graduate Center Lot,amenity,parking,Polygon,low_value_category,"{""access"": ""private"", ""addr:city"": ""Durham"", ""addr:housenumber"": ""105"", ""addr:postcode"": ""27705"", ""addr:state"": ""NC"", ""addr:street"": ""Flowers Drive"", ""amenity"": ""parking"", ""name"": ""Graduate Center Lot"", ""parking"": ""surface"", ""source:addr"": ""Durham Open Data""}"
DUR-02,way,310123971,Graduate Center Lot,amenity,parking,Polygon,low_value_category,"{""access"": ""private"", ""addr:city"": ""Durham"", ""addr:housenumber"": ""2078"", ""addr:postcode"": ""27705"", ""addr:state"": ""NC"", ""addr:street"": ""Yearby Avenue"", ""amenity"": ""parking"", ""name"": ""Graduate Center Lot"", ""parking"": ""surface"", ""source:addr"": ""Durham Open Data""}"
DUR-02,way,310123972,H Lot,amenity,parking,Polygon,low_value_category,"{""access"": ""private"", ""addr:city"": ""Durham"", ""addr:housenumber"": ""200"", ""addr:postcode"": ""27705"", ""addr:state"": ""NC"", ""addr:street"": ""Anderson Street"", ""amenity"": ""parking"", ""name"": ""H Lot"", ""parking"": ""surface"", ""source:addr"": ""Durham Open Data""}"
DUR-02,way,331529122,,amenity,parking,Polygon,low_value_category,"{""access"": ""private"", ""addr:city"": ""Durham"", ""addr:housenumber"": ""110"", ""addr:postcode"": ""27705"", ""addr:state"": ""NC"", ""addr:street"": ""Whitford Drive"", ""amenity"": ""parking"", ""source:addr"": ""Durham Open Data""}"
DUR-02,way,344316839,,amenity,parking,Polygon,low_value_category,"{""amenity"": ""parking"", ""parking"": ""surface""}"
DUR-02,way,344316841,,amenity,parking,Polygon,low_value_category,"{""amenity"": ""parking"", ""parking"": ""surface""}"
DUR-02,way,344316844,,amenity,parking,Polygon,low_value_category,"{""addr:city"": ""Durham"", ""addr:housenumber"": ""404"", ""addr:postcode"": ""27705"", ""addr:state"": ""NC"", ""addr:street"": ""Research Drive"", ""amenity"": ""parking"", ""parking"": ""surface"", ""source:addr"": ""Durham Open Data""}"
DUR-02,way,344319192,,amenity,parking,Polygon,low_value_category,"{""amenity"": ""parking"", ""parking"": ""surface"", ""surface"": ""asphalt""}"
DUR-02,way,344319202,,amenity,parking,Polygon,low_value_category,"{""amenity"": ""parking"", ""parking"": ""surface"", ""surface"": ""asphalt""}"
DUR-02,way,344319205,,amenity,parking,Polygon,low_value_category,"{""amenity"": ""parking"", ""parking"": ""surface""}"
DUR-02,way,509726652,,amenity,drain,Polygon,unnamed_not_inherently_meaningful,"{""amenity"": ""drain"", ""leisure"": ""swimming_pool""}"
DUR-02,way,509726653,,amenity,fountain,Polygon,unnamed_not_inherently_meaningful,"{""addr:city"": ""Durham"", ""addr:housenumber"": ""501"", ""addr:postcode"": ""27705"", ""addr:state"": ""NC"", ""addr:street"": ""Research Drive"", ""amenity"": ""fountain"", ""source:addr"": ""Durham Open Data"", ""water"": ""fountain""}"
DUR-02,way,547286849,,amenity,parking,Polygon,low_value_category,"{""amenity"": ""parking"", ""parking"": ""rooftop""}"
DUR-02,way,547437733,,amenity,parking,Polygon,low_value_category,"{""addr:city"": ""Durham"", ""addr:housenumber"": ""3"", ""addr:postcode"": ""27705"", ""addr:state"": ""NC"", ""addr:street"": ""Genome Court"", ""amenity"": ""parking"", ""parking"": ""surface"", ""source:addr"": ""Durham Open Data""}"
DUR-02,way,550667804,,leisure,pitch,Polygon,unnamed_pitch,"{""leisure"": ""pitch"", ""sport"": ""softball""}"
DUR-02,way,611698330,Branson Hall Parking,amenity,parking,Polygon,low_value_category,"{""access"": ""private"", ""amenity"": ""parking"", ""capacity"": ""4"", ""name"": ""Branson Hall Parking"", ""operator"": ""Duke University"", ""park_ride"": ""no"", ""parking"": ""surface"", ""supervised"": ""no"", ""surface"": ""concrete""}"
DUR-02,way,625303136,Science Drive Garage,amenity,parking,Polygon,low_value_category,"{""access"": ""private"", ""addr:city"": ""Durham"", ""addr:housenumber"": ""302"", ""addr:postcode"": ""27705"", ""addr:state"": ""NC"", ""addr:street"": ""Science Drive"", ""amenity"": ""parking"", ""building"": ""parking"", ""capacity"": ""2263"", ""name"": ""Science Drive Garage"", ""operator"": ""Duke University"", ""parking"": ""multi-storey"", ""source:addr"": ""Survey""}"
DUR-02,way,631981883,,amenity,parking,Polygon,low_value_category,"{""amenity"": ""parking"", ""parking"": ""surface"", ""surface"": ""asphalt""}"
DUR-02,way,631981888,,amenity,parking,Polygon,low_value_category,"{""amenity"": ""parking"", ""parking"": ""surface"", ""surface"": ""asphalt""}"
DUR-02,way,631983724,,amenity,parking,Polygon,low_value_category,"{""amenity"": ""parking"", ""parking"": ""surface""}"
DUR-02,way,631983725,,amenity,parking,Polygon,low_value_category,"{""amenity"": ""parking"", ""parking"": ""surface""}"
DUR-02,way,631983728,,amenity,parking,Polygon,low_value_category,"{""amenity"": ""parking"", ""parking"": ""surface""}"
DUR-02,way,631983729,,amenity,parking,Polygon,low_value_category,"{""amenity"": ""parking"", ""parking"": ""surface""}"
DUR-02,way,672672579,,railway,abandoned,LineString,railway_track_infrastructure,"{""railway"": ""abandoned""}"
DUR-02,way,703956741,,amenity,parking_space,Point,low_value_category,"{""amenity"": ""parking_space""}"
DUR-02,way,703956742,,amenity,parking_space,Point,low_value_category,"{""amenity"": ""parking_space""}"
DUR-02,way,703956743,,amenity,parking_space,Point,low_value_category,"{""amenity"": ""parking_space""}"
DUR-02,way,703956744,,amenity,parking_space,Point,low_value_category,"{""amenity"": ""parking_space""}"
DUR-02,way,703956745,,amenity,parking_space,Point,low_value_category,"{""amenity"": ""parking_space""}"
DUR-02,way,703956746,,amenity,parking_space,Point,low_value_category,"{""amenity"": ""parking_space""}"
DUR-02,way,703956747,,amenity,parking_space,Point,low_value_category,"{""amenity"": ""parking_space""}"
DUR-02,way,703956748,,amenity,parking_space,Point,low_value_category,"{""amenity"": ""parking_space""}"
DUR-02,way,703956749,,amenity,parking_space,Point,low_value_category,"{""amenity"": ""parking_space""}"
DUR-02,way,703956750,,amenity,parking_space,Point,low_value_category,"{""amenity"": ""parking_space""}"
DUR-02,way,703956751,,amenity,parking_space,Point,low_value_category,"{""amenity"": ""parking_space""}"
DUR-02,way,703956752,,amenity,parking_space,Point,low_value_category,"{""amenity"": ""parking_space""}"
DUR-02,way,722930456,,amenity,parking,Point,low_value_category,"{""amenity"": ""parking"", ""parking"": ""surface"", ""surface"": ""asphalt""}"
DUR-02,way,961126334,,railway,disused,Point,railway_track_infrastructure,"{""bridge"": ""yes"", ""layer"": ""1"", ""railway"": ""disused""}"
DUR-02,way,1065904256,,amenity,parking,Point,low_value_category,"{""amenity"": ""parking"", ""parking"": ""surface"", ""surface"": ""asphalt""}"
DUR-02,way,1065904257,,amenity,parking,Point,low_value_category,"{""amenity"": ""parking"", ""parking"": ""surface"", ""surface"": ""asphalt""}"
DUR-02,way,1065904264,,amenity,parking,Point,low_value_category,"{""amenity"": ""parking"", ""parking"": ""surface"", ""surface"": ""paved""}"
DUR-02,way,1065904265,,amenity,parking,Point,low_value_category,"{""amenity"": ""parking"", ""parking"": ""surface"", ""surface"": ""asphalt""}"
DUR-02,way,1065904266,,amenity,parking,Point,low_value_category,"{""amenity"": ""parking"", ""parking"": ""surface"", ""surface"": ""asphalt""}"
DUR-02,way,1065904267,,amenity,parking,Point,low_value_category,"{""amenity"": ""parking"", ""parking"": ""surface"", ""surface"": ""asphalt""}"
DUR-02,way,1065941821,,amenity,parking,Point,low_value_category,"{""amenity"": ""parking"", ""parking"": ""surface"", ""surface"": ""asphalt""}"
DUR-02,way,1065959625,,amenity,parking,Point,low_value_category,"{""access"": ""permit"", ""amenity"": ""parking"", ""parking"": ""surface"", ""surface"": ""asphalt""}"
DUR-02,way,1065959629,,amenity,parking,Point,low_value_category,"{""amenity"": ""parking"", ""parking"": ""surface"", ""surface"": ""asphalt""}"
DUR-02,way,1065959631,,amenity,parking,Point,low_value_category,"{""amenity"": ""parking"", ""parking"": ""surface"", ""surface"": ""asphalt""}"
DUR-02,way,1065959634,,amenity,parking,Point,low_value_category,"{""amenity"": ""parking"", ""parking"": ""surface"", ""surface"": ""asphalt""}"
DUR-02,way,1065959635,,amenity,parking,Point,low_value_category,"{""amenity"": ""parking"", ""parking"": ""surface"", ""surface"": ""asphalt""}"
DUR-02,way,1065989025,,amenity,parking,Point,low_value_category,"{""amenity"": ""parking"", ""parking"": ""surface"", ""surface"": ""asphalt""}"
DUR-02,way,1065989027,,amenity,parking,Point,low_value_category,"{""amenity"": ""parking"", ""parking"": ""surface"", ""surface"": ""asphalt""}"
DUR-02,way,1097992411,,amenity,parking,Point,low_value_category,"{""access"": ""permit"", ""amenity"": ""parking""}"
DUR-02,way,1097992412,,amenity,parking,Point,low_value_category,"{""access"": ""permit"", ""amenity"": ""parking""}"
DUR-02,way,1097992413,,amenity,parking,Point,low_value_category,"{""access"": ""permit"", ""amenity"": ""parking""}"
DUR-02,way,1268825610,,amenity,parking,Point,low_value_category,"{""access"": ""customers"", ""amenity"": ""parking"", ""capacity:disabled"": ""4"", ""fee"": ""yes"", ""parking"": ""surface"", ""surface"": ""paved""}"
DUR-02,way,1295871689,,amenity,parking,Point,low_value_category,"{""access"": ""customers"", ""amenity"": ""parking"", ""parking"": ""surface"", ""surface"": ""asphalt""}"
DUR-02,way,1309073913,,amenity,parking,Point,low_value_category,"{""access"": ""permit"", ""amenity"": ""parking"", ""fee"": ""no"", ""parking"": ""surface"", ""surface"": ""asphalt""}"
DUR-02,way,1328577993,,amenity,parking,Point,low_value_category,"{""amenity"": ""parking"", ""parking"": ""surface"", ""surface"": ""asphalt""}"
DUR-02,way,1328577994,,amenity,parking,Point,low_value_category,"{""access"": ""private"", ""amenity"": ""parking"", ""parking"": ""surface"", ""surface"": ""asphalt""}"
DUR-02,way,1376736205,Science Drive Visitor's Parking Lot,amenity,parking,Point,low_value_category,"{""access"": ""yes"", ""amenity"": ""parking"", ""fee"": ""yes"", ""name"": ""Science Drive Visitor's Parking Lot"", ""operator"": ""Duke University"", ""operator:type"": ""public"", ""parking"": ""surface"", ""payment:paybyphone"": ""yes"", ""surface"": ""asphalt""}"
DUR-02,way,1376736206,,amenity,parking,Point,low_value_category,"{""amenity"": ""parking""}"
DUR-02,way,1453405499,,railway,abandoned,Point,railway_track_infrastructure,"{""railway"": ""abandoned""}"
DUR-02,way,1454540684,,leisure,pitch,Point,unnamed_pitch,"{""leisure"": ""pitch"", ""sport"": ""pickleball"", ""surface"": ""paved""}"
DUR-02,way,1454540685,,leisure,pitch,Point,unnamed_pitch,"{""leisure"": ""pitch"", ""sport"": ""pickleball"", ""surface"": ""paved""}"
DUR-02,way,1454540686,,leisure,pitch,Point,unnamed_pitch,"{""leisure"": ""pitch"", ""sport"": ""pickleball"", ""surface"": ""paved""}"
DUR-02,way,1454540687,,leisure,pitch,Point,unnamed_pitch,"{""leisure"": ""pitch"", ""sport"": ""pickleball"", ""surface"": ""paved""}"
DUR-02,way,1454540688,,leisure,pitch,Point,unnamed_pitch,"{""leisure"": ""pitch"", ""sport"": ""pickleball"", ""surface"": ""paved""}"
DUR-02,way,1454540689,,leisure,pitch,Point,unnamed_pitch,"{""leisure"": ""pitch"", ""sport"": ""pickleball"", ""surface"": ""paved""}"
DUR-02,way,1454540690,,leisure,pitch,Point,unnamed_pitch,"{""leisure"": ""pitch"", ""sport"": ""tennis"", ""surface"": ""paved""}"
DUR-02,way,1454540691,,leisure,pitch,Point,unnamed_pitch,"{""leisure"": ""pitch"", ""sport"": ""tennis"", ""surface"": ""paved""}"
DUR-02,way,1454540692,,leisure,pitch,Point,unnamed_pitch,"{""leisure"": ""pitch"", ""sport"": ""tennis"", ""surface"": ""paved""}"
DUR-02,way,1454540693,,leisure,pitch,Point,unnamed_pitch,"{""leisure"": ""pitch"", ""sport"": ""tennis"", ""surface"": ""paved""}"
DUR-02,way,1454540694,,leisure,pitch,Point,unnamed_pitch,"{""leisure"": ""pitch"", ""sport"": ""tennis"", ""surface"": ""paved""}"
DUR-02,way,1454540695,,leisure,pitch,Point,unnamed_pitch,"{""leisure"": ""pitch"", ""sport"": ""tennis"", ""surface"": ""paved""}"
DUR-02,way,1454540696,,leisure,pitch,Point,unnamed_pitch,"{""leisure"": ""pitch"", ""sport"": ""tennis"", ""surface"": ""paved""}"
DUR-02,way,1454540697,,leisure,pitch,Point,unnamed_pitch,"{""leisure"": ""pitch"", ""sport"": ""tennis"", ""surface"": ""paved""}"
DUR-02,way,1471648213,,amenity,parking,Point,low_value_category,"{""amenity"": ""parking""}"
DUR-02,relation,14210353,,amenity,parking,Polygon,low_value_category,"{""access"": ""private"", ""amenity"": ""parking"", ""parking"": ""surface"", ""type"": ""multipolygon""}"
DUR-02,relation,14210596,,amenity,parking,Polygon,low_value_category,"{""amenity"": ""parking"", ""parking"": ""surface"", ""surface"": ""asphalt"", ""type"": ""multipolygon""}"
RAL-01,node,195468806,,railway,crossing,Point,unnamed_not_inherently_meaningful,"{""railway"": ""crossing""}"
RAL-01,node,195656163,,railway,level_crossing,Point,railway_track_infrastructure,"{""railway"": ""level_crossing""}"
RAL-01,node,195683263,,railway,level_crossing,Point,railway_track_infrastructure,"{""railway"": ""level_crossing""}"
RAL-01,node,195683286,,railway,signal,Point,railway_track_infrastructure,"{""railway"": ""signal"", ""railway:signal:direction"": ""forward""}"
RAL-01,node,195717027,,railway,level_crossing,Point,railway_track_infrastructure,"{""railway"": ""level_crossing""}"
RAL-01,node,195742271,,railway,signal,Point,railway_track_infrastructure,"{""railway"": ""signal"", ""railway:signal:direction"": ""forward""}"
RAL-01,node,607504271,,amenity,parking_entrance,Point,low_value_category,"{""amenity"": ""parking_entrance""}"
RAL-01,node,822137071,,amenity,post_box,Point,low_value_category,"{""amenity"": ""post_box"", ""collection_times"": ""Mo-Fr 15:00"", ""ref"": ""2760100095""}"
RAL-01,node,1140264502,,railway,switch,Point,railway_track_infrastructure,"{""railway"": ""switch""}"
RAL-01,node,1172629763,,railway,crossing,Point,unnamed_not_inherently_meaningful,"{""crossing:barrier"": ""no"", ""railway"": ""crossing""}"
RAL-01,node,1172629876,,railway,level_crossing,Point,railway_track_infrastructure,"{""crossing:barrier"": ""half"", ""railway"": ""level_crossing""}"
RAL-01,node,1172630148,,railway,switch,Point,railway_track_infrastructure,"{""railway"": ""switch""}"
RAL-01,node,1172630174,,railway,level_crossing,Point,railway_track_infrastructure,"{""crossing:activation"": ""automatic"", ""crossing:barrier"": ""gate"", ""crossing:bell"": ""yes"", ""crossing:light"": ""yes"", ""railway"": ""level_crossing""}"
RAL-01,node,1172630182,,railway,switch,Point,railway_track_infrastructure,"{""railway"": ""switch""}"
RAL-01,node,1172630214,,railway,level_crossing,Point,railway_track_infrastructure,"{""crossing:activation"": ""automatic"", ""crossing:barrier"": ""gate"", ""crossing:bell"": ""yes"", ""crossing:light"": ""yes"", ""railway"": ""level_crossing""}"
RAL-01,node,1172630362,,railway,switch,Point,railway_track_infrastructure,"{""railway"": ""switch""}"
RAL-01,node,1172630364,,railway,level_crossing,Point,railway_track_infrastructure,"{""crossing:barrier"": ""full"", ""railway"": ""level_crossing""}"
RAL-01,node,1172630407,,railway,switch,Point,railway_track_infrastructure,"{""railway"": ""switch""}"
RAL-01,node,1172630410,,railway,level_crossing,Point,railway_track_infrastructure,"{""crossing:activation"": ""automatic"", ""crossing:barrier"": ""gate"", ""crossing:bell"": ""yes"", ""crossing:light"": ""yes"", ""railway"": ""level_crossing""}"
RAL-01,node,1193361538,,shop,vacant,Point,unnamed_category_requires_review,"{""old_name"": ""Zydeco Downtown"", ""shop"": ""vacant""}"
RAL-01,node,1203244205,,amenity,taxi,Point,unnamed_not_inherently_meaningful,"{""amenity"": ""taxi""}"
RAL-01,node,1236250434,,railway,level_crossing,Point,railway_track_infrastructure,"{""railway"": ""level_crossing""}"
RAL-01,node,1236250472,,railway,level_crossing,Point,railway_track_infrastructure,"{""railway"": ""level_crossing""}"
RAL-01,node,1805351292,,railway,switch,Point,railway_track_infrastructure,"{""railway"": ""switch""}"
RAL-01,node,1805351293,,railway,switch,Point,railway_track_infrastructure,"{""railway"": ""switch""}"
RAL-01,node,2007300387,,railway,switch,Point,railway_track_infrastructure,"{""railway"": ""switch""}"
RAL-01,node,2052367632,,amenity,parking_entrance,Point,low_value_category,"{""amenity"": ""parking_entrance"", ""noexit"": ""yes""}"
RAL-01,node,2069175187,,amenity,parking_entrance,Point,low_value_category,"{""amenity"": ""parking_entrance""}"
RAL-01,node,2069175212,,amenity,parking_entrance,Point,low_value_category,"{""amenity"": ""parking_entrance""}"
RAL-01,node,2069175233,,amenity,parking_entrance,Point,low_value_category,"{""amenity"": ""parking_entrance""}"
RAL-01,node,2069175236,,amenity,parking_entrance,Point,low_value_category,"{""amenity"": ""parking_entrance""}"
RAL-01,node,2133098372,,railway,level_crossing,Point,railway_track_infrastructure,"{""railway"": ""level_crossing""}"
RAL-01,node,2420061542,,amenity,bicycle_parking,Point,low_value_category,"{""amenity"": ""bicycle_parking"", ""bicycle_parking"": ""loops"", ""capacity"": ""8"", ""covered"": ""no""}"
RAL-01,node,2623010309,,railway,switch,Point,railway_track_infrastructure,"{""railway"": ""switch""}"
RAL-01,node,2623010359,,railway,switch,Point,railway_track_infrastructure,"{""railway"": ""switch""}"
RAL-01,node,2623010360,,railway,switch,Point,railway_track_infrastructure,"{""railway"": ""switch""}"
RAL-01,node,2921397044,,amenity,bicycle_parking,Point,low_value_category,"{""amenity"": ""bicycle_parking"", ""bicycle_parking"": ""wave"", ""capacity"": ""7""}"
RAL-01,node,2921397045,,amenity,bicycle_parking,Point,low_value_category,"{""amenity"": ""bicycle_parking"", ""bicycle_parking"": ""wave"", ""capacity"": ""7""}"
RAL-01,node,2921397047,,amenity,bicycle_parking,Point,low_value_category,"{""amenity"": ""bicycle_parking"", ""bicycle_parking"": ""staple"", ""capacity"": ""4"", ""covered"": ""no""}"
RAL-01,node,3162277819,,amenity,parking_entrance,Point,low_value_category,"{""amenity"": ""parking_entrance""}"
RAL-01,node,3162277820,,amenity,parking_entrance,Point,low_value_category,"{""amenity"": ""parking_entrance""}"
RAL-01,node,3248743366,,shop,kiosk,Point,unnamed_category_requires_review,"{""shop"": ""kiosk""}"
RAL-01,node,3357227818,,amenity,parking_entrance,Point,low_value_category,"{""amenity"": ""parking_entrance""}"
RAL-01,node,3357227819,,amenity,parking_entrance,Point,low_value_category,"{""amenity"": ""parking_entrance""}"
RAL-01,node,3360555937,,amenity,parking_entrance,Point,low_value_category,"{""amenity"": ""parking_entrance""}"
RAL-01,node,3360555944,,amenity,parking_entrance,Point,low_value_category,"{""amenity"": ""parking_entrance""}"
RAL-01,node,3360555947,,amenity,parking_entrance,Point,low_value_category,"{""amenity"": ""parking_entrance""}"
RAL-01,node,3360555950,,amenity,parking_entrance,Point,low_value_category,"{""amenity"": ""parking_entrance""}"
RAL-01,node,3360555953,,amenity,parking_entrance,Point,low_value_category,"{""amenity"": ""parking_entrance""}"
RAL-01,node,3360555956,,amenity,parking_entrance,Point,low_value_category,"{""amenity"": ""parking_entrance""}"
RAL-01,node,3360555961,,amenity,parking_entrance,Point,low_value_category,"{""amenity"": ""parking_entrance""}"
RAL-01,node,3360555964,,amenity,parking_entrance,Point,low_value_category,"{""amenity"": ""parking_entrance""}"
RAL-01,node,3391914049,Fayetteville Street pedestrian entrance,amenity,parking_entrance,Point,low_value_category,"{""amenity"": ""parking_entrance"", ""name"": ""Fayetteville Street pedestrian entrance""}"
RAL-01,node,3509414101,,amenity,parking_entrance,Point,low_value_category,"{""amenity"": ""parking_entrance""}"
RAL-01,node,3552579541,,amenity,waste_basket,Point,low_value_category,"{""amenity"": ""waste_basket"", ""check_date"": ""2023-05-27""}"
RAL-01,node,3552579542,,amenity,bicycle_parking,Point,low_value_category,"{""amenity"": ""bicycle_parking""}"
RAL-01,node,3552579543,,amenity,bicycle_parking,Point,low_value_category,"{""amenity"": ""bicycle_parking""}"
RAL-01,node,3552579544,,amenity,bicycle_parking,Point,low_value_category,"{""amenity"": ""bicycle_parking"", ""bicycle_parking"": ""stands"", ""capacity"": ""2"", ""covered"": ""no""}"
RAL-01,node,3552579545,,amenity,waste_basket,Point,low_value_category,"{""amenity"": ""waste_basket""}"
RAL-01,node,3552579555,,amenity,waste_basket,Point,low_value_category,"{""amenity"": ""waste_basket""}"
RAL-01,node,3552579556,,amenity,waste_basket,Point,low_value_category,"{""amenity"": ""waste_basket"", ""check_date"": ""2023-05-27""}"
RAL-01,node,3552579557,,amenity,bicycle_parking,Point,low_value_category,"{""amenity"": ""bicycle_parking"", ""bicycle_parking"": ""stands"", ""capacity"": ""2"", ""covered"": ""no""}"
RAL-01,node,3552579558,,amenity,waste_basket,Point,low_value_category,"{""amenity"": ""waste_basket""}"
RAL-01,node,3552579563,,amenity,bicycle_parking,Point,low_value_category,"{""amenity"": ""bicycle_parking"", ""bicycle_parking"": ""stands"", ""capacity"": ""2"", ""covered"": ""no""}"
RAL-01,node,3552579564,,amenity,bicycle_parking,Point,low_value_category,"{""amenity"": ""bicycle_parking"", ""bicycle_parking"": ""stands"", ""capacity"": ""2"", ""covered"": ""no""}"
RAL-01,node,3552579572,,amenity,bicycle_parking,Point,low_value_category,"{""amenity"": ""bicycle_parking"", ""bicycle_parking"": ""stands"", ""capacity"": ""2"", ""covered"": ""no""}"
RAL-01,node,3552579573,,amenity,bicycle_parking,Point,low_value_category,"{""amenity"": ""bicycle_parking"", ""bicycle_parking"": ""stands"", ""capacity"": ""2"", ""covered"": ""no""}"
RAL-01,node,3552579574,,amenity,bicycle_parking,Point,low_value_category,"{""amenity"": ""bicycle_parking"", ""bicycle_parking"": ""stands"", ""capacity"": ""2"", ""covered"": ""no""}"
RAL-01,node,3552579579,,amenity,bicycle_parking,Point,low_value_category,"{""amenity"": ""bicycle_parking"", ""bicycle_parking"": ""stands"", ""capacity"": ""2"", ""covered"": ""no""}"
RAL-01,node,3552579580,,amenity,waste_basket,Point,low_value_category,"{""amenity"": ""waste_basket""}"
RAL-01,node,3552579581,,amenity,waste_basket,Point,low_value_category,"{""amenity"": ""waste_basket""}"
RAL-01,node,3552589796,,shop,kiosk,Point,unnamed_category_requires_review,"{""shop"": ""kiosk""}"
RAL-01,node,3552589797,,amenity,bench,Point,low_value_category,"{""amenity"": ""bench"", ""backrest"": ""yes""}"
RAL-01,node,3552589798,,amenity,bench,Point,low_value_category,"{""amenity"": ""bench"", ""backrest"": ""yes""}"
RAL-01,node,3552589799,,amenity,bench,Point,low_value_category,"{""amenity"": ""bench"", ""backrest"": ""yes""}"
RAL-01,node,3552589800,,amenity,bench,Point,low_value_category,"{""amenity"": ""bench"", ""backrest"": ""yes""}"
RAL-01,node,3639476570,Dero,amenity,bicycle_repair_station,Point,low_value_category,"{""amenity"": ""bicycle_repair_station"", ""brand"": ""Dero"", ""note"": ""Marbles Kids Museum"", ""opening_hours"": ""24/7"", ""service:bicycle:chain_tool"": ""no"", ""service:bicycle:pump"": ""yes"", ""source"": ""Facebook post""}"
RAL-01,node,3641280056,Nash Square Charging Station,amenity,charging_station,Point,low_value_category,"{""amenity"": ""charging_station"", ""name"": ""Nash Square Charging Station"", ""operator"": ""City of Raleigh""}"
RAL-01,node,3641280057,Nash Square Charging Station,amenity,charging_station,Point,low_value_category,"{""amenity"": ""charging_station"", ""name"": ""Nash Square Charging Station"", ""operator"": ""City of Raleigh""}"
RAL-01,node,3691544759,Glenwood Ave at Willard Pl,public_transport,platform,Point,transport_platform_infrastructure,"{""bus"": ""yes"", ""fixme"": ""Verify if stop exists, shown as stop (serving GoRaleigh 6 bus) by GoRaleigh, but no signage found on the ground"", ""highway"": ""bus_stop"", ""name"": ""Glenwood Ave at Willard Pl"", ""network"": ""GoRaleigh"", ""network:wikidata"": ""Q5035469"", ""network:wikipedia"": ""en:GoRaleigh"", ""public_transport"": ""platform"", ""ref"": ""8183""}"
RAL-01,node,3720148526,,amenity,bicycle_parking,Point,low_value_category,"{""amenity"": ""bicycle_parking"", ""bicycle_parking"": ""stands"", ""capacity"": ""10"", ""covered"": ""no""}"
RAL-01,node,4103902057,,railway,signal,Point,railway_track_infrastructure,"{""railway"": ""signal"", ""railway:signal:direction"": ""forward"", ""railway:signal:position"": ""left""}"
RAL-01,node,4103902058,,railway,switch,Point,railway_track_infrastructure,"{""railway"": ""switch""}"
RAL-01,node,4507515889,,amenity,parking_entrance,Point,low_value_category,"{""amenity"": ""parking_entrance""}"
RAL-01,node,4533076519,,amenity,parking_entrance,Point,low_value_category,"{""access"": ""customers"", ""amenity"": ""parking_entrance""}"
RAL-01,node,4543153570,,railway,crossing,Point,unnamed_not_inherently_meaningful,"{""crossing:barrier"": ""full"", ""railway"": ""crossing""}"
RAL-01,node,4543153572,,railway,crossing,Point,unnamed_not_inherently_meaningful,"{""crossing:barrier"": ""full"", ""railway"": ""crossing""}"
RAL-01,node,4543153573,,railway,crossing,Point,unnamed_not_inherently_meaningful,"{""railway"": ""crossing""}"
RAL-01,node,4543153574,,railway,crossing,Point,unnamed_not_inherently_meaningful,"{""railway"": ""crossing""}"
RAL-01,node,4543153575,,railway,crossing,Point,unnamed_not_inherently_meaningful,"{""railway"": ""crossing""}"
RAL-01,node,4543153576,,railway,crossing,Point,unnamed_not_inherently_meaningful,"{""railway"": ""crossing""}"
RAL-01,node,4543153578,,railway,crossing,Point,unnamed_not_inherently_meaningful,"{""railway"": ""crossing""}"
RAL-01,node,4543833989,,amenity,parking_entrance,Point,low_value_category,"{""amenity"": ""parking_entrance""}"
RAL-01,node,4543834002,,amenity,parking_entrance,Point,low_value_category,"{""amenity"": ""parking_entrance""}"
RAL-01,node,4543885463,,amenity,bicycle_parking,Point,low_value_category,"{""access"": ""private"", ""amenity"": ""bicycle_parking"", ""bicycle_parking"": ""rack"", ""capacity"": ""4"", ""covered"": ""no"", ""fee"": ""no"", ""supervised"": ""no"", ""surface"": ""concrete""}"
RAL-01,node,4543885464,United States Postal Service,amenity,post_box,Point,low_value_category,"{""access"": ""private"", ""amenity"": ""post_box"", ""operator"": ""United States Postal Service"", ""operator:short"": ""USPS"", ""operator:type"": ""public"", ""operator:website"": ""https://www.usps.com"", ""operator:wikidata"": ""Q668687"", ""operator:wikipedia"": ""en:United States Postal Service"", ""short_name"": ""USPS""}"
RAL-01,node,4544087509,,amenity,parking_entrance,Point,low_value_category,"{""amenity"": ""parking_entrance""}"
RAL-01,node,4655006956,,amenity,bicycle_parking,Point,low_value_category,"{""amenity"": ""bicycle_parking"", ""bicycle_parking"": ""staple"", ""capacity"": ""2"", ""covered"": ""no""}"
RAL-01,node,4960160742,,tourism,artwork,Point,unnamed_not_inherently_meaningful,"{""artwork_type"": ""statue"", ""tourism"": ""artwork""}"
RAL-01,node,4960160743,,tourism,artwork,Point,unnamed_not_inherently_meaningful,"{""artwork_type"": ""statue"", ""tourism"": ""artwork""}"
RAL-01,node,4960160744,,tourism,artwork,Point,unnamed_not_inherently_meaningful,"{""artwork_type"": ""statue"", ""tourism"": ""artwork""}"
RAL-01,node,5534636157,,amenity,fountain,Point,unnamed_not_inherently_meaningful,"{""amenity"": ""fountain""}"
RAL-01,node,5534684217,,amenity,fountain,Point,unnamed_not_inherently_meaningful,"{""amenity"": ""fountain""}"
RAL-01,node,5567982278,,amenity,parking_entrance,Point,low_value_category,"{""amenity"": ""parking_entrance""}"
RAL-01,node,5567982291,,amenity,parking_entrance,Point,low_value_category,"{""amenity"": ""parking_entrance""}"
RAL-01,node,5567982302,,amenity,parking_entrance,Point,low_value_category,"{""amenity"": ""parking_entrance""}"
RAL-01,node,5585070502,,amenity,parking_entrance,Point,low_value_category,"{""amenity"": ""parking_entrance""}"
RAL-01,node,5585071938,,amenity,parking,Point,low_value_category,"{""amenity"": ""parking""}"
RAL-01,node,5585072265,,amenity,parking,Point,low_value_category,"{""amenity"": ""parking""}"
RAL-01,node,5585072279,,amenity,parking,Point,low_value_category,"{""amenity"": ""parking""}"
RAL-01,node,5585072282,,amenity,parking,Point,low_value_category,"{""amenity"": ""parking""}"
RAL-01,node,5585072466,,amenity,parking_entrance,Point,low_value_category,"{""amenity"": ""parking_entrance""}"
RAL-01,node,5585072471,,amenity,parking_entrance,Point,low_value_category,"{""amenity"": ""parking_entrance""}"
RAL-01,node,5585072495,,amenity,parking_entrance,Point,low_value_category,"{""amenity"": ""parking_entrance""}"
RAL-01,node,5585072499,,amenity,parking_entrance,Point,low_value_category,"{""amenity"": ""parking_entrance""}"
RAL-01,node,5585072554,,amenity,parking_entrance,Point,low_value_category,"{""amenity"": ""parking_entrance""}"
RAL-01,node,5585072558,,amenity,parking_entrance,Point,low_value_category,"{""amenity"": ""parking_entrance""}"
RAL-01,node,5585072576,,amenity,parking_entrance,Point,low_value_category,"{""amenity"": ""parking_entrance""}"
RAL-01,node,5585072578,,amenity,parking_entrance,Point,low_value_category,"{""amenity"": ""parking_entrance""}"
RAL-01,node,5585417245,,amenity,parking,Point,low_value_category,"{""amenity"": ""parking""}"
RAL-01,node,5585417267,,amenity,parking,Point,low_value_category,"{""amenity"": ""parking""}"
RAL-01,node,5587080438,,amenity,parking_entrance,Point,low_value_category,"{""amenity"": ""parking_entrance""}"
RAL-01,node,5587080458,,amenity,parking_entrance,Point,low_value_category,"{""amenity"": ""parking_entrance""}"
RAL-01,node,5587080462,,amenity,parking_entrance,Point,low_value_category,"{""amenity"": ""parking_entrance""}"
RAL-01,node,5646152098,,amenity,parking_entrance,Point,low_value_category,"{""amenity"": ""parking_entrance""}"
RAL-01,node,5646152101,,amenity,parking_entrance,Point,low_value_category,"{""amenity"": ""parking_entrance""}"
RAL-01,node,5646194003,,amenity,parking_entrance,Point,low_value_category,"{""amenity"": ""parking_entrance""}"
RAL-01,node,5646194005,,amenity,parking_entrance,Point,low_value_category,"{""amenity"": ""parking_entrance""}"
RAL-01,node,5646194013,,amenity,parking_entrance,Point,low_value_category,"{""amenity"": ""parking_entrance""}"
RAL-01,node,5760380611,Raleigh,public_transport,stop_position,Point,transport_platform_infrastructure,"{""name"": ""Raleigh"", ""network"": ""Amtrak"", ""public_transport"": ""stop_position"", ""railway"": ""stop"", ""railway:ref"": ""RGH"", ""train"": ""yes""}"
RAL-01,node,5760380615,Raleigh,public_transport,stop_position,Point,transport_platform_infrastructure,"{""name"": ""Raleigh"", ""network"": ""Amtrak"", ""public_transport"": ""stop_position"", ""railway"": ""stop"", ""railway:ref"": ""RGH"", ""train"": ""yes""}"
RAL-01,node,5760381222,,railway,signal,Point,railway_track_infrastructure,"{""railway"": ""signal"", ""railway:signal:direction"": ""forward""}"
RAL-01,node,5760381223,,railway,switch,Point,railway_track_infrastructure,"{""railway"": ""switch""}"
RAL-01,node,5760381224,,railway,signal,Point,railway_track_infrastructure,"{""railway"": ""signal"", ""railway:signal:direction"": ""forward""}"
RAL-01,node,5760381226,,railway,signal,Point,railway_track_infrastructure,"{""railway"": ""signal"", ""railway:signal:direction"": ""backward""}"
RAL-01,node,5760381227,,railway,signal,Point,railway_track_infrastructure,"{""railway"": ""signal"", ""railway:signal:direction"": ""backward""}"
RAL-01,node,5760381228,,railway,signal,Point,railway_track_infrastructure,"{""railway"": ""signal"", ""railway:signal:direction"": ""backward""}"
RAL-01,node,5760381229,,railway,signal,Point,railway_track_infrastructure,"{""railway"": ""signal"", ""railway:signal:direction"": ""backward""}"
RAL-01,node,6003896462,,amenity,parking_entrance,Point,low_value_category,"{""amenity"": ""parking_entrance""}"
RAL-01,node,6019918408,,amenity,parking,Point,low_value_category,"{""amenity"": ""parking""}"
RAL-01,node,6389366055,,amenity,waste_disposal,Point,low_value_category,"{""amenity"": ""waste_disposal""}"
RAL-01,node,6391624115,,amenity,parking_entrance,Point,low_value_category,"{""amenity"": ""parking_entrance""}"
RAL-01,node,6502777517,McDowell Street & Martin Street,public_transport,platform,Point,transport_platform_infrastructure,"{""bench"": ""no"", ""bin"": ""no"", ""bus"": ""yes"", ""highway"": ""bus_stop"", ""name"": ""McDowell Street & Martin Street"", ""network"": ""GoRaleigh;GoTriangle"", ""operator"": ""GoRaleigh;GoTriangle"", ""passenger_information_display"": ""no"", ""public_transport"": ""platform"", ""ref"": ""8343"", ""shelter"": ""no""}"
RAL-01,node,6507326671,St Marys St at Jones St (NB),public_transport,platform,Point,transport_platform_infrastructure,"{""bus"": ""yes"", ""highway"": ""bus_stop"", ""name"": ""St Marys St at Jones St (NB)"", ""network"": ""GoRaleigh"", ""network:wikidata"": ""Q5035469"", ""network:wikipedia"": ""en:GoRaleigh"", ""public_transport"": ""platform"", ""ref"": ""8435""}"
RAL-01,node,6507344366,E Lane St at N Wilmington St,public_transport,platform,Point,transport_platform_infrastructure,"{""bench"": ""no"", ""bin"": ""no"", ""bus"": ""yes"", ""highway"": ""bus_stop"", ""name"": ""E Lane St at N Wilmington St"", ""network"": ""GoRaleigh"", ""network:wikidata"": ""Q5035469"", ""network:wikipedia"": ""en:GoRaleigh"", ""public_transport"": ""platform"", ""ref"": ""9453"", ""shelter"": ""no""}"
RAL-01,node,6507347570,N Wilmington St at North St,public_transport,platform,Point,transport_platform_infrastructure,"{""bench"": ""no"", ""bin"": ""no"", ""bus"": ""yes"", ""highway"": ""bus_stop"", ""mapillary"": ""775192636331963"", ""name"": ""N Wilmington St at North St"", ""network"": ""GoRaleigh;GoTriangle"", ""public_transport"": ""platform"", ""ref"": ""8006"", ""shelter"": ""no"", ""survey:date"": ""2019-06-27""}"
RAL-01,node,6507360614,W Peace St at Glenwood Ave (WB),public_transport,platform,Point,transport_platform_infrastructure,"{""bus"": ""yes"", ""highway"": ""bus_stop"", ""name"": ""W Peace St at Glenwood Ave (WB)"", ""network"": ""GoRaleigh"", ""network:wikidata"": ""Q5035469"", ""network:wikipedia"": ""en:GoRaleigh"", ""public_transport"": ""platform"", ""ref"": ""8573""}"
RAL-01,node,6507364678,Peace St at Vaughn Ct (R20),public_transport,platform,Point,transport_platform_infrastructure,"{""bus"": ""yes"", ""highway"": ""bus_stop"", ""name"": ""Peace St at Vaughn Ct (R20)"", ""network"": ""GoRaleigh"", ""network:wikidata"": ""Q5035469"", ""network:wikipedia"": ""en:GoRaleigh"", ""public_transport"": ""platform"", ""ref"": ""9174""}"
RAL-01,node,6507366834,W Jones St at N Salisbury St,public_transport,platform,Point,transport_platform_infrastructure,"{""bench"": ""no"", ""bin"": ""no"", ""bus"": ""yes"", ""highway"": ""bus_stop"", ""name"": ""W Jones St at N Salisbury St"", ""network"": ""GoRaleigh"", ""network:wikidata"": ""Q5035469"", ""network:wikipedia"": ""en:GoRaleigh"", ""public_transport"": ""platform"", ""ref"": ""8290"", ""shelter"": ""no""}"
RAL-01,node,6507366837,Peace Street & Blount Street,public_transport,platform,Point,transport_platform_infrastructure,"{""bench"": ""no"", ""bin"": ""no"", ""bus"": ""yes"", ""highway"": ""bus_stop"", ""name"": ""Peace Street & Blount Street"", ""network"": ""GoRaleigh"", ""network:wikidata"": ""Q5035469"", ""network:wikipedia"": ""en:GoRaleigh"", ""operator"": ""GoRaleigh"", ""passenger_information_display"": ""no"", ""public_transport"": ""platform"", ""ref"": ""9384"", ""shelter"": ""no""}"
RAL-01,node,6507367522,West St at Johnson (R10),public_transport,platform,Point,transport_platform_infrastructure,"{""bus"": ""yes"", ""highway"": ""bus_stop"", ""name"": ""West St at Johnson (R10)"", ""network"": ""GoRaleigh"", ""network:wikidata"": ""Q5035469"", ""network:wikipedia"": ""en:GoRaleigh"", ""public_transport"": ""platform"", ""ref"": ""9910""}"
RAL-01,node,6507367525,St Marys St at North St (NB),public_transport,platform,Point,transport_platform_infrastructure,"{""bench"": ""no"", ""bin"": ""no"", ""bus"": ""yes"", ""highway"": ""bus_stop"", ""name"": ""St Marys St at North St (NB)"", ""network"": ""GoRaleigh"", ""network:wikidata"": ""Q5035469"", ""network:wikipedia"": ""en:GoRaleigh"", ""public_transport"": ""platform"", ""ref"": ""8436"", ""shelter"": ""no""}"
RAL-01,node,6507374301,St Marys St at Johnson St (NB),public_transport,platform,Point,transport_platform_infrastructure,"{""bench"": ""no"", ""bin"": ""no"", ""bus"": ""yes"", ""highway"": ""bus_stop"", ""name"": ""St Marys St at Johnson St (NB)"", ""network"": ""GoRaleigh"", ""network:wikidata"": ""Q5035469"", ""network:wikipedia"": ""en:GoRaleigh"", ""public_transport"": ""platform"", ""ref"": ""9676"", ""shelter"": ""no""}"
RAL-01,node,6507375475,Glenwood Avenue & Lane Street,public_transport,platform,Point,transport_platform_infrastructure,"{""bench"": ""no"", ""bin"": ""no"", ""bus"": ""yes"", ""highway"": ""bus_stop"", ""name"": ""Glenwood Avenue & Lane Street"", ""network"": ""GoRaleigh"", ""network:wikidata"": ""Q5035469"", ""network:wikipedia"": ""en:GoRaleigh"", ""operator"": ""GoRaleigh"", ""passenger_information_display"": ""no"", ""public_transport"": ""platform"", ""ref"": ""8074"", ""shelter"": ""no""}"
RAL-01,node,6507375476,St Marys St at Peace St (NB),public_transport,platform,Point,transport_platform_infrastructure,"{""bench"": ""no"", ""bin"": ""yes"", ""bus"": ""yes"", ""highway"": ""bus_stop"", ""name"": ""St Marys St at Peace St (NB)"", ""network"": ""GoRaleigh"", ""network:wikidata"": ""Q5035469"", ""network:wikipedia"": ""en:GoRaleigh"", ""public_transport"": ""platform"", ""ref"": ""8437"", ""shelter"": ""no""}"
RAL-01,node,6507376476,Person Street & Franklin Street,public_transport,platform,Point,transport_platform_infrastructure,"{""bench"": ""yes"", ""bin"": ""yes"", ""bus"": ""yes"", ""highway"": ""bus_stop"", ""name"": ""Person Street & Franklin Street"", ""network"": ""GoRaleigh"", ""network:wikidata"": ""Q5035469"", ""network:wikipedia"": ""en:GoRaleigh"", ""operator"": ""GoRaleigh"", ""passenger_information_display"": ""no"", ""public_transport"": ""platform"", ""ref"": ""8009"", ""shelter"": ""no""}"
RAL-01,node,6507376477,Halifax St at E Franklin St,public_transport,platform,Point,transport_platform_infrastructure,"{""bus"": ""yes"", ""highway"": ""bus_stop"", ""name"": ""Halifax St at E Franklin St"", ""network"": ""GoRaleigh"", ""network:wikidata"": ""Q5035469"", ""network:wikipedia"": ""en:GoRaleigh"", ""public_transport"": ""platform"", ""ref"": ""9717""}"
RAL-01,node,6507378176,Salisbury St at W Jones St,public_transport,platform,Point,transport_platform_infrastructure,"{""bench"": ""yes"", ""bin"": ""yes"", ""bus"": ""yes"", ""highway"": ""bus_stop"", ""name"": ""Salisbury St at W Jones St"", ""network"": ""GoRaleigh;GoTriangle"", ""public_transport"": ""platform"", ""ref"": ""8061"", ""shelter"": ""yes""}"
RAL-01,node,6507379155,Peace St at Seaboard Station Dr,public_transport,platform,Point,transport_platform_infrastructure,"{""bench"": ""no"", ""bin"": ""no"", ""bus"": ""yes"", ""highway"": ""bus_stop"", ""name"": ""Peace St at Seaboard Station Dr"", ""network"": ""GoRaleigh"", ""network:wikidata"": ""Q5035469"", ""network:wikipedia"": ""en:GoRaleigh"", ""public_transport"": ""platform"", ""ref"": ""8571"", ""shelter"": ""no""}"
RAL-01,node,6507379157,Salisbury St at Parking Deck,public_transport,platform,Point,transport_platform_infrastructure,"{""bus"": ""yes"", ""highway"": ""bus_stop"", ""name"": ""Salisbury St at Parking Deck"", ""network"": ""GoRaleigh"", ""network:wikidata"": ""Q5035469"", ""network:wikipedia"": ""en:GoRaleigh"", ""public_transport"": ""platform"", ""ref"": ""8058""}"
RAL-01,node,6507379158,Blount Street & Lane Street,public_transport,platform,Point,transport_platform_infrastructure,"{""bench"": ""no"", ""bin"": ""yes"", ""bus"": ""yes"", ""highway"": ""bus_stop"", ""name"": ""Blount Street & Lane Street"", ""network"": ""GoRaleigh"", ""network:wikidata"": ""Q5035469"", ""network:wikipedia"": ""en:GoRaleigh"", ""operator"": ""GoRaleigh"", ""passenger_information_display"": ""no"", ""public_transport"": ""platform"", ""ref"": ""9789"", ""shelter"": ""no""}"
RAL-01,node,6507380182,Glenwood Avenue & Tucker Street,public_transport,platform,Point,transport_platform_infrastructure,"{""bench"": ""yes"", ""bin"": ""yes"", ""bus"": ""yes"", ""highway"": ""bus_stop"", ""name"": ""Glenwood Avenue & Tucker Street"", ""network"": ""GoRaleigh"", ""network:wikidata"": ""Q5035469"", ""network:wikipedia"": ""en:GoRaleigh"", ""public_transport"": ""platform"", ""ref"": ""8075"", ""shelter"": ""yes""}"
RAL-01,node,6507380528,Salisbury St at Lane St,public_transport,platform,Point,transport_platform_infrastructure,"{""bus"": ""yes"", ""highway"": ""bus_stop"", ""name"": ""Salisbury St at Lane St"", ""network"": ""GoRaleigh;GoTriangle"", ""public_transport"": ""platform"", ""ref"": ""8059""}"
RAL-01,node,6507380743,Peace St at Capital Blvd,public_transport,platform,Point,transport_platform_infrastructure,"{""bus"": ""yes"", ""highway"": ""bus_stop"", ""name"": ""Peace St at Capital Blvd"", ""network"": ""GoRaleigh"", ""network:wikidata"": ""Q5035469"", ""network:wikipedia"": ""en:GoRaleigh"", ""public_transport"": ""platform"", ""ref"": ""8572""}"
RAL-01,node,6507381954,N Blount St at E Peace St,public_transport,platform,Point,transport_platform_infrastructure,"{""bench"": ""no"", ""bin"": ""no"", ""bus"": ""yes"", ""highway"": ""bus_stop"", ""name"": ""N Blount St at E Peace St"", ""network"": ""GoRaleigh"", ""network:wikidata"": ""Q5035469"", ""network:wikipedia"": ""en:GoRaleigh"", ""public_transport"": ""platform"", ""ref"": ""9472"", ""shelter"": ""no""}"
RAL-01,node,6507385165,Halifax St at E Peace St,public_transport,platform,Point,transport_platform_infrastructure,"{""bus"": ""yes"", ""highway"": ""bus_stop"", ""name"": ""Halifax St at E Peace St"", ""network"": ""GoRaleigh"", ""network:wikidata"": ""Q5035469"", ""network:wikipedia"": ""en:GoRaleigh"", ""public_transport"": ""platform"", ""ref"": ""9416""}"
RAL-01,node,6507385859,Peace St at West St,public_transport,platform,Point,transport_platform_infrastructure,"{""bus"": ""yes"", ""highway"": ""bus_stop"", ""name"": ""Peace St at West St"", ""network"": ""GoRaleigh"", ""network:wikidata"": ""Q5035469"", ""network:wikipedia"": ""en:GoRaleigh"", ""public_transport"": ""platform"", ""ref"": ""8708""}"
RAL-01,node,6507386702,W Peace St at Glenwood Ave (EB),public_transport,platform,Point,transport_platform_infrastructure,"{""bus"": ""yes"", ""highway"": ""bus_stop"", ""name"": ""W Peace St at Glenwood Ave (EB)"", ""network"": ""GoRaleigh"", ""network:wikidata"": ""Q5035469"", ""network:wikipedia"": ""en:GoRaleigh"", ""public_transport"": ""platform"", ""ref"": ""8608""}"
RAL-01,node,6507386705,West St at Tucker St (R11),public_transport,platform,Point,transport_platform_infrastructure,"{""bus"": ""yes"", ""highway"": ""bus_stop"", ""name"": ""West St at Tucker St (R11)"", ""network"": ""GoRaleigh"", ""network:wikidata"": ""Q5035469"", ""network:wikipedia"": ""en:GoRaleigh"", ""public_transport"": ""platform"", ""ref"": ""9911""}"
RAL-01,node,6507388103,Blount Street & Polk Street,public_transport,platform,Point,transport_platform_infrastructure,"{""bench"": ""no"", ""bin"": ""no"", ""bus"": ""yes"", ""highway"": ""bus_stop"", ""name"": ""Blount Street & Polk Street"", ""network"": ""GoRaleigh"", ""network:wikidata"": ""Q5035469"", ""network:wikipedia"": ""en:GoRaleigh"", ""operator"": ""GoRaleigh"", ""passenger_information_display"": ""no"", ""public_transport"": ""platform"", ""ref"": ""9788"", ""shelter"": ""no""}"
RAL-01,node,6507388196,Peace St at West St,public_transport,platform,Point,transport_platform_infrastructure,"{""bus"": ""yes"", ""highway"": ""bus_stop"", ""name"": ""Peace St at West St"", ""network"": ""GoRaleigh"", ""network:wikidata"": ""Q5035469"", ""network:wikipedia"": ""en:GoRaleigh"", ""public_transport"": ""platform"", ""ref"": ""8610""}"
RAL-01,node,6507388197,Blount Street & Franklin Street,public_transport,platform,Point,transport_platform_infrastructure,"{""bench"": ""yes"", ""bin"": ""yes"", ""bus"": ""yes"", ""highway"": ""bus_stop"", ""name"": ""Blount Street & Franklin Street"", ""network"": ""GoRaleigh"", ""network:wikidata"": ""Q5035469"", ""network:wikipedia"": ""en:GoRaleigh"", ""operator"": ""GoRaleigh"", ""passenger_information_display"": ""no"", ""public_transport"": ""platform"", ""ref"": ""9471"", ""shelter"": ""no""}"
RAL-01,node,6507388302,Glenwood Avenue & Jones Street,public_transport,platform,Point,transport_platform_infrastructure,"{""bench"": ""no"", ""bin"": ""no"", ""bus"": ""yes"", ""highway"": ""bus_stop"", ""name"": ""Glenwood Avenue & Jones Street"", ""network"": ""GoRaleigh"", ""network:wikidata"": ""Q5035469"", ""network:wikipedia"": ""en:GoRaleigh"", ""operator"": ""GoRaleigh"", ""passenger_information_display"": ""no"", ""public_transport"": ""platform"", ""ref"": ""8182"", ""shelter"": ""no""}"
RAL-01,node,6507388641,Glenwood Avenue & Johnson Street,public_transport,platform,Point,transport_platform_infrastructure,"{""bench"": ""yes"", ""bin"": ""yes"", ""bus"": ""yes"", ""highway"": ""bus_stop"", ""name"": ""Glenwood Avenue & Johnson Street"", ""network"": ""GoRaleigh"", ""network:wikidata"": ""Q5035469"", ""network:wikipedia"": ""en:GoRaleigh"", ""public_transport"": ""platform"", ""ref"": ""300"", ""shelter"": ""yes""}"
RAL-01,node,6507390214,Glenwood Ave at W Peace St,public_transport,platform,Point,transport_platform_infrastructure,"{""bench"": ""no"", ""bin"": ""no"", ""bus"": ""yes"", ""highway"": ""bus_stop"", ""name"": ""Glenwood Ave at W Peace St"", ""network"": ""GoRaleigh"", ""network:wikidata"": ""Q5035469"", ""network:wikipedia"": ""en:GoRaleigh"", ""public_transport"": ""platform"", ""ref"": ""8179"", ""shelter"": ""no""}"
RAL-01,node,6507392276,Wilmington Street & Polk Street,public_transport,platform,Point,transport_platform_infrastructure,"{""bench"": ""yes"", ""bin"": ""no"", ""bus"": ""yes"", ""highway"": ""bus_stop"", ""name"": ""Wilmington Street & Polk Street"", ""network"": ""GoRaleigh"", ""network:wikidata"": ""Q5035469"", ""network:wikipedia"": ""en:GoRaleigh"", ""operator"": ""GoRaleigh"", ""passenger_information_display"": ""no"", ""public_transport"": ""platform"", ""ref"": ""8007"", ""shelter"": ""no""}"
RAL-01,node,6507450477,Wilmington Street & Jones Street,public_transport,platform,Point,transport_platform_infrastructure,"{""bench"": ""no"", ""bin"": ""no"", ""bus"": ""yes"", ""highway"": ""bus_stop"", ""lit"": ""no"", ""mapillary"": ""161055225879428"", ""name"": ""Wilmington Street & Jones Street"", ""network"": ""GoRaleigh;GoTriangle"", ""operator"": ""GoRaleigh;GoTriangle"", ""passenger_information_display"": ""no"", ""public_transport"": ""platform"", ""ref"": ""8003"", ""shelter"": ""no"", ""survey:date"": ""2019-04-11"", ""tactile_paving"": ""yes""}"
RAL-01,node,6507460779,N Blount St at Morgan St,public_transport,platform,Point,transport_platform_infrastructure,"{""bus"": ""yes"", ""fixme"": ""Verify stop exists, shown as stop (serving GoRaleigh 1 bus) by GoRaleigh, but no signage found on the ground"", ""highway"": ""bus_stop"", ""name"": ""N Blount St at Morgan St"", ""network"": ""GoRaleigh"", ""network:wikidata"": ""Q5035469"", ""network:wikipedia"": ""en:GoRaleigh"", ""public_transport"": ""platform"", ""ref"": ""9790""}"
RAL-01,node,6507461783,Martin Luther King Jr Blvd at S Person St (WB),public_transport,platform,Point,transport_platform_infrastructure,"{""bench"": ""no"", ""bin"": ""no"", ""bus"": ""yes"", ""highway"": ""bus_stop"", ""mapillary"": ""555380889179536"", ""name"": ""Martin Luther King Jr Blvd at S Person St (WB)"", ""network"": ""GoRaleigh"", ""network:wikidata"": ""Q5035469"", ""network:wikipedia"": ""en:GoRaleigh"", ""public_transport"": ""platform"", ""ref"": ""9661"", ""shelter"": ""no"", ""survey:date"": ""2019-04-27""}"
RAL-01,node,6507472051,Wilmington Street & Cabarrus Street,public_transport,platform,Point,transport_platform_infrastructure,"{""bench"": ""no"", ""bin"": ""no"", ""bus"": ""yes"", ""highway"": ""bus_stop"", ""lit"": ""no"", ""name"": ""Wilmington Street & Cabarrus Street"", ""network"": ""GoRaleigh;GoTriangle"", ""operator"": ""GoRaleigh;GoTriangle"", ""passenger_information_display"": ""no"", ""public_transport"": ""platform"", ""ref"": ""1284"", ""shelter"": ""no"", ""tactile_paving"": ""no""}"
RAL-01,node,6507472134,E Lenoir St at S Blount St,public_transport,platform,Point,transport_platform_infrastructure,"{""bus"": ""yes"", ""highway"": ""bus_stop"", ""name"": ""E Lenoir St at S Blount St"", ""network"": ""GoRaleigh"", ""network:wikidata"": ""Q5035469"", ""network:wikipedia"": ""en:GoRaleigh"", ""public_transport"": ""platform"", ""ref"": ""8889""}"
RAL-01,node,6507472269,E Hargett St at S Blount St,public_transport,platform,Point,transport_platform_infrastructure,"{""bus"": ""yes"", ""highway"": ""bus_stop"", ""name"": ""E Hargett St at S Blount St"", ""network"": ""GoRaleigh"", ""network:wikidata"": ""Q5035469"", ""network:wikipedia"": ""en:GoRaleigh"", ""public_transport"": ""platform"", ""ref"": ""9732""}"
RAL-01,node,6507472657,GoRaleigh Station,public_transport,platform,Point,transport_platform_infrastructure,"{""bench"": ""yes"", ""bin"": ""yes"", ""bus"": ""yes"", ""highway"": ""bus_stop"", ""local_ref"": ""E"", ""name"": ""GoRaleigh Station"", ""network"": ""GoRaleigh"", ""network:wikidata"": ""Q5035469"", ""operator"": ""GoRaleigh"", ""public_transport"": ""platform"", ""ref"": ""8001"", ""route_ref"": ""3;10;12;16;40X"", ""shelter"": ""yes""}"
RAL-01,node,6507475645,E Morgan St at S Wilmington St,public_transport,platform,Point,transport_platform_infrastructure,"{""bench"": ""no"", ""bin"": ""yes"", ""bus"": ""yes"", ""highway"": ""bus_stop"", ""name"": ""E Morgan St at S Wilmington St"", ""network"": ""GoRaleigh"", ""network:wikidata"": ""Q5035469"", ""network:wikipedia"": ""en:GoRaleigh"", ""public_transport"": ""platform"", ""ref"": ""8187"", ""shelter"": ""no""}"
RAL-01,node,6507477174,E Hargett St at S Blount St (Eastbound),public_transport,platform,Point,transport_platform_infrastructure,"{""bus"": ""yes"", ""highway"": ""bus_stop"", ""name"": ""E Hargett St at S Blount St (Eastbound)"", ""network"": ""GoTriangle"", ""network:wikidata"": ""Q7840091"", ""network:wikipedia"": ""en:GoTriangle"", ""public_transport"": ""platform"", ""ref"": ""1976"", ""shelter"": ""no""}"
RAL-01,node,6507477339,E Edenton St at N Person St,public_transport,platform,Point,transport_platform_infrastructure,"{""bench"": ""no"", ""bin"": ""no"", ""bus"": ""yes"", ""highway"": ""bus_stop"", ""name"": ""E Edenton St at N Person St"", ""network"": ""GoRaleigh"", ""network:wikidata"": ""Q5035469"", ""network:wikipedia"": ""en:GoRaleigh"", ""public_transport"": ""platform"", ""ref"": ""8660"", ""shelter"": ""no""}"
RAL-01,node,6507479044,E Edenton St at N Wilmington St,public_transport,platform,Point,transport_platform_infrastructure,"{""bench"": ""no"", ""bin"": ""no"", ""bus"": ""yes"", ""highway"": ""bus_stop"", ""lit"": ""no"", ""name"": ""E Edenton St at N Wilmington St"", ""network"": ""GoRaleigh"", ""network:wikidata"": ""Q5035469"", ""network:wikipedia"": ""en:GoRaleigh"", ""public_transport"": ""platform"", ""ref"": ""8662"", ""shelter"": ""no"", ""tactile_paving"": ""yes""}"
RAL-01,node,6507481699,Performing Arts Center (R2),public_transport,platform,Point,transport_platform_infrastructure,"{""bench"": ""no"", ""bin"": ""yes"", ""bus"": ""yes"", ""highway"": ""bus_stop"", ""name"": ""Performing Arts Center (R2)"", ""network"": ""GoRaleigh"", ""network:wikidata"": ""Q5035469"", ""network:wikipedia"": ""en:GoRaleigh"", ""public_transport"": ""platform"", ""ref"": ""9901"", ""shelter"": ""no""}"
RAL-01,node,6507482990,E Morgan St at S Person St,public_transport,platform,Point,transport_platform_infrastructure,"{""bench"": ""no"", ""bin"": ""no"", ""bus"": ""yes"", ""highway"": ""bus_stop"", ""name"": ""E Morgan St at S Person St"", ""network"": ""GoRaleigh"", ""network:wikidata"": ""Q5035469"", ""network:wikipedia"": ""en:GoRaleigh"", ""public_transport"": ""platform"", ""ref"": ""8188"", ""shelter"": ""no""}"
RAL-01,node,6507484863,S Blount St at E South Ave,public_transport,platform,Point,transport_platform_infrastructure,"{""bench"": ""no"", ""bin"": ""no"", ""bus"": ""yes"", ""highway"": ""bus_stop"", ""name"": ""S Blount St at E South Ave"", ""network"": ""GoRaleigh"", ""network:wikidata"": ""Q5035469"", ""network:wikipedia"": ""en:GoRaleigh"", ""public_transport"": ""platform"", ""ref"": ""9659"", ""shelter"": ""no""}"
RAL-01,node,6507485925,Wilmington St at Cabarrus St (R3),public_transport,platform,Point,transport_platform_infrastructure,"{""bench"": ""no"", ""bin"": ""no"", ""bus"": ""yes"", ""highway"": ""bus_stop"", ""lit"": ""no"", ""name"": ""Wilmington St at Cabarrus St (R3)"", ""network"": ""GoRaleigh"", ""network:wikidata"": ""Q5035469"", ""network:wikipedia"": ""en:GoRaleigh"", ""public_transport"": ""platform"", ""ref"": ""9902"", ""shelter"": ""yes"", ""tactile_paving"": ""no""}"
RAL-01,node,6507486078,Wilmington St at Shaw University,public_transport,platform,Point,transport_platform_infrastructure,"{""bus"": ""yes"", ""highway"": ""bus_stop"", ""name"": ""Wilmington St at Shaw University"", ""network"": ""GoTriangle"", ""network:wikidata"": ""Q7840091"", ""network:wikipedia"": ""en:GoTriangle"", ""public_transport"": ""platform"", ""ref"": ""1283""}"
RAL-01,node,6507488939,E Hargett St at S Person St,public_transport,platform,Point,transport_platform_infrastructure,"{""bus"": ""yes"", ""highway"": ""bus_stop"", ""name"": ""E Hargett St at S Person St"", ""network"": ""GoRaleigh"", ""network:wikidata"": ""Q5035469"", ""network:wikipedia"": ""en:GoRaleigh"", ""public_transport"": ""platform"", ""ref"": ""9731""}"
RAL-01,node,6507489999,Davie Street & Fayetteville Street,public_transport,platform,Point,transport_platform_infrastructure,"{""bench"": ""no"", ""bin"": ""no"", ""bus"": ""yes"", ""highway"": ""bus_stop"", ""name"": ""Davie Street & Fayetteville Street"", ""network"": ""GoRaleigh"", ""network:wikidata"": ""Q5035469"", ""network:wikipedia"": ""en:GoRaleigh"", ""operator"": ""GoRaleigh"", ""passenger_information_display"": ""no"", ""public_transport"": ""platform"", ""ref"": ""9743"", ""shelter"": ""no""}"
RAL-01,node,6507490303,W Davie St at Fayetteville St,public_transport,platform,Point,transport_platform_infrastructure,"{""bench"": ""yes"", ""bin"": ""yes"", ""bus"": ""yes"", ""highway"": ""bus_stop"", ""name"": ""W Davie St at Fayetteville St"", ""network"": ""GoRaleigh"", ""network:wikidata"": ""Q5035469"", ""network:wikipedia"": ""en:GoRaleigh"", ""public_transport"": ""platform"", ""ref"": ""9742"", ""shelter"": ""no""}"
RAL-01,node,6507491335,Wilmington St at Davie St (R4),public_transport,platform,Point,transport_platform_infrastructure,"{""bench"": ""no"", ""bin"": ""no"", ""bus"": ""yes"", ""highway"": ""bus_stop"", ""lit"": ""no"", ""name"": ""Wilmington St at Davie St (R4)"", ""network"": ""GoRaleigh"", ""network:wikidata"": ""Q5035469"", ""network:wikipedia"": ""en:GoRaleigh"", ""public_transport"": ""platform"", ""ref"": ""8908"", ""shelter"": ""no"", ""tactile_paving"": ""no""}"
RAL-01,node,6507492755,Wilmington Street & Morgan Street,public_transport,platform,Point,transport_platform_infrastructure,"{""bench"": ""no"", ""bin"": ""no"", ""bus"": ""yes"", ""highway"": ""bus_stop"", ""name"": ""Wilmington Street & Morgan Street"", ""network"": ""GoRaleigh;GoTriangle"", ""operator"": ""GoRaleigh;GoTriangle"", ""passenger_information_display"": ""no"", ""public_transport"": ""platform"", ""ref"": ""8002"", ""shelter"": ""no""}"
RAL-01,node,6507493340,Salisbury St at W Edenton St,public_transport,platform,Point,transport_platform_infrastructure,"{""bench"": ""no"", ""bin"": ""no"", ""bus"": ""yes"", ""highway"": ""bus_stop"", ""name"": ""Salisbury St at W Edenton St"", ""network"": ""GoRaleigh"", ""network:wikidata"": ""Q5035469"", ""network:wikipedia"": ""en:GoRaleigh"", ""public_transport"": ""platform"", ""ref"": ""8062"", ""shelter"": ""no"", ""tactile_paving"": ""no""}"
RAL-01,node,6507494153,E Hargett St at Fayetteville St,public_transport,platform,Point,transport_platform_infrastructure,"{""bus"": ""yes"", ""highway"": ""bus_stop"", ""name"": ""E Hargett St at Fayetteville St"", ""network"": ""GoRaleigh"", ""network:wikidata"": ""Q5035469"", ""network:wikipedia"": ""en:GoRaleigh"", ""public_transport"": ""platform"", ""ref"": ""9203""}"
RAL-01,node,6507497885,Blount Street at GoRaleigh Station,public_transport,platform,Point,transport_platform_infrastructure,"{""bus"": ""yes"", ""highway"": ""bus_stop"", ""local_ref"": ""Blount Street Platform"", ""name"": ""Blount Street at GoRaleigh Station"", ""network"": ""GoTriangle"", ""network:wikidata"": ""Q7840091"", ""network:wikipedia"": ""en:GoTriangle"", ""operator"": ""GoRaleigh"", ""public_transport"": ""platform"", ""ref"": ""8909"", ""route_ref"": ""ZWX""}"
RAL-01,node,6507497886,S Blount St at E Davie St,public_transport,platform,Point,transport_platform_infrastructure,"{""bench"": ""yes"", ""bin"": ""yes"", ""bus"": ""yes"", ""highway"": ""bus_stop"", ""lit"": ""yes"", ""name"": ""S Blount St at E Davie St"", ""network"": ""GoRaleigh;GoTriangle"", ""public_transport"": ""platform"", ""ref"": ""8894"", ""shelter"": ""no"", ""tactile_paving"": ""no""}"
RAL-01,node,6510023281,Dawson St at Martin St,public_transport,platform,Point,transport_platform_infrastructure,"{""bench"": ""no"", ""bin"": ""no"", ""bus"": ""yes"", ""highway"": ""bus_stop"", ""lit"": ""yes"", ""name"": ""Dawson St at Martin St"", ""network"": ""GoTriangle"", ""network:wikidata"": ""Q7840091"", ""network:wikipedia"": ""en:GoTriangle"", ""public_transport"": ""platform"", ""ref"": ""1293"", ""shelter"": ""no"", ""tactile_paving"": ""no""}"
RAL-01,node,6510040491,McDowell Street & Lenior Street,public_transport,platform,Point,transport_platform_infrastructure,"{""bench"": ""no"", ""bin"": ""no"", ""bus"": ""yes"", ""highway"": ""bus_stop"", ""name"": ""McDowell Street & Lenior Street"", ""network"": ""GoTriangle"", ""network:wikidata"": ""Q7840091"", ""network:wikipedia"": ""en:GoTriangle"", ""operator"": ""GoTriangle"", ""passenger_information_display"": ""no"", ""public_transport"": ""platform"", ""ref"": ""1952"", ""shelter"": ""no""}"
RAL-01,node,6510040525,Edenton Street & Salisbury Street,public_transport,platform,Point,transport_platform_infrastructure,"{""bench"": ""no"", ""bin"": ""no"", ""bus"": ""yes"", ""highway"": ""bus_stop"", ""name"": ""Edenton Street & Salisbury Street"", ""network"": ""GoRaleigh;GoTriangle"", ""operator"": ""GoRaleigh;GoTriangle"", ""passenger_information_display"": ""no"", ""public_transport"": ""platform"", ""ref"": ""9674"", ""shelter"": ""no""}"
RAL-01,node,6510040528,Dawson Street & Cabarrus Street,public_transport,platform,Point,transport_platform_infrastructure,"{""bench"": ""no"", ""bin"": ""no"", ""bus"": ""yes"", ""highway"": ""bus_stop"", ""name"": ""Dawson Street & Cabarrus Street"", ""network"": ""GoRaleigh"", ""network:wikidata"": ""Q5035469"", ""network:wikipedia"": ""en:GoRaleigh"", ""operator"": ""GoRaleigh"", ""passenger_information_display"": ""no"", ""public_transport"": ""platform"", ""ref"": ""9744"", ""shelter"": ""no""}"
RAL-01,node,6510040536,St Marys St at Hillsborough St (NB),public_transport,platform,Point,transport_platform_infrastructure,"{""bench"": ""yes"", ""bin"": ""yes"", ""bus"": ""yes"", ""highway"": ""bus_stop"", ""name"": ""St Marys St at Hillsborough St (NB)"", ""network"": ""GoRaleigh"", ""network:wikidata"": ""Q5035469"", ""network:wikipedia"": ""en:GoRaleigh"", ""public_transport"": ""platform"", ""ref"": ""8434"", ""shelter"": ""no""}"
RAL-01,node,6510040539,S Saunders St at Dorothea Dr,public_transport,platform,Point,transport_platform_infrastructure,"{""bench"": ""yes"", ""bin"": ""yes"", ""bus"": ""yes"", ""highway"": ""bus_stop"", ""mapillary"": ""1186353931876048"", ""name"": ""S Saunders St at Dorothea Dr"", ""network"": ""GoRaleigh"", ""network:wikidata"": ""Q5035469"", ""network:wikipedia"": ""en:GoRaleigh"", ""public_transport"": ""platform"", ""ref"": ""8421"", ""shelter"": ""yes"", ""survey:date"": ""2020-10-12""}"
RAL-01,node,6510040542,South St at West St,public_transport,platform,Point,transport_platform_infrastructure,"{""bench"": ""yes"", ""bin"": ""yes"", ""bus"": ""yes"", ""highway"": ""bus_stop"", ""mapillary"": ""216109973249594"", ""name"": ""South St at West St"", ""network"": ""GoRaleigh"", ""network:wikidata"": ""Q5035469"", ""network:wikipedia"": ""en:GoRaleigh"", ""public_transport"": ""platform"", ""ref"": ""8422"", ""shelter"": ""yes"", ""survey:date"": ""2019-01-27""}"
RAL-01,node,6510040561,W Lenoir St at S West St,public_transport,platform,Point,transport_platform_infrastructure,"{""bench"": ""no"", ""bin"": ""yes"", ""bus"": ""yes"", ""highway"": ""bus_stop"", ""name"": ""W Lenoir St at S West St"", ""network"": ""GoRaleigh"", ""network:wikidata"": ""Q5035469"", ""network:wikipedia"": ""en:GoRaleigh"", ""public_transport"": ""platform"", ""ref"": ""8396"", ""shelter"": ""no""}"
RAL-01,node,6510040583,Hillsborough St at Glenwood Ave,public_transport,platform,Point,transport_platform_infrastructure,"{""bench"": ""yes"", ""bin"": ""yes"", ""bus"": ""yes"", ""check_date:shelter"": ""2024-09-10"", ""highway"": ""bus_stop"", ""name"": ""Hillsborough St at Glenwood Ave"", ""network"": ""GoRaleigh;GoTriangle"", ""public_transport"": ""platform"", ""ref"": ""8228"", ""shelter"": ""no""}"
RAL-01,node,6510040586,Salisbury Street & Morgan Street,public_transport,platform,Point,transport_platform_infrastructure,"{""bench"": ""no"", ""bin"": ""no"", ""bus"": ""yes"", ""highway"": ""bus_stop"", ""lit"": ""no"", ""name"": ""Salisbury Street & Morgan Street"", ""network"": ""GoRaleigh;GoTriangle"", ""operator"": ""GoRaleigh;GoTriangle"", ""passenger_information_display"": ""no"", ""public_transport"": ""platform"", ""ref"": ""8063"", ""shelter"": ""no"", ""tactile_paving"": ""no""}"
RAL-01,node,6510040588,Edenton Street & Harrington Street,public_transport,platform,Point,transport_platform_infrastructure,"{""bench"": ""no"", ""bin"": ""no"", ""bus"": ""yes"", ""highway"": ""bus_stop"", ""name"": ""Edenton Street & Harrington Street"", ""network"": ""GoRaleigh;GoTriangle"", ""operator"": ""GoRaleigh;GoTriangle"", ""passenger_information_display"": ""no"", ""public_transport"": ""platform"", ""ref"": ""8071"", ""shelter"": ""no""}"
RAL-01,node,6510040641,McDowell Street & Davie Street,public_transport,platform,Point,transport_platform_infrastructure,"{""bench"": ""yes"", ""bin"": ""yes"", ""bus"": ""yes"", ""highway"": ""bus_stop"", ""mapillary"": ""152061650224547"", ""name"": ""McDowell Street & Davie Street"", ""network"": ""GoRaleigh"", ""network:wikidata"": ""Q5035469"", ""network:wikipedia"": ""en:GoRaleigh"", ""operator"": ""GoRaleigh"", ""passenger_information_display"": ""no"", ""public_transport"": ""platform"", ""ref"": ""9165"", ""shelter"": ""no"", ""survey:date"": ""2020-01-18""}"
RAL-01,node,6510040642,W Morgan St at S Dawson St,public_transport,platform,Point,transport_platform_infrastructure,"{""bus"": ""yes"", ""highway"": ""bus_stop"", ""name"": ""W Morgan St at S Dawson St"", ""network"": ""GoRaleigh"", ""network:wikidata"": ""Q5035469"", ""network:wikipedia"": ""en:GoRaleigh"", ""public_transport"": ""platform"", ""ref"": ""8186""}"
RAL-01,node,6510040644,Glenwood Ave at W Morgan St,public_transport,platform,Point,transport_platform_infrastructure,"{""bus"": ""yes"", ""fixme"": ""Verify if stop exists, shown as stop (serving GoRaleigh 6 bus) by GoRaleigh, but no signage found on the ground"", ""highway"": ""bus_stop"", ""name"": ""Glenwood Ave at W Morgan St"", ""network"": ""GoRaleigh"", ""network:wikidata"": ""Q5035469"", ""network:wikipedia"": ""en:GoRaleigh"", ""public_transport"": ""platform"", ""ref"": ""8184""}"
RAL-01,node,6510040645,W Morgan St at S Harrington St,public_transport,platform,Point,transport_platform_infrastructure,"{""bus"": ""yes"", ""highway"": ""bus_stop"", ""name"": ""W Morgan St at S Harrington St"", ""network"": ""GoRaleigh"", ""network:wikidata"": ""Q5035469"", ""network:wikipedia"": ""en:GoRaleigh"", ""public_transport"": ""platform"", ""ref"": ""8185""}"
RAL-01,node,6510040653,W Lenoir St at S Salisbury St,public_transport,platform,Point,transport_platform_infrastructure,"{""bench"": ""yes"", ""bin"": ""yes"", ""bus"": ""yes"", ""highway"": ""bus_stop"", ""mapillary"": ""1370473740001984"", ""name"": ""W Lenoir St at S Salisbury St"", ""network"": ""GoRaleigh"", ""network:wikidata"": ""Q5035469"", ""network:wikipedia"": ""en:GoRaleigh"", ""public_transport"": ""platform"", ""ref"": ""8895"", ""shelter"": ""yes"", ""survey:date"": ""2019-07-04""}"
RAL-01,node,6510040677,W Davie St at S Dawson St,public_transport,platform,Point,transport_platform_infrastructure,"{""bench"": ""no"", ""bin"": ""yes"", ""bus"": ""yes"", ""highway"": ""bus_stop"", ""mapillary"": ""1275995962815063"", ""name"": ""W Davie St at S Dawson St"", ""network"": ""GoRaleigh"", ""network:wikidata"": ""Q5035469"", ""network:wikipedia"": ""en:GoRaleigh"", ""public_transport"": ""platform"", ""ref"": ""8946"", ""shelter"": ""no"", ""survey:date"": ""2019-01-27""}"
RAL-01,node,6510040681,Harrington St at Hargett St (R15),public_transport,platform,Point,transport_platform_infrastructure,"{""bus"": ""yes"", ""highway"": ""bus_stop"", ""name"": ""Harrington St at Hargett St (R15)"", ""network"": ""GoRaleigh"", ""network:wikidata"": ""Q5035469"", ""network:wikipedia"": ""en:GoRaleigh"", ""public_transport"": ""platform"", ""ref"": ""9917""}"
RAL-01,node,6510040684,Edenton Street & McDowell Street,public_transport,platform,Point,transport_platform_infrastructure,"{""bench"": ""no"", ""bin"": ""no"", ""bus"": ""yes"", ""highway"": ""bus_stop"", ""name"": ""Edenton Street & McDowell Street"", ""network"": ""GoRaleigh"", ""operator"": ""GoRaleigh;GoTriangle"", ""passenger_information_display"": ""no"", ""public_transport"": ""platform"", ""ref"": ""8070"", ""shelter"": ""no""}"
RAL-01,node,6510040686,Glenwood Ave at Hillsborough St,public_transport,platform,Point,transport_platform_infrastructure,"{""bus"": ""yes"", ""fixme"": ""Verify if stop exists, shown as stop (serving GoRaleigh 6 bus) by GoRaleigh, but no signage found on the ground"", ""highway"": ""bus_stop"", ""name"": ""Glenwood Ave at Hillsborough St"", ""network"": ""GoRaleigh"", ""network:wikidata"": ""Q5035469"", ""network:wikipedia"": ""en:GoRaleigh"", ""public_transport"": ""platform"", ""ref"": ""8072""}"
RAL-01,node,6510040689,Salisbury St at W Hargett St,public_transport,platform,Point,transport_platform_infrastructure,"{""bench"": ""no"", ""bin"": ""no"", ""bus"": ""yes"", ""highway"": ""bus_stop"", ""name"": ""Salisbury St at W Hargett St"", ""network"": ""GoRaleigh"", ""network:wikidata"": ""Q5035469"", ""network:wikipedia"": ""en:GoRaleigh"", ""public_transport"": ""platform"", ""ref"": ""8064"", ""shelter"": ""no""}"
RAL-01,node,6510040694,Raleigh Convention Center (R1),public_transport,platform,Point,transport_platform_infrastructure,"{""bench"": ""no"", ""bin"": ""no"", ""bus"": ""yes"", ""highway"": ""bus_stop"", ""name"": ""Raleigh Convention Center (R1)"", ""network"": ""GoRaleigh"", ""network:wikidata"": ""Q5035469"", ""network:wikipedia"": ""en:GoRaleigh"", ""public_transport"": ""platform"", ""ref"": ""9900"", ""shelter"": ""no"", ""tactile_paving"": ""no""}"
RAL-01,node,6510040708,Hillsborough St at Dawson St,public_transport,platform,Point,transport_platform_infrastructure,"{""bench"": ""no"", ""bin"": ""no"", ""bus"": ""yes"", ""highway"": ""bus_stop"", ""mapillary"": ""372232734228314"", ""name"": ""Hillsborough St at Dawson St"", ""network"": ""GoRaleigh;GoTriangle"", ""public_transport"": ""platform"", ""ref"": ""1703"", ""shelter"": ""no"", ""survey:date"": ""2019-12-10""}"
RAL-01,node,6510040715,W Davie St at S Harrington St,public_transport,platform,Point,transport_platform_infrastructure,"{""bus"": ""yes"", ""highway"": ""bus_stop"", ""name"": ""W Davie St at S Harrington St"", ""network"": ""GoRaleigh"", ""network:wikidata"": ""Q5035469"", ""network:wikipedia"": ""en:GoRaleigh"", ""public_transport"": ""platform"", ""ref"": ""9777""}"
RAL-01,node,6510040722,Morgan St at McDowell St,public_transport,platform,Point,transport_platform_infrastructure,"{""bus"": ""yes"", ""highway"": ""bus_stop"", ""name"": ""Morgan St at McDowell St"", ""network"": ""GoRaleigh"", ""network:wikidata"": ""Q5035469"", ""network:wikipedia"": ""en:GoRaleigh"", ""public_transport"": ""platform"", ""ref"": ""9704""}"
RAL-01,node,6510040775,Raleigh Union Station,public_transport,platform,Point,transport_platform_infrastructure,"{""bench"": ""no"", ""bin"": ""no"", ""bus"": ""yes"", ""highway"": ""bus_stop"", ""lit"": ""yes"", ""name"": ""Raleigh Union Station"", ""network"": ""GoRaleigh"", ""network:wikidata"": ""Q5035469"", ""network:wikipedia"": ""en:GoRaleigh"", ""public_transport"": ""platform"", ""ref"": ""9000"", ""shelter"": ""no"", ""tactile_paving"": ""no""}"
RAL-01,node,6510040792,Morgan St at Glenwood Ave,public_transport,platform,Point,transport_platform_infrastructure,"{""bus"": ""yes"", ""highway"": ""bus_stop"", ""name"": ""Morgan St at Glenwood Ave"", ""network"": ""GoRaleigh"", ""network:wikidata"": ""Q5035469"", ""network:wikipedia"": ""en:GoRaleigh"", ""public_transport"": ""platform"", ""ref"": ""9570""}"
RAL-01,node,6510040822,W Hargett St at S Dawson St,public_transport,platform,Point,transport_platform_infrastructure,"{""bench"": ""yes"", ""bin"": ""yes"", ""bus"": ""yes"", ""highway"": ""bus_stop"", ""name"": ""W Hargett St at S Dawson St"", ""network"": ""GoRaleigh"", ""network:wikidata"": ""Q5035469"", ""network:wikipedia"": ""en:GoRaleigh"", ""public_transport"": ""platform"", ""ref"": ""9477"", ""shelter"": ""no""}"
RAL-01,node,6510040824,Harrington St at Hillsborough St,public_transport,platform,Point,transport_platform_infrastructure,"{""bench"": ""no"", ""bin"": ""no"", ""bus"": ""yes"", ""highway"": ""bus_stop"", ""name"": ""Harrington St at Hillsborough St"", ""network"": ""GoRaleigh"", ""network:wikidata"": ""Q5035469"", ""network:wikipedia"": ""en:GoRaleigh"", ""public_transport"": ""platform"", ""ref"": ""9479"", ""shelter"": ""no""}"
RAL-01,node,6510040827,W Hargett St at S Salisbury St,public_transport,platform,Point,transport_platform_infrastructure,"{""bench"": ""no"", ""bin"": ""no"", ""bus"": ""yes"", ""highway"": ""bus_stop"", ""name"": ""W Hargett St at S Salisbury St"", ""network"": ""GoRaleigh"", ""network:wikidata"": ""Q5035469"", ""network:wikipedia"": ""en:GoRaleigh"", ""public_transport"": ""platform"", ""ref"": ""9476"", ""shelter"": ""no""}"
RAL-01,node,6510040830,Salisbury Street & Davie Street,public_transport,platform,Point,transport_platform_infrastructure,"{""bench"": ""no"", ""bin"": ""no"", ""bus"": ""yes"", ""highway"": ""bus_stop"", ""name"": ""Salisbury Street & Davie Street"", ""network"": ""GoRaleigh;GoTriangle"", ""operator"": ""GoRaleigh;GoTriangle"", ""public_transport"": ""platform"", ""ref"": ""1969"", ""shelter"": ""no"", ""tactile_paving"": ""no""}"
RAL-01,node,6510040833,Salisbury Street & South Street,public_transport,platform,Point,transport_platform_infrastructure,"{""bench"": ""no"", ""bin"": ""no"", ""bus"": ""yes"", ""highway"": ""bus_stop"", ""name"": ""Salisbury Street & South Street"", ""network"": ""GoTriangle"", ""network:wikidata"": ""Q7840091"", ""network:wikipedia"": ""en:GoTriangle"", ""operator"": ""GoTriangle"", ""passenger_information_display"": ""no"", ""public_transport"": ""platform"", ""ref"": ""1970"", ""shelter"": ""no"", ""tactile_paving"": ""no""}"
RAL-01,node,6512302843,Wilmington Street & Hargett Street,public_transport,platform,Point,transport_platform_infrastructure,"{""bench"": ""no"", ""bin"": ""no"", ""bus"": ""yes"", ""highway"": ""bus_stop"", ""name"": ""Wilmington Street & Hargett Street"", ""network"": ""GoRaleigh;GoTriangle"", ""operator"": ""GoRaleigh;GoTriangle"", ""passenger_information_display"": ""no"", ""public_transport"": ""platform"", ""ref"": ""1734"", ""shelter"": ""no""}"
RAL-01,node,6512302844,GoRaleigh Station,public_transport,platform,Point,transport_platform_infrastructure,"{""bench"": ""yes"", ""bin"": ""yes"", ""bus"": ""yes"", ""highway"": ""bus_stop"", ""local_ref"": ""D"", ""name"": ""GoRaleigh Station"", ""network"": ""GoRaleigh"", ""network:wikidata"": ""Q5035469"", ""network:wikipedia"": ""en:GoRaleigh"", ""operator"": ""GoRaleigh"", ""passenger_information_display"": ""yes"", ""public_transport"": ""platform"", ""ref"": ""8001"", ""shelter"": ""yes""}"
RAL-01,node,6512302845,GoRaleigh Station,public_transport,platform,Point,transport_platform_infrastructure,"{""bench"": ""yes"", ""bin"": ""yes"", ""bus"": ""yes"", ""highway"": ""bus_stop"", ""local_ref"": ""B"", ""name"": ""GoRaleigh Station"", ""network"": ""GoRaleigh"", ""network:wikidata"": ""Q5035469"", ""operator"": ""GoRaleigh"", ""public_transport"": ""platform"", ""ref"": ""8001"", ""route_ref"": ""5;11;13 (to Chavis Heights);17;18;18S;19;21"", ""shelter"": ""yes""}"
RAL-01,node,6512302846,GoRaleigh Station,public_transport,platform,Point,transport_platform_infrastructure,"{""bench"": ""yes"", ""bin"": ""yes"", ""bus"": ""yes"", ""highway"": ""bus_stop"", ""local_ref"": ""A"", ""name"": ""GoRaleigh Station"", ""network"": ""GoRaleigh"", ""network:wikidata"": ""Q5035469"", ""network:wikipedia"": ""en:GoRaleigh"", ""operator"": ""GoRaleigh"", ""passenger_information_display"": ""yes"", ""public_transport"": ""platform"", ""ref"": ""8001"", ""shelter"": ""yes""}"
RAL-01,node,6512302847,GoRaleigh Station,public_transport,platform,Point,transport_platform_infrastructure,"{""bench"": ""yes"", ""bin"": ""yes"", ""bus"": ""yes"", ""highway"": ""bus_stop"", ""local_ref"": ""C"", ""name"": ""GoRaleigh Station"", ""network"": ""GoRaleigh"", ""network:wikidata"": ""Q5035469"", ""operator"": ""GoRaleigh"", ""public_transport"": ""platform"", ""ref"": ""8001"", ""route_ref"": ""13 (to Raleigh Union Station);55X;100;105;CRX;DRX"", ""shelter"": ""yes""}"
RAL-01,node,6573073971,,amenity,parking_entrance,Point,low_value_category,"{""amenity"": ""parking_entrance""}"
RAL-01,node,6573073974,,amenity,parking_entrance,Point,low_value_category,"{""amenity"": ""parking_entrance""}"
RAL-01,node,6573073980,,amenity,parking_entrance,Point,low_value_category,"{""amenity"": ""parking_entrance""}"
RAL-01,node,6573073981,,amenity,parking_entrance,Point,low_value_category,"{""amenity"": ""parking_entrance""}"
RAL-01,node,6573312267,,amenity,bicycle_parking,Point,low_value_category,"{""amenity"": ""bicycle_parking"", ""bicycle_parking"": ""rack""}"
RAL-01,node,6573379362,,amenity,bicycle_parking,Point,low_value_category,"{""amenity"": ""bicycle_parking"", ""bicycle_parking"": ""staple"", ""capacity"": ""8"", ""covered"": ""no""}"
RAL-01,node,6573379363,,amenity,bicycle_parking,Point,low_value_category,"{""amenity"": ""bicycle_parking"", ""capacity"": ""16"", ""covered"": ""no""}"
RAL-01,node,7127330541,,amenity,parking_entrance,Point,low_value_category,"{""amenity"": ""parking_entrance""}"
RAL-01,node,7196446147,,amenity,parking_entrance,Point,low_value_category,"{""amenity"": ""parking_entrance""}"
RAL-01,node,7600602572,West St at North St (R12),public_transport,platform,Point,transport_platform_infrastructure,"{""bus"": ""yes"", ""highway"": ""bus_stop"", ""name"": ""West St at North St (R12)"", ""network"": ""GoRaleigh"", ""network:wikidata"": ""Q5035469"", ""network:wikipedia"": ""en:GoRaleigh"", ""public_transport"": ""platform"", ""ref"": ""9906""}"
RAL-01,node,7600602573,West St at Hargett St (R13),public_transport,platform,Point,transport_platform_infrastructure,"{""bus"": ""yes"", ""highway"": ""bus_stop"", ""name"": ""West St at Hargett St (R13)"", ""network"": ""GoRaleigh"", ""network:wikidata"": ""Q5035469"", ""network:wikipedia"": ""en:GoRaleigh"", ""public_transport"": ""platform"", ""ref"": ""9907""}"
RAL-01,node,7600602575,Harrington St at Hillsborough St (R16),public_transport,platform,Point,transport_platform_infrastructure,"{""bus"": ""yes"", ""highway"": ""bus_stop"", ""name"": ""Harrington St at Hillsborough St (R16)"", ""network"": ""GoRaleigh"", ""network:wikidata"": ""Q5035469"", ""network:wikipedia"": ""en:GoRaleigh"", ""public_transport"": ""platform"", ""ref"": ""9004""}"
RAL-01,node,7600602576,West St at Jones St (R17),public_transport,platform,Point,transport_platform_infrastructure,"{""bus"": ""yes"", ""highway"": ""bus_stop"", ""name"": ""West St at Jones St (R17)"", ""network"": ""GoRaleigh"", ""network:wikidata"": ""Q5035469"", ""network:wikipedia"": ""en:GoRaleigh"", ""public_transport"": ""platform"", ""ref"": ""9915""}"
RAL-01,node,7600602577,West St at Tucker St (R18),public_transport,platform,Point,transport_platform_infrastructure,"{""bus"": ""yes"", ""highway"": ""bus_stop"", ""name"": ""West St at Tucker St (R18)"", ""network"": ""GoRaleigh"", ""network:wikidata"": ""Q5035469"", ""network:wikipedia"": ""en:GoRaleigh"", ""public_transport"": ""platform"", ""ref"": ""9922""}"
RAL-01,node,7600602578,West St at Peace St (R19),public_transport,platform,Point,transport_platform_infrastructure,"{""bus"": ""yes"", ""highway"": ""bus_stop"", ""name"": ""West St at Peace St (R19)"", ""network"": ""GoRaleigh"", ""network:wikidata"": ""Q5035469"", ""network:wikipedia"": ""en:GoRaleigh"", ""public_transport"": ""platform"", ""ref"": ""9927""}"
RAL-01,node,7600602579,Salisbury St at Martin St (R25),public_transport,platform,Point,transport_platform_infrastructure,"{""bus"": ""yes"", ""highway"": ""bus_stop"", ""name"": ""Salisbury St at Martin St (R25)"", ""network"": ""GoRaleigh"", ""network:wikidata"": ""Q5035469"", ""network:wikipedia"": ""en:GoRaleigh"", ""public_transport"": ""platform"", ""ref"": ""9931""}"
RAL-01,node,7869310955,CP Capital,railway,switch,Point,railway_track_infrastructure,"{""name"": ""CP Capital"", ""railway"": ""switch"", ""railway:switch"": ""default""}"
RAL-01,node,7869310973,,railway,switch,Point,railway_track_infrastructure,"{""railway"": ""switch""}"
RAL-01,node,7869310977,,railway,switch,Point,railway_track_infrastructure,"{""railway"": ""switch""}"
RAL-01,node,7869310979,,railway,switch,Point,railway_track_infrastructure,"{""railway"": ""switch""}"
RAL-01,node,7869370291,,railway,signal,Point,railway_track_infrastructure,"{""railway"": ""signal"", ""railway:signal:direction"": ""backward""}"
RAL-01,node,7950514460,,amenity,parking_entrance,Point,low_value_category,"{""amenity"": ""parking_entrance""}"
RAL-01,node,8570149935,,amenity,parking_entrance,Point,low_value_category,"{""amenity"": ""parking_entrance""}"
RAL-01,node,8572554374,,amenity,parking_entrance,Point,low_value_category,"{""amenity"": ""parking_entrance""}"
RAL-01,node,8572554375,,amenity,parking_entrance,Point,low_value_category,"{""amenity"": ""parking_entrance""}"
RAL-01,node,8572554378,,amenity,parking_entrance,Point,low_value_category,"{""amenity"": ""parking_entrance""}"
RAL-01,node,8572554379,,amenity,parking_entrance,Point,low_value_category,"{""amenity"": ""parking_entrance""}"
RAL-01,node,8905088381,,railway,crossing,Point,unnamed_not_inherently_meaningful,"{""railway"": ""crossing""}"
RAL-01,node,8905088391,,railway,level_crossing,Point,railway_track_infrastructure,"{""crossing:activation"": ""automatic"", ""crossing:barrier"": ""gate"", ""crossing:bell"": ""yes"", ""crossing:light"": ""yes"", ""railway"": ""level_crossing""}"
RAL-01,node,9097976151,,amenity,parking,Point,low_value_category,"{""amenity"": ""parking""}"
RAL-01,node,9312749366,,railway,switch,Point,railway_track_infrastructure,"{""railway"": ""switch""}"
RAL-01,node,9312749367,,railway,switch,Point,railway_track_infrastructure,"{""railway"": ""switch""}"
RAL-01,node,9349775613,,amenity,parking_entrance,Point,low_value_category,"{""amenity"": ""parking_entrance""}"
RAL-01,node,9349813917,,amenity,parking_entrance,Point,low_value_category,"{""amenity"": ""parking_entrance""}"
RAL-01,node,9383963015,,railway,crossing,Point,unnamed_not_inherently_meaningful,"{""crossing:barrier"": ""full"", ""railway"": ""crossing""}"
RAL-01,node,9395888827,Salisbury Street & Davie Street,public_transport,stop_position,Point,transport_platform_infrastructure,"{""bus"": ""yes"", ""name"": ""Salisbury Street & Davie Street"", ""network"": ""GoRaleigh;GoTriangle"", ""operator"": ""GoRaleigh;GoTriangle"", ""public_transport"": ""stop_position"", ""ref"": ""1969""}"
RAL-01,node,9395888828,Salisbury Street & Morgan Street,public_transport,stop_position,Point,transport_platform_infrastructure,"{""bus"": ""yes"", ""name"": ""Salisbury Street & Morgan Street"", ""network"": ""GoRaleigh;GoTriangle"", ""operator"": ""GoRaleigh;GoTriangle"", ""public_transport"": ""stop_position"", ""ref"": ""8063""}"
RAL-01,node,9395888829,Wilmington Street & Hargett Street,public_transport,stop_position,Point,transport_platform_infrastructure,"{""bus"": ""yes"", ""name"": ""Wilmington Street & Hargett Street"", ""network"": ""GoRaleigh;GoTriangle"", ""operator"": ""GoRaleigh;GoTriangle"", ""public_transport"": ""stop_position"", ""ref"": ""1734""}"
RAL-01,node,9395888830,Wilmington Street & Cabarrus Street,public_transport,stop_position,Point,transport_platform_infrastructure,"{""bus"": ""yes"", ""name"": ""Wilmington Street & Cabarrus Street"", ""network"": ""GoRaleigh;GoTriangle"", ""operator"": ""GoRaleigh;GoTriangle"", ""public_transport"": ""stop_position"", ""ref"": ""1284""}"
RAL-01,node,9398111453,Salisbury Street & South Street,public_transport,stop_position,Point,transport_platform_infrastructure,"{""bus"": ""yes"", ""name"": ""Salisbury Street & South Street"", ""network"": ""GoTriangle"", ""operator"": ""GoTriangle"", ""public_transport"": ""stop_position"", ""ref"": ""1970""}"
RAL-01,node,9398111454,McDowell Street & Martin Street,public_transport,stop_position,Point,transport_platform_infrastructure,"{""bus"": ""yes"", ""name"": ""McDowell Street & Martin Street"", ""network"": ""GoRaleigh;GoTriangle"", ""operator"": ""GoRaleigh;GoTriangle"", ""public_transport"": ""stop_position"", ""ref"": ""8343""}"
RAL-01,node,9398111455,McDowell Street & Lenior Street,public_transport,stop_position,Point,transport_platform_infrastructure,"{""bus"": ""yes"", ""name"": ""McDowell Street & Lenior Street"", ""network"": ""GoTriangle"", ""operator"": ""GoTriangle"", ""public_transport"": ""stop_position"", ""ref"": ""1952""}"
RAL-01,node,9398193493,GoRaleigh Station,public_transport,stop_position,Point,transport_platform_infrastructure,"{""bus"": ""yes"", ""local_ref"": ""A"", ""name"": ""GoRaleigh Station"", ""network"": ""GoRaleigh"", ""operator"": ""GoRaleigh"", ""public_transport"": ""stop_position"", ""ref"": ""8001""}"
RAL-01,node,9398252614,Dawson Street & Cabarrus Street,public_transport,stop_position,Point,transport_platform_infrastructure,"{""bus"": ""yes"", ""name"": ""Dawson Street & Cabarrus Street"", ""network"": ""GoRaleigh"", ""operator"": ""GoRaleigh"", ""public_transport"": ""stop_position"", ""ref"": ""9744""}"
RAL-01,node,9398252615,Davie Street & Fayetteville Street,public_transport,stop_position,Point,transport_platform_infrastructure,"{""bus"": ""yes"", ""name"": ""Davie Street & Fayetteville Street"", ""network"": ""GoRaleigh"", ""operator"": ""GoRaleigh"", ""public_transport"": ""stop_position"", ""ref"": ""9743""}"
RAL-01,node,9398252616,McDowell Street & Davie Street,public_transport,stop_position,Point,transport_platform_infrastructure,"{""bus"": ""yes"", ""name"": ""McDowell Street & Davie Street"", ""network"": ""GoRaleigh"", ""operator"": ""GoRaleigh"", ""public_transport"": ""stop_position"", ""ref"": ""9165""}"
RAL-01,node,9399963952,Blount Street & Polk Street,public_transport,stop_position,Point,transport_platform_infrastructure,"{""bus"": ""yes"", ""name"": ""Blount Street & Polk Street"", ""network"": ""GoRaleigh"", ""operator"": ""GoRaleigh"", ""public_transport"": ""stop_position"", ""ref"": ""9788""}"
RAL-01,node,9399963953,Blount Street & Franklin Street,public_transport,stop_position,Point,transport_platform_infrastructure,"{""bus"": ""yes"", ""name"": ""Blount Street & Franklin Street"", ""network"": ""GoRaleigh"", ""operator"": ""GoRaleigh"", ""public_transport"": ""stop_position"", ""ref"": ""9471""}"
RAL-01,node,9399963954,Person Street & Franklin Street,public_transport,stop_position,Point,transport_platform_infrastructure,"{""bus"": ""yes"", ""name"": ""Person Street & Franklin Street"", ""network"": ""GoRaleigh"", ""operator"": ""GoRaleigh"", ""public_transport"": ""stop_position"", ""ref"": ""8009""}"
RAL-01,node,9399963955,Peace Street & Blount Street,public_transport,stop_position,Point,transport_platform_infrastructure,"{""bus"": ""yes"", ""name"": ""Peace Street & Blount Street"", ""network"": ""GoRaleigh"", ""operator"": ""GoRaleigh"", ""public_transport"": ""stop_position"", ""ref"": ""9384""}"
RAL-01,node,9399963956,Wilmington Street & Polk Street,public_transport,stop_position,Point,transport_platform_infrastructure,"{""bus"": ""yes"", ""name"": ""Wilmington Street & Polk Street"", ""network"": ""GoRaleigh"", ""operator"": ""GoRaleigh"", ""public_transport"": ""stop_position"", ""ref"": ""8007""}"
RAL-01,node,9399963957,Wilmington Street & Jones Street,public_transport,stop_position,Point,transport_platform_infrastructure,"{""bus"": ""yes"", ""name"": ""Wilmington Street & Jones Street"", ""network"": ""GoRaleigh;GoTriangle"", ""operator"": ""GoRaleigh;GoTriangle"", ""public_transport"": ""stop_position"", ""ref"": ""8003""}"
RAL-01,node,9399963958,Wilmington Street & Morgan Street,public_transport,stop_position,Point,transport_platform_infrastructure,"{""bus"": ""yes"", ""name"": ""Wilmington Street & Morgan Street"", ""network"": ""GoRaleigh;GoTriangle"", ""operator"": ""GoRaleigh;GoTriangle"", ""public_transport"": ""stop_position"", ""ref"": ""8002""}"
RAL-01,node,9399963965,GoRaleigh Station,public_transport,stop_position,Point,transport_platform_infrastructure,"{""bus"": ""yes"", ""local_ref"": ""D"", ""name"": ""GoRaleigh Station"", ""network"": ""GoRaleigh"", ""operator"": ""GoRaleigh"", ""public_transport"": ""stop_position"", ""ref"": ""8001""}"
RAL-01,node,9408985107,Edenton Street & Harrington Street,public_transport,stop_position,Point,transport_platform_infrastructure,"{""bus"": ""yes"", ""name"": ""Edenton Street & Harrington Street"", ""network"": ""GoRaleigh;GoTriangle"", ""operator"": ""GoRaleigh;GoTriangle"", ""public_transport"": ""stop_position"", ""ref"": ""8071""}"
RAL-01,node,9408985108,Edenton Street & McDowell Street,public_transport,stop_position,Point,transport_platform_infrastructure,"{""bus"": ""yes"", ""name"": ""Edenton Street & McDowell Street"", ""network"": ""GoRaleigh;GoTriangle"", ""operator"": ""GoRaleigh;GoTriangle"", ""public_transport"": ""stop_position"", ""ref"": ""8070""}"
RAL-01,node,9408985109,Edenton Street & Salisbury Street,public_transport,stop_position,Point,transport_platform_infrastructure,"{""bus"": ""yes"", ""name"": ""Edenton Street & Salisbury Street"", ""network"": ""GoRaleigh;GoTriangle"", ""operator"": ""GoRaleigh;GoTriangle"", ""public_transport"": ""stop_position"", ""ref"": ""9674""}"
RAL-01,node,9410561222,Glenwood Avenue & Johnson Street,public_transport,stop_position,Point,transport_platform_infrastructure,"{""bus"": ""yes"", ""name"": ""Glenwood Avenue & Johnson Street"", ""network"": ""GoRaleigh"", ""operator"": ""GoRaleigh"", ""public_transport"": ""stop_position"", ""ref"": ""300""}"
RAL-01,node,9410561223,Glenwood Avenue & Tucker Street,public_transport,stop_position,Point,transport_platform_infrastructure,"{""bus"": ""yes"", ""name"": ""Glenwood Avenue & Tucker Street"", ""network"": ""GoRaleigh"", ""operator"": ""GoRaleigh"", ""public_transport"": ""stop_position"", ""ref"": ""8075""}"
RAL-01,node,9410561224,Glenwood Avenue & Lane Street,public_transport,stop_position,Point,transport_platform_infrastructure,"{""bus"": ""yes"", ""name"": ""Glenwood Avenue & Lane Street"", ""network"": ""GoRaleigh"", ""operator"": ""GoRaleigh"", ""public_transport"": ""stop_position"", ""ref"": ""8074""}"
RAL-01,node,9410561225,Glenwood Avenue & Jones Street,public_transport,stop_position,Point,transport_platform_infrastructure,"{""bus"": ""yes"", ""name"": ""Glenwood Avenue & Jones Street"", ""network"": ""GoRaleigh"", ""operator"": ""GoRaleigh"", ""public_transport"": ""stop_position"", ""ref"": ""8182""}"
RAL-01,node,9410561226,Glenwood Avenue & Hillsborough Street,public_transport,stop_position,Point,transport_platform_infrastructure,"{""bus"": ""yes"", ""name"": ""Glenwood Avenue & Hillsborough Street"", ""network"": ""GoRaleigh"", ""operator"": ""GoRaleigh"", ""public_transport"": ""stop_position"", ""ref"": ""unknown""}"
RAL-01,node,9410561227,Glenwood Avenue & Hillsborough Street,public_transport,platform,Point,transport_platform_infrastructure,"{""bench"": ""no"", ""bin"": ""yes"", ""bus"": ""yes"", ""highway"": ""bus_stop"", ""name"": ""Glenwood Avenue & Hillsborough Street"", ""network"": ""GoRaleigh"", ""network:wikidata"": ""Q5035469"", ""network:wikipedia"": ""en:GoRaleigh"", ""operator"": ""GoRaleigh"", ""passenger_information_display"": ""no"", ""public_transport"": ""platform"", ""ref"": ""unknown"", ""shelter"": ""no""}"
RAL-01,node,9426790322,,amenity,parking_entrance,Point,low_value_category,"{""amenity"": ""parking_entrance""}"
RAL-01,node,9426790332,,amenity,parking_entrance,Point,low_value_category,"{""amenity"": ""parking_entrance""}"
RAL-01,node,9426790334,,amenity,parking_entrance,Point,low_value_category,"{""amenity"": ""parking_entrance""}"
RAL-01,node,9426790337,,amenity,parking_entrance,Point,low_value_category,"{""amenity"": ""parking_entrance""}"
RAL-01,node,9968827242,,amenity,bicycle_parking,Point,low_value_category,"{""access"": ""yes"", ""amenity"": ""bicycle_parking"", ""bicycle_parking"": ""loops"", ""capacity"": ""12"", ""covered"": ""no""}"
RAL-01,node,9968827243,,amenity,bicycle_parking,Point,low_value_category,"{""access"": ""yes"", ""amenity"": ""bicycle_parking"", ""bicycle_parking"": ""stands"", ""capacity"": ""2"", ""covered"": ""no""}"
RAL-01,node,9968827244,,amenity,bicycle_parking,Point,low_value_category,"{""access"": ""yes"", ""amenity"": ""bicycle_parking"", ""bicycle_parking"": ""loops"", ""capacity"": ""2"", ""covered"": ""no""}"
RAL-01,node,9968827245,,amenity,bicycle_parking,Point,low_value_category,"{""amenity"": ""bicycle_parking"", ""bicycle_parking"": ""stands"", ""capacity"": ""4"", ""covered"": ""no""}"
RAL-01,node,9968827246,,amenity,bicycle_parking,Point,low_value_category,"{""access"": ""yes"", ""amenity"": ""bicycle_parking"", ""bicycle_parking"": ""stands"", ""capacity"": ""28"", ""covered"": ""yes""}"
RAL-01,node,9968827247,,amenity,bicycle_parking,Point,low_value_category,"{""access"": ""yes"", ""amenity"": ""bicycle_parking"", ""bicycle_parking"": ""stands"", ""capacity"": ""2"", ""covered"": ""no""}"
RAL-01,node,9968827248,,amenity,bicycle_parking,Point,low_value_category,"{""access"": ""yes"", ""amenity"": ""bicycle_parking"", ""bicycle_parking"": ""stands"", ""capacity"": ""2"", ""covered"": ""no""}"
RAL-01,node,9968827249,,amenity,bicycle_parking,Point,low_value_category,"{""amenity"": ""bicycle_parking"", ""bicycle_parking"": ""front_wheel"", ""capacity"": ""20"", ""covered"": ""no""}"
RAL-01,node,10035405947,,amenity,bicycle_parking,Point,low_value_category,"{""amenity"": ""bicycle_parking"", ""bicycle_parking"": ""stands"", ""capacity"": ""4"", ""covered"": ""no"", ""lit"": ""yes""}"
RAL-01,node,10046239670,,amenity,bicycle_parking,Point,low_value_category,"{""amenity"": ""bicycle_parking"", ""bicycle_parking"": ""staple"", ""capacity"": ""6"", ""covered"": ""no""}"
RAL-01,node,10046239671,,amenity,bicycle_parking,Point,low_value_category,"{""amenity"": ""bicycle_parking"", ""bicycle_parking"": ""staple"", ""capacity"": ""8"", ""covered"": ""no""}"
RAL-01,node,10046239672,,amenity,bicycle_parking,Point,low_value_category,"{""amenity"": ""bicycle_parking"", ""bicycle_parking"": ""staple"", ""capacity"": ""2"", ""covered"": ""no""}"
RAL-01,node,10046239673,,amenity,bicycle_parking,Point,low_value_category,"{""amenity"": ""bicycle_parking"", ""bicycle_parking"": ""staple"", ""capacity"": ""2"", ""covered"": ""no""}"
RAL-01,node,10046239674,,amenity,bicycle_parking,Point,low_value_category,"{""amenity"": ""bicycle_parking"", ""bicycle_parking"": ""staple"", ""capacity"": ""2"", ""covered"": ""no""}"
RAL-01,node,10046239675,,amenity,bicycle_parking,Point,low_value_category,"{""amenity"": ""bicycle_parking"", ""bicycle_parking"": ""staple"", ""capacity"": ""4"", ""covered"": ""no""}"
RAL-01,node,10046239676,,amenity,bicycle_parking,Point,low_value_category,"{""amenity"": ""bicycle_parking"", ""bicycle_parking"": ""staple"", ""capacity"": ""2"", ""covered"": ""no""}"
RAL-01,node,10046239677,,amenity,bicycle_parking,Point,low_value_category,"{""amenity"": ""bicycle_parking"", ""bicycle_parking"": ""loops"", ""capacity"": ""8"", ""covered"": ""no""}"
RAL-01,node,10046239678,,amenity,bicycle_parking,Point,low_value_category,"{""amenity"": ""bicycle_parking"", ""bicycle_parking"": ""staple"", ""capacity"": ""6"", ""covered"": ""no""}"
RAL-01,node,10046239679,,amenity,bicycle_parking,Point,low_value_category,"{""amenity"": ""bicycle_parking"", ""bicycle_parking"": ""stands"", ""capacity"": ""2"", ""covered"": ""no""}"
RAL-01,node,10046239680,,amenity,bicycle_parking,Point,low_value_category,"{""amenity"": ""bicycle_parking"", ""bicycle_parking"": ""stands"", ""capacity"": ""2"", ""covered"": ""no""}"
RAL-01,node,10046239681,,amenity,bicycle_parking,Point,low_value_category,"{""amenity"": ""bicycle_parking"", ""bicycle_parking"": ""stands"", ""capacity"": ""2"", ""covered"": ""no""}"
RAL-01,node,10046239682,,amenity,bicycle_parking,Point,low_value_category,"{""amenity"": ""bicycle_parking"", ""bicycle_parking"": ""stands"", ""capacity"": ""2"", ""covered"": ""no""}"
RAL-01,node,10046239683,,amenity,bicycle_parking,Point,low_value_category,"{""amenity"": ""bicycle_parking"", ""bicycle_parking"": ""stands"", ""capacity"": ""2"", ""covered"": ""no""}"
RAL-01,node,10046239684,,amenity,bicycle_parking,Point,low_value_category,"{""amenity"": ""bicycle_parking"", ""bicycle_parking"": ""stands"", ""capacity"": ""2"", ""covered"": ""no""}"
RAL-01,node,10046239685,,amenity,bicycle_parking,Point,low_value_category,"{""amenity"": ""bicycle_parking"", ""bicycle_parking"": ""stands"", ""capacity"": ""2"", ""covered"": ""no""}"
RAL-01,node,10046239686,,amenity,bicycle_parking,Point,low_value_category,"{""amenity"": ""bicycle_parking"", ""bicycle_parking"": ""stands"", ""capacity"": ""6"", ""covered"": ""no""}"
RAL-01,node,10048365314,,amenity,bicycle_parking,Point,low_value_category,"{""amenity"": ""bicycle_parking"", ""bicycle_parking"": ""stands"", ""capacity"": ""4"", ""covered"": ""no""}"
RAL-01,node,10048365315,,amenity,bicycle_parking,Point,low_value_category,"{""amenity"": ""bicycle_parking"", ""bicycle_parking"": ""stands"", ""capacity"": ""4"", ""covered"": ""no""}"
RAL-01,node,10048365316,,amenity,bicycle_parking,Point,low_value_category,"{""amenity"": ""bicycle_parking"", ""bicycle_parking"": ""stands"", ""capacity"": ""2"", ""covered"": ""no""}"
RAL-01,node,10048384017,,amenity,bicycle_parking,Point,low_value_category,"{""amenity"": ""bicycle_parking"", ""bicycle_parking"": ""stands"", ""capacity"": ""2"", ""covered"": ""no""}"
RAL-01,node,10048384018,,amenity,bicycle_parking,Point,low_value_category,"{""amenity"": ""bicycle_parking"", ""bicycle_parking"": ""stands"", ""capacity"": ""2"", ""covered"": ""no""}"
RAL-01,node,10048384019,,amenity,bicycle_parking,Point,low_value_category,"{""amenity"": ""bicycle_parking"", ""bicycle_parking"": ""stands"", ""capacity"": ""2"", ""covered"": ""no""}"
RAL-01,node,10048384020,,amenity,bicycle_parking,Point,low_value_category,"{""amenity"": ""bicycle_parking"", ""bicycle_parking"": ""staple"", ""capacity"": ""4"", ""covered"": ""no""}"
RAL-01,node,10048384021,,amenity,bicycle_parking,Point,low_value_category,"{""amenity"": ""bicycle_parking"", ""bicycle_parking"": ""wave"", ""capacity"": ""5"", ""covered"": ""no""}"
RAL-01,node,10048384022,,amenity,bicycle_parking,Point,low_value_category,"{""amenity"": ""bicycle_parking"", ""bicycle_parking"": ""stands"", ""capacity"": ""2"", ""covered"": ""no""}"
RAL-01,node,10048384023,,amenity,bicycle_parking,Point,low_value_category,"{""amenity"": ""bicycle_parking"", ""bicycle_parking"": ""stands"", ""capacity"": ""6"", ""covered"": ""no""}"
RAL-01,node,10048384024,,amenity,bicycle_parking,Point,low_value_category,"{""amenity"": ""bicycle_parking"", ""bicycle_parking"": ""stands"", ""capacity"": ""2"", ""covered"": ""no""}"
RAL-01,node,10048398588,,amenity,bicycle_parking,Point,low_value_category,"{""amenity"": ""bicycle_parking"", ""bicycle_parking"": ""wave"", ""capacity"": ""5"", ""covered"": ""no""}"
RAL-01,node,10048398589,,amenity,bicycle_parking,Point,low_value_category,"{""amenity"": ""bicycle_parking"", ""bicycle_parking"": ""staple"", ""capacity"": ""40"", ""covered"": ""no""}"
RAL-01,node,10048398590,,amenity,bicycle_parking,Point,low_value_category,"{""amenity"": ""bicycle_parking"", ""bicycle_parking"": ""staple"", ""capacity"": ""6"", ""covered"": ""no""}"
RAL-01,node,10048398591,,amenity,bicycle_parking,Point,low_value_category,"{""amenity"": ""bicycle_parking"", ""bicycle_parking"": ""staple"", ""capacity"": ""2"", ""covered"": ""no""}"
RAL-01,node,10048398592,,amenity,bicycle_parking,Point,low_value_category,"{""amenity"": ""bicycle_parking"", ""bicycle_parking"": ""staple"", ""capacity"": ""2"", ""covered"": ""no""}"
RAL-01,node,10048398593,,amenity,bicycle_parking,Point,low_value_category,"{""amenity"": ""bicycle_parking"", ""bicycle_parking"": ""stands"", ""capacity"": ""2"", ""covered"": ""no""}"
RAL-01,node,10048398594,,amenity,bicycle_parking,Point,low_value_category,"{""amenity"": ""bicycle_parking"", ""bicycle_parking"": ""stands"", ""capacity"": ""2"", ""covered"": ""no""}"
RAL-01,node,10048398596,,amenity,bicycle_parking,Point,low_value_category,"{""amenity"": ""bicycle_parking"", ""bicycle_parking"": ""stands"", ""capacity"": ""2"", ""covered"": ""no""}"
RAL-01,node,10048398597,,amenity,bicycle_parking,Point,low_value_category,"{""amenity"": ""bicycle_parking"", ""bicycle_parking"": ""stands"", ""capacity"": ""2"", ""covered"": ""no""}"
RAL-01,node,10048398598,,amenity,bicycle_parking,Point,low_value_category,"{""amenity"": ""bicycle_parking"", ""bicycle_parking"": ""stands"", ""capacity"": ""2"", ""covered"": ""no""}"
RAL-01,node,10048398599,,amenity,bicycle_parking,Point,low_value_category,"{""amenity"": ""bicycle_parking"", ""bicycle_parking"": ""stands"", ""capacity"": ""2"", ""covered"": ""no""}"
RAL-01,node,10048398600,,amenity,bicycle_parking,Point,low_value_category,"{""amenity"": ""bicycle_parking"", ""bicycle_parking"": ""stands"", ""capacity"": ""2"", ""covered"": ""no""}"
RAL-01,node,10048398601,,amenity,bicycle_parking,Point,low_value_category,"{""amenity"": ""bicycle_parking"", ""bicycle_parking"": ""stands"", ""capacity"": ""4"", ""covered"": ""no""}"
RAL-01,node,10048398602,,amenity,bicycle_parking,Point,low_value_category,"{""amenity"": ""bicycle_parking"", ""bicycle_parking"": ""staple"", ""capacity"": ""2"", ""covered"": ""no""}"
RAL-01,node,10048398603,,amenity,bicycle_parking,Point,low_value_category,"{""amenity"": ""bicycle_parking"", ""bicycle_parking"": ""stands"", ""capacity"": ""2"", ""covered"": ""no""}"
RAL-01,node,10048398604,,amenity,bicycle_parking,Point,low_value_category,"{""amenity"": ""bicycle_parking"", ""bicycle_parking"": ""stands"", ""capacity"": ""2"", ""covered"": ""no""}"
RAL-01,node,10048398605,,amenity,bicycle_parking,Point,low_value_category,"{""amenity"": ""bicycle_parking"", ""bicycle_parking"": ""staple"", ""capacity"": ""2"", ""covered"": ""no""}"
RAL-01,node,10048398606,,amenity,bicycle_parking,Point,low_value_category,"{""amenity"": ""bicycle_parking"", ""bicycle_parking"": ""staple"", ""capacity"": ""2"", ""covered"": ""no""}"
RAL-01,node,10048424128,,amenity,bicycle_parking,Point,low_value_category,"{""amenity"": ""bicycle_parking"", ""bicycle_parking"": ""staple"", ""capacity"": ""8"", ""covered"": ""no""}"
RAL-01,node,10048424129,,amenity,bicycle_parking,Point,low_value_category,"{""amenity"": ""bicycle_parking"", ""bicycle_parking"": ""staple"", ""capacity"": ""4"", ""covered"": ""no""}"
RAL-01,node,10048424130,,amenity,bicycle_parking,Point,low_value_category,"{""amenity"": ""bicycle_parking"", ""bicycle_parking"": ""staple"", ""capacity"": ""6"", ""covered"": ""no""}"
RAL-01,node,10048424131,,amenity,bicycle_parking,Point,low_value_category,"{""amenity"": ""bicycle_parking"", ""bicycle_parking"": ""staple"", ""capacity"": ""2"", ""covered"": ""no""}"
RAL-01,node,10048424132,,amenity,bicycle_parking,Point,low_value_category,"{""amenity"": ""bicycle_parking"", ""bicycle_parking"": ""staple"", ""capacity"": ""2"", ""covered"": ""no""}"
RAL-01,node,10048424133,,amenity,bicycle_parking,Point,low_value_category,"{""amenity"": ""bicycle_parking"", ""bicycle_parking"": ""bollard"", ""capacity"": ""6"", ""covered"": ""yes""}"
RAL-01,node,10049370621,,amenity,bicycle_parking,Point,low_value_category,"{""amenity"": ""bicycle_parking"", ""bicycle_parking"": ""loops"", ""capacity"": ""6"", ""covered"": ""no""}"
RAL-01,node,10049370622,,amenity,bicycle_parking,Point,low_value_category,"{""amenity"": ""bicycle_parking"", ""bicycle_parking"": ""stands"", ""capacity"": ""4"", ""covered"": ""no""}"
RAL-01,node,10049370623,,amenity,bicycle_parking,Point,low_value_category,"{""amenity"": ""bicycle_parking"", ""bicycle_parking"": ""stands"", ""capacity"": ""4"", ""covered"": ""no""}"
RAL-01,node,10049370624,,amenity,bicycle_parking,Point,low_value_category,"{""amenity"": ""bicycle_parking"", ""capacity"": ""12"", ""covered"": ""no""}"
RAL-01,node,10049370627,,amenity,bicycle_parking,Point,low_value_category,"{""amenity"": ""bicycle_parking"", ""bicycle_parking"": ""staple"", ""capacity"": ""2"", ""covered"": ""no""}"
RAL-01,node,10049370628,,amenity,bicycle_parking,Point,low_value_category,"{""amenity"": ""bicycle_parking"", ""bicycle_parking"": ""wall_loops"", ""capacity"": ""8"", ""covered"": ""yes""}"
RAL-01,node,10049370629,,amenity,bicycle_parking,Point,low_value_category,"{""amenity"": ""bicycle_parking"", ""bicycle_parking"": ""staple"", ""capacity"": ""2"", ""covered"": ""no""}"
RAL-01,node,10049370630,,amenity,bicycle_parking,Point,low_value_category,"{""amenity"": ""bicycle_parking"", ""bicycle_parking"": ""staple"", ""capacity"": ""2"", ""covered"": ""no""}"
RAL-01,node,10049370631,,amenity,bicycle_parking,Point,low_value_category,"{""amenity"": ""bicycle_parking"", ""bicycle_parking"": ""staple"", ""capacity"": ""2"", ""covered"": ""no""}"
RAL-01,node,10049370632,,amenity,bicycle_parking,Point,low_value_category,"{""amenity"": ""bicycle_parking"", ""bicycle_parking"": ""staple"", ""capacity"": ""2"", ""covered"": ""no""}"
RAL-01,node,10049370633,,amenity,bicycle_parking,Point,low_value_category,"{""amenity"": ""bicycle_parking"", ""bicycle_parking"": ""staple"", ""capacity"": ""2"", ""covered"": ""no""}"
RAL-01,node,10049370634,,amenity,bicycle_parking,Point,low_value_category,"{""amenity"": ""bicycle_parking"", ""bicycle_parking"": ""staple"", ""capacity"": ""2"", ""covered"": ""no""}"
RAL-01,node,10049370635,,amenity,bicycle_parking,Point,low_value_category,"{""amenity"": ""bicycle_parking"", ""bicycle_parking"": ""staple"", ""capacity"": ""4"", ""covered"": ""no""}"
RAL-01,node,10049370636,,amenity,bicycle_parking,Point,low_value_category,"{""amenity"": ""bicycle_parking"", ""bicycle_parking"": ""staple"", ""capacity"": ""10"", ""covered"": ""no""}"
RAL-01,node,10049370637,,amenity,bicycle_parking,Point,low_value_category,"{""amenity"": ""bicycle_parking"", ""bicycle_parking"": ""staple"", ""capacity"": ""2"", ""covered"": ""no""}"
RAL-01,node,10049370638,,amenity,bicycle_parking,Point,low_value_category,"{""amenity"": ""bicycle_parking"", ""bicycle_parking"": ""staple"", ""capacity"": ""2"", ""covered"": ""no""}"
RAL-01,node,10049370640,,amenity,bicycle_parking,Point,low_value_category,"{""amenity"": ""bicycle_parking"", ""bicycle_parking"": ""staple"", ""capacity"": ""12"", ""covered"": ""yes""}"
RAL-01,node,10049370641,,amenity,bicycle_parking,Point,low_value_category,"{""amenity"": ""bicycle_parking"", ""bicycle_parking"": ""staple"", ""capacity"": ""2"", ""covered"": ""no""}"
RAL-01,node,10049370642,,amenity,bicycle_parking,Point,low_value_category,"{""amenity"": ""bicycle_parking"", ""bicycle_parking"": ""staple"", ""capacity"": ""2"", ""covered"": ""no""}"
RAL-01,node,10049370643,,amenity,bicycle_parking,Point,low_value_category,"{""amenity"": ""bicycle_parking"", ""bicycle_parking"": ""staple"", ""capacity"": ""2"", ""covered"": ""no""}"
RAL-01,node,10049370644,,amenity,bicycle_parking,Point,low_value_category,"{""amenity"": ""bicycle_parking"", ""bicycle_parking"": ""staple"", ""capacity"": ""4"", ""covered"": ""no""}"
RAL-01,node,10049396162,,amenity,bicycle_parking,Point,low_value_category,"{""amenity"": ""bicycle_parking"", ""bicycle_parking"": ""staple"", ""capacity"": ""36"", ""covered"": ""no""}"
RAL-01,node,10049396163,,amenity,bicycle_parking,Point,low_value_category,"{""amenity"": ""bicycle_parking"", ""bicycle_parking"": ""staple"", ""capacity"": ""6"", ""covered"": ""yes""}"
RAL-01,node,10049396164,,amenity,bicycle_parking,Point,low_value_category,"{""amenity"": ""bicycle_parking"", ""bicycle_parking"": ""staple"", ""capacity"": ""12"", ""covered"": ""no""}"
RAL-01,node,10049396165,,amenity,bicycle_parking,Point,low_value_category,"{""amenity"": ""bicycle_parking"", ""bicycle_parking"": ""staple"", ""capacity"": ""2"", ""covered"": ""no""}"
RAL-01,node,10049396166,,amenity,bicycle_parking,Point,low_value_category,"{""amenity"": ""bicycle_parking"", ""bicycle_parking"": ""stands"", ""capacity"": ""4"", ""covered"": ""no""}"
RAL-01,node,10052714280,,amenity,bicycle_parking,Point,low_value_category,"{""amenity"": ""bicycle_parking"", ""bicycle_parking"": ""staple"", ""capacity"": ""2"", ""covered"": ""no""}"
RAL-01,node,10052714281,,amenity,bicycle_parking,Point,low_value_category,"{""amenity"": ""bicycle_parking"", ""bicycle_parking"": ""staple"", ""capacity"": ""2"", ""covered"": ""no""}"
RAL-01,node,10052714282,,amenity,bicycle_parking,Point,low_value_category,"{""amenity"": ""bicycle_parking"", ""bicycle_parking"": ""staple"", ""capacity"": ""2"", ""covered"": ""no""}"
RAL-01,node,10052714283,,amenity,bicycle_parking,Point,low_value_category,"{""amenity"": ""bicycle_parking"", ""bicycle_parking"": ""staple"", ""capacity"": ""2"", ""covered"": ""no""}"
RAL-01,node,10052714284,,amenity,bicycle_parking,Point,low_value_category,"{""amenity"": ""bicycle_parking"", ""bicycle_parking"": ""staple"", ""capacity"": ""2"", ""covered"": ""no""}"
RAL-01,node,10052714285,,amenity,bicycle_parking,Point,low_value_category,"{""amenity"": ""bicycle_parking"", ""bicycle_parking"": ""stands"", ""capacity"": ""4"", ""covered"": ""no""}"
RAL-01,node,10052714286,,amenity,bicycle_parking,Point,low_value_category,"{""amenity"": ""bicycle_parking"", ""bicycle_parking"": ""loops"", ""capacity"": ""2"", ""covered"": ""no"", ""description"": ""Custom bike loop in the shape of North Carolina""}"
RAL-01,node,10054575381,,amenity,bicycle_parking,Point,low_value_category,"{""amenity"": ""bicycle_parking"", ""bicycle_parking"": ""staple"", ""capacity"": ""4"", ""covered"": ""no""}"
RAL-01,node,10054575382,,amenity,bicycle_parking,Point,low_value_category,"{""amenity"": ""bicycle_parking"", ""bicycle_parking"": ""staple"", ""capacity"": ""22"", ""covered"": ""no""}"
RAL-01,node,10073486052,,amenity,bicycle_parking,Point,low_value_category,"{""amenity"": ""bicycle_parking"", ""bicycle_parking"": ""bollard"", ""capacity"": ""2"", ""covered"": ""no""}"
RAL-01,node,10073486053,,amenity,bicycle_parking,Point,low_value_category,"{""amenity"": ""bicycle_parking"", ""bicycle_parking"": ""stands"", ""capacity"": ""12"", ""covered"": ""no"", ""fee"": ""no""}"
RAL-01,node,10073486054,,amenity,bicycle_parking,Point,low_value_category,"{""amenity"": ""bicycle_parking"", ""bicycle_parking"": ""staple"", ""capacity"": ""2"", ""covered"": ""no""}"
RAL-01,node,10073486055,,amenity,bicycle_parking,Point,low_value_category,"{""amenity"": ""bicycle_parking"", ""bicycle_parking"": ""staple"", ""capacity"": ""2"", ""covered"": ""no""}"
RAL-01,node,10073486056,,amenity,bicycle_parking,Point,low_value_category,"{""amenity"": ""bicycle_parking"", ""bicycle_parking"": ""staple"", ""capacity"": ""2"", ""covered"": ""no""}"
RAL-01,node,10073486057,,amenity,bicycle_parking,Point,low_value_category,"{""amenity"": ""bicycle_parking"", ""bicycle_parking"": ""staple"", ""capacity"": ""2"", ""covered"": ""no""}"
RAL-01,node,10073486058,,amenity,bicycle_parking,Point,low_value_category,"{""amenity"": ""bicycle_parking"", ""bicycle_parking"": ""stands"", ""capacity"": ""12"", ""covered"": ""no""}"
RAL-01,node,10073486059,,amenity,bicycle_parking,Point,low_value_category,"{""amenity"": ""bicycle_parking"", ""bicycle_parking"": ""staple"", ""capacity"": ""2"", ""covered"": ""no""}"
RAL-01,node,10073486060,,amenity,bicycle_parking,Point,low_value_category,"{""amenity"": ""bicycle_parking"", ""bicycle_parking"": ""loops"", ""capacity"": ""4"", ""covered"": ""no"", ""description"": ""Shaped like a dogbone""}"
RAL-01,node,10073486061,,amenity,bicycle_parking,Point,low_value_category,"{""amenity"": ""bicycle_parking"", ""bicycle_parking"": ""staple"", ""capacity"": ""2"", ""covered"": ""no""}"
RAL-01,node,10073486062,,amenity,bicycle_parking,Point,low_value_category,"{""amenity"": ""bicycle_parking"", ""bicycle_parking"": ""bollard"", ""capacity"": ""16"", ""covered"": ""no""}"
RAL-01,node,10073517224,,amenity,bicycle_parking,Point,low_value_category,"{""amenity"": ""bicycle_parking"", ""bicycle_parking"": ""staple"", ""capacity"": ""2"", ""covered"": ""no""}"
RAL-01,node,10075601469,,amenity,bicycle_parking,Point,low_value_category,"{""amenity"": ""bicycle_parking"", ""bicycle_parking"": ""stands"", ""capacity"": ""12"", ""covered"": ""no""}"
RAL-01,node,10075601470,,amenity,bicycle_parking,Point,low_value_category,"{""amenity"": ""bicycle_parking"", ""bicycle_parking"": ""wall_loops"", ""capacity"": ""12"", ""covered"": ""yes""}"
RAL-01,node,10075601471,,amenity,bicycle_parking,Point,low_value_category,"{""amenity"": ""bicycle_parking"", ""bicycle_parking"": ""staple"", ""capacity"": ""10"", ""covered"": ""no""}"
RAL-01,node,10075601472,,amenity,bicycle_parking,Point,low_value_category,"{""amenity"": ""bicycle_parking"", ""bicycle_parking"": ""staple"", ""capacity"": ""4"", ""covered"": ""no""}"
RAL-01,node,10075601473,,amenity,bicycle_parking,Point,low_value_category,"{""amenity"": ""bicycle_parking"", ""bicycle_parking"": ""staple"", ""capacity"": ""6"", ""covered"": ""no""}"
RAL-01,node,10075601474,,amenity,bicycle_parking,Point,low_value_category,"{""amenity"": ""bicycle_parking"", ""bicycle_parking"": ""staple"", ""capacity"": ""6"", ""covered"": ""no""}"
RAL-01,node,10075601475,,amenity,bicycle_parking,Point,low_value_category,"{""amenity"": ""bicycle_parking"", ""bicycle_parking"": ""staple"", ""capacity"": ""2"", ""covered"": ""no""}"
RAL-01,node,10075601476,,amenity,bicycle_parking,Point,low_value_category,"{""amenity"": ""bicycle_parking"", ""bicycle_parking"": ""staple"", ""capacity"": ""2"", ""covered"": ""no""}"
RAL-01,node,10075601477,,amenity,bicycle_parking,Point,low_value_category,"{""amenity"": ""bicycle_parking"", ""bicycle_parking"": ""staple"", ""capacity"": ""2"", ""covered"": ""no""}"
RAL-01,node,10075601478,,amenity,bicycle_parking,Point,low_value_category,"{""amenity"": ""bicycle_parking"", ""bicycle_parking"": ""staple"", ""capacity"": ""2"", ""covered"": ""no""}"
RAL-01,node,10075601479,,amenity,bicycle_parking,Point,low_value_category,"{""amenity"": ""bicycle_parking"", ""bicycle_parking"": ""staple"", ""capacity"": ""2"", ""covered"": ""no""}"
RAL-01,node,10075601480,,amenity,bicycle_parking,Point,low_value_category,"{""amenity"": ""bicycle_parking"", ""bicycle_parking"": ""staple"", ""capacity"": ""2"", ""covered"": ""no""}"
RAL-01,node,10075601481,,amenity,bicycle_parking,Point,low_value_category,"{""amenity"": ""bicycle_parking"", ""bicycle_parking"": ""staple"", ""capacity"": ""6"", ""covered"": ""no""}"
RAL-01,node,10075601482,,amenity,bicycle_parking,Point,low_value_category,"{""amenity"": ""bicycle_parking"", ""bicycle_parking"": ""staple"", ""capacity"": ""6"", ""covered"": ""no""}"
RAL-01,node,10075601483,,amenity,bicycle_parking,Point,low_value_category,"{""amenity"": ""bicycle_parking"", ""bicycle_parking"": ""staple"", ""capacity"": ""2"", ""covered"": ""no""}"
RAL-01,node,10075601484,,amenity,bicycle_parking,Point,low_value_category,"{""amenity"": ""bicycle_parking"", ""bicycle_parking"": ""staple"", ""capacity"": ""6"", ""covered"": ""no""}"
RAL-01,node,10075601485,,amenity,bicycle_parking,Point,low_value_category,"{""amenity"": ""bicycle_parking"", ""bicycle_parking"": ""staple"", ""capacity"": ""8"", ""covered"": ""no""}"
RAL-01,node,10075601486,,amenity,bicycle_parking,Point,low_value_category,"{""amenity"": ""bicycle_parking"", ""bicycle_parking"": ""staple"", ""capacity"": ""2"", ""covered"": ""no""}"
RAL-01,node,10075601487,,amenity,bicycle_parking,Point,low_value_category,"{""amenity"": ""bicycle_parking"", ""bicycle_parking"": ""staple"", ""capacity"": ""2"", ""covered"": ""no""}"
RAL-01,node,10099899837,,amenity,bicycle_parking,Point,low_value_category,"{""amenity"": ""bicycle_parking"", ""bicycle_parking"": ""staple"", ""capacity"": ""2"", ""covered"": ""no""}"
RAL-01,node,10099899838,,amenity,bicycle_parking,Point,low_value_category,"{""amenity"": ""bicycle_parking"", ""bicycle_parking"": ""staple"", ""capacity"": ""2"", ""covered"": ""no""}"
RAL-01,node,10099899840,,amenity,bicycle_parking,Point,low_value_category,"{""amenity"": ""bicycle_parking"", ""bicycle_parking"": ""staple"", ""capacity"": ""4"", ""covered"": ""no""}"
RAL-01,node,10099899841,,amenity,bicycle_parking,Point,low_value_category,"{""amenity"": ""bicycle_parking"", ""bicycle_parking"": ""staple"", ""capacity"": ""2"", ""covered"": ""no""}"
RAL-01,node,10099899842,,amenity,bicycle_parking,Point,low_value_category,"{""amenity"": ""bicycle_parking"", ""bicycle_parking"": ""staple"", ""capacity"": ""2"", ""covered"": ""no""}"
RAL-01,node,10099899843,,amenity,bicycle_parking,Point,low_value_category,"{""amenity"": ""bicycle_parking"", ""bicycle_parking"": ""staple"", ""capacity"": ""2"", ""covered"": ""no""}"
RAL-01,node,10099899844,,amenity,bicycle_parking,Point,low_value_category,"{""amenity"": ""bicycle_parking"", ""bicycle_parking"": ""staple"", ""capacity"": ""2"", ""covered"": ""no""}"
RAL-01,node,10099899845,,amenity,bicycle_parking,Point,low_value_category,"{""amenity"": ""bicycle_parking"", ""bicycle_parking"": ""staple"", ""capacity"": ""2"", ""covered"": ""no""}"
RAL-01,node,10099899846,,amenity,bicycle_parking,Point,low_value_category,"{""amenity"": ""bicycle_parking"", ""bicycle_parking"": ""staple"", ""capacity"": ""2"", ""covered"": ""no""}"
RAL-01,node,10099899847,,amenity,bicycle_parking,Point,low_value_category,"{""amenity"": ""bicycle_parking"", ""bicycle_parking"": ""staple"", ""capacity"": ""2"", ""covered"": ""no""}"
RAL-01,node,10099899848,,amenity,bicycle_parking,Point,low_value_category,"{""amenity"": ""bicycle_parking"", ""bicycle_parking"": ""staple"", ""capacity"": ""2"", ""covered"": ""no""}"
RAL-01,node,10099899849,,amenity,bicycle_parking,Point,low_value_category,"{""amenity"": ""bicycle_parking"", ""bicycle_parking"": ""staple"", ""capacity"": ""2"", ""covered"": ""no""}"
RAL-01,node,10099899850,,amenity,bicycle_parking,Point,low_value_category,"{""amenity"": ""bicycle_parking"", ""bicycle_parking"": ""staple"", ""capacity"": ""2"", ""covered"": ""no""}"
RAL-01,node,10099899851,,amenity,bicycle_parking,Point,low_value_category,"{""amenity"": ""bicycle_parking"", ""bicycle_parking"": ""staple"", ""capacity"": ""6"", ""covered"": ""no"", ""description"": ""Shaped like a few animals, cow, chicken, and fox.""}"
RAL-01,node,10099899852,,amenity,bicycle_parking,Point,low_value_category,"{""amenity"": ""bicycle_parking"", ""bicycle_parking"": ""staple"", ""capacity"": ""4"", ""covered"": ""no""}"
RAL-01,node,10099899853,,amenity,bicycle_parking,Point,low_value_category,"{""amenity"": ""bicycle_parking"", ""bicycle_parking"": ""staple"", ""capacity"": ""2"", ""covered"": ""no""}"
RAL-01,node,10099899854,,amenity,bicycle_parking,Point,low_value_category,"{""amenity"": ""bicycle_parking"", ""bicycle_parking"": ""staple"", ""capacity"": ""2"", ""covered"": ""no""}"
RAL-01,node,10117651111,,amenity,drinking_water,Point,low_value_category,"{""amenity"": ""drinking_water"", ""note"": ""does not work""}"
RAL-01,node,10130352207,,amenity,bicycle_parking,Point,low_value_category,"{""amenity"": ""bicycle_parking"", ""bicycle_parking"": ""stands"", ""capacity"": ""4"", ""covered"": ""no""}"
RAL-01,node,10580367500,,amenity,bicycle_parking,Point,low_value_category,"{""amenity"": ""bicycle_parking"", ""bicycle_parking"": ""loops"", ""capacity"": ""8"", ""covered"": ""no""}"
RAL-01,node,10580694406,,amenity,bicycle_parking,Point,low_value_category,"{""amenity"": ""bicycle_parking"", ""bicycle_parking"": ""loops"", ""capacity"": ""2"", ""covered"": ""no""}"
RAL-01,node,10580694407,,amenity,bicycle_parking,Point,low_value_category,"{""amenity"": ""bicycle_parking"", ""bicycle_parking"": ""loops"", ""capacity"": ""2"", ""covered"": ""no""}"
RAL-01,node,10589906468,,amenity,bicycle_parking,Point,low_value_category,"{""amenity"": ""bicycle_parking"", ""bicycle_parking"": ""stands"", ""capacity"": ""4"", ""covered"": ""no""}"
RAL-01,node,10589906469,,amenity,bicycle_parking,Point,low_value_category,"{""amenity"": ""bicycle_parking"", ""bicycle_parking"": ""stands"", ""capacity"": ""2"", ""covered"": ""no""}"
RAL-01,node,10589906470,,amenity,bicycle_parking,Point,low_value_category,"{""amenity"": ""bicycle_parking"", ""bicycle_parking"": ""stands"", ""capacity"": ""2"", ""covered"": ""no""}"
RAL-01,node,10589906471,,amenity,bicycle_parking,Point,low_value_category,"{""amenity"": ""bicycle_parking"", ""bicycle_parking"": ""stands"", ""capacity"": ""4"", ""covered"": ""no""}"
RAL-01,node,10589906472,,amenity,bicycle_parking,Point,low_value_category,"{""amenity"": ""bicycle_parking"", ""bicycle_parking"": ""stands"", ""capacity"": ""4"", ""covered"": ""no""}"
RAL-01,node,10589906473,,amenity,bicycle_parking,Point,low_value_category,"{""amenity"": ""bicycle_parking"", ""bicycle_parking"": ""stands"", ""capacity"": ""4"", ""covered"": ""no""}"
RAL-01,node,10589906474,,amenity,bicycle_parking,Point,low_value_category,"{""amenity"": ""bicycle_parking"", ""bicycle_parking"": ""stands"", ""capacity"": ""4"", ""covered"": ""no"", ""lit"": ""yes""}"
RAL-01,node,10589906475,,amenity,bicycle_parking,Point,low_value_category,"{""amenity"": ""bicycle_parking"", ""bicycle_parking"": ""stands"", ""capacity"": ""2"", ""covered"": ""no""}"
RAL-01,node,10589906476,,amenity,bicycle_parking,Point,low_value_category,"{""amenity"": ""bicycle_parking"", ""bicycle_parking"": ""stands"", ""capacity"": ""4"", ""covered"": ""no"", ""lit"": ""yes""}"
RAL-01,node,10589906477,,amenity,bicycle_parking,Point,low_value_category,"{""amenity"": ""bicycle_parking"", ""bicycle_parking"": ""stands"", ""capacity"": ""4"", ""covered"": ""no""}"
RAL-01,node,10589906478,,amenity,bicycle_parking,Point,low_value_category,"{""amenity"": ""bicycle_parking"", ""bicycle_parking"": ""stands"", ""capacity"": ""2"", ""covered"": ""no"", ""lit"": ""yes""}"
RAL-01,node,10589906479,,amenity,bicycle_parking,Point,low_value_category,"{""amenity"": ""bicycle_parking"", ""bicycle_parking"": ""stands"", ""capacity"": ""2"", ""covered"": ""no"", ""lit"": ""yes""}"
RAL-01,node,10589906480,,amenity,bicycle_parking,Point,low_value_category,"{""amenity"": ""bicycle_parking"", ""bicycle_parking"": ""stands"", ""capacity"": ""4"", ""covered"": ""no"", ""lit"": ""yes""}"
RAL-01,node,10589906481,,amenity,bicycle_parking,Point,low_value_category,"{""amenity"": ""bicycle_parking"", ""bicycle_parking"": ""stands"", ""capacity"": ""6"", ""covered"": ""no"", ""lit"": ""yes""}"
RAL-01,node,10589906482,,amenity,bicycle_parking,Point,low_value_category,"{""amenity"": ""bicycle_parking"", ""bicycle_parking"": ""stands"", ""capacity"": ""2"", ""covered"": ""no"", ""lit"": ""yes""}"
RAL-01,node,10589906483,,amenity,bicycle_parking,Point,low_value_category,"{""amenity"": ""bicycle_parking"", ""bicycle_parking"": ""stands"", ""capacity"": ""2"", ""covered"": ""no"", ""lit"": ""yes""}"
RAL-01,node,10589906484,,amenity,bicycle_parking,Point,low_value_category,"{""amenity"": ""bicycle_parking"", ""bicycle_parking"": ""stands"", ""capacity"": ""4"", ""covered"": ""no"", ""lit"": ""yes""}"
RAL-01,node,10589906485,,amenity,bicycle_parking,Point,low_value_category,"{""amenity"": ""bicycle_parking"", ""bicycle_parking"": ""stands"", ""capacity"": ""4"", ""covered"": ""no"", ""lit"": ""yes""}"
RAL-01,node,10589906486,,amenity,bicycle_parking,Point,low_value_category,"{""amenity"": ""bicycle_parking"", ""bicycle_parking"": ""stands"", ""capacity"": ""4"", ""covered"": ""no"", ""lit"": ""yes""}"
RAL-01,node,10589906487,,amenity,bicycle_parking,Point,low_value_category,"{""amenity"": ""bicycle_parking"", ""bicycle_parking"": ""stands"", ""capacity"": ""4"", ""covered"": ""no"", ""lit"": ""yes""}"
RAL-01,node,10589906488,,amenity,bicycle_parking,Point,low_value_category,"{""amenity"": ""bicycle_parking"", ""bicycle_parking"": ""stands"", ""capacity"": ""2"", ""covered"": ""no""}"
RAL-01,node,10589906489,,amenity,bicycle_parking,Point,low_value_category,"{""amenity"": ""bicycle_parking"", ""bicycle_parking"": ""stands"", ""capacity"": ""2"", ""covered"": ""no"", ""lit"": ""yes""}"
RAL-01,node,10589906490,,amenity,bicycle_parking,Point,low_value_category,"{""amenity"": ""bicycle_parking"", ""bicycle_parking"": ""stands"", ""capacity"": ""2"", ""covered"": ""no""}"
RAL-01,node,10589906491,,amenity,bicycle_parking,Point,low_value_category,"{""amenity"": ""bicycle_parking"", ""bicycle_parking"": ""stands"", ""capacity"": ""2"", ""covered"": ""no""}"
RAL-01,node,10589906498,,amenity,bicycle_parking,Point,low_value_category,"{""amenity"": ""bicycle_parking"", ""bicycle_parking"": ""stands"", ""capacity"": ""2"", ""covered"": ""no""}"
RAL-01,node,10589906499,,amenity,bicycle_parking,Point,low_value_category,"{""amenity"": ""bicycle_parking"", ""bicycle_parking"": ""stands"", ""capacity"": ""2"", ""covered"": ""no""}"
RAL-01,node,10589906500,,amenity,bicycle_parking,Point,low_value_category,"{""amenity"": ""bicycle_parking"", ""bicycle_parking"": ""stands"", ""capacity"": ""2"", ""covered"": ""no""}"
RAL-01,node,10589906501,,amenity,bicycle_parking,Point,low_value_category,"{""amenity"": ""bicycle_parking"", ""bicycle_parking"": ""stands"", ""capacity"": ""2"", ""covered"": ""no""}"
RAL-01,node,10589906502,,amenity,bicycle_parking,Point,low_value_category,"{""amenity"": ""bicycle_parking"", ""bicycle_parking"": ""stands"", ""capacity"": ""2"", ""covered"": ""no""}"
RAL-01,node,10589906503,,amenity,bicycle_parking,Point,low_value_category,"{""amenity"": ""bicycle_parking"", ""bicycle_parking"": ""stands"", ""capacity"": ""2"", ""covered"": ""no""}"
RAL-01,node,10589906504,,amenity,bicycle_parking,Point,low_value_category,"{""amenity"": ""bicycle_parking"", ""bicycle_parking"": ""stands"", ""capacity"": ""2"", ""covered"": ""no""}"
RAL-01,node,10590020946,,amenity,bicycle_parking,Point,low_value_category,"{""amenity"": ""bicycle_parking"", ""bicycle_parking"": ""stands"", ""capacity"": ""2"", ""covered"": ""no""}"
RAL-01,node,10590020947,,amenity,bicycle_parking,Point,low_value_category,"{""amenity"": ""bicycle_parking"", ""bicycle_parking"": ""stands"", ""capacity"": ""2"", ""covered"": ""no""}"
RAL-01,node,10592149811,,amenity,bicycle_parking,Point,low_value_category,"{""amenity"": ""bicycle_parking"", ""bicycle_parking"": ""stands"", ""capacity"": ""30"", ""covered"": ""yes""}"
RAL-01,node,10592149812,,amenity,bicycle_parking,Point,low_value_category,"{""amenity"": ""bicycle_parking"", ""bicycle_parking"": ""stands"", ""capacity"": ""5"", ""covered"": ""no""}"
RAL-01,node,10592149813,,amenity,bicycle_parking,Point,low_value_category,"{""amenity"": ""bicycle_parking"", ""bicycle_parking"": ""stands"", ""capacity"": ""2"", ""covered"": ""no""}"
RAL-01,node,10592149814,,amenity,bicycle_parking,Point,low_value_category,"{""amenity"": ""bicycle_parking"", ""bicycle_parking"": ""stands"", ""capacity"": ""2"", ""covered"": ""no""}"
RAL-01,node,10592149815,,amenity,bicycle_parking,Point,low_value_category,"{""amenity"": ""bicycle_parking"", ""bicycle_parking"": ""stands"", ""capacity"": ""2"", ""covered"": ""no""}"
RAL-01,node,10601614041,,amenity,bicycle_parking,Point,low_value_category,"{""amenity"": ""bicycle_parking"", ""bicycle_parking"": ""stands"", ""capacity"": ""4"", ""covered"": ""no""}"
RAL-01,node,10601614042,,amenity,bicycle_parking,Point,low_value_category,"{""amenity"": ""bicycle_parking"", ""bicycle_parking"": ""stands"", ""capacity"": ""4"", ""covered"": ""no""}"
RAL-01,node,10601614043,,amenity,bicycle_parking,Point,low_value_category,"{""amenity"": ""bicycle_parking"", ""bicycle_parking"": ""stands"", ""capacity"": ""4"", ""covered"": ""no""}"
RAL-01,node,10601614044,,amenity,bicycle_parking,Point,low_value_category,"{""amenity"": ""bicycle_parking"", ""bicycle_parking"": ""stands"", ""capacity"": ""2"", ""covered"": ""no""}"
RAL-01,node,10601614045,,amenity,bicycle_parking,Point,low_value_category,"{""amenity"": ""bicycle_parking"", ""bicycle_parking"": ""stands"", ""capacity"": ""4"", ""covered"": ""no""}"
RAL-01,node,10601614046,,amenity,bicycle_parking,Point,low_value_category,"{""amenity"": ""bicycle_parking"", ""bicycle_parking"": ""stands"", ""capacity"": ""2"", ""covered"": ""no""}"
RAL-01,node,10601614047,,amenity,bicycle_parking,Point,low_value_category,"{""amenity"": ""bicycle_parking"", ""bicycle_parking"": ""stands"", ""capacity"": ""2"", ""covered"": ""no""}"
RAL-01,node,10601614048,,amenity,bicycle_parking,Point,low_value_category,"{""amenity"": ""bicycle_parking"", ""bicycle_parking"": ""stands"", ""capacity"": ""2"", ""covered"": ""no""}"
RAL-01,node,10601614049,,amenity,bicycle_parking,Point,low_value_category,"{""amenity"": ""bicycle_parking"", ""bicycle_parking"": ""stands"", ""capacity"": ""2"", ""covered"": ""no""}"
RAL-01,node,10601614050,,amenity,bicycle_parking,Point,low_value_category,"{""amenity"": ""bicycle_parking"", ""bicycle_parking"": ""stands"", ""capacity"": ""4"", ""covered"": ""no""}"
RAL-01,node,10601614051,,amenity,bicycle_parking,Point,low_value_category,"{""amenity"": ""bicycle_parking"", ""bicycle_parking"": ""stands"", ""capacity"": ""6"", ""covered"": ""no""}"
RAL-01,node,10601614052,,amenity,bicycle_parking,Point,low_value_category,"{""amenity"": ""bicycle_parking"", ""bicycle_parking"": ""stands"", ""capacity"": ""6"", ""covered"": ""no""}"
RAL-01,node,10601614053,,amenity,bicycle_parking,Point,low_value_category,"{""amenity"": ""bicycle_parking"", ""bicycle_parking"": ""stands"", ""capacity"": ""8"", ""covered"": ""no""}"
RAL-01,node,10601614054,,amenity,bicycle_parking,Point,low_value_category,"{""amenity"": ""bicycle_parking"", ""bicycle_parking"": ""stands"", ""capacity"": ""10"", ""covered"": ""no""}"
RAL-01,node,10601893462,,amenity,bicycle_parking,Point,low_value_category,"{""amenity"": ""bicycle_parking"", ""bicycle_parking"": ""stands"", ""capacity"": ""2"", ""covered"": ""no""}"
RAL-01,node,10601893463,,amenity,bicycle_parking,Point,low_value_category,"{""amenity"": ""bicycle_parking"", ""bicycle_parking"": ""wall_loops"", ""capacity"": ""7"", ""covered"": ""yes""}"
RAL-01,node,10652376975,,amenity,bicycle_parking,Point,low_value_category,"{""amenity"": ""bicycle_parking"", ""bicycle_parking"": ""stands"", ""capacity"": ""4"", ""covered"": ""no""}"
RAL-01,node,10652376976,,amenity,bicycle_parking,Point,low_value_category,"{""amenity"": ""bicycle_parking"", ""bicycle_parking"": ""stands"", ""capacity"": ""8"", ""covered"": ""no""}"
RAL-01,node,10652376977,,amenity,bicycle_parking,Point,low_value_category,"{""amenity"": ""bicycle_parking"", ""bicycle_parking"": ""stands"", ""capacity"": ""2"", ""covered"": ""no""}"
RAL-01,node,10652376978,,amenity,bicycle_parking,Point,low_value_category,"{""amenity"": ""bicycle_parking"", ""bicycle_parking"": ""stands"", ""capacity"": ""2"", ""covered"": ""no""}"
RAL-01,node,10652376979,,amenity,bicycle_parking,Point,low_value_category,"{""amenity"": ""bicycle_parking"", ""bicycle_parking"": ""wall_loops"", ""capacity"": ""7"", ""covered"": ""no""}"
RAL-01,node,10652376980,,amenity,bicycle_parking,Point,low_value_category,"{""amenity"": ""bicycle_parking"", ""bicycle_parking"": ""stands"", ""capacity"": ""10"", ""covered"": ""no""}"
RAL-01,node,10652376981,,amenity,bicycle_parking,Point,low_value_category,"{""amenity"": ""bicycle_parking"", ""bicycle_parking"": ""stands"", ""capacity"": ""4"", ""covered"": ""no""}"
RAL-01,node,10652376982,,amenity,bicycle_repair_station,Point,low_value_category,"{""amenity"": ""bicycle_repair_station"", ""service:bicycle:pump"": ""yes"", ""service:bicycle:stand"": ""yes"", ""service:bicycle:tools"": ""yes""}"
RAL-01,node,10658445576,,amenity,bicycle_parking,Point,low_value_category,"{""amenity"": ""bicycle_parking"", ""bicycle_parking"": ""wall_loops"", ""capacity"": ""7"", ""covered"": ""yes""}"
RAL-01,node,10658445578,,amenity,bicycle_parking,Point,low_value_category,"{""amenity"": ""bicycle_parking"", ""bicycle_parking"": ""wall_loops"", ""capacity"": ""12"", ""covered"": ""yes""}"
RAL-01,node,10658445579,,amenity,bicycle_parking,Point,low_value_category,"{""amenity"": ""bicycle_parking"", ""bicycle_parking"": ""stands"", ""capacity"": ""6"", ""covered"": ""no""}"
RAL-01,node,10658445580,,amenity,bicycle_parking,Point,low_value_category,"{""amenity"": ""bicycle_parking"", ""bicycle_parking"": ""stands"", ""capacity"": ""2"", ""covered"": ""no""}"
RAL-01,node,10658445581,,amenity,bicycle_parking,Point,low_value_category,"{""amenity"": ""bicycle_parking"", ""bicycle_parking"": ""stands"", ""capacity"": ""2"", ""covered"": ""no""}"
RAL-01,node,10658445582,,amenity,bicycle_parking,Point,low_value_category,"{""amenity"": ""bicycle_parking"", ""bicycle_parking"": ""stands"", ""capacity"": ""2"", ""covered"": ""no""}"
RAL-01,node,10658445583,,amenity,bicycle_parking,Point,low_value_category,"{""amenity"": ""bicycle_parking"", ""bicycle_parking"": ""stands"", ""capacity"": ""2"", ""covered"": ""no""}"
RAL-01,node,10658445584,,amenity,bicycle_parking,Point,low_value_category,"{""amenity"": ""bicycle_parking"", ""bicycle_parking"": ""stands"", ""capacity"": ""2"", ""covered"": ""no""}"
RAL-01,node,10658445585,,amenity,bicycle_parking,Point,low_value_category,"{""amenity"": ""bicycle_parking"", ""bicycle_parking"": ""stands"", ""capacity"": ""2"", ""covered"": ""no""}"
RAL-01,node,10731170463,,amenity,bicycle_parking,Point,low_value_category,"{""amenity"": ""bicycle_parking"", ""bicycle_parking"": ""stands"", ""capacity"": ""6"", ""covered"": ""no""}"
RAL-01,node,10822438777,,amenity,parking_entrance,Point,low_value_category,"{""amenity"": ""parking_entrance""}"
RAL-01,node,10822438779,,amenity,parking_entrance,Point,low_value_category,"{""amenity"": ""parking_entrance""}"
RAL-01,node,11061707678,,amenity,parking,Point,low_value_category,"{""amenity"": ""parking""}"
RAL-01,node,11063144127,,amenity,parking,Point,low_value_category,"{""amenity"": ""parking""}"
RAL-01,node,11063619070,,amenity,parking,Point,low_value_category,"{""amenity"": ""parking""}"
RAL-01,node,11063619071,,amenity,parking,Point,low_value_category,"{""amenity"": ""parking""}"
RAL-01,node,11064150318,,amenity,parking_entrance,Point,low_value_category,"{""amenity"": ""parking_entrance""}"
RAL-01,node,11064150323,,amenity,parking_entrance,Point,low_value_category,"{""amenity"": ""parking_entrance""}"
RAL-01,node,11065883743,,amenity,parking_entrance,Point,low_value_category,"{""amenity"": ""parking_entrance""}"
RAL-01,node,11065936980,,amenity,parking,Point,low_value_category,"{""amenity"": ""parking""}"
RAL-01,node,11065936989,,amenity,parking,Point,low_value_category,"{""amenity"": ""parking""}"
RAL-01,node,11065936997,,amenity,parking,Point,low_value_category,"{""amenity"": ""parking""}"
RAL-01,node,11065980571,,amenity,parking_entrance,Point,low_value_category,"{""amenity"": ""parking_entrance""}"
RAL-01,node,11066025926,,amenity,parking,Point,low_value_category,"{""amenity"": ""parking""}"
RAL-01,node,11073426609,,amenity,parking,Point,low_value_category,"{""amenity"": ""parking""}"
RAL-01,node,11073426612,,amenity,parking_entrance,Point,low_value_category,"{""amenity"": ""parking_entrance""}"
RAL-01,node,11146838930,,amenity,parking_entrance,Point,low_value_category,"{""amenity"": ""parking_entrance""}"
RAL-01,node,11170743203,,amenity,parking,Point,low_value_category,"{""amenity"": ""parking""}"
RAL-01,node,11170743210,,amenity,parking,Point,low_value_category,"{""amenity"": ""parking""}"
RAL-01,node,11170752277,,amenity,parking,Point,low_value_category,"{""amenity"": ""parking""}"
RAL-01,node,11170791180,,amenity,parking,Point,low_value_category,"{""amenity"": ""parking""}"
RAL-01,node,11170791182,,amenity,parking,Point,low_value_category,"{""amenity"": ""parking""}"
RAL-01,node,11170791185,,amenity,parking,Point,low_value_category,"{""amenity"": ""parking""}"
RAL-01,node,11201061626,,railway,level_crossing,Point,railway_track_infrastructure,"{""railway"": ""level_crossing""}"
RAL-01,node,11229709667,,amenity,parking_entrance,Point,low_value_category,"{""amenity"": ""parking_entrance""}"
RAL-01,node,11282458413,,amenity,parking_entrance,Point,low_value_category,"{""amenity"": ""parking_entrance""}"
RAL-01,node,11282458414,,amenity,waste_disposal,Point,low_value_category,"{""amenity"": ""waste_disposal""}"
RAL-01,node,11282458419,,amenity,parking_entrance,Point,low_value_category,"{""amenity"": ""parking_entrance""}"
RAL-01,node,11298465194,,amenity,bicycle_parking,Point,low_value_category,"{""amenity"": ""bicycle_parking"", ""bicycle_parking"": ""stands"", ""capacity"": ""3"", ""covered"": ""no"", ""fee"": ""no""}"
RAL-01,node,11298465195,,amenity,bicycle_parking,Point,low_value_category,"{""amenity"": ""bicycle_parking"", ""bicycle_parking"": ""stands"", ""capacity"": ""6"", ""covered"": ""no"", ""fee"": ""no""}"
RAL-01,node,11345431690,,amenity,parking,Point,low_value_category,"{""amenity"": ""parking""}"
RAL-01,node,11347528467,,amenity,parking,Point,low_value_category,"{""amenity"": ""parking""}"
RAL-01,node,11380430370,,amenity,waste_disposal,Point,low_value_category,"{""amenity"": ""waste_disposal""}"
RAL-01,node,11384964283,,amenity,parking_entrance,Point,low_value_category,"{""amenity"": ""parking_entrance""}"
RAL-01,node,11384964284,,amenity,parking_entrance,Point,low_value_category,"{""amenity"": ""parking_entrance""}"
RAL-01,node,11390040679,,amenity,vending_machine,Point,low_value_category,"{""amenity"": ""vending_machine"", ""vending"": ""parking_tickets""}"
RAL-01,node,11395129932,,amenity,parking_entrance,Point,low_value_category,"{""amenity"": ""parking_entrance""}"
RAL-01,node,11395186432,,amenity,parking_entrance,Point,low_value_category,"{""amenity"": ""parking_entrance""}"
RAL-01,node,11395186433,,amenity,parking_entrance,Point,low_value_category,"{""amenity"": ""parking_entrance""}"
RAL-01,node,11395234228,,amenity,parking_entrance,Point,low_value_category,"{""amenity"": ""parking_entrance""}"
RAL-01,node,11540358407,,amenity,parking_entrance,Point,low_value_category,"{""amenity"": ""parking_entrance""}"
RAL-01,node,11621684938,,amenity,parking_entrance,Point,low_value_category,"{""amenity"": ""parking_entrance""}"
RAL-01,node,11643262330,,amenity,parking_entrance,Point,low_value_category,"{""amenity"": ""parking_entrance""}"
RAL-01,node,11643262334,,amenity,parking_entrance,Point,low_value_category,"{""amenity"": ""parking_entrance""}"
RAL-01,node,11643262339,,amenity,parking_entrance,Point,low_value_category,"{""amenity"": ""parking_entrance""}"
RAL-01,node,11643650817,,amenity,parking_entrance,Point,low_value_category,"{""amenity"": ""parking_entrance""}"
RAL-01,node,11643650821,,amenity,parking_entrance,Point,low_value_category,"{""amenity"": ""parking_entrance""}"
RAL-01,node,11663465901,,amenity,parking_entrance,Point,low_value_category,"{""amenity"": ""parking_entrance""}"
RAL-01,node,11663465902,,amenity,parking_entrance,Point,low_value_category,"{""amenity"": ""parking_entrance""}"
RAL-01,node,11680850866,United States Postal Service,amenity,post_box,Point,low_value_category,"{""amenity"": ""post_box"", ""collection_times"": ""Mo-Fr 03:00"", ""operator"": ""United States Postal Service"", ""operator:short"": ""USPS"", ""operator:type"": ""public"", ""operator:website"": ""https://www.usps.com"", ""operator:wikidata"": ""Q668687"", ""operator:wikipedia"": ""en:United States Postal Service"", ""ref"": ""2760100032""}"
RAL-01,node,11742846597,,amenity,parking_entrance,Point,low_value_category,"{""amenity"": ""parking_entrance""}"
RAL-01,node,11742846601,,amenity,parking_entrance,Point,low_value_category,"{""amenity"": ""parking_entrance""}"
RAL-01,node,11742846604,,amenity,parking_entrance,Point,low_value_category,"{""amenity"": ""parking_entrance""}"
RAL-01,node,11742846608,,amenity,parking_entrance,Point,low_value_category,"{""amenity"": ""parking_entrance""}"
RAL-01,node,11833423369,,amenity,bicycle_parking,Point,low_value_category,"{""access"": ""yes"", ""amenity"": ""bicycle_parking"", ""bicycle_parking"": ""stands"", ""capacity"": ""6"", ""covered"": ""yes"", ""indoor"": ""no""}"
RAL-01,node,11833758270,,amenity,bicycle_parking,Point,low_value_category,"{""access"": ""yes"", ""amenity"": ""bicycle_parking"", ""bicycle_parking"": ""stands"", ""capacity"": ""2"", ""covered"": ""no"", ""indoor"": ""no""}"
RAL-01,node,11833758271,,amenity,bicycle_parking,Point,low_value_category,"{""access"": ""yes"", ""amenity"": ""bicycle_parking"", ""bicycle_parking"": ""stands"", ""capacity"": ""2"", ""covered"": ""no"", ""indoor"": ""no""}"
RAL-01,node,11841870874,,amenity,parking_entrance,Point,low_value_category,"{""amenity"": ""parking_entrance""}"
RAL-01,node,11841870887,,amenity,parking_entrance,Point,low_value_category,"{""amenity"": ""parking_entrance""}"
RAL-01,node,11841870890,,amenity,parking_entrance,Point,low_value_category,"{""amenity"": ""parking_entrance""}"
RAL-01,node,11905853978,,amenity,parking_entrance,Point,low_value_category,"{""amenity"": ""parking_entrance""}"
RAL-01,node,12170784130,,amenity,bench,Point,low_value_category,"{""amenity"": ""bench"", ""backrest"": ""yes"", ""material"": ""plastic""}"
RAL-01,node,12170788306,,amenity,bench,Point,low_value_category,"{""amenity"": ""bench"", ""backrest"": ""yes"", ""material"": ""plastic""}"
RAL-01,node,12170788307,,amenity,bench,Point,low_value_category,"{""amenity"": ""bench"", ""backrest"": ""yes"", ""material"": ""plastic""}"
RAL-01,node,12170788308,,amenity,bench,Point,low_value_category,"{""amenity"": ""bench"", ""backrest"": ""yes"", ""material"": ""plastic""}"
RAL-01,node,12170788309,,amenity,bench,Point,low_value_category,"{""amenity"": ""bench"", ""backrest"": ""yes"", ""material"": ""plastic""}"
RAL-01,node,12170788310,,amenity,bench,Point,low_value_category,"{""amenity"": ""bench"", ""backrest"": ""yes"", ""material"": ""plastic""}"
RAL-01,node,12170788311,,amenity,bench,Point,low_value_category,"{""amenity"": ""bench"", ""backrest"": ""yes"", ""material"": ""plastic""}"
RAL-01,node,12170788312,,amenity,bench,Point,low_value_category,"{""amenity"": ""bench"", ""backrest"": ""yes"", ""material"": ""plastic""}"
RAL-01,node,12170788313,,amenity,bench,Point,low_value_category,"{""amenity"": ""bench"", ""backrest"": ""yes"", ""material"": ""plastic""}"
RAL-01,node,12170788314,,amenity,bench,Point,low_value_category,"{""amenity"": ""bench"", ""backrest"": ""yes"", ""material"": ""plastic""}"
RAL-01,node,12170788315,,amenity,bench,Point,low_value_category,"{""amenity"": ""bench"", ""backrest"": ""yes"", ""material"": ""plastic""}"
RAL-01,node,12170788316,,amenity,bench,Point,low_value_category,"{""amenity"": ""bench"", ""backrest"": ""yes"", ""material"": ""plastic""}"
RAL-01,node,12170788317,,amenity,bench,Point,low_value_category,"{""amenity"": ""bench"", ""backrest"": ""yes"", ""material"": ""plastic""}"
RAL-01,node,12170788318,,amenity,bench,Point,low_value_category,"{""amenity"": ""bench"", ""backrest"": ""yes"", ""material"": ""plastic""}"
RAL-01,node,12170788319,,amenity,waste_basket,Point,low_value_category,"{""amenity"": ""waste_basket"", ""material"": ""plastic"", ""waste"": ""trash""}"
RAL-01,node,12170788320,,amenity,bench,Point,low_value_category,"{""amenity"": ""bench"", ""backrest"": ""yes"", ""material"": ""plastic""}"
RAL-01,node,12170788321,,amenity,bench,Point,low_value_category,"{""amenity"": ""bench"", ""backrest"": ""yes"", ""material"": ""plastic""}"
RAL-01,node,12170788322,,amenity,waste_basket,Point,low_value_category,"{""amenity"": ""waste_basket"", ""material"": ""plastic"", ""waste"": ""trash""}"
RAL-01,node,12170788323,,amenity,bench,Point,low_value_category,"{""amenity"": ""bench"", ""backrest"": ""yes"", ""material"": ""plastic""}"
RAL-01,node,12170788324,,amenity,waste_basket,Point,low_value_category,"{""amenity"": ""waste_basket"", ""material"": ""plastic"", ""waste"": ""trash""}"
RAL-01,node,12170788325,,amenity,bench,Point,low_value_category,"{""amenity"": ""bench"", ""backrest"": ""yes"", ""material"": ""plastic""}"
RAL-01,node,12170788326,,amenity,bench,Point,low_value_category,"{""amenity"": ""bench"", ""backrest"": ""yes"", ""material"": ""plastic""}"
RAL-01,node,12170788327,,amenity,bench,Point,low_value_category,"{""amenity"": ""bench"", ""backrest"": ""yes"", ""material"": ""plastic""}"
RAL-01,node,12170788328,,amenity,bench,Point,low_value_category,"{""amenity"": ""bench"", ""backrest"": ""yes"", ""material"": ""plastic""}"
RAL-01,node,12170788329,,amenity,bench,Point,low_value_category,"{""amenity"": ""bench"", ""backrest"": ""yes"", ""material"": ""plastic""}"
RAL-01,node,12170788330,,amenity,waste_basket,Point,low_value_category,"{""amenity"": ""waste_basket"", ""material"": ""plastic"", ""waste"": ""trash""}"
RAL-01,node,12170788331,,amenity,bench,Point,low_value_category,"{""amenity"": ""bench"", ""backrest"": ""yes"", ""material"": ""plastic""}"
RAL-01,node,12170788332,,amenity,waste_basket,Point,low_value_category,"{""amenity"": ""waste_basket"", ""material"": ""plastic"", ""waste"": ""trash""}"
RAL-01,node,12170788333,,amenity,bench,Point,low_value_category,"{""amenity"": ""bench"", ""backrest"": ""yes"", ""material"": ""plastic""}"
RAL-01,node,12170788334,,amenity,bench,Point,low_value_category,"{""amenity"": ""bench"", ""backrest"": ""yes"", ""material"": ""plastic""}"
RAL-01,node,12170788335,,amenity,bench,Point,low_value_category,"{""amenity"": ""bench"", ""backrest"": ""yes"", ""material"": ""plastic""}"
RAL-01,node,12170788336,,amenity,bench,Point,low_value_category,"{""amenity"": ""bench"", ""backrest"": ""yes"", ""material"": ""plastic""}"
RAL-01,node,12170788337,,amenity,waste_basket,Point,low_value_category,"{""amenity"": ""waste_basket"", ""material"": ""plastic"", ""waste"": ""trash""}"
RAL-01,node,12242169257,HUNT,railway,signal_box,Point,railway_track_infrastructure,"{""location"": ""outdoor"", ""name"": ""HUNT"", ""operator"": ""Norfolk Southern Railway"", ""railway"": ""signal_box"", ""railway:position"": ""mi:81.15"", ""railway:ref"": ""HUNT"", ""railway:signal_box"": ""yes"", ""railway_milepost"": ""NC""}"
RAL-01,node,12242308688,,amenity,atm,Point,unnamed_not_inherently_meaningful,"{""addr:floor"": ""G"", ""addr:housenumber"": ""411"", ""addr:street"": ""West Market Street"", ""amenity"": ""atm"", ""check_date"": ""2024-10-10"", ""currency:USD"": ""yes"", ""drive_through"": ""no"", ""level"": ""0""}"
RAL-01,node,12242532064,BOYLAN,railway,signal_box,Point,railway_track_infrastructure,"{""location"": ""outdoor"", ""name"": ""BOYLAN"", ""operator"": ""Norfolk Southern Railway"", ""railway"": ""signal_box"", ""railway:position"": ""mi:80.8"", ""railway:ref"": ""BOYLAN"", ""railway:signal_box"": ""yes"", ""railway_milepost"": ""NC""}"
RAL-01,node,12242532080,,railway,signal,Point,railway_track_infrastructure,"{""railway"": ""signal"", ""railway:signal:direction"": ""backward""}"
RAL-01,node,12242532083,,railway,signal,Point,railway_track_infrastructure,"{""railway"": ""signal"", ""railway:signal:direction"": ""forward""}"
RAL-01,node,12242532084,SOUTHERN JUNCTION,railway,signal_box,Point,railway_track_infrastructure,"{""location"": ""outdoor"", ""name"": ""SOUTHERN JUNCTION"", ""operator"": ""CSX Transportation"", ""railway"": ""signal_box"", ""railway:position"": ""mi:157.0"", ""railway:ref"": ""SOUTHERN JUNCTION"", ""railway:signal_box"": ""yes"", ""railway_milepost"": ""NC""}"
RAL-01,node,12242532085,,railway,signal,Point,railway_track_infrastructure,"{""railway"": ""signal"", ""railway:signal:direction"": ""backward""}"
RAL-01,node,12242532086,,railway,milestone,Point,unnamed_not_inherently_meaningful,"{""railway"": ""milestone"", ""railway:position"": ""mi:157.0"", ""railway_milepost"": ""S""}"
RAL-01,node,12335972343,,amenity,food_sharing,Point,unnamed_not_inherently_meaningful,"{""amenity"": ""food_sharing"", ""fridge"": ""no"", ""microwave"": ""no""}"
RAL-01,node,12532164503,,amenity,toilets,Point,low_value_category,"{""amenity"": ""toilets"", ""level"": ""4""}"
RAL-01,node,12532274382,,leisure,picnic_table,Point,low_value_category,"{""leisure"": ""picnic_table""}"
RAL-01,node,12708712747,,amenity,bench,Point,low_value_category,"{""amenity"": ""bench""}"
RAL-01,node,13068119759,,amenity,parking_entrance,Point,low_value_category,"{""amenity"": ""parking_entrance""}"
RAL-01,node,13196229727,,amenity,bench,Point,low_value_category,"{""amenity"": ""bench"", ""backrest"": ""yes""}"
RAL-01,node,13196236748,,historic,memorial,Point,unnamed_not_inherently_meaningful,"{""historic"": ""memorial"", ""memorial"": ""war_memorial""}"
RAL-01,node,13196253458,,tourism,artwork,Point,unnamed_not_inherently_meaningful,"{""artwork_type"": ""sculpture"", ""tourism"": ""artwork""}"
RAL-01,node,14127688079,,amenity,parking_entrance,Point,low_value_category,"{""amenity"": ""parking_entrance""}"
RAL-01,way,33105825,Halifax Park,leisure,park,Point,representative_point_outside_region,"{""access"": ""yes"", ""leisure"": ""park"", ""name"": ""Halifax Park"", ""ownership"": ""municipal"", ""source"": ""NCOnemap""}"
RAL-01,way,47663132,Alexander Square Parking Deck,amenity,parking,Point,low_value_category,"{""access"": ""yes"", ""addr:city"": ""Raleigh"", ""addr:country"": ""US"", ""addr:housenumber"": ""150"", ""addr:postcode"": ""27601"", ""addr:state"": ""NC"", ""addr:street"": ""Fayetteville Street"", ""amenity"": ""parking"", ""building"": ""yes"", ""building:levels"": ""4"", ""fee"": ""yes"", ""name"": ""Alexander Square Parking Deck"", ""operator"": ""Spectrum Properties"", ""parking"": ""multi-storey"", ""source"": ""WakeGIS""}"
RAL-01,way,47663137,Wilmington Station Parking Deck,amenity,parking,Point,low_value_category,"{""addr:city"": ""Raleigh"", ""addr:country"": ""US"", ""addr:housenumber"": ""117"", ""addr:postcode"": ""27601"", ""addr:state"": ""NC"", ""addr:street"": ""South Wilmington Street"", ""amenity"": ""parking"", ""building"": ""yes"", ""building:levels"": ""7"", ""building:use"": ""commercial"", ""capacity"": ""723"", ""name"": ""Wilmington Station Parking Deck"", ""operator"": ""ParkLink (City of Raleigh)"", ""parking"": ""multi-storey"", ""source"": ""WakeGIS""}"
RAL-01,way,47759958,,amenity,parking,Point,low_value_category,"{""amenity"": ""parking"", ""building"": ""yes"", ""building:use"": ""commercial"", ""capacity"": ""1041"", ""parking"": ""multi-storey"", ""source"": ""WakeGIS""}"
RAL-01,way,47760065,McLaurin Parking,amenity,parking,Point,low_value_category,"{""addr:country"": ""US"", ""addr:housenumber"": ""436"", ""addr:state"": ""NC"", ""addr:street"": ""South Salisbury Street"", ""amenity"": ""parking"", ""building"": ""yes"", ""building:levels"": ""5"", ""building:use"": ""commercial"", ""fee"": ""yes"", ""maxstay"": ""none"", ""operator"": ""McLaurin Parking"", ""parking"": ""multi-storey"", ""payment:discover_card"": ""yes"", ""payment:mastercard"": ""yes"", ""payment:notes"": ""yes"", ""payment:visa"": ""yes"", ""source"": ""WakeGIS"", ""website"": ""https://mclaurinparking.com/accounts/lot-75/""}"
RAL-01,way,47760098,Raleigh Municipal Building Deck,amenity,parking,Point,low_value_category,"{""amenity"": ""parking"", ""building"": ""yes"", ""building:use"": ""commercial"", ""capacity"": ""602"", ""name"": ""Raleigh Municipal Building Deck"", ""parking"": ""multi-storey"", ""source"": ""WakeGIS""}"
RAL-01,way,47760099,,office,telecommunication,Point,unnamed_category_requires_review,"{""addr:city"": ""Raleigh"", ""addr:housenumber"": ""121"", ""addr:postcode"": ""27601"", ""addr:state"": ""NC"", ""addr:street"": ""West Morgan Street"", ""building"": ""yes"", ""building:use"": ""commercial"", ""office"": ""telecommunication"", ""source"": ""WakeGIS""}"
RAL-01,way,47776563,,amenity,parking,Point,low_value_category,"{""amenity"": ""parking"", ""building"": ""parking"", ""building:use"": ""commercial"", ""parking"": ""multi-storey"", ""source"": ""WakeGIS""}"
RAL-01,way,47776706,Moore Square Parking Deck,amenity,parking,Point,low_value_category,"{""addr:city"": ""Raleigh"", ""addr:country"": ""US"", ""addr:housenumber"": ""233"", ""addr:postcode"": ""27601"", ""addr:state"": ""NC"", ""addr:street"": ""South Wilmington Street"", ""amenity"": ""parking"", ""building"": ""yes"", ""building:levels"": ""8"", ""building:use"": ""commercial"", ""capacity"": ""653"", ""fee"": ""yes"", ""layer"": ""1"", ""name"": ""Moore Square Parking Deck"", ""operator"": ""ParkLink (City of Raleigh)"", ""parking"": ""multi-storey"", ""source"": ""WakeGIS""}"
RAL-01,way,51749729,,amenity,parking,Point,low_value_category,"{""access"": ""yes"", ""amenity"": ""parking"", ""fee"": ""yes"", ""parking"": ""surface""}"
RAL-01,way,51812630,NS-Line,railway,rail,Point,railway_track_infrastructure,"{""bridge"": ""yes"", ""electrified"": ""no"", ""gauge"": ""1435"", ""layer"": ""1"", ""name"": ""NS-Line"", ""old_railway_operator"": ""NS"", ""operator"": ""Norfolk Southern Railway"", ""operator:wikidata"": ""Q1321054"", ""railway"": ""rail"", ""usage"": ""branch""}"
RAL-01,way,51816726,H-Line,railway,rail,Point,railway_track_infrastructure,"{""bridge"": ""yes"", ""electrified"": ""no"", ""gauge"": ""1435"", ""layer"": ""1"", ""maxspeed"": ""60 mph"", ""name"": ""H-Line"", ""note:old_railway_operator"": ""North Carolina Railroad"", ""old_railway_operator"": ""Southern"", ""operator"": ""Norfolk Southern Railway"", ""operator:wikidata"": ""Q1321054"", ""owner"": ""North Carolina Railroad"", ""railway"": ""rail"", ""railway:ctc"": ""yes"", ""railway:etms"": ""yes"", ""railway:ptc"": ""yes"", ""railway_milepost"": ""NC"", ""ref"": ""NCRR"", ""usage"": ""main""}"
RAL-01,way,51816728,H-Line,railway,rail,Point,railway_track_infrastructure,"{""electrified"": ""no"", ""gauge"": ""1435"", ""maxspeed"": ""60 mph"", ""name"": ""H-Line"", ""note:old_railway_operator"": ""North Carolina Railroad"", ""old_railway_operator"": ""Southern"", ""operator"": ""Norfolk Southern Railway"", ""operator:wikidata"": ""Q1321054"", ""owner"": ""North Carolina Railroad"", ""railway"": ""rail"", ""railway:ctc"": ""yes"", ""railway:etms"": ""yes"", ""railway:ptc"": ""yes"", ""railway_milepost"": ""NC"", ""ref"": ""NCRR"", ""usage"": ""main""}"
RAL-01,way,51816729,H-Line,railway,rail,Point,railway_track_infrastructure,"{""bridge"": ""yes"", ""electrified"": ""no"", ""gauge"": ""1435"", ""layer"": ""1"", ""maxspeed"": ""60 mph"", ""name"": ""H-Line"", ""note:old_railway_operator"": ""North Carolina Railroad"", ""old_railway_operator"": ""Southern"", ""operator"": ""Norfolk Southern Railway"", ""operator:wikidata"": ""Q1321054"", ""owner"": ""North Carolina Railroad"", ""railway"": ""rail"", ""railway:ctc"": ""yes"", ""railway:etms"": ""yes"", ""railway:ptc"": ""yes"", ""railway_milepost"": ""NC"", ""ref"": ""NCRR"", ""usage"": ""main""}"
RAL-01,way,51816730,H-Line,railway,rail,Point,railway_track_infrastructure,"{""electrified"": ""no"", ""gauge"": ""1435"", ""maxspeed"": ""60 mph"", ""name"": ""H-Line"", ""note:old_railway_operator"": ""North Carolina Railroad"", ""old_railway_operator"": ""Southern"", ""operator"": ""Norfolk Southern Railway"", ""operator:wikidata"": ""Q1321054"", ""owner"": ""North Carolina Railroad"", ""railway"": ""rail"", ""railway:ctc"": ""yes"", ""railway:etms"": ""yes"", ""railway:ptc"": ""yes"", ""railway_milepost"": ""NC"", ""ref"": ""NCRR"", ""usage"": ""main""}"
RAL-01,way,51816731,H-Line,railway,rail,Point,railway_track_infrastructure,"{""bridge"": ""yes"", ""electrified"": ""no"", ""gauge"": ""1435"", ""layer"": ""1"", ""maxspeed"": ""60 mph"", ""name"": ""H-Line"", ""note:old_railway_operator"": ""North Carolina Railroad"", ""old_railway_operator"": ""Southern"", ""operator"": ""Norfolk Southern Railway"", ""operator:wikidata"": ""Q1321054"", ""owner"": ""North Carolina Railroad"", ""railway"": ""rail"", ""railway:ctc"": ""yes"", ""railway:etms"": ""yes"", ""railway:ptc"": ""yes"", ""railway_milepost"": ""NC"", ""ref"": ""NCRR"", ""usage"": ""main""}"
RAL-01,way,51816733,Aberdeen Subdivision,railway,rail,Point,railway_track_infrastructure,"{""electrified"": ""no"", ""gauge"": ""1435"", ""maxspeed"": ""20 mph"", ""maxspeed:freight"": ""20 mph"", ""name"": ""Aberdeen Subdivision"", ""old_railway_operator"": ""SAL"", ""operator"": ""CSX Transportation"", ""operator:wikidata"": ""Q856783"", ""railway"": ""rail"", ""railway:atc"": ""no"", ""railway:ctc"": ""no"", ""railway:ptc"": ""no"", ""railway:track_ref"": ""Main Track"", ""railway_milepost"": ""S"", ""ref"": ""AB"", ""tiger:cfcc"": ""B11"", ""tiger:county"": ""Wake, NC"", ""tiger:name_base"": ""Seaboard Coast Line Railroad"", ""usage"": ""branch""}"
RAL-01,way,51816735,Aberdeen Subdivision,railway,rail,Point,railway_track_infrastructure,"{""bridge"": ""yes"", ""electrified"": ""no"", ""gauge"": ""1435"", ""layer"": ""1"", ""maxspeed"": ""20 mph"", ""maxspeed:freight"": ""20 mph"", ""name"": ""Aberdeen Subdivision"", ""old_railway_operator"": ""SAL"", ""operator"": ""CSX Transportation"", ""operator:wikidata"": ""Q856783"", ""railway"": ""rail"", ""railway:atc"": ""no"", ""railway:ctc"": ""no"", ""railway:ptc"": ""no"", ""railway:track_ref"": ""Main Track"", ""railway_milepost"": ""S"", ""ref"": ""AB"", ""tiger:cfcc"": ""B11"", ""tiger:county"": ""Wake, NC"", ""tiger:name_base"": ""Seaboard Coast Line Railroad"", ""usage"": ""branch""}"
RAL-01,way,51816743,Aberdeen Subdivision,railway,rail,Point,railway_track_infrastructure,"{""bridge"": ""yes"", ""electrified"": ""no"", ""gauge"": ""1435"", ""layer"": ""1"", ""maxspeed"": ""10 mph"", ""maxspeed:freight"": ""10 mph"", ""name"": ""Aberdeen Subdivision"", ""old_railway_operator"": ""SAL"", ""operator"": ""CSX Transportation"", ""operator:wikidata"": ""Q856783"", ""railway"": ""rail"", ""railway:atc"": ""no"", ""railway:ctc"": ""no"", ""railway:ptc"": ""no"", ""railway:track_ref"": ""Main Track"", ""railway_milepost"": ""S"", ""ref"": ""AB"", ""tiger:cfcc"": ""B11"", ""tiger:county"": ""Wake, NC"", ""tiger:name_base"": ""Seaboard Coast Line Railroad"", ""usage"": ""branch""}"
RAL-01,way,52629117,Raleigh West District - Varina Branch,railway,rail,Point,railway_track_infrastructure,"{""electrified"": ""no"", ""gauge"": ""1435"", ""maxspeed"": ""10 mph"", ""maxspeed:freight"": ""10 mph"", ""name"": ""Raleigh West District - Varina Branch"", ""old_railway_operator"": ""NS"", ""operator"": ""Norfolk Southern Railway"", ""operator:wikidata"": ""Q1321054"", ""owner"": ""Norfolk Southern Railway"", ""railway"": ""rail"", ""railway:atc"": ""no"", ""railway:ctc"": ""no"", ""railway:preferred_direction"": ""both"", ""railway:ptc"": ""no"", ""railway:track_class"": ""1"", ""railway:track_ref"": ""Main Track"", ""railway:traffic_mode"": ""freight"", ""railway:twc"": ""yes"", ""railway_milepost"": ""NS"", ""ref"": ""62CF"", ""usage"": ""branch""}"
RAL-01,way,68115248,NS-Line,railway,rail,Point,railway_track_infrastructure,"{""electrified"": ""no"", ""gauge"": ""1435"", ""name"": ""NS-Line"", ""old_railway_operator"": ""NS"", ""operator"": ""Norfolk Southern Railway"", ""operator:wikidata"": ""Q1321054"", ""railway"": ""rail"", ""usage"": ""branch""}"
RAL-01,way,68115249,NS-Line,railway,rail,Point,railway_track_infrastructure,"{""bridge"": ""yes"", ""electrified"": ""no"", ""gauge"": ""1435"", ""layer"": ""1"", ""name"": ""NS-Line"", ""old_railway_operator"": ""NS"", ""operator"": ""Norfolk Southern Railway"", ""operator:wikidata"": ""Q1321054"", ""railway"": ""rail"", ""usage"": ""branch""}"
RAL-01,way,77262837,NS-Line,railway,rail,Point,railway_track_infrastructure,"{""bridge"": ""yes"", ""electrified"": ""no"", ""gauge"": ""1435"", ""layer"": ""1"", ""name"": ""NS-Line"", ""old_railway_operator"": ""NS"", ""operator"": ""Norfolk Southern Railway"", ""operator:wikidata"": ""Q1321054"", ""railway"": ""rail"", ""usage"": ""branch""}"
RAL-01,way,77262841,NS-Line,railway,rail,Point,railway_track_infrastructure,"{""electrified"": ""no"", ""embankment"": ""yes"", ""gauge"": ""1435"", ""name"": ""NS-Line"", ""old_railway_operator"": ""NS"", ""operator"": ""Norfolk Southern Railway"", ""operator:wikidata"": ""Q1321054"", ""railway"": ""rail"", ""usage"": ""branch""}"
RAL-01,way,77262843,NS-Line,railway,rail,Point,railway_track_infrastructure,"{""bridge"": ""yes"", ""electrified"": ""no"", ""gauge"": ""1435"", ""layer"": ""1"", ""name"": ""NS-Line"", ""old_railway_operator"": ""NS"", ""operator"": ""Norfolk Southern Railway"", ""operator:wikidata"": ""Q1321054"", ""railway"": ""rail"", ""usage"": ""branch""}"
RAL-01,way,77262850,NS-Line,railway,rail,Point,railway_track_infrastructure,"{""bridge"": ""yes"", ""electrified"": ""no"", ""gauge"": ""1435"", ""layer"": ""1"", ""name"": ""NS-Line"", ""old_railway_operator"": ""NS"", ""operator"": ""Norfolk Southern Railway"", ""operator:wikidata"": ""Q1321054"", ""railway"": ""rail"", ""usage"": ""branch""}"
RAL-01,way,77262858,NS-Line,railway,rail,Point,railway_track_infrastructure,"{""electrified"": ""no"", ""embankment"": ""yes"", ""gauge"": ""1435"", ""name"": ""NS-Line"", ""old_railway_operator"": ""NS"", ""operator"": ""Norfolk Southern Railway"", ""operator:wikidata"": ""Q1321054"", ""railway"": ""rail"", ""usage"": ""branch""}"
RAL-01,way,77262876,NS-Line,railway,rail,Point,railway_track_infrastructure,"{""electrified"": ""no"", ""embankment"": ""yes"", ""gauge"": ""1435"", ""name"": ""NS-Line"", ""old_railway_operator"": ""NS"", ""operator"": ""Norfolk Southern Railway"", ""operator:wikidata"": ""Q1321054"", ""railway"": ""rail"", ""usage"": ""branch""}"
RAL-01,way,99029169,Blount Street Parking Deck,amenity,parking,Point,low_value_category,"{""access"": ""yes"", ""addr:city"": ""Raleigh"", ""addr:country"": ""US"", ""addr:housenumber"": ""314"", ""addr:postcode"": ""27601"", ""addr:state"": ""NC"", ""addr:street"": ""South Blount Street"", ""amenity"": ""parking"", ""building"": ""yes"", ""building:levels"": ""7"", ""capacity"": ""1238"", ""fee"": ""yes"", ""name"": ""Blount Street Parking Deck"", ""operator"": ""ParkLink (City of Raleigh)"", ""parking"": ""multi-storey""}"
RAL-01,way,99052003,,amenity,parking,Point,low_value_category,"{""access"": ""yes"", ""amenity"": ""parking"", ""building"": ""yes"", ""fee"": ""yes"", ""parking"": ""multi-storey""}"
RAL-01,way,99052007,,amenity,parking,Point,low_value_category,"{""amenity"": ""parking"", ""building"": ""yes"", ""parking"": ""multi-storey""}"
RAL-01,way,101545324,H-Line,railway,rail,Point,railway_track_infrastructure,"{""electrified"": ""no"", ""gauge"": ""1435"", ""maxspeed"": ""35 mph"", ""name"": ""H-Line"", ""note:old_railway_operator"": ""North Carolina Railroad"", ""old_railway_operator"": ""Southern"", ""operator"": ""Norfolk Southern Railway"", ""operator:wikidata"": ""Q1321054"", ""owner"": ""North Carolina Railroad"", ""railway"": ""rail"", ""tiger:reviewed"": ""yes"", ""usage"": ""main""}"
RAL-01,way,101545330,,railway,rail,Point,representative_point_outside_region,"{""railway"": ""rail"", ""usage"": ""branch""}"
RAL-01,way,135692671,,amenity,parking,Point,low_value_category,"{""amenity"": ""parking"", ""building"": ""yes"", ""parking"": ""multi-storey"", ""surface"": ""concrete""}"
RAL-01,way,140352570,H-Line,railway,rail,Point,railway_track_infrastructure,"{""electrified"": ""no"", ""gauge"": ""1435"", ""maxspeed"": ""20 mph"", ""name"": ""H-Line"", ""note:old_railway_operator"": ""North Carolina Railroad"", ""old_railway_operator"": ""Southern"", ""operator"": ""Norfolk Southern Railway"", ""operator:wikidata"": ""Q1321054"", ""owner"": ""North Carolina Railroad"", ""railway"": ""rail"", ""railway:ctc"": ""yes"", ""railway:etms"": ""yes"", ""railway:ptc"": ""yes"", ""railway_milepost"": ""NC"", ""ref"": ""NCRR"", ""usage"": ""main""}"
RAL-01,way,148163970,Deck 77,amenity,parking,Point,low_value_category,"{""amenity"": ""parking"", ""building"": ""yes"", ""name"": ""Deck 77"", ""parking"": ""multi-storey""}"
RAL-01,way,169365410,Connection Track,railway,rail,Point,railway_track_infrastructure,"{""electrified"": ""no"", ""gauge"": ""1435"", ""maxspeed"": ""10 mph"", ""maxspeed:freight"": ""10 mph"", ""name"": ""Connection Track"", ""old_railway_operator"": ""Southern"", ""operator"": ""Norfolk Southern Railway"", ""operator:wikidata"": ""Q1321054"", ""owner"": ""North Carolina Railroad"", ""railway"": ""rail"", ""railway:ctc"": ""yes"", ""railway:ptc"": ""yes"", ""railway:track_ref"": ""CONN"", ""tiger:cfcc"": ""B11"", ""tiger:county"": ""Wake, NC"", ""tiger:name_base"": ""Norfolk Southern Railway"", ""usage"": ""branch""}"
RAL-01,way,169365413,Norfolk Southern Railway,railway,rail,Point,railway_track_infrastructure,"{""operator"": ""Norfolk Southern Railway"", ""operator:wikidata"": ""Q1321054"", ""railway"": ""rail"", ""railway:ctc"": ""yes"", ""railway:etms"": ""yes"", ""railway:ptc"": ""yes"", ""service"": ""crossover""}"
RAL-01,way,169365416,Connection Track,railway,rail,Point,railway_track_infrastructure,"{""electrified"": ""no"", ""gauge"": ""1435"", ""maxspeed"": ""10 mph"", ""maxspeed:freight"": ""10 mph"", ""name"": ""Connection Track"", ""old_railway_operator"": ""SAL"", ""operator"": ""Norfolk Southern Railway"", ""operator:wikidata"": ""Q856783"", ""railway"": ""rail"", ""railway:ctc"": ""yes"", ""railway:etms"": ""yes"", ""railway:ptc"": ""yes"", ""railway:track_ref"": ""CONN"", ""tiger:cfcc"": ""B11"", ""tiger:county"": ""Wake, NC"", ""tiger:name_base"": ""Norfolk Southern Railway"", ""usage"": ""branch""}"
RAL-01,way,169601523,Aberdeen Subdivision,railway,rail,Point,railway_track_infrastructure,"{""electrified"": ""no"", ""gauge"": ""1435"", ""maxspeed"": ""20 mph"", ""maxspeed:freight"": ""20 mph"", ""name"": ""Aberdeen Subdivision"", ""old_railway_operator"": ""SAL"", ""operator"": ""CSX Transportation"", ""operator:wikidata"": ""Q856783"", ""railway"": ""rail"", ""railway:ctc"": ""yes"", ""railway:etms"": ""yes"", ""railway:ptc"": ""yes"", ""railway:track_ref"": ""Main Track"", ""railway_milepost"": ""S"", ""ref"": ""AB"", ""usage"": ""branch""}"
RAL-01,way,194727762,Lot 18,amenity,parking,Point,low_value_category,"{""amenity"": ""parking"", ""name"": ""Lot 18"", ""parking"": ""surface"", ""surface"": ""asphalt""}"
RAL-01,way,196030328,,amenity,parking,Point,low_value_category,"{""amenity"": ""parking"", ""parking"": ""surface"", ""surface"": ""asphalt""}"
RAL-01,way,196030410,Lot 22,amenity,parking,Point,low_value_category,"{""amenity"": ""parking"", ""name"": ""Lot 22"", ""parking"": ""surface"", ""surface"": ""asphalt""}"
RAL-01,way,196032840,Lot 22,amenity,parking,Point,low_value_category,"{""amenity"": ""parking"", ""name"": ""Lot 22"", ""parking"": ""surface"", ""surface"": ""asphalt""}"
RAL-01,way,196032910,,amenity,parking,Polygon,low_value_category,"{""amenity"": ""parking"", ""parking"": ""surface"", ""surface"": ""asphalt""}"
RAL-01,way,196120758,,amenity,parking,Polygon,low_value_category,"{""amenity"": ""parking"", ""parking"": ""surface"", ""surface"": ""asphalt""}"
RAL-01,way,196120763,,amenity,parking,Polygon,low_value_category,"{""amenity"": ""parking"", ""parking"": ""surface""}"
RAL-01,way,196120861,,amenity,parking,Polygon,low_value_category,"{""amenity"": ""parking"", ""parking"": ""surface""}"
RAL-01,way,196165725,,amenity,parking,Polygon,low_value_category,"{""amenity"": ""parking"", ""building"": ""parking"", ""parking"": ""multi-storey""}"
RAL-01,way,196166886,,amenity,parking,Polygon,low_value_category,"{""amenity"": ""parking"", ""parking"": ""surface"", ""surface"": ""asphalt""}"
RAL-01,way,196166889,,amenity,parking,Polygon,low_value_category,"{""amenity"": ""parking"", ""parking"": ""surface"", ""surface"": ""asphalt""}"
RAL-01,way,196313576,,amenity,parking,Polygon,low_value_category,"{""amenity"": ""parking"", ""parking"": ""surface"", ""surface"": ""asphalt""}"
RAL-01,way,196313579,,amenity,parking,Polygon,low_value_category,"{""amenity"": ""parking"", ""parking"": ""surface"", ""surface"": ""asphalt""}"
RAL-01,way,196349444,,amenity,parking,Polygon,low_value_category,"{""amenity"": ""parking"", ""parking"": ""surface""}"
RAL-01,way,196587792,,amenity,parking,Polygon,low_value_category,"{""amenity"": ""parking"", ""parking"": ""surface""}"
RAL-01,way,196587794,,amenity,parking,Polygon,low_value_category,"{""amenity"": ""parking"", ""parking"": ""surface""}"
RAL-01,way,196587797,,amenity,parking,Polygon,low_value_category,"{""amenity"": ""parking"", ""parking"": ""surface""}"
RAL-01,way,196588245,,amenity,parking,Polygon,low_value_category,"{""amenity"": ""parking"", ""parking"": ""surface""}"
RAL-01,way,196601965,,amenity,parking,Polygon,low_value_category,"{""amenity"": ""parking"", ""parking"": ""surface"", ""surface"": ""unpaved""}"
RAL-01,way,196603011,,amenity,parking,Polygon,low_value_category,"{""amenity"": ""parking"", ""parking"": ""surface"", ""surface"": ""asphalt""}"
RAL-01,way,196603936,,amenity,parking,Polygon,low_value_category,"{""amenity"": ""parking"", ""parking"": ""surface"", ""surface"": ""asphalt""}"
RAL-01,way,196603937,,amenity,parking,Polygon,low_value_category,"{""amenity"": ""parking"", ""parking"": ""surface"", ""surface"": ""asphalt""}"
RAL-01,way,196606056,,amenity,parking,Polygon,low_value_category,"{""amenity"": ""parking"", ""parking"": ""surface""}"
RAL-01,way,196606067,,amenity,parking,Polygon,low_value_category,"{""amenity"": ""parking"", ""parking"": ""surface""}"
RAL-01,way,196946649,,amenity,parking,Polygon,low_value_category,"{""amenity"": ""parking"", ""fee"": ""yes"", ""parking"": ""surface""}"
RAL-01,way,196946651,,amenity,parking,Polygon,low_value_category,"{""amenity"": ""parking"", ""fee"": ""yes"", ""parking"": ""surface""}"
RAL-01,way,198193145,,amenity,parking,Polygon,low_value_category,"{""amenity"": ""parking"", ""parking"": ""surface"", ""surface"": ""asphalt""}"
RAL-01,way,198193863,,amenity,parking,Polygon,low_value_category,"{""amenity"": ""parking"", ""parking"": ""surface"", ""surface"": ""asphalt""}"
RAL-01,way,199694024,Deck 76,amenity,parking,Polygon,low_value_category,"{""addr:housenumber"": ""415"", ""addr:street"": ""North Salisbury Street"", ""amenity"": ""parking"", ""building"": ""yes"", ""name"": ""Deck 76"", ""parking"": ""multi-storey""}"
RAL-01,way,199694025,Deck 75,amenity,parking,Polygon,low_value_category,"{""addr:housenumber"": ""333"", ""addr:street"": ""North Salisbury Street"", ""amenity"": ""parking"", ""building"": ""yes"", ""name"": ""Deck 75"", ""parking"": ""multi-storey""}"
RAL-01,way,199694141,Deck 64,amenity,parking,Polygon,low_value_category,"{""addr:housenumber"": ""413"", ""addr:street"": ""North Salisbury Street"", ""amenity"": ""parking"", ""building"": ""yes"", ""building:levels"": ""4"", ""name"": ""Deck 64"", ""parking"": ""multi-storey""}"
RAL-01,way,199694490,,amenity,parking,Polygon,low_value_category,"{""amenity"": ""parking"", ""parking"": ""surface""}"
RAL-01,way,199694491,Lot 25,amenity,parking,Polygon,low_value_category,"{""amenity"": ""parking"", ""name"": ""Lot 25"", ""parking"": ""surface"", ""surface"": ""asphalt""}"
RAL-01,way,199694492,Lot 48,amenity,parking,Polygon,low_value_category,"{""amenity"": ""parking"", ""name"": ""Lot 48"", ""parking"": ""surface"", ""surface"": ""asphalt""}"
RAL-01,way,199739162,,amenity,parking,Polygon,low_value_category,"{""amenity"": ""parking"", ""parking"": ""surface"", ""surface"": ""asphalt""}"
RAL-01,way,199739375,,amenity,parking,Polygon,low_value_category,"{""amenity"": ""parking"", ""parking"": ""surface"", ""surface"": ""asphalt""}"
RAL-01,way,199739376,,amenity,parking,Polygon,low_value_category,"{""amenity"": ""parking"", ""parking"": ""surface"", ""surface"": ""asphalt""}"
RAL-01,way,199822115,,amenity,parking,Polygon,low_value_category,"{""amenity"": ""parking"", ""parking"": ""surface""}"
RAL-01,way,199826241,,amenity,parking,Polygon,low_value_category,"{""amenity"": ""parking"", ""parking"": ""surface"", ""surface"": ""asphalt""}"
RAL-01,way,199826255,,amenity,parking,Polygon,low_value_category,"{""amenity"": ""parking"", ""parking"": ""surface"", ""surface"": ""asphalt""}"
RAL-01,way,199827613,Lot 5,amenity,parking,Polygon,low_value_category,"{""amenity"": ""parking"", ""name"": ""Lot 5"", ""parking"": ""surface""}"
RAL-01,way,199829198,Lot 5,amenity,parking,Polygon,low_value_category,"{""amenity"": ""parking"", ""name"": ""Lot 5"", ""parking"": ""surface""}"
RAL-01,way,199908788,,amenity,parking,Polygon,low_value_category,"{""amenity"": ""parking"", ""parking"": ""surface"", ""surface"": ""asphalt""}"
RAL-01,way,199908793,,amenity,parking,Polygon,low_value_category,"{""amenity"": ""parking"", ""parking"": ""surface"", ""surface"": ""asphalt""}"
RAL-01,way,199908794,,amenity,parking,Polygon,low_value_category,"{""amenity"": ""parking"", ""parking"": ""surface""}"
RAL-01,way,199913820,,amenity,parking,Polygon,low_value_category,"{""amenity"": ""parking"", ""parking"": ""surface""}"
RAL-01,way,199920888,,amenity,parking,Polygon,low_value_category,"{""amenity"": ""parking"", ""parking"": ""surface"", ""surface"": ""asphalt""}"
RAL-01,way,256664184,,railway,rail,LineString,representative_point_outside_region,"{""railway"": ""rail"", ""service"": ""yard""}"
RAL-01,way,256664190,,railway,rail,LineString,railway_track_infrastructure,"{""railway"": ""rail"", ""service"": ""yard""}"
RAL-01,way,256664191,,railway,rail,LineString,railway_track_infrastructure,"{""railway"": ""rail"", ""service"": ""yard""}"
RAL-01,way,288587424,Cabarrus Deck,amenity,parking,Polygon,low_value_category,"{""amenity"": ""parking"", ""building"": ""parking"", ""building:levels"": ""6"", ""building:use"": ""commercial"", ""capacity"": ""533"", ""fee"": ""yes"", ""name"": ""Cabarrus Deck"", ""parking"": ""multi-storey"", ""source"": ""WakeGIS""}"
RAL-01,way,288587437,,amenity,parking,Polygon,low_value_category,"{""amenity"": ""parking"", ""fee"": ""yes"", ""parking"": ""surface""}"
RAL-01,way,310012129,,amenity,parking,Polygon,low_value_category,"{""amenity"": ""parking"", ""parking"": ""surface""}"
RAL-01,way,310168483,,amenity,parking,Polygon,low_value_category,"{""access"": ""private"", ""addr:city"": ""Raleigh"", ""addr:country"": ""US"", ""addr:housenumber"": ""444"", ""addr:postcode"": ""27601"", ""addr:state"": ""NC"", ""addr:street"": ""South Blount Street"", ""amenity"": ""parking"", ""building"": ""yes"", ""building:levels"": ""3"", ""parking"": ""multi-storey""}"
RAL-01,way,310745787,ShareFile Parking Deck,amenity,parking,Polygon,low_value_category,"{""access"": ""private"", ""amenity"": ""parking"", ""building"": ""yes"", ""name"": ""ShareFile Parking Deck"", ""operator"": ""ShareFile"", ""operator:type"": ""private"", ""park_ride"": ""no"", ""parking"": ""multi-storey"", ""surface"": ""concrete""}"
RAL-01,way,310746571,,amenity,parking,Polygon,low_value_category,"{""amenity"": ""parking"", ""parking"": ""surface"", ""surface"": ""asphalt""}"
RAL-01,way,310746572,,amenity,parking,Polygon,low_value_category,"{""amenity"": ""parking"", ""parking"": ""surface""}"
RAL-01,way,318161136,,amenity,parking,Polygon,low_value_category,"{""access"": ""private"", ""amenity"": ""parking"", ""building"": ""yes"", ""building:levels"": ""6"", ""parking"": ""multi-storey""}"
RAL-01,way,323930805,,amenity,parking,Polygon,low_value_category,"{""access"": ""private"", ""addr:city"": ""Raleigh"", ""addr:country"": ""US"", ""addr:housenumber"": ""314"", ""addr:state"": ""NC"", ""addr:street"": ""South Salisbury Street"", ""amenity"": ""parking"", ""building"": ""yes"", ""building:levels"": ""2"", ""parking"": ""multi-storey"", ""source:geometry"": ""Bing""}"
RAL-01,way,324440828,City Market Lot,amenity,parking,Polygon,low_value_category,"{""access"": ""yes"", ""amenity"": ""parking"", ""capacity"": ""85"", ""fee"": ""yes"", ""name"": ""City Market Lot"", ""parking"": ""surface"", ""source:geometry"": ""Bing""}"
RAL-01,way,324440829,,amenity,parking,Polygon,low_value_category,"{""access"": ""yes"", ""amenity"": ""parking"", ""fee"": ""yes"", ""parking"": ""surface"", ""source:geometry"": ""Bing"", ""surface"": ""asphalt""}"
RAL-01,way,328901272,Saint Mary's Square Apartments,amenity,parking,Polygon,low_value_category,"{""access"": ""private"", ""addr:city"": ""Raleigh"", ""addr:housenumber"": ""600"", ""addr:postcode"": ""27605"", ""addr:state"": ""NC"", ""addr:street"": ""Saint Marys Street"", ""amenity"": ""parking"", ""layer"": ""-1"", ""operator"": ""Saint Mary's Square Apartments"", ""operator:type"": ""private"", ""parking"": ""underground""}"
RAL-01,way,329210899,City Center Parking Deck,amenity,parking,Polygon,low_value_category,"{""access"": ""yes"", ""addr:city"": ""Raleigh"", ""addr:country"": ""US"", ""addr:housenumber"": ""429"", ""addr:postcode"": ""27601"", ""addr:state"": ""NC"", ""addr:street"": ""South Wilmington Street"", ""amenity"": ""parking"", ""building"": ""parking"", ""building:levels"": ""7"", ""capacity"": ""873"", ""fee"": ""yes"", ""name"": ""City Center Parking Deck"", ""operator"": ""ParkLink (City of Raleigh)"", ""parking"": ""multi-storey""}"
RAL-01,way,332077325,,amenity,parking,Polygon,low_value_category,"{""access"": ""private"", ""amenity"": ""parking"", ""parking"": ""surface"", ""surface"": ""asphalt""}"
RAL-01,way,332077326,Charter Square Parking Deck,amenity,parking,Point,low_value_category,"{""amenity"": ""parking"", ""capacity"": ""549"", ""fee"": ""yes"", ""layer"": ""-1"", ""name"": ""Charter Square Parking Deck"", ""operator"": ""ParkLink (City of Raleigh)"", ""parking"": ""underground""}"
RAL-01,way,332077328,,amenity,parking,Point,low_value_category,"{""access"": ""private"", ""amenity"": ""parking"", ""parking"": ""surface"", ""surface"": ""asphalt""}"
RAL-01,way,340208842,,railway,rail,Point,railway_track_infrastructure,"{""bridge"": ""yes"", ""layer"": ""1"", ""railway"": ""rail"", ""service"": ""yard""}"
RAL-01,way,340208843,,railway,rail,Point,railway_track_infrastructure,"{""railway"": ""rail"", ""service"": ""yard""}"
RAL-01,way,407988572,,railway,turntable,Point,unnamed_not_inherently_meaningful,"{""description"": ""CSX turntable"", ""railway"": ""turntable""}"
RAL-01,way,408467595,Norfolk Southern Railway,railway,rail,Point,railway_track_infrastructure,"{""gauge"": ""1435"", ""old_railway_operator"": ""Southern"", ""operator"": ""Norfolk Southern Railway"", ""operator:wikidata"": ""Q1321054"", ""owner"": ""North Carolina Railroad"", ""railway"": ""rail"", ""service"": ""siding"", ""tiger:cfcc"": ""B11"", ""tiger:county"": ""Wake, NC"", ""tiger:name_base"": ""Southern Railway""}"
RAL-01,way,415933270,,railway,rail,Point,railway_track_infrastructure,"{""railway"": ""rail"", ""service"": ""yard""}"
RAL-01,way,454131350,,leisure,swimming_pool,Point,unnamed_not_inherently_meaningful,"{""leisure"": ""swimming_pool""}"
RAL-01,way,454131351,The Lincoln Parking Deck,amenity,parking,Point,low_value_category,"{""access"": ""private"", ""amenity"": ""parking"", ""building"": ""yes"", ""lit"": ""yes"", ""name"": ""The Lincoln Parking Deck"", ""park_ride"": ""no"", ""parking"": ""multi-storey""}"
RAL-01,way,457107044,,amenity,parking,Point,low_value_category,"{""access"": ""customers"", ""addr:city"": ""Raleigh"", ""addr:housenumber"": ""400"", ""addr:postcode"": ""27603"", ""addr:state"": ""NC"", ""addr:street"": ""North Boylan Avenue"", ""amenity"": ""parking"", ""building"": ""parking"", ""parking"": ""multi-storey"", ""surface"": ""concrete""}"
RAL-01,way,458357606,,leisure,swimming_pool,Point,unnamed_not_inherently_meaningful,"{""access"": ""private"", ""leisure"": ""swimming_pool""}"
RAL-01,way,458366305,,amenity,parking_space,Point,low_value_category,"{""amenity"": ""parking_space""}"
RAL-01,way,458366306,,amenity,parking_space,Point,low_value_category,"{""amenity"": ""parking_space""}"
RAL-01,way,458366307,,amenity,parking_space,Point,low_value_category,"{""amenity"": ""parking_space""}"
RAL-01,way,458366308,,amenity,parking_space,Point,low_value_category,"{""amenity"": ""parking_space""}"
RAL-01,way,458366309,,amenity,parking_space,Point,low_value_category,"{""amenity"": ""parking_space""}"
RAL-01,way,458366310,,amenity,parking_space,Point,low_value_category,"{""access:disabled"": ""yes"", ""amenity"": ""parking_space"", ""wheelchair"": ""yes""}"
RAL-01,way,458366311,,amenity,parking_space,Point,low_value_category,"{""amenity"": ""parking_space""}"
RAL-01,way,458366312,,amenity,parking_space,Point,low_value_category,"{""amenity"": ""parking_space""}"
RAL-01,way,458366313,,amenity,parking_space,Point,low_value_category,"{""amenity"": ""parking_space""}"
RAL-01,way,458366314,,amenity,parking_space,Point,low_value_category,"{""amenity"": ""parking_space""}"
RAL-01,way,458366315,,amenity,parking_space,Point,low_value_category,"{""amenity"": ""parking_space""}"
RAL-01,way,458366316,,amenity,parking_space,Point,low_value_category,"{""amenity"": ""parking_space""}"
RAL-01,way,506091577,,amenity,parking,Point,low_value_category,"{""access"": ""permissive"", ""amenity"": ""parking"", ""fee"": ""yes"", ""parking"": ""surface"", ""payment:contactless"": ""yes"", ""surface"": ""asphalt""}"
RAL-01,way,562910021,Connection Track,railway,rail,Point,railway_track_infrastructure,"{""electrified"": ""no"", ""gauge"": ""1435"", ""maxspeed"": ""10 mph"", ""maxspeed:freight"": ""10 mph"", ""name"": ""Connection Track"", ""old_railway_operator"": ""Southern"", ""operator"": ""Norfolk Southern Railway"", ""operator:wikidata"": ""Q1321054"", ""owner"": ""North Carolina Railroad"", ""railway"": ""rail"", ""railway:ctc"": ""yes"", ""railway:etms"": ""yes"", ""railway:ptc"": ""yes"", ""railway:track_ref"": ""CONN"", ""tiger:cfcc"": ""B11"", ""tiger:county"": ""Wake, NC"", ""tiger:name_base"": ""Norfolk Southern Railway"", ""usage"": ""branch""}"
RAL-01,way,562910028,Connection Track,railway,rail,Point,railway_track_infrastructure,"{""bridge"": ""yes"", ""electrified"": ""no"", ""gauge"": ""1435"", ""layer"": ""1"", ""maxspeed"": ""10 mph"", ""maxspeed:freight"": ""10 mph"", ""name"": ""Connection Track"", ""old_railway_operator"": ""Southern"", ""operator"": ""Norfolk Southern Railway"", ""operator:wikidata"": ""Q1321054"", ""owner"": ""North Carolina Railroad"", ""railway"": ""rail"", ""railway:ctc"": ""yes"", ""railway:etms"": ""yes"", ""railway:ptc"": ""yes"", ""railway:track_ref"": ""CONN"", ""tiger:cfcc"": ""B11"", ""tiger:county"": ""Wake, NC"", ""tiger:name_base"": ""Norfolk Southern Railway"", ""usage"": ""branch""}"
RAL-01,way,562910033,Connection Track,railway,rail,Point,railway_track_infrastructure,"{""bridge"": ""yes"", ""electrified"": ""no"", ""gauge"": ""1435"", ""layer"": ""1"", ""maxspeed"": ""10 mph"", ""maxspeed:freight"": ""10 mph"", ""name"": ""Connection Track"", ""old_railway_operator"": ""Southern"", ""operator"": ""Norfolk Southern Railway"", ""operator:wikidata"": ""Q1321054"", ""owner"": ""North Carolina Railroad"", ""railway"": ""rail"", ""railway:ctc"": ""yes"", ""railway:etms"": ""yes"", ""railway:ptc"": ""yes"", ""railway:track_ref"": ""CONN"", ""tiger:cfcc"": ""B11"", ""tiger:county"": ""Wake, NC"", ""tiger:name_base"": ""Norfolk Southern Railway"", ""usage"": ""branch""}"
RAL-01,way,562910037,Norfolk Southern Railway,railway,rail,Point,railway_track_infrastructure,"{""electrified"": ""no"", ""gauge"": ""1435"", ""old_railway_operator"": ""Southern"", ""operator"": ""Norfolk Southern Railway"", ""operator:wikidata"": ""Q1321054"", ""owner"": ""North Carolina Railroad"", ""railway"": ""rail"", ""railway:ctc"": ""yes"", ""railway:etms"": ""yes"", ""railway:ptc"": ""yes"", ""railway:track_ref"": ""CONN"", ""railway_milepost"": ""NC"", ""ref"": ""NCRR"", ""usage"": ""main""}"
RAL-01,way,562910050,,railway,rail,Point,railway_track_infrastructure,"{""railway"": ""rail"", ""service"": ""yard""}"
RAL-01,way,562910052,,railway,rail,Point,representative_point_outside_region,"{""railway"": ""rail"", ""service"": ""yard""}"
RAL-01,way,577303053,,amenity,parking,Point,low_value_category,"{""access"": ""yes"", ""amenity"": ""parking"", ""fee"": ""yes"", ""parking"": ""surface""}"
RAL-01,way,577303274,,leisure,swimming_pool,Point,unnamed_not_inherently_meaningful,"{""leisure"": ""swimming_pool""}"
RAL-01,way,582087801,Lot 3,amenity,parking,Point,low_value_category,"{""amenity"": ""parking"", ""name"": ""Lot 3"", ""parking"": ""surface"", ""surface"": ""asphalt""}"
RAL-01,way,582087804,,amenity,parking,Point,low_value_category,"{""amenity"": ""parking"", ""parking"": ""lane""}"
RAL-01,way,582087805,,amenity,parking,Point,low_value_category,"{""amenity"": ""parking"", ""parking"": ""surface""}"
RAL-01,way,582087806,,amenity,parking,Point,low_value_category,"{""amenity"": ""parking"", ""parking"": ""surface"", ""surface"": ""asphalt""}"
RAL-01,way,582087826,,amenity,parking,Point,low_value_category,"{""amenity"": ""parking"", ""parking"": ""surface"", ""surface"": ""asphalt""}"
RAL-01,way,582087830,Lot 1,amenity,parking,Point,low_value_category,"{""amenity"": ""parking"", ""name"": ""Lot 1"", ""parking"": ""surface"", ""surface"": ""asphalt""}"
RAL-01,way,584249388,,amenity,parking,Point,low_value_category,"{""amenity"": ""parking"", ""parking"": ""surface""}"
RAL-01,way,584249389,,amenity,parking,Point,low_value_category,"{""access"": ""yes"", ""amenity"": ""parking"", ""fee"": ""yes"", ""parking"": ""surface""}"
RAL-01,way,584249390,,amenity,parking,Point,low_value_category,"{""access"": ""private"", ""amenity"": ""parking"", ""parking"": ""surface"", ""surface"": ""asphalt""}"
RAL-01,way,584249391,,amenity,parking,Point,low_value_category,"{""amenity"": ""parking"", ""parking"": ""surface"", ""surface"": ""asphalt""}"
RAL-01,way,584249392,,amenity,parking,Point,low_value_category,"{""amenity"": ""parking"", ""parking"": ""surface"", ""surface"": ""asphalt""}"
RAL-01,way,584249394,,amenity,parking,Point,low_value_category,"{""amenity"": ""parking"", ""parking"": ""surface"", ""surface"": ""asphalt""}"
RAL-01,way,584249396,,amenity,parking,Point,low_value_category,"{""amenity"": ""parking"", ""fee"": ""yes"", ""parking"": ""surface"", ""surface"": ""unpaved""}"
RAL-01,way,584249397,,amenity,parking,Point,low_value_category,"{""access"": ""private"", ""amenity"": ""parking"", ""parking"": ""surface"", ""surface"": ""asphalt""}"
RAL-01,way,584249402,,amenity,parking,Point,low_value_category,"{""amenity"": ""parking"", ""parking"": ""surface"", ""surface"": ""asphalt""}"
RAL-01,way,584249405,,amenity,parking,Point,low_value_category,"{""amenity"": ""parking"", ""parking"": ""surface""}"
RAL-01,way,584249406,,amenity,parking,Point,low_value_category,"{""amenity"": ""parking"", ""parking"": ""surface""}"
RAL-01,way,584249408,,amenity,parking,Point,low_value_category,"{""amenity"": ""parking"", ""parking"": ""surface"", ""surface"": ""asphalt""}"
RAL-01,way,584249409,,amenity,parking,Point,low_value_category,"{""amenity"": ""parking"", ""parking"": ""surface""}"
RAL-01,way,584249414,,amenity,parking,Point,low_value_category,"{""amenity"": ""parking"", ""parking"": ""surface"", ""surface"": ""asphalt""}"
RAL-01,way,584249426,,amenity,parking,Point,low_value_category,"{""access"": ""customers"", ""amenity"": ""parking"", ""covered"": ""no"", ""fee"": ""yes"", ""park_ride"": ""no"", ""parking"": ""surface"", ""supervised"": ""yes"", ""surface"": ""gravel""}"
RAL-01,way,584249427,,amenity,parking,Point,low_value_category,"{""access"": ""yes"", ""amenity"": ""parking"", ""fee"": ""yes"", ""parking"": ""surface""}"
RAL-01,way,584249428,,amenity,parking,Point,low_value_category,"{""access"": ""yes"", ""amenity"": ""parking"", ""fee"": ""yes"", ""parking"": ""surface""}"
RAL-01,way,584249429,,amenity,parking,Point,low_value_category,"{""amenity"": ""parking"", ""parking"": ""surface""}"
RAL-01,way,584249431,,amenity,parking,Point,low_value_category,"{""amenity"": ""parking"", ""parking"": ""surface""}"
RAL-01,way,584249434,,amenity,parking,Point,representative_point_outside_region,"{""amenity"": ""parking"", ""parking"": ""surface""}"
RAL-01,way,584249436,,amenity,parking,Point,low_value_category,"{""amenity"": ""parking"", ""parking"": ""surface""}"
RAL-01,way,584249437,,amenity,parking,Point,low_value_category,"{""amenity"": ""parking"", ""parking"": ""surface""}"
RAL-01,way,584249438,,amenity,parking,Point,low_value_category,"{""amenity"": ""parking"", ""parking"": ""surface""}"
RAL-01,way,584249440,,amenity,parking,Point,low_value_category,"{""amenity"": ""parking"", ""parking"": ""surface"", ""surface"": ""asphalt""}"
RAL-01,way,584249445,,amenity,parking,Point,low_value_category,"{""access"": ""yes"", ""amenity"": ""parking"", ""fee"": ""yes"", ""parking"": ""surface"", ""surface"": ""asphalt""}"
RAL-01,way,584249446,,amenity,parking,Point,low_value_category,"{""amenity"": ""parking"", ""parking"": ""surface"", ""surface"": ""unpaved""}"
RAL-01,way,584249447,,amenity,parking,Point,low_value_category,"{""amenity"": ""parking"", ""parking"": ""surface"", ""surface"": ""unpaved""}"
RAL-01,way,584249452,,amenity,parking,Point,low_value_category,"{""amenity"": ""parking"", ""parking"": ""surface""}"
RAL-01,way,584249456,,amenity,parking,Point,low_value_category,"{""amenity"": ""parking"", ""parking"": ""surface""}"
RAL-01,way,584249457,,amenity,parking,Point,low_value_category,"{""amenity"": ""parking"", ""parking"": ""surface""}"
RAL-01,way,584249465,,amenity,parking,Point,low_value_category,"{""amenity"": ""parking"", ""parking"": ""surface""}"
RAL-01,way,584249474,,amenity,parking,Point,low_value_category,"{""access"": ""customers"", ""amenity"": ""parking"", ""parking"": ""surface""}"
RAL-01,way,584249475,,amenity,parking,Point,low_value_category,"{""access"": ""permit"", ""amenity"": ""parking"", ""parking"": ""surface"", ""surface"": ""asphalt""}"
RAL-01,way,584249477,,amenity,parking,Point,low_value_category,"{""access"": ""permit"", ""amenity"": ""parking"", ""parking"": ""surface"", ""surface"": ""asphalt""}"
RAL-01,way,584249480,,amenity,parking,Point,low_value_category,"{""access"": ""permit"", ""amenity"": ""parking"", ""parking"": ""surface""}"
RAL-01,way,584249481,,amenity,parking,Point,low_value_category,"{""amenity"": ""parking"", ""parking"": ""surface"", ""surface"": ""asphalt""}"
RAL-01,way,584249486,,amenity,parking,Point,low_value_category,"{""amenity"": ""parking"", ""parking"": ""surface""}"
RAL-01,way,584249497,,amenity,parking,Point,low_value_category,"{""amenity"": ""parking"", ""parking"": ""surface""}"
RAL-01,way,584249500,,amenity,parking,Point,low_value_category,"{""amenity"": ""parking"", ""parking"": ""surface""}"
RAL-01,way,584249509,,amenity,parking,Point,low_value_category,"{""amenity"": ""parking"", ""parking"": ""surface""}"
RAL-01,way,584249512,,amenity,parking,Point,low_value_category,"{""amenity"": ""parking"", ""parking"": ""surface""}"
RAL-01,way,584249517,,amenity,parking,Point,low_value_category,"{""amenity"": ""parking"", ""parking"": ""surface"", ""surface"": ""unpaved""}"
RAL-01,way,584249519,,amenity,parking,Point,low_value_category,"{""amenity"": ""parking"", ""parking"": ""surface"", ""surface"": ""unpaved""}"
RAL-01,way,584249521,,amenity,parking,Point,low_value_category,"{""amenity"": ""parking"", ""parking"": ""surface""}"
RAL-01,way,584249523,,amenity,parking,Point,low_value_category,"{""amenity"": ""parking"", ""parking"": ""surface"", ""surface"": ""asphalt""}"
RAL-01,way,584249525,,amenity,parking,Point,low_value_category,"{""amenity"": ""parking"", ""building"": ""parking"", ""parking"": ""multi-storey""}"
RAL-01,way,584249527,,amenity,parking,Point,low_value_category,"{""amenity"": ""parking"", ""fee"": ""yes"", ""parking"": ""surface"", ""surface"": ""asphalt""}"
RAL-01,way,584249528,,amenity,parking,Point,low_value_category,"{""amenity"": ""parking"", ""fee"": ""yes"", ""parking"": ""surface""}"
RAL-01,way,584249529,,amenity,parking,Point,low_value_category,"{""amenity"": ""parking"", ""parking"": ""surface"", ""surface"": ""asphalt""}"
RAL-01,way,584249534,,amenity,parking,Point,low_value_category,"{""amenity"": ""parking"", ""parking"": ""surface""}"
RAL-01,way,584249538,,amenity,parking,Point,low_value_category,"{""amenity"": ""parking"", ""parking"": ""surface""}"
RAL-01,way,584249541,,amenity,parking,Point,low_value_category,"{""amenity"": ""parking"", ""parking"": ""surface""}"
RAL-01,way,584249548,,amenity,parking,Point,low_value_category,"{""amenity"": ""parking"", ""parking"": ""surface""}"
RAL-01,way,584249549,,amenity,parking,Polygon,low_value_category,"{""amenity"": ""parking"", ""parking"": ""surface""}"
RAL-01,way,584249550,,amenity,parking,Polygon,low_value_category,"{""amenity"": ""parking"", ""parking"": ""surface""}"
RAL-01,way,584249551,,amenity,parking,Polygon,low_value_category,"{""amenity"": ""parking"", ""parking"": ""surface""}"
RAL-01,way,584249557,,amenity,parking,Polygon,low_value_category,"{""amenity"": ""parking"", ""parking"": ""surface""}"
RAL-01,way,584249570,E. Martin Lot,amenity,parking,Polygon,low_value_category,"{""amenity"": ""parking"", ""capacity"": ""110"", ""name"": ""E. Martin Lot"", ""parking"": ""surface""}"
RAL-01,way,584249572,E. Hargett Lot,amenity,parking,Polygon,low_value_category,"{""amenity"": ""parking"", ""capacity"": ""72"", ""name"": ""E. Hargett Lot"", ""parking"": ""surface""}"
RAL-01,way,584291996,,amenity,parking,Polygon,low_value_category,"{""amenity"": ""parking"", ""parking"": ""surface""}"
RAL-01,way,584292010,,amenity,parking,Polygon,low_value_category,"{""amenity"": ""parking"", ""parking"": ""surface"", ""surface"": ""asphalt""}"
RAL-01,way,584292016,,amenity,parking,Polygon,low_value_category,"{""amenity"": ""parking"", ""parking"": ""surface"", ""surface"": ""asphalt""}"
RAL-01,way,584292019,,amenity,parking,Polygon,low_value_category,"{""access"": ""yes"", ""amenity"": ""parking"", ""fee"": ""yes"", ""parking"": ""surface""}"
RAL-01,way,584292029,,amenity,parking,Polygon,low_value_category,"{""amenity"": ""parking"", ""parking"": ""surface""}"
RAL-01,way,584292030,,amenity,parking,Polygon,low_value_category,"{""amenity"": ""parking"", ""parking"": ""surface"", ""surface"": ""asphalt""}"
RAL-01,way,584292031,,amenity,parking,Polygon,low_value_category,"{""access"": ""customers"", ""amenity"": ""parking"", ""fee"": ""no"", ""parking"": ""surface""}"
RAL-01,way,584292032,,amenity,parking,Polygon,low_value_category,"{""amenity"": ""parking"", ""parking"": ""surface"", ""surface"": ""asphalt""}"
RAL-01,way,584292036,,amenity,parking,Polygon,low_value_category,"{""amenity"": ""parking"", ""parking"": ""surface""}"
RAL-01,way,584292038,,amenity,parking,Polygon,low_value_category,"{""amenity"": ""parking"", ""parking"": ""surface""}"
RAL-01,way,584292039,,amenity,parking,Polygon,low_value_category,"{""amenity"": ""parking"", ""parking"": ""surface""}"
RAL-01,way,584299974,,amenity,parking,Polygon,low_value_category,"{""amenity"": ""parking"", ""parking"": ""surface""}"
RAL-01,way,584299975,,amenity,parking,Polygon,low_value_category,"{""amenity"": ""parking"", ""parking"": ""surface""}"
RAL-01,way,584299980,,amenity,parking,Polygon,low_value_category,"{""amenity"": ""parking"", ""parking"": ""surface""}"
RAL-01,way,584299982,,amenity,parking,Polygon,low_value_category,"{""amenity"": ""parking"", ""parking"": ""surface""}"
RAL-01,way,584299987,,amenity,parking,Polygon,low_value_category,"{""amenity"": ""parking"", ""parking"": ""surface"", ""surface"": ""asphalt""}"
RAL-01,way,584299990,,amenity,parking,Polygon,low_value_category,"{""amenity"": ""parking"", ""parking"": ""surface"", ""surface"": ""asphalt""}"
RAL-01,way,584299994,,amenity,parking,Polygon,low_value_category,"{""amenity"": ""parking"", ""parking"": ""surface""}"
RAL-01,way,584300008,,amenity,parking,Polygon,low_value_category,"{""amenity"": ""parking"", ""parking"": ""surface""}"
RAL-01,way,584300015,,amenity,parking,Polygon,low_value_category,"{""amenity"": ""parking"", ""parking"": ""surface""}"
RAL-01,way,584300016,,amenity,parking,Polygon,low_value_category,"{""amenity"": ""parking"", ""parking"": ""surface""}"
RAL-01,way,584300022,,amenity,parking,Polygon,low_value_category,"{""amenity"": ""parking"", ""parking"": ""surface""}"
RAL-01,way,584300028,,amenity,parking,Polygon,low_value_category,"{""amenity"": ""parking"", ""parking"": ""surface""}"
RAL-01,way,584300040,,amenity,parking,Polygon,low_value_category,"{""amenity"": ""parking"", ""parking"": ""surface"", ""surface"": ""asphalt""}"
RAL-01,way,584300041,,amenity,parking,Polygon,low_value_category,"{""amenity"": ""parking"", ""parking"": ""surface"", ""surface"": ""asphalt""}"
RAL-01,way,584300043,,amenity,parking,Polygon,low_value_category,"{""amenity"": ""parking"", ""parking"": ""surface"", ""surface"": ""asphalt""}"
RAL-01,way,584300044,,amenity,parking,Polygon,low_value_category,"{""amenity"": ""parking"", ""parking"": ""surface"", ""surface"": ""asphalt""}"
RAL-01,way,584300048,,amenity,parking,Polygon,low_value_category,"{""amenity"": ""parking"", ""parking"": ""surface""}"
RAL-01,way,585237707,,amenity,toilets,Polygon,low_value_category,"{""amenity"": ""toilets"", ""building"": ""yes""}"
RAL-01,way,590263820,,leisure,pitch,Polygon,unnamed_pitch,"{""leisure"": ""pitch"", ""sport"": ""baseball""}"
RAL-01,way,591106685,,amenity,parking,Polygon,low_value_category,"{""amenity"": ""parking"", ""parking"": ""surface""}"
RAL-01,way,591106694,,amenity,parking,Polygon,low_value_category,"{""amenity"": ""parking"", ""parking"": ""surface""}"
RAL-01,way,591106698,,amenity,parking,Polygon,low_value_category,"{""amenity"": ""parking"", ""parking"": ""surface""}"
RAL-01,way,591106719,,amenity,parking,Polygon,low_value_category,"{""amenity"": ""parking"", ""capacity"": ""125"", ""parking"": ""surface"", ""surface"": ""unpaved""}"
RAL-01,way,591106731,,amenity,parking,Polygon,low_value_category,"{""amenity"": ""parking"", ""parking"": ""surface""}"
RAL-01,way,591106740,,amenity,parking,Polygon,low_value_category,"{""amenity"": ""parking"", ""parking"": ""surface""}"
RAL-01,way,591106744,,amenity,parking,Polygon,low_value_category,"{""amenity"": ""parking"", ""parking"": ""surface""}"
RAL-01,way,591106750,,amenity,parking,Polygon,low_value_category,"{""amenity"": ""parking"", ""parking"": ""surface""}"
RAL-01,way,591106755,,amenity,parking,Polygon,low_value_category,"{""amenity"": ""parking"", ""parking"": ""surface""}"
RAL-01,way,591106775,,amenity,parking,Polygon,low_value_category,"{""amenity"": ""parking"", ""parking"": ""surface""}"
RAL-01,way,591106778,,amenity,parking,Polygon,low_value_category,"{""amenity"": ""parking"", ""parking"": ""surface""}"
RAL-01,way,591397866,,amenity,parking,Polygon,low_value_category,"{""amenity"": ""parking"", ""parking"": ""surface""}"
RAL-01,way,591397867,,amenity,parking,Polygon,low_value_category,"{""amenity"": ""parking"", ""parking"": ""surface""}"
RAL-01,way,591397868,,amenity,parking,Polygon,low_value_category,"{""amenity"": ""parking"", ""parking"": ""surface""}"
RAL-01,way,591397869,,amenity,parking,Polygon,low_value_category,"{""amenity"": ""parking"", ""parking"": ""surface""}"
RAL-01,way,591397872,Lot 4,amenity,parking,Polygon,low_value_category,"{""amenity"": ""parking"", ""name"": ""Lot 4"", ""parking"": ""surface"", ""surface"": ""asphalt""}"
RAL-01,way,591397873,Lot 2,amenity,parking,Polygon,low_value_category,"{""amenity"": ""parking"", ""name"": ""Lot 2"", ""parking"": ""surface"", ""surface"": ""asphalt""}"
RAL-01,way,591397892,,amenity,parking,Polygon,low_value_category,"{""amenity"": ""parking"", ""parking"": ""surface""}"
RAL-01,way,591397899,,amenity,parking,Polygon,low_value_category,"{""amenity"": ""parking"", ""parking"": ""surface""}"
RAL-01,way,591397900,Lot 48,amenity,parking,Polygon,low_value_category,"{""amenity"": ""parking"", ""name"": ""Lot 48"", ""parking"": ""surface""}"
RAL-01,way,591397906,,amenity,parking,Polygon,low_value_category,"{""amenity"": ""parking"", ""parking"": ""surface""}"
RAL-01,way,591397910,,amenity,parking,Polygon,low_value_category,"{""amenity"": ""parking"", ""parking"": ""surface""}"
RAL-01,way,591397915,,amenity,parking,Polygon,low_value_category,"{""amenity"": ""parking"", ""parking"": ""surface""}"
RAL-01,way,591397916,,amenity,parking,Polygon,low_value_category,"{""amenity"": ""parking"", ""parking"": ""surface""}"
RAL-01,way,591397917,,amenity,parking,Polygon,low_value_category,"{""amenity"": ""parking"", ""parking"": ""surface"", ""surface"": ""asphalt""}"
RAL-01,way,591397918,,amenity,parking,Polygon,low_value_category,"{""amenity"": ""parking"", ""parking"": ""surface""}"
RAL-01,way,591403236,,amenity,parking,Polygon,representative_point_outside_region,"{""amenity"": ""parking"", ""parking"": ""surface"", ""surface"": ""unpaved""}"
RAL-01,way,591403242,,amenity,parking,Polygon,low_value_category,"{""amenity"": ""parking"", ""parking"": ""surface"", ""surface"": ""concrete""}"
RAL-01,way,591403243,,amenity,parking,Polygon,low_value_category,"{""amenity"": ""parking"", ""parking"": ""surface""}"
RAL-01,way,591403249,,amenity,parking,Polygon,low_value_category,"{""amenity"": ""parking"", ""parking"": ""surface""}"
RAL-01,way,591471234,,amenity,parking,Polygon,low_value_category,"{""amenity"": ""parking"", ""parking"": ""surface"", ""surface"": ""ground""}"
RAL-01,way,591471235,,amenity,parking,Polygon,low_value_category,"{""amenity"": ""parking"", ""building"": ""parking"", ""parking"": ""multi-storey""}"
RAL-01,way,591890954,,amenity,parking,Polygon,low_value_category,"{""amenity"": ""parking"", ""parking"": ""surface""}"
RAL-01,way,591890959,,amenity,parking,Polygon,low_value_category,"{""amenity"": ""parking"", ""parking"": ""surface""}"
RAL-01,way,591890960,,amenity,parking,Polygon,low_value_category,"{""amenity"": ""parking"", ""parking"": ""surface""}"
RAL-01,way,603849960,,amenity,parking,Polygon,low_value_category,"{""amenity"": ""parking"", ""parking"": ""surface""}"
RAL-01,way,603849961,,amenity,parking,Polygon,low_value_category,"{""amenity"": ""parking"", ""parking"": ""surface""}"
RAL-01,way,603849963,,amenity,parking,Polygon,low_value_category,"{""amenity"": ""parking"", ""parking"": ""surface""}"
RAL-01,way,603849964,,amenity,parking,Polygon,low_value_category,"{""amenity"": ""parking"", ""parking"": ""surface""}"
RAL-01,way,603849965,,amenity,parking,Polygon,low_value_category,"{""amenity"": ""parking"", ""parking"": ""surface"", ""surface"": ""asphalt""}"
RAL-01,way,603904059,,amenity,parking,Polygon,low_value_category,"{""amenity"": ""parking"", ""parking"": ""surface"", ""surface"": ""asphalt""}"
RAL-01,way,603904074,Lot 37,amenity,parking,Polygon,low_value_category,"{""amenity"": ""parking"", ""name"": ""Lot 37"", ""parking"": ""surface"", ""surface"": ""gravel""}"
RAL-01,way,604046011,,amenity,parking,Polygon,low_value_category,"{""amenity"": ""parking"", ""parking"": ""surface"", ""surface"": ""asphalt""}"
RAL-01,way,604046013,,amenity,parking,Polygon,low_value_category,"{""amenity"": ""parking"", ""parking"": ""surface"", ""surface"": ""asphalt""}"
RAL-01,way,604046014,,leisure,pitch,Polygon,unnamed_pitch,"{""leisure"": ""pitch"", ""sport"": ""basketball""}"
RAL-01,way,604046015,,leisure,pitch,Polygon,unnamed_pitch,"{""leisure"": ""pitch"", ""sport"": ""basketball""}"
RAL-01,way,604046022,,amenity,parking,Polygon,low_value_category,"{""amenity"": ""parking"", ""parking"": ""surface"", ""surface"": ""asphalt""}"
RAL-01,way,604046024,,amenity,parking,Polygon,low_value_category,"{""amenity"": ""parking"", ""capacity"": ""80"", ""parking"": ""surface"", ""surface"": ""dirt""}"
RAL-01,way,604046556,,leisure,pitch,Polygon,unnamed_pitch,"{""leisure"": ""pitch"", ""sport"": ""basketball""}"
RAL-01,way,604046557,,leisure,pitch,Polygon,unnamed_pitch,"{""leisure"": ""pitch"", ""sport"": ""basketball""}"
RAL-01,way,607928717,Raleigh Union Station,public_transport,platform,Polygon,transport_platform_infrastructure,"{""area"": ""yes"", ""bench"": ""yes"", ""bin"": ""yes"", ""covered"": ""yes"", ""departures_board"": ""yes"", ""lit"": ""yes"", ""name"": ""Raleigh Union Station"", ""network"": ""Amtrak"", ""operator"": ""City of Raleigh"", ""public_transport"": ""platform"", ""railway"": ""platform"", ""ref"": ""1;2"", ""shelter"": ""yes"", ""surface"": ""concrete"", ""tactile_paving"": ""yes"", ""train"": ""yes"", ""wheelchair"": ""yes"", ""width"": ""8.7""}"
RAL-01,way,607928724,H-Line,railway,rail,LineString,railway_track_infrastructure,"{""gauge"": ""1435"", ""maxspeed"": ""25 mph"", ""name"": ""H-Line"", ""operator"": ""Norfolk Southern Railway"", ""operator:wikidata"": ""Q1321054"", ""owner"": ""North Carolina Railroad"", ""railway"": ""rail"", ""railway:ctc"": ""yes"", ""railway:etms"": ""yes"", ""railway:ptc"": ""yes"", ""railway:track_ref"": ""2"", ""railway_milepost"": ""NC"", ""ref"": ""NCRR"", ""usage"": ""main""}"
RAL-01,way,607928736,H-Line,railway,rail,LineString,railway_track_infrastructure,"{""electrified"": ""no"", ""gauge"": ""1435"", ""maxspeed"": ""35 mph"", ""name"": ""H-Line"", ""note:old_railway_operator"": ""North Carolina Railroad"", ""old_railway_operator"": ""Southern"", ""operator"": ""Norfolk Southern Railway"", ""operator:wikidata"": ""Q1321054"", ""owner"": ""North Carolina Railroad"", ""railway"": ""rail"", ""railway:ctc"": ""yes"", ""railway:etms"": ""yes"", ""railway:ptc"": ""yes"", ""railway_milepost"": ""NC"", ""ref"": ""NCRR"", ""usage"": ""main""}"
RAL-01,way,607928737,Connection Track,railway,rail,LineString,railway_track_infrastructure,"{""electrified"": ""no"", ""gauge"": ""1435"", ""maxspeed"": ""10 mph"", ""maxspeed:freight"": ""10 mph"", ""name"": ""Connection Track"", ""old_railway_operator"": ""Southern"", ""operator"": ""Norfolk Southern Railway"", ""operator:wikidata"": ""Q1321054"", ""owner"": ""North Carolina Railroad"", ""railway"": ""rail"", ""railway:ctc"": ""yes"", ""railway:etms"": ""yes"", ""railway:ptc"": ""yes"", ""railway:track_ref"": ""CONN"", ""ref"": ""NCRR"", ""tiger:cfcc"": ""B11"", ""tiger:county"": ""Wake, NC"", ""tiger:name_base"": ""Norfolk Southern Railway"", ""usage"": ""branch""}"
RAL-01,way,607928740,H-Line,railway,rail,LineString,railway_track_infrastructure,"{""gauge"": ""1435"", ""maxspeed"": ""25 mph"", ""name"": ""H-Line"", ""operator"": ""Norfolk Southern Railway"", ""operator:wikidata"": ""Q1321054"", ""owner"": ""North Carolina Railroad"", ""railway"": ""rail"", ""railway:ctc"": ""yes"", ""railway:etms"": ""yes"", ""railway:ptc"": ""yes"", ""railway:track_ref"": ""1"", ""railway_milepost"": ""NC"", ""ref"": ""NCRR"", ""usage"": ""main""}"
RAL-01,way,611685236,,amenity,shelter,Polygon,low_value_category,"{""amenity"": ""shelter"", ""building"": ""yes"", ""shelter_type"": ""pavilion""}"
RAL-01,way,616807009,McLaurin Parking and Transportation,amenity,parking,Polygon,low_value_category,"{""access"": ""yes"", ""amenity"": ""parking"", ""building"": ""parking"", ""building:levels"": ""8"", ""fee"": ""yes"", ""operator"": ""McLaurin Parking and Transportation"", ""parking"": ""multi-storey"", ""supervised"": ""no""}"
RAL-01,way,618541294,,amenity,parking,Polygon,low_value_category,"{""amenity"": ""parking"", ""parking"": ""surface""}"
RAL-01,way,621801302,,amenity,parking,Polygon,low_value_category,"{""amenity"": ""parking"", ""parking"": ""surface""}"
RAL-01,way,621801303,,amenity,parking,Polygon,low_value_category,"{""amenity"": ""parking"", ""parking"": ""surface""}"
RAL-01,way,634308424,,amenity,parking,Polygon,low_value_category,"{""access"": ""customers"", ""amenity"": ""parking"", ""fee"": ""no"", ""parking"": ""surface""}"
RAL-01,way,634308465,,amenity,parking,Polygon,low_value_category,"{""access"": ""customers"", ""amenity"": ""parking"", ""fee"": ""no"", ""parking"": ""surface"", ""surface"": ""gravel""}"
RAL-01,way,634308467,,amenity,parking,Polygon,low_value_category,"{""access"": ""customers"", ""amenity"": ""parking"", ""fee"": ""no"", ""parking"": ""surface""}"
RAL-01,way,634308469,,amenity,parking,Polygon,low_value_category,"{""access"": ""customers"", ""amenity"": ""parking"", ""fee"": ""no"", ""parking"": ""surface""}"
RAL-01,way,634308471,,amenity,parking,Point,low_value_category,"{""access"": ""customers"", ""amenity"": ""parking"", ""fee"": ""no"", ""parking"": ""surface""}"
RAL-01,way,636706563,,amenity,parking,Point,low_value_category,"{""amenity"": ""parking"", ""parking"": ""surface""}"
RAL-01,way,636706566,,amenity,parking,Point,low_value_category,"{""amenity"": ""parking"", ""parking"": ""surface""}"
RAL-01,way,636706567,,amenity,parking,Point,low_value_category,"{""amenity"": ""parking"", ""parking"": ""surface""}"
RAL-01,way,636706568,,amenity,parking,Point,low_value_category,"{""amenity"": ""parking"", ""parking"": ""surface""}"
RAL-01,way,636706576,,amenity,parking,Point,low_value_category,"{""amenity"": ""parking"", ""parking"": ""surface""}"
RAL-01,way,636707069,,amenity,parking,Point,low_value_category,"{""amenity"": ""parking"", ""parking"": ""surface""}"
RAL-01,way,636707072,,amenity,parking,Point,low_value_category,"{""amenity"": ""parking"", ""parking"": ""surface""}"
RAL-01,way,636707075,,amenity,parking,Point,low_value_category,"{""amenity"": ""parking"", ""parking"": ""surface""}"
RAL-01,way,636707078,,amenity,parking,Point,low_value_category,"{""amenity"": ""parking"", ""parking"": ""surface""}"
RAL-01,way,636707081,,amenity,parking,Point,low_value_category,"{""amenity"": ""parking"", ""parking"": ""surface""}"
RAL-01,way,638766791,,amenity,parking,Point,low_value_category,"{""amenity"": ""parking"", ""parking"": ""surface""}"
RAL-01,way,638769819,,amenity,parking,Point,low_value_category,"{""amenity"": ""parking"", ""parking"": ""surface"", ""surface"": ""asphalt""}"
RAL-01,way,638769825,,amenity,parking,Point,low_value_category,"{""amenity"": ""parking"", ""parking"": ""surface"", ""surface"": ""ground""}"
RAL-01,way,638781496,,amenity,parking,Point,low_value_category,"{""amenity"": ""parking"", ""parking"": ""surface"", ""surface"": ""asphalt""}"
RAL-01,way,638781506,,amenity,parking,Point,low_value_category,"{""amenity"": ""parking"", ""parking"": ""lane"", ""surface"": ""asphalt""}"
RAL-01,way,638781507,,amenity,parking,Point,low_value_category,"{""amenity"": ""parking"", ""parking"": ""surface"", ""surface"": ""asphalt""}"
RAL-01,way,638781518,,amenity,parking,Point,low_value_category,"{""amenity"": ""parking"", ""parking"": ""surface""}"
RAL-01,way,638781525,,amenity,parking,Point,low_value_category,"{""amenity"": ""parking"", ""parking"": ""surface"", ""surface"": ""ground""}"
RAL-01,way,639233347,,amenity,parking,Point,low_value_category,"{""amenity"": ""parking"", ""parking"": ""surface"", ""surface"": ""gravel""}"
RAL-01,way,652962060,,amenity,parking,Point,low_value_category,"{""amenity"": ""parking"", ""parking"": ""surface""}"
RAL-01,way,655211124,,amenity,parking,Point,low_value_category,"{""access"": ""yes"", ""amenity"": ""parking"", ""area:highway"": ""parking_lane"", ""parking"": ""surface""}"
RAL-01,way,667552321,,leisure,swimming_pool,Point,unnamed_not_inherently_meaningful,"{""access"": ""private"", ""leisure"": ""swimming_pool""}"
RAL-01,way,676665446,,amenity,parking,Point,low_value_category,"{""amenity"": ""parking"", ""parking"": ""surface"", ""surface"": ""unpaved""}"
RAL-01,way,676665452,,amenity,parking,Point,low_value_category,"{""amenity"": ""parking"", ""capacity"": ""4"", ""parking"": ""surface"", ""surface"": ""asphalt""}"
RAL-01,way,676665453,,amenity,parking,Point,low_value_category,"{""amenity"": ""parking"", ""parking"": ""surface"", ""surface"": ""asphalt""}"
RAL-01,way,679974574,,amenity,parking,Point,low_value_category,"{""amenity"": ""parking"", ""building"": ""parking"", ""parking"": ""multi-storey""}"
RAL-01,way,682501505,,amenity,parking,Point,low_value_category,"{""amenity"": ""parking"", ""parking"": ""surface"", ""surface"": ""asphalt""}"
RAL-01,way,695458692,,amenity,parking,Point,low_value_category,"{""amenity"": ""parking"", ""building"": ""parking"", ""parking"": ""multi-storey""}"
RAL-01,way,695458703,,amenity,parking,Point,low_value_category,"{""amenity"": ""parking"", ""parking"": ""surface"", ""surface"": ""asphalt""}"
RAL-01,way,695489630,,amenity,parking,Point,low_value_category,"{""amenity"": ""parking"", ""parking"": ""surface""}"
RAL-01,way,695489636,,amenity,parking,Point,low_value_category,"{""amenity"": ""parking"", ""parking"": ""surface""}"
RAL-01,way,695489640,,amenity,parking,Point,low_value_category,"{""amenity"": ""parking"", ""parking"": ""surface""}"
RAL-01,way,730319849,Deck 65,amenity,parking,Point,low_value_category,"{""amenity"": ""parking"", ""layer"": ""-1"", ""name"": ""Deck 65"", ""parking"": ""underground""}"
RAL-01,way,730319851,Deck 17,amenity,parking,Point,low_value_category,"{""amenity"": ""parking"", ""layer"": ""-1"", ""name"": ""Deck 17"", ""parking"": ""underground""}"
RAL-01,way,758210773,,leisure,swimming_pool,Point,unnamed_not_inherently_meaningful,"{""leisure"": ""swimming_pool""}"
RAL-01,way,760669965,,amenity,fountain,Point,unnamed_not_inherently_meaningful,"{""amenity"": ""fountain"", ""fountain"": ""splash_pad""}"
RAL-01,way,760673039,,tourism,picnic_site,Point,unnamed_not_inherently_meaningful,"{""tourism"": ""picnic_site""}"
RAL-01,way,760673040,,tourism,picnic_site,Point,unnamed_not_inherently_meaningful,"{""tourism"": ""picnic_site""}"
RAL-01,way,762748125,,amenity,parking,Point,low_value_category,"{""amenity"": ""parking"", ""parking"": ""surface"", ""surface"": ""asphalt""}"
RAL-01,way,762748128,,amenity,parking,Point,low_value_category,"{""access"": ""private"", ""amenity"": ""parking"", ""capacity"": ""4"", ""parking"": ""surface"", ""surface"": ""asphalt""}"
RAL-01,way,762748129,,amenity,parking,Point,low_value_category,"{""amenity"": ""parking"", ""parking"": ""surface"", ""surface"": ""unpaved""}"
RAL-01,way,762748136,,amenity,parking,Point,low_value_category,"{""amenity"": ""parking"", ""parking"": ""surface"", ""surface"": ""asphalt""}"
RAL-01,way,762748137,,amenity,parking,Point,low_value_category,"{""amenity"": ""parking"", ""parking"": ""surface"", ""surface"": ""asphalt""}"
RAL-01,way,762748139,,amenity,parking,Point,low_value_category,"{""amenity"": ""parking"", ""parking"": ""surface"", ""surface"": ""unpaved""}"
RAL-01,way,762748140,,amenity,parking,Point,low_value_category,"{""amenity"": ""parking"", ""parking"": ""surface"", ""surface"": ""asphalt""}"
RAL-01,way,762748145,,amenity,parking,Point,low_value_category,"{""amenity"": ""parking"", ""parking"": ""surface"", ""surface"": ""asphalt""}"
RAL-01,way,762748146,,amenity,parking,Point,low_value_category,"{""amenity"": ""parking"", ""parking"": ""surface""}"
RAL-01,way,762748147,,amenity,parking,Point,low_value_category,"{""amenity"": ""parking"", ""parking"": ""surface""}"
RAL-01,way,762748149,,amenity,parking,Point,low_value_category,"{""access"": ""customers"", ""amenity"": ""parking"", ""fee"": ""no"", ""parking"": ""surface"", ""surface"": ""asphalt""}"
RAL-01,way,762748151,,amenity,parking,Point,representative_point_outside_region,"{""amenity"": ""parking"", ""parking"": ""surface"", ""surface"": ""unpaved""}"
RAL-01,way,762748152,,amenity,parking,Point,low_value_category,"{""amenity"": ""parking"", ""parking"": ""surface""}"
RAL-01,way,762748155,,amenity,parking,Point,low_value_category,"{""access"": ""private"", ""amenity"": ""parking"", ""parking"": ""surface""}"
RAL-01,way,762748157,,amenity,parking,Point,low_value_category,"{""access"": ""customers"", ""amenity"": ""parking"", ""fee"": ""no"", ""parking"": ""surface""}"
RAL-01,way,762748174,,amenity,parking,Point,low_value_category,"{""amenity"": ""parking"", ""parking"": ""surface"", ""surface"": ""asphalt""}"
RAL-01,way,762756708,,amenity,parking,Point,low_value_category,"{""amenity"": ""parking"", ""parking"": ""surface"", ""surface"": ""unpaved""}"
RAL-01,way,762756709,,amenity,parking,Point,low_value_category,"{""amenity"": ""parking"", ""parking"": ""surface"", ""surface"": ""asphalt""}"
RAL-01,way,762756712,,amenity,parking,Point,low_value_category,"{""amenity"": ""parking"", ""parking"": ""surface"", ""surface"": ""asphalt""}"
RAL-01,way,762756713,,amenity,parking,Point,low_value_category,"{""amenity"": ""parking"", ""parking"": ""surface""}"
RAL-01,way,762756715,,amenity,parking,Point,low_value_category,"{""amenity"": ""parking"", ""parking"": ""surface"", ""surface"": ""asphalt""}"
RAL-01,way,762756717,,amenity,parking,Point,low_value_category,"{""amenity"": ""parking"", ""parking"": ""surface"", ""surface"": ""asphalt""}"
RAL-01,way,762756719,,amenity,parking,Point,low_value_category,"{""amenity"": ""parking"", ""parking"": ""surface"", ""surface"": ""asphalt""}"
RAL-01,way,762756722,,amenity,parking,Point,low_value_category,"{""amenity"": ""parking"", ""parking"": ""surface"", ""surface"": ""asphalt""}"
RAL-01,way,762756723,,amenity,parking,Point,low_value_category,"{""amenity"": ""parking"", ""parking"": ""surface"", ""surface"": ""asphalt""}"
RAL-01,way,762756724,,amenity,parking,Point,low_value_category,"{""amenity"": ""parking"", ""building"": ""parking"", ""parking"": ""multi-storey""}"
RAL-01,way,762756726,,amenity,parking,Point,low_value_category,"{""amenity"": ""parking"", ""parking"": ""surface""}"
RAL-01,way,762756727,,amenity,parking,Point,low_value_category,"{""amenity"": ""parking"", ""parking"": ""surface""}"
RAL-01,way,762756728,,amenity,parking,Point,low_value_category,"{""amenity"": ""parking"", ""parking"": ""surface""}"
RAL-01,way,762756729,,amenity,parking,Point,low_value_category,"{""access"": ""private"", ""amenity"": ""parking"", ""parking"": ""surface"", ""surface"": ""asphalt""}"
RAL-01,way,762756730,,amenity,parking,Point,low_value_category,"{""amenity"": ""parking"", ""parking"": ""surface""}"
RAL-01,way,762756731,,amenity,parking,Point,low_value_category,"{""amenity"": ""parking"", ""parking"": ""surface"", ""surface"": ""asphalt""}"
RAL-01,way,762756740,,amenity,parking,Point,low_value_category,"{""amenity"": ""parking"", ""parking"": ""surface"", ""surface"": ""unpaved""}"
RAL-01,way,762756742,,amenity,parking,Point,low_value_category,"{""amenity"": ""parking"", ""parking"": ""surface""}"
RAL-01,way,762756743,,amenity,parking,Point,low_value_category,"{""amenity"": ""parking"", ""parking"": ""surface""}"
RAL-01,way,762756744,,amenity,parking,Point,low_value_category,"{""amenity"": ""parking"", ""building"": ""parking"", ""layer"": ""1"", ""parking"": ""multi-storey""}"
RAL-01,way,762756746,,amenity,parking,Point,low_value_category,"{""access"": ""private"", ""amenity"": ""parking"", ""building"": ""parking"", ""parking"": ""multi-storey""}"
RAL-01,way,762759771,,amenity,parking,Point,low_value_category,"{""amenity"": ""parking"", ""parking"": ""surface"", ""surface"": ""unpaved""}"
RAL-01,way,762956734,,amenity,parking,Point,low_value_category,"{""amenity"": ""parking"", ""building"": ""parking"", ""capacity"": ""150"", ""parking"": ""multi-storey""}"
RAL-01,way,762960763,,leisure,swimming_pool,Point,unnamed_not_inherently_meaningful,"{""leisure"": ""swimming_pool""}"
RAL-01,way,763191703,,amenity,parking,Point,low_value_category,"{""access"": ""private"", ""amenity"": ""parking"", ""layer"": ""-1"", ""parking"": ""underground""}"
RAL-01,way,763282655,Convention Center Underground Deck,amenity,parking,Point,low_value_category,"{""amenity"": ""parking"", ""capacity"": ""959"", ""layer"": ""-1"", ""name"": ""Convention Center Underground Deck"", ""parking"": ""underground""}"
RAL-01,way,763282656,,amenity,parking,Point,low_value_category,"{""amenity"": ""parking"", ""parking"": ""surface""}"
RAL-01,way,763282662,,amenity,parking,Point,low_value_category,"{""amenity"": ""parking"", ""parking"": ""surface""}"
RAL-01,way,763282664,,amenity,parking,Point,low_value_category,"{""amenity"": ""parking"", ""parking"": ""surface""}"
RAL-01,way,763282665,,amenity,parking,Point,low_value_category,"{""amenity"": ""parking"", ""parking"": ""surface"", ""surface"": ""asphalt""}"
RAL-01,way,765220044,,amenity,parking,Point,low_value_category,"{""amenity"": ""parking"", ""parking"": ""surface""}"
RAL-01,way,842480121,,amenity,parking,Point,low_value_category,"{""amenity"": ""parking"", ""building"": ""parking"", ""parking"": ""multi-storey""}"
RAL-01,way,843626501,,amenity,parking,Point,low_value_category,"{""amenity"": ""parking"", ""building"": ""parking"", ""parking"": ""multi-storey""}"
RAL-01,way,843626502,,railway,rail,Point,railway_track_infrastructure,"{""railway"": ""rail"", ""service"": ""yard""}"
RAL-01,way,843626503,,railway,rail,Point,railway_track_infrastructure,"{""railway"": ""rail"", ""service"": ""yard""}"
RAL-01,way,843626504,,railway,rail,Point,railway_track_infrastructure,"{""bridge"": ""yes"", ""layer"": ""1"", ""railway"": ""rail"", ""service"": ""yard""}"
RAL-01,way,843626505,,railway,rail,Point,railway_track_infrastructure,"{""bridge"": ""yes"", ""layer"": ""1"", ""railway"": ""rail"", ""service"": ""yard""}"
RAL-01,way,843626506,Capital Yard Lead,railway,rail,Point,railway_track_infrastructure,"{""maxspeed"": ""10 mph"", ""name"": ""Capital Yard Lead"", ""operator"": ""NCDOT"", ""railway"": ""rail"", ""service"": ""yard""}"
RAL-01,way,843626507,,railway,rail,Point,railway_track_infrastructure,"{""maxspeed"": ""10 mph"", ""railway"": ""rail"", ""service"": ""yard""}"
RAL-01,way,843626508,,railway,rail,Point,railway_track_infrastructure,"{""railway"": ""rail"", ""service"": ""yard""}"
RAL-01,way,843626509,,railway,rail,Point,railway_track_infrastructure,"{""railway"": ""rail"", ""service"": ""yard""}"
RAL-01,way,873121716,H-Line,railway,rail,Point,railway_track_infrastructure,"{""gauge"": ""1435"", ""name"": ""H-Line"", ""operator"": ""Norfolk Southern Railway"", ""operator:wikidata"": ""Q1321054"", ""owner"": ""North Carolina Railroad"", ""railway"": ""rail"", ""railway:ctc"": ""yes"", ""railway:etms"": ""yes"", ""railway:ptc"": ""yes"", ""railway:track_ref"": ""2"", ""railway_milepost"": ""NC"", ""ref"": ""NCRR"", ""usage"": ""main""}"
RAL-01,way,873121717,H-Line,railway,rail,Point,railway_track_infrastructure,"{""gauge"": ""1435"", ""name"": ""H-Line"", ""operator"": ""Norfolk Southern Railway"", ""operator:wikidata"": ""Q1321054"", ""owner"": ""North Carolina Railroad"", ""railway"": ""rail"", ""railway:ctc"": ""yes"", ""railway:etms"": ""yes"", ""railway:ptc"": ""yes"", ""railway:track_ref"": ""1"", ""railway_milepost"": ""NC"", ""ref"": ""NCRR"", ""usage"": ""main""}"
RAL-01,way,873121720,H-Line,railway,rail,Point,representative_point_outside_region,"{""gauge"": ""1435"", ""name"": ""H-Line"", ""operator"": ""Norfolk Southern Railway"", ""operator:wikidata"": ""Q1321054"", ""owner"": ""North Carolina Railroad"", ""railway"": ""rail"", ""railway:ctc"": ""yes"", ""railway:etms"": ""yes"", ""railway:ptc"": ""yes"", ""railway_milepost"": ""NC"", ""ref"": ""NCRR"", ""usage"": ""main""}"
RAL-01,way,923494766,,amenity,parking,Point,low_value_category,"{""amenity"": ""parking"", ""building"": ""yes"", ""building:levels"": ""8"", ""parking"": ""multi-storey""}"
RAL-01,way,960868940,NS-Line,railway,rail,Point,railway_track_infrastructure,"{""electrified"": ""no"", ""embankment"": ""yes"", ""gauge"": ""1435"", ""name"": ""NS-Line"", ""old_railway_operator"": ""NS"", ""operator"": ""Norfolk Southern Railway"", ""operator:wikidata"": ""Q1321054"", ""railway"": ""rail"", ""usage"": ""branch""}"
RAL-01,way,960868941,NS-Line,railway,rail,Point,railway_track_infrastructure,"{""bridge"": ""yes"", ""electrified"": ""no"", ""gauge"": ""1435"", ""name"": ""NS-Line"", ""old_railway_operator"": ""NS"", ""operator"": ""Norfolk Southern Railway"", ""operator:wikidata"": ""Q1321054"", ""railway"": ""rail"", ""usage"": ""branch""}"
RAL-01,way,962688943,H-Line,railway,rail,Point,railway_track_infrastructure,"{""electrified"": ""no"", ""gauge"": ""1435"", ""maxspeed"": ""35 mph"", ""name"": ""H-Line"", ""note:old_railway_operator"": ""North Carolina Railroad"", ""old_railway_operator"": ""Southern"", ""operator"": ""Norfolk Southern Railway"", ""operator:wikidata"": ""Q1321054"", ""owner"": ""North Carolina Railroad"", ""railway"": ""rail"", ""railway:ctc"": ""yes"", ""railway:etms"": ""yes"", ""railway:ptc"": ""yes"", ""railway_milepost"": ""NC"", ""ref"": ""NCRR"", ""usage"": ""main""}"
RAL-01,way,983213236,,leisure,pitch,Point,unnamed_pitch,"{""access"": ""permissive"", ""boules"": ""petanque"", ""leisure"": ""pitch"", ""sport"": ""boules""}"
RAL-01,way,1009093395,,leisure,pitch,Point,unnamed_pitch,"{""leisure"": ""pitch"", ""sport"": ""beachvolleyball"", ""surface"": ""sand""}"
RAL-01,way,1009093408,,amenity,parking,Point,low_value_category,"{""amenity"": ""parking"", ""parking"": ""surface""}"
RAL-01,way,1009093409,,amenity,parking,Point,low_value_category,"{""amenity"": ""parking"", ""parking"": ""surface"", ""surface"": ""asphalt""}"
RAL-01,way,1009093410,,amenity,parking,Point,low_value_category,"{""amenity"": ""parking"", ""parking"": ""surface"", ""surface"": ""asphalt""}"
RAL-01,way,1009093411,,amenity,parking,Point,low_value_category,"{""amenity"": ""parking"", ""parking"": ""surface"", ""surface"": ""asphalt""}"
RAL-01,way,1009093415,,amenity,parking,Point,low_value_category,"{""amenity"": ""parking"", ""parking"": ""surface""}"
RAL-01,way,1009093417,,amenity,parking,Point,low_value_category,"{""amenity"": ""parking"", ""parking"": ""surface""}"
RAL-01,way,1009145038,,amenity,parking,Point,low_value_category,"{""amenity"": ""parking"", ""parking"": ""surface"", ""surface"": ""asphalt""}"
RAL-01,way,1009338035,,railway,rail,Point,railway_track_infrastructure,"{""railway"": ""rail""}"
RAL-01,way,1009338036,,railway,rail,Point,railway_track_infrastructure,"{""railway"": ""rail"", ""service"": ""yard""}"
RAL-01,way,1009338037,,railway,rail,Point,railway_track_infrastructure,"{""railway"": ""rail"", ""service"": ""yard""}"
RAL-01,way,1010738675,,amenity,parking,Point,low_value_category,"{""amenity"": ""parking"", ""parking"": ""surface"", ""surface"": ""asphalt""}"
RAL-01,way,1010738676,,amenity,parking,Point,low_value_category,"{""amenity"": ""parking"", ""parking"": ""surface"", ""surface"": ""concrete""}"
RAL-01,way,1011448892,,amenity,parking,Point,low_value_category,"{""amenity"": ""parking"", ""parking"": ""surface"", ""surface"": ""asphalt""}"
RAL-01,way,1011448893,,amenity,parking,Point,low_value_category,"{""amenity"": ""parking"", ""parking"": ""surface"", ""surface"": ""asphalt""}"
RAL-01,way,1011448894,,amenity,parking,Point,low_value_category,"{""amenity"": ""parking"", ""parking"": ""surface"", ""surface"": ""asphalt""}"
RAL-01,way,1011448895,,amenity,parking,Point,low_value_category,"{""amenity"": ""parking"", ""parking"": ""surface"", ""surface"": ""asphalt""}"
RAL-01,way,1011448896,,amenity,parking,Point,low_value_category,"{""amenity"": ""parking"", ""parking"": ""surface"", ""surface"": ""asphalt""}"
RAL-01,way,1013358838,,amenity,parking,Point,low_value_category,"{""amenity"": ""parking"", ""parking"": ""surface""}"
RAL-01,way,1013358839,,amenity,parking,Point,low_value_category,"{""amenity"": ""parking"", ""parking"": ""surface""}"
RAL-01,way,1013358840,,amenity,parking,Point,low_value_category,"{""amenity"": ""parking"", ""parking"": ""surface""}"
RAL-01,way,1018283001,Aberdeen Subdivision,railway,rail,Point,railway_track_infrastructure,"{""electrified"": ""no"", ""gauge"": ""1435"", ""maxspeed"": ""20 mph"", ""maxspeed:freight"": ""20 mph"", ""name"": ""Aberdeen Subdivision"", ""old_railway_operator"": ""SAL"", ""operator"": ""CSX Transportation"", ""operator:wikidata"": ""Q856783"", ""railway"": ""rail"", ""railway:ctc"": ""yes"", ""railway:etms"": ""yes"", ""railway:ptc"": ""yes"", ""railway:track_ref"": ""Main Track"", ""railway_milepost"": ""S"", ""ref"": ""AB"", ""usage"": ""branch""}"
RAL-01,way,1018283002,Aberdeen Subdivision,railway,rail,Point,railway_track_infrastructure,"{""electrified"": ""no"", ""gauge"": ""1435"", ""maxspeed"": ""20 mph"", ""maxspeed:freight"": ""20 mph"", ""name"": ""Aberdeen Subdivision"", ""old_railway_operator"": ""SAL"", ""operator"": ""CSX Transportation"", ""operator:wikidata"": ""Q856783"", ""railway"": ""rail"", ""railway:ctc"": ""yes"", ""railway:etms"": ""yes"", ""railway:ptc"": ""yes"", ""railway:track_ref"": ""Main Track"", ""railway_milepost"": ""S"", ""ref"": ""AB"", ""usage"": ""branch""}"
RAL-01,way,1022119397,,amenity,parking,Point,low_value_category,"{""amenity"": ""parking"", ""parking"": ""surface""}"
RAL-01,way,1022119398,,amenity,parking,Point,low_value_category,"{""amenity"": ""parking"", ""parking"": ""surface""}"
RAL-01,way,1022119399,,amenity,parking,Point,low_value_category,"{""amenity"": ""parking"", ""parking"": ""surface""}"
RAL-01,way,1022119400,,amenity,parking,Point,representative_point_outside_region,"{""amenity"": ""parking"", ""parking"": ""surface""}"
RAL-01,way,1063787124,,amenity,parking,Point,low_value_category,"{""amenity"": ""parking"", ""building"": ""yes"", ""parking"": ""multi-storey""}"
RAL-01,way,1069611769,,amenity,parking,Point,low_value_category,"{""amenity"": ""parking"", ""parking"": ""surface"", ""surface"": ""asphalt""}"
RAL-01,way,1069611771,,amenity,parking,Point,low_value_category,"{""amenity"": ""parking"", ""parking"": ""surface"", ""surface"": ""asphalt""}"
RAL-01,way,1069611772,,amenity,parking,Point,low_value_category,"{""amenity"": ""parking"", ""parking"": ""surface"", ""surface"": ""asphalt""}"
RAL-01,way,1069611773,,amenity,parking,Point,low_value_category,"{""amenity"": ""parking"", ""parking"": ""surface""}"
RAL-01,way,1069611774,,amenity,parking,Point,low_value_category,"{""amenity"": ""parking"", ""parking"": ""surface""}"
RAL-01,way,1069611775,,amenity,parking,Point,low_value_category,"{""amenity"": ""parking"", ""parking"": ""surface"", ""surface"": ""asphalt""}"
RAL-01,way,1069611776,,amenity,parking,Point,low_value_category,"{""amenity"": ""parking"", ""parking"": ""surface""}"
RAL-01,way,1069611777,,amenity,parking,Point,low_value_category,"{""amenity"": ""parking"", ""parking"": ""surface"", ""surface"": ""asphalt""}"
RAL-01,way,1069611778,,amenity,parking,Point,low_value_category,"{""amenity"": ""parking"", ""parking"": ""surface"", ""surface"": ""asphalt""}"
RAL-01,way,1069611781,,amenity,parking,Point,low_value_category,"{""amenity"": ""parking"", ""parking"": ""surface"", ""surface"": ""asphalt""}"
RAL-01,way,1069611782,,amenity,parking,Point,low_value_category,"{""amenity"": ""parking"", ""parking"": ""surface""}"
RAL-01,way,1069611783,,amenity,parking,Point,low_value_category,"{""amenity"": ""parking"", ""parking"": ""surface"", ""surface"": ""asphalt""}"
RAL-01,way,1069657797,,amenity,parking,Point,low_value_category,"{""amenity"": ""parking"", ""parking"": ""surface"", ""surface"": ""concrete""}"
RAL-01,way,1069657810,,amenity,parking,Point,low_value_category,"{""amenity"": ""parking"", ""parking"": ""surface"", ""surface"": ""unpaved""}"
RAL-01,way,1069657811,,amenity,parking,Point,low_value_category,"{""amenity"": ""parking"", ""parking"": ""surface"", ""surface"": ""asphalt""}"
RAL-01,way,1069657812,,amenity,parking,Point,low_value_category,"{""amenity"": ""parking"", ""parking"": ""surface"", ""surface"": ""asphalt""}"
RAL-01,way,1072162846,,amenity,parking,Point,low_value_category,"{""amenity"": ""parking"", ""parking"": ""surface""}"
RAL-01,way,1072162849,,amenity,parking,Point,low_value_category,"{""amenity"": ""parking"", ""parking"": ""surface"", ""surface"": ""asphalt""}"
RAL-01,way,1072162850,,amenity,parking,Point,low_value_category,"{""amenity"": ""parking"", ""parking"": ""surface"", ""surface"": ""asphalt""}"
RAL-01,way,1097525802,,amenity,parking,Point,low_value_category,"{""amenity"": ""parking"", ""building"": ""yes"", ""parking"": ""multi-storey""}"
RAL-01,way,1118637613,H-Line,railway,rail,Point,railway_track_infrastructure,"{""electrified"": ""no"", ""gauge"": ""1435"", ""maxspeed"": ""40 mph"", ""name"": ""H-Line"", ""note:old_railway_operator"": ""North Carolina Railroad"", ""old_railway_operator"": ""Southern"", ""operator"": ""Norfolk Southern Railway"", ""operator:wikidata"": ""Q1321054"", ""owner"": ""North Carolina Railroad"", ""railway"": ""rail"", ""railway:ctc"": ""yes"", ""railway:etms"": ""yes"", ""railway:ptc"": ""yes"", ""railway_milepost"": ""NC"", ""ref"": ""NCRR"", ""usage"": ""main""}"
RAL-01,way,1126109235,,amenity,parking,Point,low_value_category,"{""amenity"": ""parking"", ""parking"": ""surface"", ""surface"": ""asphalt""}"
RAL-01,way,1175398706,,amenity,parking,Point,low_value_category,"{""amenity"": ""parking"", ""parking"": ""surface""}"
RAL-01,way,1175398707,,amenity,parking,Point,low_value_category,"{""amenity"": ""parking"", ""parking"": ""surface""}"
RAL-01,way,1175759164,,amenity,parking,Point,low_value_category,"{""amenity"": ""parking"", ""parking"": ""multi-storey""}"
RAL-01,way,1175759165,,amenity,parking,Point,low_value_category,"{""amenity"": ""parking"", ""capacity"": ""3"", ""capacity:disabled"": ""1"", ""parking"": ""surface""}"
RAL-01,way,1175759166,,amenity,parking,Point,low_value_category,"{""amenity"": ""parking"", ""parking"": ""surface""}"
RAL-01,way,1178625413,,amenity,parking,Point,low_value_category,"{""amenity"": ""parking"", ""parking"": ""multi-storey""}"
RAL-01,way,1178625416,,amenity,parking,Point,low_value_category,"{""access"": ""yes"", ""amenity"": ""parking"", ""fee"": ""yes"", ""parking"": ""multi-storey""}"
RAL-01,way,1178625417,,amenity,parking,Point,low_value_category,"{""amenity"": ""parking"", ""parking"": ""multi-storey""}"
RAL-01,way,1178625418,,amenity,parking,Point,low_value_category,"{""amenity"": ""parking"", ""parking"": ""multi-storey""}"
RAL-01,way,1178625426,,amenity,parking,Point,low_value_category,"{""amenity"": ""parking"", ""parking"": ""multi-storey""}"
RAL-01,way,1178625427,,amenity,parking,Point,low_value_category,"{""amenity"": ""parking"", ""parking"": ""multi-storey""}"
RAL-01,way,1178625428,,amenity,parking,Point,low_value_category,"{""amenity"": ""parking"", ""parking"": ""multi-storey""}"
RAL-01,way,1178625429,,amenity,parking,Point,low_value_category,"{""amenity"": ""parking"", ""parking"": ""surface""}"
RAL-01,way,1178625430,,amenity,parking,Point,low_value_category,"{""access"": ""private"", ""amenity"": ""parking"", ""parking"": ""surface""}"
RAL-01,way,1178625431,,amenity,parking,Point,low_value_category,"{""amenity"": ""parking"", ""parking"": ""multi-storey""}"
RAL-01,way,1178625432,,amenity,parking,Point,low_value_category,"{""amenity"": ""parking"", ""parking"": ""multi-storey""}"
RAL-01,way,1178625444,,amenity,parking,Point,low_value_category,"{""amenity"": ""parking"", ""parking"": ""surface""}"
RAL-01,way,1178625445,,amenity,parking,Point,low_value_category,"{""amenity"": ""parking"", ""parking"": ""surface""}"
RAL-01,way,1204504455,,amenity,parking,Point,representative_point_outside_region,"{""amenity"": ""parking""}"
RAL-01,way,1217658860,,amenity,parking,Point,low_value_category,"{""amenity"": ""parking""}"
RAL-01,way,1217891549,,amenity,parking,Point,low_value_category,"{""amenity"": ""parking""}"
RAL-01,way,1223355170,,leisure,outdoor_seating,Point,unnamed_not_inherently_meaningful,"{""leisure"": ""outdoor_seating""}"
RAL-01,way,1239921436,,amenity,parking_space,Point,low_value_category,"{""amenity"": ""parking_space"", ""capacity"": ""2""}"
RAL-01,way,1252670295,,leisure,outdoor_seating,Point,unnamed_not_inherently_meaningful,"{""leisure"": ""outdoor_seating""}"
RAL-01,way,1256461205,,amenity,parking,Point,low_value_category,"{""access"": ""permit"", ""amenity"": ""parking"", ""capacity"": ""29"", ""fee"": ""yes"", ""surface"": ""paved""}"
RAL-01,way,1257636752,,amenity,parking,Point,low_value_category,"{""amenity"": ""parking""}"
RAL-01,way,1264146574,,amenity,parking,Point,low_value_category,"{""amenity"": ""parking"", ""orientation"": ""diagonal"", ""parking"": ""street_side""}"
RAL-01,way,1275808329,H-Line,railway,rail,Point,railway_track_infrastructure,"{""electrified"": ""no"", ""gauge"": ""1435"", ""maxspeed"": ""60 mph"", ""name"": ""H-Line"", ""note:old_railway_operator"": ""North Carolina Railroad"", ""old_railway_operator"": ""Southern"", ""operator"": ""Norfolk Southern Railway"", ""operator:wikidata"": ""Q1321054"", ""owner"": ""North Carolina Railroad"", ""railway"": ""rail"", ""railway:ctc"": ""yes"", ""railway:etms"": ""yes"", ""railway:ptc"": ""yes"", ""railway_milepost"": ""NC"", ""ref"": ""NCRR"", ""usage"": ""main""}"
RAL-01,way,1275808330,H-Line,railway,rail,Point,railway_track_infrastructure,"{""bridge"": ""yes"", ""electrified"": ""no"", ""gauge"": ""1435"", ""layer"": ""0"", ""maxspeed"": ""60 mph"", ""name"": ""H-Line"", ""note:old_railway_operator"": ""North Carolina Railroad"", ""old_railway_operator"": ""Southern"", ""operator"": ""Norfolk Southern Railway"", ""operator:wikidata"": ""Q1321054"", ""owner"": ""North Carolina Railroad"", ""railway"": ""rail"", ""railway:ctc"": ""yes"", ""railway:etms"": ""yes"", ""railway:ptc"": ""yes"", ""railway_milepost"": ""NC"", ""ref"": ""NCRR"", ""usage"": ""main""}"
RAL-01,way,1292165583,,amenity,parking,Point,low_value_category,"{""access"": ""private"", ""amenity"": ""parking"", ""building"": ""yes"", ""parking"": ""multi-storey""}"
RAL-01,way,1292169083,,amenity,parking,Point,low_value_category,"{""access"": ""private"", ""amenity"": ""parking"", ""building"": ""yes"", ""parking"": ""multi-storey""}"
RAL-01,way,1313801696,,amenity,parking,Point,low_value_category,"{""amenity"": ""parking"", ""parking"": ""surface""}"
RAL-01,way,1323034185,Aberdeen Subdivision,railway,rail,Point,railway_track_infrastructure,"{""electrified"": ""no"", ""gauge"": ""1435"", ""maxspeed"": ""20 mph"", ""maxspeed:freight"": ""20 mph"", ""name"": ""Aberdeen Subdivision"", ""old_railway_operator"": ""SAL"", ""operator"": ""CSX Transportation"", ""operator:wikidata"": ""Q856783"", ""railway"": ""rail"", ""railway:atc"": ""no"", ""railway:ctc"": ""no"", ""railway:ptc"": ""no"", ""railway:track_ref"": ""Main Track"", ""railway_milepost"": ""S"", ""ref"": ""AB"", ""usage"": ""branch""}"
RAL-01,way,1323034186,Aberdeen Subdivision,railway,rail,Point,railway_track_infrastructure,"{""electrified"": ""no"", ""gauge"": ""1435"", ""maxspeed"": ""10 mph"", ""maxspeed:freight"": ""10 mph"", ""name"": ""Aberdeen Subdivision"", ""old_railway_operator"": ""SAL"", ""operator"": ""CSX Transportation"", ""operator:wikidata"": ""Q856783"", ""railway"": ""rail"", ""railway:atc"": ""no"", ""railway:ctc"": ""no"", ""railway:ptc"": ""no"", ""railway:track_ref"": ""Main Track"", ""railway_milepost"": ""S"", ""ref"": ""AB"", ""tiger:cfcc"": ""B11"", ""tiger:county"": ""Wake, NC"", ""tiger:name_base"": ""Seaboard Coast Line Railroad"", ""usage"": ""branch""}"
RAL-01,way,1421285988,,amenity,parking,Point,low_value_category,"{""access"": ""private"", ""amenity"": ""parking"", ""building"": ""yes"", ""parking"": ""multi-storey""}"
RAL-01,way,1421285991,,leisure,swimming_pool,Point,unnamed_not_inherently_meaningful,"{""access"": ""private"", ""leisure"": ""swimming_pool"", ""location"": ""roof""}"
RAL-01,way,1490370671,,leisure,swimming_pool,Point,unnamed_not_inherently_meaningful,"{""access"": ""private"", ""leisure"": ""swimming_pool""}"
RAL-01,way,1551388742,,amenity,parking,Point,low_value_category,"{""access"": ""customers"", ""amenity"": ""parking"", ""fee"": ""no"", ""parking"": ""surface""}"
RAL-01,way,1551388743,,amenity,parking,Point,low_value_category,"{""access"": ""customers"", ""amenity"": ""parking"", ""fee"": ""no"", ""parking"": ""surface""}"
RAL-01,way,1551388753,,amenity,parking,Point,low_value_category,"{""amenity"": ""parking""}"
RAL-01,way,1551388768,,amenity,parking,Point,low_value_category,"{""amenity"": ""parking""}"
RAL-01,way,1552537713,,tourism,viewpoint,Point,unnamed_not_inherently_meaningful,"{""tourism"": ""viewpoint""}"
RAL-01,relation,4154181,,amenity,parking,Point,low_value_category,"{""amenity"": ""parking"", ""parking"": ""surface"", ""surface"": ""asphalt"", ""type"": ""multipolygon""}"
RAL-01,relation,4154182,,amenity,parking,Point,low_value_category,"{""amenity"": ""parking"", ""building"": ""parking"", ""building:levels"": ""4"", ""building:part"": ""yes"", ""parking"": ""multi-storey"", ""type"": ""multipolygon""}"
RAL-01,relation,6776159,Person Pointe Condominiums,amenity,parking,Point,low_value_category,"{""access"": ""private"", ""access:resident"": ""yes"", ""amenity"": ""parking"", ""operator"": ""Person Pointe Condominiums"", ""parking"": ""surface"", ""site"": ""parking"", ""surface"": ""asphalt"", ""type"": ""site""}"
RAL-02,node,195468802,,railway,railway_crossing,Point,representative_point_outside_region,"{""railway"": ""railway_crossing""}"
RAL-02,node,195742271,,railway,signal,Point,representative_point_outside_region,"{""railway"": ""signal"", ""railway:signal:direction"": ""forward""}"
RAL-02,node,357769061,Boylan Heights School,amenity,school,Point,representative_point_outside_region,"{""amenity"": ""school"", ""ele"": ""99"", ""gnis:feature_id"": ""981795"", ""name"": ""Boylan Heights School""}"
RAL-02,node,1156429204,,amenity,bicycle_parking,Point,representative_point_outside_region,"{""amenity"": ""bicycle_parking""}"
RAL-02,node,1172629812,,railway,switch,Point,representative_point_outside_region,"{""railway"": ""switch""}"
RAL-02,node,1172629868,,railway,railway_crossing,Point,representative_point_outside_region,"{""railway"": ""railway_crossing""}"
RAL-02,node,1172630182,,railway,switch,Point,representative_point_outside_region,"{""railway"": ""switch""}"
RAL-02,node,1172630405,,railway,railway_crossing,Point,representative_point_outside_region,"{""railway"": ""railway_crossing""}"
RAL-02,node,1236250447,,railway,level_crossing,Point,representative_point_outside_region,"{""crossing:barrier"": ""no"", ""railway"": ""level_crossing""}"
RAL-02,node,1877261917,United States Postal Service,amenity,post_box,Point,representative_point_outside_region,"{""addr:city"": ""Raleigh"", ""addr:housenumber"": ""236"", ""addr:postcode"": ""27603"", ""addr:state"": ""NC"", ""addr:street"": ""S Boylan Ave"", ""amenity"": ""post_box"", ""collection_times"": ""Mo-Fr 11:30; Sa 10:00"", ""operator"": ""United States Postal Service"", ""operator:short"": ""USPS"", ""operator:type"": ""public"", ""operator:website"": ""https://www.usps.com"", ""operator:wikidata"": ""Q668687"", ""operator:wikipedia"": ""en:United States Postal Service"", ""short_name"": ""USPS""}"
RAL-02,node,4100383254,,railway,signal,Point,representative_point_outside_region,"{""railway"": ""signal"", ""railway:signal:direction"": ""forward"", ""railway:signal:position"": ""overhead""}"
RAL-02,node,4100383255,,railway,signal,Point,representative_point_outside_region,"{""railway"": ""signal"", ""railway:signal:direction"": ""forward"", ""railway:signal:position"": ""overhead""}"
RAL-02,node,5653278642,Toxic Customs,shop,car_repair,Point,representative_point_outside_region,"{""addr:city"": ""Raleigh"", ""addr:housenumber"": ""1230"", ""addr:postcode"": ""27603"", ""addr:state"": ""NC"", ""addr:street"": ""South Saunders Street"", ""name"": ""Toxic Customs"", ""shop"": ""car_repair"", ""website"": ""https://toxiccustoms.com/""}"
RAL-02,node,5760381222,,railway,signal,Point,representative_point_outside_region,"{""railway"": ""signal"", ""railway:signal:direction"": ""forward""}"
RAL-02,node,5760381223,,railway,switch,Point,representative_point_outside_region,"{""railway"": ""switch""}"
RAL-02,node,5760381224,,railway,signal,Point,representative_point_outside_region,"{""railway"": ""signal"", ""railway:signal:direction"": ""forward""}"
RAL-02,node,6502766737,Western Boulevard & Ashe Avenue,public_transport,platform,Point,representative_point_outside_region,"{""bench"": ""yes"", ""bin"": ""yes"", ""bus"": ""yes"", ""highway"": ""bus_stop"", ""name"": ""Western Boulevard & Ashe Avenue"", ""network"": ""GoRaleigh;GoTriangle"", ""operator"": ""GoRaleigh;GoTriangle"", ""passenger_information_display"": ""no"", ""public_transport"": ""platform"", ""ref"": ""8568"", ""shelter"": ""yes""}"
RAL-02,node,6502766738,Western Boulevard & Ashe Avenue,public_transport,platform,Point,representative_point_outside_region,"{""bench"": ""yes"", ""bin"": ""yes"", ""bus"": ""yes"", ""highway"": ""bus_stop"", ""lit"": ""no"", ""name"": ""Western Boulevard & Ashe Avenue"", ""network"": ""GoRaleigh;GoTriangle"", ""operator"": ""GoRaleigh;GoTriangle"", ""passenger_information_display"": ""no"", ""public_transport"": ""platform"", ""ref"": ""8524"", ""shelter"": ""no""}"
RAL-02,node,6502766739,Western Blvd at Hunt Dr (Governor Morehead School),public_transport,platform,Point,representative_point_outside_region,"{""bench"": ""no"", ""bin"": ""no"", ""bus"": ""yes"", ""departures_board"": ""no"", ""highway"": ""bus_stop"", ""name"": ""Western Blvd at Hunt Dr (Governor Morehead School)"", ""network"": ""GoRaleigh;GoTriangle"", ""operator"": ""GoRaleigh"", ""public_transport"": ""platform"", ""ref"": ""8523"", ""shelter"": ""no""}"
RAL-02,node,6502777512,Western Blvd at Hunt Dr (EB),public_transport,platform,Point,representative_point_outside_region,"{""bench"": ""no"", ""bin"": ""no"", ""bus"": ""yes"", ""departures_board"": ""no"", ""highway"": ""bus_stop"", ""name"": ""Western Blvd at Hunt Dr (EB)"", ""network"": ""GoRaleigh;GoTriangle"", ""operator"": ""GoRaleigh"", ""public_transport"": ""platform"", ""ref"": ""8569"", ""shelter"": ""no""}"
RAL-02,node,6502777514,Western Boulevard & Boylan Avenue,public_transport,platform,Point,representative_point_outside_region,"{""bench"": ""no"", ""bin"": ""no"", ""bus"": ""yes"", ""highway"": ""bus_stop"", ""name"": ""Western Boulevard & Boylan Avenue"", ""network"": ""GoTriangle"", ""network:wikidata"": ""Q7840091"", ""network:wikipedia"": ""en:GoTriangle"", ""operator"": ""GoTriangle"", ""passenger_information_display"": ""no"", ""public_transport"": ""platform"", ""ref"": ""1299"", ""shelter"": ""no""}"
RAL-02,node,6502777515,Western Boulevard & Boylan Avenue,public_transport,platform,Point,representative_point_outside_region,"{""bench"": ""no"", ""bin"": ""no"", ""bus"": ""yes"", ""highway"": ""bus_stop"", ""name"": ""Western Boulevard & Boylan Avenue"", ""network"": ""GoTriangle"", ""network:wikidata"": ""Q7840091"", ""network:wikipedia"": ""en:GoTriangle"", ""operator"": ""GoTriangle"", ""passenger_information_display"": ""no"", ""public_transport"": ""platform"", ""ref"": ""1281"", ""shelter"": ""no"", ""tactile_paving"": ""no""}"
RAL-02,node,6507403838,Lake Wheeler Rd at Goode St,public_transport,platform,Point,representative_point_outside_region,"{""bench"": ""yes"", ""bin"": ""yes"", ""bus"": ""yes"", ""highway"": ""bus_stop"", ""lit"": ""yes"", ""name"": ""Lake Wheeler Rd at Goode St"", ""network"": ""GoRaleigh"", ""network:wikidata"": ""Q5035469"", ""network:wikipedia"": ""en:GoRaleigh"", ""public_transport"": ""platform"", ""ref"": ""8835"", ""shelter"": ""yes"", ""tactile_paving"": ""no""}"
RAL-02,node,6507404644,South Saunders Street & Prospect Avenue,public_transport,platform,Point,representative_point_outside_region,"{""bench"": ""yes"", ""bin"": ""yes"", ""bus"": ""yes"", ""highway"": ""bus_stop"", ""lit"": ""no"", ""name"": ""South Saunders Street & Prospect Avenue"", ""network"": ""GoRaleigh"", ""network:wikidata"": ""Q5035469"", ""network:wikipedia"": ""en:GoRaleigh"", ""operator"": ""GoRaleigh"", ""passenger_information_display"": ""no"", ""public_transport"": ""platform"", ""ref"": ""8398"", ""shelter"": ""no"", ""tactile_paving"": ""no""}"
RAL-02,node,6510040495,Western Blvd at Hunt Dr (WB),public_transport,platform,Point,representative_point_outside_region,"{""bench"": ""no"", ""bin"": ""no"", ""bus"": ""yes"", ""highway"": ""bus_stop"", ""name"": ""Western Blvd at Hunt Dr (WB)"", ""network"": ""GoRaleigh;GoTriangle"", ""public_transport"": ""platform"", ""ref"": ""9809"", ""shelter"": ""no""}"
RAL-02,node,6510040608,Lake Wheeler Rd at Grissom St,public_transport,platform,Point,representative_point_outside_region,"{""bench"": ""yes"", ""bus"": ""yes"", ""highway"": ""bus_stop"", ""lit"": ""no"", ""name"": ""Lake Wheeler Rd at Grissom St"", ""network"": ""GoRaleigh"", ""network:wikidata"": ""Q5035469"", ""network:wikipedia"": ""en:GoRaleigh"", ""public_transport"": ""platform"", ""ref"": ""9239"", ""shelter"": ""no"", ""tactile_paving"": ""no""}"
RAL-02,node,6510040695,S Boylan Ave at W Lenoir St,public_transport,platform,Point,representative_point_outside_region,"{""bench"": ""no"", ""bin"": ""no"", ""bus"": ""yes"", ""highway"": ""bus_stop"", ""mapillary"": ""286824003061573"", ""name"": ""S Boylan Ave at W Lenoir St"", ""network"": ""GoRaleigh"", ""network:wikidata"": ""Q5035469"", ""network:wikipedia"": ""en:GoRaleigh"", ""public_transport"": ""platform"", ""ref"": ""9808"", ""shelter"": ""no"", ""survey:date"": ""2019-01-27""}"
RAL-02,node,6510040710,Lake Wheeler Rd at Daladams St,public_transport,platform,Point,representative_point_outside_region,"{""bench"": ""no"", ""bus"": ""yes"", ""check_date:shelter"": ""2021-06-27"", ""highway"": ""bus_stop"", ""lit"": ""no"", ""name"": ""Lake Wheeler Rd at Daladams St"", ""network"": ""GoRaleigh"", ""network:wikidata"": ""Q5035469"", ""network:wikipedia"": ""en:GoRaleigh"", ""public_transport"": ""platform"", ""ref"": ""8836"", ""shelter"": ""no"", ""tactile_paving"": ""no""}"
RAL-02,node,6510040712,Lake Wheeler Rd at Fuller St,public_transport,platform,Point,representative_point_outside_region,"{""bench"": ""yes"", ""bin"": ""yes"", ""bus"": ""yes"", ""highway"": ""bus_stop"", ""lit"": ""no"", ""mapillary"": ""2773081499670983"", ""name"": ""Lake Wheeler Rd at Fuller St"", ""network"": ""GoRaleigh"", ""network:wikidata"": ""Q5035469"", ""network:wikipedia"": ""en:GoRaleigh"", ""public_transport"": ""platform"", ""ref"": ""8837"", ""shelter"": ""no"", ""survey:date"": ""2019-01-20"", ""tactile_paving"": ""no""}"
RAL-02,node,6510040770,W Lenoir St at S Saunders St,public_transport,platform,Point,representative_point_outside_region,"{""bench"": ""no"", ""bin"": ""no"", ""bus"": ""yes"", ""highway"": ""bus_stop"", ""mapillary"": ""910799536135957"", ""name"": ""W Lenoir St at S Saunders St"", ""network"": ""GoRaleigh"", ""network:wikidata"": ""Q5035469"", ""network:wikipedia"": ""en:GoRaleigh"", ""public_transport"": ""platform"", ""ref"": ""9601"", ""shelter"": ""no"", ""survey:date"": ""2020-10-24""}"
RAL-02,node,6510040777,S Boylan Ave at Dorothea Dr (Outbound),public_transport,platform,Point,representative_point_outside_region,"{""bench"": ""no"", ""bin"": ""no"", ""bus"": ""yes"", ""highway"": ""bus_stop"", ""name"": ""S Boylan Ave at Dorothea Dr (Outbound)"", ""network"": ""GoRaleigh"", ""network:wikidata"": ""Q5035469"", ""network:wikipedia"": ""en:GoRaleigh"", ""public_transport"": ""platform"", ""ref"": ""9600"", ""shelter"": ""no""}"
RAL-02,node,6510040795,South St at Florence St,public_transport,platform,Point,representative_point_outside_region,"{""bench"": ""no"", ""bin"": ""yes"", ""bus"": ""yes"", ""highway"": ""bus_stop"", ""mapillary"": ""914665889321260"", ""name"": ""South St at Florence St"", ""network"": ""GoRaleigh"", ""network:wikidata"": ""Q5035469"", ""network:wikipedia"": ""en:GoRaleigh"", ""public_transport"": ""platform"", ""ref"": ""8570"", ""shelter"": ""no"", ""survey:date"": ""2019-01-27""}"
RAL-02,node,6510040800,S Boylan Ave at Dorothea Dr (Inbound),public_transport,platform,Point,representative_point_outside_region,"{""bench"": ""no"", ""bin"": ""no"", ""bus"": ""yes"", ""highway"": ""bus_stop"", ""mapillary"": ""535603034489530"", ""name"": ""S Boylan Ave at Dorothea Dr (Inbound)"", ""network"": ""GoRaleigh"", ""network:wikidata"": ""Q5035469"", ""network:wikipedia"": ""en:GoRaleigh"", ""public_transport"": ""platform"", ""ref"": ""8559"", ""shelter"": ""no"", ""survey:date"": ""2019-06-01""}"
RAL-02,node,6573312267,,amenity,bicycle_parking,Point,representative_point_outside_region,"{""amenity"": ""bicycle_parking"", ""bicycle_parking"": ""rack""}"
RAL-02,node,6738684892,Tobacco Road Harley-Davidson,shop,motorcycle,Point,representative_point_outside_region,"{""addr:city"": ""Raleigh"", ""addr:housenumber"": ""1126"", ""addr:postcode"": ""27603"", ""addr:state"": ""NC"", ""addr:street"": ""South Saunders Street"", ""air_conditioning"": ""yes"", ""brand"": ""Harley-Davidson"", ""brand:wikidata"": ""Q192814"", ""name"": ""Tobacco Road Harley-Davidson"", ""opening_hours"": ""Mo-Fr 09:00-18:00; Sa 09:00-17:00; Su 12:00-16:00"", ""parts"": ""brand"", ""payment:cash"": ""yes"", ""payment:credit_cards"": ""yes"", ""phone"": ""+1 919 832 2261"", ""shop"": ""motorcycle"", ""website"": ""https://www.tobaccoroadhd.com""}"
RAL-02,node,6738686462,Triumph Raleigh,shop,motorcycle,Point,representative_point_outside_region,"{""addr:city"": ""Raleigh"", ""addr:housenumber"": ""1126"", ""addr:postcode"": ""27603"", ""addr:state"": ""NC"", ""addr:street"": ""South Saunders Street"", ""air_conditioning"": ""yes"", ""brand"": ""Triumph"", ""brand:wikidata"": ""Q1140383"", ""name"": ""Triumph Raleigh"", ""opening_hours"": ""Mo-Fr 09:00-18:00; Sa 09:00-17:00; Su 12:00-16:00"", ""payment:cash"": ""yes"", ""payment:credit_cards"": ""yes"", ""phone"": ""+1-919-832-2261"", ""shop"": ""motorcycle""}"
RAL-02,node,6738711976,"Murray's Tire & Auto, Inc",shop,tyres,Point,representative_point_outside_region,"{""addr:city"": ""Raleigh"", ""addr:housenumber"": ""1202"", ""addr:postcode"": ""27603"", ""addr:state"": ""NC"", ""addr:street"": ""South Saunders Street"", ""check_date"": ""2024-10-07"", ""internet_access"": ""wlan"", ""internet_access:fee"": ""customers"", ""name"": ""Murray's Tire & Auto, Inc"", ""opening_hours"": ""Mo-Fr 08:00-18:00; Sa 08:00-17:00"", ""payment:cash"": ""yes"", ""payment:credit_cards"": ""yes"", ""payment:debit_cards"": ""yes"", ""phone"": ""+1-919-821-0573"", ""shop"": ""tyres"", ""wheelchair"": ""limited""}"
RAL-02,node,7637260749,Harley-Davidson,shop,motorcycle_repair,Point,representative_point_outside_region,"{""brand"": ""Harley-Davidson"", ""brand:wikidata"": ""Q192814"", ""name"": ""Harley-Davidson"", ""phone"": ""+1 919-750-0970"", ""shop"": ""motorcycle_repair"", ""website"": ""https://www.tobaccoroadhd.com/service/""}"
RAL-02,node,7637260750,Triumph Raleigh Service,shop,motorcycle_repair,Point,representative_point_outside_region,"{""name"": ""Triumph Raleigh Service"", ""phone"": ""+1-919-832-2261"", ""shop"": ""motorcycle_repair"", ""website"": ""https://www.triumphraleigh.com/we-repair-your-motorcycle--service""}"
RAL-02,node,7696242816,,railway,railway_crossing,Point,representative_point_outside_region,"{""railway"": ""railway_crossing""}"
RAL-02,node,7696242817,,railway,switch,Point,representative_point_outside_region,"{""railway"": ""switch""}"
RAL-02,node,8412019819,Rebus Works and pH seven,shop,art,Point,representative_point_outside_region,"{""name"": ""Rebus Works and pH seven"", ""opening_hours"": ""Mo-We 08:00-15:00; Th-Sa 08:00-19:00; Su 10:00-15:00"", ""shop"": ""art""}"
RAL-02,node,8412038451,Raleigh Embroidery,shop,craft,Point,representative_point_outside_region,"{""name"": ""Raleigh Embroidery"", ""shop"": ""craft""}"
RAL-02,node,9398111456,Western Boulevard & Boylan Avenue,public_transport,stop_position,Point,representative_point_outside_region,"{""bus"": ""yes"", ""name"": ""Western Boulevard & Boylan Avenue"", ""network"": ""GoTriangle"", ""operator"": ""GoTriangle"", ""public_transport"": ""stop_position"", ""ref"": ""1281""}"
RAL-02,node,9398111457,Western Boulevard & Boylan Avenue,public_transport,stop_position,Point,representative_point_outside_region,"{""bus"": ""yes"", ""name"": ""Western Boulevard & Boylan Avenue"", ""network"": ""GoTriangle"", ""operator"": ""GoTriangle"", ""public_transport"": ""stop_position"", ""ref"": ""1299""}"
RAL-02,node,9398111458,Western Boulevard & Ashe Avenue,public_transport,stop_position,Point,representative_point_outside_region,"{""bus"": ""yes"", ""name"": ""Western Boulevard & Ashe Avenue"", ""network"": ""GoRaleigh;GoTriangle"", ""operator"": ""GoRaleigh;GoTriangle"", ""public_transport"": ""stop_position"", ""ref"": ""8568""}"
RAL-02,node,9398111459,Western Boulevard & Ashe Avenue,public_transport,stop_position,Point,representative_point_outside_region,"{""bus"": ""yes"", ""name"": ""Western Boulevard & Ashe Avenue"", ""network"": ""GoRaleigh"", ""operator"": ""GoRaleigh"", ""public_transport"": ""stop_position"", ""ref"": ""8524""}"
RAL-02,node,9398252613,South Saunders Street & Prospect Avenue,public_transport,stop_position,Point,representative_point_outside_region,"{""bus"": ""yes"", ""name"": ""South Saunders Street & Prospect Avenue"", ""network"": ""GoRaleigh"", ""operator"": ""GoRaleigh"", ""public_transport"": ""stop_position"", ""ref"": ""8398""}"
RAL-02,node,10040092139,Nancy Jo's Homemade of Raleigh,shop,pastry,Point,representative_point_outside_region,"{""addr:city"": ""Raleigh"", ""addr:housenumber"": ""1209"", ""addr:postcode"": ""27603"", ""addr:state"": ""NC"", ""addr:street"": ""Agricultural Street"", ""name"": ""Nancy Jo's Homemade of Raleigh"", ""opening_hours"": ""We-Mo 09:00-17:00"", ""phone"": ""+19842000437"", ""shop"": ""pastry""}"
RAL-02,node,10040092140,Earth Family Organics,shop,farm,Point,representative_point_outside_region,"{""addr:city"": ""Raleigh"", ""addr:housenumber"": ""1109"", ""addr:postcode"": ""27603"", ""addr:state"": ""NC"", ""addr:street"": ""Agricultural Street"", ""name"": ""Earth Family Organics"", ""phone"": ""+19198337559"", ""shop"": ""farm""}"
RAL-02,node,10040092141,"Fords Produce Company, Inc.",shop,farm,Point,representative_point_outside_region,"{""addr:city"": ""Raleigh"", ""addr:housenumber"": ""1109"", ""addr:postcode"": ""27695"", ""addr:state"": ""NC"", ""addr:street"": ""Agriculture Street"", ""name"": ""Fords Produce Company, Inc."", ""phone"": ""+18008213673"", ""shop"": ""farm""}"
RAL-02,node,10040092142,Alvarado & sons produce,shop,farm,Point,representative_point_outside_region,"{""addr:city"": ""Raleigh"", ""addr:housenumber"": ""1225"", ""addr:postcode"": ""27603"", ""addr:state"": ""NC"", ""addr:street"": ""Farmers Market Drive"", ""name"": ""Alvarado & sons produce"", ""phone"": ""+19196026480"", ""shop"": ""farm""}"
RAL-02,node,10040092143,Jones Fruit & Produce,shop,farm,Point,representative_point_outside_region,"{""addr:city"": ""Raleigh"", ""addr:housenumber"": ""1225"", ""addr:postcode"": ""27603"", ""addr:state"": ""NC"", ""addr:street"": ""Farmers Market Drive"", ""name"": ""Jones Fruit & Produce"", ""phone"": ""+19198349122"", ""shop"": ""farm""}"
RAL-02,node,10116967594,,amenity,waste_basket,Point,low_value_category,"{""amenity"": ""waste_basket""}"
RAL-02,node,10601893466,,amenity,bicycle_parking,Point,representative_point_outside_region,"{""amenity"": ""bicycle_parking"", ""bicycle_parking"": ""stands"", ""capacity"": ""4"", ""covered"": ""no""}"
RAL-02,node,11045427405,Boulted Bread,shop,bakery,Point,representative_point_outside_region,"{""addr:housenumber"": ""328"", ""addr:postcode"": ""27603"", ""addr:street"": ""Dupont Circle"", ""air_conditioning"": ""yes"", ""name"": ""Boulted Bread"", ""opening_hours"": ""We-Fr 07:00-16:00; Sa-Su 08:00-16:00; Mo-Tu off"", ""payment:cash"": ""yes"", ""payment:contactless"": ""yes"", ""payment:credit_cards"": ""yes"", ""shop"": ""bakery"", ""website"": ""https://boultedbread.com/""}"
RAL-02,node,11061707678,,amenity,parking,Point,representative_point_outside_region,"{""amenity"": ""parking""}"
RAL-02,node,11092335076,,amenity,shelter,Point,low_value_category,"{""amenity"": ""shelter"", ""shelter_type"": ""picnic_shelter""}"
RAL-02,node,11092511813,PowerCharge,amenity,charging_station,Point,low_value_category,"{""amenity"": ""charging_station"", ""brand"": ""PowerCharge"", ""capacity"": ""2"", ""covered"": ""no"", ""operator"": ""EV Connect""}"
RAL-02,node,11298465195,,amenity,bicycle_parking,Point,representative_point_outside_region,"{""amenity"": ""bicycle_parking"", ""bicycle_parking"": ""stands"", ""capacity"": ""6"", ""covered"": ""no"", ""fee"": ""no""}"
RAL-02,node,11298465198,,amenity,bicycle_parking,Point,representative_point_outside_region,"{""amenity"": ""bicycle_parking"", ""bicycle_parking"": ""rack"", ""capacity"": ""20"", ""covered"": ""no"", ""fee"": ""no""}"
RAL-02,node,11680855211,Reliable Collision and Painting,shop,car_repair,Point,representative_point_outside_region,"{""name"": ""Reliable Collision and Painting"", ""shop"": ""car_repair""}"
RAL-02,node,11680855212,Motor Electric Repair Service,shop,car_repair,Point,representative_point_outside_region,"{""name"": ""Motor Electric Repair Service"", ""shop"": ""car_repair""}"
RAL-02,node,12018688069,Magnolia Room Picnic Shelter,amenity,shelter,Point,low_value_category,"{""amenity"": ""shelter"", ""name"": ""Magnolia Room Picnic Shelter""}"
RAL-02,node,12242532064,BOYLAN,railway,signal_box,Point,representative_point_outside_region,"{""location"": ""outdoor"", ""name"": ""BOYLAN"", ""operator"": ""Norfolk Southern Railway"", ""railway"": ""signal_box"", ""railway:position"": ""mi:80.8"", ""railway:ref"": ""BOYLAN"", ""railway:signal_box"": ""yes"", ""railway_milepost"": ""NC""}"
RAL-02,node,13057025697,,amenity,bicycle_parking,Point,low_value_category,"{""amenity"": ""bicycle_parking""}"
RAL-02,node,13057025698,,amenity,bicycle_parking,Point,low_value_category,"{""amenity"": ""bicycle_parking""}"
RAL-02,node,13057036553,,amenity,bicycle_rental,Point,unnamed_not_inherently_meaningful,"{""amenity"": ""bicycle_rental""}"
RAL-02,node,13197511935,,amenity,toilets,Point,low_value_category,"{""amenity"": ""toilets""}"
RAL-02,node,13252685394,,tourism,artwork,Point,unnamed_not_inherently_meaningful,"{""artwork_type"": ""sculpture"", ""material"": ""metal"", ""tourism"": ""artwork""}"
RAL-02,node,13252685395,,tourism,artwork,Point,unnamed_not_inherently_meaningful,"{""artwork_type"": ""sculpture"", ""material"": ""metal"", ""tourism"": ""artwork""}"
RAL-02,node,13376129843,,amenity,shelter,Point,low_value_category,"{""amenity"": ""shelter"", ""shelter_type"": ""gazebo""}"
RAL-02,node,13376150908,,amenity,drinking_water,Point,low_value_category,"{""amenity"": ""drinking_water"", ""fountain"": ""bubbler""}"
RAL-02,node,13376150909,,amenity,bicycle_parking,Point,low_value_category,"{""amenity"": ""bicycle_parking"", ""covered"": ""no""}"
RAL-02,node,13376182641,,leisure,picnic_table,Point,low_value_category,"{""bench"": ""yes"", ""covered"": ""no"", ""leisure"": ""picnic_table"", ""lit"": ""no"", ""material"": ""wood""}"
RAL-02,node,13376186273,,leisure,picnic_table,Point,low_value_category,"{""bench"": ""yes"", ""leisure"": ""picnic_table"", ""lit"": ""no"", ""material"": ""wood""}"
RAL-02,node,13376186789,,amenity,bench,Point,low_value_category,"{""amenity"": ""bench"", ""armrest"": ""no"", ""backrest"": ""yes"", ""material"": ""wood""}"
RAL-02,node,13376186790,,amenity,bench,Point,low_value_category,"{""amenity"": ""bench"", ""armrest"": ""no"", ""backrest"": ""yes"", ""material"": ""wood""}"
RAL-02,node,13376186791,,amenity,bbq,Point,unnamed_not_inherently_meaningful,"{""amenity"": ""bbq"", ""covered"": ""no""}"
RAL-02,node,13376186792,,amenity,bench,Point,low_value_category,"{""amenity"": ""bench"", ""armrest"": ""no"", ""backrest"": ""yes"", ""material"": ""wood""}"
RAL-02,node,13376186793,,amenity,drinking_water,Point,low_value_category,"{""amenity"": ""drinking_water""}"
RAL-02,node,13376218671,,amenity,shelter,Point,low_value_category,"{""amenity"": ""shelter"", ""bench"": ""yes"", ""shelter_type"": ""gazebo""}"
RAL-02,node,13376218672,,leisure,picnic_table,Point,low_value_category,"{""bench"": ""yes"", ""leisure"": ""picnic_table"", ""lit"": ""no"", ""material"": ""concrete""}"
RAL-02,node,13376218674,,leisure,picnic_table,Point,low_value_category,"{""bench"": ""yes"", ""leisure"": ""picnic_table"", ""lit"": ""no"", ""material"": ""concrete""}"
RAL-02,node,13376218675,,leisure,picnic_table,Point,low_value_category,"{""bench"": ""yes"", ""leisure"": ""picnic_table"", ""lit"": ""no"", ""material"": ""wood""}"
RAL-02,node,13376218994,,amenity,drinking_water,Point,low_value_category,"{""amenity"": ""drinking_water""}"
RAL-02,node,13376218995,,amenity,bench,Point,low_value_category,"{""amenity"": ""bench"", ""armrest"": ""no"", ""backrest"": ""no"", ""material"": ""wood""}"
RAL-02,node,13376218996,,amenity,bench,Point,low_value_category,"{""amenity"": ""bench"", ""armrest"": ""no"", ""backrest"": ""no"", ""material"": ""wood""}"
RAL-02,node,13376247839,,amenity,shelter,Point,low_value_category,"{""amenity"": ""shelter"", ""shelter_type"": ""gazebo""}"
RAL-02,node,13376276535,,amenity,bench,Point,low_value_category,"{""amenity"": ""bench"", ""armrest"": ""no"", ""backrest"": ""yes"", ""material"": ""wood""}"
RAL-02,node,13376276536,,amenity,shelter,Point,low_value_category,"{""amenity"": ""shelter"", ""bench"": ""yes"", ""shelter_type"": ""gazebo""}"
RAL-02,node,13376276537,,amenity,shelter,Point,low_value_category,"{""amenity"": ""shelter"", ""bench"": ""yes"", ""shelter_type"": ""gazebo""}"
RAL-02,node,13376276663,,leisure,playground,Point,unnamed_not_inherently_meaningful,"{""leisure"": ""playground""}"
RAL-02,node,13376299175,,amenity,shelter,Point,low_value_category,"{""amenity"": ""shelter"", ""bench"": ""yes"", ""shelter_type"": ""gazebo""}"
RAL-02,node,13376301178,,amenity,drinking_water,Point,low_value_category,"{""amenity"": ""drinking_water""}"
RAL-02,node,13376307907,,amenity,drinking_water,Point,low_value_category,"{""amenity"": ""drinking_water""}"
RAL-02,node,13376312154,,amenity,bench,Point,low_value_category,"{""amenity"": ""bench"", ""armrest"": ""yes"", ""backrest"": ""yes"", ""material"": ""wood""}"
RAL-02,node,13376314073,,amenity,bench,Point,low_value_category,"{""amenity"": ""bench"", ""armrest"": ""yes"", ""backrest"": ""yes"", ""material"": ""wood""}"
RAL-02,node,13376314676,,amenity,toilets,Point,low_value_category,"{""access"": ""yes"", ""addr:housenumber"": ""715"", ""addr:street"": ""Biggs Drive"", ""amenity"": ""toilets"", ""changing_table"": ""yes"", ""check_date"": ""2025-12-14"", ""toilets:disposal"": ""flush"", ""wheelchair"": ""yes""}"
RAL-02,node,13376339202,,amenity,drinking_water,Point,low_value_category,"{""amenity"": ""drinking_water""}"
RAL-02,node,13376341238,,amenity,bench,Point,low_value_category,"{""amenity"": ""bench"", ""armrest"": ""yes"", ""backrest"": ""yes"", ""material"": ""wood""}"
RAL-02,node,13474668908,Reliable Collision & Painting,shop,car_repair,Point,representative_point_outside_region,"{""addr:city"": ""Raleigh"", ""addr:housenumber"": ""1224"", ""addr:postcode"": ""27603"", ""addr:state"": ""NC"", ""addr:street"": ""South Saunders Street"", ""check_date"": ""2026-01-21"", ""name"": ""Reliable Collision & Painting"", ""opening_hours"": ""Mo-Fr 08:00-17:30"", ""phone"": ""+19198348216"", ""shop"": ""car_repair"", ""website"": ""https://www.autobodyrepairraleigh.com/""}"
RAL-02,node,13484966804,Peak Metal Products,craft,roofer,Point,representative_point_outside_region,"{""addr:city"": ""Raleigh"", ""addr:housenumber"": ""1515"", ""addr:postcode"": ""27603"", ""addr:state"": ""NC"", ""addr:street"": ""Lake Wheeler Road"", ""check_date"": ""2026-01-25"", ""craft"": ""roofer"", ""name"": ""Peak Metal Products"", ""opening_hours"": ""Mo-Fr 09:00-17:00"", ""phone"": ""+19192562270"", ""website"": ""http://www.peakmetal.com/""}"
RAL-02,node,13484966805,Barnett's Suzuki Ducati,shop,car,Point,representative_point_outside_region,"{""addr:city"": ""Raleigh"", ""addr:housenumber"": ""1509"", ""addr:postcode"": ""27603"", ""addr:state"": ""NC"", ""addr:street"": ""Lake Wheeler Road"", ""check_date"": ""2026-01-25"", ""name"": ""Barnett's Suzuki Ducati"", ""opening_hours"": ""Mo-Fr 09:30-18:00; Sa 09:00-15:00"", ""phone"": ""+19198335575"", ""second_hand"": ""yes"", ""shop"": ""car"", ""website"": ""http://barnettsuzuki.com/""}"
RAL-02,node,13484966806,Raleigh Pro,shop,car_repair,Point,representative_point_outside_region,"{""addr:city"": ""Raleigh"", ""addr:housenumber"": ""613"", ""addr:postcode"": ""27603"", ""addr:state"": ""NC"", ""addr:street"": ""Mercury Street"", ""check_date"": ""2026-01-25"", ""name"": ""Raleigh Pro"", ""opening_hours"": ""Mo-Su 08:00-18:00"", ""payment:cash"": ""yes"", ""payment:credit_cards"": ""yes"", ""phone"": ""+19198498973"", ""shop"": ""car_repair"", ""website"": ""https://raleighncmobilemechanics.com/""}"
RAL-02,node,13719651865,Sunflower Power Poles,tourism,artwork,Point,representative_point_outside_region,"{""artist_name"": ""Thomas Sayre"", ""artwork_type"": ""sculpture"", ""material"": ""stainless_steel"", ""name"": ""Sunflower Power Poles"", ""tourism"": ""artwork""}"
RAL-02,way,33106184,Raymond G. Lanier Park,leisure,park,Point,representative_point_outside_region,"{""leisure"": ""park"", ""name"": ""Raymond G. Lanier Park"", ""operator"": ""City or Raleigh Parks, Recreation and Cultural Resources"", ""ownership"": ""municipal"", ""source"": ""NCOnemap;City or Raleigh Parks Recreation and Cultural Resources""}"
RAL-02,way,33106252,Lenoir Street Park,leisure,park,Point,representative_point_outside_region,"{""access"": ""yes"", ""leisure"": ""park"", ""name"": ""Lenoir Street Park"", ""ownership"": ""municipal"", ""source"": ""NCOnemap""}"
RAL-02,way,47732815,N.C. Seafood Restaurant at the Farmers Market,amenity,restaurant,Point,representative_point_outside_region,"{""addr:city"": ""Raleigh"", ""addr:housenumber"": ""1201"", ""addr:postcode"": ""27603"", ""addr:state"": ""NC"", ""addr:street"": ""Agricultural Street"", ""amenity"": ""restaurant"", ""building"": ""yes"", ""building:use"": ""commercial"", ""name"": ""N.C. Seafood Restaurant at the Farmers Market"", ""phone"": ""+19198334661"", ""source"": ""WakeGIS""}"
RAL-02,way,47759489,Purr Cup Cafe,amenity,cafe,Point,representative_point_outside_region,"{""addr:city"": ""Raleigh"", ""addr:housenumber"": ""210"", ""addr:postcode"": ""27603"", ""addr:state"": ""NC"", ""addr:street"": ""Prospect Avenue"", ""amenity"": ""cafe"", ""building"": ""yes"", ""building:use"": ""commercial"", ""cuisine"": ""coffee_shop"", ""description"": ""Purr Cup Cafe is a unique and comfortable adoption center where local rescue kitties can thrive, and find their forever homes! We also welcome community space for all cat-lovers. Whether you adopt or not, a visit to Purr Cup Cafe, support"", ""diet:dairy_free"": ""yes"", ""diet:plant-based"": ""yes"", ""diet:vegan"": ""only"", ""diet:vegetarian"": ""only"", ""name"": ""Purr Cup Cafe"", ""opening_hours"": ""Mo 15:00-19:00; We-Th 09:00-19:00; Fr-Sa 09:00-20:30; Su 09:00-18:00"", ""outdoor_seating"": ""yes"", ""phone"": ""+1 919 322 4003"", ""source"": ""WakeGIS;local knowledge"", ""theme"": ""cat"", ""website"": ""https://purrcupcafe.com/""}"
RAL-02,way,47759490,Logans Garden Shop,shop,garden_centre,Point,representative_point_outside_region,"{""addr:city"": ""Raleigh"", ""addr:housenumber"": ""1208"", ""addr:postcode"": ""27603"", ""addr:state"": ""NC"", ""addr:street"": ""Farmers Market Drive"", ""building"": ""yes"", ""building:use"": ""commercial"", ""name"": ""Logans Garden Shop"", ""opening_hours"": ""Mo-Sa 09:00-18:00"", ""phone"": ""+19198330466"", ""shop"": ""garden_centre"", ""source"": ""WakeGIS"", ""website"": ""https://www.logantrd.com/""}"
RAL-02,way,47759582,,historic,yes,Point,unnamed_not_inherently_meaningful,"{""addr:city"": ""Raleigh"", ""addr:housenumber"": ""1985"", ""addr:postcode"": ""27603"", ""addr:state"": ""NC"", ""addr:street"": ""Umstead Drive"", ""building"": ""yes"", ""building:use"": ""commercial"", ""historic"": ""yes"", ""source"": ""WakeGIS""}"
RAL-02,way,47759757,Willow House,amenity,cafe,Point,representative_point_outside_region,"{""addr:city"": ""Raleigh"", ""addr:housenumber"": ""1004"", ""addr:postcode"": ""27603"", ""addr:state"": ""NC"", ""addr:street"": ""South Saunders Street"", ""amenity"": ""cafe"", ""building"": ""yes"", ""building:use"": ""commercial"", ""check_date"": ""2026-01-21"", ""name"": ""Willow House"", ""opening_hours"": ""Mo-Fr 07:00-14:00; Sa 08:00-15:00"", ""phone"": ""+19193419360"", ""source"": ""WakeGIS"", ""website"": ""https://willowhousecoffee.com/""}"
RAL-02,way,47759950,Hartwell,shop,repair,Point,representative_point_outside_region,"{""addr:city"": ""Raleigh"", ""addr:housenumber"": ""620"", ""addr:postcode"": ""27603"", ""addr:state"": ""NC"", ""addr:street"": ""West South Street"", ""building"": ""yes"", ""building:use"": ""commercial"", ""name"": ""Hartwell"", ""shop"": ""repair"", ""source"": ""WakeGIS""}"
RAL-02,way,47776350,,historic,yes,Point,unnamed_not_inherently_meaningful,"{""addr:city"": ""Raleigh"", ""addr:housenumber"": ""1800"", ""addr:postcode"": ""27603"", ""addr:state"": ""NC"", ""addr:street"": ""Umstead Drive"", ""building"": ""yes"", ""building:use"": ""commercial"", ""historic"": ""yes"", ""source"": ""WakeGIS""}"
RAL-02,way,52629117,Raleigh West District - Varina Branch,railway,rail,Point,representative_point_outside_region,"{""electrified"": ""no"", ""gauge"": ""1435"", ""maxspeed"": ""10 mph"", ""maxspeed:freight"": ""10 mph"", ""name"": ""Raleigh West District - Varina Branch"", ""old_railway_operator"": ""NS"", ""operator"": ""Norfolk Southern Railway"", ""operator:wikidata"": ""Q1321054"", ""owner"": ""Norfolk Southern Railway"", ""railway"": ""rail"", ""railway:atc"": ""no"", ""railway:ctc"": ""no"", ""railway:preferred_direction"": ""both"", ""railway:ptc"": ""no"", ""railway:track_class"": ""1"", ""railway:track_ref"": ""Main Track"", ""railway:traffic_mode"": ""freight"", ""railway:twc"": ""yes"", ""railway_milepost"": ""NS"", ""ref"": ""62CF"", ""usage"": ""branch""}"
RAL-02,way,52629118,Raleigh and Fayetteville Railroad,railway,rail,Point,representative_point_outside_region,"{""bridge"": ""yes"", ""electrified"": ""no"", ""gauge"": ""1435"", ""layer"": ""1"", ""maxspeed"": ""25 mph"", ""maxspeed:freight"": ""25 mph"", ""name"": ""Raleigh and Fayetteville Railroad"", ""old_name"": ""NS-Line"", ""old_railway_operator"": ""NS"", ""operator"": ""R.J. Corman Railroad Group"", ""owner"": ""Norfolk Southern Railway"", ""railway"": ""rail"", ""railway:atc"": ""no"", ""railway:ctc"": ""no"", ""railway:preferred_direction"": ""both"", ""railway:ptc"": ""no"", ""railway:track_class"": ""2"", ""railway:track_ref"": ""Main Track"", ""railway:traffic_mode"": ""freight"", ""railway:twc"": ""yes"", ""railway_milepost"": ""NS"", ""ref"": ""RFCC"", ""reporting_marks"": ""RFCC"", ""usage"": ""branch""}"
RAL-02,way,101545330,,railway,rail,Point,representative_point_outside_region,"{""railway"": ""rail"", ""usage"": ""branch""}"
RAL-02,way,130346312,Raleigh and Fayetteville Railroad,railway,rail,Point,railway_track_infrastructure,"{""electrified"": ""no"", ""gauge"": ""1435"", ""maxspeed"": ""25 mph"", ""maxspeed:freight"": ""25 mph"", ""name"": ""Raleigh and Fayetteville Railroad"", ""old_name"": ""NS-Line"", ""old_railway_operator"": ""NS"", ""operator"": ""R.J. Corman Railroad Group"", ""owner"": ""Norfolk Southern Railway"", ""railway"": ""rail"", ""railway:atc"": ""no"", ""railway:ctc"": ""no"", ""railway:preferred_direction"": ""both"", ""railway:ptc"": ""no"", ""railway:track_class"": ""2"", ""railway:track_ref"": ""Main Track"", ""railway:traffic_mode"": ""freight"", ""railway:twc"": ""yes"", ""railway_milepost"": ""NS"", ""ref"": ""RFCC"", ""reporting_marks"": ""RFCC"", ""usage"": ""branch""}"
RAL-02,way,140352570,H-Line,railway,rail,Point,representative_point_outside_region,"{""electrified"": ""no"", ""gauge"": ""1435"", ""maxspeed"": ""20 mph"", ""name"": ""H-Line"", ""note:old_railway_operator"": ""North Carolina Railroad"", ""old_railway_operator"": ""Southern"", ""operator"": ""Norfolk Southern Railway"", ""operator:wikidata"": ""Q1321054"", ""owner"": ""North Carolina Railroad"", ""railway"": ""rail"", ""railway:ctc"": ""yes"", ""railway:etms"": ""yes"", ""railway:ptc"": ""yes"", ""railway_milepost"": ""NC"", ""ref"": ""NCRR"", ""usage"": ""main""}"
RAL-02,way,194727749,Governor Morehead School for the Blind,amenity,school,Point,representative_point_outside_region,"{""amenity"": ""school"", ""name"": ""Governor Morehead School for the Blind""}"
RAL-02,way,194981757,State Farmers Market,amenity,marketplace,Point,representative_point_outside_region,"{""addr:city"": ""Raleigh"", ""addr:housenumber"": ""1201"", ""addr:postcode"": ""27603"", ""addr:state"": ""NC"", ""addr:street"": ""Agricultural Street"", ""amenity"": ""marketplace"", ""name"": ""State Farmers Market"", ""website"": ""https://www.ncagr.gov/markets/facilities/markets/raleigh/index.htm""}"
RAL-02,way,341862749,K9 Training Course,amenity,training,Point,representative_point_outside_region,"{""amenity"": ""training"", ""name"": ""K9 Training Course"", ""training"": ""K9""}"
RAL-02,way,368154912,,amenity,parking,Point,representative_point_outside_region,"{""amenity"": ""parking"", ""parking"": ""surface""}"
RAL-02,way,408467593,H-Line,railway,rail,Point,representative_point_outside_region,"{""electrified"": ""no"", ""gauge"": ""1435"", ""maxspeed"": ""20 mph"", ""name"": ""H-Line"", ""note:old_railway_operator"": ""North Carolina Railroad"", ""old_railway_operator"": ""Southern"", ""operator"": ""Norfolk Southern Railway"", ""operator:wikidata"": ""Q1321054"", ""owner"": ""North Carolina Railroad"", ""railway"": ""rail"", ""railway:ctc"": ""yes"", ""railway:etms"": ""yes"", ""railway:ptc"": ""yes"", ""railway_milepost"": ""NC"", ""ref"": ""NCRR"", ""usage"": ""main""}"
RAL-02,way,408467595,Norfolk Southern Railway,railway,rail,Point,representative_point_outside_region,"{""gauge"": ""1435"", ""old_railway_operator"": ""Southern"", ""operator"": ""Norfolk Southern Railway"", ""operator:wikidata"": ""Q1321054"", ""owner"": ""North Carolina Railroad"", ""railway"": ""rail"", ""service"": ""siding"", ""tiger:cfcc"": ""B11"", ""tiger:county"": ""Wake, NC"", ""tiger:name_base"": ""Southern Railway""}"
RAL-02,way,424454987,,amenity,parking,Point,low_value_category,"{""access"": ""yes"", ""amenity"": ""parking"", ""fee"": ""no"", ""parking"": ""street_side""}"
RAL-02,way,439082076,Central Prison,amenity,prison,Point,representative_point_outside_region,"{""addr:city"": ""Raleigh"", ""addr:country"": ""US"", ""addr:housenumber"": ""1300"", ""addr:postcode"": ""27606"", ""addr:state"": ""NC"", ""addr:street"": ""Western Boulevard"", ""amenity"": ""prison"", ""fax"": ""+1 919 715 2645"", ""name"": ""Central Prison"", ""operator"": ""North Carolina Department of Correction"", ""phone"": ""+1 919 733 0800"", ""website"": ""https://www2.ncdps.gov/index2.cfm?a=000003,002240,002381,002252"", ""wikidata"": ""Q5061708"", ""wikipedia"": ""en:Central Prison""}"
RAL-02,way,544913146,,amenity,parking,Point,representative_point_outside_region,"{""access"": ""permissive"", ""amenity"": ""parking"", ""parking"": ""surface"", ""surface"": ""asphalt""}"
RAL-02,way,583066751,,amenity,parking,Point,low_value_category,"{""access"": ""private"", ""amenity"": ""parking"", ""fee"": ""no"", ""parking"": ""surface"", ""surface"": ""asphalt""}"
RAL-02,way,583066752,,amenity,parking,Point,low_value_category,"{""access"": ""private"", ""amenity"": ""parking"", ""parking"": ""surface"", ""surface"": ""asphalt""}"
RAL-02,way,583066753,,amenity,parking,Point,low_value_category,"{""access"": ""private"", ""amenity"": ""parking"", ""parking"": ""street_side""}"
RAL-02,way,583066761,,amenity,parking,Point,low_value_category,"{""access"": ""private"", ""amenity"": ""parking"", ""parking"": ""surface"", ""surface"": ""asphalt""}"
RAL-02,way,583066762,Broughton Parking Lot,amenity,parking,Point,low_value_category,"{""access"": ""yes"", ""amenity"": ""parking"", ""fee"": ""no"", ""name"": ""Broughton Parking Lot"", ""parking"": ""surface""}"
RAL-02,way,583066765,,amenity,parking,Point,low_value_category,"{""access"": ""private"", ""amenity"": ""parking"", ""fee"": ""no"", ""parking"": ""surface"", ""surface"": ""asphalt""}"
RAL-02,way,583066766,,amenity,parking,Point,low_value_category,"{""access"": ""private"", ""amenity"": ""parking"", ""fee"": ""no"", ""parking"": ""surface"", ""surface"": ""asphalt""}"
RAL-02,way,583066768,,amenity,parking,Point,low_value_category,"{""access"": ""private"", ""amenity"": ""parking"", ""fee"": ""no"", ""parking"": ""surface"", ""surface"": ""asphalt""}"
RAL-02,way,583066773,,amenity,parking,Point,low_value_category,"{""access"": ""private"", ""amenity"": ""parking"", ""parking"": ""surface"", ""surface"": ""asphalt""}"
RAL-02,way,583066774,,amenity,parking,Point,low_value_category,"{""access"": ""private"", ""amenity"": ""parking"", ""parking"": ""surface"", ""surface"": ""asphalt""}"
RAL-02,way,583066775,,amenity,parking,Point,low_value_category,"{""access"": ""private"", ""amenity"": ""parking"", ""parking"": ""surface"", ""surface"": ""asphalt""}"
RAL-02,way,583066784,,amenity,parking,Point,low_value_category,"{""access"": ""private"", ""amenity"": ""parking"", ""fee"": ""no"", ""parking"": ""surface"", ""surface"": ""asphalt""}"
RAL-02,way,583066786,,amenity,parking,Point,low_value_category,"{""access"": ""private"", ""amenity"": ""parking"", ""parking"": ""surface"", ""surface"": ""asphalt""}"
RAL-02,way,583070182,,amenity,parking,Point,low_value_category,"{""access"": ""private"", ""amenity"": ""parking"", ""parking"": ""surface"", ""surface"": ""asphalt""}"
RAL-02,way,583070183,,amenity,parking,Point,low_value_category,"{""access"": ""private"", ""amenity"": ""parking"", ""fee"": ""no"", ""parking"": ""surface"", ""surface"": ""asphalt""}"
RAL-02,way,583070184,,amenity,parking,Point,low_value_category,"{""access"": ""private"", ""amenity"": ""parking"", ""fee"": ""no"", ""parking"": ""surface"", ""surface"": ""asphalt""}"
RAL-02,way,583070191,,amenity,parking,Point,low_value_category,"{""access"": ""customers"", ""amenity"": ""parking"", ""fee"": ""no"", ""parking"": ""surface""}"
RAL-02,way,583070208,,amenity,parking,Point,low_value_category,"{""access"": ""customers"", ""amenity"": ""parking"", ""fee"": ""no"", ""parking"": ""surface"", ""surface"": ""asphalt""}"
RAL-02,way,583070209,,amenity,parking,Point,low_value_category,"{""access"": ""private"", ""amenity"": ""parking"", ""fee"": ""no"", ""parking"": ""surface"", ""surface"": ""asphalt""}"
RAL-02,way,583070210,,amenity,parking,Point,low_value_category,"{""access"": ""private"", ""amenity"": ""parking"", ""fee"": ""no"", ""parking"": ""surface"", ""surface"": ""asphalt""}"
RAL-02,way,583072639,,amenity,parking,Point,low_value_category,"{""amenity"": ""parking"", ""parking"": ""surface"", ""surface"": ""asphalt""}"
RAL-02,way,583072644,,amenity,parking,Point,low_value_category,"{""amenity"": ""parking"", ""parking"": ""surface"", ""surface"": ""asphalt""}"
RAL-02,way,583072650,,amenity,parking,Point,low_value_category,"{""access"": ""private"", ""amenity"": ""parking"", ""parking"": ""street_side""}"
RAL-02,way,583072656,,amenity,parking,Point,low_value_category,"{""access"": ""yes"", ""amenity"": ""parking"", ""fee"": ""no"", ""parking"": ""street_side"", ""surface"": ""asphalt""}"
RAL-02,way,583072658,,amenity,parking,Point,low_value_category,"{""access"": ""private"", ""amenity"": ""parking"", ""parking"": ""surface"", ""surface"": ""asphalt""}"
RAL-02,way,583074413,,amenity,parking,Point,low_value_category,"{""access"": ""private"", ""amenity"": ""parking"", ""parking"": ""surface"", ""surface"": ""asphalt""}"
RAL-02,way,583074423,,amenity,parking,Point,low_value_category,"{""access"": ""customers"", ""amenity"": ""parking"", ""fee"": ""no"", ""parking"": ""surface"", ""surface"": ""asphalt""}"
RAL-02,way,583074429,,amenity,parking,Point,low_value_category,"{""access"": ""customers"", ""amenity"": ""parking"", ""fee"": ""no"", ""parking"": ""surface"", ""surface"": ""asphalt""}"
RAL-02,way,593174592,,amenity,parking,Point,representative_point_outside_region,"{""amenity"": ""parking"", ""parking"": ""surface"", ""surface"": ""asphalt""}"
RAL-02,way,593174596,,amenity,parking,Point,representative_point_outside_region,"{""amenity"": ""parking"", ""parking"": ""surface"", ""surface"": ""asphalt""}"
RAL-02,way,593174597,,amenity,parking,Point,representative_point_outside_region,"{""amenity"": ""parking"", ""parking"": ""surface""}"
RAL-02,way,593174598,,amenity,parking,Point,representative_point_outside_region,"{""amenity"": ""parking"", ""parking"": ""surface"", ""surface"": ""asphalt""}"
RAL-02,way,604046022,,amenity,parking,Point,representative_point_outside_region,"{""amenity"": ""parking"", ""parking"": ""surface"", ""surface"": ""asphalt""}"
RAL-02,way,607928724,H-Line,railway,rail,Point,representative_point_outside_region,"{""gauge"": ""1435"", ""maxspeed"": ""25 mph"", ""name"": ""H-Line"", ""operator"": ""Norfolk Southern Railway"", ""operator:wikidata"": ""Q1321054"", ""owner"": ""North Carolina Railroad"", ""railway"": ""rail"", ""railway:ctc"": ""yes"", ""railway:etms"": ""yes"", ""railway:ptc"": ""yes"", ""railway:track_ref"": ""2"", ""railway_milepost"": ""NC"", ""ref"": ""NCRR"", ""usage"": ""main""}"
RAL-02,way,607928740,H-Line,railway,rail,Point,representative_point_outside_region,"{""gauge"": ""1435"", ""maxspeed"": ""25 mph"", ""name"": ""H-Line"", ""operator"": ""Norfolk Southern Railway"", ""operator:wikidata"": ""Q1321054"", ""owner"": ""North Carolina Railroad"", ""railway"": ""rail"", ""railway:ctc"": ""yes"", ""railway:etms"": ""yes"", ""railway:ptc"": ""yes"", ""railway:track_ref"": ""1"", ""railway_milepost"": ""NC"", ""ref"": ""NCRR"", ""usage"": ""main""}"
RAL-02,way,662979068,Coat's Auto Body and Paint,shop,car_repair,Point,representative_point_outside_region,"{""building"": ""yes"", ""name"": ""Coat's Auto Body and Paint"", ""shop"": ""car_repair""}"
RAL-02,way,664887034,,amenity,parking,Point,representative_point_outside_region,"{""access"": ""yes"", ""amenity"": ""parking"", ""fee"": ""no"", ""parking"": ""surface""}"
RAL-02,way,664929378,,amenity,parking,Point,low_value_category,"{""access"": ""private"", ""amenity"": ""parking"", ""fee"": ""no"", ""parking"": ""surface"", ""surface"": ""asphalt""}"
RAL-02,way,664929379,,amenity,parking,Point,low_value_category,"{""access"": ""customers"", ""amenity"": ""parking"", ""fee"": ""no"", ""parking"": ""surface""}"
RAL-02,way,664929380,,amenity,parking,Point,low_value_category,"{""access"": ""customers"", ""amenity"": ""parking"", ""fee"": ""no"", ""parking"": ""surface""}"
RAL-02,way,664929382,,amenity,parking,Point,low_value_category,"{""access"": ""customers"", ""amenity"": ""parking"", ""fee"": ""no"", ""parking"": ""surface""}"
RAL-02,way,664929383,,amenity,parking,Point,low_value_category,"{""access"": ""customers"", ""amenity"": ""parking"", ""fee"": ""no"", ""parking"": ""surface""}"
RAL-02,way,664929385,,amenity,parking,Point,low_value_category,"{""access"": ""customers"", ""amenity"": ""parking"", ""fee"": ""no"", ""parking"": ""surface""}"
RAL-02,way,664929388,,amenity,parking,Point,low_value_category,"{""access"": ""customers"", ""amenity"": ""parking"", ""fee"": ""no"", ""parking"": ""surface""}"
RAL-02,way,664929391,,amenity,parking,Point,low_value_category,"{""access"": ""private"", ""amenity"": ""parking"", ""fee"": ""no"", ""parking"": ""surface"", ""surface"": ""asphalt""}"
RAL-02,way,683014924,H-Line,railway,rail,Point,representative_point_outside_region,"{""electrified"": ""no"", ""gauge"": ""1435"", ""maxspeed"": ""80 mph"", ""name"": ""H-Line"", ""note:old_railway_operator"": ""North Carolina Railroad"", ""old_railway_operator"": ""Southern"", ""operator"": ""Norfolk Southern Railway"", ""operator:wikidata"": ""Q1321054"", ""owner"": ""North Carolina Railroad"", ""railway"": ""rail"", ""railway:ctc"": ""yes"", ""railway:etms"": ""yes"", ""railway:ptc"": ""yes"", ""railway_milepost"": ""NC"", ""ref"": ""NCRR"", ""usage"": ""main""}"
RAL-02,way,824313859,H-Line,railway,rail,Point,representative_point_outside_region,"{""gauge"": ""1435"", ""name"": ""H-Line"", ""operator"": ""Norfolk Southern Railway"", ""operator:wikidata"": ""Q1321054"", ""owner"": ""North Carolina Railroad"", ""railway"": ""rail"", ""railway:ctc"": ""yes"", ""railway:etms"": ""yes"", ""railway:ptc"": ""yes"", ""railway_milepost"": ""NC"", ""ref"": ""NCRR"", ""usage"": ""main""}"
RAL-02,way,873121718,Norfolk Southern - Amtrak,railway,rail,Point,representative_point_outside_region,"{""electrified"": ""no"", ""maxspeed"": ""30 mph"", ""name"": ""Norfolk Southern - Amtrak"", ""railway"": ""rail"", ""railway:ctc"": ""yes"", ""railway:etms"": ""yes"", ""railway:ptc"": ""yes"", ""service"": ""crossover""}"
RAL-02,way,873121719,Aberdeen Subdivision,railway,rail,Point,representative_point_outside_region,"{""electrified"": ""no"", ""gauge"": ""1435"", ""maxspeed"": ""80 mph"", ""name"": ""Aberdeen Subdivision"", ""old_railway_operator"": ""SAL"", ""operator"": ""CSX Transportation"", ""operator:wikidata"": ""Q856783"", ""railway"": ""rail"", ""usage"": ""branch""}"
RAL-02,way,873121720,H-Line,railway,rail,Point,representative_point_outside_region,"{""gauge"": ""1435"", ""name"": ""H-Line"", ""operator"": ""Norfolk Southern Railway"", ""operator:wikidata"": ""Q1321054"", ""owner"": ""North Carolina Railroad"", ""railway"": ""rail"", ""railway:ctc"": ""yes"", ""railway:etms"": ""yes"", ""railway:ptc"": ""yes"", ""railway_milepost"": ""NC"", ""ref"": ""NCRR"", ""usage"": ""main""}"
RAL-02,way,998048831,,amenity,parking,Point,representative_point_outside_region,"{""amenity"": ""parking"", ""parking"": ""surface"", ""surface"": ""asphalt""}"
RAL-02,way,998048832,,amenity,parking,Point,representative_point_outside_region,"{""amenity"": ""parking"", ""parking"": ""surface""}"
RAL-02,way,998048834,,amenity,parking,Point,representative_point_outside_region,"{""amenity"": ""parking"", ""parking"": ""surface"", ""surface"": ""asphalt""}"
RAL-02,way,998048835,,amenity,parking,Point,representative_point_outside_region,"{""amenity"": ""parking"", ""parking"": ""surface"", ""surface"": ""asphalt""}"
RAL-02,way,998048836,,amenity,parking,Point,representative_point_outside_region,"{""amenity"": ""parking"", ""parking"": ""surface"", ""surface"": ""asphalt""}"
RAL-02,way,998048837,,amenity,parking,Point,representative_point_outside_region,"{""amenity"": ""parking"", ""parking"": ""surface"", ""surface"": ""asphalt""}"
RAL-02,way,998048841,,amenity,parking,Point,representative_point_outside_region,"{""access"": ""customers"", ""amenity"": ""parking"", ""fee"": ""no"", ""parking"": ""surface"", ""surface"": ""asphalt""}"
RAL-02,way,998140277,,amenity,parking,Point,representative_point_outside_region,"{""access"": ""customers"", ""amenity"": ""parking"", ""fee"": ""no"", ""parking"": ""surface"", ""surface"": ""asphalt""}"
RAL-02,way,998145851,,amenity,parking,Point,representative_point_outside_region,"{""access"": ""customers"", ""amenity"": ""parking"", ""fee"": ""no"", ""parking"": ""surface"", ""surface"": ""asphalt""}"
RAL-02,way,998145861,,amenity,parking,Point,representative_point_outside_region,"{""access"": ""customers"", ""amenity"": ""parking"", ""fee"": ""no"", ""parking"": ""surface"", ""surface"": ""asphalt""}"
RAL-02,way,998145862,,amenity,parking,Point,representative_point_outside_region,"{""access"": ""customers"", ""amenity"": ""parking"", ""fee"": ""no"", ""parking"": ""surface"", ""surface"": ""asphalt""}"
RAL-02,way,998145863,,amenity,parking,Point,representative_point_outside_region,"{""access"": ""customers"", ""amenity"": ""parking"", ""fee"": ""no"", ""parking"": ""surface"", ""surface"": ""asphalt""}"
RAL-02,way,998145864,,amenity,parking,Point,representative_point_outside_region,"{""access"": ""customers"", ""amenity"": ""parking"", ""fee"": ""no"", ""parking"": ""surface"", ""surface"": ""asphalt""}"
RAL-02,way,998145865,,amenity,parking,Point,representative_point_outside_region,"{""access"": ""customers"", ""amenity"": ""parking"", ""fee"": ""no"", ""parking"": ""surface"", ""surface"": ""asphalt""}"
RAL-02,way,998145885,,amenity,parking,Point,representative_point_outside_region,"{""access"": ""customers"", ""amenity"": ""parking"", ""fee"": ""no"", ""parking"": ""surface"", ""surface"": ""asphalt""}"
RAL-02,way,998145886,,amenity,parking,Point,representative_point_outside_region,"{""access"": ""customers"", ""amenity"": ""parking"", ""fee"": ""no"", ""parking"": ""surface"", ""surface"": ""asphalt""}"
RAL-02,way,998145887,,amenity,parking,Point,representative_point_outside_region,"{""access"": ""customers"", ""amenity"": ""parking"", ""fee"": ""no"", ""parking"": ""surface"", ""surface"": ""asphalt""}"
RAL-02,way,998145896,,amenity,parking,Point,representative_point_outside_region,"{""access"": ""customers"", ""amenity"": ""parking"", ""fee"": ""no"", ""parking"": ""surface"", ""surface"": ""asphalt""}"
RAL-02,way,1011447763,,amenity,parking,Point,representative_point_outside_region,"{""amenity"": ""parking"", ""parking"": ""surface"", ""surface"": ""asphalt""}"
RAL-02,way,1011447764,,amenity,parking,Point,representative_point_outside_region,"{""amenity"": ""parking"", ""parking"": ""surface"", ""surface"": ""asphalt""}"
RAL-02,way,1011447765,,amenity,parking,Point,representative_point_outside_region,"{""amenity"": ""parking"", ""capacity"": ""3"", ""parking"": ""surface"", ""surface"": ""asphalt""}"
RAL-02,way,1016017357,,amenity,parking,Point,low_value_category,"{""amenity"": ""parking"", ""parking"": ""lane"", ""surface"": ""asphalt""}"
RAL-02,way,1017392725,,amenity,parking,Point,representative_point_outside_region,"{""amenity"": ""parking"", ""parking"": ""surface""}"
RAL-02,way,1018283001,Aberdeen Subdivision,railway,rail,Point,representative_point_outside_region,"{""electrified"": ""no"", ""gauge"": ""1435"", ""maxspeed"": ""20 mph"", ""maxspeed:freight"": ""20 mph"", ""name"": ""Aberdeen Subdivision"", ""old_railway_operator"": ""SAL"", ""operator"": ""CSX Transportation"", ""operator:wikidata"": ""Q856783"", ""railway"": ""rail"", ""railway:ctc"": ""yes"", ""railway:etms"": ""yes"", ""railway:ptc"": ""yes"", ""railway:track_ref"": ""Main Track"", ""railway_milepost"": ""S"", ""ref"": ""AB"", ""usage"": ""branch""}"
RAL-02,way,1022958475,,amenity,parking,Point,representative_point_outside_region,"{""amenity"": ""parking"", ""parking"": ""surface""}"
RAL-02,way,1022958478,,amenity,parking,Point,representative_point_outside_region,"{""amenity"": ""parking"", ""parking"": ""surface""}"
RAL-02,way,1022958479,,amenity,parking,Point,representative_point_outside_region,"{""amenity"": ""parking"", ""parking"": ""surface""}"
RAL-02,way,1028728134,,amenity,parking,Point,low_value_category,"{""access"": ""private"", ""amenity"": ""parking"", ""fee"": ""no"", ""parking"": ""surface"", ""surface"": ""unpaved""}"
RAL-02,way,1028728136,,amenity,parking,Point,low_value_category,"{""access"": ""private"", ""amenity"": ""parking"", ""fee"": ""no"", ""parking"": ""surface""}"
RAL-02,way,1028728137,,amenity,parking,Point,low_value_category,"{""access"": ""private"", ""amenity"": ""parking"", ""fee"": ""no"", ""parking"": ""surface""}"
RAL-02,way,1028728138,,amenity,parking,Point,low_value_category,"{""access"": ""private"", ""amenity"": ""parking"", ""fee"": ""no"", ""parking"": ""surface"", ""surface"": ""asphalt""}"
RAL-02,way,1028728139,,amenity,parking,Point,low_value_category,"{""access"": ""private"", ""amenity"": ""parking"", ""fee"": ""no"", ""parking"": ""surface"", ""surface"": ""asphalt""}"
RAL-02,way,1028728140,,amenity,parking,Point,low_value_category,"{""access"": ""private"", ""amenity"": ""parking"", ""parking"": ""surface""}"
RAL-02,way,1028728144,,amenity,parking,Point,low_value_category,"{""access"": ""private"", ""amenity"": ""parking"", ""fee"": ""no"", ""parking"": ""surface"", ""surface"": ""asphalt""}"
RAL-02,way,1028728147,,amenity,parking,Point,low_value_category,"{""amenity"": ""parking"", ""parking"": ""street_side"", ""surface"": ""asphalt""}"
RAL-02,way,1028728148,,amenity,parking,Point,low_value_category,"{""access"": ""private"", ""amenity"": ""parking"", ""parking"": ""surface""}"
RAL-02,way,1028728149,,amenity,parking,Point,low_value_category,"{""access"": ""private"", ""amenity"": ""parking"", ""parking"": ""surface""}"
RAL-02,way,1028728151,,amenity,parking,Point,low_value_category,"{""amenity"": ""parking"", ""parking"": ""street_side"", ""surface"": ""asphalt""}"
RAL-02,way,1028728152,,amenity,parking,Point,low_value_category,"{""amenity"": ""parking"", ""parking"": ""street_side"", ""surface"": ""asphalt""}"
RAL-02,way,1028728154,,amenity,parking,Point,low_value_category,"{""access"": ""private"", ""amenity"": ""parking"", ""parking"": ""surface"", ""surface"": ""asphalt""}"
RAL-02,way,1028728155,,amenity,parking,Point,low_value_category,"{""amenity"": ""parking"", ""parking"": ""street_side"", ""surface"": ""asphalt""}"
RAL-02,way,1028728156,,amenity,parking,Point,low_value_category,"{""access"": ""private"", ""amenity"": ""parking"", ""parking"": ""surface"", ""surface"": ""asphalt""}"
RAL-02,way,1028728157,,amenity,parking,Point,low_value_category,"{""amenity"": ""parking"", ""parking"": ""street_side"", ""surface"": ""asphalt""}"
RAL-02,way,1028728158,,amenity,parking,Point,low_value_category,"{""amenity"": ""parking"", ""parking"": ""street_side"", ""surface"": ""asphalt""}"
RAL-02,way,1067735086,,amenity,parking,Point,representative_point_outside_region,"{""access"": ""customers"", ""amenity"": ""parking"", ""fee"": ""no"", ""parking"": ""surface"", ""surface"": ""asphalt""}"
RAL-02,way,1069657810,,amenity,parking,Point,representative_point_outside_region,"{""amenity"": ""parking"", ""parking"": ""surface"", ""surface"": ""unpaved""}"
RAL-02,way,1069657813,,amenity,parking,Point,representative_point_outside_region,"{""amenity"": ""parking"", ""parking"": ""surface"", ""surface"": ""asphalt""}"
RAL-02,way,1069657821,,amenity,parking,Point,representative_point_outside_region,"{""amenity"": ""parking"", ""parking"": ""surface"", ""surface"": ""asphalt""}"
RAL-02,way,1069657822,,amenity,parking,Point,representative_point_outside_region,"{""amenity"": ""parking"", ""parking"": ""surface"", ""surface"": ""asphalt""}"
RAL-02,way,1069657823,,amenity,parking,Point,representative_point_outside_region,"{""amenity"": ""parking"", ""parking"": ""surface"", ""surface"": ""asphalt""}"
RAL-02,way,1072162846,,amenity,parking,Point,representative_point_outside_region,"{""amenity"": ""parking"", ""parking"": ""surface""}"
RAL-02,way,1079247650,,amenity,parking,Point,low_value_category,"{""access"": ""customers"", ""amenity"": ""parking"", ""fee"": ""no"", ""parking"": ""surface""}"
RAL-02,way,1118637615,Norfolk Southern Railway,railway,rail,Point,representative_point_outside_region,"{""electrified"": ""no"", ""gauge"": ""1435"", ""operator"": ""Norfolk Southern Railway"", ""operator:wikidata"": ""Q1321054"", ""railway"": ""rail"", ""tiger:cfcc"": ""B11"", ""tiger:county"": ""Wake, NC"", ""tiger:name_base"": ""Southern Railway""}"
RAL-02,way,1173751145,,amenity,parking,Point,representative_point_outside_region,"{""access"": ""customers"", ""amenity"": ""parking"", ""parking"": ""surface""}"
RAL-02,way,1173751147,,amenity,parking,Point,representative_point_outside_region,"{""amenity"": ""parking""}"
RAL-02,way,1173751148,,amenity,parking,Point,representative_point_outside_region,"{""access"": ""customers"", ""amenity"": ""parking"", ""fee"": ""no"", ""parking"": ""surface""}"
RAL-02,way,1230462521,,leisure,pitch,Point,representative_point_outside_region,"{""leisure"": ""pitch"", ""sport"": ""basketball""}"
RAL-02,way,1230462522,,leisure,playground,Point,representative_point_outside_region,"{""leisure"": ""playground""}"
RAL-02,way,1231604478,Raleigh and Fayetteville Railroad,railway,rail,Point,representative_point_outside_region,"{""electrified"": ""no"", ""gauge"": ""1435"", ""maxspeed"": ""25 mph"", ""maxspeed:freight"": ""25 mph"", ""name"": ""Raleigh and Fayetteville Railroad"", ""old_name"": ""NS-Line"", ""old_railway_operator"": ""NS"", ""operator"": ""R.J. Corman Railroad Group"", ""owner"": ""Norfolk Southern Railway"", ""railway"": ""rail"", ""railway:atc"": ""no"", ""railway:ctc"": ""no"", ""railway:preferred_direction"": ""both"", ""railway:ptc"": ""no"", ""railway:track_class"": ""2"", ""railway:track_ref"": ""Main Track"", ""railway:traffic_mode"": ""freight"", ""railway:twc"": ""yes"", ""railway_milepost"": ""NS"", ""ref"": ""RFCC"", ""reporting_marks"": ""RFCC"", ""usage"": ""branch""}"
RAL-02,way,1231604479,NS-Line,railway,rail,Point,representative_point_outside_region,"{""electrified"": ""no"", ""gauge"": ""1435"", ""layer"": ""-1"", ""name"": ""NS-Line"", ""old_railway_operator"": ""NS"", ""operator"": ""Norfolk Southern Railway"", ""operator:wikidata"": ""Q1321054"", ""railway"": ""rail"", ""tunnel"": ""yes"", ""usage"": ""branch""}"
RAL-02,way,1231604480,NS-Line,railway,rail,Point,representative_point_outside_region,"{""electrified"": ""no"", ""gauge"": ""1435"", ""layer"": ""-1"", ""name"": ""NS-Line"", ""old_railway_operator"": ""NS"", ""operator"": ""Norfolk Southern Railway"", ""operator:wikidata"": ""Q1321054"", ""railway"": ""rail"", ""tunnel"": ""yes"", ""usage"": ""branch""}"
RAL-02,way,1231604481,NS-Line,railway,rail,Point,representative_point_outside_region,"{""electrified"": ""no"", ""gauge"": ""1435"", ""layer"": ""-1"", ""name"": ""NS-Line"", ""old_railway_operator"": ""NS"", ""operator"": ""Norfolk Southern Railway"", ""operator:wikidata"": ""Q1321054"", ""railway"": ""rail"", ""tunnel"": ""yes"", ""usage"": ""branch""}"
RAL-02,way,1231604482,NS-Line,railway,rail,Point,representative_point_outside_region,"{""electrified"": ""no"", ""gauge"": ""1435"", ""name"": ""NS-Line"", ""old_railway_operator"": ""NS"", ""operator"": ""Norfolk Southern Railway"", ""operator:wikidata"": ""Q1321054"", ""railway"": ""rail"", ""usage"": ""branch""}"
RAL-02,way,1231604483,NS-Line,railway,rail,Point,representative_point_outside_region,"{""electrified"": ""no"", ""gauge"": ""1435"", ""name"": ""NS-Line"", ""old_railway_operator"": ""NS"", ""operator"": ""Norfolk Southern Railway"", ""operator:wikidata"": ""Q1321054"", ""railway"": ""rail"", ""usage"": ""branch""}"
RAL-02,way,1246725472,,amenity,parking,Point,representative_point_outside_region,"{""amenity"": ""parking""}"
RAL-02,way,1256461204,,amenity,parking_space,Point,low_value_category,"{""amenity"": ""parking_space"", ""parking_space"": ""disabled""}"
RAL-02,way,1420828125,,amenity,parking,Point,low_value_category,"{""access"": ""yes"", ""amenity"": ""parking"", ""fee"": ""no"", ""parking"": ""surface""}"
RAL-02,way,1420828150,,leisure,garden,Point,unnamed_not_inherently_meaningful,"{""leisure"": ""garden""}"
RAL-02,way,1420829885,,amenity,parking,Point,representative_point_outside_region,"{""access"": ""private"", ""amenity"": ""parking"", ""building"": ""yes"", ""parking"": ""multi-storey""}"
RAL-02,way,1420830799,,amenity,parking,Point,representative_point_outside_region,"{""access"": ""private"", ""amenity"": ""parking"", ""building"": ""yes"", ""parking"": ""multi-storey""}"
RAL-02,way,1510554883,,amenity,parking,Point,low_value_category,"{""access"": ""yes"", ""amenity"": ""parking"", ""parking"": ""surface"", ""surface"": ""fine_gravel""}"
RAL-02,relation,6431764,North Carolina State University,amenity,university,Point,representative_point_outside_region,"{""addr:city"": ""Raleigh"", ""addr:postcode"": ""27695"", ""addr:state"": ""NC"", ""amenity"": ""university"", ""ele"": ""118"", ""name"": ""North Carolina State University"", ""name:fr"": ""Université d'État de Caroline du Nord"", ""name:ru"": ""Университет штата Северная Каролина"", ""short_name"": ""NC STATE"", ""type"": ""multipolygon"", ""website"": ""https://www.ncsu.edu/"", ""website:mobile"": ""http://m.ncsu.edu"", ""wikidata"": ""Q1132346"", ""wikipedia"": ""en:North Carolina State University""}"
RAL-02,relation,13393998,,amenity,parking,Point,representative_point_outside_region,"{""amenity"": ""parking"", ""type"": ""multipolygon""}"
RAL-02,relation,14296512,,amenity,parking,Point,representative_point_outside_region,"{""amenity"": ""parking"", ""parking"": ""surface"", ""surface"": ""asphalt"", ""type"": ""multipolygon""}"
RAL-03A,node,939875602,,amenity,waste_basket,Point,low_value_category,"{""amenity"": ""waste_basket""}"
RAL-03A,node,939875603,,tourism,artwork,Point,unnamed_not_inherently_meaningful,"{""description"": ""Wolf Sculptures"", ""tourism"": ""artwork""}"
RAL-03A,node,939875612,,tourism,picnic_site,Point,unnamed_not_inherently_meaningful,"{""tourism"": ""picnic_site""}"
RAL-03A,node,939875616,,amenity,bench,Point,low_value_category,"{""amenity"": ""bench""}"
RAL-03A,node,939875617,,amenity,bench,Point,low_value_category,"{""amenity"": ""bench""}"
RAL-03A,node,939875619,,amenity,vending_machine,Point,low_value_category,"{""amenity"": ""vending_machine""}"
RAL-03A,node,939875629,,amenity,recycling,Point,low_value_category,"{""amenity"": ""recycling"", ""recycling_type"": ""container""}"
RAL-03A,node,939875630,,amenity,bench,Point,low_value_category,"{""amenity"": ""bench"", ""backrest"": ""yes""}"
RAL-03A,node,939875634,,amenity,recycling,Point,low_value_category,"{""amenity"": ""recycling"", ""location"": ""overground"", ""recycling_type"": ""container""}"
RAL-03A,node,1143965780,Jordan Hall,amenity,bicycle_parking,Point,low_value_category,"{""amenity"": ""bicycle_parking"", ""capacity"": ""24"", ""name"": ""Jordan Hall""}"
RAL-03A,node,1143965783,Jordan Hall Addittion,amenity,bicycle_parking,Point,low_value_category,"{""GPS"": ""Garmin62s"", ""amenity"": ""bicycle_parking"", ""capacity"": ""8"", ""name"": ""Jordan Hall Addittion"", ""source"": ""GPS""}"
RAL-03A,node,1143992485,wolf village court bldg F,amenity,bicycle_parking,Point,low_value_category,"{""amenity"": ""bicycle_parking"", ""bicycle_parking"": ""wave"", ""capacity"": ""24"", ""covered"": ""no"", ""fee"": ""no"", ""name"": ""wolf village court bldg F""}"
RAL-03A,node,1143992487,,amenity,bicycle_parking,Point,low_value_category,"{""amenity"": ""bicycle_parking""}"
RAL-03A,node,1143996437,Southwest Bragaw Bike Rack,amenity,bicycle_parking,Point,low_value_category,"{""GPS"": ""Garmin 62 S"", ""amenity"": ""bicycle_parking"", ""bicycle_parking"": ""safe_loops"", ""capacity"": ""33"", ""covered"": ""no"", ""fee"": ""no"", ""int_name"": ""bike rack"", ""lit"": ""no"", ""name"": ""Southwest Bragaw Bike Rack"", ""source"": ""GPS""}"
RAL-03A,node,1143999508,Student Health Bike Rack,amenity,bicycle_parking,Point,low_value_category,"{""GPS"": ""Garmin 62 S"", ""amenity"": ""bicycle_parking"", ""capacity"": ""16"", ""int_name"": ""Bike Rack"", ""name"": ""Student Health Bike Rack"", ""source"": ""GPS""}"
RAL-03A,node,1144000381,Schaub Bike Rack,amenity,bicycle_parking,Point,low_value_category,"{""GPS"": ""Garmin 62 S"", ""amenity"": ""bicycle_parking"", ""capacity"": ""32"", ""int_name"": ""Bike Rack"", ""name"": ""Schaub Bike Rack"", ""source"": ""GPS""}"
RAL-03A,node,1145553700,Bike Rack at Weaver,amenity,bicycle_parking,Point,low_value_category,"{""GPS"": ""Garmin62s"", ""amenity"": ""bicycle_parking"", ""capacity"": ""17"", ""name"": ""Bike Rack at Weaver"", ""source"": ""GPS""}"
RAL-03A,node,1145553703,Bike Rack at Grinnells,amenity,bicycle_parking,Point,low_value_category,"{""GPS"": ""Garmin62s"", ""amenity"": ""bicycle_parking"", ""capacity"": ""16"", ""name"": ""Bike Rack at Grinnells"", ""source"": ""GPS""}"
RAL-03A,node,1145553708,Bike Rack West of Dan Allen,amenity,bicycle_parking,Point,low_value_category,"{""GPS"": ""Garmin62s"", ""amenity"": ""bicycle_parking"", ""capacity"": ""10"", ""name"": ""Bike Rack West of Dan Allen"", ""source"": ""GPS""}"
RAL-03A,node,1145554571,Fountain Hall Bike Rack,amenity,bicycle_parking,Point,low_value_category,"{""GPS"": ""Garmin 62 S"", ""amenity"": ""bicycle_parking"", ""bicycle_parking"": ""wave"", ""capacity"": ""16"", ""covered"": ""no"", ""fee"": ""no"", ""int_name"": ""Bike Rack"", ""name"": ""Fountain Hall Bike Rack"", ""source"": ""GPS""}"
RAL-03A,node,1145562823,Bragaw Bike Rack SE,amenity,bicycle_parking,Point,low_value_category,"{""GPS"": ""Garmin 62 S"", ""amenity"": ""bicycle_parking"", ""bicycle_parking"": ""safe_loops"", ""capacity"": ""36"", ""check_date"": ""2025-08-24"", ""covered"": ""no"", ""int_name"": ""Bike Rack"", ""name"": ""Bragaw Bike Rack SE"", ""source"": ""GPS""}"
RAL-03A,node,1145562824,Bragaw Bike Rack,amenity,bicycle_parking,Point,low_value_category,"{""GPS"": ""Garmin 62 S"", ""amenity"": ""bicycle_parking"", ""capacity"": ""6"", ""check_date"": ""2025-08-24"", ""covered"": ""no"", ""fee"": ""no"", ""int_name"": ""Bike Rack"", ""name"": ""Bragaw Bike Rack"", ""source"": ""GPS""}"
RAL-03A,node,1145563130,North Bragaw Bike Rack,amenity,bicycle_parking,Point,low_value_category,"{""GPS"": ""Garmin 62 S"", ""amenity"": ""bicycle_parking"", ""capacity"": ""24"", ""name"": ""North Bragaw Bike Rack"", ""source"": ""GPS""}"
RAL-03A,node,1145563281,Northeast Bragaw Bike Rack,amenity,bicycle_parking,Point,low_value_category,"{""GPS"": ""Garmin 62 S"", ""amenity"": ""bicycle_parking"", ""bicycle_parking"": ""stands"", ""capacity"": ""24"", ""name"": ""Northeast Bragaw Bike Rack"", ""source"": ""GPS""}"
RAL-03A,node,1145565961,Biltmore Bike Rack 3,amenity,bicycle_parking,Point,low_value_category,"{""GPS"": ""Garmin62s"", ""amenity"": ""bicycle_parking"", ""capacity"": ""17"", ""name"": ""Biltmore Bike Rack 3"", ""source"": ""GPS""}"
RAL-03A,node,1145565962,Biltmore Bike Rack 1,amenity,bicycle_parking,Point,low_value_category,"{""GPS"": ""Garmin62s"", ""amenity"": ""bicycle_parking"", ""capacity"": ""12"", ""name"": ""Biltmore Bike Rack 1"", ""source"": ""GPS""}"
RAL-03A,node,1145565963,Biltmore Bike Rack 2,amenity,bicycle_parking,Point,low_value_category,"{""amenity"": ""bicycle_parking"", ""capacity"": ""32"", ""name"": ""Biltmore Bike Rack 2""}"
RAL-03A,node,1145573854,Wolf Village Bike Parking 2,amenity,bicycle_parking,Point,low_value_category,"{""amenity"": ""bicycle_parking"", ""capacity"": ""11"", ""name"": ""Wolf Village Bike Parking 2""}"
RAL-03A,node,1145573856,Bike Rack Communications Building,amenity,bicycle_parking,Point,low_value_category,"{""amenity"": ""bicycle_parking"", ""capacity"": ""8"", ""name"": ""Bike Rack Communications Building""}"
RAL-03A,node,1145573860,Wolf Village Bike Parking,amenity,bicycle_parking,Point,low_value_category,"{""amenity"": ""bicycle_parking"", ""bicycle_parking"": ""wave"", ""capacity"": ""24"", ""check_date"": ""2025-08-24"", ""covered"": ""no"", ""name"": ""Wolf Village Bike Parking""}"
RAL-03A,node,1156398997,Turlington Bike Rack 5,amenity,bicycle_parking,Point,low_value_category,"{""amenity"": ""bicycle_parking"", ""bicycle_parking"": ""wave"", ""capacity"": ""8"", ""covered"": ""no"", ""date"": ""02-16-11"", ""fee"": ""no"", ""name"": ""Turlington Bike Rack 5"", ""source"": ""garmin 62s""}"
RAL-03A,node,1156399001,Turlington Bike Rack 2,amenity,bicycle_parking,Point,low_value_category,"{""amenity"": ""bicycle_parking"", ""bicycle_parking"": ""wave"", ""capacity"": ""8"", ""covered"": ""no"", ""date"": ""02-16-11"", ""fee"": ""no"", ""name"": ""Turlington Bike Rack 2"", ""source"": ""garmin 62s""}"
RAL-03A,node,1156399003,Owen Bike Rack 2,amenity,bicycle_parking,Point,low_value_category,"{""amenity"": ""bicycle_parking"", ""capacity"": ""20"", ""date"": ""02-16-11"", ""name"": ""Owen Bike Rack 2"", ""source"": ""garmin 62s""}"
RAL-03A,node,1156399010,Turlington Bike Rack 2,amenity,bicycle_parking,Point,low_value_category,"{""amenity"": ""bicycle_parking"", ""bicycle_parking"": ""wave"", ""capacity"": ""8"", ""covered"": ""no"", ""date"": ""02-16-11"", ""fee"": ""no"", ""name"": ""Turlington Bike Rack 2"", ""source"": ""garmin 62s""}"
RAL-03A,node,1156399013,Turlington Bike Rack 6,amenity,bicycle_parking,Point,low_value_category,"{""amenity"": ""bicycle_parking"", ""bicycle_parking"": ""wave"", ""capacity"": ""8"", ""covered"": ""no"", ""date"": ""02-16-11"", ""fee"": ""no"", ""name"": ""Turlington Bike Rack 6"", ""source"": ""garmin 62s""}"
RAL-03A,node,1156399016,Turligton Bike Rack 4,amenity,bicycle_parking,Point,low_value_category,"{""amenity"": ""bicycle_parking"", ""bicycle_parking"": ""wave"", ""capacity"": ""8"", ""covered"": ""no"", ""date"": ""02-16-11"", ""fee"": ""no"", ""name"": ""Turligton Bike Rack 4"", ""source"": ""garmin 62s""}"
RAL-03A,node,1156399024,Turlington Bike Rack 3,amenity,bicycle_parking,Point,low_value_category,"{""amenity"": ""bicycle_parking"", ""bicycle_parking"": ""wave"", ""capacity"": ""8"", ""covered"": ""no"", ""date"": ""02-16-11"", ""fee"": ""no"", ""name"": ""Turlington Bike Rack 3"", ""source"": ""garmin 62s""}"
RAL-03A,node,1156399028,Turlington Bike Rack 5,amenity,bicycle_parking,Point,low_value_category,"{""amenity"": ""bicycle_parking"", ""bicycle_parking"": ""wave"", ""capacity"": ""8"", ""covered"": ""no"", ""date"": ""02-16-11"", ""fee"": ""no"", ""name"": ""Turlington Bike Rack 5"", ""source"": ""garmin 62s""}"
RAL-03A,node,1156399034,Turlington Bike Rack 1,amenity,bicycle_parking,Point,low_value_category,"{""amenity"": ""bicycle_parking"", ""bicycle_parking"": ""wave"", ""capacity"": ""8"", ""covered"": ""no"", ""date"": ""02-16-11"", ""fee"": ""no"", ""name"": ""Turlington Bike Rack 1"", ""source"": ""garmin 62s""}"
RAL-03A,node,1156399041,Turlington Bike Rack 4,amenity,bicycle_parking,Point,low_value_category,"{""amenity"": ""bicycle_parking"", ""bicycle_parking"": ""wave"", ""capacity"": ""8"", ""covered"": ""no"", ""date"": ""02-16-11"", ""fee"": ""no"", ""name"": ""Turlington Bike Rack 4"", ""source"": ""garmin 62s""}"
RAL-03A,node,1156399045,Turlington Bike Rack 6,amenity,bicycle_parking,Point,low_value_category,"{""amenity"": ""bicycle_parking"", ""bicycle_parking"": ""wave"", ""capacity"": ""8"", ""covered"": ""no"", ""date"": ""02-16-11"", ""fee"": ""no"", ""name"": ""Turlington Bike Rack 6"", ""source"": ""garmin 62s""}"
RAL-03A,node,1156399048,Turlington Bike Rack 2,amenity,bicycle_parking,Point,low_value_category,"{""amenity"": ""bicycle_parking"", ""bicycle_parking"": ""wave"", ""capacity"": ""8"", ""covered"": ""no"", ""date"": ""02-16-11"", ""fee"": ""no"", ""name"": ""Turlington Bike Rack 2"", ""source"": ""garmin 62s""}"
RAL-03A,node,1156399056,Turlington Bike Rack 1,amenity,bicycle_parking,Point,low_value_category,"{""amenity"": ""bicycle_parking"", ""bicycle_parking"": ""wave"", ""capacity"": ""8"", ""covered"": ""no"", ""date"": ""02-16-11"", ""fee"": ""no"", ""name"": ""Turlington Bike Rack 1"", ""source"": ""garmin 62s""}"
RAL-03A,node,1156410729,Becton 2,amenity,bicycle_parking,Point,low_value_category,"{""amenity"": ""bicycle_parking"", ""capacity"": ""4"", ""name"": ""Becton 2"", ""source"": ""Walking Papers""}"
RAL-03A,node,1156410756,Becton 6,amenity,bicycle_parking,Point,low_value_category,"{""amenity"": ""bicycle_parking"", ""capacity"": ""4"", ""name"": ""Becton 6"", ""source"": ""Walking Papers""}"
RAL-03A,node,1156410757,Berry 2,amenity,bicycle_parking,Point,low_value_category,"{""amenity"": ""bicycle_parking"", ""capacity"": ""16"", ""name"": ""Berry 2"", ""source"": ""Walking Papers""}"
RAL-03A,node,1156410761,Honors 1,amenity,bicycle_parking,Point,low_value_category,"{""amenity"": ""bicycle_parking"", ""capacity"": ""4"", ""name"": ""Honors 1"", ""source"": ""Walking Papers""}"
RAL-03A,node,1156410769,Berry 1,amenity,bicycle_parking,Point,low_value_category,"{""amenity"": ""bicycle_parking"", ""capacity"": ""4"", ""name"": ""Berry 1"", ""source"": ""Walking Papers""}"
RAL-03A,node,1156410789,Bagwell 1,amenity,bicycle_parking,Point,low_value_category,"{""amenity"": ""bicycle_parking"", ""capacity"": ""16"", ""name"": ""Bagwell 1"", ""source"": ""Walking Papers""}"
RAL-03A,node,1156410795,Becton 4,amenity,bicycle_parking,Point,low_value_category,"{""amenity"": ""bicycle_parking"", ""capacity"": ""4"", ""name"": ""Becton 4"", ""source"": ""Walking Papers""}"
RAL-03A,node,1156410804,Bagwell 5,amenity,bicycle_parking,Point,low_value_category,"{""amenity"": ""bicycle_parking"", ""capacity"": ""4"", ""name"": ""Bagwell 5"", ""source"": ""Walking Papers""}"
RAL-03A,node,1156410820,Bagwell 2,amenity,bicycle_parking,Point,low_value_category,"{""amenity"": ""bicycle_parking"", ""capacity"": ""4"", ""name"": ""Bagwell 2"", ""source"": ""Walking papers""}"
RAL-03A,node,1156410827,Becton 3,amenity,bicycle_parking,Point,low_value_category,"{""amenity"": ""bicycle_parking"", ""capacity"": ""4"", ""name"": ""Becton 3"", ""source"": ""Walking Papers""}"
RAL-03A,node,1156410830,Becton 7,amenity,bicycle_parking,Point,low_value_category,"{""amenity"": ""bicycle_parking"", ""capacity"": ""4"", ""name"": ""Becton 7"", ""source"": ""Walking Papers""}"
RAL-03A,node,1156410846,Thompson 1,amenity,bicycle_parking,Point,low_value_category,"{""amenity"": ""bicycle_parking"", ""capacity"": ""4"", ""name"": ""Thompson 1"", ""source"": ""Walking Papers""}"
RAL-03A,node,1156410852,Case 1,amenity,bicycle_parking,Point,low_value_category,"{""amenity"": ""bicycle_parking"", ""capacity"": ""10"", ""name"": ""Case 1"", ""source"": ""Walking Papers""}"
RAL-03A,node,1156410857,Bagwell 3,amenity,bicycle_parking,Point,low_value_category,"{""amenity"": ""bicycle_parking"", ""capacity"": ""4"", ""name"": ""Bagwell 3"", ""source"": ""Walking Papers""}"
RAL-03A,node,1156410871,Becton 1,amenity,bicycle_parking,Point,low_value_category,"{""amenity"": ""bicycle_parking"", ""capacity"": ""16"", ""name"": ""Becton 1"", ""source"": ""Walking Papers""}"
RAL-03A,node,1156410877,Bagwell 4,amenity,bicycle_parking,Point,low_value_category,"{""amenity"": ""bicycle_parking"", ""capacity"": ""4"", ""name"": ""Bagwell 4"", ""source"": ""Walking Papers""}"
RAL-03A,node,1156411691,Bowen Hall Bicycle Parking,amenity,bicycle_parking,Point,low_value_category,"{""amenity"": ""bicycle_parking"", ""bicycle_parking"": ""stands"", ""capacity"": ""33"", ""covered"": ""no"", ""name"": ""Bowen Hall Bicycle Parking"", ""source"": ""Garmin GPSMAP 62s""}"
RAL-03A,node,1156411693,Witherspoon Center Bicycle Parking,amenity,bicycle_parking,Point,low_value_category,"{""amenity"": ""bicycle_parking"", ""capacity"": ""10"", ""name"": ""Witherspoon Center Bicycle Parking"", ""source"": ""Garmin GPSMAP 62s""}"
RAL-03A,node,1156411698,Bowen Hall Bicycle Parking,amenity,bicycle_parking,Point,low_value_category,"{""amenity"": ""bicycle_parking"", ""bicycle_parking"": ""stands"", ""capacity"": ""33"", ""name"": ""Bowen Hall Bicycle Parking"", ""source"": ""Garmin GPSMAP 62s""}"
RAL-03A,node,1156411704,Bowen Hall Bicycle Parking,amenity,bicycle_parking,Point,low_value_category,"{""amenity"": ""bicycle_parking"", ""capacity"": ""8"", ""name"": ""Bowen Hall Bicycle Parking"", ""source"": ""GPS""}"
RAL-03A,node,1156411709,Bowen Hall Bicycle Parking,amenity,bicycle_parking,Point,low_value_category,"{""amenity"": ""bicycle_parking"", ""bicycle_parking"": ""safe_loops"", ""capacity"": ""18"", ""covered"": ""no"", ""fee"": ""no"", ""indoor"": ""no"", ""lit"": ""no"", ""name"": ""Bowen Hall Bicycle Parking"", ""source"": ""Garmin GPSMAP 62s""}"
RAL-03A,node,1156411715,Witherspoon Center Bicycle Parking,amenity,bicycle_parking,Point,low_value_category,"{""amenity"": ""bicycle_parking"", ""capacity"": ""10"", ""name"": ""Witherspoon Center Bicycle Parking"", ""source"": ""Garmin GPSMAP 62s""}"
RAL-03A,node,1156411717,Bowen Hall Bicycle Parking,amenity,bicycle_parking,Point,low_value_category,"{""GPS"": ""Garmin GPSMAP 62s"", ""amenity"": ""bicycle_parking"", ""bicycle_parking"": ""stands"", ""capacity"": ""18"", ""covered"": ""no"", ""fee"": ""no"", ""indoor"": ""no"", ""lit"": ""no"", ""name"": ""Bowen Hall Bicycle Parking"", ""source"": ""GPS""}"
RAL-03A,node,1156411730,Bowen Hall Bicycle Parking,amenity,bicycle_parking,Point,low_value_category,"{""GPS"": ""Garmin GPSMAP 62s"", ""amenity"": ""bicycle_parking"", ""capacity"": ""8"", ""name"": ""Bowen Hall Bicycle Parking"", ""source"": ""GPS""}"
RAL-03A,node,1156411742,Bowen Hall Bicycle Parking,amenity,bicycle_parking,Point,low_value_category,"{""GPS"": ""Garmin GPSMAP 62s"", ""amenity"": ""bicycle_parking"", ""capacity"": ""8"", ""name"": ""Bowen Hall Bicycle Parking"", ""source"": ""GPS""}"
RAL-03A,node,1157634917,Wood Hall Bike Rack 5,amenity,bicycle_parking,Point,low_value_category,"{""amenity"": ""bicycle_parking"", ""capacity"": ""20"", ""name"": ""Wood Hall Bike Rack 5"", ""source"": ""Garmin 62s""}"
RAL-03A,node,1157634918,Wood Hall Bike Rack 3,amenity,bicycle_parking,Point,low_value_category,"{""amenity"": ""bicycle_parking"", ""capacity"": ""20"", ""name"": ""Wood Hall Bike Rack 3"", ""source"": ""Garmon 62s""}"
RAL-03A,node,1157634919,Wood Hall Bike Rack 1,amenity,bicycle_parking,Point,low_value_category,"{""amenity"": ""bicycle_parking"", ""capacity"": ""20"", ""name"": ""Wood Hall Bike Rack 1"", ""source"": ""Garmin 62s""}"
RAL-03A,node,1157634920,Wood Hall Bike Rack 4,amenity,bicycle_parking,Point,low_value_category,"{""amenity"": ""bicycle_parking"", ""capacity"": ""20"", ""name"": ""Wood Hall Bike Rack 4"", ""source"": ""Garmin 62s""}"
RAL-03A,node,1157634921,Wood Hall Bike Rack 2,amenity,bicycle_parking,Point,low_value_category,"{""amenity"": ""bicycle_parking"", ""capacity"": ""10"", ""name"": ""Wood Hall Bike Rack 2"", ""source"": ""Garmin 62s""}"
RAL-03A,node,1157634922,Weisiger-Brown Athelitc Facility Bike Rack 1,amenity,bicycle_parking,Point,low_value_category,"{""amenity"": ""bicycle_parking"", ""capacity"": ""10"", ""name"": ""Weisiger-Brown Athelitc Facility Bike Rack 1"", ""source"": ""Garmin 62s""}"
RAL-03A,node,1157638950,New Carmichael Bikerack,amenity,bicycle_parking,Point,low_value_category,"{""amenity"": ""bicycle_parking"", ""capacity"": ""24"", ""name"": ""New Carmichael Bikerack""}"
RAL-03A,node,1157639823,Old Carmichael Bikerack,amenity,bicycle_parking,Point,low_value_category,"{""amenity"": ""bicycle_parking"", ""capacity"": ""36"", ""name"": ""Old Carmichael Bikerack""}"
RAL-03A,node,1157643432,Talley/Price Bike Rack,amenity,bicycle_parking,Point,low_value_category,"{""amenity"": ""bicycle_parking"", ""capacity"": ""38"", ""covered"": ""no"", ""name"": ""Talley/Price Bike Rack"", ""source"": ""Walking Papers""}"
RAL-03A,node,1157643434,Talley on Cates Bike Rack,amenity,bicycle_parking,Point,low_value_category,"{""amenity"": ""bicycle_parking"", ""capacity"": ""3"", ""name"": ""Talley on Cates Bike Rack"", ""source"": ""Walking Papers""}"
RAL-03A,node,1157643614,Wolf Village Building C,amenity,bicycle_parking,Point,low_value_category,"{""amenity"": ""bicycle_parking"", ""capacity"": ""11"", ""name"": ""Wolf Village Building C"", ""source"": ""Garmin 62s""}"
RAL-03A,node,1157643875,Wolf Village Building B,amenity,bicycle_parking,Point,low_value_category,"{""amenity"": ""bicycle_parking"", ""capacity"": ""22"", ""name"": ""Wolf Village Building B"", ""source"": ""Garmin 62s""}"
RAL-03A,node,1157645576,Wolf Village Building G,amenity,bicycle_parking,Point,low_value_category,"{""amenity"": ""bicycle_parking"", ""bicycle_parking"": ""wave"", ""capacity"": ""12"", ""covered"": ""no"", ""fee"": ""no"", ""name"": ""Wolf Village Building G"", ""source"": ""Garmin 62s""}"
RAL-03A,node,1157649756,Lee Bike Rack 4,amenity,bicycle_parking,Point,low_value_category,"{""amenity"": ""bicycle_parking"", ""capacity"": ""15"", ""int_name"": ""Bike Rack"", ""name"": ""Lee Bike Rack 4"", ""source"": ""walking papers""}"
RAL-03A,node,1157649769,Lee Bike Rack 5,amenity,bicycle_parking,Point,low_value_category,"{""amenity"": ""bicycle_parking"", ""capacity"": ""20"", ""int_name"": ""Bike Rack"", ""name"": ""Lee Bike Rack 5"", ""source"": ""walking papers""}"
RAL-03A,node,1157649776,Lee Bike Rack 8,amenity,bicycle_parking,Point,low_value_category,"{""amenity"": ""bicycle_parking"", ""capacity"": ""20"", ""int_name"": ""Bike Rack"", ""name"": ""Lee Bike Rack 8"", ""source"": ""walking papers""}"
RAL-03A,node,1157649789,Lee Bike Rack 6,amenity,bicycle_parking,Point,low_value_category,"{""amenity"": ""bicycle_parking"", ""capacity"": ""20"", ""int_name"": ""Bike Rack"", ""name"": ""Lee Bike Rack 6"", ""source"": ""walking papers""}"
RAL-03A,node,1157649791,Lee Bike Rack 1,amenity,bicycle_parking,Point,low_value_category,"{""amenity"": ""bicycle_parking"", ""capacity"": ""30"", ""int_name"": ""Bike Rack"", ""name"": ""Lee Bike Rack 1"", ""source"": ""walking papers""}"
RAL-03A,node,1157649802,Lee Bike Rack 9,amenity,bicycle_parking,Point,low_value_category,"{""amenity"": ""bicycle_parking"", ""capacity"": ""20"", ""int_name"": ""Bike Rack"", ""name"": ""Lee Bike Rack 9"", ""source"": ""walking papers""}"
RAL-03A,node,1157649806,Lee Bike Rack 3,amenity,bicycle_parking,Point,low_value_category,"{""amenity"": ""bicycle_parking"", ""capacity"": ""30"", ""int_name"": ""Bike Rack"", ""name"": ""Lee Bike Rack 3"", ""source"": ""walking papers""}"
RAL-03A,node,1157649830,Lee Bike Rack 7,amenity,bicycle_parking,Point,low_value_category,"{""amenity"": ""bicycle_parking"", ""capacity"": ""20"", ""int_name"": ""Bike Rack"", ""name"": ""Lee Bike Rack 7"", ""source"": ""walking papers""}"
RAL-03A,node,1157649838,Lee Bike Rack 2,amenity,bicycle_parking,Point,low_value_category,"{""amenity"": ""bicycle_parking"", ""capacity"": ""30"", ""int_name"": ""Bike Rack"", ""name"": ""Lee Bike Rack 2"", ""source"": ""walking papers""}"
RAL-03A,node,1157650190,Admin. Serv. Bldg. II Bike Rack,amenity,bicycle_parking,Point,low_value_category,"{""amenity"": ""bicycle_parking"", ""capacity"": ""2"", ""name"": ""Admin. Serv. Bldg. II Bike Rack"", ""source"": ""Garmin 62s""}"
RAL-03A,node,1157650191,Admin. Serv. Bldg. I Bike Rack,amenity,bicycle_parking,Point,low_value_category,"{""amenity"": ""bicycle_parking"", ""bicycle_parking"": ""stands"", ""capacity"": ""4"", ""name"": ""Admin. Serv. Bldg. I Bike Rack"", ""source"": ""Garmin 62s""}"
RAL-03A,node,1286828164,Wolfline Bus Stop,public_transport,platform,Point,transport_platform_infrastructure,"{""bench"": ""no"", ""bin"": ""yes"", ""bus"": ""yes"", ""highway"": ""bus_stop"", ""mapillary"": ""1118386501973032"", ""name"": ""Wolfline Bus Stop"", ""public_transport"": ""platform"", ""shelter"": ""no"", ""survey:date"": ""2019-01-02""}"
RAL-03A,node,1287675770,,amenity,parking_entrance,Point,low_value_category,"{""amenity"": ""parking_entrance""}"
RAL-03A,node,2458229910,,amenity,bicycle_parking,Point,low_value_category,"{""amenity"": ""bicycle_parking"", ""bicycle_parking"": ""stands""}"
RAL-03A,node,2915315361,,tourism,information,Point,unnamed_not_inherently_meaningful,"{""information"": ""map"", ""tourism"": ""information""}"
RAL-03A,node,3016870625,,amenity,parking_entrance,Point,low_value_category,"{""amenity"": ""parking_entrance""}"
RAL-03A,node,3113387115,,amenity,bicycle_parking,Point,low_value_category,"{""amenity"": ""bicycle_parking""}"
RAL-03A,node,3376088042,Dero,amenity,bicycle_repair_station,Point,low_value_category,"{""amenity"": ""bicycle_repair_station"", ""brand"": ""Dero"", ""note"": ""North Carolina State University"", ""opening_hours"": ""24/7"", ""service:bicycle:chain_tool"": ""no"", ""source"": ""osmsync:dero""}"
RAL-03A,node,4936022307,,leisure,picnic_table,Point,low_value_category,"{""covered"": ""no"", ""leisure"": ""picnic_table""}"
RAL-03A,node,4936022308,,amenity,bbq,Point,unnamed_not_inherently_meaningful,"{""amenity"": ""bbq"", ""check_date"": ""2023-11-03"", ""covered"": ""no""}"
RAL-03A,node,4936026716,,leisure,picnic_table,Point,low_value_category,"{""leisure"": ""picnic_table""}"
RAL-03A,node,4936027130,,leisure,picnic_table,Point,low_value_category,"{""leisure"": ""picnic_table""}"
RAL-03A,node,4936027131,,amenity,bbq,Point,unnamed_not_inherently_meaningful,"{""amenity"": ""bbq"", ""covered"": ""no""}"
RAL-03A,node,5840644057,Morrill Dr at Cates Ave (NB),public_transport,platform,Point,transport_platform_infrastructure,"{""bench"": ""no"", ""bin"": ""yes"", ""bus"": ""yes"", ""highway"": ""bus_stop"", ""mapillary"": ""1345666352484979"", ""name"": ""Morrill Dr at Cates Ave (NB)"", ""network"": ""Wolfline;GoRaleigh"", ""operator"": ""Transdev"", ""passenger_information_display"": ""no"", ""public_transport"": ""platform"", ""ref"": ""8567"", ""shelter"": ""no"", ""survey:date"": ""2020-02-08""}"
RAL-03A,node,6507308245,Varsity Dr at West Deck,public_transport,platform,Point,transport_platform_infrastructure,"{""bench"": ""no"", ""bin"": ""no"", ""bus"": ""yes"", ""highway"": ""bus_stop"", ""mapillary"": ""335694977915140"", ""name"": ""Varsity Dr at West Deck"", ""network"": ""Wolfline"", ""public_transport"": ""platform"", ""ref"": ""136"", ""shelter"": ""no"", ""survey:date"": ""2019-01-02""}"
RAL-03A,node,6507325942,Wolf Village Shelter #2 (EB),public_transport,platform,Point,transport_platform_infrastructure,"{""bench"": ""yes"", ""bin"": ""yes"", ""bus"": ""yes"", ""highway"": ""bus_stop"", ""name"": ""Wolf Village Shelter #2 (EB)"", ""network"": ""Wolfline"", ""operator"": ""NC State University"", ""public_transport"": ""platform"", ""ref"": ""255"", ""shelter"": ""yes"", ""tactile_paving"": ""no""}"
RAL-03A,node,6507326630,Morrill Dr at Carmichael Gym,public_transport,platform,Point,transport_platform_infrastructure,"{""bench"": ""yes"", ""bin"": ""yes"", ""bus"": ""yes"", ""check_date"": ""2026-07-20"", ""check_date:shelter"": ""2026-07-20"", ""highway"": ""bus_stop"", ""mapillary"": ""832653674039522"", ""name"": ""Morrill Dr at Carmichael Gym"", ""network"": ""Wolfline;GoRaleigh"", ""public_transport"": ""platform"", ""ref"": ""8525"", ""shelter"": ""yes""}"
RAL-03A,node,6507340796,Dan Allen Dr at Witherspoon Student Center,public_transport,platform,Point,transport_platform_infrastructure,"{""bench"": ""no"", ""bin"": ""no"", ""bus"": ""yes"", ""highway"": ""bus_stop"", ""mapillary"": ""1935374053286775"", ""name"": ""Dan Allen Dr at Witherspoon Student Center"", ""network"": ""Wolfline"", ""public_transport"": ""platform"", ""ref"": ""225"", ""shelter"": ""yes"", ""survey:date"": ""2018-12-08""}"
RAL-03A,node,6507340797,Sullivan Dr at Lee Lot,public_transport,platform,Point,transport_platform_infrastructure,"{""bench"": ""no"", ""bin"": ""no"", ""bus"": ""yes"", ""highway"": ""bus_stop"", ""mapillary"": ""2882678108647110"", ""name"": ""Sullivan Dr at Lee Lot"", ""network"": ""Wolfline"", ""public_transport"": ""platform"", ""ref"": ""263"", ""shelter"": ""no"", ""survey:date"": ""2019-05-12""}"
RAL-03A,node,6507343432,Faucette Dr at Weaver Labs,public_transport,platform,Point,transport_platform_infrastructure,"{""bench"": ""yes"", ""bin"": ""no"", ""bus"": ""yes"", ""highway"": ""bus_stop"", ""lit"": ""no"", ""mapillary"": ""537286580988324"", ""name"": ""Faucette Dr at Weaver Labs"", ""network"": ""Wolfline"", ""public_transport"": ""platform"", ""ref"": ""132"", ""shelter"": ""no"", ""survey:date"": ""2019-01-02"", ""tactile_paving"": ""no""}"
RAL-03A,node,6507344312,Faucette Dr at Varsity Dr (Butler),public_transport,platform,Point,transport_platform_infrastructure,"{""bench"": ""yes"", ""bin"": ""no"", ""bus"": ""yes"", ""highway"": ""bus_stop"", ""lit"": ""no"", ""mapillary"": ""4281212158598339"", ""name"": ""Faucette Dr at Varsity Dr (Butler)"", ""network"": ""Wolfline"", ""public_transport"": ""platform"", ""ref"": ""137"", ""shelter"": ""no"", ""survey:date"": ""2019-08-04"", ""tactile_paving"": ""no""}"
RAL-03A,node,6507347088,Varsity Dr at Campus Police,public_transport,platform,Point,transport_platform_infrastructure,"{""bench"": ""no"", ""bin"": ""yes"", ""bus"": ""yes"", ""highway"": ""bus_stop"", ""mapillary"": ""345636946988018"", ""name"": ""Varsity Dr at Campus Police"", ""network"": ""Wolfline"", ""public_transport"": ""platform"", ""ref"": ""270"", ""shelter"": ""no"", ""survey:date"": ""2019-01-20""}"
RAL-03A,node,6507347090,Cates Ave at Talley Student Center,public_transport,platform,Point,transport_platform_infrastructure,"{""bench"": ""no"", ""bin"": ""no"", ""bus"": ""yes"", ""highway"": ""bus_stop"", ""mapillary"": ""487717182502528"", ""name"": ""Cates Ave at Talley Student Center"", ""network"": ""Wolfline"", ""public_transport"": ""platform"", ""ref"": ""150"", ""shelter"": ""no"", ""survey:date"": ""2019-08-04""}"
RAL-03A,node,6507347556,Cates Ave at Witherspoon Student Center,public_transport,platform,Point,transport_platform_infrastructure,"{""bench"": ""no"", ""bin"": ""no"", ""bus"": ""yes"", ""highway"": ""bus_stop"", ""mapillary"": ""467434394479716"", ""name"": ""Cates Ave at Witherspoon Student Center"", ""network"": ""Wolfline"", ""public_transport"": ""platform"", ""ref"": ""121"", ""shelter"": ""no"", ""survey:date"": ""2019-01-02""}"
RAL-03A,node,6507350913,Dan Allen Dr at Lee Lot,public_transport,platform,Point,transport_platform_infrastructure,"{""bench"": ""no"", ""bin"": ""no"", ""bus"": ""yes"", ""highway"": ""bus_stop"", ""mapillary"": ""308497950785230"", ""name"": ""Dan Allen Dr at Lee Lot"", ""network"": ""Wolfline"", ""public_transport"": ""platform"", ""ref"": ""231"", ""shelter"": ""no"", ""survey:date"": ""2018-12-08"", ""tactile_paving"": ""no""}"
RAL-03A,node,6507352246,Dan Allen Dr at Hodges Bldg,public_transport,platform,Point,transport_platform_infrastructure,"{""bench"": ""no"", ""bin"": ""no"", ""bus"": ""yes"", ""highway"": ""bus_stop"", ""mapillary"": ""259996335809383"", ""name"": ""Dan Allen Dr at Hodges Bldg"", ""network"": ""Wolfline"", ""public_transport"": ""platform"", ""ref"": ""140"", ""shelter"": ""no"", ""survey:date"": ""2019-03-16""}"
RAL-03A,node,6507355475,Dan Allen Dr at Schaub Food Science Bldg,public_transport,platform,Point,transport_platform_infrastructure,"{""bench"": ""no"", ""bin"": ""no"", ""bus"": ""yes"", ""highway"": ""bus_stop"", ""mapillary"": ""184883510156459"", ""name"": ""Dan Allen Dr at Schaub Food Science Bldg"", ""network"": ""Wolfline"", ""public_transport"": ""platform"", ""ref"": ""249"", ""shelter"": ""no"", ""survey:date"": ""2019-01-02""}"
RAL-03A,node,6507357419,Sullivan Dr at West Lot,public_transport,platform,Point,transport_platform_infrastructure,"{""bench"": ""yes"", ""bin"": ""yes"", ""bus"": ""yes"", ""check_date"": ""2025-03-11"", ""check_date:tactile_paving"": ""2025-03-11"", ""highway"": ""bus_stop"", ""mapillary"": ""460583445024063"", ""name"": ""Sullivan Dr at West Lot"", ""network"": ""Wolfline"", ""public_transport"": ""platform"", ""ref"": ""123"", ""shelter"": ""yes"", ""tactile_paving"": ""no""}"
RAL-03A,node,6507359406,Faucette Dr at Dan Allen Dr (Robertson),public_transport,platform,Point,transport_platform_infrastructure,"{""bench"": ""no"", ""bin"": ""no"", ""bus"": ""yes"", ""highway"": ""bus_stop"", ""mapillary"": ""1441860689492280"", ""name"": ""Faucette Dr at Dan Allen Dr (Robertson)"", ""network"": ""Wolfline"", ""public_transport"": ""platform"", ""ref"": ""141"", ""shelter"": ""no"", ""survey:date"": ""2019-01-02""}"
RAL-03A,node,6507363454,Ligon St at Method Rd (King Village),public_transport,platform,Point,transport_platform_infrastructure,"{""bus"": ""yes"", ""highway"": ""bus_stop"", ""name"": ""Ligon St at Method Rd (King Village)"", ""network"": ""Wolfline"", ""public_transport"": ""platform"", ""ref"": ""127""}"
RAL-03A,node,6507364011,Dunn Ave at Jeter Dr (Coliseum Parking Deck),public_transport,platform,Point,transport_platform_infrastructure,"{""bench"": ""yes"", ""bin"": ""yes"", ""bus"": ""yes"", ""check_date:shelter"": ""2023-11-01"", ""highway"": ""bus_stop"", ""name"": ""Dunn Ave at Jeter Dr (Coliseum Parking Deck)"", ""network"": ""Wolfline;GoRaleigh"", ""public_transport"": ""platform"", ""ref"": ""9613"", ""shelter"": ""yes"", ""tactile_paving"": ""no""}"
RAL-03A,node,6507364661,Sullivan Dr at Admin Services (EB),public_transport,platform,Point,transport_platform_infrastructure,"{""bus"": ""yes"", ""highway"": ""bus_stop"", ""name"": ""Sullivan Dr at Admin Services (EB)"", ""network"": ""Wolfline"", ""public_transport"": ""platform"", ""ref"": ""184""}"
RAL-03A,node,6507368127,Ligon St at King Village,public_transport,platform,Point,transport_platform_infrastructure,"{""bus"": ""yes"", ""highway"": ""bus_stop"", ""name"": ""Ligon St at King Village"", ""network"": ""Wolfline"", ""public_transport"": ""platform"", ""ref"": ""126""}"
RAL-03A,node,6507370047,Ligon St at O'kelly St (King Village),public_transport,platform,Point,transport_platform_infrastructure,"{""bus"": ""yes"", ""highway"": ""bus_stop"", ""name"": ""Ligon St at O'kelly St (King Village)"", ""network"": ""Wolfline"", ""public_transport"": ""platform"", ""ref"": ""125""}"
RAL-03A,node,6507371286,Wolf Village Shelter #1 (WB),public_transport,platform,Point,transport_platform_infrastructure,"{""bench"": ""yes"", ""bin"": ""yes"", ""bus"": ""yes"", ""highway"": ""bus_stop"", ""name"": ""Wolf Village Shelter #1 (WB)"", ""network"": ""Wolfline"", ""operator"": ""NC State University"", ""public_transport"": ""platform"", ""ref"": ""215"", ""shelter"": ""yes"", ""tactile_paving"": ""no""}"
RAL-03A,node,6510040760,Morrill Dr at Faucette Dr,public_transport,platform,Point,transport_platform_infrastructure,"{""bench"": ""no"", ""bin"": ""yes"", ""bus"": ""yes"", ""highway"": ""bus_stop"", ""name"": ""Morrill Dr at Faucette Dr"", ""network"": ""Wolfline;GoRaleigh"", ""public_transport"": ""platform"", ""ref"": ""9614"", ""shelter"": ""no""}"
RAL-03A,node,8567663934,,amenity,parking_entrance,Point,low_value_category,"{""amenity"": ""parking_entrance""}"
RAL-03A,node,8567663939,,amenity,parking_entrance,Point,low_value_category,"{""amenity"": ""parking_entrance""}"
RAL-03A,node,8567663943,,amenity,parking_entrance,Point,low_value_category,"{""amenity"": ""parking_entrance""}"
RAL-03A,node,8567663945,,amenity,parking_entrance,Point,low_value_category,"{""amenity"": ""parking_entrance""}"
RAL-03A,node,8904134510,,amenity,mailroom,Point,unnamed_not_inherently_meaningful,"{""amenity"": ""mailroom""}"
RAL-03A,node,8904195056,,amenity,mailroom,Point,unnamed_not_inherently_meaningful,"{""amenity"": ""mailroom""}"
RAL-03A,node,10222153986,,tourism,information,Point,unnamed_not_inherently_meaningful,"{""information"": ""map"", ""tourism"": ""information""}"
RAL-03A,node,10222156049,,amenity,bench,Point,low_value_category,"{""amenity"": ""bench"", ""armrest"": ""yes"", ""backrest"": ""yes"", ""bench:type"": ""swing"", ""material"": ""wood""}"
RAL-03A,node,10222156052,,tourism,information,Point,unnamed_not_inherently_meaningful,"{""information"": ""map"", ""tourism"": ""information""}"
RAL-03A,node,11651137388,,amenity,bicycle_parking,Point,low_value_category,"{""amenity"": ""bicycle_parking"", ""bicycle_parking"": ""wall_loops"", ""capacity"": ""5"", ""covered"": ""no""}"
RAL-03A,node,11704631602,,amenity,bicycle_parking,Point,low_value_category,"{""amenity"": ""bicycle_parking"", ""bicycle_parking"": ""stands""}"
RAL-03A,node,11704631630,,amenity,bicycle_parking,Point,low_value_category,"{""amenity"": ""bicycle_parking"", ""bicycle_parking"": ""wave"", ""capacity"": ""28"", ""covered"": ""no"", ""fee"": ""no"", ""indoor"": ""no"", ""level"": ""0"", ""lit"": ""yes""}"
RAL-03A,node,12588787607,,amenity,recycling,Point,low_value_category,"{""amenity"": ""recycling"", ""colour"": ""yellow"", ""recycling:electrical_items"": ""yes"", ""recycling_type"": ""container""}"
RAL-03A,node,12588787613,,amenity,recycling,Point,low_value_category,"{""amenity"": ""recycling"", ""colour"": ""yellow"", ""recycling:electrical_items"": ""yes"", ""recycling_type"": ""container""}"
RAL-03A,node,12588787614,,amenity,recycling,Point,low_value_category,"{""amenity"": ""recycling"", ""colour"": ""yellow"", ""recycling:electrical_items"": ""yes"", ""recycling_type"": ""container""}"
RAL-03A,node,12588787615,,amenity,recycling,Point,low_value_category,"{""amenity"": ""recycling"", ""colour"": ""yellow"", ""recycling:electrical_items"": ""yes"", ""recycling_type"": ""container""}"
RAL-03A,node,12588787616,,amenity,recycling,Point,low_value_category,"{""amenity"": ""recycling"", ""colour"": ""yellow"", ""recycling:electrical_items"": ""yes"", ""recycling_type"": ""container""}"
RAL-03A,node,12652716637,,amenity,bench,Point,low_value_category,"{""amenity"": ""bench"", ""backrest"": ""no""}"
RAL-03A,node,13121271218,,amenity,waste_basket,Point,low_value_category,"{""amenity"": ""waste_basket"", ""covered"": ""yes"", ""indoor"": ""no"", ""material"": ""steel"", ""waste"": ""cigarettes;trash""}"
RAL-03A,node,13121271219,,amenity,recycling,Point,low_value_category,"{""amenity"": ""recycling"", ""covered"": ""yes"", ""indoor"": ""no"", ""recycling:cans"": ""yes"", ""recycling:paper"": ""yes"", ""recycling:plastic_bottles"": ""yes"", ""recycling_type"": ""container""}"
RAL-03A,node,13121271222,,amenity,waste_basket,Point,low_value_category,"{""amenity"": ""waste_basket"", ""covered"": ""no"", ""indoor"": ""no"", ""material"": ""steel"", ""waste"": ""trash""}"
RAL-03A,node,13121271223,,amenity,recycling,Point,low_value_category,"{""amenity"": ""recycling"", ""covered"": ""yes"", ""indoor"": ""no"", ""recycling:cans"": ""yes"", ""recycling:glass_bottles"": ""yes"", ""recycling:paper"": ""yes"", ""recycling:plastic_bottles"": ""yes"", ""recycling_type"": ""container""}"
RAL-03A,node,13121271224,,amenity,bench,Point,low_value_category,"{""amenity"": ""bench"", ""armrest"": ""yes"", ""backrest"": ""yes"", ""material"": ""wood""}"
RAL-03A,node,13121271225,,amenity,bench,Point,low_value_category,"{""amenity"": ""bench"", ""armrest"": ""yes"", ""backrest"": ""yes"", ""bench:type"": ""swing"", ""material"": ""wood""}"
RAL-03A,node,13121271226,,amenity,bench,Point,low_value_category,"{""amenity"": ""bench"", ""armrest"": ""yes"", ""backrest"": ""yes"", ""bench:type"": ""swing"", ""material"": ""wood""}"
RAL-03A,node,13121271227,,amenity,table,Point,unnamed_not_inherently_meaningful,"{""amenity"": ""table"", ""lit"": ""no"", ""material"": ""steel"", ""seats"": ""4""}"
RAL-03A,node,13121271228,,amenity,table,Point,unnamed_not_inherently_meaningful,"{""amenity"": ""table"", ""lit"": ""no"", ""material"": ""steel"", ""seats"": ""4""}"
RAL-03A,node,13121271229,,amenity,table,Point,unnamed_not_inherently_meaningful,"{""amenity"": ""table"", ""lit"": ""no"", ""material"": ""steel"", ""seats"": ""4""}"
RAL-03A,node,13121271230,,amenity,table,Point,unnamed_not_inherently_meaningful,"{""amenity"": ""table"", ""lit"": ""no"", ""material"": ""steel"", ""seats"": ""4""}"
RAL-03A,node,13121271231,,amenity,bbq,Point,unnamed_not_inherently_meaningful,"{""amenity"": ""bbq"", ""covered"": ""no"", ""fuel"": ""charcoal"", ""lit"": ""no""}"
RAL-03A,node,13121271232,,amenity,bbq,Point,unnamed_not_inherently_meaningful,"{""amenity"": ""bbq"", ""covered"": ""no"", ""fuel"": ""charcoal"", ""lit"": ""no""}"
RAL-03A,node,13121271233,,amenity,bench,Point,low_value_category,"{""amenity"": ""bench"", ""armrest"": ""yes"", ""backrest"": ""yes"", ""material"": ""wood""}"
RAL-03A,node,13239638240,,amenity,waste_basket,Point,low_value_category,"{""amenity"": ""waste_basket"", ""covered"": ""no"", ""indoor"": ""no"", ""material"": ""steel"", ""waste"": ""trash;organic""}"
RAL-03A,node,13239638248,,amenity,waste_basket,Point,low_value_category,"{""amenity"": ""waste_basket"", ""covered"": ""no"", ""indoor"": ""no"", ""material"": ""steel"", ""waste"": ""trash;organic""}"
RAL-03A,node,13239638249,,amenity,recycling,Point,low_value_category,"{""amenity"": ""recycling"", ""covered"": ""yes"", ""indoor"": ""no"", ""material"": ""steel"", ""recycling:cans"": ""yes"", ""recycling:glass_bottles"": ""yes"", ""recycling:plastic_bottles"": ""yes"", ""recycling_type"": ""container""}"
RAL-03A,node,13239638256,,amenity,recycling,Point,low_value_category,"{""amenity"": ""recycling"", ""covered"": ""no"", ""indoor"": ""no"", ""material"": ""steel"", ""recycling:cans"": ""yes"", ""recycling:glass_bottles"": ""yes"", ""recycling:plastic_bottles"": ""yes"", ""recycling_type"": ""container""}"
RAL-03A,node,13239638266,,amenity,bench,Point,low_value_category,"{""amenity"": ""bench"", ""armrest"": ""yes"", ""backrest"": ""yes"", ""bench:type"": ""swing"", ""lit"": ""no"", ""material"": ""metal""}"
RAL-03A,node,13239638267,,amenity,bench,Point,low_value_category,"{""amenity"": ""bench"", ""armrest"": ""yes"", ""backrest"": ""yes"", ""bench:type"": ""swing"", ""lit"": ""no"", ""material"": ""metal""}"
RAL-03A,node,13239638268,,amenity,waste_basket,Point,low_value_category,"{""amenity"": ""waste_basket"", ""covered"": ""yes"", ""indoor"": ""no"", ""material"": ""steel"", ""waste"": ""trash;organic;cigarettes""}"
RAL-03A,node,13239638270,,amenity,bench,Point,low_value_category,"{""amenity"": ""bench"", ""armrest"": ""yes"", ""backrest"": ""yes"", ""material"": ""wood""}"
RAL-03A,node,13239638271,,amenity,bench,Point,low_value_category,"{""amenity"": ""bench"", ""armrest"": ""yes"", ""backrest"": ""yes"", ""material"": ""wood""}"
RAL-03A,node,13239638272,,leisure,picnic_table,Point,low_value_category,"{""bench"": ""yes"", ""leisure"": ""picnic_table"", ""lit"": ""no"", ""material"": ""steel""}"
RAL-03A,node,13239638273,,leisure,picnic_table,Point,low_value_category,"{""bench"": ""yes"", ""leisure"": ""picnic_table"", ""lit"": ""no"", ""material"": ""steel""}"
RAL-03A,node,13239638274,,amenity,bbq,Point,unnamed_not_inherently_meaningful,"{""amenity"": ""bbq"", ""covered"": ""no"", ""fuel"": ""charcoal""}"
RAL-03A,node,13239638275,,amenity,bbq,Point,unnamed_not_inherently_meaningful,"{""amenity"": ""bbq"", ""covered"": ""no"", ""fuel"": ""charcoal""}"
RAL-03A,node,13239638282,,amenity,recycling,Point,low_value_category,"{""amenity"": ""recycling"", ""covered"": ""yes"", ""indoor"": ""no"", ""recycling:cans"": ""yes"", ""recycling:glass_bottles"": ""yes"", ""recycling:plastic_bottles"": ""yes"", ""recycling_type"": ""container""}"
RAL-03A,node,13250238883,,amenity,recycling,Point,low_value_category,"{""amenity"": ""recycling"", ""covered"": ""yes"", ""indoor"": ""no"", ""material"": ""plastic"", ""recycling:electrical_items"": ""yes"", ""recycling_type"": ""container""}"
RAL-03A,node,13250238885,,amenity,bicycle_parking,Point,low_value_category,"{""amenity"": ""bicycle_parking"", ""bicycle_parking"": ""safe_loops"", ""capacity"": ""36"", ""covered"": ""no"", ""fee"": ""no"", ""indoor"": ""no"", ""lit"": ""no""}"
RAL-03A,node,13250238887,,amenity,bicycle_parking,Point,low_value_category,"{""amenity"": ""bicycle_parking"", ""bicycle_parking"": ""safe_loops"", ""capacity"": ""24"", ""covered"": ""no"", ""fee"": ""no"", ""indoor"": ""no"", ""lit"": ""no""}"
RAL-03A,node,13250246627,,amenity,bicycle_repair_station,Point,low_value_category,"{""amenity"": ""bicycle_repair_station"", ""fee"": ""no"", ""service:bicycle:pump"": ""yes""}"
RAL-03A,node,13250246628,,amenity,bicycle_parking,Point,low_value_category,"{""amenity"": ""bicycle_parking"", ""bicycle_parking"": ""safe_loops"", ""capacity"": ""12"", ""covered"": ""no"", ""fee"": ""no"", ""indoor"": ""no"", ""level"": ""0""}"
RAL-03A,node,13256603648,,amenity,recycling,Point,low_value_category,"{""amenity"": ""recycling"", ""recycling_type"": ""container""}"
RAL-03A,node,13256603649,,amenity,waste_basket,Point,low_value_category,"{""amenity"": ""waste_basket"", ""material"": ""steel"", ""waste"": ""trash;cigarettes""}"
RAL-03A,node,13256603656,,amenity,bench,Point,low_value_category,"{""amenity"": ""bench"", ""armrest"": ""yes"", ""backrest"": ""yes"", ""material"": ""wood""}"
RAL-03A,node,13256603657,,amenity,bicycle_parking,Point,low_value_category,"{""amenity"": ""bicycle_parking"", ""bicycle_parking"": ""safe_loops"", ""capacity"": ""6"", ""covered"": ""no"", ""fee"": ""no"", ""indoor"": ""no"", ""lit"": ""yes""}"
RAL-03A,node,13256603658,,amenity,bicycle_parking,Point,low_value_category,"{""amenity"": ""bicycle_parking"", ""bicycle_parking"": ""safe_loops"", ""capacity"": ""6"", ""covered"": ""no"", ""fee"": ""no"", ""indoor"": ""no"", ""lit"": ""no""}"
RAL-03A,node,13256603660,,amenity,bicycle_parking,Point,low_value_category,"{""amenity"": ""bicycle_parking"", ""bicycle_parking"": ""safe_loops"", ""capacity"": ""6"", ""covered"": ""no"", ""fee"": ""no"", ""indoor"": ""no"", ""lit"": ""no""}"
RAL-03A,node,13256603661,,amenity,bicycle_parking,Point,low_value_category,"{""amenity"": ""bicycle_parking"", ""bicycle_parking"": ""safe_loops"", ""capacity"": ""6"", ""covered"": ""no"", ""fee"": ""no"", ""indoor"": ""no"", ""lit"": ""yes""}"
RAL-03A,node,13256603663,,amenity,bicycle_parking,Point,low_value_category,"{""amenity"": ""bicycle_parking"", ""bicycle_parking"": ""safe_loops"", ""capacity"": ""6"", ""covered"": ""no"", ""fee"": ""no"", ""indoor"": ""no"", ""lit"": ""no""}"
RAL-03A,node,13256603664,,amenity,bicycle_parking,Point,low_value_category,"{""amenity"": ""bicycle_parking"", ""bicycle_parking"": ""safe_loops"", ""capacity"": ""6"", ""covered"": ""no"", ""fee"": ""no"", ""indoor"": ""no"", ""lit"": ""no""}"
RAL-03A,node,13256603667,,amenity,bicycle_parking,Point,low_value_category,"{""amenity"": ""bicycle_parking"", ""bicycle_parking"": ""safe_loops"", ""capacity"": ""6"", ""covered"": ""no"", ""fee"": ""no"", ""indoor"": ""no""}"
RAL-03A,node,13256603668,,amenity,bicycle_parking,Point,low_value_category,"{""amenity"": ""bicycle_parking"", ""bicycle_parking"": ""safe_loops"", ""capacity"": ""6"", ""covered"": ""no"", ""fee"": ""no"", ""indoor"": ""no""}"
RAL-03A,node,13256603671,,amenity,bicycle_parking,Point,low_value_category,"{""amenity"": ""bicycle_parking"", ""bicycle_parking"": ""safe_loops"", ""capacity"": ""12"", ""covered"": ""no"", ""fee"": ""no"", ""indoor"": ""no""}"
RAL-03A,node,13256603675,,amenity,waste_basket,Point,low_value_category,"{""amenity"": ""waste_basket"", ""material"": ""steel"", ""waste"": ""trash;cigarettes""}"
RAL-03A,node,13256603676,,amenity,recycling,Point,low_value_category,"{""amenity"": ""recycling"", ""recycling_type"": ""container""}"
RAL-03A,node,13256603677,,amenity,bicycle_parking,Point,low_value_category,"{""amenity"": ""bicycle_parking"", ""bicycle_parking"": ""wave"", ""capacity"": ""12"", ""covered"": ""no"", ""fee"": ""no""}"
RAL-03A,node,13256603684,,amenity,bench,Point,low_value_category,"{""amenity"": ""bench"", ""armrest"": ""yes"", ""backrest"": ""yes"", ""material"": ""wood""}"
RAL-03A,node,13256603690,,amenity,bench,Point,low_value_category,"{""amenity"": ""bench"", ""armrest"": ""yes"", ""backrest"": ""yes"", ""material"": ""wood""}"
RAL-03A,node,13256603698,,amenity,recycling,Point,low_value_category,"{""amenity"": ""recycling"", ""recycling_type"": ""container""}"
RAL-03A,node,13256603699,,amenity,waste_basket,Point,low_value_category,"{""amenity"": ""waste_basket"", ""material"": ""steel"", ""waste"": ""trash;cigarettes""}"
RAL-03A,node,13256625903,,amenity,bench,Point,low_value_category,"{""amenity"": ""bench"", ""armrest"": ""yes"", ""backrest"": ""yes"", ""material"": ""wood""}"
RAL-03A,node,13256625904,,amenity,bench,Point,low_value_category,"{""amenity"": ""bench"", ""armrest"": ""yes"", ""backrest"": ""yes"", ""material"": ""wood""}"
RAL-03A,node,13256625908,,amenity,recycling,Point,low_value_category,"{""amenity"": ""recycling"", ""colour"": ""yellow"", ""material"": ""plastic"", ""recycling:electrical_items"": ""yes"", ""recycling_type"": ""container""}"
RAL-03A,node,13256625911,,amenity,bicycle_parking,Point,low_value_category,"{""amenity"": ""bicycle_parking"", ""bicycle_parking"": ""wave"", ""capacity"": ""8"", ""covered"": ""no"", ""fee"": ""no"", ""lit"": ""yes""}"
RAL-03A,node,13256625916,,amenity,waste_basket,Point,low_value_category,"{""amenity"": ""waste_basket"", ""material"": ""steel"", ""waste"": ""trash;cigarettes""}"
RAL-03A,node,13256625917,,amenity,recycling,Point,low_value_category,"{""amenity"": ""recycling"", ""recycling_type"": ""container""}"
RAL-03A,node,13256625924,,amenity,bicycle_parking,Point,low_value_category,"{""amenity"": ""bicycle_parking"", ""bicycle_parking"": ""safe_loops"", ""capacity"": ""12"", ""covered"": ""no"", ""fee"": ""no""}"
RAL-03A,node,13256625925,,amenity,bench,Point,low_value_category,"{""amenity"": ""bench"", ""armrest"": ""yes"", ""backrest"": ""yes"", ""material"": ""wood""}"
RAL-03A,node,13256625929,,amenity,bench,Point,low_value_category,"{""amenity"": ""bench"", ""armrest"": ""yes"", ""backrest"": ""yes"", ""material"": ""wood""}"
RAL-03A,node,13256625932,,amenity,bench,Point,low_value_category,"{""amenity"": ""bench"", ""armrest"": ""yes"", ""backrest"": ""yes"", ""material"": ""wood""}"
RAL-03A,node,13256625934,,amenity,bench,Point,low_value_category,"{""amenity"": ""bench"", ""armrest"": ""yes"", ""backrest"": ""yes"", ""material"": ""wood""}"
RAL-03A,node,13256625937,,amenity,waste_basket,Point,low_value_category,"{""amenity"": ""waste_basket"", ""material"": ""steel"", ""waste"": ""trash;cigarettes""}"
RAL-03A,node,13256625938,,amenity,recycling,Point,low_value_category,"{""amenity"": ""recycling"", ""recycling_type"": ""container""}"
RAL-03A,node,13256625947,,amenity,bicycle_parking,Point,low_value_category,"{""amenity"": ""bicycle_parking"", ""bicycle_parking"": ""safe_loops"", ""capacity"": ""7"", ""covered"": ""no"", ""fee"": ""no""}"
RAL-03A,node,13325136641,,amenity,recycling,Point,low_value_category,"{""amenity"": ""recycling"", ""recycling:cans"": ""yes"", ""recycling:cardboard"": ""yes"", ""recycling:glass"": ""yes"", ""recycling:glass_bottles"": ""yes"", ""recycling:paper"": ""yes"", ""recycling:plastic_bottles"": ""yes"", ""recycling_type"": ""container""}"
RAL-03A,node,13325136642,,amenity,recycling,Point,low_value_category,"{""amenity"": ""recycling"", ""recycling:green_waste"": ""yes"", ""recycling_type"": ""container""}"
RAL-03A,node,13325136643,,amenity,recycling,Point,low_value_category,"{""amenity"": ""recycling"", ""recycling:cans"": ""yes"", ""recycling:plastic_bottles"": ""yes"", ""recycling_type"": ""container""}"
RAL-03A,node,13325136644,,amenity,waste_basket,Point,low_value_category,"{""amenity"": ""waste_basket"", ""material"": ""steel"", ""waste"": ""trash""}"
RAL-03A,node,13325136646,,amenity,recycling,Point,low_value_category,"{""amenity"": ""recycling"", ""colour"": ""yellow"", ""material"": ""plastic"", ""recycling:electrical_items"": ""yes"", ""recycling_type"": ""container""}"
RAL-03A,node,13325136647,,amenity,recycling,Point,low_value_category,"{""amenity"": ""recycling"", ""recycling:cans"": ""yes"", ""recycling:cardboard"": ""yes"", ""recycling:glass"": ""yes"", ""recycling:glass_bottles"": ""yes"", ""recycling:paper"": ""yes"", ""recycling:plastic"": ""yes"", ""recycling:plastic_bottles"": ""yes"", ""recycling_type"": ""container""}"
RAL-03A,node,13325136648,,amenity,recycling,Point,low_value_category,"{""amenity"": ""recycling"", ""recycling:cans"": ""yes"", ""recycling:cardboard"": ""yes"", ""recycling:glass"": ""yes"", ""recycling:glass_bottles"": ""yes"", ""recycling:paper"": ""yes"", ""recycling:plastic"": ""yes"", ""recycling:plastic_bottles"": ""yes"", ""recycling_type"": ""container""}"
RAL-03A,node,13325136655,,amenity,recycling,Point,low_value_category,"{""amenity"": ""recycling"", ""recycling:cans"": ""yes"", ""recycling:plastic_bottles"": ""yes"", ""recycling_type"": ""container""}"
RAL-03A,node,13325136656,,amenity,waste_basket,Point,low_value_category,"{""amenity"": ""waste_basket"", ""material"": ""steel"", ""waste"": ""trash""}"
RAL-03A,node,13325136658,,amenity,shelter,Point,low_value_category,"{""amenity"": ""shelter"", ""bench"": ""yes""}"
RAL-03A,node,13325136663,,amenity,shelter,Point,low_value_category,"{""amenity"": ""shelter"", ""shelter_type"": ""picnic_shelter""}"
RAL-03A,node,13325136664,,amenity,waste_basket,Point,low_value_category,"{""amenity"": ""waste_basket"", ""material"": ""steel"", ""waste"": ""trash""}"
RAL-03A,node,13325136665,,amenity,recycling,Point,low_value_category,"{""amenity"": ""recycling"", ""recycling:cans"": ""yes"", ""recycling:plastic_bottles"": ""yes"", ""recycling_type"": ""container""}"
RAL-03A,node,13325136671,,amenity,bicycle_parking,Point,low_value_category,"{""amenity"": ""bicycle_parking"", ""bicycle_parking"": ""loops"", ""capacity"": ""1"", ""covered"": ""no"", ""fee"": ""no""}"
RAL-03A,node,13325136673,,amenity,shelter,Point,low_value_category,"{""amenity"": ""shelter""}"
RAL-03A,node,13404753006,,amenity,bicycle_repair_station,Point,low_value_category,"{""amenity"": ""bicycle_repair_station""}"
RAL-03A,node,13404753007,,amenity,bicycle_parking,Point,low_value_category,"{""amenity"": ""bicycle_parking"", ""bicycle_parking"": ""stands""}"
RAL-03A,node,13448120889,,amenity,waste_basket,Point,low_value_category,"{""amenity"": ""waste_basket"", ""covered"": ""no"", ""indoor"": ""no"", ""material"": ""steel"", ""waste"": ""trash""}"
RAL-03A,node,13448120890,,amenity,recycling,Point,low_value_category,"{""amenity"": ""recycling"", ""covered"": ""yes"", ""indoor"": ""no"", ""material"": ""steel"", ""recycling:cans"": ""yes"", ""recycling:glass_bottles"": ""yes"", ""recycling:plastic_bottles"": ""yes"", ""recycling_type"": ""container""}"
RAL-03A,way,33069206,Coliseum Parking Deck,amenity,parking,Polygon,low_value_category,"{""access"": ""yes"", ""addr:city"": ""Raleigh"", ""addr:housenumber"": ""201"", ""addr:postcode"": ""27607"", ""addr:state"": ""NC"", ""addr:street"": ""Jeter Drive"", ""amenity"": ""parking"", ""building"": ""yes"", ""fee"": ""yes"", ""name"": ""Coliseum Parking Deck"", ""opening_hours"": ""North Carolina State University"", ""operator"": ""North Carolina"", ""operator:type"": ""university"", ""parking"": ""multi-storey""}"
RAL-03A,way,47692846,Public Safety Center,,,Polygon,no_target_tag,"{""addr:housenumber"": ""2610"", ""addr:state"": ""NC"", ""addr:street"": ""Wolf Village Way"", ""building"": ""yes"", ""name"": ""Public Safety Center"", ""source"": ""WakeGIS""}"
RAL-03A,way,47714141,Carmichael Gymnasium,,,Polygon,no_target_tag,"{""addr:city"": ""Raleigh"", ""addr:postcode"": ""27606"", ""addr:state"": ""NC"", ""building"": ""yes"", ""building:levels"": ""3"", ""building:use"": ""commercial"", ""ele"": ""105"", ""name"": ""Carmichael Gymnasium"", ""source"": ""USGS Geonames""}"
RAL-03A,way,113533636,,amenity,parking,Polygon,low_value_category,"{""access"": ""private"", ""amenity"": ""parking"", ""parking"": ""surface""}"
RAL-03A,way,113533637,,amenity,parking,Polygon,low_value_category,"{""access"": ""private"", ""amenity"": ""parking"", ""parking"": ""surface""}"
RAL-03A,way,113533641,,amenity,parking,Polygon,low_value_category,"{""access"": ""private"", ""amenity"": ""parking"", ""parking"": ""surface""}"
RAL-03A,way,113533647,,amenity,parking,Polygon,low_value_category,"{""access"": ""private"", ""amenity"": ""parking"", ""layer"": ""-1"", ""parking"": ""underground""}"
RAL-03A,way,113533648,,amenity,parking,Polygon,low_value_category,"{""access"": ""private"", ""amenity"": ""parking"", ""parking"": ""surface""}"
RAL-03A,way,113533657,,amenity,parking,Polygon,low_value_category,"{""access"": ""private"", ""amenity"": ""parking"", ""parking"": ""surface""}"
RAL-03A,way,113533670,,amenity,parking,Polygon,low_value_category,"{""access"": ""private"", ""amenity"": ""parking"", ""parking"": ""surface"", ""surface"": ""asphalt""}"
RAL-03A,way,175679899,Student Services Lot,amenity,parking,Polygon,low_value_category,"{""access"": ""private"", ""amenity"": ""parking"", ""name"": ""Student Services Lot"", ""parking"": ""surface"", ""surface"": ""asphalt""}"
RAL-03A,way,228077585,,amenity,parking,Polygon,low_value_category,"{""access"": ""private"", ""amenity"": ""parking"", ""parking"": ""surface""}"
RAL-03A,way,230124004,,amenity,parking,Polygon,low_value_category,"{""access"": ""private"", ""amenity"": ""parking"", ""parking"": ""surface""}"
RAL-03A,way,234850946,North Carolina State University,amenity,parking,Polygon,low_value_category,"{""access"": ""yes"", ""amenity"": ""parking"", ""capacity"": ""31"", ""fee"": ""no"", ""fee:conditional"": ""yes @ (Mo-Fr 07:00-17:00)"", ""operator"": ""North Carolina State University"", ""parking"": ""surface""}"
RAL-03A,way,235062453,,amenity,parking,Polygon,low_value_category,"{""access"": ""private"", ""amenity"": ""parking"", ""parking"": ""surface""}"
RAL-03A,way,235063028,,amenity,parking,Polygon,low_value_category,"{""access"": ""private"", ""amenity"": ""parking"", ""parking"": ""surface"", ""surface"": ""asphalt""}"
RAL-03A,way,236316164,,amenity,parking,Polygon,representative_point_outside_region,"{""access"": ""private"", ""amenity"": ""parking"", ""parking"": ""surface""}"
RAL-03A,way,236316740,,amenity,parking,Polygon,representative_point_outside_region,"{""access"": ""private"", ""amenity"": ""parking"", ""parking"": ""surface""}"
RAL-03A,way,236316741,,amenity,parking,Polygon,low_value_category,"{""access"": ""private"", ""amenity"": ""parking"", ""parking"": ""surface""}"
RAL-03A,way,237969294,,amenity,parking,Polygon,representative_point_outside_region,"{""amenity"": ""parking"", ""parking"": ""surface""}"
RAL-03A,way,237969295,,amenity,parking,Polygon,low_value_category,"{""access"": ""private"", ""amenity"": ""parking"", ""parking"": ""surface""}"
RAL-03A,way,237969297,,amenity,parking,Polygon,low_value_category,"{""amenity"": ""parking"", ""parking"": ""surface"", ""surface"": ""asphalt""}"
RAL-03A,way,239913549,,leisure,pitch,Polygon,unnamed_pitch,"{""access"": ""customers"", ""hoops"": ""8"", ""leisure"": ""pitch"", ""lit"": ""yes"", ""sport"": ""basketball"", ""surface"": ""concrete""}"
RAL-03A,way,239913679,,leisure,pitch,Polygon,unnamed_pitch,"{""leisure"": ""pitch"", ""sport"": ""beachvolleyball"", ""surface"": ""sand""}"
RAL-03A,way,263277712,,amenity,parking,Polygon,low_value_category,"{""access"": ""private"", ""amenity"": ""parking"", ""parking"": ""surface""}"
RAL-03A,way,263277713,,amenity,parking,Polygon,low_value_category,"{""access"": ""private"", ""amenity"": ""parking"", ""parking"": ""surface""}"
RAL-03A,way,263277714,,amenity,parking,Polygon,low_value_category,"{""access"": ""private"", ""addr:city"": ""Raleigh"", ""addr:state"": ""NC"", ""amenity"": ""parking"", ""fee"": ""yes"", ""park_ride"": ""no"", ""parking"": ""surface""}"
RAL-03A,way,263277715,,amenity,parking,Polygon,low_value_category,"{""access"": ""private"", ""amenity"": ""parking"", ""parking"": ""surface""}"
RAL-03A,way,263283524,,amenity,parking,Polygon,low_value_category,"{""access"": ""private"", ""amenity"": ""parking"", ""parking"": ""surface""}"
RAL-03A,way,263283526,,amenity,parking,Polygon,low_value_category,"{""access"": ""customers"", ""amenity"": ""parking"", ""parking"": ""surface""}"
RAL-03A,way,266857786,,amenity,parking,Polygon,low_value_category,"{""access"": ""private"", ""amenity"": ""parking"", ""parking"": ""surface""}"
RAL-03A,way,297566348,,amenity,parking,Polygon,low_value_category,"{""access"": ""private"", ""amenity"": ""parking"", ""parking"": ""surface"", ""surface"": ""asphalt""}"
RAL-03A,way,297781982,,amenity,parking,Polygon,low_value_category,"{""access"": ""private"", ""amenity"": ""parking"", ""parking"": ""surface""}"
RAL-03A,way,297782801,,amenity,parking,Polygon,low_value_category,"{""access"": ""private"", ""amenity"": ""parking"", ""parking"": ""surface""}"
RAL-03A,way,297784787,West Lot Parking Deck,amenity,parking,Polygon,low_value_category,"{""access"": ""private"", ""amenity"": ""parking"", ""building"": ""parking"", ""name"": ""West Lot Parking Deck"", ""parking"": ""multi-storey""}"
RAL-03A,way,297786358,North Carolina State University,amenity,parking,Polygon,low_value_category,"{""access"": ""yes"", ""amenity"": ""parking"", ""fee"": ""no"", ""fee:conditional"": ""yes @ (Mo-Fr 07:00-17:00)"", ""operator"": ""North Carolina State University"", ""parking"": ""surface""}"
RAL-03A,way,297786359,,amenity,parking,Polygon,low_value_category,"{""access"": ""private"", ""amenity"": ""parking"", ""parking"": ""surface""}"
RAL-03A,way,299589315,,amenity,parking,Polygon,low_value_category,"{""access"": ""private"", ""amenity"": ""parking"", ""parking"": ""surface""}"
RAL-03A,way,352180420,,amenity,parking,Polygon,low_value_category,"{""access"": ""private"", ""amenity"": ""parking"", ""parking"": ""surface"", ""surface"": ""asphalt""}"
RAL-03A,way,413134503,,amenity,parking,Polygon,low_value_category,"{""access"": ""private"", ""amenity"": ""parking"", ""parking"": ""surface""}"
RAL-03A,way,503260270,,amenity,shelter,Polygon,low_value_category,"{""amenity"": ""shelter"", ""bench"": ""yes"", ""bin"": ""yes"", ""lit"": ""yes"", ""lockable"": ""no"", ""shelter_type"": ""gazebo""}"
RAL-03A,way,506069040,,leisure,pitch,Polygon,unnamed_pitch,"{""leisure"": ""pitch"", ""sport"": ""tennis""}"
RAL-03A,way,506069041,,leisure,pitch,Polygon,unnamed_pitch,"{""leisure"": ""pitch"", ""sport"": ""tennis""}"
RAL-03A,way,506069042,,leisure,pitch,Polygon,unnamed_pitch,"{""leisure"": ""pitch"", ""sport"": ""tennis""}"
RAL-03A,way,506069043,,leisure,pitch,Polygon,unnamed_pitch,"{""leisure"": ""pitch"", ""sport"": ""tennis""}"
RAL-03A,way,506069044,,leisure,pitch,Polygon,unnamed_pitch,"{""leisure"": ""pitch"", ""sport"": ""tennis""}"
RAL-03A,way,506069045,,leisure,pitch,Polygon,unnamed_pitch,"{""leisure"": ""pitch"", ""sport"": ""tennis""}"
RAL-03A,way,506069046,,leisure,pitch,Polygon,unnamed_pitch,"{""leisure"": ""pitch"", ""sport"": ""tennis""}"
RAL-03A,way,506070867,,amenity,parking,Polygon,low_value_category,"{""access"": ""private"", ""amenity"": ""parking"", ""parking"": ""surface""}"
RAL-03A,way,506070870,,amenity,parking,Polygon,low_value_category,"{""access"": ""private"", ""amenity"": ""parking"", ""parking"": ""surface""}"
RAL-03A,way,506071967,,amenity,parking,Polygon,low_value_category,"{""amenity"": ""parking"", ""parking"": ""surface""}"
RAL-03A,way,506071968,,amenity,parking,Polygon,low_value_category,"{""amenity"": ""parking"", ""parking"": ""surface""}"
RAL-03A,way,506071969,,amenity,parking,Polygon,low_value_category,"{""access"": ""private"", ""amenity"": ""parking"", ""parking"": ""surface""}"
RAL-03A,way,581086404,,leisure,pitch,Polygon,unnamed_pitch,"{""leisure"": ""pitch"", ""lit"": ""yes"", ""sport"": ""tennis""}"
RAL-03A,way,581086405,,leisure,pitch,Polygon,unnamed_pitch,"{""leisure"": ""pitch"", ""lit"": ""yes"", ""sport"": ""tennis""}"
RAL-03A,way,581086406,,leisure,pitch,Polygon,unnamed_pitch,"{""leisure"": ""pitch"", ""lit"": ""yes"", ""sport"": ""tennis""}"
RAL-03A,way,581086407,,leisure,pitch,Polygon,unnamed_pitch,"{""leisure"": ""pitch"", ""lit"": ""yes"", ""sport"": ""tennis""}"
RAL-03A,way,581086408,,leisure,pitch,Polygon,unnamed_pitch,"{""leisure"": ""pitch"", ""lit"": ""yes"", ""sport"": ""tennis""}"
RAL-03A,way,581086409,,leisure,pitch,Polygon,unnamed_pitch,"{""leisure"": ""pitch"", ""lit"": ""yes"", ""sport"": ""tennis""}"
RAL-03A,way,581086410,,leisure,pitch,Polygon,unnamed_pitch,"{""leisure"": ""pitch"", ""lit"": ""yes"", ""sport"": ""tennis""}"
RAL-03A,way,581086411,,leisure,pitch,Polygon,unnamed_pitch,"{""leisure"": ""pitch"", ""lit"": ""yes"", ""sport"": ""tennis""}"
RAL-03A,way,581086412,,leisure,pitch,Polygon,unnamed_pitch,"{""leisure"": ""pitch"", ""lit"": ""yes"", ""sport"": ""tennis""}"
RAL-03A,way,581086413,,leisure,pitch,Polygon,unnamed_pitch,"{""leisure"": ""pitch"", ""lit"": ""yes"", ""sport"": ""tennis""}"
RAL-03A,way,581086414,,leisure,pitch,Polygon,unnamed_pitch,"{""leisure"": ""pitch"", ""lit"": ""yes"", ""sport"": ""tennis""}"
RAL-03A,way,581086415,,leisure,pitch,Polygon,unnamed_pitch,"{""leisure"": ""pitch"", ""lit"": ""yes"", ""sport"": ""tennis""}"
RAL-03A,way,596700731,,leisure,pitch,Polygon,unnamed_pitch,"{""leisure"": ""pitch"", ""sport"": ""volleyball""}"
RAL-03A,way,628853992,,amenity,parking,Polygon,low_value_category,"{""amenity"": ""parking"", ""parking"": ""surface""}"
RAL-03A,way,628853993,,amenity,parking,Polygon,low_value_category,"{""amenity"": ""parking"", ""parking"": ""surface""}"
RAL-03A,way,628853996,,amenity,parking,Polygon,low_value_category,"{""amenity"": ""parking"", ""parking"": ""surface""}"
RAL-03A,way,629122407,,amenity,parking,Polygon,low_value_category,"{""amenity"": ""parking"", ""parking"": ""surface""}"
RAL-03A,way,629122408,,amenity,parking,Polygon,low_value_category,"{""access"": ""private"", ""amenity"": ""parking"", ""parking"": ""surface""}"
RAL-03A,way,629122426,,amenity,parking,Polygon,low_value_category,"{""access"": ""private"", ""amenity"": ""parking"", ""parking"": ""surface""}"
RAL-03A,way,629122427,,amenity,parking,Polygon,low_value_category,"{""access"": ""private"", ""amenity"": ""parking"", ""parking"": ""surface""}"
RAL-03A,way,629246607,,amenity,parking,Polygon,low_value_category,"{""amenity"": ""parking"", ""parking"": ""street_side""}"
RAL-03A,way,629246608,,amenity,parking,Polygon,low_value_category,"{""amenity"": ""parking"", ""parking"": ""surface""}"
RAL-03A,way,629246610,,amenity,parking,Polygon,low_value_category,"{""amenity"": ""parking"", ""parking"": ""street_side""}"
RAL-03A,way,629246615,,amenity,parking,Polygon,low_value_category,"{""amenity"": ""parking"", ""parking"": ""surface"", ""surface"": ""asphalt""}"
RAL-03A,way,629523379,,amenity,parking,Polygon,low_value_category,"{""access"": ""private"", ""amenity"": ""parking"", ""parking"": ""surface""}"
RAL-03A,way,629523380,,amenity,parking,Polygon,low_value_category,"{""access"": ""private"", ""amenity"": ""parking"", ""parking"": ""surface""}"
RAL-03A,way,629523381,,amenity,parking,Polygon,low_value_category,"{""access"": ""private"", ""amenity"": ""parking"", ""parking"": ""surface""}"
RAL-03A,way,629523382,,amenity,parking,Polygon,low_value_category,"{""access"": ""private"", ""amenity"": ""parking"", ""parking"": ""surface""}"
RAL-03A,way,637587378,,amenity,parking,Polygon,low_value_category,"{""access"": ""private"", ""amenity"": ""parking"", ""parking"": ""surface""}"
RAL-03A,way,637587383,,amenity,parking,Polygon,low_value_category,"{""access"": ""private"", ""amenity"": ""parking"", ""parking"": ""surface""}"
RAL-03A,way,637587385,,amenity,parking,Polygon,low_value_category,"{""access"": ""private"", ""amenity"": ""parking"", ""parking"": ""surface""}"
RAL-03A,way,637587387,,amenity,parking,Polygon,low_value_category,"{""access"": ""private"", ""amenity"": ""parking"", ""parking"": ""lane""}"
RAL-03A,way,637587388,,amenity,parking,Polygon,low_value_category,"{""access"": ""private"", ""amenity"": ""parking"", ""parking"": ""surface""}"
RAL-03A,way,637587389,,amenity,parking,Polygon,low_value_category,"{""access"": ""private"", ""amenity"": ""parking"", ""parking"": ""surface""}"
RAL-03A,way,666214914,,leisure,pitch,Polygon,unnamed_pitch,"{""leisure"": ""pitch"", ""sport"": ""soccer"", ""surface"": ""grass""}"
RAL-03A,way,676147278,,amenity,toilets,Polygon,low_value_category,"{""amenity"": ""toilets"", ""building"": ""yes""}"
RAL-03A,way,688711425,,leisure,garden,Polygon,unnamed_not_inherently_meaningful,"{""leisure"": ""garden""}"
RAL-03A,way,688711427,,leisure,garden,Polygon,unnamed_not_inherently_meaningful,"{""leisure"": ""garden""}"
RAL-03A,way,688711429,,leisure,garden,Polygon,unnamed_not_inherently_meaningful,"{""leisure"": ""garden""}"
RAL-03A,way,688711433,,leisure,garden,Polygon,unnamed_not_inherently_meaningful,"{""leisure"": ""garden""}"
RAL-03A,way,762963612,,amenity,parking,Polygon,low_value_category,"{""access"": ""private"", ""amenity"": ""parking"", ""parking"": ""surface"", ""surface"": ""asphalt""}"
RAL-03A,way,762963618,,amenity,parking,Polygon,low_value_category,"{""amenity"": ""parking"", ""parking"": ""surface"", ""surface"": ""asphalt""}"
RAL-03A,way,762963620,,amenity,parking,Polygon,low_value_category,"{""access"": ""private"", ""amenity"": ""parking"", ""parking"": ""surface""}"
RAL-03A,way,762963622,North Carolina State University,amenity,parking,Polygon,low_value_category,"{""amenity"": ""parking"", ""operator"": ""North Carolina State University"", ""parking"": ""surface"", ""surface"": ""asphalt""}"
RAL-03A,way,762963623,North Carolina State University,amenity,parking,Polygon,low_value_category,"{""amenity"": ""parking"", ""operator"": ""North Carolina State University"", ""parking"": ""surface"", ""surface"": ""asphalt""}"
RAL-03A,way,762963624,,amenity,parking,Polygon,low_value_category,"{""amenity"": ""parking"", ""parking"": ""surface"", ""surface"": ""asphalt""}"
RAL-03A,way,762963625,,amenity,parking,Polygon,low_value_category,"{""amenity"": ""parking"", ""parking"": ""surface"", ""surface"": ""asphalt""}"
RAL-03A,way,762964589,,amenity,parking,Polygon,low_value_category,"{""access"": ""private"", ""amenity"": ""parking"", ""parking"": ""surface""}"
RAL-03A,way,762964595,,amenity,parking,Polygon,low_value_category,"{""amenity"": ""parking"", ""parking"": ""surface""}"
RAL-03A,way,895033845,,amenity,parking,Polygon,low_value_category,"{""amenity"": ""parking"", ""parking"": ""surface"", ""surface"": ""asphalt""}"
RAL-03A,way,895033858,,amenity,parking,Polygon,low_value_category,"{""amenity"": ""parking"", ""parking"": ""surface"", ""surface"": ""asphalt""}"
RAL-03A,way,895033859,,amenity,parking,Polygon,low_value_category,"{""amenity"": ""parking"", ""parking"": ""surface"", ""surface"": ""asphalt""}"
RAL-03A,way,895033860,,amenity,parking,Polygon,low_value_category,"{""amenity"": ""parking"", ""parking"": ""surface"", ""surface"": ""asphalt""}"
RAL-03A,way,1173751141,,amenity,parking,Polygon,low_value_category,"{""amenity"": ""parking""}"
RAL-03A,way,1173751142,,amenity,parking,Polygon,low_value_category,"{""amenity"": ""parking""}"
RAL-03A,way,1259104272,,leisure,outdoor_seating,Polygon,unnamed_not_inherently_meaningful,"{""leisure"": ""outdoor_seating""}"
RAL-03A,way,1259104275,,leisure,outdoor_seating,Polygon,unnamed_not_inherently_meaningful,"{""leisure"": ""outdoor_seating""}"
RAL-03A,way,1259104276,,leisure,outdoor_seating,Polygon,unnamed_not_inherently_meaningful,"{""leisure"": ""outdoor_seating""}"
RAL-03A,way,1259104277,,leisure,outdoor_seating,Polygon,unnamed_not_inherently_meaningful,"{""leisure"": ""outdoor_seating""}"
RAL-03A,way,1318107883,,leisure,bleachers,Polygon,unnamed_not_inherently_meaningful,"{""leisure"": ""bleachers""}"
RAL-03A,way,1418233426,,amenity,parking,Polygon,low_value_category,"{""amenity"": ""parking""}"
RAL-03A,way,1418233427,,amenity,parking,Polygon,low_value_category,"{""amenity"": ""parking""}"
RAL-03A,way,1418233428,,amenity,parking,Polygon,low_value_category,"{""amenity"": ""parking""}"
RAL-03A,way,1418233429,,amenity,parking,Polygon,low_value_category,"{""amenity"": ""parking""}"
RAL-03A,way,1418769572,,amenity,parking,Polygon,low_value_category,"{""amenity"": ""parking"", ""parking"": ""surface""}"
RAL-03A,relation,6431764,North Carolina State University,amenity,university,Point,representative_point_outside_region,"{""addr:city"": ""Raleigh"", ""addr:postcode"": ""27695"", ""addr:state"": ""NC"", ""amenity"": ""university"", ""ele"": ""118"", ""name"": ""North Carolina State University"", ""name:fr"": ""Université d'État de Caroline du Nord"", ""name:ru"": ""Университет штата Северная Каролина"", ""short_name"": ""NC STATE"", ""type"": ""multipolygon"", ""website"": ""https://www.ncsu.edu/"", ""website:mobile"": ""http://m.ncsu.edu"", ""wikidata"": ""Q1132346"", ""wikipedia"": ""en:North Carolina State University""}"
RAL-03B,node,1837176659,,railway,crossing,Point,unnamed_not_inherently_meaningful,"{""railway"": ""crossing""}"
RAL-03B,node,1837176682,,railway,crossing,Point,unnamed_not_inherently_meaningful,"{""crossing:barrier"": ""full"", ""crossing:light"": ""yes"", ""railway"": ""crossing"", ""supervised"": ""no""}"
RAL-03B,node,5580314751,,shop,ticket,Point,unnamed_category_requires_review,"{""shop"": ""ticket""}"
RAL-03B,node,5580314752,,amenity,toilets,Point,low_value_category,"{""amenity"": ""toilets""}"
RAL-03B,node,5835574321,,amenity,drinking_water,Point,low_value_category,"{""amenity"": ""drinking_water"", ""fountain"": ""bubbler""}"
RAL-03B,node,6510040696,Pullen Rd at Cates Ave,public_transport,platform,Point,transport_platform_infrastructure,"{""bench"": ""no"", ""bin"": ""no"", ""bus"": ""yes"", ""highway"": ""bus_stop"", ""lit"": ""no"", ""mapillary"": ""519056145930392"", ""name"": ""Pullen Rd at Cates Ave"", ""network"": ""GoRaleigh"", ""network:wikidata"": ""Q5035469"", ""network:wikipedia"": ""en:GoRaleigh"", ""public_transport"": ""platform"", ""ref"": ""9810"", ""shelter"": ""no"", ""survey:date"": ""2018-12-20"", ""tactile_paving"": ""no""}"
RAL-03B,node,6510040763,Cates Ave at Jensen Dr (EB),public_transport,platform,Point,transport_platform_infrastructure,"{""bench"": ""no"", ""bin"": ""no"", ""bus"": ""yes"", ""highway"": ""bus_stop"", ""name"": ""Cates Ave at Jensen Dr (EB)"", ""network"": ""Wolfline;GoRaleigh"", ""public_transport"": ""platform"", ""ref"": ""9612"", ""shelter"": ""yes"", ""tactile_paving"": ""no""}"
RAL-03B,node,7251661517,,amenity,parking,Point,low_value_category,"{""amenity"": ""parking""}"
RAL-03B,node,10046226181,,amenity,bicycle_parking,Point,low_value_category,"{""amenity"": ""bicycle_parking"", ""bicycle_parking"": ""staples"", ""capacity"": ""10"", ""covered"": ""no""}"
RAL-03B,node,10048398587,,amenity,bicycle_parking,Point,low_value_category,"{""amenity"": ""bicycle_parking"", ""bicycle_parking"": ""staple"", ""capacity"": ""14"", ""covered"": ""no""}"
RAL-03B,node,10220370899,,amenity,bicycle_parking,Point,low_value_category,"{""amenity"": ""bicycle_parking"", ""capacity"": ""15""}"
RAL-03B,node,10909564564,,amenity,drinking_water,Point,low_value_category,"{""amenity"": ""drinking_water""}"
RAL-03B,node,12532421677,,amenity,bench,Point,low_value_category,"{""amenity"": ""bench""}"
RAL-03B,node,12532462641,,amenity,waste_basket,Point,low_value_category,"{""amenity"": ""waste_basket""}"
RAL-03B,node,13465226842,,railway,level_crossing,Point,railway_track_infrastructure,"{""crossing:barrier"": ""full"", ""crossing:bell"": ""yes"", ""railway"": ""level_crossing""}"
RAL-03B,way,47776518,Train Station,public_transport,platform,Point,transport_platform_infrastructure,"{""area"": ""yes"", ""building:use"": ""commercial"", ""highway"": ""footway"", ""lit"": ""yes"", ""name"": ""Train Station"", ""public_transport"": ""platform"", ""railway"": ""platform"", ""source"": ""WakeGIS"", ""surface"": ""concrete"", ""train"": ""yes""}"
RAL-03B,way,47879772,Shelter 4,amenity,shelter,Point,low_value_category,"{""amenity"": ""shelter"", ""bin"": ""yes"", ""building"": ""yes"", ""building:use"": ""commercial"", ""lit"": ""yes"", ""name"": ""Shelter 4"", ""operator"": ""Pullen Park Amusements"", ""shelter_type"": ""picnic_shelter"", ""source"": ""WakeGIS""}"
RAL-03B,way,47933095,Carousel Pavilion,amenity,shelter,Point,low_value_category,"{""amenity"": ""shelter"", ""bin"": ""yes"", ""building"": ""yes"", ""building:use"": ""commercial"", ""lit"": ""yes"", ""name"": ""Carousel Pavilion"", ""operator"": ""Pullen Park Amusements"", ""shelter_type"": ""picnic_shelter"", ""source"": ""WakeGIS""}"
RAL-03B,way,172870047,C P Huntington Train,railway,miniature,Point,railway_track_infrastructure,"{""foot"": ""no"", ""name"": ""C P Huntington Train"", ""railway"": ""miniature""}"
RAL-03B,way,175904373,C P Huntington Train,railway,miniature,Point,railway_track_infrastructure,"{""name"": ""C P Huntington Train"", ""railway"": ""miniature""}"
RAL-03B,way,175904374,C P Huntington Train,railway,miniature,Point,railway_track_infrastructure,"{""bridge"": ""yes"", ""layer"": ""1"", ""name"": ""C P Huntington Train"", ""railway"": ""miniature""}"
RAL-03B,way,175904375,C P Huntington Train,railway,miniature,Point,railway_track_infrastructure,"{""bridge"": ""yes"", ""layer"": ""1"", ""name"": ""C P Huntington Train"", ""railway"": ""miniature""}"
RAL-03B,way,236316164,,amenity,parking,Point,low_value_category,"{""access"": ""private"", ""amenity"": ""parking"", ""parking"": ""surface""}"
RAL-03B,way,236486042,,amenity,parking,Point,low_value_category,"{""access"": ""yes"", ""amenity"": ""parking"", ""fee"": ""no"", ""parking"": ""surface""}"
RAL-03B,way,236486043,,amenity,parking,Point,low_value_category,"{""access"": ""yes"", ""amenity"": ""parking"", ""fee"": ""no"", ""parking"": ""surface""}"
RAL-03B,way,236486044,,amenity,parking,Point,low_value_category,"{""amenity"": ""parking"", ""parking"": ""surface""}"
RAL-03B,way,236486045,,amenity,parking,Point,low_value_category,"{""amenity"": ""parking"", ""parking"": ""surface""}"
RAL-03B,way,236486046,,amenity,parking,Point,low_value_category,"{""access"": ""yes"", ""amenity"": ""parking"", ""fee"": ""no"", ""parking"": ""surface""}"
RAL-03B,way,257039734,,leisure,pitch,Point,unnamed_pitch,"{""leisure"": ""pitch"", ""sport"": ""baseball""}"
RAL-03B,way,257039735,,leisure,pitch,Point,unnamed_pitch,"{""leisure"": ""pitch"", ""sport"": ""baseball""}"
RAL-03B,way,317749127,C P Huntington Train,railway,miniature,Point,railway_track_infrastructure,"{""name"": ""C P Huntington Train"", ""railway"": ""miniature""}"
RAL-03B,way,317749128,C P Huntington Train,railway,miniature,Point,railway_track_infrastructure,"{""name"": ""C P Huntington Train"", ""railway"": ""miniature"", ""tunnel"": ""yes""}"
RAL-03B,way,413192947,Shelter 2,amenity,shelter,Point,low_value_category,"{""amenity"": ""shelter"", ""building"": ""yes"", ""name"": ""Shelter 2"", ""operator"": ""Pullen Park Amusements"", ""shelter_type"": ""picnic_shelter""}"
RAL-03B,way,461320208,North Carolina State University Central Campus,amenity,university,Point,representative_point_outside_region,"{""amenity"": ""university"", ""name"": ""North Carolina State University Central Campus""}"
RAL-03B,way,583700653,Island Gazebo,amenity,shelter,Point,low_value_category,"{""amenity"": ""shelter"", ""bench"": ""yes"", ""lit"": ""no"", ""name"": ""Island Gazebo"", ""shelter_type"": ""gazebo""}"
RAL-03B,way,583700656,,amenity,toilets,Point,low_value_category,"{""access"": ""yes"", ""amenity"": ""toilets"", ""building"": ""toilets"", ""changing_table"": ""yes"", ""fee"": ""no"", ""female"": ""yes"", ""male"": ""yes"", ""toilets:disposal"": ""flush"", ""wheelchair"": ""yes""}"
RAL-03B,way,583703197,Pullen Park,leisure,park,Point,representative_point_outside_region,"{""internet_access"": ""wlan"", ""leisure"": ""park"", ""name"": ""Pullen Park"", ""wikipedia"": ""en:Pullen Park""}"
RAL-03B,way,583704398,,leisure,playground,Point,unnamed_not_inherently_meaningful,"{""access"": ""yes"", ""leisure"": ""playground""}"
RAL-03B,way,583704399,,leisure,playground,Point,unnamed_not_inherently_meaningful,"{""access"": ""yes"", ""leisure"": ""playground""}"
RAL-03B,way,632259614,Shelter 1,amenity,shelter,Point,low_value_category,"{""amenity"": ""shelter"", ""bin"": ""yes"", ""building"": ""yes"", ""lit"": ""no"", ""name"": ""Shelter 1"", ""operator"": ""Pullen Park Amusements"", ""shelter_type"": ""picnic_shelter""}"
RAL-03B,way,677320326,Shelter 6,amenity,shelter,Point,low_value_category,"{""amenity"": ""shelter"", ""bin"": ""yes"", ""building"": ""yes"", ""building:levels"": ""1"", ""lit"": ""no"", ""name"": ""Shelter 6"", ""operator"": ""Pullen Park Amusements"", ""shelter_type"": ""picnic_shelter""}"
RAL-03B,way,677320617,Shelter 5,amenity,shelter,Point,low_value_category,"{""amenity"": ""shelter"", ""bin"": ""yes"", ""building"": ""yes"", ""lit"": ""no"", ""name"": ""Shelter 5"", ""operator"": ""Pullen Park Amusements"", ""shelter_type"": ""picnic_shelter""}"
RAL-03B,way,736925752,C P Huntington Train,railway,miniature,Point,railway_track_infrastructure,"{""name"": ""C P Huntington Train"", ""railway"": ""miniature"", ""tunnel"": ""building_passage""}"
RAL-03B,way,942676233,Shelter 3,amenity,shelter,Point,low_value_category,"{""amenity"": ""shelter"", ""bin"": ""yes"", ""building"": ""yes"", ""lit"": ""no"", ""name"": ""Shelter 3"", ""operator"": ""Pullen Park Amusements"", ""shelter_type"": ""picnic_shelter""}"
RAL-03B,way,946755877,North Carolina State University,amenity,university,Point,representative_point_outside_region,"{""addr:city"": ""Raleigh"", ""addr:postcode"": ""27695"", ""addr:state"": ""NC"", ""amenity"": ""university"", ""name"": ""North Carolina State University""}"
RAL-03B,way,1089547287,C P Huntington Train,railway,miniature,Point,railway_track_infrastructure,"{""bridge"": ""yes"", ""layer"": ""1"", ""name"": ""C P Huntington Train"", ""railway"": ""miniature""}"
RAL-03B,way,1089547288,C P Huntington Train,railway,miniature,Point,railway_track_infrastructure,"{""name"": ""C P Huntington Train"", ""railway"": ""miniature""}"
RAL-03B,way,1173751141,,amenity,parking,Point,representative_point_outside_region,"{""amenity"": ""parking""}"
RAL-03B,way,1223817547,,amenity,parking,Point,low_value_category,"{""amenity"": ""parking""}"
RAL-03B,way,1482695573,,leisure,pitch,Point,unnamed_pitch,"{""leisure"": ""pitch"", ""lit"": ""yes"", ""sport"": ""tennis""}"
RAL-03B,way,1482695574,,leisure,pitch,Point,unnamed_pitch,"{""leisure"": ""pitch"", ""lit"": ""yes"", ""sport"": ""tennis""}"
RAL-03B,way,1482695575,,leisure,pitch,Point,unnamed_pitch,"{""leisure"": ""pitch"", ""lit"": ""yes"", ""sport"": ""tennis""}"
RAL-03B,way,1482695576,,leisure,pitch,Point,unnamed_pitch,"{""leisure"": ""pitch"", ""lit"": ""yes"", ""sport"": ""tennis""}"
RAL-03B,way,1482695577,,leisure,pitch,Point,unnamed_pitch,"{""leisure"": ""pitch"", ""lit"": ""yes"", ""sport"": ""tennis""}"
RAL-03B,way,1482695578,,leisure,pitch,Point,unnamed_pitch,"{""leisure"": ""pitch"", ""lit"": ""yes"", ""sport"": ""tennis""}"
RAL-03B,relation,14962502,Paul Derr Track,leisure,track,Polygon,representative_point_outside_region,"{""lanes"": ""8"", ""leisure"": ""track"", ""name"": ""Paul Derr Track"", ""sport"": ""running"", ""surface"": ""tartan"", ""type"": ""multipolygon"", ""width"": ""8.75""}"
RAL-04,node,668387495,,amenity,parking_entrance,Point,low_value_category,"{""amenity"": ""parking_entrance"", ""bicycle"": ""no"", ""foot"": ""no""}"
RAL-04,node,668387547,,amenity,parking_entrance,Point,low_value_category,"{""amenity"": ""parking_entrance"", ""bicycle"": ""no"", ""foot"": ""no""}"
RAL-04,node,1053135966,,amenity,parking,Point,low_value_category,"{""access"": ""private"", ""amenity"": ""parking"", ""parking"": ""multi-storey""}"
RAL-04,node,1156532512,Bike Rack,amenity,bicycle_parking,Point,low_value_category,"{""alt_name"": ""centennial campus student parking"", ""amenity"": ""bicycle_parking"", ""capacity"": ""16"", ""date"": ""16Feb11"", ""name"": ""Bike Rack"", ""source"": ""Garmin GPSmap 62s""}"
RAL-04,node,1156533023,Bike Rack,amenity,bicycle_parking,Point,low_value_category,"{""alt_name"": ""centennial campus student parking"", ""amenity"": ""bicycle_parking"", ""capacity"": ""16"", ""date"": ""16Feb11"", ""name"": ""Bike Rack"", ""source"": ""Garmin GPSmap 62s""}"
RAL-04,node,1156539403,,amenity,bicycle_parking,Point,low_value_category,"{""alt_name"": ""Engineering building II courtyard"", ""amenity"": ""bicycle_parking"", ""bicycle_parking"": ""stands"", ""capacity"": ""10"", ""covered"": ""no"", ""date"": ""16Fed11"", ""source"": ""Garmin GPSmap 62s""}"
RAL-04,node,1156539410,,amenity,bicycle_parking,Point,low_value_category,"{""alt_name"": ""Engineering building II courtyard"", ""amenity"": ""bicycle_parking"", ""bicycle_parking"": ""wall_loops"", ""capacity"": ""22"", ""covered"": ""no"", ""date"": ""16Feb11"", ""source"": ""Garmin GPSmap 62s""}"
RAL-04,node,1156539416,,amenity,bicycle_parking,Point,low_value_category,"{""alt_name"": ""Engineering building II courtyard"", ""amenity"": ""bicycle_parking"", ""bicycle_parking"": ""stands"", ""capacity"": ""12"", ""covered"": ""no"", ""date"": ""16Feb11"", ""source"": ""GPS""}"
RAL-04,node,1156539421,,amenity,bicycle_parking,Point,low_value_category,"{""alt_name"": ""Engineering building II courtyard"", ""amenity"": ""bicycle_parking"", ""bicycle_parking"": ""rack"", ""capacity"": ""10"", ""covered"": ""no"", ""date"": ""16Feb11"", ""fee"": ""no"", ""source"": ""Garmin GPSmap 62s""}"
RAL-04,node,1156539426,,amenity,bicycle_parking,Point,low_value_category,"{""alt_name"": ""Engineering building II courtyard"", ""amenity"": ""bicycle_parking"", ""bicycle_parking"": ""stands"", ""capacity"": ""8"", ""covered"": ""no"", ""date"": ""16Feb11"", ""source"": ""Garmin GPSmap 62s""}"
RAL-04,node,1168858637,,amenity,bicycle_parking,Point,low_value_category,"{""amenity"": ""bicycle_parking"", ""bicycle_parking"": ""stands"", ""capacity"": ""32"", ""covered"": ""no"", ""source"": ""Garmin62S""}"
RAL-04,node,1168865825,,amenity,bicycle_parking,Point,low_value_category,"{""amenity"": ""bicycle_parking"", ""bicycle_parking"": ""stands"", ""capacity"": ""6"", ""covered"": ""no"", ""source"": ""Garmin62S""}"
RAL-04,node,1168880156,,amenity,bicycle_parking,Point,low_value_category,"{""amenity"": ""bicycle_parking"", ""bicycle_parking"": ""stands"", ""capacity"": ""6"", ""check_date"": ""2023-10-26"", ""covered"": ""no""}"
RAL-04,node,1168880161,,amenity,bicycle_parking,Point,low_value_category,"{""amenity"": ""bicycle_parking"", ""bicycle_parking"": ""stands"", ""capacity"": ""6"", ""check_date"": ""2023-10-26"", ""covered"": ""no""}"
RAL-04,node,1439841728,,amenity,bicycle_parking,Point,low_value_category,"{""amenity"": ""bicycle_parking"", ""bicycle_parking"": ""stands"", ""capacity"": ""1"", ""covered"": ""no""}"
RAL-04,node,1439841747,,amenity,waste_basket,Point,low_value_category,"{""amenity"": ""waste_basket"", ""check_date"": ""2021-07-05""}"
RAL-04,node,1459173463,,tourism,information,Point,unnamed_not_inherently_meaningful,"{""check_date"": ""2022-07-03"", ""information"": ""map"", ""tourism"": ""information""}"
RAL-04,node,1459173466,,amenity,waste_basket,Point,low_value_category,"{""amenity"": ""waste_basket"", ""check_date"": ""2023-01-06""}"
RAL-04,node,1757823993,,amenity,parking_entrance,Point,low_value_category,"{""amenity"": ""parking_entrance""}"
RAL-04,node,2104454809,,amenity,recycling,Point,low_value_category,"{""amenity"": ""recycling"", ""recycling:cans"": ""yes"", ""recycling_type"": ""container""}"
RAL-04,node,2190454396,,amenity,bicycle_parking,Point,low_value_category,"{""amenity"": ""bicycle_parking"", ""bicycle_parking"": ""stands"", ""capacity"": ""15"", ""check_date"": ""2023-10-25"", ""covered"": ""yes""}"
RAL-04,node,2470629835,,amenity,waste_disposal,Point,low_value_category,"{""amenity"": ""waste_disposal""}"
RAL-04,node,2967818350,,amenity,parking_entrance,Point,low_value_category,"{""amenity"": ""parking_entrance""}"
RAL-04,node,3599724848,,public_transport,stop_area,Point,unnamed_not_inherently_meaningful,"{""public_transport"": ""stop_area"", ""type"": ""public_transport""}"
RAL-04,node,3739245357,Dero,amenity,bicycle_repair_station,Point,low_value_category,"{""amenity"": ""bicycle_repair_station"", ""brand"": ""Dero"", ""check_date:service:bicycle:pump"": ""2023-10-25"", ""note"": ""Engineering Building"", ""opening_hours"": ""24/7"", ""service:bicycle:pump"": ""yes""}"
RAL-04,node,4229001894,,leisure,slipway,Point,unnamed_not_inherently_meaningful,"{""leisure"": ""slipway""}"
RAL-04,node,5257751409,,amenity,vending_machine,Point,low_value_category,"{""amenity"": ""vending_machine"", ""check_date"": ""2026-07-09"", ""indoor"": ""yes"", ""payment:campus_card"": ""yes"", ""payment:cash"": ""yes"", ""payment:coins"": ""yes"", ""vending"": ""drinks,_snacks""}"
RAL-04,node,5840644055,Engineering II (COE),public_transport,platform,Point,transport_platform_infrastructure,"{""bench"": ""yes"", ""bin"": ""yes"", ""bus"": ""yes"", ""highway"": ""bus_stop"", ""lit"": ""yes"", ""name"": ""Engineering II (COE)"", ""network"": ""Wolfline"", ""not:network:wikidata"": ""Q4750893"", ""operator"": ""Transdev"", ""passenger_information_display"": ""no"", ""public_transport"": ""platform"", ""ref"": ""135"", ""shelter"": ""yes"", ""tactile_paving"": ""no""}"
RAL-04,node,6223913718,,amenity,parking_entrance,Point,low_value_category,"{""amenity"": ""parking_entrance""}"
RAL-04,node,6240273034,,amenity,parking_entrance,Point,low_value_category,"{""amenity"": ""parking_entrance""}"
RAL-04,node,6510040602,Wolf Ridge at Initiative Way (SB),public_transport,platform,Point,transport_platform_infrastructure,"{""bus"": ""yes"", ""highway"": ""bus_stop"", ""name"": ""Wolf Ridge at Initiative Way (SB)"", ""network"": ""Wolfline"", ""not:network:wikidata"": ""Q4750893"", ""operator"": ""Transdev"", ""public_transport"": ""platform"", ""ref"": ""253"", ""shelter"": ""yes""}"
RAL-04,node,6510040607,Hunt Library at Partners Way,public_transport,platform,Point,transport_platform_infrastructure,"{""bench"": ""yes"", ""bin"": ""yes"", ""bus"": ""yes"", ""highway"": ""bus_stop"", ""lit"": ""yes"", ""name"": ""Hunt Library at Partners Way"", ""network"": ""Wolfline"", ""public_transport"": ""platform"", ""ref"": ""240"", ""shelter"": ""no"", ""tactile_paving"": ""no"", ""wheelchair"": ""yes""}"
RAL-04,node,6510040609,Main Campus Dr at Partners II (Southbound),public_transport,platform,Point,transport_platform_infrastructure,"{""bus"": ""yes"", ""highway"": ""bus_stop"", ""name"": ""Main Campus Dr at Partners II (Southbound)"", ""network"": ""Wolfline"", ""public_transport"": ""platform"", ""ref"": ""230""}"
RAL-04,node,6510040611,Centennial RS Lots (1st shelter),public_transport,platform,Point,transport_platform_infrastructure,"{""bus"": ""yes"", ""highway"": ""bus_stop"", ""name"": ""Centennial RS Lots (1st shelter)"", ""network"": ""Wolfline"", ""public_transport"": ""platform"", ""ref"": ""208"", ""shelter"": ""yes"", ""wheelchair"": ""yes""}"
RAL-04,node,6510040613,Main Campus Dr at College of Textiles,public_transport,platform,Point,transport_platform_infrastructure,"{""bench"": ""yes"", ""bin"": ""yes"", ""bus"": ""yes"", ""highway"": ""bus_stop"", ""lit"": ""yes"", ""name"": ""Main Campus Dr at College of Textiles"", ""network"": ""Wolfline"", ""public_transport"": ""platform"", ""ref"": ""204"", ""shelter"": ""yes"", ""tactile_paving"": ""no"", ""wheelchair"": ""yes""}"
RAL-04,node,6510040615,Varsity Dr at Avent Ferry Rd,public_transport,platform,Point,transport_platform_infrastructure,"{""bench"": ""no"", ""bin"": ""no"", ""bus"": ""yes"", ""highway"": ""bus_stop"", ""name"": ""Varsity Dr at Avent Ferry Rd"", ""network"": ""Wolfline"", ""public_transport"": ""platform"", ""ref"": ""202"", ""shelter"": ""no"", ""tactile_paving"": ""no""}"
RAL-04,node,6510040620,Centennial RS Lots (2nd shelter),public_transport,platform,Point,transport_platform_infrastructure,"{""bus"": ""yes"", ""highway"": ""bus_stop"", ""name"": ""Centennial RS Lots (2nd shelter)"", ""network"": ""Wolfline"", ""public_transport"": ""platform"", ""ref"": ""193"", ""wheelchair"": ""yes""}"
RAL-04,node,6510040639,Main Campus Dr at Venture Bldgs,public_transport,platform,Point,transport_platform_infrastructure,"{""bench"": ""yes"", ""bin"": ""no"", ""bus"": ""yes"", ""highway"": ""bus_stop"", ""lit"": ""yes"", ""name"": ""Main Campus Dr at Venture Bldgs"", ""network"": ""Wolfline"", ""public_transport"": ""platform"", ""ref"": ""157"", ""shelter"": ""no"", ""tactile_paving"": ""no""}"
RAL-04,node,6510040640,Partners Way at Varsity Dr (College of Engineering),public_transport,platform,Point,transport_platform_infrastructure,"{""bench"": ""yes"", ""bin"": ""yes"", ""bus"": ""yes"", ""highway"": ""bus_stop"", ""lit"": ""yes"", ""name"": ""Partners Way at Varsity Dr (College of Engineering)"", ""network"": ""Wolfline"", ""public_transport"": ""platform"", ""ref"": ""134"", ""shelter"": ""yes"", ""tactile_paving"": ""no""}"
RAL-04,node,6510040646,The Greens at Initiative Way,public_transport,platform,Point,transport_platform_infrastructure,"{""bus"": ""yes"", ""highway"": ""bus_stop"", ""name"": ""The Greens at Initiative Way"", ""network"": ""Wolfline"", ""public_transport"": ""platform"", ""ref"": ""280""}"
RAL-04,node,6510040647,Initiative Way at Main Campus Dr Lots,public_transport,platform,Point,transport_platform_infrastructure,"{""bus"": ""yes"", ""highway"": ""bus_stop"", ""name"": ""Initiative Way at Main Campus Dr Lots"", ""network"": ""Wolfline"", ""public_transport"": ""platform"", ""ref"": ""281""}"
RAL-04,node,6510040648,Barbour Dr at Spring Hill Lot,public_transport,platform,Point,transport_platform_infrastructure,"{""bus"": ""yes"", ""highway"": ""bus_stop"", ""name"": ""Barbour Dr at Spring Hill Lot"", ""network"": ""Wolfline"", ""public_transport"": ""platform"", ""ref"": ""278""}"
RAL-04,node,6510040649,Wolf Ridge at Initiative Way (NB),public_transport,platform,Point,transport_platform_infrastructure,"{""bus"": ""yes"", ""highway"": ""bus_stop"", ""name"": ""Wolf Ridge at Initiative Way (NB)"", ""network"": ""Wolfline"", ""public_transport"": ""platform"", ""ref"": ""279""}"
RAL-04,node,6510040651,Oval Dr at Main Campus Dr,public_transport,platform,Point,transport_platform_infrastructure,"{""bench"": ""no"", ""bin"": ""no"", ""bus"": ""yes"", ""highway"": ""bus_stop"", ""lit"": ""yes"", ""name"": ""Oval Dr at Main Campus Dr"", ""network"": ""Wolfline"", ""public_transport"": ""platform"", ""ref"": ""264"", ""shelter"": ""no"", ""tactile_paving"": ""no""}"
RAL-04,node,7196414105,,amenity,parking_entrance,Point,low_value_category,"{""amenity"": ""parking_entrance""}"
RAL-04,node,7196414107,,amenity,parking_entrance,Point,low_value_category,"{""amenity"": ""parking_entrance""}"
RAL-04,node,7196414108,,amenity,parking_entrance,Point,low_value_category,"{""amenity"": ""parking_entrance""}"
RAL-04,node,7259115690,,amenity,parking_entrance,Point,low_value_category,"{""amenity"": ""parking_entrance""}"
RAL-04,node,9291626989,,amenity,waste_basket,Point,low_value_category,"{""amenity"": ""waste_basket""}"
RAL-04,node,9291626990,,amenity,bench,Point,low_value_category,"{""amenity"": ""bench""}"
RAL-04,node,10049859098,,amenity,bicycle_parking,Point,low_value_category,"{""amenity"": ""bicycle_parking"", ""bicycle_parking"": ""wave"", ""capacity"": ""5"", ""covered"": ""no""}"
RAL-04,node,10049859099,,amenity,bicycle_parking,Point,low_value_category,"{""amenity"": ""bicycle_parking"", ""bicycle_parking"": ""wave"", ""capacity"": ""7"", ""covered"": ""no""}"
RAL-04,node,10049859100,,amenity,bicycle_parking,Point,low_value_category,"{""amenity"": ""bicycle_parking"", ""bicycle_parking"": ""wave"", ""capacity"": ""10"", ""covered"": ""yes""}"
RAL-04,node,10049859101,,amenity,bicycle_parking,Point,low_value_category,"{""amenity"": ""bicycle_parking"", ""bicycle_parking"": ""wave"", ""capacity"": ""10"", ""covered"": ""no""}"
RAL-04,node,10049859103,,amenity,bicycle_parking,Point,low_value_category,"{""amenity"": ""bicycle_parking"", ""bicycle_parking"": ""wave"", ""capacity"": ""7"", ""covered"": ""no""}"
RAL-04,node,10049859104,,amenity,bicycle_parking,Point,low_value_category,"{""amenity"": ""bicycle_parking"", ""bicycle_parking"": ""staple"", ""capacity"": ""10"", ""covered"": ""no""}"
RAL-04,node,10049859105,,amenity,bicycle_parking,Point,low_value_category,"{""amenity"": ""bicycle_parking"", ""bicycle_parking"": ""wave"", ""capacity"": ""5"", ""covered"": ""no""}"
RAL-04,node,10049859107,,amenity,bicycle_parking,Point,low_value_category,"{""amenity"": ""bicycle_parking"", ""bicycle_parking"": ""stands"", ""capacity"": ""16"", ""covered"": ""no""}"
RAL-04,node,10049859109,,amenity,bicycle_parking,Point,low_value_category,"{""amenity"": ""bicycle_parking"", ""bicycle_parking"": ""stands"", ""capacity"": ""6"", ""covered"": ""no""}"
RAL-04,node,10049859110,,amenity,bicycle_parking,Point,low_value_category,"{""amenity"": ""bicycle_parking"", ""bicycle_parking"": ""wave"", ""capacity"": ""5"", ""covered"": ""no""}"
RAL-04,node,10049859111,,amenity,bicycle_parking,Point,low_value_category,"{""amenity"": ""bicycle_parking"", ""bicycle_parking"": ""staple"", ""capacity"": ""4"", ""covered"": ""no""}"
RAL-04,node,10049859113,,amenity,bicycle_parking,Point,low_value_category,"{""amenity"": ""bicycle_parking"", ""bicycle_parking"": ""stands"", ""capacity"": ""24"", ""covered"": ""no""}"
RAL-04,node,10049859114,,amenity,bicycle_parking,Point,low_value_category,"{""amenity"": ""bicycle_parking"", ""bicycle_parking"": ""wave"", ""capacity"": ""15"", ""covered"": ""no""}"
RAL-04,node,10049859115,,amenity,bicycle_parking,Point,low_value_category,"{""amenity"": ""bicycle_parking"", ""bicycle_parking"": ""staple"", ""capacity"": ""2"", ""covered"": ""yes""}"
RAL-04,node,10096200566,,amenity,bicycle_parking,Point,low_value_category,"{""amenity"": ""bicycle_parking"", ""bicycle_parking"": ""wave"", ""capacity"": ""7"", ""covered"": ""no""}"
RAL-04,node,10096200567,,amenity,bicycle_parking,Point,low_value_category,"{""amenity"": ""bicycle_parking"", ""bicycle_parking"": ""wave"", ""capacity"": ""7"", ""covered"": ""no""}"
RAL-04,node,10096200568,,amenity,bicycle_parking,Point,low_value_category,"{""amenity"": ""bicycle_parking"", ""bicycle_parking"": ""staple"", ""capacity"": ""2"", ""covered"": ""no""}"
RAL-04,node,10096200569,,amenity,bicycle_parking,Point,low_value_category,"{""amenity"": ""bicycle_parking"", ""bicycle_parking"": ""staple"", ""capacity"": ""2"", ""covered"": ""no""}"
RAL-04,node,10096200570,,amenity,bicycle_parking,Point,low_value_category,"{""amenity"": ""bicycle_parking"", ""bicycle_parking"": ""staple"", ""capacity"": ""2"", ""covered"": ""no""}"
RAL-04,node,10096200571,,amenity,bicycle_parking,Point,low_value_category,"{""amenity"": ""bicycle_parking"", ""bicycle_parking"": ""wave"", ""capacity"": ""5"", ""covered"": ""no""}"
RAL-04,node,10096200572,,amenity,bicycle_parking,Point,low_value_category,"{""amenity"": ""bicycle_parking"", ""bicycle_parking"": ""wave"", ""capacity"": ""7"", ""covered"": ""no""}"
RAL-04,node,10096200573,,amenity,bicycle_parking,Point,low_value_category,"{""amenity"": ""bicycle_parking"", ""bicycle_parking"": ""staple"", ""capacity"": ""2"", ""covered"": ""no""}"
RAL-04,node,10096200574,,amenity,bicycle_parking,Point,low_value_category,"{""amenity"": ""bicycle_parking"", ""bicycle_parking"": ""wave"", ""capacity"": ""7"", ""covered"": ""no""}"
RAL-04,node,10096200575,,amenity,bicycle_parking,Point,low_value_category,"{""amenity"": ""bicycle_parking"", ""bicycle_parking"": ""wave"", ""capacity"": ""7"", ""covered"": ""no""}"
RAL-04,node,10096200576,,amenity,bicycle_parking,Point,low_value_category,"{""amenity"": ""bicycle_parking"", ""bicycle_parking"": ""wave"", ""capacity"": ""7"", ""covered"": ""no""}"
RAL-04,node,10096200577,,amenity,bicycle_parking,Point,low_value_category,"{""amenity"": ""bicycle_parking"", ""bicycle_parking"": ""wave"", ""capacity"": ""7"", ""covered"": ""no""}"
RAL-04,node,10096200578,,amenity,bicycle_parking,Point,low_value_category,"{""amenity"": ""bicycle_parking"", ""bicycle_parking"": ""wave"", ""capacity"": ""7"", ""covered"": ""no""}"
RAL-04,node,10096200579,,amenity,bicycle_parking,Point,low_value_category,"{""amenity"": ""bicycle_parking"", ""bicycle_parking"": ""wave"", ""capacity"": ""7"", ""covered"": ""no""}"
RAL-04,node,10096200580,,amenity,bicycle_parking,Point,low_value_category,"{""amenity"": ""bicycle_parking"", ""bicycle_parking"": ""staple"", ""capacity"": ""2"", ""covered"": ""no""}"
RAL-04,node,10096200581,,amenity,bicycle_parking,Point,low_value_category,"{""amenity"": ""bicycle_parking"", ""bicycle_parking"": ""wave"", ""capacity"": ""7"", ""covered"": ""no""}"
RAL-04,node,10096200582,,amenity,bicycle_parking,Point,low_value_category,"{""amenity"": ""bicycle_parking"", ""bicycle_parking"": ""wave"", ""capacity"": ""7"", ""covered"": ""no""}"
RAL-04,node,10096200583,,amenity,bicycle_parking,Point,low_value_category,"{""amenity"": ""bicycle_parking"", ""bicycle_parking"": ""wave"", ""capacity"": ""7"", ""covered"": ""no""}"
RAL-04,node,10096258315,,amenity,bicycle_parking,Point,low_value_category,"{""amenity"": ""bicycle_parking"", ""bicycle_parking"": ""loops"", ""capacity"": ""10"", ""covered"": ""no""}"
RAL-04,node,10096258316,,amenity,bicycle_parking,Point,low_value_category,"{""amenity"": ""bicycle_parking"", ""bicycle_parking"": ""loops"", ""capacity"": ""10"", ""covered"": ""no""}"
RAL-04,node,10096258317,,amenity,bicycle_parking,Point,low_value_category,"{""amenity"": ""bicycle_parking"", ""bicycle_parking"": ""loops"", ""capacity"": ""6"", ""covered"": ""no""}"
RAL-04,node,10096258318,,amenity,bicycle_parking,Point,low_value_category,"{""amenity"": ""bicycle_parking"", ""bicycle_parking"": ""stands"", ""capacity"": ""8"", ""covered"": ""no""}"
RAL-04,node,10096258319,,amenity,bicycle_parking,Point,low_value_category,"{""amenity"": ""bicycle_parking"", ""bicycle_parking"": ""stands"", ""capacity"": ""8"", ""covered"": ""no""}"
RAL-04,node,10096258320,,amenity,bicycle_parking,Point,low_value_category,"{""amenity"": ""bicycle_parking"", ""bicycle_parking"": ""wave"", ""capacity"": ""13"", ""covered"": ""no""}"
RAL-04,node,10096258321,,amenity,bicycle_parking,Point,low_value_category,"{""amenity"": ""bicycle_parking"", ""bicycle_parking"": ""staple"", ""capacity"": ""2"", ""covered"": ""no""}"
RAL-04,node,11292138242,,amenity,bicycle_parking,Point,low_value_category,"{""amenity"": ""bicycle_parking"", ""bicycle_parking"": ""rack"", ""capacity"": ""10"", ""covered"": ""no"", ""fee"": ""no""}"
RAL-04,node,11292138243,,amenity,bicycle_parking,Point,low_value_category,"{""amenity"": ""bicycle_parking"", ""bicycle_parking"": ""stands"", ""capacity"": ""18"", ""covered"": ""no"", ""fee"": ""no""}"
RAL-04,node,11292138244,,amenity,bicycle_parking,Point,low_value_category,"{""amenity"": ""bicycle_parking"", ""bicycle_parking"": ""rack"", ""capacity"": ""10"", ""covered"": ""no"", ""fee"": ""no""}"
RAL-04,node,11292138245,,amenity,bicycle_parking,Point,low_value_category,"{""amenity"": ""bicycle_parking"", ""bicycle_parking"": ""rack"", ""capacity"": ""10"", ""covered"": ""no"", ""fee"": ""no""}"
RAL-04,node,11292138246,,amenity,bicycle_parking,Point,low_value_category,"{""amenity"": ""bicycle_parking"", ""bicycle_parking"": ""rack"", ""capacity"": ""10"", ""covered"": ""no"", ""fee"": ""no""}"
RAL-04,node,11292138247,,amenity,bicycle_parking,Point,low_value_category,"{""amenity"": ""bicycle_parking"", ""bicycle_parking"": ""rack"", ""capacity"": ""5"", ""covered"": ""yes"", ""fee"": ""no""}"
RAL-04,node,11292138248,,amenity,bicycle_parking,Point,low_value_category,"{""amenity"": ""bicycle_parking"", ""bicycle_parking"": ""rack"", ""capacity"": ""5"", ""covered"": ""no"", ""fee"": ""no""}"
RAL-04,node,11292138249,,amenity,bicycle_parking,Point,low_value_category,"{""amenity"": ""bicycle_parking"", ""bicycle_parking"": ""rack"", ""capacity"": ""10"", ""covered"": ""no"", ""fee"": ""no""}"
RAL-04,node,11292138250,,amenity,bicycle_parking,Point,low_value_category,"{""amenity"": ""bicycle_parking"", ""bicycle_parking"": ""rack"", ""capacity"": ""10"", ""covered"": ""no"", ""fee"": ""no""}"
RAL-04,node,11292138251,,amenity,bicycle_parking,Point,low_value_category,"{""amenity"": ""bicycle_parking"", ""bicycle_parking"": ""stands"", ""capacity"": ""12"", ""covered"": ""no"", ""fee"": ""no""}"
RAL-04,node,11292138252,,amenity,bicycle_parking,Point,low_value_category,"{""amenity"": ""bicycle_parking"", ""bicycle_parking"": ""rack"", ""capacity"": ""10"", ""covered"": ""no"", ""fee"": ""no""}"
RAL-04,node,11292138253,,amenity,bicycle_parking,Point,low_value_category,"{""amenity"": ""bicycle_parking"", ""bicycle_parking"": ""rack"", ""capacity"": ""10"", ""covered"": ""no"", ""fee"": ""no""}"
RAL-04,node,11292138254,,amenity,bicycle_parking,Point,low_value_category,"{""amenity"": ""bicycle_parking"", ""bicycle_parking"": ""rack"", ""capacity"": ""10"", ""covered"": ""no"", ""fee"": ""no""}"
RAL-04,node,11292138255,,amenity,bicycle_parking,Point,low_value_category,"{""amenity"": ""bicycle_parking"", ""bicycle_parking"": ""rack"", ""capacity"": ""25"", ""covered"": ""no"", ""fee"": ""no""}"
RAL-04,node,11292138256,,amenity,bicycle_parking,Point,low_value_category,"{""amenity"": ""bicycle_parking"", ""bicycle_parking"": ""rack"", ""capacity"": ""10"", ""covered"": ""no"", ""fee"": ""no""}"
RAL-04,node,11292138257,,amenity,bicycle_parking,Point,low_value_category,"{""amenity"": ""bicycle_parking"", ""bicycle_parking"": ""rack"", ""capacity"": ""10"", ""covered"": ""no"", ""fee"": ""no""}"
RAL-04,node,11292138258,,amenity,bicycle_parking,Point,low_value_category,"{""amenity"": ""bicycle_parking"", ""bicycle_parking"": ""rack"", ""capacity"": ""5"", ""covered"": ""no"", ""fee"": ""no""}"
RAL-04,node,11292138259,,amenity,bicycle_parking,Point,low_value_category,"{""amenity"": ""bicycle_parking"", ""bicycle_parking"": ""rack"", ""capacity"": ""10"", ""covered"": ""no"", ""fee"": ""no""}"
RAL-04,node,11292138260,,amenity,bicycle_parking,Point,low_value_category,"{""amenity"": ""bicycle_parking"", ""bicycle_parking"": ""rack"", ""capacity"": ""10"", ""covered"": ""no"", ""fee"": ""no""}"
RAL-04,node,11292138261,,amenity,bicycle_parking,Point,low_value_category,"{""amenity"": ""bicycle_parking"", ""bicycle_parking"": ""stands"", ""capacity"": ""24"", ""covered"": ""yes"", ""fee"": ""no""}"
RAL-04,node,11292138262,,amenity,bicycle_parking,Point,low_value_category,"{""amenity"": ""bicycle_parking"", ""bicycle_parking"": ""stands"", ""capacity"": ""12"", ""covered"": ""no"", ""fee"": ""no""}"
RAL-04,node,11292138263,,amenity,bicycle_parking,Point,low_value_category,"{""amenity"": ""bicycle_parking"", ""bicycle_parking"": ""rack"", ""capacity"": ""7"", ""covered"": ""no"", ""fee"": ""no""}"
RAL-04,node,11292138264,,amenity,bicycle_parking,Point,low_value_category,"{""amenity"": ""bicycle_parking"", ""bicycle_parking"": ""rack"", ""capacity"": ""30"", ""covered"": ""no"", ""fee"": ""no""}"
RAL-04,node,11292138265,,amenity,bicycle_parking,Point,low_value_category,"{""amenity"": ""bicycle_parking"", ""bicycle_parking"": ""rack"", ""capacity"": ""10"", ""covered"": ""no"", ""fee"": ""no""}"
RAL-04,node,11292138266,,amenity,bicycle_parking,Point,low_value_category,"{""amenity"": ""bicycle_parking"", ""bicycle_parking"": ""rack"", ""capacity"": ""13"", ""covered"": ""no"", ""fee"": ""no""}"
RAL-04,node,12322545973,,amenity,recycling,Point,low_value_category,"{""amenity"": ""recycling"", ""colour"": ""yellow"", ""recycling:electrical_items"": ""yes"", ""recycling_type"": ""container""}"
RAL-04,node,12322545974,,amenity,recycling,Point,low_value_category,"{""amenity"": ""recycling"", ""colour"": ""yellow"", ""recycling:electrical_items"": ""yes"", ""recycling_type"": ""container""}"
RAL-04,node,12588764594,,amenity,recycling,Point,low_value_category,"{""amenity"": ""recycling"", ""colour"": ""yellow"", ""recycling:electrical_items"": ""yes"", ""recycling_type"": ""container""}"
RAL-04,node,12588764595,,amenity,recycling,Point,low_value_category,"{""amenity"": ""recycling"", ""colour"": ""yellow"", ""recycling:electrical_items"": ""yes"", ""recycling_type"": ""container""}"
RAL-04,node,12588764596,,amenity,recycling,Point,low_value_category,"{""amenity"": ""recycling"", ""colour"": ""yellow"", ""recycling:electrical_items"": ""yes"", ""recycling_type"": ""container""}"
RAL-04,node,12588764597,,amenity,recycling,Point,low_value_category,"{""amenity"": ""recycling"", ""colour"": ""yellow"", ""recycling:electrical_items"": ""yes"", ""recycling_type"": ""container""}"
RAL-04,node,12588764598,,amenity,recycling,Point,low_value_category,"{""amenity"": ""recycling"", ""colour"": ""yellow"", ""recycling:electrical_items"": ""yes"", ""recycling_type"": ""container""}"
RAL-04,node,12588764599,,amenity,recycling,Point,low_value_category,"{""amenity"": ""recycling"", ""colour"": ""yellow"", ""recycling:electrical_items"": ""yes"", ""recycling_type"": ""container""}"
RAL-04,node,12588764600,,amenity,recycling,Point,low_value_category,"{""amenity"": ""recycling"", ""colour"": ""yellow"", ""recycling:electrical_items"": ""yes"", ""recycling_type"": ""container""}"
RAL-04,node,12588787601,,amenity,recycling,Point,low_value_category,"{""amenity"": ""recycling"", ""colour"": ""yellow"", ""recycling:electrical_items"": ""yes"", ""recycling_type"": ""container""}"
RAL-04,node,12588787602,,amenity,recycling,Point,low_value_category,"{""amenity"": ""recycling"", ""colour"": ""yellow"", ""recycling:electrical_items"": ""yes"", ""recycling_type"": ""container""}"
RAL-04,node,12588787603,,amenity,recycling,Point,low_value_category,"{""amenity"": ""recycling"", ""colour"": ""yellow"", ""recycling:electrical_items"": ""yes"", ""recycling_type"": ""container""}"
RAL-04,node,12588787604,,amenity,recycling,Point,low_value_category,"{""amenity"": ""recycling"", ""colour"": ""yellow"", ""recycling:electrical_items"": ""yes"", ""recycling_type"": ""container""}"
RAL-04,node,12588787605,,amenity,recycling,Point,low_value_category,"{""amenity"": ""recycling"", ""colour"": ""yellow"", ""recycling:electrical_items"": ""yes"", ""recycling_type"": ""container""}"
RAL-04,node,12588787606,,amenity,recycling,Point,low_value_category,"{""amenity"": ""recycling"", ""colour"": ""yellow"", ""recycling:electrical_items"": ""yes"", ""recycling_type"": ""container""}"
RAL-04,node,13063734961,,amenity,bicycle_parking,Point,low_value_category,"{""amenity"": ""bicycle_parking"", ""bicycle_parking"": ""wall_loops"", ""capacity"": ""8"", ""covered"": ""no""}"
RAL-04,way,33069334,Venture Parking,amenity,parking,Point,low_value_category,"{""access"": ""private"", ""amenity"": ""parking"", ""building"": ""yes"", ""name"": ""Venture Parking"", ""parking"": ""multi-storey""}"
RAL-04,way,33076840,,amenity,parking,Point,low_value_category,"{""access"": ""private"", ""amenity"": ""parking"", ""building"": ""yes"", ""parking"": ""multi-storey""}"
RAL-04,way,47700163,Keystone Deck,amenity,parking,Point,low_value_category,"{""access"": ""private"", ""amenity"": ""parking"", ""building"": ""yes"", ""name"": ""Keystone Deck"", ""parking"": ""multi-storey""}"
RAL-04,way,164068765,Toxicology Deck,amenity,parking,Point,low_value_category,"{""access"": ""private"", ""amenity"": ""parking"", ""building"": ""yes"", ""name"": ""Toxicology Deck"", ""parking"": ""multi-storey""}"
RAL-04,way,164125158,Oval West Parking Deck,amenity,parking,Point,low_value_category,"{""access"": ""private"", ""addr:city"": ""Raleigh"", ""addr:postcode"": ""27606"", ""addr:state"": ""NC"", ""addr:street"": ""Partners Way"", ""amenity"": ""parking"", ""building"": ""yes"", ""name"": ""Oval West Parking Deck"", ""parking"": ""multi-storey"", ""short_name"": ""PWD""}"
RAL-04,way,164125235,Monteith Deck,amenity,parking,Point,low_value_category,"{""access"": ""private"", ""amenity"": ""parking"", ""building"": ""yes"", ""building:levels"": ""1"", ""building:levels:underground"": ""4"", ""layer"": ""-1"", ""location"": ""underground"", ""name"": ""Monteith Deck"", ""parking"": ""multi-storey""}"
RAL-04,way,194996668,Dorothea Dix Park,leisure,park,Point,representative_point_outside_region,"{""emergency"": ""no"", ""leisure"": ""park"", ""name"": ""Dorothea Dix Park""}"
RAL-04,way,200456347,,leisure,disc_golf_course,Point,unnamed_not_inherently_meaningful,"{""access"": ""unknown"", ""contact:website"": ""http://www.ncsu.edu/facilities/buildings/disk_golf.html"", ""leisure"": ""disc_golf_course"", ""sport"": ""disc_golf"", ""start_date"": ""2010""}"
RAL-04,way,235051706,,amenity,parking,Point,low_value_category,"{""access"": ""private"", ""amenity"": ""parking"", ""parking"": ""surface""}"
RAL-04,way,235051707,,amenity,parking,Point,low_value_category,"{""access"": ""private"", ""amenity"": ""parking"", ""parking"": ""surface""}"
RAL-04,way,235051708,,amenity,parking,Point,low_value_category,"{""access"": ""private"", ""amenity"": ""parking"", ""parking"": ""surface""}"
RAL-04,way,235051709,,amenity,parking,Point,low_value_category,"{""access"": ""private"", ""amenity"": ""parking"", ""parking"": ""surface""}"
RAL-04,way,235051710,,amenity,parking,Point,low_value_category,"{""access"": ""private"", ""amenity"": ""parking"", ""parking"": ""surface""}"
RAL-04,way,235051711,,amenity,parking,Point,low_value_category,"{""access"": ""private"", ""amenity"": ""parking"", ""parking"": ""surface""}"
RAL-04,way,235834661,,amenity,parking,Point,low_value_category,"{""access"": ""private"", ""amenity"": ""parking"", ""parking"": ""surface""}"
RAL-04,way,235834662,,amenity,parking,Point,low_value_category,"{""access"": ""private"", ""amenity"": ""parking"", ""parking"": ""surface""}"
RAL-04,way,235834663,,amenity,parking,Point,low_value_category,"{""access"": ""private"", ""amenity"": ""parking"", ""parking"": ""surface""}"
RAL-04,way,235834664,,amenity,parking,Point,low_value_category,"{""access"": ""private"", ""amenity"": ""parking"", ""parking"": ""surface""}"
RAL-04,way,239240384,,amenity,parking,Point,low_value_category,"{""amenity"": ""parking"", ""capacity"": ""200"", ""parking"": ""surface""}"
RAL-04,way,239261993,,amenity,parking,Point,low_value_category,"{""access"": ""private"", ""amenity"": ""parking"", ""capacity"": ""9"", ""parking"": ""surface"", ""wheelchair"": ""yes""}"
RAL-04,way,239262362,,amenity,parking,Point,low_value_category,"{""access"": ""private"", ""amenity"": ""parking"", ""parking"": ""surface""}"
RAL-04,way,239262849,,amenity,parking,Point,low_value_category,"{""access"": ""private"", ""amenity"": ""parking"", ""parking"": ""surface"", ""source"": ""Bing imagery""}"
RAL-04,way,239263106,,amenity,parking,Point,low_value_category,"{""access"": ""customers"", ""amenity"": ""parking"", ""fee"": ""no"", ""parking"": ""surface""}"
RAL-04,way,239263107,,amenity,parking,Point,low_value_category,"{""access"": ""customers"", ""amenity"": ""parking"", ""fee"": ""no"", ""parking"": ""surface""}"
RAL-04,way,239263108,,amenity,parking,Point,low_value_category,"{""access"": ""customers"", ""amenity"": ""parking"", ""fee"": ""no"", ""parking"": ""surface""}"
RAL-04,way,239263425,,amenity,parking,Point,low_value_category,"{""access"": ""private"", ""amenity"": ""parking"", ""parking"": ""surface"", ""source"": ""Bing imagery""}"
RAL-04,way,297300830,,amenity,parking,Point,low_value_category,"{""access"": ""permit"", ""amenity"": ""parking"", ""note"": ""Requires RC permit from NC State. Enforced M-F 7:00am to Midnight."", ""parking"": ""surface"", ""supervised"": ""no""}"
RAL-04,way,297300831,,amenity,parking,Point,low_value_category,"{""access"": ""permit"", ""amenity"": ""parking"", ""parking"": ""surface"", ""wheelchair"": ""yes""}"
RAL-04,way,297300832,Oval East Lot,amenity,parking,Point,low_value_category,"{""access"": ""permit"", ""amenity"": ""parking"", ""name"": ""Oval East Lot"", ""parking"": ""surface""}"
RAL-04,way,297307157,,amenity,parking,Point,low_value_category,"{""access"": ""permit"", ""amenity"": ""parking"", ""parking"": ""lane""}"
RAL-04,way,297307158,,amenity,parking,Point,low_value_category,"{""access"": ""private"", ""amenity"": ""parking"", ""parking"": ""surface""}"
RAL-04,way,297580267,,amenity,parking,Point,low_value_category,"{""access"": ""private"", ""amenity"": ""parking"", ""parking"": ""surface""}"
RAL-04,way,297580268,,amenity,parking,Point,low_value_category,"{""access"": ""private"", ""amenity"": ""parking"", ""parking"": ""surface""}"
RAL-04,way,297580269,,amenity,parking,Point,low_value_category,"{""access"": ""private"", ""amenity"": ""parking"", ""parking"": ""surface""}"
RAL-04,way,304460443,,amenity,parking,Point,low_value_category,"{""access"": ""private"", ""amenity"": ""parking"", ""parking"": ""surface""}"
RAL-04,way,304460444,,amenity,parking,Point,low_value_category,"{""access"": ""private"", ""amenity"": ""parking"", ""parking"": ""surface""}"
RAL-04,way,304460445,,amenity,parking,Point,low_value_category,"{""access"": ""private"", ""amenity"": ""parking"", ""parking"": ""surface""}"
RAL-04,way,304460446,,amenity,parking,Point,low_value_category,"{""access"": ""private"", ""amenity"": ""parking"", ""parking"": ""sheds""}"
RAL-04,way,304460447,,amenity,parking,Point,low_value_category,"{""access"": ""private"", ""amenity"": ""parking"", ""parking"": ""sheds""}"
RAL-04,way,304460448,,amenity,parking,Point,low_value_category,"{""access"": ""private"", ""amenity"": ""parking"", ""parking"": ""surface""}"
RAL-04,way,304460449,,amenity,parking,Point,low_value_category,"{""access"": ""private"", ""amenity"": ""parking"", ""parking"": ""surface""}"
RAL-04,way,304460450,,amenity,parking,Point,low_value_category,"{""access"": ""private"", ""amenity"": ""parking"", ""parking"": ""surface""}"
RAL-04,way,304460451,,amenity,parking,Point,low_value_category,"{""access"": ""private"", ""amenity"": ""parking"", ""parking"": ""surface""}"
RAL-04,way,304460452,,amenity,parking,Point,low_value_category,"{""access"": ""private"", ""amenity"": ""parking"", ""parking"": ""sheds""}"
RAL-04,way,304460453,,amenity,parking,Point,low_value_category,"{""access"": ""private"", ""amenity"": ""parking"", ""parking"": ""sheds""}"
RAL-04,way,304460454,,amenity,parking,Point,low_value_category,"{""access"": ""private"", ""amenity"": ""parking"", ""parking"": ""surface""}"
RAL-04,way,304460455,,amenity,parking,Point,low_value_category,"{""access"": ""private"", ""amenity"": ""parking"", ""parking"": ""surface""}"
RAL-04,way,304460456,,amenity,parking,Point,low_value_category,"{""access"": ""private"", ""amenity"": ""parking"", ""parking"": ""surface""}"
RAL-04,way,304460457,,amenity,parking,Point,low_value_category,"{""access"": ""private"", ""amenity"": ""parking"", ""parking"": ""surface""}"
RAL-04,way,304460458,,amenity,parking,Point,low_value_category,"{""access"": ""private"", ""amenity"": ""parking"", ""parking"": ""surface""}"
RAL-04,way,304460459,,amenity,parking,Point,low_value_category,"{""access"": ""private"", ""amenity"": ""parking"", ""parking"": ""surface""}"
RAL-04,way,304460460,,amenity,parking,Point,low_value_category,"{""access"": ""private"", ""amenity"": ""parking"", ""parking"": ""surface""}"
RAL-04,way,304460461,,amenity,parking,Point,low_value_category,"{""access"": ""private"", ""amenity"": ""parking"", ""parking"": ""surface""}"
RAL-04,way,304460462,,amenity,parking,Point,low_value_category,"{""access"": ""private"", ""amenity"": ""parking"", ""parking"": ""sheds""}"
RAL-04,way,304460463,,amenity,parking,Point,low_value_category,"{""access"": ""private"", ""amenity"": ""parking"", ""parking"": ""surface""}"
RAL-04,way,304460464,,amenity,parking,Point,low_value_category,"{""access"": ""private"", ""amenity"": ""parking"", ""parking"": ""surface""}"
RAL-04,way,304460465,,amenity,parking,Point,low_value_category,"{""access"": ""private"", ""amenity"": ""parking"", ""parking"": ""surface""}"
RAL-04,way,304460466,,amenity,parking,Point,low_value_category,"{""access"": ""private"", ""amenity"": ""parking"", ""parking"": ""surface""}"
RAL-04,way,304460467,,amenity,parking,Point,low_value_category,"{""access"": ""private"", ""amenity"": ""parking"", ""parking"": ""surface""}"
RAL-04,way,304460468,,amenity,parking,Point,low_value_category,"{""access"": ""private"", ""amenity"": ""parking"", ""parking"": ""surface""}"
RAL-04,way,304460469,,amenity,parking,Point,low_value_category,"{""access"": ""private"", ""amenity"": ""parking"", ""parking"": ""surface""}"
RAL-04,way,304460470,,amenity,parking,Point,low_value_category,"{""access"": ""private"", ""amenity"": ""parking"", ""parking"": ""surface""}"
RAL-04,way,304460471,,amenity,parking,Point,low_value_category,"{""access"": ""private"", ""amenity"": ""parking"", ""parking"": ""surface""}"
RAL-04,way,304460472,,amenity,parking,Point,low_value_category,"{""access"": ""private"", ""amenity"": ""parking"", ""parking"": ""surface""}"
RAL-04,way,304460473,,amenity,parking,Point,low_value_category,"{""access"": ""private"", ""amenity"": ""parking"", ""parking"": ""surface""}"
RAL-04,way,304460474,,amenity,parking,Point,low_value_category,"{""access"": ""private"", ""amenity"": ""parking"", ""parking"": ""surface""}"
RAL-04,way,304460475,,amenity,parking,Point,low_value_category,"{""access"": ""private"", ""amenity"": ""parking"", ""parking"": ""surface""}"
RAL-04,way,352694264,,amenity,parking,Point,low_value_category,"{""access"": ""customers"", ""amenity"": ""parking"", ""fee"": ""yes"", ""parking"": ""surface""}"
RAL-04,way,378067835,Alliance Deck,amenity,parking,Point,low_value_category,"{""access"": ""private"", ""amenity"": ""parking"", ""building"": ""yes"", ""name"": ""Alliance Deck"", ""parking"": ""multi-storey""}"
RAL-04,way,413129356,,amenity,parking,Point,low_value_category,"{""access"": ""private"", ""amenity"": ""parking"", ""parking"": ""surface""}"
RAL-04,way,413129357,,amenity,parking,Point,low_value_category,"{""access"": ""yes"", ""amenity"": ""parking"", ""fee"": ""yes"", ""parking"": ""surface""}"
RAL-04,way,413129358,,amenity,parking,Point,low_value_category,"{""access"": ""private"", ""amenity"": ""parking"", ""parking"": ""surface""}"
RAL-04,way,423487931,,amenity,parking,Point,low_value_category,"{""access"": ""private"", ""amenity"": ""parking"", ""parking"": ""surface""}"
RAL-04,way,423487932,,amenity,parking,Point,low_value_category,"{""access"": ""private"", ""amenity"": ""parking"", ""parking"": ""surface""}"
RAL-04,way,423487933,,amenity,parking,Point,low_value_category,"{""access"": ""private"", ""amenity"": ""parking"", ""parking"": ""surface""}"
RAL-04,way,423487934,,amenity,parking,Point,low_value_category,"{""access"": ""private"", ""amenity"": ""parking"", ""parking"": ""surface""}"
RAL-04,way,423487935,,amenity,parking,Point,low_value_category,"{""access"": ""private"", ""amenity"": ""parking"", ""parking"": ""surface""}"
RAL-04,way,423487936,,amenity,parking,Point,low_value_category,"{""access"": ""private"", ""amenity"": ""parking"", ""parking"": ""surface""}"
RAL-04,way,423487937,,amenity,parking,Point,low_value_category,"{""access"": ""private"", ""amenity"": ""parking"", ""parking"": ""surface""}"
RAL-04,way,544913146,,amenity,parking,Point,low_value_category,"{""access"": ""permissive"", ""amenity"": ""parking"", ""parking"": ""surface"", ""surface"": ""asphalt""}"
RAL-04,way,664887034,,amenity,parking,Point,low_value_category,"{""access"": ""yes"", ""amenity"": ""parking"", ""fee"": ""no"", ""parking"": ""surface""}"
RAL-04,way,666513374,Poulton Deck,amenity,parking,Point,low_value_category,"{""access"": ""yes"", ""amenity"": ""parking"", ""building"": ""parking"", ""fee"": ""no"", ""fee:conditional"": ""yes @ (Mo-Fr 07:00-17:00)"", ""name"": ""Poulton Deck"", ""opening_hours"": ""Mo-Fr 07:00-17:00"", ""parking"": ""multi-storey""}"
RAL-04,way,677320624,,amenity,shelter,Point,low_value_category,"{""amenity"": ""shelter"", ""building"": ""yes"", ""shelter_type"": ""public_transport""}"
RAL-04,way,677320871,,amenity,shelter,Point,low_value_category,"{""amenity"": ""shelter"", ""building"": ""yes"", ""shelter_type"": ""public_transport""}"
RAL-04,way,677320998,,office,yes,Point,unnamed_not_inherently_meaningful,"{""building"": ""yes"", ""office"": ""yes""}"
RAL-04,way,677321002,,amenity,bicycle_parking,Point,low_value_category,"{""amenity"": ""bicycle_parking"", ""bicycle_parking"": ""stands"", ""building"": ""roof"", ""building:levels"": ""1"", ""capacity"": ""35"", ""covered"": ""yes"", ""roof:shape"": ""hipped""}"
RAL-04,way,686925988,,amenity,parking,Point,low_value_category,"{""access"": ""permit"", ""amenity"": ""parking"", ""capacity"": ""2"", ""parking"": ""lane""}"
RAL-04,way,686925989,,amenity,parking,Point,low_value_category,"{""access"": ""permit"", ""amenity"": ""parking"", ""parking"": ""surface""}"
RAL-04,way,688713586,,leisure,garden,Point,unnamed_not_inherently_meaningful,"{""leisure"": ""garden""}"
RAL-04,way,688713588,,leisure,garden,Point,unnamed_not_inherently_meaningful,"{""leisure"": ""garden""}"
RAL-04,way,728199514,,amenity,parking,Point,low_value_category,"{""amenity"": ""parking"", ""parking"": ""surface""}"
RAL-04,way,728199516,,leisure,swimming_pool,Point,unnamed_not_inherently_meaningful,"{""leisure"": ""swimming_pool""}"
RAL-04,way,728199519,,amenity,parking,Point,low_value_category,"{""access"": ""customers"", ""amenity"": ""parking"", ""fee"": ""no"", ""parking"": ""surface""}"
RAL-04,way,728199524,,amenity,parking,Point,low_value_category,"{""access"": ""customers"", ""amenity"": ""parking"", ""fee"": ""no"", ""parking"": ""surface""}"
RAL-04,way,736389955,,leisure,swimming_pool,Point,unnamed_not_inherently_meaningful,"{""leisure"": ""swimming_pool""}"
RAL-04,way,736389959,,amenity,parking,Point,low_value_category,"{""access"": ""private"", ""amenity"": ""parking"", ""parking"": ""surface""}"
RAL-04,way,736389997,,amenity,parking,Point,low_value_category,"{""access"": ""private"", ""amenity"": ""parking"", ""parking"": ""surface""}"
RAL-04,way,736389998,,amenity,parking,Point,low_value_category,"{""access"": ""private"", ""amenity"": ""parking"", ""parking"": ""surface""}"
RAL-04,way,736389999,,amenity,parking,Point,low_value_category,"{""access"": ""private"", ""amenity"": ""parking"", ""parking"": ""surface""}"
RAL-04,way,736390000,,amenity,parking,Point,low_value_category,"{""access"": ""private"", ""amenity"": ""parking"", ""parking"": ""surface""}"
RAL-04,way,736390001,,amenity,parking,Point,low_value_category,"{""access"": ""private"", ""amenity"": ""parking"", ""parking"": ""surface""}"
RAL-04,way,736390002,,amenity,parking,Point,low_value_category,"{""access"": ""private"", ""amenity"": ""parking"", ""parking"": ""surface""}"
RAL-04,way,736390003,,amenity,parking,Point,low_value_category,"{""access"": ""private"", ""amenity"": ""parking"", ""parking"": ""surface""}"
RAL-04,way,736390024,,amenity,fountain,Point,unnamed_not_inherently_meaningful,"{""amenity"": ""fountain""}"
RAL-04,way,770943149,Center for Technology and Innovation Parking Deck,amenity,parking,Point,low_value_category,"{""access"": ""private"", ""amenity"": ""parking"", ""building"": ""parking"", ""name"": ""Center for Technology and Innovation Parking Deck"", ""parking"": ""multi-storey""}"
RAL-04,way,833627049,,amenity,parking,Point,low_value_category,"{""access"": ""private"", ""amenity"": ""parking"", ""parking"": ""surface"", ""surface"": ""concrete""}"
RAL-04,way,940578212,,office,yes,Point,unnamed_not_inherently_meaningful,"{""building"": ""yes"", ""office"": ""yes""}"
RAL-04,way,940578213,,office,yes,Point,unnamed_not_inherently_meaningful,"{""building"": ""yes"", ""office"": ""yes""}"
RAL-04,way,940578214,,office,yes,Point,unnamed_not_inherently_meaningful,"{""building"": ""yes"", ""office"": ""yes""}"
RAL-04,way,946861861,North Carolina State University,amenity,parking,Point,low_value_category,"{""access"": ""yes"", ""amenity"": ""parking"", ""fee"": ""yes"", ""operator"": ""North Carolina State University"", ""parking"": ""surface"", ""surface"": ""asphalt""}"
RAL-04,way,1044483352,,amenity,parking,Point,low_value_category,"{""access"": ""private"", ""amenity"": ""parking"", ""parking"": ""surface"", ""surface"": ""asphalt""}"
RAL-04,way,1044483353,,amenity,parking,Point,low_value_category,"{""access"": ""private"", ""amenity"": ""parking"", ""parking"": ""surface"", ""surface"": ""asphalt""}"
RAL-04,way,1044483359,,amenity,parking,Point,low_value_category,"{""amenity"": ""parking"", ""parking"": ""surface"", ""surface"": ""asphalt""}"
RAL-04,way,1044483360,,amenity,parking,Point,low_value_category,"{""amenity"": ""parking"", ""parking"": ""surface"", ""surface"": ""asphalt""}"
RAL-04,way,1044483368,,amenity,parking,Point,low_value_category,"{""amenity"": ""parking"", ""parking"": ""surface"", ""surface"": ""asphalt""}"
RAL-04,way,1044483369,,amenity,parking,Point,low_value_category,"{""access"": ""private"", ""amenity"": ""parking"", ""parking"": ""surface"", ""surface"": ""asphalt""}"
RAL-04,way,1073395772,,amenity,parking,Point,low_value_category,"{""amenity"": ""parking"", ""parking"": ""lane"", ""surface"": ""asphalt""}"
RAL-04,way,1073395773,,amenity,parking,Point,low_value_category,"{""amenity"": ""parking"", ""parking"": ""lane"", ""surface"": ""asphalt""}"
RAL-04,way,1231283097,Raleigh Fire Station Number 20,amenity,fire_station,Point,representative_point_outside_region,"{""addr:state"": ""NC"", ""amenity"": ""fire_station"", ""ele"": ""126"", ""gnis:feature_id"": ""2454436"", ""name"": ""Raleigh Fire Station Number 20"", ""source"": ""USGS Geonames""}"
RAL-04,way,1280036306,,leisure,track,Point,unnamed_not_inherently_meaningful,"{""leisure"": ""track"", ""sport"": ""running""}"
RAL-04,way,1323093988,,leisure,pitch,Point,unnamed_pitch,"{""leisure"": ""pitch"", ""sport"": ""beachvolleyball"", ""surface"": ""sand""}"
RAL-04,relation,6431764,North Carolina State University,amenity,university,MultiPolygon,representative_point_outside_region,"{""addr:city"": ""Raleigh"", ""addr:postcode"": ""27695"", ""addr:state"": ""NC"", ""amenity"": ""university"", ""ele"": ""118"", ""name"": ""North Carolina State University"", ""name:fr"": ""Université d'État de Caroline du Nord"", ""name:ru"": ""Университет штата Северная Каролина"", ""short_name"": ""NC STATE"", ""type"": ""multipolygon"", ""website"": ""https://www.ncsu.edu/"", ""website:mobile"": ""http://m.ncsu.edu"", ""wikidata"": ""Q1132346"", ""wikipedia"": ""en:North Carolina State University""}"
RAL-04,relation,11511774,Partners Way Parking Deck,amenity,parking,Polygon,low_value_category,"{""access"": ""private"", ""amenity"": ""parking"", ""building"": ""parking;yes"", ""fee"": ""yes"", ""fee:conditional"": ""yes @ (Mo-Fr 07:00-17:00)"", ""layer"": ""1"", ""name"": ""Partners Way Parking Deck"", ""parking"": ""multi-storey"", ""payment:credit_cards"": ""yes"", ""type"": ""multipolygon""}"
RAL-05,node,607696788,,amenity,parking_entrance,Point,low_value_category,"{""amenity"": ""parking_entrance""}"
RAL-05,node,5900159552,,amenity,parking_entrance,Point,low_value_category,"{""amenity"": ""parking_entrance""}"
RAL-05,node,5900159766,,amenity,parking_entrance,Point,low_value_category,"{""amenity"": ""parking_entrance""}"
RAL-05,node,5900159895,,amenity,parking_entrance,Point,low_value_category,"{""amenity"": ""parking_entrance""}"
RAL-05,node,5900159896,,amenity,parking_entrance,Point,low_value_category,"{""amenity"": ""parking_entrance""}"
RAL-05,node,5900159987,,amenity,parking_entrance,Point,low_value_category,"{""amenity"": ""parking_entrance""}"
RAL-05,node,5900159988,,amenity,parking_entrance,Point,low_value_category,"{""amenity"": ""parking_entrance""}"
RAL-05,node,5900160023,,amenity,parking_entrance,Point,low_value_category,"{""amenity"": ""parking_entrance""}"
RAL-05,node,5900160028,,amenity,parking_entrance,Point,low_value_category,"{""amenity"": ""parking_entrance""}"
RAL-05,node,5900160029,,amenity,parking_entrance,Point,low_value_category,"{""amenity"": ""parking_entrance""}"
RAL-05,node,5900187966,,amenity,parking_entrance,Point,low_value_category,"{""amenity"": ""parking_entrance""}"
RAL-05,node,5900187967,,amenity,parking_entrance,Point,low_value_category,"{""amenity"": ""parking_entrance""}"
RAL-05,node,5901928920,,amenity,parking_entrance,Point,low_value_category,"{""amenity"": ""parking_entrance""}"
RAL-05,node,6506991272,WakeMed at Wake Tech,public_transport,platform,Point,transport_platform_infrastructure,"{""bench"": ""yes"", ""bin"": ""yes"", ""bus"": ""yes"", ""highway"": ""bus_stop"", ""name"": ""WakeMed at Wake Tech"", ""network"": ""GoRaleigh"", ""network:wikidata"": ""Q5035469"", ""network:wikipedia"": ""en:GoRaleigh"", ""public_transport"": ""platform"", ""ref"": ""8632"", ""shelter"": ""yes""}"
RAL-05,node,6507003664,WakeMed at the Andrews Center,public_transport,platform,Point,transport_platform_infrastructure,"{""bench"": ""yes"", ""bin"": ""yes"", ""bus"": ""yes"", ""highway"": ""bus_stop"", ""name"": ""WakeMed at the Andrews Center"", ""network"": ""GoRaleigh"", ""network:wikidata"": ""Q5035469"", ""network:wikipedia"": ""en:GoRaleigh"", ""public_transport"": ""platform"", ""ref"": ""8633"", ""shelter"": ""yes""}"
RAL-05,node,6507009224,WakeMed Perimeter Rd at Swinburne St,public_transport,platform,Point,transport_platform_infrastructure,"{""bench"": ""no"", ""bin"": ""no"", ""bus"": ""yes"", ""highway"": ""bus_stop"", ""name"": ""WakeMed Perimeter Rd at Swinburne St"", ""network"": ""GoRaleigh"", ""network:wikidata"": ""Q5035469"", ""network:wikipedia"": ""en:GoRaleigh"", ""public_transport"": ""platform"", ""ref"": ""9415"", ""shelter"": ""no""}"
RAL-05,node,6507010163,New Bern Ave at Wake Med (EB),public_transport,platform,Point,transport_platform_infrastructure,"{""bus"": ""yes"", ""highway"": ""bus_stop"", ""name"": ""New Bern Ave at Wake Med (EB)"", ""network"": ""GoTriangle"", ""network:wikidata"": ""Q7840091"", ""network:wikipedia"": ""en:GoTriangle"", ""public_transport"": ""platform"", ""ref"": ""1891""}"
RAL-05,node,6507029747,New Bern Ave at West Campus Dr (EB),public_transport,platform,Point,transport_platform_infrastructure,"{""bench"": ""no"", ""bin"": ""no"", ""bus"": ""yes"", ""highway"": ""bus_stop"", ""name"": ""New Bern Ave at West Campus Dr (EB)"", ""network"": ""GoRaleigh"", ""network:wikidata"": ""Q5035469"", ""network:wikipedia"": ""en:GoRaleigh"", ""public_transport"": ""platform"", ""ref"": ""8330"", ""shelter"": ""no""}"
RAL-05,node,6507032866,West Campus Dr at Galahad Dr,public_transport,platform,Point,transport_platform_infrastructure,"{""bench"": ""yes"", ""bin"": ""yes"", ""bus"": ""yes"", ""highway"": ""bus_stop"", ""name"": ""West Campus Dr at Galahad Dr"", ""network"": ""GoRaleigh"", ""network:wikidata"": ""Q5035469"", ""network:wikipedia"": ""en:GoRaleigh"", ""public_transport"": ""platform"", ""ref"": ""8631"", ""shelter"": ""yes""}"
RAL-05,way,47758565,,amenity,parking,Polygon,low_value_category,"{""amenity"": ""parking"", ""building"": ""parking"", ""parking"": ""multi-storey"", ""source"": ""WakeGIS""}"
RAL-05,way,47776787,,amenity,parking,Polygon,low_value_category,"{""amenity"": ""parking"", ""building"": ""parking"", ""building:use"": ""commercial"", ""parking"": ""multi-storey"", ""source"": ""WakeGIS""}"
RAL-05,way,187536422,,amenity,parking,Polygon,low_value_category,"{""amenity"": ""parking"", ""building"": ""parking"", ""parking"": ""multi-storey""}"
RAL-05,way,187536434,,amenity,parking,Polygon,low_value_category,"{""amenity"": ""parking"", ""parking"": ""surface"", ""surface"": ""asphalt""}"
RAL-05,way,187536438,,amenity,parking,Polygon,low_value_category,"{""amenity"": ""parking"", ""parking"": ""surface"", ""surface"": ""asphalt""}"
RAL-05,way,198165156,Wake Technical Community College: Perry Health Sciences Campus,amenity,college,Polygon,representative_point_outside_region,"{""amenity"": ""college"", ""name"": ""Wake Technical Community College: Perry Health Sciences Campus""}"
RAL-05,way,624814390,,amenity,parking,Polygon,low_value_category,"{""amenity"": ""parking"", ""building"": ""parking"", ""parking"": ""multi-storey""}"
RAL-05,way,624816652,,amenity,parking,Polygon,low_value_category,"{""amenity"": ""parking"", ""building"": ""parking"", ""parking"": ""multi-storey""}"
RAL-05,way,624816655,,amenity,parking,Polygon,low_value_category,"{""amenity"": ""parking"", ""parking"": ""surface""}"
RAL-05,way,624816656,,amenity,parking,Polygon,low_value_category,"{""amenity"": ""parking"", ""parking"": ""surface""}"
RAL-05,way,624841606,,amenity,parking,Polygon,low_value_category,"{""amenity"": ""parking"", ""parking"": ""surface""}"
RAL-05,way,624841608,,amenity,parking,Polygon,low_value_category,"{""amenity"": ""parking"", ""parking"": ""surface""}"
RAL-05,way,624841619,,amenity,parking,Polygon,low_value_category,"{""amenity"": ""parking"", ""parking"": ""surface""}"
RAL-05,way,625078185,,amenity,parking,Polygon,low_value_category,"{""amenity"": ""parking"", ""parking"": ""surface""}"
RAL-05,way,625078186,,amenity,parking,Polygon,low_value_category,"{""amenity"": ""parking"", ""parking"": ""surface""}"
RAL-05,way,1046176560,,amenity,parking,Polygon,low_value_category,"{""amenity"": ""parking"", ""parking"": ""surface"", ""surface"": ""asphalt""}"
RAL-05,way,1046176563,,amenity,parking,Polygon,low_value_category,"{""amenity"": ""parking"", ""parking"": ""surface"", ""surface"": ""unpaved""}"
RAL-05,way,1046176564,,amenity,parking,Polygon,low_value_category,"{""amenity"": ""parking"", ""parking"": ""surface"", ""surface"": ""unpaved""}"
RAL-05,relation,8680926,,amenity,parking,Point,low_value_category,"{""amenity"": ""parking"", ""parking"": ""surface"", ""surface"": ""asphalt"", ""type"": ""multipolygon""}"
