region_id,osm_type,osm_id,name,primary_osm_key,primary_osm_value,source_geometry_type,exclusion_reason,raw_tags
DUR-01,node,4202449596,Moshi Moshi,shop,hairdresser,Point,retained:named_poi,"{""addr:country"": ""US"", ""addr:housenumber"": ""807"", ""addr:postcode"": ""27701"", ""addr:state"": ""NC"", ""addr:street"": ""East Main Street"", ""name"": ""Moshi Moshi"", ""opening_hours"": ""Mo 09:00-19:00, Tu-Th 09:00-20:00, Fr 09:00-19:00, Sa 09:00-18:00"", ""phone"": ""+1 919 564 1272"", ""shop"": ""hairdresser"", ""website"": ""https://www.moshimoshimeanshello.com/""}"
DUR-01,node,4202449597,Shodor,office,research,Point,retained:named_poi,"{""addr:country"": ""US"", ""addr:housenumber"": ""807"", ""addr:postcode"": ""27701"", ""addr:state"": ""NC"", ""addr:street"": ""East Main Street"", ""addr:suite"": ""7-100"", ""name"": ""Shodor"", ""office"": ""research"", ""phone"": ""+1 919 560 1911"", ""website"": ""https://www.shodor.org/""}"
DUR-01,node,5923216528,,amenity,bicycle_parking,Point,low_value_category,"{""amenity"": ""bicycle_parking"", ""capacity"": ""6"", ""covered"": ""no""}"
DUR-01,node,5923216530,,amenity,bicycle_parking,Point,low_value_category,"{""amenity"": ""bicycle_parking"", ""capacity"": ""4"", ""covered"": ""no""}"
DUR-01,node,5923216532,,amenity,bicycle_parking,Point,low_value_category,"{""amenity"": ""bicycle_parking"", ""capacity"": ""4"", ""covered"": ""no""}"
DUR-01,node,5923216574,,amenity,bicycle_parking,Point,low_value_category,"{""amenity"": ""bicycle_parking"", ""capacity"": ""4"", ""covered"": ""no""}"
DUR-01,node,5923216579,,amenity,bicycle_parking,Point,low_value_category,"{""amenity"": ""bicycle_parking"", ""capacity"": ""4"", ""covered"": ""no""}"
DUR-01,node,12469564902,Cugino Forno Durham,amenity,restaurant,Point,retained:named_poi,"{""addr:postcode"": ""27701"", ""amenity"": ""restaurant"", ""cuisine"": ""italian;italian_pizza;pizza"", ""name"": ""Cugino Forno Durham"", ""website"": ""https://cuginoforno.com/""}"
DUR-01,node,12469711101,Hi-Wire Brewing Durham,craft,brewery,Point,retained:named_poi,"{""addr:postcode"": ""27701"", ""craft"": ""brewery"", ""name"": ""Hi-Wire Brewing Durham"", ""website"": ""https://hiwirebrewing.com/durham/""}"
DUR-01,node,12561407598,Two Roosters Ice Cream Durham,amenity,ice_cream,Point,retained:named_poi,"{""addr:city"": ""Durham"", ""addr:housenumber"": ""800"", ""addr:postcode"": ""27701"", ""addr:state"": ""NC"", ""addr:street"": ""Taylor Street"", ""addr:unit"": ""Suite"", ""amenity"": ""ice_cream"", ""name"": ""Two Roosters Ice Cream Durham"", ""opening_hours"": ""14:00 - 21:00""}"
DUR-01,node,14165026701,Urban Tails Veterinary Hospital,amenity,veterinary,Point,retained:named_poi,"{""addr:housenumber"": ""800"", ""addr:street"": ""Taylor Street"", ""amenity"": ""veterinary"", ""name"": ""Urban Tails Veterinary Hospital"", ""phone"": ""+19842192579""}"
DUR-01,way,214518274,,amenity,parking,Point,low_value_category,"{""addr:city"": ""Durham"", ""addr:housenumber"": ""409"", ""addr:postcode"": ""27701"", ""addr:state"": ""NC"", ""addr:street"": ""North Elm Street"", ""amenity"": ""parking"", ""source:addr"": ""Durham Open Data""}"
DUR-01,way,214518276,,amenity,parking,Point,low_value_category,"{""addr:city"": ""Durham"", ""addr:housenumber"": ""221"", ""addr:postcode"": ""27701"", ""addr:state"": ""NC"", ""addr:street"": ""Belt Street"", ""amenity"": ""parking"", ""source:addr"": ""Durham Open Data""}"
DUR-01,way,214518277,,amenity,parking,Point,low_value_category,"{""addr:city"": ""Durham"", ""addr:housenumber"": ""901"", ""addr:postcode"": ""27701"", ""addr:state"": ""NC"", ""addr:street"": ""Morning Glory Avenue"", ""amenity"": ""parking"", ""source:addr"": ""Durham Open Data""}"
DUR-01,way,682533685,,railway,abandoned,Point,representative_point_outside_region,"{""railway"": ""abandoned"", ""service"": ""spur"", ""usage"": ""industrial""}"
DUR-01,way,1324743532,,amenity,parking,Point,low_value_category,"{""access"": ""permissive"", ""amenity"": ""parking"", ""parking"": ""surface"", ""surface"": ""asphalt""}"
DUR-01,way,1324743533,,amenity,parking,Point,low_value_category,"{""access"": ""permissive"", ""amenity"": ""parking"", ""parking"": ""surface"", ""surface"": ""paved""}"
DUR-01,node,170725594,,railway,level_crossing,Point,railway_track_infrastructure,"{""crossing:barrier"": ""double_half"", ""railway"": ""level_crossing""}"
DUR-01,node,170728874,,railway,level_crossing,Point,railway_track_infrastructure,"{""railway"": ""level_crossing""}"
DUR-01,node,227144929,Durham Farmer's Market,amenity,marketplace,Point,retained:named_poi,"{""amenity"": ""marketplace"", ""name"": ""Durham Farmer's Market"", ""opening_hours"": ""Sa 08:00-12:00, We 15:30-18:30""}"
DUR-01,node,299507889,Torero's Mexican Restaurant,amenity,restaurant,Point,retained:named_poi,"{""addr:city"": ""Durham"", ""addr:country"": ""US"", ""addr:housenumber"": ""604"", ""addr:postcode"": ""27701"", ""addr:state"": ""NC"", ""addr:street"": ""Fernway Avenue"", ""air_conditioning"": ""yes"", ""amenity"": ""restaurant"", ""bar"": ""yes"", ""contact:facebook"": ""https://www.facebook.com/Toreros1"", ""cuisine"": ""mexican"", ""disused:amenity"": ""restaurant"", ""indoor_seating"": ""yes"", ""name"": ""Torero's Mexican Restaurant"", ""opening_hours"": ""closed"", ""outdoor_seating"": ""yes"", ""phone"": ""+1-919-682-4197"", ""survey:date"": ""2019-10-09"", ""toilets"": ""yes"", ""website"": ""https://torerosdurham.com/""}"
DUR-01,node,299513078,Rue Cler,amenity,restaurant,Point,retained:named_poi,"{""addr:city"": ""Durham"", ""addr:housenumber"": ""401"", ""addr:postcode"": ""27701"", ""addr:state"": ""NC"", ""addr:street"": ""East Chapel Hill Street"", ""amenity"": ""restaurant"", ""name"": ""Rue Cler"", ""source:addr"": ""Durham Open Data""}"
DUR-01,node,316546627,Turtle,tourism,attraction,Point,retained:named_poi,"{""historic"": ""monument"", ""name"": ""Turtle"", ""tourism"": ""attraction""}"
DUR-01,node,316546628,,amenity,toilets,Point,low_value_category,"{""amenity"": ""toilets""}"
DUR-01,node,317432499,,amenity,bicycle_parking,Point,low_value_category,"{""amenity"": ""bicycle_parking"", ""capacity"": ""4"", ""covered"": ""no"", ""lit"": ""yes""}"
DUR-01,node,317432505,,amenity,bicycle_parking,Point,low_value_category,"{""amenity"": ""bicycle_parking"", ""capacity"": ""4"", ""covered"": ""no""}"
DUR-01,node,317432510,,amenity,bicycle_parking,Point,low_value_category,"{""amenity"": ""bicycle_parking"", ""capacity"": ""2"", ""covered"": ""yes""}"
DUR-01,node,317436037,,amenity,bicycle_parking,Point,low_value_category,"{""amenity"": ""bicycle_parking"", ""bicycle_parking"": ""stands"", ""covered"": ""no""}"
DUR-01,node,317436038,,amenity,bicycle_parking,Point,low_value_category,"{""amenity"": ""bicycle_parking""}"
DUR-01,node,317436173,,amenity,bicycle_parking,Point,low_value_category,"{""amenity"": ""bicycle_parking"", ""bicycle_parking"": ""stands"", ""capacity"": ""11"", ""covered"": ""no""}"
DUR-01,node,317436677,,amenity,bicycle_parking,Point,low_value_category,"{""amenity"": ""bicycle_parking""}"
DUR-01,node,317494115,,amenity,bicycle_parking,Point,low_value_category,"{""amenity"": ""bicycle_parking"", ""bicycle_parking"": ""stands"", ""capacity"": ""6"", ""covered"": ""no""}"
DUR-01,node,317494116,,amenity,bicycle_parking,Point,low_value_category,"{""access"": ""yes"", ""amenity"": ""bicycle_parking"", ""bicycle_parking"": ""wave"", ""capacity"": ""5"", ""covered"": ""no"", ""indoor"": ""no""}"
DUR-01,node,317494225,,amenity,bicycle_parking,Point,low_value_category,"{""amenity"": ""bicycle_parking"", ""bicycle_parking"": ""stands"", ""capacity"": ""6"", ""covered"": ""no""}"
DUR-01,node,317494278,,amenity,bicycle_parking,Point,low_value_category,"{""amenity"": ""bicycle_parking"", ""bicycle_parking"": ""stands"", ""capacity"": ""3"", ""covered"": ""no""}"
DUR-01,node,317494279,,amenity,bicycle_parking,Point,low_value_category,"{""amenity"": ""bicycle_parking"", ""capacity"": ""6"", ""covered"": ""no""}"
DUR-01,node,317494340,,amenity,bicycle_parking,Point,low_value_category,"{""amenity"": ""bicycle_parking"", ""bicycle_parking"": ""stands"", ""capacity"": ""6"", ""covered"": ""no""}"
DUR-01,node,317494343,,amenity,bicycle_parking,Point,low_value_category,"{""amenity"": ""bicycle_parking"", ""bicycle_parking"": ""stands"", ""capacity"": ""6"", ""covered"": ""no""}"
DUR-01,node,317494389,,amenity,bicycle_parking,Point,low_value_category,"{""amenity"": ""bicycle_parking"", ""capacity"": ""5"", ""covered"": ""no""}"
DUR-01,node,317494476,,amenity,bicycle_parking,Point,low_value_category,"{""amenity"": ""bicycle_parking"", ""capacity"": ""6"", ""covered"": ""no""}"
DUR-01,node,317494477,,amenity,bicycle_parking,Point,low_value_category,"{""amenity"": ""bicycle_parking"", ""bicycle_parking"": ""stands"", ""capacity"": ""4"", ""covered"": ""yes""}"
DUR-01,node,317494618,,amenity,bicycle_parking,Point,low_value_category,"{""access"": ""yes"", ""amenity"": ""bicycle_parking"", ""bicycle_parking"": ""stands"", ""capacity"": ""4"", ""covered"": ""no"", ""indoor"": ""no""}"
DUR-01,node,317559805,,amenity,bicycle_parking,Point,low_value_category,"{""amenity"": ""bicycle_parking"", ""bicycle_parking"": ""stands"", ""capacity"": ""6"", ""covered"": ""no""}"
DUR-01,node,317887282,Major the bull,tourism,attraction,Point,retained:named_poi,"{""historic"": ""monument"", ""name"": ""Major the bull"", ""tourism"": ""attraction""}"
DUR-01,node,343020200,,amenity,atm,Point,unnamed_not_inherently_meaningful,"{""amenity"": ""atm""}"
DUR-01,node,343599669,,amenity,bicycle_parking,Point,low_value_category,"{""access"": ""yes"", ""amenity"": ""bicycle_parking"", ""bicycle_parking"": ""stands"", ""capacity"": ""4"", ""covered"": ""no"", ""indoor"": ""no""}"
DUR-01,node,345463543,,amenity,bicycle_parking,Point,low_value_category,"{""amenity"": ""bicycle_parking"", ""bicycle_parking"": ""stands"", ""capacity"": ""6"", ""covered"": ""no""}"
DUR-01,node,345463720,,amenity,bicycle_parking,Point,low_value_category,"{""amenity"": ""bicycle_parking"", ""capacity"": ""3"", ""covered"": ""no"", ""fee"": ""no""}"
DUR-01,node,349231819,,amenity,bicycle_parking,Point,low_value_category,"{""amenity"": ""bicycle_parking"", ""bicycle_parking"": ""stands"", ""capacity"": ""24"", ""covered"": ""no""}"
DUR-01,node,398938445,The Little Dipper,amenity,restaurant,Point,retained:named_poi,"{""addr:city"": ""Durham"", ""addr:country"": ""US"", ""addr:housenumber"": ""905"", ""addr:postcode"": ""27701"", ""addr:state"": ""NC"", ""addr:street"": ""West Main Street"", ""amenity"": ""restaurant"", ""cuisine"": ""fondue"", ""name"": ""The Little Dipper"", ""phone"": ""+1-919-908-1023"", ""website"": ""https://www.littledipperfondue.com/durham""}"
DUR-01,node,412144662,Self-Help Credit Union,amenity,bank,Point,retained:named_poi,"{""amenity"": ""bank"", ""brand"": ""Self-Help Credit Union"", ""brand:wikidata"": ""Q111381769"", ""name"": ""Self-Help Credit Union""}"
DUR-01,node,452070540,Pinhook,amenity,pub,Point,retained:named_poi,"{""addr:city"": ""Durham"", ""addr:housenumber"": ""117"", ""addr:postcode"": ""27701"", ""addr:state"": ""NC"", ""addr:street"": ""West Main Street"", ""amenity"": ""pub"", ""lgbtq"": ""welcome"", ""name"": ""Pinhook"", ""source:addr"": ""Durham Open Data"", ""website"": ""https://thepinhook.com/""}"
DUR-01,node,535379579,,railway,level_crossing,Point,railway_track_infrastructure,"{""railway"": ""level_crossing""}"
DUR-01,node,685493947,El Rodeo,amenity,restaurant,Point,retained:named_poi,"{""amenity"": ""restaurant"", ""cuisine"": ""mexican"", ""diet:vegetarian"": ""yes"", ""name"": ""El Rodeo"", ""opening_hours"": ""Mo-Th 11:00-22:00; Fr,Sa 11:00-23:00; Su 11:00-21:30"", ""takeaway"": ""yes"", ""website"": ""https://elrodeonc.com/brightleaf/""}"
DUR-01,node,685505785,SunTrust,amenity,atm,Point,retained:named_poi,"{""amenity"": ""atm"", ""brand"": ""SunTrust"", ""brand:wikidata"": ""Q181507"", ""name"": ""SunTrust"", ""operator"": ""SunTrust"", ""operator:wikidata"": ""Q181507"", ""operator:wikipedia"": ""en:SunTrust Banks""}"
DUR-01,node,685507980,Wentworth & Leggett Bookshop,shop,books,Point,retained:named_poi,"{""name"": ""Wentworth & Leggett Bookshop"", ""shop"": ""books""}"
DUR-01,node,748207948,Ambacco Fountain,amenity,fountain,Point,retained:named_poi,"{""amenity"": ""fountain"", ""name"": ""Ambacco Fountain""}"
DUR-01,node,748212194,Cardinal,historic,monument,Point,retained:named_poi,"{""historic"": ""monument"", ""name"": ""Cardinal""}"
DUR-01,node,795894330,,amenity,parking_entrance,Point,low_value_category,"{""amenity"": ""parking_entrance""}"
DUR-01,node,880747379,Posh the Salon,shop,hairdresser,Point,retained:named_poi,"{""addr:city"": ""Durham"", ""addr:country"": ""US"", ""addr:housenumber"": ""610"", ""addr:state"": ""NC"", ""addr:street"": ""Main Street"", ""addr:suite"": ""101"", ""name"": ""Posh the Salon"", ""shop"": ""hairdresser""}"
DUR-01,node,880747450,Vert and Vogue,shop,clothes,Point,retained:named_poi,"{""name"": ""Vert and Vogue"", ""shop"": ""clothes""}"
DUR-01,node,881029843,Torero's,amenity,restaurant,Point,retained:named_poi,"{""addr:city"": ""Durham"", ""addr:housenumber"": ""800"", ""addr:postcode"": ""27701"", ""addr:state"": ""NC"", ""addr:street"": ""West Main Street"", ""amenity"": ""restaurant"", ""cuisine"": ""mexican"", ""name"": ""Torero's"", ""source:addr"": ""Durham Open Data"", ""wheelchair"": ""yes""}"
DUR-01,node,922818428,Ninth Street Bakery,shop,bakery,Point,retained:named_poi,"{""addr:city"": ""Durham"", ""addr:housenumber"": ""136"", ""addr:postcode"": ""27701"", ""addr:state"": ""NC"", ""addr:street"": ""East Chapel Hill Street"", ""check_date:opening_hours"": ""2023-07-17"", ""image"": ""https://fastly.4sqi.net/img/general/width960/7164763_aVBFNXDgEFIKryrziMkqK-4EeeIp-zU_v0bCrjNkqHE.jpg"", ""name"": ""Ninth Street Bakery"", ""opening_hours"": ""Mo-Sa 08:00-17:00; Su 09:00-17:00"", ""phone"": ""+1-919-688-5606"", ""shop"": ""bakery"", ""website"": ""https://www.ninthstbakery.com/"", ""wheelchair"": ""yes""}"
DUR-01,node,924020952,Motorco Music Hall,amenity,events_venue,Point,retained:named_poi,"{""addr:city"": ""Durham"", ""addr:housenumber"": ""723"", ""addr:postcode"": ""27701"", ""addr:state"": ""NC"", ""addr:street"": ""Rigsbee Avenue"", ""amenity"": ""events_venue"", ""internet_access"": ""wlan"", ""internet_access:fee"": ""no"", ""name"": ""Motorco Music Hall"", ""website"": ""https://motorcomusic.com""}"
DUR-01,node,964857673,Piedmont Inspired Food,amenity,restaurant,Point,retained:named_poi,"{""addr:city"": ""Durham"", ""addr:country"": ""US"", ""addr:housenumber"": ""401"", ""addr:postcode"": ""27701"", ""addr:state"": ""NC"", ""addr:street"": ""Foster Street"", ""addr:unit"": ""B2"", ""amenity"": ""restaurant"", ""name"": ""Piedmont Inspired Food"", ""survey:date"": ""2014-05-17""}"
DUR-01,node,1018492571,,railway,level_crossing,Point,railway_track_infrastructure,"{""crossing:barrier"": ""double_half"", ""railway"": ""level_crossing""}"
DUR-01,node,1152792686,,amenity,bicycle_parking,Point,low_value_category,"{""amenity"": ""bicycle_parking"", ""bicycle_parking"": ""stands"", ""capacity"": ""12"", ""covered"": ""no""}"
DUR-01,node,1202897086,Morgan Imports,shop,gift,Point,retained:named_poi,"{""name"": ""Morgan Imports"", ""shop"": ""gift""}"
DUR-01,node,1202921731,,amenity,bicycle_parking,Point,low_value_category,"{""amenity"": ""bicycle_parking"", ""bicycle_parking"": ""stands"", ""capacity"": ""14"", ""covered"": ""no""}"
DUR-01,node,1520441325,Splat Space,leisure,hackerspace,Point,retained:named_poi,"{""addr:city"": ""Durham"", ""addr:housenumber"": ""800"", ""addr:postcode"": ""27701"", ""addr:state"": ""NC"", ""addr:street"": ""North Mangum Street"", ""leisure"": ""hackerspace"", ""name"": ""Splat Space"", ""phone"": ""+1 919 704 4225"", ""website"": ""https://splatspace.org/""}"
DUR-01,node,1520441350,Toast,amenity,restaurant,Point,retained:named_poi,"{""addr:city"": ""Durham"", ""addr:country"": ""US"", ""addr:full"": ""345 West Main Street, Durham, NC 27701, US"", ""addr:housenumber"": ""345"", ""addr:postcode"": ""27701"", ""addr:state"": ""NC"", ""addr:street"": ""West Main Street"", ""amenity"": ""restaurant"", ""cuisine"": ""italian"", ""name"": ""Toast"", ""website"": ""https://www.toast-fivepoints.com/""}"
DUR-01,node,1598397282,Public Hardware,shop,doityourself,Point,retained:named_poi,"{""name"": ""Public Hardware"", ""shop"": ""doityourself""}"
DUR-01,node,1605913761,Tobacco Road Sports Cafe,amenity,restaurant,Point,retained:named_poi,"{""amenity"": ""restaurant"", ""cuisine"": ""american"", ""name"": ""Tobacco Road Sports Cafe""}"
DUR-01,node,1605913948,Mellow Mushroom,amenity,restaurant,Point,retained:named_poi,"{""addr:city"": ""Durham"", ""addr:housenumber"": ""410"", ""addr:postcode"": ""27701"", ""addr:state"": ""NC"", ""addr:street"": ""Blackwell Street"", ""amenity"": ""restaurant"", ""brand"": ""Mellow Mushroom"", ""brand:wikidata"": ""Q17021360"", ""cuisine"": ""pizza"", ""name"": ""Mellow Mushroom"", ""phone"": ""+1-919-680-8500"", ""toilets:wheelchair"": ""yes"", ""website"": ""https://mellowmushroom.com/store/durham"", ""wheelchair"": ""yes""}"
DUR-01,node,1659112336,Dolly's Vintage,shop,clothes,Point,retained:named_poi,"{""name"": ""Dolly's Vintage"", ""shop"": ""clothes"", ""website"": ""http://dollysvintage.com""}"
DUR-01,node,1659112337,Main Street Pharmacy,healthcare,pharmacy,Point,retained:named_poi,"{""amenity"": ""pharmacy"", ""healthcare"": ""pharmacy"", ""name"": ""Main Street Pharmacy"", ""website"": ""https://www.mymainstreetpharmacy.com/""}"
DUR-01,node,1764663721,,amenity,bicycle_parking,Point,low_value_category,"{""amenity"": ""bicycle_parking"", ""covered"": ""no""}"
DUR-01,node,1764663726,,amenity,atm,Point,unnamed_not_inherently_meaningful,"{""addr:city"": ""Durham"", ""addr:housenumber"": ""203"", ""addr:postcode"": ""27701"", ""addr:state"": ""NC"", ""addr:street"": ""North Roxboro Street"", ""amenity"": ""atm"", ""source:addr"": ""Durham Open Data""}"
DUR-01,node,1764663734,Cooperativa Latina,amenity,atm,Point,retained:named_poi,"{""amenity"": ""atm"", ""operator"": ""Cooperativa Latina""}"
DUR-01,node,1814386593,Duke Tower,leisure,miniature_golf,Point,retained:named_poi,"{""access"": ""private"", ""leisure"": ""miniature_golf"", ""operator"": ""Duke Tower""}"
DUR-01,node,2012463902,Pizzeria Toro,amenity,restaurant,Point,retained:named_poi,"{""addr:city"": ""Durham"", ""addr:country"": ""US"", ""addr:housenumber"": ""105"", ""addr:postcode"": ""27701"", ""addr:state"": ""NC"", ""addr:street"": ""East Chapel Hill Street"", ""amenity"": ""restaurant"", ""contact:facebook"": ""https://www.facebook.com/PizzeriaToro"", ""contact:instagram"": ""https://www.instagram.com/pizzeriatoro/"", ""cuisine"": ""pizza;italian"", ""image"": ""https://onthegrid.city/imager/s3_amazonaws_com/onthegrid.city/assets/grid/durham/downtown-durham/pizzeria-toro/IMG_1753_299006722e285f47655d17d1c9136337.jpg"", ""name"": ""Pizzeria Toro"", ""opening_hours"": ""11:00-23:00"", ""phone"": ""+1-919-908-6936"", ""website"": ""http://www.pizzeriatoro.com/""}"
DUR-01,node,2092401686,,amenity,bicycle_parking,Point,low_value_category,"{""access"": ""yes"", ""amenity"": ""bicycle_parking"", ""bicycle_parking"": ""wave"", ""capacity"": ""7"", ""covered"": ""no"", ""indoor"": ""no""}"
DUR-01,node,2266164066,The Parlour,amenity,ice_cream,Point,retained:named_poi,"{""addr:city"": ""Durham"", ""addr:housenumber"": ""117"", ""addr:postcode"": ""27701"", ""addr:state"": ""NC"", ""addr:street"": ""Market Street"", ""amenity"": ""ice_cream"", ""contact:email"": ""icecream@theparlour.co"", ""contact:facebook"": ""https://www.facebook.com/theparlourdurham"", ""contact:instagram"": ""https://www.instagram.com/theparlourdurham/"", ""contact:phone"": ""+1-919-564-7999"", ""contact:twitter"": ""https://twitter.com/parlourdurham"", ""contact:website"": ""https://theparlour.co/"", ""diet:vegan"": ""yes"", ""name"": ""The Parlour"", ""opening_hours"": ""Mo-Su 12:00-22:00"", ""shop"": ""confectionery""}"
DUR-01,node,2295007375,Loaf,shop,bakery,Point,retained:named_poi,"{""addr:city"": ""Durham"", ""addr:country"": ""US"", ""addr:housenumber"": ""111"", ""addr:state"": ""NC"", ""addr:street"": ""West Parrish Street"", ""image"": ""https://encrypted-tbn0.gstatic.com/images?q=tbn:ANd9GcQjQYAU_6R2cfwtDNZZBdwBICSShFg6B3ukoA&s"", ""name"": ""Loaf"", ""phone"": ""+1-919-797-1254"", ""shop"": ""bakery"", ""website"": ""https://www.loafdurham.com/""}"
DUR-01,node,2340036303,,amenity,parking_entrance,Point,low_value_category,"{""amenity"": ""parking_entrance""}"
DUR-01,node,2340036319,,amenity,parking_entrance,Point,low_value_category,"{""amenity"": ""parking_entrance""}"
DUR-01,node,2612382905,Jack,shop,clothes,Point,retained:named_poi,"{""name"": ""Jack"", ""phone"": ""+1-919-973-4503"", ""shop"": ""clothes"", ""website"": ""https://www.facebook.com/jack905nc""}"
DUR-01,node,2613374706,Alley Twenty Six,amenity,bar,Point,retained:named_poi,"{""addr:city"": ""Durham"", ""addr:country"": ""US"", ""addr:housenumber"": ""320"", ""addr:postcode"": ""27701"", ""addr:state"": ""NC"", ""addr:street"": ""East Chapel Hill Street"", ""amenity"": ""bar"", ""name"": ""Alley Twenty Six"", ""opening_hours"": ""16:00-02:00"", ""website"": ""https://www.alleytwentysix.com/""}"
DUR-01,node,2613391190,,railway,crossing,Point,unnamed_not_inherently_meaningful,"{""crossing:barrier"": ""full"", ""railway"": ""crossing""}"
DUR-01,node,2613435962,,railway,crossing,Point,unnamed_not_inherently_meaningful,"{""railway"": ""crossing""}"
DUR-01,node,2613436002,,railway,crossing,Point,unnamed_not_inherently_meaningful,"{""crossing:barrier"": ""full"", ""railway"": ""crossing""}"
DUR-01,node,2613494709,,railway,crossing,Point,unnamed_not_inherently_meaningful,"{""railway"": ""crossing""}"
DUR-01,node,2627670478,Pompieri Pizza,amenity,restaurant,Point,retained:named_poi,"{""addr:city"": ""Durham"", ""addr:country"": ""US"", ""addr:housenumber"": ""102"", ""addr:postcode"": ""27701"", ""addr:state"": ""NC"", ""addr:street"": ""City Hall Plaza"", ""addr:suite"": ""101"", ""amenity"": ""restaurant"", ""cuisine"": ""pizza"", ""name"": ""Pompieri Pizza"", ""opening_hours"": ""Tu-Th 17:00-22:00; Fr-Sa 17:00-23:00; Su 17:00-21:00"", ""phone"": ""+1-919-973-1589"", ""website"": ""https://www.pompieripizza.com/""}"
DUR-01,node,2639591502,The Pit,amenity,restaurant,Point,retained:named_poi,"{""addr:city"": ""Durham"", ""addr:country"": ""US"", ""addr:housenumber"": ""321"", ""addr:state"": ""NC"", ""addr:street"": ""West Geer Street"", ""amenity"": ""restaurant"", ""cuisine"": ""regional"", ""name"": ""The Pit"", ""opening_hours"": ""Mo-Th 11:00-22:00; Fr-Sa 11:00-21:00; Su 11:00-21:00"", ""website"": ""https://thepit-durham.com/""}"
DUR-01,node,2824997593,Bullseye Bicycle,shop,bicycle,Point,retained:named_poi,"{""addr:city"": ""Durham"", ""addr:country"": ""US"", ""addr:housenumber"": ""102"", ""addr:postcode"": ""27701"", ""addr:state"": ""NC"", ""addr:street"": ""Morris Street"", ""check_date"": ""2026-07"", ""email"": ""bullseyebicycle@gmail.com"", ""name"": ""Bullseye Bicycle"", ""opening_hours"": ""Mo-Sa 10:00-19:00"", ""phone"": ""+1-919-438-3883"", ""service:bicycle:rental"": ""yes"", ""service:bicycle:repair"": ""yes"", ""service:bicycle:retail"": ""yes"", ""service:bicycle:service"": ""yes"", ""shop"": ""bicycle"", ""website"": ""https://bullseyebicycle.com/""}"
DUR-01,node,2824997594,Viceroy,amenity,restaurant,Point,retained:named_poi,"{""addr:city"": ""Durham"", ""addr:country"": ""US"", ""addr:housenumber"": ""335"", ""addr:postcode"": ""27701"", ""addr:state"": ""NC"", ""addr:street"": ""West Main Street"", ""amenity"": ""restaurant"", ""cuisine"": ""indian"", ""name"": ""Viceroy"", ""phone"": ""+1-919-797-0413"", ""reservation"": ""yes"", ""smoking"": ""no"", ""takeaway"": ""yes"", ""website"": ""https://www.viceroydurham.com/""}"
DUR-01,node,2881677872,Mid-South Fencing Club,leisure,sports_centre,Point,retained:named_poi,"{""addr:city"": ""Durham"", ""addr:country"": ""US"", ""addr:housenumber"": ""125"", ""addr:postcode"": ""27701"", ""addr:state"": ""NC"", ""addr:street"": ""North Gregson Street"", ""leisure"": ""sports_centre"", ""name"": ""Mid-South Fencing Club"", ""sport"": ""fencing"", ""toilets:wheelchair"": ""yes"", ""website"": ""https://midsouthfencersclub.org/"", ""wheelchair"": ""yes""}"
DUR-01,node,2903642919,Moe's Southwest Grill,amenity,fast_food,Point,retained:named_poi,"{""addr:city"": ""Durham"", ""addr:housenumber"": ""359"", ""addr:postcode"": ""27701"", ""addr:state"": ""NC"", ""addr:street"": ""Blackwell Street"", ""addr:unit"": ""115"", ""amenity"": ""fast_food"", ""branch"": ""American Tobacco Campus"", ""brand"": ""Moe's Southwest Grill"", ""brand:wikidata"": ""Q6889938"", ""cuisine"": ""mexican"", ""name"": ""Moe's Southwest Grill"", ""opening_hours"": ""10:30-21:00"", ""phone"": ""+1 919-973-4797"", ""short_name"": ""Moe's"", ""takeaway"": ""yes"", ""website"": ""https://locations.moes.com/nc/durham/359-blackwell-street""}"
DUR-01,node,3011325972,Jackie Moore Salon,shop,beauty,Point,retained:named_poi,"{""addr:city"": ""Durham"", ""addr:country"": ""US"", ""addr:housenumber"": ""905"", ""addr:postcode"": ""27701"", ""addr:state"": ""NC"", ""addr:street"": ""West Main Street"", ""name"": ""Jackie Moore Salon"", ""phone"": ""+1-919-687-7777"", ""shop"": ""beauty"", ""website"": ""http://jackiemoorestyle.com""}"
DUR-01,node,3015132094,,amenity,post_box,Point,low_value_category,"{""amenity"": ""post_box""}"
DUR-01,node,3019454195,Truist,amenity,bank,Point,retained:named_poi,"{""amenity"": ""bank"", ""atm"": ""yes"", ""brand"": ""Truist"", ""brand:wikidata"": ""Q795486"", ""name"": ""Truist"", ""official_name"": ""Branch Banking and Trust Company""}"
DUR-01,node,3042465478,Daisy Cakes,amenity,cafe,Point,retained:named_poi,"{""addr:city"": ""Durham"", ""addr:country"": ""US"", ""addr:housenumber"": ""401"", ""addr:postcode"": ""27701"", ""addr:state"": ""NC"", ""addr:street"": ""Foster Street"", ""addr:unit"": ""A"", ""amenity"": ""cafe"", ""name"": ""Daisy Cakes"", ""survey:date"": ""2014-05-17""}"
DUR-01,node,3042465480,Urban Durham,office,yes,Point,retained:named_poi,"{""addr:city"": ""Durham"", ""addr:country"": ""US"", ""addr:housenumber"": ""401"", ""addr:postcode"": ""27701"", ""addr:state"": ""NC"", ""addr:street"": ""Foster Street"", ""addr:unit"": ""C"", ""name"": ""Urban Durham"", ""office"": ""yes""}"
DUR-01,node,3084420179,,amenity,post_box,Point,low_value_category,"{""addr:city"": ""Durham"", ""addr:housenumber"": ""129"", ""addr:postcode"": ""27701"", ""addr:state"": ""NC"", ""addr:street"": ""East Main Street"", ""amenity"": ""post_box"", ""source:addr"": ""Durham Open Data"", ""survey:date"": ""2014-05-31""}"
DUR-01,node,3312501920,Foil Law Offices,office,lawyer,Point,retained:named_poi,"{""fax"": ""+1-919-682-3273"", ""name"": ""Foil Law Offices"", ""office"": ""lawyer"", ""phone"": ""+1-919-688-9631"", ""website"": ""http://foillawoffices.com/""}"
DUR-01,node,3312503173,The Daily Beer Bar,amenity,bar,Point,retained:named_poi,"{""addr:city"": ""Durham"", ""addr:housenumber"": ""108"", ""addr:postcode"": ""27701"", ""addr:state"": ""NC"", ""addr:street"": ""East Main Street"", ""amenity"": ""bar"", ""contact:instagram"": ""https://www.instagram.com/thedailydurham"", ""indoor_seating"": ""yes"", ""internet_access"": ""wlan"", ""name"": ""The Daily Beer Bar"", ""opening_hours"": ""Mo 08:00-17:00; Tu-Su 08:00-21:00"", ""opening_hours:kitchen"": ""Mo 10:30-17:00; Tu-Su 10:30-21:00"", ""outdoor_seating"": ""yes"", ""reservation"": ""no"", ""website"": ""https://www.thedailybeerbar.com/"", ""website:menu"": ""https://www.thedailybeerbar.com/menu""}"
DUR-01,node,3403814894,21c Museum Hotel,tourism,hotel,Point,retained:named_poi,"{""name"": ""21c Museum Hotel"", ""tourism"": ""hotel""}"
DUR-01,node,3501057989,,amenity,atm,Point,unnamed_not_inherently_meaningful,"{""amenity"": ""atm"", ""check_date"": ""2022-08-25""}"
DUR-01,node,3566301410,Prophecy Social House,office,company,Point,retained:named_poi,"{""addr:city"": ""Durham"", ""addr:housenumber"": ""506"", ""addr:postcode"": ""27701"", ""addr:state"": ""NC"", ""addr:street"": ""Ramseur Street"", ""name"": ""Prophecy Social House"", ""office"": ""company""}"
DUR-01,node,3649631209,Durham County Department of Public Health,office,government,Point,retained:named_poi,"{""addr:city"": ""Durham"", ""addr:housenumber"": ""414"", ""addr:postcode"": ""27701"", ""addr:state"": ""NC"", ""addr:street"": ""East Main Street"", ""name"": ""Durham County Department of Public Health"", ""office"": ""government"", ""phone"": ""+1-919-560-7600"", ""wikidata"": ""Q30285933""}"
DUR-01,node,3838090703,Schoolkids Records,shop,music,Point,retained:named_poi,"{""addr:city"": ""Durham"", ""addr:housenumber"": ""905"", ""addr:postcode"": ""27701"", ""addr:state"": ""NC"", ""addr:street"": ""West Main Street"", ""name"": ""Schoolkids Records"", ""opening_hours"": ""Mo-Sa 10:00-21:00; Su 12:00-19:00"", ""phone"": ""+1 919 688 7022"", ""shop"": ""music""}"
DUR-01,node,3838090704,Indio,shop,variety_store,Point,retained:named_poi,"{""addr:city"": ""Durham"", ""addr:housenumber"": ""905"", ""addr:postcode"": ""27701"", ""addr:state"": ""NC"", ""addr:street"": ""West Main Street"", ""name"": ""Indio"", ""opening_hours"": ""Mo-Sa 11:00-19:00; Su 13:00-17:00"", ""phone"": ""+1 919 797 0456"", ""shop"": ""variety_store"", ""website"": ""https://www.indiodurham.com/""}"
DUR-01,node,3838090705,Hamilton Hill,shop,jewelry,Point,retained:named_poi,"{""addr:city"": ""Durham"", ""addr:housenumber"": ""905"", ""addr:postcode"": ""27701"", ""addr:state"": ""NC"", ""addr:street"": ""West Main Street"", ""name"": ""Hamilton Hill"", ""opening_hours"": ""Mo-Fr 11:00-18:00; Sa 11:00-17:00"", ""phone"": ""+1-919-683-1474"", ""shop"": ""jewelry"", ""website"": ""https://www.hamiltonhilljewelry.com/""}"
DUR-01,node,3838090706,Bull City Art & Frame Company,shop,frame,Point,retained:named_poi,"{""addr:city"": ""Durham"", ""addr:housenumber"": ""905"", ""addr:postcode"": ""27701"", ""addr:state"": ""NC"", ""addr:street"": ""West Main Street"", ""name"": ""Bull City Art & Frame Company"", ""phone"": ""+1-919-680-4278"", ""shop"": ""frame"", ""website"": ""https://www.bullcityartandframecompany.com/""}"
DUR-01,node,3838090707,James Kennedy Antiques,shop,antiques,Point,retained:named_poi,"{""addr:city"": ""Durham"", ""addr:housenumber"": ""905"", ""addr:postcode"": ""27701"", ""addr:state"": ""NC"", ""addr:street"": ""West Main Street"", ""name"": ""James Kennedy Antiques"", ""phone"": ""+1-919-682-1040"", ""shop"": ""antiques"", ""website"": ""https://www.jameskennedyantiques.com/""}"
DUR-01,node,3838090708,"Crabtree, Carpenter & Connolly, PLLC Attorneys at Law",office,lawyer,Point,retained:named_poi,"{""addr:city"": ""Durham"", ""addr:housenumber"": ""905"", ""addr:postcode"": ""27701"", ""addr:state"": ""NC"", ""addr:street"": ""West Main Street"", ""name"": ""Crabtree, Carpenter & Connolly, PLLC Attorneys at Law"", ""office"": ""lawyer"", ""opening_hours"": ""Mo-Th 08:30-17:00; Fr 08:30-13:00"", ""phone"": ""+1 919 682 9691"", ""website"": ""https://www.cccattorneys.com/""}"
DUR-01,node,3931043858,Whetstone Apartments,tourism,guest_house,Point,retained:named_poi,"{""guest_house"": ""bed_and_breakfast"", ""name"": ""Whetstone Apartments"", ""toilets:wheelchair"": ""yes"", ""tourism"": ""guest_house"", ""wheelchair"": ""yes"", ""wheelchair:description"": ""entirely new apartments in downtown Durham. 100% accessible & offer accessible apartments (wider doors, wheelchair height door peep hole, lower kitchen counters & appliances, full functional bathrooms with 7 grab bars, mobile telescoping shower head & pu""}"
DUR-01,node,3948174627,FHI 360,office,company,Point,retained:named_poi,"{""addr:city"": ""Durham"", ""addr:country"": ""US"", ""addr:housenumber"": ""359"", ""addr:state"": ""NC"", ""addr:street"": ""Blackwell Street"", ""name"": ""FHI 360"", ""office"": ""company"", ""website"": ""https://www.fhi360.org/""}"
DUR-01,node,4086669922,QueenBurger,amenity,restaurant,Point,retained:named_poi,"{""addr:city"": ""Durham"", ""addr:housenumber"": ""359"", ""addr:postcode"": ""27701"", ""addr:state"": ""NC"", ""addr:street"": ""Blackwell Street"", ""amenity"": ""restaurant"", ""name"": ""QueenBurger"", ""takeaway"": ""yes""}"
DUR-01,node,4379291809,American Tobacco Historic District,historic,district,Point,retained:named_poi,"{""addr:city"": ""Durham"", ""addr:housenumber"": ""318"", ""addr:state"": ""NC"", ""addr:street"": ""Blackwell Street"", ""alt_name"": ""American Tobacco Campus"", ""historic"": ""district"", ""name"": ""American Tobacco Historic District"", ""place"": ""neighbourhood"", ""website"": ""https://www.americantobaccohistoricdistrict.com/"", ""wikidata"": ""Q16827951""}"
DUR-01,node,4463155419,,amenity,bicycle_parking,Point,low_value_category,"{""amenity"": ""bicycle_parking"", ""bicycle_parking"": ""building""}"
DUR-01,node,4886513252,Bull City Ciderworks,craft,brewery,Point,retained:named_poi,"{""addr:country"": ""US"", ""addr:housenumber"": ""305"", ""addr:state"": ""NC"", ""addr:street"": ""S Roxboro St"", ""craft"": ""brewery"", ""name"": ""Bull City Ciderworks"", ""opening_hours"": ""Mo-Th 16:00-23:00, Fr 15:00-24:00, Sa 12:00-24:00, Su 12:00-22:00"", ""payment:cash"": ""yes"", ""payment:cryptocurrencies"": ""no"", ""phone"": ""+1-919-237-2357"", ""website"": ""https://www.bullcityciderworks.com/durham""}"
DUR-01,node,5076331509,American Underground @ Main,office,company,Point,retained:named_poi,"{""addr:city"": ""Durham"", ""addr:housenumber"": ""201"", ""addr:postcode"": ""27701"", ""addr:state"": ""NC"", ""addr:street"": ""West Main Street"", ""name"": ""American Underground @ Main"", ""office"": ""company"", ""start_date"": ""2010""}"
DUR-01,node,5108643721,M Sushi,amenity,restaurant,Point,retained:named_poi,"{""addr:city"": ""Durham"", ""addr:housenumber"": ""311"", ""addr:postcode"": ""27701"", ""addr:state"": ""NC"", ""addr:street"": ""Holland Street"", ""amenity"": ""restaurant"", ""cuisine"": ""sushi;japanese"", ""image"": ""https://images.getbento.com/accounts/5d1f561a72ef677a34ccab498250185d/media/C2pTyU1lQnmdnCSYSAe8_Battera%20Zushi.jpg?w=1200&fit=crop&auto=compress,format&cs=origin&h=600"", ""internet_access"": ""wlan"", ""name"": ""M Sushi"", ""phone"": ""+1-919-908-9266"", ""reservation"": ""yes"", ""website"": ""https://www.m-restaurants.com/location/m-restaurants-sushi/""}"
DUR-01,node,5108643821,M Kokko,amenity,restaurant,Point,retained:named_poi,"{""addr:city"": ""Durham"", ""addr:housenumber"": ""311"", ""addr:postcode"": ""27701"", ""addr:state"": ""NC"", ""addr:street"": ""Holland Street"", ""addr:unit"": ""B"", ""amenity"": ""restaurant"", ""cuisine"": ""korean"", ""image"": ""https://www.nctriangledining.com/wp-content/uploads/2016/10/MKokko-FrontNight2.jpg"", ""internet_access"": ""wlan"", ""name"": ""M Kokko"", ""phone"": ""+1-919-908-9332"", ""website"": ""https://www.m-restaurants.com/location/m-restaurants-kokko/""}"
DUR-01,node,5114051995,,amenity,fountain,Point,unnamed_not_inherently_meaningful,"{""amenity"": ""fountain""}"
DUR-01,node,5136629898,,amenity,parking_entrance,Point,low_value_category,"{""amenity"": ""parking_entrance""}"
DUR-01,node,5617695715,The Old North Bar,amenity,bar,Point,retained:named_poi,"{""addr:city"": ""Durham"", ""addr:housenumber"": ""316"", ""addr:postcode"": ""27701"", ""addr:state"": ""NC"", ""addr:street"": ""West Geer Street"", ""amenity"": ""bar"", ""check_date"": ""2026-02-13"", ""name"": ""The Old North Bar""}"
DUR-01,node,5638168922,It’s a Southern Thing,amenity,restaurant,Point,retained:named_poi,"{""addr:country"": ""US"", ""addr:postcode"": ""27701"", ""addr:state"": ""NC"", ""addr:street"": ""West Main Street"", ""amenity"": ""restaurant"", ""cuisine"": ""american"", ""name"": ""It’s a Southern Thing"", ""website"": ""https://itsasouthernthingdurham.com/""}"
DUR-01,node,5642599314,,amenity,bicycle_parking,Point,low_value_category,"{""access"": ""yes"", ""amenity"": ""bicycle_parking"", ""bicycle_parking"": ""stands"", ""capacity"": ""6"", ""covered"": ""no"", ""indoor"": ""no""}"
DUR-01,node,5785084918,Ethereal Tattoo Gallery,shop,tattoo,Point,retained:named_poi,"{""addr:city"": ""Durham"", ""addr:housenumber"": ""730"", ""addr:postcode"": ""27701"", ""addr:state"": ""NC"", ""addr:street"": ""Rigsbee Avenue"", ""name"": ""Ethereal Tattoo Gallery"", ""shop"": ""tattoo"", ""source:addr"": ""Durham Open Data""}"
DUR-01,node,5792518473,Slush,amenity,restaurant,Point,retained:named_poi,"{""addr:city"": ""Durham"", ""addr:housenumber"": ""321"", ""addr:postcode"": ""27701"", ""addr:state"": ""NC"", ""addr:street"": ""West Main Street"", ""amenity"": ""restaurant"", ""name"": ""Slush"", ""source:addr"": ""Durham Open Data""}"
DUR-01,node,5792518477,M Tempura,amenity,restaurant,Point,retained:named_poi,"{""addr:city"": ""Durham"", ""addr:housenumber"": ""111"", ""addr:postcode"": ""27701"", ""addr:state"": ""NC"", ""addr:street"": ""Orange Street"", ""amenity"": ""restaurant"", ""cuisine"": ""japanese;tempura"", ""image"": ""https://www.nctriangledining.com/wp-content/uploads/2018/10/MTempura-InteriorKitchen.jpg"", ""name"": ""M Tempura"", ""phone"": ""+1 919-748-3874"", ""source:addr"": ""Durham Open Data"", ""website"": ""https://www.m-restaurants.com/location/m-restaurants-tempura/""}"
DUR-01,node,5792518484,Rock Paper Scissors Salon,shop,beauty,Point,retained:named_poi,"{""addr:city"": ""Durham"", ""addr:housenumber"": ""413"", ""addr:postcode"": ""27701"", ""addr:state"": ""NC"", ""addr:street"": ""East Chapel Hill Street"", ""internet_access"": ""wlan"", ""name"": ""Rock Paper Scissors Salon"", ""phone"": ""+1-919-956-7777"", ""shop"": ""beauty"", ""source:addr"": ""Durham Open Data""}"
DUR-01,node,5840120691,Center for Advanced Hindsight,office,association,Point,retained:named_poi,"{""addr:city"": ""Durham"", ""addr:housenumber"": ""334"", ""addr:postcode"": ""27701"", ""addr:state"": ""NC"", ""addr:street"": ""Blackwell Street"", ""name"": ""Center for Advanced Hindsight"", ""office"": ""association"", ""source:addr"": ""Durham Open Data"", ""website"": ""https://advanced-hindsight.com""}"
DUR-01,node,5844548329,Durham Station,amenity,bus_station,Point,retained:named_poi,"{""addr:city"": ""Durham"", ""addr:housenumber"": ""515"", ""addr:postcode"": ""27701"", ""addr:street"": ""West Pettigrew Street"", ""alt_name"": ""Durham Station Transportation Center"", ""amenity"": ""bus_station"", ""bench"": ""yes"", ""bin"": ""yes"", ""bus"": ""yes"", ""departures_board"": ""timetable"", ""highway"": ""bus_stop"", ""lit"": ""yes"", ""name"": ""Durham Station"", ""network"": ""GoDurham;GoTriangle"", ""public_transport"": ""station"", ""ref"": ""5774"", ""shelter"": ""yes"", ""tactile_paving"": ""yes"", ""wheelchair"": ""yes""}"
DUR-01,node,5849929946,La Mala Mexican Inspired Cocktail Bar,amenity,bar,Point,retained:named_poi,"{""addr:city"": ""Durham"", ""addr:housenumber"": ""110"", ""addr:postcode"": ""27701"", ""addr:state"": ""NC"", ""addr:street"": ""North Corcoran Street"", ""amenity"": ""bar"", ""image"": ""https://lamalamx.com/wp-content/uploads/brizy/imgs/image_6487327-2-1207x805x162x0x955x805x1698870078.jpg"", ""name"": ""La Mala Mexican Inspired Cocktail Bar"", ""phone"": ""+1-919-797-0104"", ""smoking"": ""no"", ""source:addr"": ""Durham Open Data"", ""website"": ""https://lamalamx.com/home/""}"
DUR-01,node,5923213904,,amenity,bicycle_parking,Point,low_value_category,"{""amenity"": ""bicycle_parking"", ""bicycle_parking"": ""stands"", ""capacity"": ""8"", ""covered"": ""no""}"
DUR-01,node,5923213906,,amenity,bicycle_parking,Point,low_value_category,"{""amenity"": ""bicycle_parking"", ""capacity"": ""4"", ""covered"": ""no""}"
DUR-01,node,5923213909,,amenity,bicycle_parking,Point,low_value_category,"{""access"": ""yes"", ""amenity"": ""bicycle_parking"", ""bicycle_parking"": ""stands"", ""capacity"": ""6"", ""covered"": ""no"", ""indoor"": ""no""}"
DUR-01,node,5923213910,,amenity,bicycle_parking,Point,low_value_category,"{""amenity"": ""bicycle_parking"", ""capacity"": ""18"", ""covered"": ""yes""}"
DUR-01,node,5923213911,,amenity,bicycle_parking,Point,low_value_category,"{""amenity"": ""bicycle_parking"", ""bicycle_parking"": ""stands"", ""capacity"": ""4"", ""covered"": ""yes""}"
DUR-01,node,5923213912,,amenity,bicycle_parking,Point,low_value_category,"{""amenity"": ""bicycle_parking"", ""capacity"": ""5"", ""covered"": ""no""}"
DUR-01,node,5923215981,,amenity,bicycle_parking,Point,low_value_category,"{""amenity"": ""bicycle_parking"", ""capacity"": ""2"", ""covered"": ""yes""}"
DUR-01,node,5923215982,,amenity,bicycle_parking,Point,low_value_category,"{""amenity"": ""bicycle_parking"", ""capacity"": ""2"", ""covered"": ""no""}"
DUR-01,node,5923215984,,amenity,bicycle_parking,Point,low_value_category,"{""amenity"": ""bicycle_parking"", ""capacity"": ""6"", ""covered"": ""no""}"
DUR-01,node,5923216499,,amenity,bicycle_parking,Point,low_value_category,"{""amenity"": ""bicycle_parking"", ""capacity"": ""8"", ""covered"": ""no""}"
DUR-01,node,5923216500,,amenity,bicycle_parking,Point,low_value_category,"{""amenity"": ""bicycle_parking"", ""capacity"": ""14"", ""covered"": ""yes""}"
DUR-01,node,5923216501,,amenity,bicycle_parking,Point,low_value_category,"{""amenity"": ""bicycle_parking"", ""capacity"": ""2"", ""covered"": ""no""}"
DUR-01,node,5923216504,,amenity,bicycle_parking,Point,low_value_category,"{""amenity"": ""bicycle_parking"", ""bicycle_parking"": ""stands"", ""capacity"": ""4"", ""covered"": ""no""}"
DUR-01,node,5923216505,,amenity,bicycle_parking,Point,low_value_category,"{""amenity"": ""bicycle_parking"", ""bicycle_parking"": ""stands"", ""capacity"": ""2"", ""covered"": ""no""}"
DUR-01,node,5923216508,,amenity,bicycle_parking,Point,low_value_category,"{""amenity"": ""bicycle_parking"", ""capacity"": ""2"", ""covered"": ""no""}"
DUR-01,node,5923216511,,amenity,bicycle_parking,Point,low_value_category,"{""amenity"": ""bicycle_parking"", ""capacity"": ""1"", ""covered"": ""no""}"
DUR-01,node,5923216514,,amenity,bicycle_parking,Point,low_value_category,"{""amenity"": ""bicycle_parking"", ""capacity"": ""16"", ""covered"": ""yes""}"
DUR-01,node,5923216516,,amenity,bicycle_parking,Point,low_value_category,"{""amenity"": ""bicycle_parking"", ""capacity"": ""6"", ""covered"": ""no""}"
DUR-01,node,5923216520,,amenity,bicycle_parking,Point,low_value_category,"{""amenity"": ""bicycle_parking"", ""capacity"": ""3"", ""covered"": ""no""}"
DUR-01,node,5923216521,,amenity,bicycle_parking,Point,low_value_category,"{""amenity"": ""bicycle_parking"", ""capacity"": ""10"", ""covered"": ""yes""}"
DUR-01,node,5923216522,,amenity,bicycle_parking,Point,low_value_category,"{""amenity"": ""bicycle_parking"", ""bicycle_parking"": ""stands"", ""capacity"": ""2"", ""covered"": ""no""}"
DUR-01,node,5923216523,,amenity,bicycle_parking,Point,low_value_category,"{""amenity"": ""bicycle_parking"", ""capacity"": ""2"", ""covered"": ""no""}"
DUR-01,node,5923216524,,amenity,bicycle_parking,Point,low_value_category,"{""amenity"": ""bicycle_parking"", ""capacity"": ""2"", ""covered"": ""no""}"
DUR-01,node,5923216525,,amenity,bicycle_parking,Point,low_value_category,"{""amenity"": ""bicycle_parking"", ""bicycle_parking"": ""stands"", ""capacity"": ""2"", ""covered"": ""no""}"
DUR-01,node,5923216526,,amenity,bicycle_parking,Point,low_value_category,"{""amenity"": ""bicycle_parking"", ""capacity"": ""6"", ""covered"": ""yes""}"
DUR-01,node,5923216527,,amenity,bicycle_parking,Point,low_value_category,"{""amenity"": ""bicycle_parking"", ""capacity"": ""2"", ""covered"": ""no""}"
DUR-01,node,5923216529,,amenity,bicycle_parking,Point,low_value_category,"{""amenity"": ""bicycle_parking"", ""bicycle_parking"": ""stands"", ""capacity"": ""4"", ""covered"": ""no""}"
DUR-01,node,5923216535,,amenity,bicycle_parking,Point,low_value_category,"{""amenity"": ""bicycle_parking"", ""bicycle_parking"": ""stands"", ""capacity"": ""4"", ""covered"": ""yes""}"
DUR-01,node,5923216537,,amenity,bicycle_parking,Point,low_value_category,"{""amenity"": ""bicycle_parking"", ""capacity"": ""4"", ""covered"": ""yes""}"
DUR-01,node,5923216540,,amenity,bicycle_parking,Point,low_value_category,"{""amenity"": ""bicycle_parking"", ""bicycle_parking"": ""stands"", ""capacity"": ""2"", ""covered"": ""no""}"
DUR-01,node,5923216541,,amenity,bicycle_parking,Point,low_value_category,"{""amenity"": ""bicycle_parking"", ""capacity"": ""9"", ""covered"": ""yes""}"
DUR-01,node,5923216542,,amenity,bicycle_parking,Point,low_value_category,"{""access"": ""yes"", ""amenity"": ""bicycle_parking"", ""bicycle_parking"": ""stands"", ""capacity"": ""2"", ""covered"": ""no"", ""indoor"": ""no""}"
DUR-01,node,5923216543,,amenity,bicycle_parking,Point,low_value_category,"{""amenity"": ""bicycle_parking"", ""bicycle_parking"": ""stands"", ""capacity"": ""2"", ""covered"": ""no""}"
DUR-01,node,5923216544,,amenity,bicycle_parking,Point,low_value_category,"{""amenity"": ""bicycle_parking"", ""bicycle_parking"": ""stands"", ""capacity"": ""2"", ""covered"": ""no""}"
DUR-01,node,5923216545,,amenity,bicycle_parking,Point,low_value_category,"{""amenity"": ""bicycle_parking"", ""capacity"": ""8"", ""covered"": ""no""}"
DUR-01,node,5923216547,,amenity,bicycle_parking,Point,low_value_category,"{""amenity"": ""bicycle_parking"", ""bicycle_parking"": ""stands"", ""capacity"": ""2"", ""covered"": ""no"", ""surface"": ""concrete""}"
DUR-01,node,5923216548,,amenity,bicycle_parking,Point,low_value_category,"{""amenity"": ""bicycle_parking"", ""bicycle_parking"": ""stands"", ""capacity"": ""4"", ""covered"": ""no""}"
DUR-01,node,5923216549,,amenity,bicycle_parking,Point,low_value_category,"{""amenity"": ""bicycle_parking"", ""capacity"": ""4"", ""covered"": ""yes""}"
DUR-01,node,5923216551,,amenity,bicycle_parking,Point,low_value_category,"{""amenity"": ""bicycle_parking"", ""bicycle_parking"": ""stands"", ""capacity"": ""6"", ""covered"": ""no""}"
DUR-01,node,5923216557,,amenity,bicycle_parking,Point,low_value_category,"{""amenity"": ""bicycle_parking"", ""bicycle_parking"": ""stands"", ""capacity"": ""2"", ""covered"": ""yes""}"
DUR-01,node,5923216560,,amenity,bicycle_parking,Point,low_value_category,"{""amenity"": ""bicycle_parking"", ""bicycle_parking"": ""stands"", ""capacity"": ""2"", ""covered"": ""no""}"
DUR-01,node,5923216561,,amenity,bicycle_parking,Point,low_value_category,"{""amenity"": ""bicycle_parking"", ""capacity"": ""2"", ""covered"": ""no""}"
DUR-01,node,5923216562,,amenity,bicycle_parking,Point,low_value_category,"{""amenity"": ""bicycle_parking"", ""bicycle_parking"": ""stands"", ""capacity"": ""2"", ""covered"": ""no"", ""surface"": ""concrete""}"
DUR-01,node,5923216566,,amenity,bicycle_parking,Point,low_value_category,"{""amenity"": ""bicycle_parking"", ""capacity"": ""12"", ""covered"": ""yes""}"
DUR-01,node,5923216570,,amenity,bicycle_parking,Point,low_value_category,"{""access"": ""yes"", ""amenity"": ""bicycle_parking"", ""bicycle_parking"": ""bollard"", ""capacity"": ""4"", ""covered"": ""no""}"
DUR-01,node,5923216571,,amenity,bicycle_parking,Point,low_value_category,"{""amenity"": ""bicycle_parking"", ""capacity"": ""2"", ""covered"": ""no""}"
DUR-01,node,5923216572,,amenity,bicycle_parking,Point,low_value_category,"{""amenity"": ""bicycle_parking"", ""capacity"": ""3"", ""covered"": ""no""}"
DUR-01,node,5923216576,,amenity,bicycle_parking,Point,low_value_category,"{""amenity"": ""bicycle_parking"", ""capacity"": ""2"", ""covered"": ""yes""}"
DUR-01,node,5923216577,,amenity,bicycle_parking,Point,low_value_category,"{""amenity"": ""bicycle_parking"", ""bicycle_parking"": ""stands"", ""capacity"": ""2"", ""covered"": ""no""}"
DUR-01,node,5923216580,,amenity,bicycle_parking,Point,low_value_category,"{""amenity"": ""bicycle_parking"", ""capacity"": ""44"", ""covered"": ""yes""}"
DUR-01,node,5923216585,,amenity,bicycle_parking,Point,low_value_category,"{""amenity"": ""bicycle_parking"", ""bicycle_parking"": ""stands"", ""capacity"": ""2"", ""covered"": ""no""}"
DUR-01,node,5923216586,,amenity,bicycle_parking,Point,low_value_category,"{""amenity"": ""bicycle_parking"", ""bicycle_parking"": ""stands"", ""capacity"": ""2"", ""covered"": ""no""}"
DUR-01,node,5923216588,,amenity,bicycle_parking,Point,low_value_category,"{""amenity"": ""bicycle_parking"", ""bicycle_parking"": ""stands"", ""capacity"": ""6"", ""covered"": ""no""}"
DUR-01,node,5923216589,,amenity,bicycle_parking,Point,low_value_category,"{""amenity"": ""bicycle_parking"", ""capacity"": ""2"", ""covered"": ""no""}"
DUR-01,node,5923216590,,amenity,bicycle_parking,Point,low_value_category,"{""amenity"": ""bicycle_parking"", ""capacity"": ""2"", ""covered"": ""yes""}"
DUR-01,node,5923216591,,amenity,bicycle_parking,Point,low_value_category,"{""amenity"": ""bicycle_parking"", ""capacity"": ""2"", ""covered"": ""no""}"
DUR-01,node,5923216592,,amenity,bicycle_parking,Point,low_value_category,"{""access"": ""yes"", ""amenity"": ""bicycle_parking"", ""bicycle_parking"": ""stands"", ""capacity"": ""8"", ""covered"": ""no"", ""indoor"": ""no""}"
DUR-01,node,5923216685,,amenity,bicycle_parking,Point,low_value_category,"{""amenity"": ""bicycle_parking"", ""capacity"": ""2"", ""covered"": ""no""}"
DUR-01,node,5923216688,,amenity,bicycle_parking,Point,low_value_category,"{""access"": ""yes"", ""amenity"": ""bicycle_parking"", ""bicycle_parking"": ""stands"", ""capacity"": ""2"", ""covered"": ""no""}"
DUR-01,node,5923216690,,amenity,bicycle_parking,Point,low_value_category,"{""amenity"": ""bicycle_parking"", ""bicycle_parking"": ""stands"", ""capacity"": ""14"", ""covered"": ""no""}"
DUR-01,node,5923216691,,amenity,bicycle_parking,Point,low_value_category,"{""amenity"": ""bicycle_parking"", ""bicycle_parking"": ""stands"", ""capacity"": ""2"", ""covered"": ""no""}"
DUR-01,node,5923216692,,amenity,bicycle_parking,Point,low_value_category,"{""amenity"": ""bicycle_parking"", ""capacity"": ""3"", ""covered"": ""no""}"
DUR-01,node,5923216694,,amenity,bicycle_parking,Point,low_value_category,"{""amenity"": ""bicycle_parking"", ""capacity"": ""5"", ""covered"": ""no""}"
DUR-01,node,5923216696,,amenity,bicycle_parking,Point,low_value_category,"{""amenity"": ""bicycle_parking"", ""capacity"": ""2"", ""covered"": ""no""}"
DUR-01,node,5923216699,,amenity,bicycle_parking,Point,low_value_category,"{""amenity"": ""bicycle_parking"", ""capacity"": ""6"", ""covered"": ""yes""}"
DUR-01,node,5923216705,,amenity,bicycle_parking,Point,low_value_category,"{""amenity"": ""bicycle_parking"", ""bicycle_parking"": ""stands"", ""capacity"": ""2"", ""covered"": ""no""}"
DUR-01,node,5923216707,,amenity,bicycle_parking,Point,low_value_category,"{""amenity"": ""bicycle_parking"", ""capacity"": ""6"", ""covered"": ""no""}"
DUR-01,node,5923216708,,amenity,bicycle_parking,Point,low_value_category,"{""amenity"": ""bicycle_parking"", ""capacity"": ""4"", ""covered"": ""no""}"
DUR-01,node,5923216709,,amenity,bicycle_parking,Point,low_value_category,"{""amenity"": ""bicycle_parking"", ""capacity"": ""2"", ""covered"": ""no""}"
DUR-01,node,5923216710,,amenity,bicycle_parking,Point,low_value_category,"{""amenity"": ""bicycle_parking"", ""bicycle_parking"": ""stands"", ""capacity"": ""2"", ""covered"": ""yes""}"
DUR-01,node,5923216713,,amenity,bicycle_parking,Point,low_value_category,"{""amenity"": ""bicycle_parking"", ""bicycle_parking"": ""stands"", ""capacity"": ""2"", ""covered"": ""no""}"
DUR-01,node,5923216714,,amenity,bicycle_parking,Point,low_value_category,"{""amenity"": ""bicycle_parking"", ""bicycle_parking"": ""stands"", ""capacity"": ""2"", ""covered"": ""no""}"
DUR-01,node,5923216716,,amenity,bicycle_parking,Point,low_value_category,"{""amenity"": ""bicycle_parking"", ""bicycle_parking"": ""stands"", ""capacity"": ""8"", ""covered"": ""no""}"
DUR-01,node,5923216718,,amenity,bicycle_parking,Point,low_value_category,"{""amenity"": ""bicycle_parking"", ""bicycle_parking"": ""stands"", ""capacity"": ""2"", ""covered"": ""no"", ""mapillary"": ""326472655561740"", ""survey:date"": ""2019-06-08""}"
DUR-01,node,5923216719,,amenity,bicycle_parking,Point,low_value_category,"{""amenity"": ""bicycle_parking"", ""capacity"": ""2"", ""covered"": ""no""}"
DUR-01,node,5923216720,,amenity,bicycle_parking,Point,low_value_category,"{""amenity"": ""bicycle_parking"", ""bicycle_parking"": ""stands"", ""capacity"": ""5"", ""covered"": ""no""}"
DUR-01,node,5923216722,,amenity,bicycle_parking,Point,low_value_category,"{""amenity"": ""bicycle_parking"", ""bicycle_parking"": ""stands"", ""capacity"": ""14"", ""covered"": ""no""}"
DUR-01,node,5923216723,,amenity,bicycle_parking,Point,low_value_category,"{""amenity"": ""bicycle_parking"", ""bicycle_parking"": ""stands"", ""capacity"": ""2"", ""covered"": ""no"", ""mapillary"": ""3287092334726799"", ""survey:date"": ""2019-06-21""}"
DUR-01,node,5923216728,,amenity,bicycle_parking,Point,low_value_category,"{""amenity"": ""bicycle_parking"", ""capacity"": ""3"", ""covered"": ""no""}"
DUR-01,node,5923216732,,amenity,bicycle_parking,Point,low_value_category,"{""amenity"": ""bicycle_parking"", ""capacity"": ""12"", ""covered"": ""yes""}"
DUR-01,node,5923216733,,amenity,bicycle_parking,Point,low_value_category,"{""amenity"": ""bicycle_parking"", ""capacity"": ""2"", ""covered"": ""no""}"
DUR-01,node,5923216736,,amenity,bicycle_parking,Point,low_value_category,"{""amenity"": ""bicycle_parking"", ""capacity"": ""4"", ""covered"": ""no""}"
DUR-01,node,5923216737,,amenity,bicycle_parking,Point,low_value_category,"{""amenity"": ""bicycle_parking"", ""capacity"": ""6"", ""covered"": ""no""}"
DUR-01,node,5923216738,,amenity,bicycle_parking,Point,low_value_category,"{""amenity"": ""bicycle_parking"", ""bicycle_parking"": ""stands"", ""capacity"": ""2"", ""covered"": ""no""}"
DUR-01,node,5923216739,,amenity,bicycle_parking,Point,low_value_category,"{""amenity"": ""bicycle_parking"", ""capacity"": ""2"", ""covered"": ""no""}"
DUR-01,node,5923216741,,amenity,bicycle_parking,Point,low_value_category,"{""amenity"": ""bicycle_parking"", ""capacity"": ""4"", ""covered"": ""yes""}"
DUR-01,node,5923216742,,amenity,bicycle_parking,Point,low_value_category,"{""amenity"": ""bicycle_parking"", ""bicycle_parking"": ""stands"", ""capacity"": ""2"", ""covered"": ""no"", ""mapillary"": ""937378320362711"", ""survey:date"": ""2019-06-21""}"
DUR-01,node,5923216744,,amenity,bicycle_parking,Point,low_value_category,"{""amenity"": ""bicycle_parking"", ""capacity"": ""10"", ""covered"": ""no""}"
DUR-01,node,5923216745,,amenity,bicycle_parking,Point,low_value_category,"{""amenity"": ""bicycle_parking"", ""capacity"": ""2"", ""covered"": ""no""}"
DUR-01,node,5923216748,,amenity,bicycle_parking,Point,low_value_category,"{""amenity"": ""bicycle_parking"", ""capacity"": ""4"", ""covered"": ""yes""}"
DUR-01,node,5923216752,,amenity,bicycle_parking,Point,low_value_category,"{""amenity"": ""bicycle_parking"", ""capacity"": ""4"", ""covered"": ""yes""}"
DUR-01,node,5923216754,,amenity,bicycle_parking,Point,low_value_category,"{""amenity"": ""bicycle_parking"", ""capacity"": ""6"", ""covered"": ""no""}"
DUR-01,node,5923216757,,amenity,bicycle_parking,Point,low_value_category,"{""amenity"": ""bicycle_parking"", ""capacity"": ""2"", ""covered"": ""no""}"
DUR-01,node,5923216758,,amenity,bicycle_parking,Point,low_value_category,"{""amenity"": ""bicycle_parking"", ""bicycle_parking"": ""wall_loops"", ""capacity"": ""2"", ""covered"": ""no""}"
DUR-01,node,5923216760,,amenity,bicycle_parking,Point,low_value_category,"{""amenity"": ""bicycle_parking"", ""bicycle_parking"": ""stands"", ""capacity"": ""12"", ""covered"": ""yes""}"
DUR-01,node,5923216761,,amenity,bicycle_parking,Point,low_value_category,"{""amenity"": ""bicycle_parking"", ""bicycle_parking"": ""stands"", ""capacity"": ""2"", ""covered"": ""no""}"
DUR-01,node,5923216763,,amenity,bicycle_parking,Point,low_value_category,"{""amenity"": ""bicycle_parking"", ""bicycle_parking"": ""stands"", ""capacity"": ""6"", ""covered"": ""no"", ""mapillary"": ""2878560265805599"", ""survey:date"": ""2020-11-14""}"
DUR-01,node,5923216764,,amenity,bicycle_parking,Point,low_value_category,"{""amenity"": ""bicycle_parking"", ""capacity"": ""2"", ""covered"": ""no""}"
DUR-01,node,5923216765,,amenity,bicycle_parking,Point,low_value_category,"{""amenity"": ""bicycle_parking"", ""bicycle_parking"": ""stands"", ""capacity"": ""2"", ""covered"": ""no""}"
DUR-01,node,5923216766,,amenity,bicycle_parking,Point,low_value_category,"{""amenity"": ""bicycle_parking"", ""bicycle_parking"": ""stands"", ""capacity"": ""8"", ""covered"": ""no""}"
DUR-01,node,5923216768,,amenity,bicycle_parking,Point,low_value_category,"{""amenity"": ""bicycle_parking"", ""bicycle_parking"": ""stands"", ""capacity"": ""6"", ""covered"": ""no""}"
DUR-01,node,5923216769,,amenity,bicycle_parking,Point,low_value_category,"{""access"": ""yes"", ""amenity"": ""bicycle_parking"", ""bicycle_parking"": ""stands"", ""capacity"": ""2"", ""covered"": ""no""}"
DUR-01,node,5923216770,,amenity,bicycle_parking,Point,low_value_category,"{""amenity"": ""bicycle_parking"", ""bicycle_parking"": ""stands"", ""capacity"": ""6"", ""covered"": ""no"", ""mapillary"": ""2105494262932808"", ""surface"": ""concrete"", ""survey:date"": ""2019-06-16""}"
DUR-01,node,5923216771,,amenity,bicycle_parking,Point,low_value_category,"{""amenity"": ""bicycle_parking"", ""capacity"": ""5"", ""covered"": ""no""}"
DUR-01,node,5923216772,,amenity,bicycle_parking,Point,low_value_category,"{""amenity"": ""bicycle_parking"", ""capacity"": ""2"", ""covered"": ""no""}"
DUR-01,node,5923216773,,amenity,bicycle_parking,Point,low_value_category,"{""amenity"": ""bicycle_parking"", ""bicycle_parking"": ""stands"", ""capacity"": ""2"", ""covered"": ""no""}"
DUR-01,node,5923216774,,amenity,bicycle_parking,Point,low_value_category,"{""amenity"": ""bicycle_parking"", ""bicycle_parking"": ""stands"", ""capacity"": ""2"", ""covered"": ""no""}"
DUR-01,node,5923216776,,amenity,bicycle_parking,Point,low_value_category,"{""amenity"": ""bicycle_parking"", ""capacity"": ""2"", ""covered"": ""no""}"
DUR-01,node,5923216778,,amenity,bicycle_parking,Point,low_value_category,"{""amenity"": ""bicycle_parking"", ""capacity"": ""2"", ""covered"": ""no""}"
DUR-01,node,5923216779,,amenity,bicycle_parking,Point,low_value_category,"{""amenity"": ""bicycle_parking"", ""capacity"": ""4"", ""covered"": ""no""}"
DUR-01,node,5985040113,Durham,public_transport,stop_position,Point,transport_platform_infrastructure,"{""name"": ""Durham"", ""network"": ""Amtrak"", ""public_transport"": ""stop_position"", ""railway"": ""stop"", ""railway:ref"": ""DNC"", ""train"": ""yes""}"
DUR-01,node,6023659193,,tourism,artwork,Point,unnamed_not_inherently_meaningful,"{""artwork_type"": ""sculpture"", ""tourism"": ""artwork""}"
DUR-01,node,6023659196,,amenity,atm,Point,unnamed_not_inherently_meaningful,"{""amenity"": ""atm""}"
DUR-01,node,6050442005,The Bullpen,amenity,bar,Point,retained:named_poi,"{""amenity"": ""bar"", ""cuisine"": ""american"", ""name"": ""The Bullpen""}"
DUR-01,node,6053387309,Old Durham Mural,tourism,artwork,Point,retained:named_poi,"{""artwork_type"": ""mural"", ""description"": ""Part of the original building left standing"", ""name"": ""Old Durham Mural"", ""tourism"": ""artwork""}"
DUR-01,node,6154093421,,amenity,post_box,Point,low_value_category,"{""amenity"": ""post_box""}"
DUR-01,node,6358492323,,railway,crossing,Point,unnamed_not_inherently_meaningful,"{""railway"": ""crossing""}"
DUR-01,node,6373892613,,amenity,waste_disposal,Point,low_value_category,"{""amenity"": ""waste_disposal""}"
DUR-01,node,6373892614,,amenity,waste_disposal,Point,low_value_category,"{""amenity"": ""waste_disposal""}"
DUR-01,node,6479707150,,amenity,bench,Point,low_value_category,"{""amenity"": ""bench"", ""backrest"": ""yes"", ""direction"": ""0""}"
DUR-01,node,6479707151,,amenity,bench,Point,low_value_category,"{""amenity"": ""bench"", ""backrest"": ""yes"", ""direction"": ""140""}"
DUR-01,node,6504101767,,tourism,artwork,Point,unnamed_not_inherently_meaningful,"{""artwork_type"": ""statue"", ""tourism"": ""artwork""}"
DUR-01,node,6507463100,Dillard St at E Main St (County Public Health),public_transport,platform,Point,transport_platform_infrastructure,"{""bus"": ""yes"", ""highway"": ""bus_stop"", ""name"": ""Dillard St at E Main St (County Public Health)"", ""network"": ""GoDurham"", ""network:wikidata"": ""Q5316462"", ""public_transport"": ""platform"", ""ref"": ""6661""}"
DUR-01,node,6507463157,Duke St at Jackson St,public_transport,platform,Point,transport_platform_infrastructure,"{""bus"": ""yes"", ""highway"": ""bus_stop"", ""name"": ""Duke St at Jackson St"", ""network"": ""GoDurham;GoTriangle"", ""public_transport"": ""platform"", ""ref"": ""5934""}"
DUR-01,node,6507463182,Pettigrew St at S Roxboro St (WB),public_transport,platform,Point,transport_platform_infrastructure,"{""bus"": ""yes"", ""highway"": ""bus_stop"", ""name"": ""Pettigrew St at S Roxboro St (WB)"", ""network"": ""GoDurham"", ""network:wikidata"": ""Q5316462"", ""public_transport"": ""platform"", ""ref"": ""6531""}"
DUR-01,node,6507463185,Pettigrew St at S Roxboro St (EB),public_transport,platform,Point,transport_platform_infrastructure,"{""bus"": ""yes"", ""highway"": ""bus_stop"", ""name"": ""Pettigrew St at S Roxboro St (EB)"", ""network"": ""GoDurham"", ""network:wikidata"": ""Q5316462"", ""public_transport"": ""platform"", ""ref"": ""6300""}"
DUR-01,node,6507463187,E Main St at Dillard St (Oldham Towers),public_transport,platform,Point,transport_platform_infrastructure,"{""bus"": ""yes"", ""highway"": ""bus_stop"", ""name"": ""E Main St at Dillard St (Oldham Towers)"", ""network"": ""GoDurham"", ""network:wikidata"": ""Q5316462"", ""public_transport"": ""platform"", ""ref"": ""5819""}"
DUR-01,node,6507463192,Mangum St at Ramseur St,public_transport,platform,Point,transport_platform_infrastructure,"{""bench"": ""yes"", ""bin"": ""no"", ""bus"": ""yes"", ""highway"": ""bus_stop"", ""name"": ""Mangum St at Ramseur St"", ""network"": ""GoDurham"", ""network:wikidata"": ""Q5316462"", ""public_transport"": ""platform"", ""ref"": ""6533"", ""shelter"": ""yes""}"
DUR-01,node,6507463194,E Main St at Mangum St (WB),public_transport,platform,Point,transport_platform_infrastructure,"{""bench"": ""no"", ""bin"": ""no"", ""bus"": ""yes"", ""highway"": ""bus_stop"", ""name"": ""E Main St at Mangum St (WB)"", ""network"": ""GoDurham"", ""network:wikidata"": ""Q5316462"", ""public_transport"": ""platform"", ""ref"": ""5305"", ""shelter"": ""no""}"
DUR-01,node,6507463196,E Main St at Mangum St (EB),public_transport,platform,Point,transport_platform_infrastructure,"{""bench"": ""no"", ""bin"": ""no"", ""bus"": ""yes"", ""highway"": ""bus_stop"", ""name"": ""E Main St at Mangum St (EB)"", ""network"": ""GoDurham"", ""network:wikidata"": ""Q5316462"", ""public_transport"": ""platform"", ""ref"": ""6307"", ""shelter"": ""no""}"
DUR-01,node,6507463221,E Main St at Roxboro St (WB),public_transport,platform,Point,transport_platform_infrastructure,"{""bus"": ""yes"", ""highway"": ""bus_stop"", ""name"": ""E Main St at Roxboro St (WB)"", ""network"": ""GoDurham"", ""network:wikidata"": ""Q5316462"", ""public_transport"": ""platform"", ""ref"": ""5741""}"
DUR-01,node,6507463257,Pettigrew St at Mangum St (WB),public_transport,platform,Point,transport_platform_infrastructure,"{""bus"": ""yes"", ""highway"": ""bus_stop"", ""name"": ""Pettigrew St at Mangum St (WB)"", ""network"": ""GoDurham"", ""network:wikidata"": ""Q5316462"", ""public_transport"": ""platform"", ""ref"": ""6299""}"
DUR-01,node,6507463258,Pettigrew St at Mangum St (EB),public_transport,platform,Point,transport_platform_infrastructure,"{""bus"": ""yes"", ""highway"": ""bus_stop"", ""name"": ""Pettigrew St at Mangum St (EB)"", ""network"": ""GoDurham"", ""network:wikidata"": ""Q5316462"", ""public_transport"": ""platform"", ""ref"": ""6317""}"
DUR-01,node,6507463259,N Roxboro St at Liberty St,public_transport,platform,Point,transport_platform_infrastructure,"{""bus"": ""yes"", ""highway"": ""bus_stop"", ""name"": ""N Roxboro St at Liberty St"", ""network"": ""GoDurham"", ""network:wikidata"": ""Q5316462"", ""public_transport"": ""platform"", ""ref"": ""6297""}"
DUR-01,node,6507463363,Willard St at Yancey St (Ramada Inn),public_transport,platform,Point,transport_platform_infrastructure,"{""bench"": ""no"", ""bin"": ""yes"", ""bus"": ""yes"", ""highway"": ""bus_stop"", ""name"": ""Willard St at Yancey St (Ramada Inn)"", ""network"": ""GoDurham"", ""network:wikidata"": ""Q5316462"", ""public_transport"": ""platform"", ""ref"": ""5162"", ""shelter"": ""no"", ""tactile_paving"": ""no""}"
DUR-01,node,6507463404,S Roxboro St at Dillard St,public_transport,platform,Point,transport_platform_infrastructure,"{""bus"": ""yes"", ""highway"": ""bus_stop"", ""name"": ""S Roxboro St at Dillard St"", ""network"": ""GoDurham"", ""network:wikidata"": ""Q5316462"", ""public_transport"": ""platform"", ""ref"": ""6600""}"
DUR-01,node,6507463437,Liberty St at Elizabeth St (WB),public_transport,platform,Point,transport_platform_infrastructure,"{""bus"": ""yes"", ""highway"": ""bus_stop"", ""name"": ""Liberty St at Elizabeth St (WB)"", ""network"": ""GoDurham"", ""public_transport"": ""platform"", ""ref"": ""6574""}"
DUR-01,node,6507463446,Liberty St at Elizabeth St (EB),public_transport,platform,Point,transport_platform_infrastructure,"{""bus"": ""yes"", ""highway"": ""bus_stop"", ""name"": ""Liberty St at Elizabeth St (EB)"", ""network"": ""GoDurham"", ""public_transport"": ""platform"", ""ref"": ""6572""}"
DUR-01,node,6507463461,E Main St at Dillard St (EB),public_transport,platform,Point,transport_platform_infrastructure,"{""bus"": ""yes"", ""highway"": ""bus_stop"", ""name"": ""E Main St at Dillard St (EB)"", ""network"": ""GoDurham"", ""network:wikidata"": ""Q5316462"", ""public_transport"": ""platform"", ""ref"": ""5280""}"
DUR-01,node,6507463468,E Main St at Hood St (Durham Police Dept),public_transport,platform,Point,transport_platform_infrastructure,"{""bus"": ""yes"", ""highway"": ""bus_stop"", ""name"": ""E Main St at Hood St (Durham Police Dept)"", ""network"": ""GoDurham"", ""public_transport"": ""platform"", ""ref"": ""6503""}"
DUR-01,node,6507463470,E Main St at Elizabeth St,public_transport,platform,Point,transport_platform_infrastructure,"{""bus"": ""yes"", ""highway"": ""bus_stop"", ""name"": ""E Main St at Elizabeth St"", ""network"": ""GoDurham"", ""public_transport"": ""platform"", ""ref"": ""6505""}"
DUR-01,node,6507463471,E Main St at Queen St (WB),public_transport,platform,Point,transport_platform_infrastructure,"{""bus"": ""yes"", ""highway"": ""bus_stop"", ""name"": ""E Main St at Queen St (WB)"", ""network"": ""GoDurham"", ""network:wikidata"": ""Q5316462"", ""public_transport"": ""platform"", ""ref"": ""6506""}"
DUR-01,node,6507463527,E Main St at Roxboro St (EB),public_transport,platform,Point,transport_platform_infrastructure,"{""bus"": ""yes"", ""highway"": ""bus_stop"", ""name"": ""E Main St at Roxboro St (EB)"", ""network"": ""GoDurham"", ""network:wikidata"": ""Q5316462"", ""public_transport"": ""platform"", ""ref"": ""6382""}"
DUR-01,node,6507463558,E Main St at Corcoran St (EB),public_transport,platform,Point,transport_platform_infrastructure,"{""bench"": ""yes"", ""bus"": ""yes"", ""highway"": ""bus_stop"", ""name"": ""E Main St at Corcoran St (EB)"", ""network"": ""GoDurham"", ""network:wikidata"": ""Q5316462"", ""public_transport"": ""platform"", ""ref"": ""6306"", ""shelter"": ""no"", ""tactile_paving"": ""no""}"
DUR-01,node,6507463559,Dillard St at E Main St (Urban Ministries),public_transport,platform,Point,transport_platform_infrastructure,"{""bus"": ""yes"", ""highway"": ""bus_stop"", ""name"": ""Dillard St at E Main St (Urban Ministries)"", ""network"": ""GoDurham"", ""network:wikidata"": ""Q5316462"", ""public_transport"": ""platform"", ""ref"": ""6309""}"
DUR-01,node,6507463578,Liberty St at Queen St,public_transport,platform,Point,transport_platform_infrastructure,"{""bus"": ""yes"", ""highway"": ""bus_stop"", ""name"": ""Liberty St at Queen St"", ""network"": ""GoDurham"", ""network:wikidata"": ""Q5316462"", ""public_transport"": ""platform"", ""ref"": ""5038""}"
DUR-01,node,6509715579,Main St at Chapel Hill St (EB),public_transport,platform,Point,transport_platform_infrastructure,"{""bus"": ""yes"", ""highway"": ""bus_stop"", ""name"": ""Main St at Chapel Hill St (EB)"", ""network"": ""GoDurham"", ""network:wikidata"": ""Q5316462"", ""park_ride"": ""yes"", ""public_transport"": ""platform"", ""ref"": ""6671""}"
DUR-01,node,6509715580,Main St at Chapel Hill St (WB),public_transport,platform,Point,transport_platform_infrastructure,"{""bus"": ""yes"", ""highway"": ""bus_stop"", ""name"": ""Main St at Chapel Hill St (WB)"", ""network"": ""GoDurham"", ""network:wikidata"": ""Q5316462"", ""public_transport"": ""platform"", ""ref"": ""6672""}"
DUR-01,node,6509747089,Duke St at Trinity Ave,public_transport,platform,Point,transport_platform_infrastructure,"{""bus"": ""yes"", ""highway"": ""bus_stop"", ""name"": ""Duke St at Trinity Ave"", ""network"": ""GoDurham"", ""public_transport"": ""platform"", ""ref"": ""5993""}"
DUR-01,node,6509747104,Main St at Gregson St (Brightleaf Square),public_transport,platform,Point,transport_platform_infrastructure,"{""bus"": ""yes"", ""highway"": ""bus_stop"", ""name"": ""Main St at Gregson St (Brightleaf Square)"", ""network"": ""GoDurham"", ""network:wikidata"": ""Q5316462"", ""public_transport"": ""platform"", ""ref"": ""5637""}"
DUR-01,node,6509747147,Chapel Hill St at Duke St (Durham Police Dept),public_transport,platform,Point,transport_platform_infrastructure,"{""bus"": ""yes"", ""highway"": ""bus_stop"", ""name"": ""Chapel Hill St at Duke St (Durham Police Dept)"", ""network"": ""GoDurham;GoTriangle"", ""public_transport"": ""platform"", ""ref"": ""5952""}"
DUR-01,node,6509747155,Chapel Hill St at Gregson St (WB),public_transport,platform,Point,transport_platform_infrastructure,"{""bus"": ""yes"", ""highway"": ""bus_stop"", ""name"": ""Chapel Hill St at Gregson St (WB)"", ""network"": ""GoDurham;GoTriangle"", ""public_transport"": ""platform"", ""ref"": ""5507""}"
DUR-01,node,6509747159,Mangum St at W Seminary Ave,public_transport,platform,Point,transport_platform_infrastructure,"{""bus"": ""yes"", ""highway"": ""bus_stop"", ""name"": ""Mangum St at W Seminary Ave"", ""network"": ""GoDurham"", ""network:wikidata"": ""Q5316462"", ""public_transport"": ""platform"", ""ref"": ""5883""}"
DUR-01,node,6509747160,Mangum St at Parrish St,public_transport,platform,Point,transport_platform_infrastructure,"{""bench"": ""yes"", ""bin"": ""no"", ""bus"": ""yes"", ""highway"": ""bus_stop"", ""lit"": ""no"", ""name"": ""Mangum St at Parrish St"", ""network"": ""GoDurham"", ""network:wikidata"": ""Q5316462"", ""public_transport"": ""platform"", ""ref"": ""5742"", ""shelter"": ""yes"", ""tactile_paving"": ""no""}"
DUR-01,node,6509747161,Dowd St at Mangum St,public_transport,platform,Point,transport_platform_infrastructure,"{""bus"": ""yes"", ""highway"": ""bus_stop"", ""name"": ""Dowd St at Mangum St"", ""network"": ""GoDurham"", ""public_transport"": ""platform"", ""ref"": ""6527""}"
DUR-01,node,6509747252,Main St at Morgan St (EB),public_transport,platform,Point,transport_platform_infrastructure,"{""bench"": ""yes"", ""bin"": ""no"", ""bus"": ""yes"", ""highway"": ""bus_stop"", ""lit"": ""yes"", ""name"": ""Main St at Morgan St (EB)"", ""network"": ""GoDurham"", ""network:wikidata"": ""Q5316462"", ""public_transport"": ""platform"", ""ref"": ""5639"", ""shelter"": ""no"", ""tactile_paving"": ""no""}"
DUR-01,node,6509747266,N Roxboro St at Mallard Ave,public_transport,platform,Point,transport_platform_infrastructure,"{""bus"": ""yes"", ""highway"": ""bus_stop"", ""name"": ""N Roxboro St at Mallard Ave"", ""network"": ""GoDurham"", ""network:wikidata"": ""Q5316462"", ""public_transport"": ""platform"", ""ref"": ""5942""}"
DUR-01,node,6509747273,N Roxboro St at Holloway St,public_transport,platform,Point,transport_platform_infrastructure,"{""bus"": ""yes"", ""highway"": ""bus_stop"", ""name"": ""N Roxboro St at Holloway St"", ""network"": ""GoDurham"", ""network:wikidata"": ""Q5316462"", ""public_transport"": ""platform"", ""ref"": ""6014""}"
DUR-01,node,6509747294,Duke St at Corporation St,public_transport,platform,Point,transport_platform_infrastructure,"{""bus"": ""yes"", ""highway"": ""bus_stop"", ""name"": ""Duke St at Corporation St"", ""network"": ""GoDurham"", ""network:wikidata"": ""Q5316462"", ""public_transport"": ""platform"", ""ref"": ""5438""}"
DUR-01,node,6509747301,Main St at Morgan St (WB),public_transport,platform,Point,transport_platform_infrastructure,"{""bus"": ""yes"", ""highway"": ""bus_stop"", ""name"": ""Main St at Morgan St (WB)"", ""network"": ""GoDurham"", ""network:wikidata"": ""Q5316462"", ""public_transport"": ""platform"", ""ref"": ""5433"", ""wheelchair"": ""yes""}"
DUR-01,node,6509747304,E Main St at Corcoran St (WB),public_transport,platform,Point,transport_platform_infrastructure,"{""bench"": ""yes"", ""bus"": ""yes"", ""highway"": ""bus_stop"", ""name"": ""E Main St at Corcoran St (WB)"", ""network"": ""GoDurham"", ""network:wikidata"": ""Q5316462"", ""public_transport"": ""platform"", ""ref"": ""5420"", ""shelter"": ""no"", ""tactile_paving"": ""no""}"
DUR-01,node,6509747362,Main St at Great Jones St (West Village),public_transport,platform,Point,transport_platform_infrastructure,"{""bus"": ""yes"", ""highway"": ""bus_stop"", ""name"": ""Main St at Great Jones St (West Village)"", ""network"": ""GoDurham"", ""network:wikidata"": ""Q5316462"", ""public_transport"": ""platform"", ""ref"": ""6386""}"
DUR-01,node,6509747365,Main St at Great Jones St (Amtrak Station),public_transport,platform,Point,transport_platform_infrastructure,"{""bus"": ""yes"", ""highway"": ""bus_stop"", ""name"": ""Main St at Great Jones St (Amtrak Station)"", ""network"": ""GoDurham"", ""network:wikidata"": ""Q5316462"", ""public_transport"": ""platform"", ""ref"": ""6381""}"
DUR-01,node,6509747366,Main St at Gregson St (WB),public_transport,platform,Point,transport_platform_infrastructure,"{""bench"": ""no"", ""bin"": ""no"", ""bus"": ""yes"", ""highway"": ""bus_stop"", ""lit"": ""no"", ""name"": ""Main St at Gregson St (WB)"", ""network"": ""GoDurham"", ""network:wikidata"": ""Q5316462"", ""public_transport"": ""platform"", ""ref"": ""6387"", ""shelter"": ""no"", ""tactile_paving"": ""no""}"
DUR-01,node,6509747376,W Morgan St at Foster St (Downtown YMCA),public_transport,platform,Point,transport_platform_infrastructure,"{""bench"": ""no"", ""bin"": ""no"", ""bus"": ""yes"", ""highway"": ""bus_stop"", ""lit"": ""yes"", ""name"": ""W Morgan St at Foster St (Downtown YMCA)"", ""network"": ""GoDurham"", ""network:wikidata"": ""Q5316462"", ""public_transport"": ""platform"", ""ref"": ""6316"", ""shelter"": ""no"", ""tactile_paving"": ""no""}"
DUR-01,node,6509747378,Gregson St at Main St (Brightleaf Square),public_transport,platform,Point,transport_platform_infrastructure,"{""bus"": ""yes"", ""highway"": ""bus_stop"", ""name"": ""Gregson St at Main St (Brightleaf Square)"", ""network"": ""GoDurham"", ""network:wikidata"": ""Q5316462"", ""public_transport"": ""platform"", ""ref"": ""6336""}"
DUR-01,node,6509747382,Chapel Hill St at Market St,public_transport,platform,Point,transport_platform_infrastructure,"{""bench"": ""no"", ""bin"": ""no"", ""bus"": ""yes"", ""highway"": ""bus_stop"", ""lit"": ""yes"", ""name"": ""Chapel Hill St at Market St"", ""network"": ""GoDurham"", ""network:wikidata"": ""Q5316462"", ""public_transport"": ""platform"", ""ref"": ""6308"", ""shelter"": ""no"", ""tactile_paving"": ""no""}"
DUR-01,node,6509747385,Chapel Hill St at Main St,public_transport,platform,Point,transport_platform_infrastructure,"{""bench"": ""yes"", ""bin"": ""yes"", ""bus"": ""yes"", ""highway"": ""bus_stop"", ""lit"": ""yes"", ""name"": ""Chapel Hill St at Main St"", ""network"": ""GoDurham"", ""network:wikidata"": ""Q5316462"", ""public_transport"": ""platform"", ""ref"": ""6305"", ""shelter"": ""yes"", ""tactile_paving"": ""no""}"
DUR-01,node,6509747413,Duke St at Main St,public_transport,platform,Point,transport_platform_infrastructure,"{""bus"": ""yes"", ""highway"": ""bus_stop"", ""name"": ""Duke St at Main St"", ""network"": ""GoDurham"", ""network:wikidata"": ""Q5316462"", ""public_transport"": ""platform"", ""ref"": ""5030""}"
DUR-01,node,6509747425,Rigsbee Ave at Seminary St,public_transport,platform,Point,transport_platform_infrastructure,"{""bus"": ""yes"", ""highway"": ""bus_stop"", ""name"": ""Rigsbee Ave at Seminary St"", ""network"": ""GoDurham"", ""network:wikidata"": ""Q5316462"", ""public_transport"": ""platform"", ""ref"": ""6248""}"
DUR-01,node,6509747428,Geer St at Rigsbee Ave,public_transport,platform,Point,transport_platform_infrastructure,"{""bench"": ""yes"", ""bin"": ""yes"", ""bus"": ""yes"", ""highway"": ""bus_stop"", ""lit"": ""no"", ""name"": ""Geer St at Rigsbee Ave"", ""network"": ""GoDurham"", ""network:wikidata"": ""Q5316462"", ""public_transport"": ""platform"", ""ref"": ""6246"", ""shelter"": ""no"", ""tactile_paving"": ""no""}"
DUR-01,node,6509747434,Rigsbee Ave at Corporation St (SB),public_transport,platform,Point,transport_platform_infrastructure,"{""bench"": ""no"", ""bin"": ""no"", ""bus"": ""yes"", ""highway"": ""bus_stop"", ""lit"": ""yes"", ""name"": ""Rigsbee Ave at Corporation St (SB)"", ""network"": ""GoDurham"", ""public_transport"": ""platform"", ""ref"": ""6247"", ""shelter"": ""no"", ""tactile_paving"": ""no""}"
DUR-01,node,6509747436,Rigsbee Ave at Corporation St (NB),public_transport,platform,Point,transport_platform_infrastructure,"{""bench"": ""no"", ""bin"": ""no"", ""bus"": ""yes"", ""highway"": ""bus_stop"", ""lit"": ""no"", ""name"": ""Rigsbee Ave at Corporation St (NB)"", ""network"": ""GoDurham"", ""public_transport"": ""platform"", ""ref"": ""6242"", ""shelter"": ""no"", ""tactile_paving"": ""no""}"
DUR-01,node,6509747437,W Geer St at Rigsbee Ave,public_transport,platform,Point,transport_platform_infrastructure,"{""bench"": ""no"", ""bin"": ""yes"", ""bus"": ""yes"", ""highway"": ""bus_stop"", ""lit"": ""yes"", ""name"": ""W Geer St at Rigsbee Ave"", ""network"": ""GoDurham"", ""public_transport"": ""platform"", ""ref"": ""6243"", ""shelter"": ""no"", ""tactile_paving"": ""no""}"
DUR-01,node,6509747441,Rigsbee Ave at Seminary St,public_transport,platform,Point,transport_platform_infrastructure,"{""bus"": ""yes"", ""highway"": ""bus_stop"", ""name"": ""Rigsbee Ave at Seminary St"", ""network"": ""GoDurham"", ""network:wikidata"": ""Q5316462"", ""public_transport"": ""platform"", ""ref"": ""6241""}"
DUR-01,node,6509747458,Morgan St at Mangum St,public_transport,platform,Point,transport_platform_infrastructure,"{""bus"": ""yes"", ""highway"": ""bus_stop"", ""name"": ""Morgan St at Mangum St"", ""network"": ""GoDurham"", ""network:wikidata"": ""Q5316462"", ""public_transport"": ""platform"", ""ref"": ""6182""}"
DUR-01,node,6509747505,Duke St at Main St (Chesterfield Building),public_transport,platform,Point,transport_platform_infrastructure,"{""bus"": ""yes"", ""highway"": ""bus_stop"", ""name"": ""Duke St at Main St (Chesterfield Building)"", ""network"": ""Duke"", ""public_transport"": ""platform"", ""ref"": ""13032""}"
DUR-01,node,6509747506,Willard St at Jackson St (American Tobacco Campus),public_transport,platform,Point,transport_platform_infrastructure,"{""bus"": ""yes"", ""highway"": ""bus_stop"", ""name"": ""Willard St at Jackson St (American Tobacco Campus)"", ""network"": ""Duke"", ""public_transport"": ""platform"", ""ref"": ""13029""}"
DUR-01,node,6509747510,Imperial Building (215 Morris St),public_transport,platform,Point,transport_platform_infrastructure,"{""bus"": ""yes"", ""highway"": ""bus_stop"", ""name"": ""Imperial Building (215 Morris St)"", ""network"": ""Duke"", ""public_transport"": ""platform"", ""ref"": ""13022""}"
DUR-01,node,6509747516,Great Jones St at Main St (Museum of Durham History),public_transport,platform,Point,transport_platform_infrastructure,"{""bus"": ""yes"", ""highway"": ""bus_stop"", ""name"": ""Great Jones St at Main St (Museum of Durham History)"", ""network"": ""GoDurham"", ""network:wikidata"": ""Q5316462"", ""public_transport"": ""platform"", ""ref"": ""6680""}"
DUR-01,node,6562734559,Durty Bull Brewery,craft,brewery,Point,retained:named_poi,"{""addr:housenumber"": ""Ste 104"", ""addr:street"": ""206 Broadway St"", ""craft"": ""brewery"", ""name"": ""Durty Bull Brewery"", ""phone"": ""+1-919-688-2337"", ""product"": ""beer;food"", ""website"": ""https://www.durtybull.com/""}"
DUR-01,node,6564142217,Boxcar Bar + Arcade,amenity,bar,Point,retained:named_poi,"{""addr:street"": ""621 Foster St, Durham, NC 27701"", ""amenity"": ""bar"", ""description"": ""Bar and arcade"", ""leisure"": ""amusement_arcade"", ""name"": ""Boxcar Bar + Arcade"", ""opening_hours"": ""Mo-Th 17:00-24:00, Su 12:00-24:00, Fr 17:00-01:00, Sa 12:00-01:00"", ""outdoor_seating"": ""yes"", ""phone"": ""+1-984-377-2791"", ""website"": ""https://theboxcarbar.com/durham/""}"
DUR-01,node,6600829206,Ninth Street Bakery,amenity,public_bookcase,Point,retained:named_poi,"{""amenity"": ""public_bookcase"", ""check_date"": ""2025-12-14"", ""operator"": ""Ninth Street Bakery""}"
DUR-01,node,6612191824,Urban Axes,amenity,bar,Point,retained:named_poi,"{""addr:city"": ""Durham"", ""addr:housenumber"": ""619"", ""addr:postcode"": ""27701"", ""addr:state"": ""NC"", ""addr:street"": ""Foster Street"", ""amenity"": ""bar"", ""name"": ""Urban Axes"", ""website"": ""https://urbanaxes.com/durham/""}"
DUR-01,node,6623310155,,amenity,waste_disposal,Point,low_value_category,"{""amenity"": ""waste_disposal""}"
DUR-01,node,6623334456,,amenity,waste_disposal,Point,low_value_category,"{""amenity"": ""waste_disposal""}"
DUR-01,node,6623334495,,amenity,bench,Point,representative_point_outside_region,"{""amenity"": ""bench""}"
DUR-01,node,6623334496,,amenity,bench,Point,representative_point_outside_region,"{""amenity"": ""bench""}"
DUR-01,node,6624392466,,amenity,bicycle_parking,Point,low_value_category,"{""amenity"": ""bicycle_parking"", ""bicycle_parking"": ""stands"", ""capacity"": ""2"", ""covered"": ""no""}"
DUR-01,node,6670065060,,amenity,parking_entrance,Point,low_value_category,"{""amenity"": ""parking_entrance"", ""maxheight"": ""7'4\"""", ""parking"": ""multi-storey""}"
DUR-01,node,6678270038,,amenity,waste_disposal,Point,low_value_category,"{""amenity"": ""waste_disposal""}"
DUR-01,node,6737211158,,amenity,waste_basket,Point,low_value_category,"{""amenity"": ""waste_basket""}"
DUR-01,node,6737221084,Pour,amenity,bar,Point,retained:named_poi,"{""amenity"": ""bar"", ""name"": ""Pour"", ""opening_hours"": ""Tu-Th,Su 14:00-12:00, Fr,Sa 14:00-01:00""}"
DUR-01,node,6737259048,Neomonde,amenity,restaurant,Point,retained:named_poi,"{""addr:city"": ""Durham"", ""addr:housenumber"": ""202"", ""addr:postcode"": ""27701"", ""addr:state"": ""NC"", ""addr:street"": ""Corcoran Street"", ""addr:unit"": ""300"", ""amenity"": ""restaurant"", ""contact:phone"": ""+1-919-680-1886"", ""contact:website"": ""https://www.neomonde.com"", ""cuisine"": ""mediterranean"", ""diet:gluten_free"": ""yes"", ""diet:halal"": ""yes"", ""diet:vegan"": ""yes"", ""diet:vegetarian"": ""yes"", ""level"": ""0"", ""name"": ""Neomonde"", ""opening_hours"": ""Mo-Su 11:00-20:00"", ""outdoor_seating"": ""yes""}"
DUR-01,node,6737268458,Sacred Mandala,shop,tattoo,Point,retained:named_poi,"{""addr:city"": ""Durham"", ""addr:housenumber"": ""405 A"", ""addr:postcode"": ""27701"", ""addr:state"": ""NC"", ""addr:street"": ""East Chapel Hill Street"", ""contact:facebook"": ""https://www.facebook.com/sacredmandalastudio/"", ""email"": ""sacredmandalastudio@gmail.com"", ""name"": ""Sacred Mandala"", ""opening_hours"": ""Mo-Th 12:00-19:00; Fr,Sa 12:00-21:00; Su 12:00-20:00"", ""phone"": ""+1 919-748-4638"", ""shop"": ""tattoo"", ""website"": ""https://www.sacredmandalastudio.com/""}"
DUR-01,node,6737268588,Bulldega Urban Market,amenity,marketplace,Point,retained:named_poi,"{""addr:city"": ""Durham"", ""addr:housenumber"": ""129"", ""addr:postcode"": ""27701"", ""addr:state"": ""NC"", ""addr:street"": ""West Parrish Street"", ""amenity"": ""marketplace"", ""name"": ""Bulldega Urban Market""}"
DUR-01,node,6737271803,Visionary Leadership in the New South,tourism,artwork,Point,retained:named_poi,"{""artwork_type"": ""sculpture"", ""name"": ""Visionary Leadership in the New South"", ""tourism"": ""artwork""}"
DUR-01,node,6737278999,,amenity,shelter,Point,low_value_category,"{""amenity"": ""shelter"", ""bench"": ""yes""}"
DUR-01,node,6737445588,Winding Out,tourism,artwork,Point,retained:named_poi,"{""artist_name"": ""Robert Winkler"", ""artwork_type"": ""sculpture"", ""description"": ""\""Walk past & around it and watch each angle as it appears to move.\"""", ""material"": ""metal"", ""name"": ""Winding Out"", ""source:description"": ""sign"", ""tourism"": ""artwork""}"
DUR-01,node,6737445589,NC Escape,leisure,escape_game,Point,retained:named_poi,"{""addr:city"": ""Durham"", ""addr:housenumber"": ""119"", ""addr:postcode"": ""27701"", ""addr:state"": ""NC"", ""addr:street"": ""Orange Street"", ""addr:unit"": ""101"", ""leisure"": ""escape_game"", ""level"": ""0"", ""name"": ""NC Escape""}"
DUR-01,node,6737445591,Durham Parole,office,yes,Point,retained:named_poi,"{""addr:city"": ""Durham"", ""addr:housenumber"": ""119"", ""addr:postcode"": ""27701"", ""addr:state"": ""NC"", ""addr:street"": ""Orange Street"", ""addr:unit"": ""100;200-201"", ""level"": ""1"", ""name"": ""Durham Parole"", ""office"": ""yes""}"
DUR-01,node,6737445593,Hiltzheimer Law,office,lawyer,Point,retained:named_poi,"{""addr:city"": ""Durham"", ""addr:housenumber"": ""119"", ""addr:postcode"": ""27701"", ""addr:state"": ""NC"", ""addr:street"": ""Orange Street"", ""addr:unit"": ""300"", ""level"": ""1"", ""name"": ""Hiltzheimer Law"", ""office"": ""lawyer""}"
DUR-01,node,6737445594,True Care,office,yes,Point,retained:named_poi,"{""addr:city"": ""Durham"", ""addr:housenumber"": ""119"", ""addr:postcode"": ""27701"", ""addr:state"": ""NC"", ""addr:street"": ""Orange Street"", ""addr:unit"": ""301"", ""level"": ""2"", ""name"": ""True Care"", ""office"": ""yes""}"
DUR-01,node,6737445595,The Orange Street Collective,office,yes,Point,retained:named_poi,"{""addr:city"": ""Durham"", ""addr:housenumber"": ""119"", ""addr:postcode"": ""27701"", ""addr:state"": ""NC"", ""addr:street"": ""Orange Street"", ""addr:unit"": ""302"", ""level"": ""2"", ""name"": ""The Orange Street Collective"", ""office"": ""yes""}"
DUR-01,node,6973144494,,amenity,bicycle_parking,Point,low_value_category,"{""access"": ""yes"", ""amenity"": ""bicycle_parking"", ""bicycle_parking"": ""stands"", ""capacity"": ""6"", ""covered"": ""no"", ""indoor"": ""no""}"
DUR-01,node,7002884750,,amenity,bicycle_parking,Point,low_value_category,"{""access"": ""yes"", ""amenity"": ""bicycle_parking"", ""bicycle_parking"": ""stands"", ""capacity"": ""6"", ""covered"": ""no"", ""indoor"": ""no""}"
DUR-01,node,7002884751,,amenity,bicycle_parking,Point,low_value_category,"{""access"": ""yes"", ""amenity"": ""bicycle_parking"", ""bicycle_parking"": ""stands"", ""capacity"": ""6"", ""covered"": ""no"", ""indoor"": ""no""}"
DUR-01,node,7024572472,Durham,public_transport,station,Point,retained:named_poi,"{""addr:state"": ""NC"", ""name"": ""Durham"", ""network"": ""Amtrak"", ""network:wikidata"": ""Q23239"", ""opening_hours"": ""Mo-Su 06:30-21:00"", ""operator"": ""Amtrak"", ""public_transport"": ""station"", ""railway"": ""station"", ""railway:ref"": ""DNC"", ""train"": ""yes"", ""website"": ""https://www.amtrak.com/stations/dnc"", ""wheelchair"": ""yes"", ""wikidata"": ""Q5316447""}"
DUR-01,node,7024572473,Durham,public_transport,stop_position,Point,transport_platform_infrastructure,"{""name"": ""Durham"", ""network"": ""Amtrak"", ""public_transport"": ""stop_position"", ""railway"": ""stop"", ""railway:ref"": ""DNC"", ""train"": ""yes""}"
DUR-01,node,7070686673,CPSC Little Free Library,amenity,public_bookcase,Point,retained:named_poi,"{""amenity"": ""public_bookcase"", ""check_date"": ""2024-05-26"", ""name"": ""CPSC Little Free Library""}"
DUR-01,node,7070705593,Durham Centre Garage,amenity,parking,Point,low_value_category,"{""amenity"": ""parking"", ""capacity"": ""719"", ""name"": ""Durham Centre Garage"", ""parking"": ""multi-storey""}"
DUR-01,node,7105895741,,amenity,parking_entrance,Point,low_value_category,"{""amenity"": ""parking_entrance""}"
DUR-01,node,7105895742,,amenity,parking_entrance,Point,low_value_category,"{""amenity"": ""parking_entrance""}"
DUR-01,node,7105895752,,amenity,parking_entrance,Point,low_value_category,"{""amenity"": ""parking_entrance""}"
DUR-01,node,7115942134,Mount Merrill,leisure,playground,Point,retained:named_poi,"{""access"": ""yes"", ""leisure"": ""playground"", ""name"": ""Mount Merrill"", ""start_date"": ""2014"", ""website"": ""https://durhamcentralpark.org/donate/current-campaigns/mount-merrill/""}"
DUR-01,node,7115942141,,amenity,bench,Point,low_value_category,"{""amenity"": ""bench"", ""backrest"": ""yes"", ""colour"": ""red"", ""material"": ""metal""}"
DUR-01,node,7115942155,Pixel Wall Durham,tourism,artwork,Point,retained:named_poi,"{""artist_name"": ""Pixel Patch Creative"", ""artwork_type"": ""installation"", ""name"": ""Pixel Wall Durham"", ""start_date"": ""2018"", ""tourism"": ""artwork"", ""website"": ""https://durhamcentralpark.org/pixel-wall-durham/""}"
DUR-01,node,7120757772,,amenity,bench,Point,low_value_category,"{""amenity"": ""bench"", ""backrest"": ""yes"", ""colour"": ""black"", ""material"": ""metal""}"
DUR-01,node,7120757773,,amenity,bench,Point,low_value_category,"{""amenity"": ""bench"", ""backrest"": ""yes"", ""colour"": ""black"", ""material"": ""metal""}"
DUR-01,node,7120757774,,amenity,bench,Point,low_value_category,"{""amenity"": ""bench""}"
DUR-01,node,7120757775,,amenity,bench,Point,low_value_category,"{""amenity"": ""bench""}"
DUR-01,node,7120757776,,amenity,bicycle_parking,Point,low_value_category,"{""amenity"": ""bicycle_parking"", ""covered"": ""no"", ""fee"": ""no""}"
DUR-01,node,7235882576,,amenity,parking_entrance,Point,low_value_category,"{""amenity"": ""parking_entrance""}"
DUR-01,node,7417421610,,amenity,bench,Point,low_value_category,"{""amenity"": ""bench"", ""backrest"": ""yes""}"
DUR-01,node,7417421611,,amenity,bench,Point,low_value_category,"{""amenity"": ""bench"", ""backrest"": ""yes""}"
DUR-01,node,7417421612,,amenity,bench,Point,low_value_category,"{""amenity"": ""bench"", ""backrest"": ""yes"", ""inscription"": ""in memory of David McKnight"", ""material"": ""metal""}"
DUR-01,node,7417421613,,leisure,picnic_table,Point,low_value_category,"{""covered"": ""no"", ""leisure"": ""picnic_table""}"
DUR-01,node,7417421614,Grace Garden,leisure,garden,Point,retained:named_poi,"{""description"": ""in memory of Grace Richardson"", ""leisure"": ""garden"", ""name"": ""Grace Garden""}"
DUR-01,node,7638785261,,amenity,parking_entrance,Point,low_value_category,"{""amenity"": ""parking_entrance""}"
DUR-01,node,7639012880,,amenity,parking_entrance,Point,low_value_category,"{""amenity"": ""parking_entrance""}"
DUR-01,node,7639012881,,amenity,parking_entrance,Point,low_value_category,"{""amenity"": ""parking_entrance""}"
DUR-01,node,7639038625,,amenity,parking_entrance,Point,low_value_category,"{""amenity"": ""parking_entrance""}"
DUR-01,node,7639038627,,amenity,parking_entrance,Point,low_value_category,"{""amenity"": ""parking_entrance""}"
DUR-01,node,7639067186,,amenity,parking_entrance,Point,low_value_category,"{""amenity"": ""parking_entrance""}"
DUR-01,node,7639067188,,amenity,parking_entrance,Point,low_value_category,"{""amenity"": ""parking_entrance""}"
DUR-01,node,7639067192,,amenity,parking_entrance,Point,low_value_category,"{""amenity"": ""parking_entrance""}"
DUR-01,node,7639067193,,amenity,parking_entrance,Point,low_value_category,"{""amenity"": ""parking_entrance""}"
DUR-01,node,7639067196,,amenity,parking_entrance,Point,low_value_category,"{""amenity"": ""parking_entrance""}"
DUR-01,node,7646342576,,railway,crossing,Point,unnamed_not_inherently_meaningful,"{""railway"": ""crossing""}"
DUR-01,node,8532623759,,amenity,parking_entrance,Point,low_value_category,"{""amenity"": ""parking_entrance""}"
DUR-01,node,9096736576,,amenity,fountain,Point,unnamed_not_inherently_meaningful,"{""amenity"": ""fountain""}"
DUR-01,node,9096736577,,amenity,fountain,Point,unnamed_not_inherently_meaningful,"{""amenity"": ""fountain""}"
DUR-01,node,9096770036,Choice Tattoo,shop,tattoo,Point,retained:named_poi,"{""addr:city"": ""Durham"", ""addr:housenumber"": ""316B"", ""addr:state"": ""NC"", ""addr:street"": ""West Geer Street"", ""name"": ""Choice Tattoo"", ""shop"": ""tattoo""}"
DUR-01,node,9096770037,Louella,amenity,bar,Point,retained:named_poi,"{""addr:city"": ""Durham"", ""addr:housenumber"": ""316A"", ""addr:state"": ""NC"", ""addr:street"": ""West Geer Street"", ""amenity"": ""bar"", ""name"": ""Louella"", ""opening_hours"": ""Su 11:00-20:00; Tu-Th 11:00-21:00; Fr,Sa 11:00-22:00""}"
DUR-01,node,9992904421,,amenity,parking_entrance,Point,low_value_category,"{""amenity"": ""parking_entrance""}"
DUR-01,node,10030458244,Arcana,amenity,bar,Point,retained:named_poi,"{""addr:housenumber"": ""331"", ""addr:postcode"": ""27701"", ""addr:street"": ""West Main Street"", ""amenity"": ""bar"", ""check_date"": ""2026-09-21"", ""check_date:opening_hours"": ""2026-09-21"", ""lgbtq"": ""welcome"", ""min_age"": ""21"", ""name"": ""Arcana"", ""opening_hours"": ""Su, Tu-Th 18:00-24:00; Fr-Sa 17:00-00:00"", ""phone"": ""+1-919-973-1675"", ""website"": ""https://arcanadurham.com/""}"
DUR-01,node,10302326693,Dero,amenity,bicycle_repair_station,Point,low_value_category,"{""amenity"": ""bicycle_repair_station"", ""brand"": ""Dero"", ""note"": ""Chapel Hill Street Parking Garage"", ""opening_hours"": ""24/7"", ""service:bicycle:pump"": ""yes"", ""service:bicycle:tools"": ""yes""}"
DUR-01,node,10302366861,Dero,amenity,bicycle_repair_station,Point,low_value_category,"{""amenity"": ""bicycle_repair_station"", ""brand"": ""Dero"", ""note"": ""Corcoran Street Parking Garage"", ""opening_hours"": ""24/7"", ""service:bicycle:pump"": ""yes"", ""service:bicycle:tools"": ""yes""}"
DUR-01,node,10556268767,Law Offices of James Scott Farrin,office,lawyer,Point,retained:named_poi,"{""addr:city"": ""Durham"", ""addr:housenumber"": ""555"", ""addr:postcode"": ""27701"", ""addr:state"": ""NC"", ""addr:street"": ""South Mangum Street"", ""addr:unit"": ""Suite 800"", ""name"": ""Law Offices of James Scott Farrin"", ""office"": ""lawyer"", ""opening_hours"": ""24/7"", ""phone"": ""+1 919-688-4991"", ""website"": ""https://www.farrin.com/""}"
DUR-01,node,10775614810,Green Street Land Buyers,office,estate_agent,Point,retained:named_poi,"{""about"": ""Green Street Land Buyers specializes in buying, selling, and developing land for residential use."", ""addr:city"": ""Durham"", ""addr:country"": ""US"", ""addr:postcode"": ""27701"", ""addr:state"": ""NC"", ""addr:street"": ""555 S Mangum St, Suite 100"", ""name"": ""Green Street Land Buyers"", ""office"": ""estate_agent"", ""opening_hours"": ""Mo-Fr 09:00-18:00"", ""phone"": ""+1-336-800-4970"", ""website"": ""https://greenstreetlandbuyers.com""}"
DUR-01,node,11415612047,United States Postal Service,amenity,post_box,Point,low_value_category,"{""amenity"": ""post_box"", ""collection_times"": ""Mo-Fr 15:00; Sa 10:00"", ""operator"": ""United States Postal Service"", ""operator:short"": ""USPS"", ""operator:type"": ""public"", ""operator:wikidata"": ""Q668687"", ""ref"": ""2770100061""}"
DUR-01,node,11672994386,The Velvet Hippo,amenity,bar,Point,retained:named_poi,"{""addr:city"": ""Durham"", ""addr:housenumber"": ""119"", ""addr:postcode"": ""27701"", ""addr:state"": ""NC"", ""addr:street"": ""Orange Street"", ""addr:unit"": ""3rd Floor"", ""amenity"": ""bar"", ""email"": ""hello@velvethippodurham.com"", ""level"": ""3"", ""min_age"": ""21"", ""name"": ""The Velvet Hippo"", ""phone"": ""+1-919-294-4447"", ""website"": ""https://www.velvethippodurham.com/""}"
DUR-01,node,11935886246,,amenity,waste_basket,Point,representative_point_outside_region,"{""amenity"": ""waste_basket""}"
DUR-01,node,11935886247,,amenity,drinking_water,Point,representative_point_outside_region,"{""access"": ""yes"", ""amenity"": ""drinking_water"", ""fee"": ""no""}"
DUR-01,node,11935886250,,leisure,picnic_table,Point,representative_point_outside_region,"{""bench"": ""yes"", ""leisure"": ""picnic_table"", ""material"": ""wood""}"
DUR-01,node,11935919073,,amenity,bicycle_parking,Point,low_value_category,"{""amenity"": ""bicycle_parking"", ""bicycle_parking"": ""wall_loops"", ""covered"": ""no""}"
DUR-01,node,11935919074,,amenity,bench,Point,low_value_category,"{""amenity"": ""bench"", ""backrest"": ""yes"", ""material"": ""metal""}"
DUR-01,node,11935919075,,amenity,bench,Point,low_value_category,"{""amenity"": ""bench"", ""backrest"": ""no"", ""material"": ""metal""}"
DUR-01,node,11935919076,,amenity,bench,Point,low_value_category,"{""amenity"": ""bench"", ""backrest"": ""no"", ""material"": ""metal""}"
DUR-01,node,11935919092,,amenity,bench,Point,low_value_category,"{""amenity"": ""bench"", ""backrest"": ""no"", ""material"": ""metal""}"
DUR-01,node,11935919093,,amenity,bicycle_parking,Point,low_value_category,"{""amenity"": ""bicycle_parking"", ""bicycle_parking"": ""stands"", ""capacity"": ""2""}"
DUR-01,node,11935919094,,amenity,bicycle_parking,Point,low_value_category,"{""amenity"": ""bicycle_parking"", ""bicycle_parking"": ""stands"", ""capacity"": ""2""}"
DUR-01,node,11935919095,,amenity,bicycle_parking,Point,low_value_category,"{""amenity"": ""bicycle_parking"", ""bicycle_parking"": ""stands"", ""capacity"": ""2""}"
DUR-01,node,11935919096,,amenity,bicycle_parking,Point,low_value_category,"{""amenity"": ""bicycle_parking"", ""bicycle_parking"": ""stands"", ""capacity"": ""2""}"
DUR-01,node,11935919097,,amenity,bicycle_parking,Point,low_value_category,"{""amenity"": ""bicycle_parking"", ""bicycle_parking"": ""wall_loops"", ""capacity"": ""4""}"
DUR-01,node,11936048785,Little Free Library,amenity,public_bookcase,Point,retained:named_poi,"{""amenity"": ""public_bookcase"", ""brand"": ""Little Free Library"", ""brand:wikidata"": ""Q6650101"", ""name"": ""Little Free Library""}"
DUR-01,node,11936048786,United States Postal Service,amenity,post_box,Point,low_value_category,"{""amenity"": ""post_box"", ""collection_times"": ""Mo-Sa 10:00"", ""operator"": ""United States Postal Service"", ""operator:short"": ""USPS"", ""operator:type"": ""public"", ""operator:website"": ""https://www.usps.com"", ""operator:wikidata"": ""Q668687"", ""operator:wikipedia"": ""en:United States Postal Service""}"
DUR-01,node,11936048787,,amenity,bicycle_parking,Point,low_value_category,"{""amenity"": ""bicycle_parking""}"
DUR-01,node,11955982836,Yonderlust Cafe,amenity,cafe,Point,retained:named_poi,"{""addr:city"": ""Durham"", ""addr:housenumber"": ""109"", ""addr:postcode"": ""27701"", ""addr:state"": ""NC"", ""addr:street"": ""North Gregson Street"", ""amenity"": ""cafe"", ""cuisine"": ""coffee_shop"", ""internet_access"": ""wlan"", ""internet_access:fee"": ""no"", ""name"": ""Yonderlust Cafe"", ""opening_hours"": ""Mo-Fr 08:00-18:00, Sa 09:00-18:00, Su 10:00-15:00"", ""outdoor_seating"": ""no"", ""phone"": ""+1-919-237-2265"", ""website"": ""https://yonderlu.st/""}"
DUR-01,node,11955982837,Yonderlust,shop,outdoor,Point,retained:named_poi,"{""addr:city"": ""Durham"", ""addr:housenumber"": ""109"", ""addr:postcode"": ""27701"", ""addr:state"": ""NC"", ""addr:street"": ""North Gregson Street"", ""internet_access"": ""wlan"", ""internet_access:fee"": ""no"", ""name"": ""Yonderlust"", ""opening_hours"": ""Mo-Sa 10:00-18:00, Su 10:00-15:00"", ""outdoor_seating"": ""no"", ""phone"": ""+1-919-237-2265"", ""shop"": ""outdoor"", ""website"": ""https://yonderlu.st/""}"
DUR-01,node,11958469965,,amenity,vending_machine,Point,low_value_category,"{""amenity"": ""vending_machine"", ""vending"": ""excrement_bags""}"
DUR-01,node,11958478524,,amenity,waste_basket,Point,low_value_category,"{""amenity"": ""waste_basket""}"
DUR-01,node,11964348692,,amenity,bicycle_parking,Point,low_value_category,"{""amenity"": ""bicycle_parking"", ""bicycle_parking"": ""stands"", ""capacity"": ""6"", ""covered"": ""no""}"
DUR-01,node,12008123822,,amenity,drinking_water,Point,low_value_category,"{""access"": ""yes"", ""amenity"": ""drinking_water"", ""fee"": ""no""}"
DUR-01,node,12176992838,Thaiangle,amenity,restaurant,Point,retained:named_poi,"{""addr:housenumber"": ""200"", ""addr:street"": ""North Mangum Street"", ""amenity"": ""restaurant"", ""name"": ""Thaiangle"", ""phone"": ""+1 919-237-1387"", ""website"": ""https://www.thaiangleofdurham.com""}"
DUR-01,node,12186247101,YMCA at American Tobacco,leisure,fitness_centre,Point,retained:named_poi,"{""addr:city"": ""Durham"", ""addr:housenumber"": ""410"", ""addr:postcode"": ""27701"", ""addr:state"": ""NC"", ""addr:street"": ""Blackwell Street"", ""contact:instagram"": ""ymcatriangle"", ""image"": ""https://s3-media0.fl.yelpcdn.com/bphoto/Iw-vdxQFIVTC7BkCnh_DPg/348s.jpg"", ""leisure"": ""fitness_centre"", ""name"": ""YMCA at American Tobacco"", ""opening_hours"": ""Mo-Th 06:00-19:00; Fr 06:00-17:00; Sa 08:00-12:00"", ""phone"": ""+1-919-956-9602"", ""sport"": ""fitness"", ""website"": ""https://www.ymcatriangle.org/locations/ymca-american-tobacco""}"
DUR-01,node,12269100502,,amenity,bicycle_parking,Point,low_value_category,"{""access"": ""yes"", ""amenity"": ""bicycle_parking"", ""bicycle_parking"": ""stands"", ""capacity"": ""6"", ""covered"": ""no"", ""indoor"": ""no""}"
DUR-01,node,12269100801,,amenity,bicycle_parking,Point,low_value_category,"{""access"": ""yes"", ""amenity"": ""bicycle_parking"", ""bicycle_parking"": ""stands"", ""capacity"": ""8"", ""covered"": ""no"", ""indoor"": ""no""}"
DUR-01,node,12269100802,,amenity,bicycle_parking,Point,low_value_category,"{""access"": ""yes"", ""amenity"": ""bicycle_parking"", ""bicycle_parking"": ""stands"", ""capacity"": ""12"", ""covered"": ""no"", ""indoor"": ""no""}"
DUR-01,node,12269128701,,amenity,bicycle_parking,Point,low_value_category,"{""access"": ""yes"", ""amenity"": ""bicycle_parking"", ""bicycle_parking"": ""stands"", ""capacity"": ""4"", ""covered"": ""no"", ""indoor"": ""no""}"
DUR-01,node,12269141801,,amenity,bicycle_parking,Point,low_value_category,"{""access"": ""yes"", ""amenity"": ""bicycle_parking"", ""bicycle_parking"": ""stands"", ""capacity"": ""4"", ""covered"": ""no"", ""indoor"": ""no""}"
DUR-01,node,12269172501,,amenity,bicycle_parking,Point,low_value_category,"{""access"": ""yes"", ""amenity"": ""bicycle_parking"", ""bicycle_parking"": ""wave"", ""capacity"": ""5"", ""covered"": ""no"", ""indoor"": ""no""}"
DUR-01,node,12269173101,,amenity,bicycle_parking,Point,low_value_category,"{""access"": ""yes"", ""amenity"": ""bicycle_parking"", ""bicycle_parking"": ""stands"", ""capacity"": ""4"", ""covered"": ""no"", ""indoor"": ""no""}"
DUR-01,node,12269173102,,amenity,bicycle_parking,Point,low_value_category,"{""access"": ""yes"", ""amenity"": ""bicycle_parking"", ""bicycle_parking"": ""stands"", ""capacity"": ""6"", ""covered"": ""no"", ""indoor"": ""no""}"
DUR-01,node,12269176701,,amenity,bicycle_parking,Point,low_value_category,"{""access"": ""yes"", ""amenity"": ""bicycle_parking"", ""bicycle_parking"": ""stands"", ""capacity"": ""6"", ""covered"": ""no"", ""indoor"": ""no""}"
DUR-01,node,12269181901,,amenity,bicycle_parking,Point,low_value_category,"{""access"": ""yes"", ""amenity"": ""bicycle_parking"", ""bicycle_parking"": ""stands"", ""capacity"": ""2"", ""covered"": ""no"", ""indoor"": ""no""}"
DUR-01,node,12269181903,,amenity,bicycle_parking,Point,low_value_category,"{""access"": ""yes"", ""amenity"": ""bicycle_parking"", ""bicycle_parking"": ""stands"", ""capacity"": ""8"", ""covered"": ""no"", ""indoor"": ""no""}"
DUR-01,node,12269182601,,amenity,bicycle_parking,Point,low_value_category,"{""access"": ""yes"", ""amenity"": ""bicycle_parking"", ""bicycle_parking"": ""stands"", ""capacity"": ""4"", ""covered"": ""no"", ""indoor"": ""no""}"
DUR-01,node,12269184601,,amenity,bicycle_parking,Point,low_value_category,"{""access"": ""yes"", ""amenity"": ""bicycle_parking"", ""bicycle_parking"": ""stands"", ""capacity"": ""2"", ""covered"": ""no"", ""indoor"": ""no""}"
DUR-01,node,12269184602,,amenity,bicycle_parking,Point,low_value_category,"{""access"": ""yes"", ""amenity"": ""bicycle_parking"", ""bicycle_parking"": ""stands"", ""capacity"": ""2"", ""covered"": ""no"", ""indoor"": ""no""}"
DUR-01,node,12269184603,,amenity,bicycle_parking,Point,low_value_category,"{""access"": ""yes"", ""amenity"": ""bicycle_parking"", ""bicycle_parking"": ""stands"", ""capacity"": ""2"", ""covered"": ""no"", ""indoor"": ""no""}"
DUR-01,node,12269192401,,amenity,bicycle_parking,Point,low_value_category,"{""access"": ""yes"", ""amenity"": ""bicycle_parking"", ""bicycle_parking"": ""stands"", ""capacity"": ""6"", ""covered"": ""no"", ""indoor"": ""no""}"
DUR-01,node,12269192402,,amenity,bicycle_parking,Point,low_value_category,"{""access"": ""yes"", ""amenity"": ""bicycle_parking"", ""bicycle_parking"": ""stands"", ""capacity"": ""2"", ""covered"": ""no"", ""indoor"": ""no""}"
DUR-01,node,12269195701,,amenity,bicycle_parking,Point,low_value_category,"{""access"": ""yes"", ""amenity"": ""bicycle_parking"", ""bicycle_parking"": ""stands"", ""capacity"": ""2"", ""covered"": ""no"", ""indoor"": ""no""}"
DUR-01,node,12269208501,,amenity,bicycle_parking,Point,low_value_category,"{""access"": ""yes"", ""amenity"": ""bicycle_parking"", ""bicycle_parking"": ""stands"", ""capacity"": ""4"", ""covered"": ""no"", ""indoor"": ""no""}"
DUR-01,node,12269327501,,amenity,bicycle_parking,Point,low_value_category,"{""access"": ""yes"", ""amenity"": ""bicycle_parking"", ""bicycle_parking"": ""stands"", ""capacity"": ""2"", ""covered"": ""no"", ""indoor"": ""no""}"
DUR-01,node,12269329301,,amenity,bicycle_parking,Point,low_value_category,"{""access"": ""yes"", ""amenity"": ""bicycle_parking"", ""bicycle_parking"": ""stands"", ""capacity"": ""2"", ""covered"": ""no"", ""indoor"": ""no""}"
DUR-01,node,12269329901,,amenity,bicycle_parking,Point,low_value_category,"{""access"": ""yes"", ""amenity"": ""bicycle_parking"", ""bicycle_parking"": ""stands"", ""capacity"": ""14"", ""covered"": ""no"", ""indoor"": ""no""}"
DUR-01,node,12269349001,,amenity,bicycle_parking,Point,low_value_category,"{""access"": ""yes"", ""amenity"": ""bicycle_parking"", ""bicycle_parking"": ""stands"", ""capacity"": ""2"", ""covered"": ""no"", ""indoor"": ""no""}"
DUR-01,node,12269639401,,amenity,bicycle_parking,Point,low_value_category,"{""access"": ""yes"", ""amenity"": ""bicycle_parking"", ""bicycle_parking"": ""stands"", ""capacity"": ""2"", ""covered"": ""no"", ""indoor"": ""no""}"
DUR-01,node,12269991673,,amenity,bicycle_parking,Point,low_value_category,"{""access"": ""yes"", ""amenity"": ""bicycle_parking"", ""bicycle_parking"": ""stands"", ""capacity"": ""2"", ""covered"": ""no"", ""indoor"": ""no""}"
DUR-01,node,12269991674,,amenity,bicycle_parking,Point,low_value_category,"{""access"": ""yes"", ""amenity"": ""bicycle_parking"", ""bicycle_parking"": ""stands"", ""capacity"": ""2"", ""covered"": ""no"", ""indoor"": ""no""}"
DUR-01,node,12269991675,,amenity,bicycle_parking,Point,low_value_category,"{""access"": ""yes"", ""amenity"": ""bicycle_parking"", ""bicycle_parking"": ""stands"", ""capacity"": ""2"", ""covered"": ""no"", ""indoor"": ""no""}"
DUR-01,node,12269991676,,amenity,bicycle_parking,Point,low_value_category,"{""access"": ""yes"", ""amenity"": ""bicycle_parking"", ""bicycle_parking"": ""stands"", ""capacity"": ""2"", ""covered"": ""no"", ""indoor"": ""no""}"
DUR-01,node,12300639055,Nikos,amenity,restaurant,Point,retained:named_poi,"{""addr:city"": ""Durham"", ""addr:country"": ""US"", ""addr:housenumber"": ""905"", ""addr:postcode"": ""27701"", ""addr:state"": ""NC"", ""addr:street"": ""West Main Street"", ""addr:unit"": ""21B"", ""amenity"": ""restaurant"", ""cuisine"": ""greek"", ""name"": ""Nikos"", ""website"": ""https://www.nikosdurham.com/""}"
DUR-01,node,12363048099,"Unleashed, the Dog & Cat Store",shop,pet,Point,retained:named_poi,"{""addr:city"": ""Durham"", ""addr:housenumber"": ""1000"", ""addr:postcode"": ""27701-2098"", ""addr:state"": ""NC"", ""addr:street"": ""West Main Street"", ""addr:unit"": ""1C"", ""check_date"": ""2025-02-01"", ""check_date:currency:XBT"": ""2026-04-24"", ""contact:email"": ""alexx@unleashedmutt.com"", ""contact:facebook"": ""https://www.facebook.com/unleasheddowntowndurham"", ""contact:instagram"": ""https://www.instagram.com/unleashed_downtowndurham"", ""currency:XBT"": ""yes"", ""name"": ""Unleashed, the Dog & Cat Store"", ""not:brand:wikidata"": ""Q62122874"", ""opening_hours"": ""Mo-Sa 10:00-20:00; Su 10:00-18:00"", ""payment:lightning"": ""yes"", ""payment:lightning:operator"": ""square"", ""payment:lightning_contactless"": ""no"", ""payment:onchain"": ""no"", ""phone"": ""+1-919-908-1887"", ""shop"": ""pet"", ""website"": ""https://www.unleashedmutt.com""}"
DUR-01,node,12363048100,Mode,shop,clothes,Point,retained:named_poi,"{""addr:housenumber"": ""1000"", ""addr:street"": ""West Main Street"", ""addr:unit"": ""1A"", ""check_date"": ""2025-02-01"", ""name"": ""Mode"", ""opening_hours"": ""Mo-Sa 10:00-19:00; Su 12:00-18:00"", ""phone"": ""+1 919-806-3434"", ""second_hand"": ""only"", ""shop"": ""clothes""}"
DUR-01,node,12363079906,,amenity,ice_cream,Point,unnamed_not_inherently_meaningful,"{""amenity"": ""ice_cream""}"
DUR-01,node,12459472105,,amenity,bicycle_parking,Point,low_value_category,"{""amenity"": ""bicycle_parking"", ""bicycle_parking"": ""stands"", ""capacity"": ""14""}"
DUR-01,node,12459472106,,amenity,bicycle_parking,Point,low_value_category,"{""amenity"": ""bicycle_parking"", ""bicycle_parking"": ""stands"", ""capacity"": ""16""}"
DUR-01,node,12469564901,Sauna House Durham,leisure,sauna,Point,retained:named_poi,"{""addr:postcode"": ""27701"", ""leisure"": ""sauna"", ""name"": ""Sauna House Durham"", ""website"": ""https://www.saunahouse.com/""}"
DUR-01,node,12549481739,,amenity,bicycle_parking,Point,low_value_category,"{""access"": ""yes"", ""amenity"": ""bicycle_parking"", ""bicycle_parking"": ""stands"", ""capacity"": ""8"", ""covered"": ""no"", ""fee"": ""no""}"
DUR-01,node,12552934103,Queeny's,amenity,restaurant,Point,retained:named_poi,"{""addr:city"": ""Durham"", ""addr:housenumber"": ""321"", ""addr:postcode"": ""27701"", ""addr:state"": ""NC"", ""addr:street"": ""East Chapel Hill Street"", ""addr:unit"": ""100"", ""amenity"": ""restaurant"", ""cuisine"": ""burger;american"", ""delivery"": ""no"", ""email"": ""info@queenysdurham.com"", ""name"": ""Queeny's"", ""opening_hours"": ""Mo-Su 11:45-02:00"", ""takeaway"": ""no"", ""website"": ""https://www.queenysdurham.com/""}"
DUR-01,node,12555766108,Parts & Labor,amenity,pub,Point,retained:named_poi,"{""addr:city"": ""Durham"", ""addr:housenumber"": ""723"", ""addr:postcode"": ""27701"", ""addr:state"": ""NC"", ""addr:street"": ""Rigsbee Avenue"", ""amenity"": ""pub"", ""diet:vegan"": ""yes"", ""image"": ""https://lh5.googleusercontent.com/p/AF1QipPw7Noc307RknK2Q_AK-4lTcF_w8l2_tyYVua8x=w408-h272-k-no"", ""name"": ""Parts & Labor"", ""opening_hours"": ""Su-Mo 11:30-00:00, Tu 17:00-00:00; We-Th 11:30-00:00; Fr-Sa 11:30-02:00"", ""outdoor_seating"": ""yes"", ""phone"": ""+1-919-901-0875"", ""smoking"": ""outside"", ""website"": ""https://partsnlabor.com/""}"
DUR-01,node,12564113294,Anchor,leisure,fitness_centre,Point,retained:named_poi,"{""addr:city"": ""Durham"", ""addr:housenumber"": ""505"", ""addr:postcode"": ""27701"", ""addr:state"": ""NC"", ""addr:street"": ""South Duke Street"", ""addr:unit"": ""1"", ""image"": ""https://images.squarespace-cdn.com/content/v1/600b0214ffc0ee18d8b09dd0/7822d37c-83b7-4ac4-8294-ed58f9c25453/IMG_6829.jpg"", ""leisure"": ""fitness_centre"", ""name"": ""Anchor"", ""phone"": ""+1-919-599-6410"", ""sport"": ""powerlifting"", ""website"": ""https://www.anchorpower.co/home""}"
DUR-01,node,12623643601,Dashi Ramen,amenity,restaurant,Point,retained:named_poi,"{""addr:city"": ""Durham"", ""addr:housenumber"": ""415"", ""addr:postcode"": ""27701"", ""addr:state"": ""NC"", ""addr:street"": ""East Chapel Hill Street"", ""amenity"": ""restaurant"", ""cuisine"": ""japanese;ramen"", ""name"": ""Dashi Ramen"", ""opening_hours"": ""11:30-20:00"", ""phone"": ""+1-919-251-9335"", ""source:addr"": ""Durham Open Data"", ""website"": ""https://www.dashiramen.com/""}"
DUR-01,node,12824120801,Durham Food Hall,amenity,food_court,Point,retained:named_poi,"{""amenity"": ""food_court"", ""name"": ""Durham Food Hall"", ""website"": ""https://durhamfoodhall.com""}"
DUR-01,node,12860921230,Twin Suns Tattoo,shop,tattoo,Point,retained:named_poi,"{""addr:city"": ""Durham"", ""addr:housenumber"": ""339"", ""addr:postcode"": ""27701"", ""addr:state"": ""NC"", ""addr:street"": ""West Main Street"", ""check_date:currency:XBT"": ""2025-05-24"", ""contact:instagram"": ""http://instagram.com/TWINSUNSDURHAM"", ""currency:XBT"": ""yes"", ""name"": ""Twin Suns Tattoo"", ""opening_hours"": ""Mo-Su 12:00-20:00"", ""payment:lightning"": ""yes"", ""payment:lightning_contactless"": ""no"", ""payment:onchain"": ""yes"", ""phone"": ""+1-984-439-8806"", ""shop"": ""tattoo"", ""website"": ""https://www.twinsunsdurham.com/"", ""wheelchair"": ""yes""}"
DUR-01,node,13015714201,Fonda Lupita,amenity,restaurant,Point,retained:named_poi,"{""addr:housenumber"": ""905"", ""addr:postcode"": ""27701"", ""addr:street"": ""West Main Street"", ""amenity"": ""restaurant"", ""cuisine"": ""mexican"", ""email"": ""fondalupitanc@gmail.com"", ""level"": ""0"", ""name"": ""Fonda Lupita"", ""opening_hours"": ""Mo-Th 11:00-21:00; Fr-Sa 11:00-22:00; Su 11:00-20:00"", ""phone"": ""+1-919-294-4773"", ""website"": ""https://fondalupita.com/"", ""website:menu"": ""https://fondalupita.com/menu""}"
DUR-01,node,13039533001,The Boulder Garden,leisure,fitness_centre,Point,retained:named_poi,"{""addr:housenumber"": ""328"", ""addr:postcode"": ""27701"", ""addr:street"": ""Roney Street"", ""contact:instagram"": ""thebouldergarden"", ""internet_access"": ""wlan"", ""leisure"": ""fitness_centre"", ""name"": ""The Boulder Garden"", ""opening_hours"": ""Mo-Fr 16:00-22:00; Sa-Su 10:00-18:00"", ""website"": ""https://www.thebouldergarden.com/""}"
DUR-01,node,13310553873,Durham Bottling Co,office,yes,Point,retained:named_poi,"{""addr:city"": ""Durham"", ""addr:housenumber"": ""506"", ""addr:postcode"": ""27701"", ""addr:state"": ""NC"", ""addr:street"": ""Ramseur Street"", ""check_date"": ""2025-11-17"", ""check_date:currency:XBT"": ""2025-11-17"", ""currency:XBT"": ""yes"", ""email"": ""info@durhambottling.com"", ""name"": ""Durham Bottling Co"", ""office"": ""yes"", ""payment:lightning"": ""yes"", ""payment:lightning:operator"": ""square"", ""payment:lightning_contactless"": ""no"", ""payment:onchain"": ""no"", ""phone"": ""+19192052924"", ""website"": ""https://www.durhambottling.com/""}"
DUR-01,node,13376513931,Durham Armory,amenity,events_venue,Point,retained:named_poi,"{""addr:housenumber"": ""212"", ""addr:street"": ""Foster Street"", ""amenity"": ""events_venue"", ""check_date"": ""2025-12-14"", ""name"": ""Durham Armory"", ""website"": ""https://dprplaymore.org/493/6441/Durham-Armory-Rentals""}"
DUR-01,node,13376586698,,amenity,bench,Point,low_value_category,"{""amenity"": ""bench"", ""armrest"": ""yes"", ""backrest"": ""yes"", ""material"": ""metal""}"
DUR-01,node,13386901058,,amenity,parking_entrance,Point,low_value_category,"{""amenity"": ""parking_entrance""}"
DUR-01,node,13388816367,Durham Salt Cave,shop,massage,Point,retained:named_poi,"{""addr:city"": ""Durham"", ""addr:housenumber"": ""410"", ""addr:postcode"": ""27701"", ""addr:state"": ""NC"", ""addr:street"": ""West Geer Street"", ""name"": ""Durham Salt Cave"", ""phone"": ""+1 919-724-9967"", ""shop"": ""massage"", ""website"": ""https://durhamsaltcave.com/""}"
DUR-01,node,13390429301,Sherlocks Glass & Dispensary,shop,cannabis,Point,retained:named_poi,"{""addr:housenumber"": ""206"", ""addr:postcode"": ""27701"", ""addr:street"": ""Broadway Street"", ""level"": ""0"", ""name"": ""Sherlocks Glass & Dispensary"", ""opening_hours"": ""Su 12:00-20:00; Mo-Sa 10:00-18:00"", ""phone"": ""+1-919-908-1112"", ""shop"": ""cannabis"", ""website"": ""https://sherlocksglass.com/""}"
DUR-01,node,13392735790,Redhead Hemp,shop,cannabis,Point,retained:named_poi,"{""addr:city"": ""Durham"", ""addr:housenumber"": ""413"", ""addr:postcode"": ""27701"", ""addr:state"": ""NC"", ""addr:street"": ""East Chapel Hill Street"", ""name"": ""Redhead Hemp"", ""opening_hours"": ""Mo-Sa 11:00-21:00; Su 12:00-20:00"", ""phone"": ""+1 404-903-4337"", ""shop"": ""cannabis"", ""website"": ""https://www.redheadhemp.com/""}"
DUR-01,node,13408173102,Kingfisher,amenity,bar,Point,retained:named_poi,"{""addr:housenumber"": ""321"", ""addr:postcode"": ""27701"", ""addr:street"": ""East Chapel Hill Street"", ""amenity"": ""bar"", ""cuisine"": ""american"", ""name"": ""Kingfisher"", ""opening_hours"": ""Tu-Th 17:00-00:00; Fr-Sa 17:00-01:00; Su 17:00-23:00"", ""website"": ""https://www.kingfisherdurham.com/""}"
DUR-01,node,13408205001,The Roof at The Durham Hotel,amenity,bar,Point,retained:named_poi,"{""addr:housenumber"": ""315"", ""addr:postcode"": ""27701"", ""addr:street"": ""East Chapel Hill Street"", ""amenity"": ""bar"", ""contact:instagram"": ""thedurhamhotel"", ""cuisine"": ""american"", ""email"": ""info@thedurham.com"", ""name"": ""The Roof at The Durham Hotel"", ""opening_hours"": ""Tu-Th 17:00-22:00; Fr-Sa 16:00-23:00"", ""outdoor_seating"": ""yes"", ""website"": ""http://thedurham.com/roof/"", ""website:menu"": ""http://thedurham.com/roof/""}"
DUR-01,node,13408586201,"Press Coffee, Crepes & Cocktails",amenity,restaurant,Point,retained:named_poi,"{""addr:housenumber"": ""359"", ""addr:postcode"": ""27701"", ""addr:street"": ""Blackwell Street"", ""amenity"": ""restaurant"", ""cuisine"": ""american;coffee_shop"", ""name"": ""Press Coffee, Crepes & Cocktails"", ""opening_hours"": ""Su 09:00-15:00; Mo-Fr 07:00-18:00; Sa 09:00-15:00"", ""phone"": ""+1-919-748-3142"", ""website"": ""https://pressccc.com/locations/durham""}"
DUR-01,node,13457152014,Yours,shop,photo,Point,retained:named_poi,"{""addr:city"": ""Durham"", ""addr:housenumber"": ""209"", ""addr:postcode"": ""27701"", ""addr:state"": ""NC"", ""addr:street"": ""North Gregson Street"", ""check_date"": ""2026-01-15"", ""contact:email"": ""hello@yoursdurham.com"", ""contact:facebook"": ""https://www.facebook.com/yoursdurham"", ""contact:instagram"": ""https://www.instagram.com/yoursdurham"", ""currency:XBT"": ""yes"", ""name"": ""Yours"", ""opening_hours"": ""Th 17:00-19:00; Sa 11:00-14:00"", ""payment:lightning"": ""yes"", ""payment:lightning:operator"": ""square"", ""payment:lightning_contactless"": ""no"", ""payment:onchain"": ""no"", ""phone"": ""+1-919-695-3910"", ""shop"": ""photo"", ""website"": ""https://www.yoursdurham.com""}"
DUR-01,node,13555949301,Hatch Burritos,amenity,restaurant,Point,retained:named_poi,"{""addr:housenumber"": ""723"", ""addr:postcode"": ""27701"", ""addr:street"": ""North Mangum Street"", ""amenity"": ""restaurant"", ""check_date"": ""2026-02-13"", ""check_date:opening_hours"": ""2026-02-13"", ""name"": ""Hatch Burritos"", ""opening_hours"": ""Tu-Th 06:30-15:30; Fr 06:30-15:15; Sa-Su 09:00-16:00"", ""website"": ""https://hatchburritosnc.com/""}"
DUR-01,node,13556224801,TaTaco Inc,amenity,restaurant,Point,retained:named_poi,"{""addr:housenumber"": ""620"", ""addr:postcode"": ""27701"", ""addr:street"": ""Foster Street"", ""amenity"": ""restaurant"", ""check_date"": ""2026-02-13"", ""cuisine"": ""mexican"", ""name"": ""TaTaco Inc"", ""website"": ""https://tataco.toast.site/""}"
DUR-01,node,13674638391,Ashleigh Bakes Daily,shop,bakery,Point,retained:named_poi,"{""addr:city"": ""Durham"", ""addr:housenumber"": ""307"", ""addr:postcode"": ""27701-3215"", ""addr:state"": ""NC"", ""addr:street"": ""West Main Street"", ""check_date"": ""2026-03-24"", ""contact:email"": ""ashleighbakesdaily@gmail.com"", ""contact:facebook"": ""https://www.facebook.com/ashleighbakesdaily"", ""contact:instagram"": ""https://www.instagram.com/ashleighbakesdaily"", ""currency:XBT"": ""yes"", ""name"": ""Ashleigh Bakes Daily"", ""opening_hours"": ""We-Sa 15:00-22:00"", ""payment:lightning"": ""yes"", ""payment:lightning:operator"": ""square"", ""payment:lightning_contactless"": ""no"", ""payment:onchain"": ""no"", ""phone"": ""+1-919-907-1096"", ""shop"": ""bakery"", ""website"": ""https://www.ashleighbakesdaily.com""}"
DUR-01,node,13807087302,The Glass Jug Beer Lab - Downtown Durham,craft,brewery,Point,retained:named_poi,"{""addr:housenumber"": ""545, Ste 10"", ""addr:postcode"": ""27701"", ""addr:street"": ""Foster Street"", ""craft"": ""brewery"", ""email"": ""info@glass-jug.com"", ""name"": ""The Glass Jug Beer Lab - Downtown Durham"", ""opening_hours"": ""Mo-We 14:00-21:00; Th 14:00-23:00; Fr 12:00-23:00; Sa 11:00-23:00; Su 11:00-21:00"", ""phone"": ""+1-919-381-5797"", ""website"": ""https://www.glass-jug.com""}"
DUR-01,node,13807326101,Atomic Clock Brewing Company,craft,brewery,Point,retained:named_poi,"{""addr:housenumber"": ""501"", ""addr:postcode"": ""27701"", ""addr:street"": ""Washington Street"", ""check_date"": ""2026-05-07"", ""check_date:opening_hours"": ""2026-05-07"", ""craft"": ""brewery"", ""name"": ""Atomic Clock Brewing Company"", ""opening_hours"": ""Mo-We 15:00-22:00; Th 12:00-22:00; Fr-Sa 12:00-23:00; Su 12:00-21:00"", ""phone"": ""+1-919-237-1253""}"
DUR-01,node,13894874602,Simon Says Dip This,amenity,ice_cream,Point,retained:named_poi,"{""addr:housenumber"": ""117"", ""addr:postcode"": ""27701"", ""addr:street"": ""West Parrish Street"", ""amenity"": ""ice_cream"", ""name"": ""Simon Says Dip This"", ""opening_hours"": ""Su-Th 12:00-22:00; Fr-Sa 12:00-23:00"", ""phone"": ""+19848885070"", ""website"": ""https://simonssaysdipthis.com/""}"
DUR-01,node,13897479102,Atomic Clock Brewing,amenity,bar,Point,retained:named_poi,"{""addr:housenumber"": ""501-A"", ""addr:postcode"": ""27701"", ""addr:street"": ""Washington Street"", ""amenity"": ""bar"", ""cuisine"": ""american"", ""name"": ""Atomic Clock Brewing"", ""opening_hours"": ""Fr-Sa 12:00-23:00; Su 12:00-21:00; Mo-We 15:00-22:00; Th 12:00-22:00"", ""phone"": ""+1 919 237 1253"", ""website"": ""https://m.yelp.com/biz/atomic-clock-brewing-durham""}"
DUR-01,node,13917780568,Crank Arm Brewing,amenity,bar,Point,retained:named_poi,"{""addr:city"": ""Durham"", ""addr:housenumber"": ""620"", ""addr:postcode"": ""27701"", ""addr:state"": ""NC"", ""addr:street"": ""Fernway Avenue"", ""air_conditioning"": ""yes"", ""amenity"": ""bar"", ""contact:facebook"": ""https://www.facebook.com/CrankArmBrew"", ""contact:instagram"": ""https://www.instagram.com/crankarmbrew"", ""craft"": ""brewery"", ""drink:cider"": ""yes"", ""drink:craft_beer"": ""yes"", ""drink:liquor"": ""yes"", ""drink:wine"": ""yes"", ""food"": ""no"", ""indoor_seating"": ""yes"", ""level"": ""1"", ""microbrewery"": ""yes"", ""name"": ""Crank Arm Brewing"", ""opening_hours"": ""Mo-Tu 14:00-22:00; We-Th 14:00-24:00; Fr-Sa 12:00-24:00; Su 12:00-22:00"", ""outdoor_seating"": ""yes"", ""phone"": ""+1-919-324-3529"", ""website"": ""https://crankarmbrewing.com/durham/"", ""wheelchair"": ""yes""}"
DUR-01,node,13917907872,Bull City Veterinary Hospital,amenity,veterinary,Point,retained:named_poi,"{""addr:city"": ""Durham"", ""addr:housenumber"": ""605"", ""addr:postcode"": ""27701"", ""addr:state"": ""NC"", ""addr:street"": ""Fernway Avenue"", ""amenity"": ""veterinary"", ""contact:facebook"": ""https://www.facebook.com/bullcityveterinaryhospital"", ""contact:instagram"": ""https://www.instagram.com/Bullcityvethospital/"", ""fax"": ""+1-919-973-3433"", ""level"": ""1"", ""name"": ""Bull City Veterinary Hospital"", ""opening_hours"": ""Mo-Fr 08:00-17:30"", ""phone"": ""+1-919-589-4952"", ""website"": ""https://bullcityveterinary.com/"", ""wheelchair"": ""yes""}"
DUR-01,node,13988589501,Ment Beverage Co.,craft,brewery,Point,retained:named_poi,"{""addr:housenumber"": ""312"", ""addr:postcode"": ""27701"", ""addr:street"": ""Blackwell Street"", ""check_date"": ""2026-07-03"", ""craft"": ""brewery"", ""name"": ""Ment Beverage Co."", ""website"": ""https://www.mentbev.com/""}"
DUR-01,node,14051458101,M Hansik,amenity,restaurant,Point,retained:named_poi,"{""addr:housenumber"": ""501"", ""addr:street"": ""Washington Street"", ""amenity"": ""restaurant"", ""contact:instagram"": ""mhansik_durham"", ""cuisine"": ""korean"", ""email"": ""mhansikdurham@gmail.com"", ""name"": ""M Hansik"", ""phone"": ""+19198132338"", ""self_service"": ""no"", ""website"": ""https://mhansik.m-restaurants.com"", ""website:menu"": ""https://mhansik.m-restaurants.com/food-menu""}"
DUR-01,node,14051458201,West End Billiards,amenity,bar,Point,retained:named_poi,"{""addr:city"": ""Durham"", ""addr:housenumber"": ""601"", ""addr:postcode"": ""27701"", ""addr:state"": ""NC"", ""addr:street"": ""West Main Street"", ""addr:unit"": ""A"", ""amenity"": ""bar"", ""name"": ""West End Billiards"", ""opening_hours"": ""Mo-Fr 17:00-26:00; Sa-Su 12:00-26:00"", ""sport"": ""billiards;darts;shuffleboard"", ""website"": ""https://www.westenddurham.com/billiards""}"
DUR-01,node,14175532084,West End Wine Bar,amenity,bar,Point,retained:named_poi,"{""addr:city"": ""Durham"", ""addr:housenumber"": ""601"", ""addr:postcode"": ""27701"", ""addr:state"": ""NC"", ""addr:street"": ""West Main Street"", ""addr:unit"": ""101"", ""alt_name"": ""West End Social"", ""amenity"": ""bar"", ""brewery"": ""yes"", ""name"": ""West End Wine Bar"", ""opening_hours"": ""Mo-Su 15:00-25:00"", ""website"": ""https://www.westenddurham.com/social""}"
DUR-01,node,14183935601,,amenity,bicycle_parking,Point,low_value_category,"{""amenity"": ""bicycle_parking""}"
DUR-01,way,16521704,NS Danville District H Line,railway,rail,Point,railway_track_infrastructure,"{""bridge"": ""yes"", ""electrified"": ""no"", ""gauge"": ""1435"", ""layer"": ""1"", ""maxspeed"": ""55 mph"", ""name"": ""NS Danville District H Line"", ""old_railway_operator"": ""Southern"", ""operator"": ""Norfolk Southern Railway"", ""operator:wikidata"": ""Q1321054"", ""owner"": ""North Carolina Railroad"", ""railway"": ""rail"", ""railway:ctc"": ""yes"", ""railway:etms"": ""yes"", ""railway:preferred_direction"": ""both"", ""railway:ptc"": ""yes"", ""railway:rail"": ""continuous"", ""railway:track_class"": ""4"", ""railway_milepost"": ""H"", ""ref"": ""03 H"", ""usage"": ""main""}"
DUR-01,way,27285504,Chapel Hill Street Garage,amenity,parking,Point,low_value_category,"{""access"": ""yes"", ""amenity"": ""parking"", ""building"": ""yes"", ""capacity"": ""328"", ""fee"": ""yes"", ""name"": ""Chapel Hill Street Garage"", ""parking"": ""multi-storey"", ""payment:coins"": ""yes"", ""surface"": ""concrete""}"
DUR-01,way,27287732,North Parking Deck,amenity,parking,Point,low_value_category,"{""access"": ""yes"", ""addr:city"": ""Durham"", ""addr:housenumber"": ""305"", ""addr:postcode"": ""27701"", ""addr:street"": ""West Pettigrew Street"", ""amenity"": ""parking"", ""building"": ""yes"", ""building:levels"": ""4"", ""fee"": ""yes"", ""name"": ""North Parking Deck"", ""parking"": ""multi-storey"", ""website"": ""https://www.americantobaccohistoricdistrict.com/parking""}"
DUR-01,way,27466139,NS Danville District H Line,railway,rail,Point,railway_track_infrastructure,"{""electrified"": ""no"", ""gauge"": ""1435"", ""maxspeed"": ""55 mph"", ""name"": ""NS Danville District H Line"", ""old_railway_operator"": ""Southern"", ""operator"": ""Norfolk Southern Railway"", ""operator:wikidata"": ""Q1321054"", ""owner"": ""North Carolina Railroad"", ""railway"": ""rail"", ""railway:ctc"": ""yes"", ""railway:etms"": ""yes"", ""railway:preferred_direction"": ""both"", ""railway:ptc"": ""yes"", ""railway:rail"": ""continuous"", ""railway:track_class"": ""4"", ""railway_milepost"": ""H"", ""ref"": ""03 H"", ""usage"": ""main""}"
DUR-01,way,27473076,South Parking Deck,amenity,parking,Point,low_value_category,"{""addr:city"": ""Durham"", ""addr:housenumber"": ""705"", ""addr:postcode"": ""27701"", ""addr:street"": ""Willard Street"", ""amenity"": ""parking"", ""building"": ""yes"", ""building:levels"": ""5"", ""name"": ""South Parking Deck"", ""parking"": ""multi-storey"", ""website"": ""https://www.americantobaccohistoricdistrict.com/parking""}"
DUR-01,way,28831217,Corcoran Street Garage and Lot,amenity,parking,Point,low_value_category,"{""access"": ""yes"", ""addr:city"": ""Durham"", ""addr:housename"": ""Corcoran Street Garage and Lot"", ""addr:housenumber"": ""101"", ""addr:street"": ""East Corcoran St."", ""amenity"": ""parking"", ""building"": ""parking"", ""building:levels"": ""5"", ""capacity"": ""658"", ""fee"": ""yes"", ""name"": ""Corcoran Street Garage and Lot"", ""opening_hours"": ""24/7"", ""parking"": ""multi-storey"", ""roof:levels"": ""0"", ""wheelchair"": ""yes""}"
DUR-01,way,29070245,Durham School of the Arts,amenity,school,Point,retained:named_poi,"{""addr:housenumber"": ""400"", ""addr:postcode"": ""27701"", ""addr:state"": ""NC"", ""addr:street"": ""North Duke Street"", ""amenity"": ""school"", ""check_date"": ""2026-01-16"", ""name"": ""Durham School of the Arts"", ""phone"": ""+1-919-560-3926"", ""source:addr"": ""Durham Open Data"", ""website"": ""https://www.dpsnc.net/o/durhamschoolofthearts"", ""wikidata"": ""Q5316558""}"
DUR-01,way,30284476,Brightleaf Square,shop,mall,Point,retained:named_poi,"{""addr:city"": ""Durham"", ""addr:country"": ""US"", ""addr:housenumber"": ""905"", ""addr:postcode"": ""27701"", ""addr:state"": ""NC"", ""addr:street"": ""West Main Street"", ""building"": ""yes"", ""name"": ""Brightleaf Square"", ""shop"": ""mall"", ""source:addr"": ""Durham Open Data""}"
DUR-01,way,30284503,Brightleaf Square,shop,yes,Point,retained:named_poi,"{""addr:city"": ""Durham"", ""addr:country"": ""US"", ""addr:housenumber"": ""905"", ""addr:street"": ""West Main Street"", ""building"": ""yes"", ""name"": ""Brightleaf Square"", ""shop"": ""yes""}"
DUR-01,way,30284516,,amenity,parking,Point,low_value_category,"{""amenity"": ""parking"", ""parking"": ""surface"", ""surface"": ""asphalt""}"
DUR-01,way,30284526,,amenity,parking,Point,low_value_category,"{""amenity"": ""parking"", ""parking"": ""surface""}"
DUR-01,way,30284557,,amenity,parking,Point,low_value_category,"{""access"": ""yes"", ""amenity"": ""parking"", ""fee"": ""yes"", ""parking"": ""surface"", ""surface"": ""asphalt""}"
DUR-01,way,30316765,Durham Centre,amenity,parking,Point,low_value_category,"{""access"": ""private"", ""addr:city"": ""Durham"", ""addr:housenumber"": ""400"", ""addr:postcode"": ""27701"", ""addr:state"": ""NC"", ""addr:street"": ""Foster Street"", ""amenity"": ""parking"", ""operator"": ""Durham Centre"", ""park_ride"": ""no"", ""parking"": ""surface"", ""source:addr"": ""Durham Open Data"", ""supervised"": ""yes"", ""surface"": ""asphalt""}"
DUR-01,way,30425054,,amenity,parking,Point,low_value_category,"{""addr:city"": ""Durham"", ""addr:housenumber"": ""412"", ""addr:postcode"": ""27701"", ""addr:state"": ""NC"", ""addr:street"": ""Morris Street"", ""amenity"": ""parking"", ""parking"": ""surface"", ""source:addr"": ""Durham Open Data""}"
DUR-01,way,30806714,Bull McCabe's Irish Pub,amenity,pub,Point,retained:named_poi,"{""addr:city"": ""Durham"", ""addr:country"": ""US"", ""addr:housenumber"": ""415;427"", ""addr:postcode"": ""27701"", ""addr:state"": ""NC"", ""addr:street"": ""West Main Street"", ""amenity"": ""pub"", ""building"": ""retail"", ""check_date"": ""2025-12-14"", ""contact:instagram"": ""https://www.instagram.com/bullmccabesdnc"", ""layer"": ""1"", ""name"": ""Bull McCabe's Irish Pub"", ""phone"": ""+1-919-682-3061"", ""source:addr"": ""Durham Open Data"", ""website"": ""https://www.bullmccabesirishpub.com/""}"
DUR-01,way,30806812,,amenity,parking,Point,low_value_category,"{""amenity"": ""parking""}"
DUR-01,way,30806909,,leisure,pitch,Point,unnamed_pitch,"{""leisure"": ""pitch"", ""lit"": ""yes"", ""sport"": ""baseball;softball"", ""surface"": ""grass""}"
DUR-01,way,30807012,Hicks Warehouse,historic,warehouse,Point,retained:named_poi,"{""addr:city"": ""Durham"", ""addr:housenumber"": ""212"", ""addr:postcode"": ""27701"", ""addr:state"": ""NC"", ""addr:street"": ""North Duke Street"", ""building"": ""warehouse"", ""building:flats"": ""66"", ""building:levels"": ""2"", ""building:material"": ""brick"", ""building:use"": ""apartments"", ""construction_date"": ""1900"", ""historic"": ""warehouse"", ""name"": ""Hicks Warehouse"", ""operator"": ""West Village"", ""roof:levels"": ""1"", ""smoking"": ""no""}"
DUR-01,way,30807051,Toms Warehouse,historic,warehouse,Point,retained:named_poi,"{""addr:city"": ""Durham"", ""addr:housenumber"": ""210"", ""addr:postcode"": ""27701"", ""addr:state"": ""NC"", ""addr:street"": ""North Duke Street"", ""building"": ""warehouse"", ""building:flats"": ""68"", ""building:levels"": ""2"", ""building:material"": ""brick"", ""building:use"": ""apartments"", ""construction_date"": ""1903"", ""historic"": ""warehouse"", ""name"": ""Toms Warehouse"", ""operator"": ""West Village"", ""roof:levels"": ""1"", ""smoking"": ""no"", ""source:addr"": ""Durham Open Data""}"
DUR-01,way,30840589,North Carolina State Employee Credit Union,amenity,bank,Point,retained:named_poi,"{""addr:city"": ""Durham"", ""addr:housenumber"": ""504"", ""addr:postcode"": ""27701"", ""addr:state"": ""NC"", ""addr:street"": ""South Duke Street"", ""amenity"": ""bank"", ""atm"": ""yes"", ""building"": ""yes"", ""name"": ""North Carolina State Employee Credit Union"", ""source:addr"": ""Durham Open Data""}"
DUR-01,way,30840697,Durham Bookcases & Other Cool Wood Stuff,shop,furniture,Point,retained:named_poi,"{""addr:city"": ""Durham"", ""addr:housenumber"": ""301"", ""addr:postcode"": ""27701"", ""addr:state"": ""NC"", ""addr:street"": ""South Duke Street"", ""building"": ""yes"", ""name"": ""Durham Bookcases & Other Cool Wood Stuff"", ""shop"": ""furniture"", ""source:addr"": ""Durham Open Data""}"
DUR-01,way,30840998,Duke Memorial United Methodist Church,amenity,place_of_worship,Point,retained:named_poi,"{""addr:city"": ""Durham"", ""addr:housenumber"": ""307"", ""addr:postcode"": ""27701"", ""addr:state"": ""NC"", ""addr:street"": ""South Gregson Street"", ""amenity"": ""place_of_worship"", ""building"": ""yes"", ""denomination"": ""methodist"", ""ele"": ""125"", ""gnis:feature_id"": ""2454342"", ""name"": ""Duke Memorial United Methodist Church"", ""religion"": ""christian"", ""source:addr"": ""Durham Open Data"", ""wikidata"": ""Q5312831""}"
DUR-01,way,30841024,Mateo,amenity,restaurant,Point,retained:named_poi,"{""addr:city"": ""Durham"", ""addr:housenumber"": ""109"", ""addr:postcode"": ""27701"", ""addr:state"": ""NC"", ""addr:street"": ""West Chapel Hill Street"", ""amenity"": ""restaurant"", ""building"": ""yes"", ""cuisine"": ""tapas"", ""name"": ""Mateo"", ""opening_hours"": ""Tu-Th 11:30-14:30, 17:00-22:30;Fr 11:30-14:30, 17:00- 24:00;Sa 17:00-24:00;Su 17:00-21:30"", ""phone"": ""+1-919-530-8700"", ""source:addr"": ""Durham Open Data"", ""website"": ""https://mateotapas.com/""}"
DUR-01,way,30885922,Indigo Montessori,amenity,school,Point,retained:named_poi,"{""addr:city"": ""Durham"", ""addr:housenumber"": ""1101"", ""addr:postcode"": ""27701"", ""addr:state"": ""NC"", ""addr:street"": ""West Main Street"", ""amenity"": ""school"", ""building"": ""yes"", ""name"": ""Indigo Montessori"", ""source:addr"": ""Durham Open Data""}"
DUR-01,way,30885936,Skewers Bar and Grill,amenity,restaurant,Point,retained:named_poi,"{""addr:city"": ""Durham"", ""addr:country"": ""US"", ""addr:housenumber"": ""1013"", ""addr:street"": ""West Main Street"", ""amenity"": ""restaurant"", ""building"": ""yes"", ""name"": ""Skewers Bar and Grill"", ""website"": ""https://www.skewersbarandgrill.com/""}"
DUR-01,way,30885951,The Living Room,amenity,bar,Point,retained:named_poi,"{""addr:city"": ""Durham"", ""addr:country"": ""US"", ""addr:housenumber"": ""1007"", ""addr:street"": ""West Main Street"", ""alt_name"": ""Social Gameroom & Tap"", ""amenity"": ""bar"", ""building"": ""retail"", ""name"": ""The Living Room"", ""opening_hours"": ""Mo-Su 16:30-02:00"", ""smoking"": ""outside"", ""source"": ""https://www.facebook.com/thesocialdurham/info?tab=page_info"", ""website"": ""http://www.socialdurham.com"", ""wheelchair"": ""yes""}"
DUR-01,way,30886159,Flowers Building,historic,warehouse,Point,retained:named_poi,"{""addr:city"": ""Durham"", ""addr:housenumber"": ""610"", ""addr:postcode"": ""27701"", ""addr:state"": ""NC"", ""addr:street"": ""West Morgan Street"", ""building"": ""warehouse"", ""building:flats"": ""82"", ""building:levels"": ""4"", ""building:material"": ""brick"", ""building:use"": ""apartments"", ""construction_date"": ""1916"", ""historic"": ""warehouse"", ""name"": ""Flowers Building"", ""operator"": ""West Village"", ""smoking"": ""no"", ""source:addr"": ""Durham Open Data""}"
DUR-01,way,30886191,Imperial Tobacco,historic,building,Point,retained:named_poi,"{""addr:city"": ""Durham"", ""addr:housenumber"": ""605"", ""addr:postcode"": ""27701"", ""addr:state"": ""NC"", ""addr:street"": ""Fernway Avenue"", ""building"": ""yes"", ""historic"": ""building"", ""name"": ""Imperial Tobacco"", ""source:addr"": ""Durham Open Data""}"
DUR-01,way,30886227,PNC Bank,amenity,bank,Point,retained:named_poi,"{""addr:city"": ""Durham"", ""addr:housenumber"": ""500"", ""addr:postcode"": ""27701"", ""addr:state"": ""NC"", ""addr:street"": ""West Morgan Street"", ""amenity"": ""bank"", ""atm"": ""yes"", ""brand"": ""PNC Bank"", ""brand:wikidata"": ""Q38928"", ""building"": ""yes"", ""name"": ""PNC Bank"", ""opening_hours"": ""Tu-Th 09:00-17:00; Fr 09:00-18:00"", ""phone"": ""+1-919-687-3700"", ""website"": ""https://www.pnc.com/MapQuest/mqlocator/MapQuestLocationDetail?key=00818040"", ""wheelchair"": ""yes""}"
DUR-01,way,30886281,The History Hub Museum,tourism,museum,Point,retained:named_poi,"{""addr:city"": ""Durham"", ""addr:housenumber"": ""521"", ""addr:postcode"": ""27701"", ""addr:state"": ""NC"", ""addr:street"": ""West Morgan Street"", ""building"": ""yes"", ""name"": ""The History Hub Museum"", ""operator"": ""Museum of Durham History"", ""source:addr"": ""Durham Open Data"", ""tourism"": ""museum"", ""wheelchair"": ""yes""}"
DUR-01,way,30886366,Durham Marriott City Center,tourism,hotel,Point,retained:named_poi,"{""addr:city"": ""Durham"", ""addr:housenumber"": ""201"", ""addr:postcode"": ""27701"", ""addr:state"": ""NC"", ""addr:street"": ""Foster Street"", ""air_conditioning"": ""yes"", ""brand"": ""Marriott"", ""brand:wikidata"": ""Q3918608"", ""building"": ""hotel"", ""check_date"": ""2025-12-14"", ""fax"": ""+1-919-768-6037"", ""internet_access"": ""wlan"", ""internet_access:fee"": ""no"", ""name"": ""Durham Marriott City Center"", ""operator"": ""Marriott"", ""phone"": ""+1-919-768-6000"", ""tourism"": ""hotel"", ""website"": ""https://www.marriott.com/hotels/travel/rducv-durham-marriott-convention-center/""}"
DUR-01,way,30980020,Carolina Theatre,amenity,theatre,Point,retained:named_poi,"{""addr:city"": ""Durham"", ""addr:housenumber"": ""309"", ""addr:postcode"": ""27701"", ""addr:state"": ""NC"", ""addr:street"": ""West Morgan Street"", ""amenity"": ""theatre"", ""building"": ""yes"", ""check_date"": ""2025-12-14"", ""name"": ""Carolina Theatre"", ""source:addr"": ""Durham Open Data"", ""wikidata"": ""Q4453422""}"
DUR-01,way,30980030,Durham Arts Council,amenity,arts_centre,Point,retained:named_poi,"{""addr:housenumber"": ""120"", ""addr:postcode"": ""27701"", ""addr:street"": ""Morris Street"", ""amenity"": ""arts_centre"", ""building"": ""yes"", ""name"": ""Durham Arts Council"", ""website"": ""https://durhamarts.org/""}"
DUR-01,way,30980036,Unscripted Hotel,tourism,hotel,Point,retained:named_poi,"{""building"": ""yes"", ""name"": ""Unscripted Hotel"", ""tourism"": ""hotel""}"
DUR-01,way,31345285,The Federal,amenity,pub,Point,retained:named_poi,"{""addr:city"": ""Durham"", ""addr:housenumber"": ""914"", ""addr:postcode"": ""27701"", ""addr:state"": ""NC"", ""addr:street"": ""West Main Street"", ""amenity"": ""pub"", ""building"": ""retail"", ""name"": ""The Federal"", ""source:addr"": ""Durham Open Data""}"
DUR-01,way,31345296,Shooter's,amenity,bar,Point,retained:named_poi,"{""addr:city"": ""Durham"", ""addr:country"": ""US"", ""addr:housenumber"": ""827"", ""addr:postcode"": ""27701"", ""addr:state"": ""NC"", ""addr:street"": ""West Main Street"", ""amenity"": ""bar"", ""building"": ""retail"", ""name"": ""Shooter's"", ""source:addr"": ""Durham Open Data"", ""survey:date"": ""2014-06-01""}"
DUR-01,way,31345342,Rose's Meat Market and Sweet Shop,amenity,restaurant,Point,retained:named_poi,"{""addr:city"": ""Durham"", ""addr:housenumber"": ""121"", ""addr:postcode"": ""27701"", ""addr:state"": ""NC"", ""addr:street"": ""North Gregson Street"", ""amenity"": ""restaurant"", ""building"": ""yes"", ""check_date"": ""2026-06-15"", ""check_date:opening_hours"": ""2026-06-15"", ""contact:facebook"": ""RosesDurhamNC"", ""name"": ""Rose's Meat Market and Sweet Shop"", ""opening_hours"": ""Th-Fr 11:00-21:00; Sa 11:00-21:30; Su 10:00-17:00"", ""phone"": ""+1 919-797-2233"", ""source:addr"": ""Durham Open Data"", ""website"": ""https://rosesdurham.com/""}"
DUR-01,way,31345349,Maverick's Smokehouse and Taproom,amenity,restaurant,Point,retained:named_poi,"{""addr:city"": ""Durham"", ""addr:country"": ""US"", ""addr:housenumber"": ""900"", ""addr:postcode"": ""27701"", ""addr:state"": ""NC"", ""addr:street"": ""West Main Street"", ""amenity"": ""restaurant"", ""building"": ""retail"", ""cuisine"": ""barbecue"", ""name"": ""Maverick's Smokehouse and Taproom"", ""opening_hours"": ""Mo-Su 11:20-02:00"", ""outdoor_seating"": ""yes"", ""source:addr"": ""Durham Open Data"", ""website"": ""https://www.maverickssmokehouse.com/""}"
DUR-01,way,31345379,Devine's Sports Bar,amenity,bar,Point,retained:named_poi,"{""addr:city"": ""Durham"", ""addr:housenumber"": ""904"", ""addr:postcode"": ""27701"", ""addr:state"": ""NC"", ""addr:street"": ""West Main Street"", ""amenity"": ""bar"", ""building"": ""retail"", ""name"": ""Devine's Sports Bar"", ""source:addr"": ""Durham Open Data""}"
DUR-01,way,31350058,Goorsha,amenity,restaurant,Point,retained:named_poi,"{""addr:city"": ""Durham"", ""addr:housenumber"": ""910"", ""addr:postcode"": ""27701"", ""addr:state"": ""NC"", ""addr:street"": ""West Main Street"", ""amenity"": ""restaurant"", ""building"": ""retail"", ""cuisine"": ""ethiopian"", ""name"": ""Goorsha"", ""source:addr"": ""Durham Open Data""}"
DUR-01,way,31350117,Residence Inn Durham McPherson/Duke University Medical Center Area,tourism,hotel,Point,retained:named_poi,"{""addr:city"": ""Durham"", ""addr:housenumber"": ""1110"", ""addr:postcode"": ""27701"", ""addr:state"": ""NC"", ""addr:street"": ""West Main Street"", ""branch"": ""Durham McPherson/Duke University Medical Center Area"", ""brand"": ""Residence Inn"", ""brand:wikidata"": ""Q7315394"", ""building"": ""yes"", ""name"": ""Residence Inn Durham McPherson/Duke University Medical Center Area"", ""official_name"": ""Residence Inn by Marriott"", ""phone"": ""+1 919-680-4440"", ""ref"": ""RDUDD"", ""tourism"": ""hotel"", ""website"": ""https://www.marriott.com/rdudd""}"
DUR-01,way,31350165,,amenity,funeral_directors,Point,unnamed_not_inherently_meaningful,"{""addr:city"": ""Durham"", ""addr:housenumber"": ""1113"", ""addr:postcode"": ""27701"", ""addr:state"": ""NC"", ""addr:street"": ""West Main Street"", ""amenity"": ""funeral_directors"", ""building"": ""yes"", ""source:addr"": ""Durham Open Data""}"
DUR-01,way,32118671,Downtown YMCA,leisure,sports_centre,Point,retained:named_poi,"{""addr:housenumber"": ""218"", ""addr:postcode"": ""27703"", ""addr:street"": ""Morgan Street"", ""brand"": ""YMCA"", ""brand:wikidata"": ""Q157169"", ""building"": ""yes"", ""leisure"": ""sports_centre"", ""name"": ""Downtown YMCA"", ""operator"": ""YMCA""}"
DUR-01,way,32118683,Mr. Tire,shop,car_parts,Point,retained:named_poi,"{""addr:city"": ""Durham"", ""addr:country"": ""US"", ""addr:housenumber"": ""204"", ""addr:postcode"": ""27701"", ""addr:state"": ""NC"", ""addr:street"": ""West Morgan Street"", ""brand"": ""Mr. Tire"", ""brand:wikidata"": ""Q6929249"", ""building"": ""yes"", ""name"": ""Mr. Tire"", ""shop"": ""car_parts"", ""survey:date"": ""2014-06-01""}"
DUR-01,way,32118755,The Durham Hotel,tourism,hotel,Point,retained:named_poi,"{""addr:city"": ""Durham"", ""addr:housenumber"": ""315"", ""addr:postcode"": ""27701"", ""addr:state"": ""NC"", ""addr:street"": ""East Chapel Hill Street"", ""building"": ""yes"", ""name"": ""The Durham Hotel"", ""tourism"": ""hotel""}"
DUR-01,way,32118811,United States Postal Service - Durham,amenity,post_office,Point,retained:named_poi,"{""addr:city"": ""Durham"", ""addr:housenumber"": ""323"", ""addr:postcode"": ""27701"", ""addr:state"": ""NC"", ""addr:street"": ""East Chapel Hill Street"", ""amenity"": ""post_office"", ""building"": ""yes"", ""ele"": ""123"", ""gnis:feature_id"": ""2455243"", ""image"": ""https://s3-media0.fl.yelpcdn.com/bphoto/T_nmrtdQZemRARArt48kIw/348s.jpg"", ""name"": ""United States Postal Service - Durham"", ""opening_hours"": ""Mo-Fr 09:00-17:00"", ""operator"": ""United States Postal Service"", ""operator:short"": ""USPS"", ""operator:type"": ""public"", ""operator:wikidata"": ""Q668687"", ""website"": ""https://tools.usps.com/locations/details/1438143""}"
DUR-01,way,32347980,Durham Central Jail,amenity,prison,Point,retained:named_poi,"{""addr:city"": ""Durham"", ""addr:housenumber"": ""219"", ""addr:postcode"": ""27701"", ""addr:state"": ""NC"", ""addr:street"": ""South Mangum Street"", ""amenity"": ""prison"", ""building"": ""yes"", ""building:levels"": ""8"", ""name"": ""Durham Central Jail"", ""source:addr"": ""Durham Open Data""}"
DUR-01,way,32348044,Durham County Library - Main Library,amenity,library,Point,retained:named_poi,"{""addr:city"": ""Durham"", ""addr:country"": ""US"", ""addr:county"": ""Durham"", ""addr:housenumber"": ""300"", ""addr:postcode"": ""27701"", ""addr:state"": ""NC"", ""addr:street"": ""North Roxboro Street"", ""amenity"": ""library"", ""building"": ""yes"", ""name"": ""Durham County Library - Main Library"", ""nat_ref"": ""C-DURHAM-D;C-DURHAM-B"", ""opening_hours"": ""Mo-We 09:30-20:00; Th-Sa 09:30-18:00; Su 13:00-18:00"", ""operator"": ""Durham County Government"", ""operator:type"": ""public"", ""phone"": ""+1 919-560-0100;+1 919-560-0155"", ""website"": ""https://durhamcountylibrary.org/""}"
DUR-01,way,32695858,Durham City Hall,amenity,townhall,Point,retained:named_poi,"{""addr:city"": ""Durham"", ""addr:housenumber"": ""101"", ""addr:postcode"": ""27701"", ""addr:state"": ""NC"", ""addr:street"": ""City Hall Plaza"", ""amenity"": ""townhall"", ""building"": ""yes"", ""name"": ""Durham City Hall"", ""opening_hours"": ""Mo-Fr 08:00-17:00"", ""source:addr"": ""Durham Open Data""}"
DUR-01,way,33052066,Old North Durham Park,leisure,park,Point,representative_point_outside_region,"{""access"": ""yes"", ""addr:city"": ""Durham"", ""addr:country"": ""US"", ""addr:housenumber"": ""310"", ""addr:postcode"": ""27701"", ""addr:state"": ""NC"", ""addr:street"": ""West Geer Street"", ""leisure"": ""park"", ""name"": ""Old North Durham Park"", ""nconemap:OWNER"": ""DURHAM"", ""operator"": ""Durham Parks and Recreation"", ""ownership"": ""municipal"", ""source"": ""https://gis-durhamnc.opendata.arcgis.com/datasets/parks/data""}"
DUR-01,way,33052346,Durham Athletic Park,leisure,stadium,Point,retained:named_poi,"{""access"": ""yes"", ""addr:city"": ""Durham"", ""addr:country"": ""US"", ""addr:housenumber"": ""500"", ""addr:postcode"": ""27701"", ""addr:state"": ""NC"", ""addr:street"": ""Corporation Street"", ""leisure"": ""stadium"", ""name"": ""Durham Athletic Park"", ""nconemap:OWNER"": ""DURHAM CITY/COUNTY"", ""operator"": ""Durham Parks and Recreation"", ""source"": ""NCOnemap"", ""wikidata"": ""Q5316463"", ""wikipedia"": ""en:Durham Athletic Park""}"
DUR-01,way,33052758,Oakwood Park,leisure,park,Point,representative_point_outside_region,"{""access"": ""yes"", ""addr:city"": ""Durham"", ""addr:country"": ""US"", ""addr:housenumber"": ""411"", ""addr:postcode"": ""27701"", ""addr:state"": ""NC"", ""addr:street"": ""Holloway Street"", ""leisure"": ""park"", ""name"": ""Oakwood Park"", ""operator"": ""Durham Parks and Recreation"", ""source"": ""NCOnemap""}"
DUR-01,way,34134056,Bull City Burger,amenity,restaurant,Point,retained:named_poi,"{""addr:city"": ""Durham"", ""addr:country"": ""US"", ""addr:housenumber"": ""107"", ""addr:postcode"": ""27701"", ""addr:street"": ""East Parrish Street"", ""air_conditioning"": ""yes"", ""amenity"": ""restaurant"", ""building"": ""yes"", ""cuisine"": ""burger"", ""diet:vegetarian"": ""yes"", ""name"": ""Bull City Burger"", ""opening_hours"": ""Mo-Th 11:11-22:00; Fr-Sa 11:11-23:00; Su 11:11-20:00"", ""phone"": ""+1 919 680 2333"", ""website"": ""http://bullcityburgerandbrewery.com"", ""wheelchair"": ""yes""}"
DUR-01,way,34415865,First Presbyterian Church,amenity,place_of_worship,Point,retained:named_poi,"{""addr:city"": ""Durham"", ""addr:housenumber"": ""305"", ""addr:postcode"": ""27701"", ""addr:state"": ""NC"", ""addr:street"": ""East Main Street"", ""amenity"": ""place_of_worship"", ""building"": ""yes"", ""ele"": ""123"", ""gnis:feature_id"": ""2454732"", ""name"": ""First Presbyterian Church"", ""religion"": ""christian"", ""source:addr"": ""Durham Open Data""}"
DUR-01,way,34415878,First Baptist Church,amenity,place_of_worship,Point,retained:named_poi,"{""amenity"": ""place_of_worship"", ""building"": ""yes"", ""denomination"": ""baptist"", ""name"": ""First Baptist Church"", ""religion"": ""christian""}"
DUR-01,way,34415895,Durham Fire Station Number 1,amenity,fire_station,Point,retained:named_poi,"{""addr:state"": ""NC"", ""amenity"": ""fire_station"", ""building"": ""yes"", ""ele"": ""124"", ""gnis:feature_id"": ""2454647"", ""name"": ""Durham Fire Station Number 1"", ""source"": ""USGS Geonames""}"
DUR-01,way,36887968,Accent Hardwood Flooring,shop,doityourself,Point,retained:named_poi,"{""addr:city"": ""Durham"", ""addr:country"": ""US"", ""addr:housenumber"": ""601"", ""addr:postcode"": ""27701"", ""addr:state"": ""NC"", ""addr:street"": ""Foster Street"", ""building"": ""yes"", ""name"": ""Accent Hardwood Flooring"", ""shop"": ""doityourself"", ""website"": ""http://accenthardwoodflooring.com""}"
DUR-01,way,36887978,The Rickhouse,amenity,events_venue,Point,retained:named_poi,"{""addr:city"": ""Durham"", ""addr:housenumber"": ""609"", ""addr:postcode"": ""27701"", ""addr:state"": ""NC"", ""addr:street"": ""Foster Street"", ""amenity"": ""events_venue"", ""building"": ""yes"", ""name"": ""The Rickhouse"", ""source:addr"": ""Durham Open Data""}"
DUR-01,way,36888000,Bull City Running Company,shop,clothes,Point,retained:named_poi,"{""addr:city"": ""Durham"", ""addr:housenumber"": ""501"", ""addr:postcode"": ""27701"", ""addr:state"": ""NC"", ""addr:street"": ""Washington Street"", ""addr:unit"": ""D"", ""building"": ""yes"", ""clothes"": ""sports"", ""name"": ""Bull City Running Company"", ""phone"": ""+1-919-748-3218"", ""shop"": ""clothes"", ""source:addr"": ""Durham Open Data"", ""website"": ""https://www.bullcityrunning.com/""}"
DUR-01,way,44481452,Cooperativa Latina,amenity,bank,Point,retained:named_poi,"{""addr:city"": ""Durham"", ""addr:country"": ""US"", ""addr:housenumber"": ""100"", ""addr:postcode"": ""27701"", ""addr:state"": ""NC"", ""addr:street"": ""West Morgan Street"", ""amenity"": ""bank"", ""building"": ""yes"", ""name"": ""Cooperativa Latina"", ""survey:date"": ""2014-06-01""}"
DUR-01,way,44481453,,amenity,parking,Point,low_value_category,"{""amenity"": ""parking"", ""parking"": ""surface""}"
DUR-01,way,44481455,,amenity,parking,Point,low_value_category,"{""amenity"": ""parking"", ""parking"": ""surface""}"
DUR-01,way,45675639,,leisure,pitch,Point,unnamed_pitch,"{""leisure"": ""pitch"", ""sport"": ""athletics""}"
DUR-01,way,45675640,,leisure,pitch,Point,unnamed_pitch,"{""leisure"": ""pitch"", ""lit"": ""yes"", ""sport"": ""soccer""}"
DUR-01,way,57377599,Durham Bulls Athletic Park,leisure,pitch,Point,retained:named_poi,"{""fee"": ""yes"", ""indoor"": ""no"", ""leisure"": ""pitch"", ""lit"": ""yes"", ""name"": ""Durham Bulls Athletic Park"", ""sport"": ""baseball"", ""surface"": ""grass"", ""wheelchair"": ""yes""}"
DUR-01,way,64970907,NS Danville District H Line,railway,rail,Point,railway_track_infrastructure,"{""electrified"": ""no"", ""gauge"": ""1435"", ""maxspeed"": ""55 mph"", ""name"": ""NS Danville District H Line"", ""old_railway_operator"": ""Southern"", ""operator"": ""Norfolk Southern Railway"", ""operator:wikidata"": ""Q1321054"", ""owner"": ""North Carolina Railroad"", ""railway"": ""rail"", ""railway:ctc"": ""yes"", ""railway:etms"": ""yes"", ""railway:preferred_direction"": ""both"", ""railway:ptc"": ""yes"", ""railway:rail"": ""continuous"", ""railway:track_class"": ""4"", ""railway_milepost"": ""H"", ""ref"": ""03 H"", ""usage"": ""main""}"
DUR-01,way,64972028,NS Danville District H Line,railway,rail,Point,railway_track_infrastructure,"{""bridge"": ""yes"", ""electrified"": ""no"", ""gauge"": ""1435"", ""layer"": ""1"", ""maxspeed"": ""55 mph"", ""name"": ""NS Danville District H Line"", ""old_railway_operator"": ""Southern"", ""operator"": ""Norfolk Southern Railway"", ""operator:wikidata"": ""Q1321054"", ""owner"": ""North Carolina Railroad"", ""railway"": ""rail"", ""railway:ctc"": ""yes"", ""railway:etms"": ""yes"", ""railway:preferred_direction"": ""both"", ""railway:ptc"": ""yes"", ""railway:rail"": ""continuous"", ""railway:track_class"": ""4"", ""railway_milepost"": ""H"", ""ref"": ""03 H"", ""usage"": ""main""}"
DUR-01,way,65144876,NS Danville District H Line,railway,rail,Point,railway_track_infrastructure,"{""electrified"": ""no"", ""gauge"": ""1435"", ""maxspeed"": ""55 mph"", ""name"": ""NS Danville District H Line"", ""old_railway_operator"": ""Southern"", ""operator"": ""Norfolk Southern Railway"", ""operator:wikidata"": ""Q1321054"", ""owner"": ""North Carolina Railroad"", ""railway"": ""rail"", ""railway:ctc"": ""yes"", ""railway:etms"": ""yes"", ""railway:preferred_direction"": ""both"", ""railway:ptc"": ""yes"", ""railway:rail"": ""continuous"", ""railway:track_class"": ""4"", ""railway_milepost"": ""H"", ""ref"": ""03 H"", ""usage"": ""main""}"
DUR-01,way,65144881,Criterion,amenity,bar,Point,retained:named_poi,"{""addr:city"": ""Durham"", ""addr:country"": ""US"", ""addr:housenumber"": ""347"", ""addr:postcode"": ""27701"", ""addr:state"": ""NC"", ""addr:street"": ""West Main Street"", ""amenity"": ""bar"", ""building"": ""yes"", ""name"": ""Criterion"", ""url:info"": ""http://www.opendurham.org/buildings/347-351-west-main-street""}"
DUR-01,way,65155395,NS Danville District H Line,railway,rail,Point,railway_track_infrastructure,"{""electrified"": ""no"", ""gauge"": ""1435"", ""maxspeed"": ""55 mph"", ""name"": ""NS Danville District H Line"", ""old_railway_operator"": ""Southern"", ""operator"": ""Norfolk Southern Railway"", ""operator:wikidata"": ""Q1321054"", ""owner"": ""North Carolina Railroad"", ""railway"": ""rail"", ""railway:ctc"": ""yes"", ""railway:etms"": ""yes"", ""railway:preferred_direction"": ""both"", ""railway:ptc"": ""yes"", ""railway:rail"": ""continuous"", ""railway:track_class"": ""4"", ""railway_milepost"": ""H"", ""ref"": ""03 H"", ""usage"": ""main""}"
DUR-01,way,65155397,NS Danville District H Line,railway,rail,Point,railway_track_infrastructure,"{""bridge"": ""yes"", ""bridge:alt_name"": ""11foot8"", ""bridge:name"": ""11 foot 8 Bridge"", ""electrified"": ""no"", ""gauge"": ""1435"", ""layer"": ""1"", ""maxspeed"": ""55 mph"", ""name"": ""NS Danville District H Line"", ""old_railway_operator"": ""Southern"", ""operator"": ""Norfolk Southern Railway"", ""operator:wikidata"": ""Q1321054"", ""owner"": ""North Carolina Railroad"", ""railway"": ""rail"", ""railway:ctc"": ""yes"", ""railway:etms"": ""yes"", ""railway:preferred_direction"": ""both"", ""railway:ptc"": ""yes"", ""railway:rail"": ""continuous"", ""railway:track_class"": ""4"", ""railway_milepost"": ""H"", ""ref"": ""03 H"", ""usage"": ""main""}"
DUR-01,way,65178063,Miel Bon Bons I Fine Chocolate & Macarons l Extraordinary Desserts,shop,bakery,Point,retained:named_poi,"{""addr:city"": ""Durham"", ""addr:housenumber"": ""1011"", ""addr:postcode"": ""27701"", ""addr:state"": ""NC"", ""addr:street"": ""West Main Street"", ""building"": ""yes"", ""name"": ""Miel Bon Bons I Fine Chocolate & Macarons l Extraordinary Desserts"", ""shop"": ""bakery"", ""source:addr"": ""Durham Open Data"", ""website"": ""https://www.mielbonbons.com/""}"
DUR-01,way,65334692,Durham Beltline,railway,abandoned,Point,railway_track_infrastructure,"{""name"": ""Durham Beltline"", ""operator"": ""Norfolk Southern Railway"", ""operator:wikidata"": ""Q1321054"", ""proposed:highway"": ""cycleway"", ""railway"": ""abandoned"", ""service"": ""spur""}"
DUR-01,way,67861976,Central Park,leisure,park,Point,retained:named_poi,"{""addr:city"": ""Durham"", ""addr:country"": ""US"", ""addr:housenumber"": ""502"", ""addr:postcode"": ""27701"", ""addr:state"": ""NC"", ""addr:street"": ""Foster Street"", ""leisure"": ""park"", ""name"": ""Central Park"", ""operator"": ""Durham Parks & Recreation"", ""operator:short"": ""DPR"", ""operator:type"": ""public"", ""operator:wikidata"": ""Q110064011""}"
DUR-01,way,67861979,Central Park,leisure,park,Point,retained:named_poi,"{""addr:city"": ""Durham"", ""addr:country"": ""US"", ""addr:housenumber"": ""502"", ""addr:postcode"": ""27701"", ""addr:state"": ""NC"", ""addr:street"": ""Foster Street"", ""leisure"": ""park"", ""name"": ""Central Park"", ""operator"": ""Durham Parks & Recreation"", ""operator:short"": ""DPR"", ""operator:type"": ""public"", ""operator:wikidata"": ""Q110064011""}"
DUR-01,way,77217047,,leisure,pitch,Point,unnamed_pitch,"{""leisure"": ""pitch"", ""sport"": ""baseball"", ""surface"": ""grass""}"
DUR-01,way,78334473,Kings Sandwich Shop,amenity,fast_food,Point,retained:named_poi,"{""addr:city"": ""Durham"", ""addr:country"": ""US"", ""addr:housenumber"": ""701"", ""addr:postcode"": ""27701"", ""addr:state"": ""NC"", ""addr:street"": ""Foster Street"", ""air_conditioning"": ""no"", ""amenity"": ""fast_food"", ""building"": ""yes"", ""check_date"": ""2025-11-20"", ""cuisine"": ""burger"", ""diet:vegan"": ""yes"", ""diet:vegetarian"": ""yes"", ""drive_through"": ""no"", ""internet_access"": ""no"", ""name"": ""Kings Sandwich Shop"", ""opening_hours"": ""Th-Sa 11:00-16:00"", ""outdoor_seating"": ""yes"", ""payment:cash"": ""yes"", ""payment:credit_cards"": ""yes"", ""payment:debit_cards"": ""yes"", ""survey:date"": ""2014-03-08"", ""toilets"": ""no""}"
DUR-01,way,78334475,,office,yes,Point,unnamed_not_inherently_meaningful,"{""addr:city"": ""Durham"", ""addr:country"": ""US"", ""addr:housenumber"": ""703"", ""addr:postcode"": ""27701"", ""addr:state"": ""NC"", ""addr:street"": ""Foster Street"", ""building"": ""yes"", ""office"": ""yes""}"
DUR-01,way,78334492,Trinity Food Mart #4,shop,convenience,Point,retained:named_poi,"{""addr:city"": ""Durham"", ""addr:housenumber"": ""403"", ""addr:postcode"": ""27701"", ""addr:state"": ""NC"", ""addr:street"": ""West Trinity Avenue"", ""building"": ""yes"", ""check_date"": ""2025-11-25"", ""compressed_air"": ""yes"", ""fuel:diesel"": ""no"", ""fuel:kerosene"": ""no"", ""name"": ""Trinity Food Mart #4"", ""payment:cash"": ""yes"", ""payment:credit_cards"": ""yes"", ""payment:debit_cards"": ""yes"", ""phone"": ""+1-919-688-6758"", ""shop"": ""convenience"", ""source:addr"": ""Durham Open Data"", ""toilets"": ""no""}"
DUR-01,way,78334498,Fire Drill Tower,historic,yes,Point,retained:named_poi,"{""building"": ""yes"", ""historic"": ""yes"", ""man_made"": ""tower"", ""name"": ""Fire Drill Tower"", ""tower:construction"": ""brick"", ""tower:type"": ""firefighter_training""}"
DUR-01,way,79059885,Cocoa Cinnamon,amenity,cafe,Point,retained:named_poi,"{""addr:city"": ""Durham"", ""addr:country"": ""US"", ""addr:housenumber"": ""420"", ""addr:postcode"": ""27701"", ""addr:state"": ""NC"", ""addr:street"": ""West Geer Street"", ""amenity"": ""cafe"", ""building"": ""yes"", ""check_date"": ""2025-11-25"", ""internet_access"": ""wlan"", ""internet_access:fee"": ""customers"", ""name"": ""Cocoa Cinnamon"", ""outdoor_seating"": ""yes"", ""payment:cash"": ""yes"", ""payment:credit_cards"": ""yes"", ""payment:debit_cards"": ""yes"", ""source:addr"": ""Durham Open Data"", ""survey:date"": ""2014-03-08"", ""website"": ""https://www.cocoacinnamon.com/""}"
DUR-01,way,79059889,The PickleBack 2,amenity,bar,Point,retained:named_poi,"{""addr:housenumber"": ""711"", ""addr:street"": ""Rigsbee Avenue"", ""amenity"": ""bar"", ""building"": ""yes"", ""name"": ""The PickleBack 2"", ""website"": ""https://www.thebardurham.com/""}"
DUR-01,way,79059890,Courage Fitness,leisure,fitness_centre,Point,retained:named_poi,"{""addr:city"": ""Durham"", ""addr:housenumber"": ""408"", ""addr:postcode"": ""27701"", ""addr:state"": ""NC"", ""addr:street"": ""West Geer Street"", ""building"": ""yes"", ""leisure"": ""fitness_centre"", ""name"": ""Courage Fitness"", ""source:addr"": ""Durham Open Data""}"
DUR-01,way,79059900,Geer Street Garden,amenity,pub,Point,retained:named_poi,"{""addr:city"": ""Durham"", ""addr:country"": ""US"", ""addr:housenumber"": ""644"", ""addr:postcode"": ""27701"", ""addr:state"": ""NC"", ""addr:street"": ""Foster Street"", ""amenity"": ""pub"", ""building"": ""yes"", ""check_date"": ""2025-11-25"", ""name"": ""Geer Street Garden"", ""outdoor_seating"": ""yes"", ""payment:cash"": ""yes"", ""payment:credit_cards"": ""yes"", ""payment:debit_cards"": ""yes"", ""survey:date"": ""2014-03-08"", ""website"": ""https://geerstreetgarden.com/""}"
DUR-01,way,79059904,,amenity,shelter,Point,low_value_category,"{""amenity"": ""shelter"", ""building"": ""yes""}"
DUR-01,way,79059905,Hutchins Garage,amenity,restaurant,Point,retained:named_poi,"{""amenity"": ""restaurant"", ""building"": ""yes"", ""cuisine"": ""pizza"", ""name"": ""Hutchins Garage""}"
DUR-01,way,79059910,Ellen Cassily Architect,office,architect,Point,retained:named_poi,"{""addr:city"": ""Durham"", ""addr:country"": ""US"", ""addr:housenumber"": ""600"", ""addr:postcode"": ""27701"", ""addr:state"": ""NC"", ""addr:street"": ""Foster Street"", ""building"": ""retail"", ""name"": ""Ellen Cassily Architect"", ""office"": ""architect"", ""website"": ""https://www.ellencassillyarchitect.com/""}"
DUR-01,way,79086570,,amenity,shelter,Point,low_value_category,"{""amenity"": ""shelter"", ""building"": ""yes""}"
DUR-01,way,79086571,The Pit Durham Event Venue,amenity,events_venue,Point,retained:named_poi,"{""addr:city"": ""Durham"", ""addr:housenumber"": ""748"", ""addr:postcode"": ""27701"", ""addr:state"": ""NC"", ""addr:street"": ""Rigsbee Avenue"", ""amenity"": ""events_venue"", ""building"": ""yes"", ""name"": ""The Pit Durham Event Venue"", ""source:addr"": ""Durham Open Data"", ""website"": ""https://www.thepit-durham.com/""}"
DUR-01,way,79086574,Surf Club,amenity,bar,Point,retained:named_poi,"{""addr:city"": ""Durham"", ""addr:housenumber"": ""703"", ""addr:postcode"": ""27701"", ""addr:state"": ""NC"", ""addr:street"": ""Rigsbee Avenue"", ""amenity"": ""bar"", ""building"": ""retail"", ""name"": ""Surf Club"", ""source:addr"": ""Durham Open Data""}"
DUR-01,way,79086576,LGBTQ Center of Durham,amenity,community_centre,Point,retained:named_poi,"{""addr:city"": ""Durham"", ""addr:housenumber"": ""114"", ""addr:postcode"": ""27701"", ""addr:state"": ""NC"", ""addr:street"": ""Hunt Street"", ""amenity"": ""community_centre"", ""building"": ""detached"", ""community_centre:for"": ""lgbtq"", ""email"": ""info@lgbtqcenterofdurham.org"", ""lgbtq"": ""primary"", ""name"": ""LGBTQ Center of Durham"", ""opening_hours"": ""Mo-Fr 14:00-20:00; Sa-Su 12:00-18:00"", ""phone"": ""+1 919 827 1436"", ""source:addr"": ""Durham Open Data"", ""website"": ""https://www.lgbtqcenterofdurham.org/"", ""wheelchair"": ""limited""}"
DUR-01,way,79086590,Hughes Plumbing,shop,hardware,Point,retained:named_poi,"{""addr:city"": ""Durham"", ""addr:housenumber"": ""604"", ""addr:postcode"": ""27701"", ""addr:state"": ""NC"", ""addr:street"": ""Rigsbee Avenue"", ""building"": ""retail"", ""name"": ""Hughes Plumbing"", ""shop"": ""hardware"", ""source:addr"": ""Durham Open Data""}"
DUR-01,way,79086602,Sauna House,leisure,sauna,Point,retained:named_poi,"{""addr:city"": ""Durham"", ""addr:housenumber"": ""326"", ""addr:postcode"": ""27701"", ""addr:state"": ""NC"", ""addr:street"": ""West Geer Street"", ""leisure"": ""sauna"", ""name"": ""Sauna House"", ""source:addr"": ""Durham Open Data""}"
DUR-01,way,79086606,,office,government,Point,unnamed_category_requires_review,"{""addr:city"": ""Durham"", ""addr:housenumber"": ""516"", ""addr:postcode"": ""27701"", ""addr:state"": ""NC"", ""addr:street"": ""Rigsbee Avenue"", ""building"": ""yes"", ""government"": ""public_service"", ""office"": ""government"", ""source:addr"": ""Durham Open Data""}"
DUR-01,way,79087118,Central Park School for Children,amenity,school,Polygon,retained:named_poi,"{""addr:city"": ""Durham"", ""addr:housenumber"": ""724"", ""addr:postcode"": ""27701"", ""addr:state"": ""NC"", ""addr:street"": ""Foster Street"", ""amenity"": ""school"", ""name"": ""Central Park School for Children"", ""source:addr"": ""Durham Open Data"", ""website"": ""http://www.cpscnc.org/""}"
DUR-01,way,80747499,Mangum Street Mini Mart,shop,convenience,Polygon,retained:named_poi,"{""addr:city"": ""Durham"", ""addr:housenumber"": ""801"", ""addr:postcode"": ""27701"", ""addr:state"": ""NC"", ""addr:street"": ""North Mangum Street"", ""building"": ""yes"", ""name"": ""Mangum Street Mini Mart"", ""shop"": ""convenience"", ""source:addr"": ""Durham Open Data""}"
DUR-01,way,99027985,Durham Performing Arts Center,amenity,theatre,Polygon,retained:named_poi,"{""addr:city"": ""Durham"", ""addr:housenumber"": ""123"", ""addr:postcode"": ""27701"", ""addr:state"": ""NC"", ""addr:street"": ""Vivian Street"", ""amenity"": ""theatre"", ""building"": ""yes"", ""building:levels"": ""4"", ""check_date"": ""2026-10-09"", ""name"": ""Durham Performing Arts Center"", ""source:addr"": ""Durham Open Data"", ""wheelchair"": ""yes"", ""wheelchair:description"": ""when buying tickets online & requested disabled wheelchair access, DPAC contacted me to make sure I was being accommodated correctly. they removed orchestra seat & had no problem with wheelchair."", ""wikidata"": ""Q5316543""}"
DUR-01,way,99027988,East Parking Deck,amenity,parking,Polygon,low_value_category,"{""addr:city"": ""Durham"", ""addr:housenumber"": ""250"", ""addr:postcode"": ""27701"", ""addr:state"": ""NC"", ""addr:street"": ""South Mangum Street"", ""amenity"": ""parking"", ""building"": ""yes"", ""building:levels"": ""6"", ""name"": ""East Parking Deck"", ""parking"": ""multi-storey"", ""source:addr"": ""Durham Open Data"", ""website"": ""https://www.americantobaccohistoricdistrict.com/parking""}"
DUR-01,way,99028585,Durham Station Transportation Center,amenity,bus_station,Polygon,retained:named_poi,"{""addr:housename"": ""Durham Station Transportation Center"", ""addr:housenumber"": ""515"", ""addr:postcode"": ""27701"", ""addr:street"": ""W. Pettigrew St."", ""amenity"": ""bus_station"", ""building"": ""station"", ""bus"": ""yes"", ""name"": ""Durham Station Transportation Center"", ""public_transport"": ""station"", ""wheelchair"": ""yes""}"
DUR-01,way,105745466,,amenity,parking,Polygon,low_value_category,"{""amenity"": ""parking"", ""parking"": ""surface"", ""surface"": ""asphalt""}"
DUR-01,way,105745519,,historic,yes,Polygon,unnamed_not_inherently_meaningful,"{""building"": ""yes"", ""historic"": ""yes""}"
DUR-01,way,105745542,,leisure,garden,Polygon,unnamed_not_inherently_meaningful,"{""leisure"": ""garden""}"
DUR-01,way,106521870,,leisure,playground,Polygon,representative_point_outside_region,"{""access"": ""yes"", ""leisure"": ""playground"", ""surface"": ""woodchips""}"
DUR-01,way,106521877,,amenity,parking,Polygon,representative_point_outside_region,"{""access"": ""yes"", ""amenity"": ""parking"", ""fee"": ""no"", ""parking"": ""surface""}"
DUR-01,way,115769503,,amenity,parking,Polygon,low_value_category,"{""access"": ""private"", ""amenity"": ""parking"", ""parking"": ""surface""}"
DUR-01,way,115769504,,amenity,parking,Polygon,low_value_category,"{""access"": ""private"", ""amenity"": ""parking"", ""parking"": ""surface""}"
DUR-01,way,115769505,,amenity,parking,Polygon,low_value_category,"{""addr:city"": ""Durham"", ""addr:housenumber"": ""505"", ""addr:postcode"": ""27701"", ""addr:state"": ""NC"", ""addr:street"": ""South Duke Street"", ""amenity"": ""parking"", ""parking"": ""surface"", ""source:addr"": ""Durham Open Data""}"
DUR-01,way,115769506,,amenity,parking,Polygon,low_value_category,"{""access"": ""private"", ""amenity"": ""parking"", ""parking"": ""surface""}"
DUR-01,way,115769823,,amenity,parking,Polygon,low_value_category,"{""access"": ""private"", ""amenity"": ""parking""}"
DUR-01,way,118815913,Durham Skate Park,leisure,pitch,Polygon,retained:named_poi,"{""access"": ""yes"", ""bicycle"": ""no"", ""leisure"": ""pitch"", ""lit"": ""yes"", ""name"": ""Durham Skate Park"", ""operator"": ""Durham Parks and Recreation"", ""sport"": ""skateboard"", ""surface"": ""concrete""}"
DUR-01,way,119057651,,amenity,parking,Polygon,low_value_category,"{""access"": ""customers"", ""amenity"": ""parking"", ""fee"": ""yes"", ""parking"": ""surface"", ""surface"": ""asphalt""}"
DUR-01,way,119077455,Saint Philips Episcopal Church,amenity,place_of_worship,Polygon,retained:named_poi,"{""addr:city"": ""Durham"", ""addr:housenumber"": ""108"", ""addr:postcode"": ""27701"", ""addr:state"": ""NC"", ""addr:street"": ""North Queen Street"", ""amenity"": ""place_of_worship"", ""building"": ""yes"", ""ele"": ""125"", ""gnis:feature_id"": ""2454998"", ""name"": ""Saint Philips Episcopal Church"", ""religion"": ""christian"", ""source:addr"": ""Durham Open Data""}"
DUR-01,way,119349652,J C's Kitchen,amenity,restaurant,Polygon,retained:named_poi,"{""addr:city"": ""Durham"", ""addr:housenumber"": ""706"", ""addr:postcode"": ""27701"", ""addr:state"": ""NC"", ""addr:street"": ""East Main Street"", ""amenity"": ""restaurant"", ""building"": ""yes"", ""name"": ""J C's Kitchen"", ""source:addr"": ""Durham Open Data""}"
DUR-01,way,119349698,Mezcalito Durham,amenity,restaurant,Polygon,retained:named_poi,"{""addr:city"": ""Durham"", ""addr:housenumber"": ""706"", ""addr:postcode"": ""27701"", ""addr:state"": ""NC"", ""addr:street"": ""Ramseur Street"", ""amenity"": ""restaurant"", ""building"": ""yes"", ""cuisine"": ""mexican"", ""image"": ""https://lh5.googleusercontent.com/p/AF1QipMKsyrLTGiLjXu5SPURmaqvUxaOHM02C2kcuUA=w800-h500-k-no"", ""name"": ""Mezcalito Durham"", ""phone"": ""+1-919-937-9416"", ""website"": ""https://mezcalitogrill.com/menu/mezcalitogrill-durham""}"
DUR-01,way,119349714,The Fruit,amenity,events_venue,Polygon,retained:named_poi,"{""addr:city"": ""Durham"", ""addr:housenumber"": ""305"", ""addr:postcode"": ""27701"", ""addr:state"": ""NC"", ""addr:street"": ""South Dillard Street"", ""amenity"": ""events_venue"", ""building"": ""yes"", ""description"": ""A century ago, this 22,000sf warehouse was known as the Durham Fruit and Produce Company. Today, The Fruit is a social enterprise dedicated to making and experiencing visual and performing arts that include dance, painting, photography, and drama."", ""name"": ""The Fruit"", ""source:addr"": ""Durham Open Data"", ""website"": ""https://www.durhamfruit.com/""}"
DUR-01,way,123482891,,leisure,pitch,Polygon,unnamed_pitch,"{""leisure"": ""pitch"", ""sport"": ""tennis"", ""surface"": ""concrete""}"
DUR-01,way,123482966,,leisure,pitch,Polygon,unnamed_pitch,"{""leisure"": ""pitch"", ""sport"": ""tennis"", ""surface"": ""concrete""}"
DUR-01,way,123482991,,leisure,pitch,Polygon,unnamed_pitch,"{""leisure"": ""pitch"", ""sport"": ""tennis"", ""surface"": ""concrete""}"
DUR-01,way,123483028,,leisure,pitch,Polygon,unnamed_pitch,"{""leisure"": ""pitch"", ""sport"": ""tennis"", ""surface"": ""concrete""}"
DUR-01,way,123483049,,leisure,pitch,Polygon,unnamed_pitch,"{""leisure"": ""pitch"", ""sport"": ""tennis"", ""surface"": ""concrete""}"
DUR-01,way,123483127,,leisure,pitch,Polygon,unnamed_pitch,"{""leisure"": ""pitch"", ""sport"": ""tennis"", ""surface"": ""concrete""}"
DUR-01,way,127665464,Domino's,amenity,fast_food,Polygon,retained:named_poi,"{""addr:city"": ""Durham"", ""addr:housenumber"": ""1209"", ""addr:postcode"": ""27701"", ""addr:state"": ""NC"", ""addr:street"": ""West Main Street"", ""amenity"": ""fast_food"", ""brand"": ""Domino's"", ""brand:wikidata"": ""Q839466"", ""building"": ""yes"", ""cuisine"": ""pizza"", ""diet:vegetarian"": ""yes"", ""name"": ""Domino's"", ""opening_hours"": ""Mo-Th 10:30-24:00; Fr-Sa 10:30-01:00; Su 10:30-24:00"", ""phone"": ""+1 919-682-3030"", ""ref"": ""5503"", ""short_name"": ""Domino's"", ""takeaway"": ""yes"", ""website"": ""https://pizza.dominos.com/north-carolina/durham/1209-west-main-street"", ""wheelchair"": ""no""}"
DUR-01,way,137952246,Black Wall Street Gardens,leisure,park,Polygon,retained:named_poi,"{""leisure"": ""park"", ""name"": ""Black Wall Street Gardens""}"
DUR-01,way,169601609,,railway,abandoned,LineString,representative_point_outside_region,"{""note:old_railway_operator"": ""Durham and South Carolina"", ""old_railway_operator"": ""NS"", ""railway"": ""abandoned""}"
DUR-01,way,170285382,Duke Tower,leisure,swimming_pool,Polygon,retained:named_poi,"{""access"": ""private"", ""covered"": ""no"", ""leisure"": ""swimming_pool"", ""operator"": ""Duke Tower"", ""sport"": ""swimming""}"
DUR-01,way,179905523,,amenity,parking,Polygon,low_value_category,"{""amenity"": ""parking"", ""parking"": ""surface""}"
DUR-01,way,179905524,,amenity,parking,Polygon,low_value_category,"{""amenity"": ""parking""}"
DUR-01,way,179905538,West Village,amenity,parking,Polygon,low_value_category,"{""access"": ""private"", ""addr:city"": ""Durham"", ""addr:housenumber"": ""115"", ""addr:postcode"": ""27701"", ""addr:state"": ""NC"", ""addr:street"": ""Fuller Street"", ""amenity"": ""parking"", ""building"": ""yes"", ""building:levels"": ""7"", ""fee"": ""no"", ""operator"": ""West Village"", ""parking"": ""multi-storey"", ""smoking"": ""no"", ""source:addr"": ""Durham Open Data"", ""surface"": ""concrete""}"
DUR-01,way,182130158,,office,yes,Polygon,unnamed_not_inherently_meaningful,"{""addr:city"": ""Durham"", ""addr:country"": ""US"", ""addr:housenumber"": ""705"", ""addr:postcode"": ""27701"", ""addr:state"": ""NC"", ""addr:street"": ""Foster Street"", ""building"": ""yes"", ""office"": ""yes"", ""survey:date"": ""2014-03-08"", ""website"": ""http://www.claymakers.com""}"
DUR-01,way,225497495,,amenity,parking,Polygon,low_value_category,"{""addr:city"": ""Durham"", ""addr:housenumber"": ""502"", ""addr:postcode"": ""27701"", ""addr:state"": ""NC"", ""addr:street"": ""South Dillard Street"", ""amenity"": ""parking"", ""building"": ""yes"", ""parking"": ""multi-storey"", ""source:addr"": ""Durham Open Data""}"
DUR-01,way,225542520,Durham County Courthouse,amenity,courthouse,Polygon,retained:named_poi,"{""addr:city"": ""Durham"", ""addr:housenumber"": ""510"", ""addr:postcode"": ""27701"", ""addr:state"": ""NC"", ""addr:street"": ""South Dillard Street"", ""amenity"": ""courthouse"", ""building"": ""yes"", ""building:levels"": ""10"", ""name"": ""Durham County Courthouse"", ""source:addr"": ""Durham Open Data""}"
DUR-01,way,239265411,Family Fare,amenity,fuel,Polygon,retained:named_poi,"{""addr:housenumber"": ""1016"", ""addr:postcode"": ""27701"", ""addr:street"": ""West Main Street"", ""amenity"": ""fuel"", ""brand"": ""Shell"", ""brand:wikidata"": ""Q110716465"", ""building"": ""yes"", ""fuel:diesel"": ""yes"", ""fuel:kerosene"": ""no"", ""name"": ""Family Fare"", ""phone"": ""+1-919-682-0195"", ""shop"": ""convenience""}"
DUR-01,way,239265454,Shell,amenity,fuel,Polygon,retained:named_poi,"{""amenity"": ""fuel"", ""brand"": ""Shell"", ""brand:wikidata"": ""Q110716465"", ""building"": ""roof"", ""layer"": ""1"", ""name"": ""Shell""}"
DUR-01,way,251390368,Corcoran Street Garage and Lot,amenity,parking,Polygon,low_value_category,"{""access"": ""yes"", ""amenity"": ""parking"", ""fee"": ""08:00-19:00"", ""name"": ""Corcoran Street Garage and Lot"", ""parking"": ""surface"", ""supervised"": ""yes"", ""website"": ""https://www.durhamnc.gov/departments/transportation/parking.cfm""}"
DUR-01,way,257168393,,amenity,parking,Polygon,low_value_category,"{""access"": ""private"", ""addr:city"": ""Durham"", ""addr:housenumber"": ""113"", ""addr:postcode"": ""27701"", ""addr:state"": ""NC"", ""addr:street"": ""East Parrish Street"", ""amenity"": ""parking"", ""parking"": ""surface"", ""source:addr"": ""Durham Open Data""}"
DUR-01,way,282574971,,amenity,parking,Polygon,low_value_category,"{""access"": ""yes"", ""amenity"": ""parking"", ""fee"": ""yes"", ""parking"": ""surface"", ""surface"": ""asphalt""}"
DUR-01,way,284419904,,amenity,parking,Polygon,low_value_category,"{""amenity"": ""parking"", ""parking"": ""surface"", ""surface"": ""asphalt""}"
DUR-01,way,291756489,Downtown Durham Dog Park,leisure,dog_park,Polygon,retained:named_poi,"{""barrier"": ""fence"", ""leisure"": ""dog_park"", ""name"": ""Downtown Durham Dog Park""}"
DUR-01,way,293249925,West Village,amenity,parking,Polygon,low_value_category,"{""access"": ""private"", ""amenity"": ""parking"", ""covered"": ""no"", ""fee"": ""no"", ""operator"": ""West Village"", ""operator:type"": ""private"", ""parking"": ""surface"", ""smoking"": ""no"", ""surface"": ""asphalt""}"
DUR-01,way,293250147,,amenity,parking,Polygon,low_value_category,"{""access"": ""customers"", ""amenity"": ""parking"", ""fee"": ""no"", ""parking"": ""surface""}"
DUR-01,way,293250151,,amenity,parking,Polygon,low_value_category,"{""addr:city"": ""Durham"", ""addr:housenumber"": ""162"", ""addr:postcode"": ""27701"", ""addr:state"": ""NC"", ""addr:street"": ""West Ramseur Street"", ""amenity"": ""parking"", ""parking"": ""surface"", ""source:addr"": ""Durham Open Data""}"
DUR-01,way,293250153,,amenity,parking,Polygon,low_value_category,"{""access"": ""yes"", ""addr:city"": ""Durham"", ""addr:housenumber"": ""102"", ""addr:postcode"": ""27701"", ""addr:state"": ""NC"", ""addr:street"": ""South Corcoran Street"", ""amenity"": ""parking"", ""fee"": ""yes"", ""parking"": ""surface"", ""source:addr"": ""Durham Open Data""}"
DUR-01,way,293250155,,amenity,parking,Polygon,low_value_category,"{""access"": ""yes"", ""amenity"": ""parking"", ""fee"": ""no"", ""parking"": ""surface""}"
DUR-01,way,293250158,,amenity,parking,Polygon,low_value_category,"{""amenity"": ""parking"", ""parking"": ""surface""}"
DUR-01,way,293250160,,amenity,parking,Polygon,low_value_category,"{""amenity"": ""parking"", ""parking"": ""surface""}"
DUR-01,way,293438910,,amenity,parking,Polygon,low_value_category,"{""amenity"": ""parking"", ""parking"": ""surface""}"
DUR-01,way,293438915,,amenity,parking,Polygon,low_value_category,"{""access"": ""customers"", ""amenity"": ""parking"", ""parking"": ""surface""}"
DUR-01,way,293438917,,amenity,parking,Polygon,low_value_category,"{""amenity"": ""parking"", ""parking"": ""surface""}"
DUR-01,way,293438924,,amenity,parking,Polygon,low_value_category,"{""access"": ""yes"", ""amenity"": ""parking"", ""fee"": ""no"", ""parking"": ""surface""}"
DUR-01,way,297160769,,amenity,parking,Polygon,low_value_category,"{""access"": ""yes"", ""amenity"": ""parking"", ""fee"": ""no"", ""parking"": ""surface""}"
DUR-01,way,324544661,Bar Virgile,amenity,restaurant,Polygon,retained:named_poi,"{""addr:city"": ""Durham"", ""addr:housenumber"": ""105"", ""addr:postcode"": ""27701"", ""addr:state"": ""NC"", ""addr:street"": ""South Mangum Street"", ""amenity"": ""restaurant"", ""building"": ""yes"", ""name"": ""Bar Virgile"", ""source:addr"": ""Durham Open Data"", ""source:geometry"": ""Bing""}"
DUR-01,way,324544662,Church Street Garage,amenity,parking,Polygon,low_value_category,"{""access"": ""yes"", ""addr:city"": ""Durham"", ""addr:housenumber"": ""109"", ""addr:postcode"": ""27701"", ""addr:state"": ""NC"", ""addr:street"": ""South Mangum Street"", ""amenity"": ""parking"", ""building"": ""yes"", ""building:levels"": ""3"", ""capacity"": ""406"", ""fee"": ""yes"", ""name"": ""Church Street Garage"", ""parking"": ""multi-storey"", ""source:addr"": ""Durham Open Data""}"
DUR-01,way,324544666,106 Main,amenity,bar,Polygon,retained:named_poi,"{""addr:city"": ""Durham"", ""addr:housenumber"": ""106"", ""addr:state"": ""NC"", ""addr:street"": ""East Main Street"", ""amenity"": ""bar"", ""building"": ""yes"", ""name"": ""106 Main"", ""opening_hours"": ""Tu-Th 12:00-22:00; Fr-Sa 12:00-24:00"", ""phone"": ""+1-919-593-0560"", ""source:geometry"": ""Bing"", ""website"": ""https://www.facebook.com/106Main""}"
DUR-01,way,324544676,,amenity,courthouse,Polygon,retained:inherently_meaningful,"{""addr:city"": ""Durham"", ""addr:country"": ""US"", ""addr:housenumber"": ""510"", ""addr:postcode"": ""27701"", ""addr:state"": ""NC"", ""addr:street"": ""East Main Street"", ""amenity"": ""courthouse"", ""building"": ""yes"", ""source:geometry"": ""Bing"", ""survey:date"": ""2014-05-31""}"
DUR-01,way,328836997,,amenity,parking,Polygon,low_value_category,"{""amenity"": ""parking"", ""park_ride"": ""no"", ""parking"": ""surface"", ""surface"": ""asphalt""}"
DUR-01,way,374302088,,amenity,parking,Polygon,low_value_category,"{""addr:city"": ""Durham"", ""addr:housenumber"": ""500"", ""addr:postcode"": ""27701"", ""addr:state"": ""NC"", ""addr:street"": ""East Main Street"", ""amenity"": ""parking"", ""parking"": ""surface"", ""source:addr"": ""Durham Open Data""}"
DUR-01,way,374302089,Ponysaurus Brewing,craft,brewery,Polygon,retained:named_poi,"{""addr:city"": ""Durham"", ""addr:housenumber"": ""219"", ""addr:postcode"": ""27701"", ""addr:state"": ""NC"", ""addr:street"": ""Hood Street"", ""building"": ""yes"", ""craft"": ""brewery"", ""image"": ""https://images.squarespace-cdn.com/content/v1/51683440e4b0e454d76df936/1721161293528-F3TURLBYXTYA09GAS6HA/IMG_6873.JPG"", ""name"": ""Ponysaurus Brewing"", ""phone"": ""+1-919-908-0204"", ""source:addr"": ""Durham Open Data"", ""website"": ""https://www.ponysaurusbrewing.com/""}"
DUR-01,way,400529749,,amenity,parking,Polygon,low_value_category,"{""access"": ""customers"", ""amenity"": ""parking"", ""parking"": ""surface"", ""surface"": ""paved""}"
DUR-01,way,400529750,,amenity,parking,Polygon,low_value_category,"{""amenity"": ""parking"", ""parking"": ""surface"", ""surface"": ""asphalt""}"
DUR-01,way,400530002,Aloft Durham Downtown,tourism,hotel,Polygon,retained:named_poi,"{""addr:housenumber"": ""345"", ""addr:street"": ""Blackwell Street"", ""brand"": ""Aloft"", ""brand:wikidata"": ""Q4734166"", ""building"": ""yes"", ""building:levels"": ""6"", ""building:material"": ""metal"", ""name"": ""Aloft Durham Downtown"", ""tourism"": ""hotel""}"
DUR-01,way,400530129,Diamond View Park,leisure,park,Polygon,retained:named_poi,"{""leisure"": ""park"", ""name"": ""Diamond View Park""}"
DUR-01,way,433493705,Durham Bulls Athletic Park,leisure,stadium,Polygon,retained:named_poi,"{""addr:city"": ""Durham"", ""addr:housenumber"": ""409"", ""addr:postcode"": ""27701"", ""addr:state"": ""NC"", ""addr:street"": ""Blackwell Street"", ""leisure"": ""stadium"", ""name"": ""Durham Bulls Athletic Park"", ""sport"": ""baseball"", ""wheelchair"": ""yes"", ""wikidata"": ""Q3041567""}"
DUR-01,way,515431845,11-foot-8 Bridge,tourism,attraction,Polygon,retained:named_poi,"{""addr:city"": ""Durham"", ""addr:country"": ""US"", ""addr:housenumber"": ""201"", ""addr:postcode"": ""27701"", ""addr:state"": ""NC"", ""addr:street"": ""South Gregson Street"", ""bridge:structure"": ""beam"", ""contact:website"": ""https://11foot8.com"", ""description"": ""Careful drivers! Room under bridge is only 12 feet 4 inches! View less fortunate drivers here: https://11foot8.com"", ""layer"": ""1"", ""loc_name"": ""Can Opener Bridge"", ""man_made"": ""bridge"", ""name"": ""11-foot-8 Bridge"", ""official_name"": ""Norfolk Southern–Gregson Street Overpass"", ""tourism"": ""attraction"", ""wikidata"": ""Q22905940"", ""wikipedia"": ""en:Norfolk Southern–Gregson Street Overpass""}"
DUR-01,way,523122859,,railway,abandoned,LineString,railway_track_infrastructure,"{""railway"": ""abandoned""}"
DUR-01,way,523122861,,railway,disused,LineString,railway_track_infrastructure,"{""railway"": ""disused""}"
DUR-01,way,526840088,,amenity,waste_disposal,Polygon,low_value_category,"{""amenity"": ""waste_disposal"", ""fixme"": ""need review""}"
DUR-01,way,528598885,,leisure,garden,Polygon,unnamed_not_inherently_meaningful,"{""leisure"": ""garden""}"
DUR-01,way,528598917,,amenity,parking_space,Polygon,low_value_category,"{""amenity"": ""parking_space""}"
DUR-01,way,528598918,,amenity,parking_space,Polygon,low_value_category,"{""amenity"": ""parking_space""}"
DUR-01,way,531150750,,amenity,parking_space,Polygon,low_value_category,"{""amenity"": ""parking_space"", ""area:highway"": ""parking_space""}"
DUR-01,way,531150751,,amenity,parking_space,Polygon,low_value_category,"{""amenity"": ""parking_space"", ""area:highway"": ""parking_space""}"
DUR-01,way,531150752,,amenity,parking_space,Polygon,low_value_category,"{""amenity"": ""parking_space"", ""area:highway"": ""parking_space""}"
DUR-01,way,531150753,,amenity,parking_space,Polygon,low_value_category,"{""amenity"": ""parking_space"", ""area:highway"": ""parking_space""}"
DUR-01,way,550667377,,amenity,parking,Polygon,low_value_category,"{""addr:city"": ""Durham"", ""addr:housenumber"": ""173"", ""addr:postcode"": ""27701"", ""addr:state"": ""NC"", ""addr:street"": ""South Roxboro Street"", ""amenity"": ""parking"", ""building"": ""yes"", ""parking"": ""multi-storey"", ""source:addr"": ""Durham Open Data""}"
DUR-01,way,590007260,,amenity,parking,Polygon,low_value_category,"{""amenity"": ""parking"", ""parking"": ""surface""}"
DUR-01,way,590008271,,amenity,parking,Polygon,low_value_category,"{""addr:city"": ""Durham"", ""addr:housenumber"": ""704"", ""addr:postcode"": ""27701"", ""addr:state"": ""NC"", ""addr:street"": ""West Pettigrew Street"", ""amenity"": ""parking"", ""building"": ""yes"", ""parking"": ""multi-storey"", ""source:addr"": ""Durham Open Data""}"
DUR-01,way,597458482,,amenity,parking,Polygon,low_value_category,"{""amenity"": ""parking"", ""building"": ""parking"", ""parking"": ""multi-storey""}"
DUR-01,way,607997936,Research Square,amenity,office,Polygon,retained:named_poi,"{""addr:city"": ""Durham"", ""addr:housenumber"": ""601"", ""addr:postcode"": ""27701"", ""addr:state"": ""NC"", ""addr:street"": ""West Main Street"", ""addr:unit"": ""102"", ""amenity"": ""office"", ""building"": ""yes"", ""name"": ""Research Square"", ""website"": ""https://www.researchsquare.com/""}"
DUR-01,way,613971295,The James Joyce Irish Pub,amenity,pub,Polygon,retained:named_poi,"{""addr:city"": ""Durham"", ""addr:housenumber"": ""912"", ""addr:postcode"": ""27701"", ""addr:state"": ""NC"", ""addr:street"": ""West Main Street"", ""amenity"": ""pub"", ""building"": ""retail"", ""cuisine"": ""pub_food;american;irish"", ""name"": ""The James Joyce Irish Pub"", ""outdoor_seating"": ""yes"", ""smoking"": ""outside"", ""source:addr"": ""Durham Open Data""}"
DUR-01,way,618332788,Durham Visitor Information Center,tourism,information,Polygon,retained:named_poi,"{""addr:city"": ""Durham"", ""addr:housenumber"": ""101"", ""addr:postcode"": ""27701"", ""addr:state"": ""NC"", ""addr:street"": ""East Morgan Street"", ""building"": ""yes"", ""information"": ""office"", ""name"": ""Durham Visitor Information Center"", ""phone"": ""+1-919-687-0288"", ""source"": ""www.durham-nc.com"", ""tourism"": ""information"", ""website"": ""http://durham-nc.com"", ""wheelchair"": ""yes""}"
DUR-01,way,619460454,,amenity,parking,Polygon,low_value_category,"{""amenity"": ""parking"", ""parking"": ""surface""}"
DUR-01,way,619460456,,amenity,parking,Polygon,representative_point_outside_region,"{""amenity"": ""parking"", ""parking"": ""surface""}"
DUR-01,way,660798009,,amenity,parking,Polygon,low_value_category,"{""access"": ""customers"", ""amenity"": ""parking"", ""park_ride"": ""no"", ""parking"": ""surface"", ""surface"": ""asphalt""}"
DUR-01,way,660798015,,railway,abandoned,LineString,railway_track_infrastructure,"{""bridge"": ""yes"", ""layer"": ""1"", ""railway"": ""abandoned""}"
DUR-01,way,661599922,,railway,abandoned,LineString,railway_track_infrastructure,"{""railway"": ""abandoned"", ""service"": ""spur""}"
DUR-01,way,670531924,,leisure,pitch,Polygon,unnamed_pitch,"{""leisure"": ""pitch"", ""sport"": ""boules""}"
DUR-01,way,705182509,,amenity,parking,Polygon,low_value_category,"{""access"": ""yes"", ""amenity"": ""parking"", ""fee"": ""yes"", ""parking"": ""surface"", ""surface"": ""asphalt""}"
DUR-01,way,707601493,,amenity,parking_space,Polygon,low_value_category,"{""amenity"": ""parking_space""}"
DUR-01,way,707601494,,amenity,parking_space,Polygon,low_value_category,"{""amenity"": ""parking_space""}"
DUR-01,way,707601495,,amenity,parking_space,Polygon,low_value_category,"{""amenity"": ""parking_space""}"
DUR-01,way,707601496,,amenity,parking_space,Polygon,low_value_category,"{""amenity"": ""parking_space""}"
DUR-01,way,707601497,,amenity,parking_space,Polygon,low_value_category,"{""amenity"": ""parking_space""}"
DUR-01,way,707601498,,amenity,parking_space,Polygon,low_value_category,"{""amenity"": ""parking_space""}"
DUR-01,way,717384374,Morgan-Rigsbee Garage,amenity,parking,Polygon,low_value_category,"{""amenity"": ""parking"", ""building"": ""parking"", ""capacity"": ""665"", ""fee"": ""yes"", ""name"": ""Morgan-Rigsbee Garage"", ""parking"": ""multi-storey""}"
DUR-01,way,722930456,,amenity,parking,Polygon,low_value_category,"{""amenity"": ""parking"", ""parking"": ""surface"", ""surface"": ""asphalt""}"
DUR-01,way,735296905,,amenity,parking,Polygon,low_value_category,"{""access"": ""private"", ""amenity"": ""parking"", ""parking"": ""surface"", ""surface"": ""asphalt""}"
DUR-01,way,735296906,,amenity,parking,Polygon,low_value_category,"{""access"": ""private"", ""amenity"": ""parking"", ""parking"": ""surface"", ""surface"": ""asphalt""}"
DUR-01,way,741996375,,amenity,parking,Polygon,low_value_category,"{""amenity"": ""parking"", ""building"": ""parking"", ""parking"": ""multi-storey""}"
DUR-01,way,757091867,,amenity,parking,Polygon,low_value_category,"{""access"": ""yes"", ""amenity"": ""parking"", ""fee"": ""no"", ""parking"": ""surface"", ""surface"": ""asphalt""}"
DUR-01,way,757091868,,amenity,parking,Polygon,low_value_category,"{""access"": ""customers"", ""amenity"": ""parking"", ""fee"": ""no"", ""parking"": ""surface""}"
DUR-01,way,757091869,,amenity,parking,Polygon,low_value_category,"{""access"": ""yes"", ""amenity"": ""parking"", ""fee"": ""no"", ""parking"": ""surface""}"
DUR-01,way,757091871,,amenity,parking,Polygon,low_value_category,"{""access"": ""customers"", ""amenity"": ""parking"", ""fee"": ""no"", ""parking"": ""surface""}"
DUR-01,way,761621435,The Leaf,amenity,shelter,Polygon,low_value_category,"{""amenity"": ""shelter"", ""bench"": ""yes"", ""building"": ""yes"", ""name"": ""The Leaf""}"
DUR-01,way,761621436,Liberty Arts Foundry,craft,yes,Polygon,retained:named_poi,"{""building"": ""industrial"", ""building:levels"": ""1"", ""check_date"": ""2024-05-26"", ""craft"": ""yes"", ""name"": ""Liberty Arts Foundry"", ""operator"": ""Liberty Arts""}"
DUR-01,way,762923648,,amenity,parking,Polygon,low_value_category,"{""amenity"": ""parking"", ""building"": ""parking"", ""parking"": ""multi-storey""}"
DUR-01,way,762923649,,amenity,parking,Polygon,low_value_category,"{""amenity"": ""parking"", ""building:part"": ""parking"", ""parking"": ""multi-storey""}"
DUR-01,way,762923650,,amenity,parking,Polygon,low_value_category,"{""amenity"": ""parking"", ""parking"": ""surface""}"
DUR-01,way,762923651,,amenity,parking,Polygon,low_value_category,"{""amenity"": ""parking"", ""parking"": ""surface""}"
DUR-01,way,762923652,,amenity,parking,Polygon,low_value_category,"{""amenity"": ""parking"", ""parking"": ""surface""}"
DUR-01,way,762923654,,amenity,parking,Polygon,low_value_category,"{""amenity"": ""parking"", ""parking"": ""surface""}"
DUR-01,way,762923656,,amenity,parking,Polygon,low_value_category,"{""amenity"": ""parking"", ""parking"": ""surface""}"
DUR-01,way,762923657,,amenity,parking,Polygon,low_value_category,"{""amenity"": ""parking"", ""parking"": ""surface""}"
DUR-01,way,762927268,,amenity,parking,Polygon,low_value_category,"{""amenity"": ""parking"", ""building"": ""parking"", ""parking"": ""multi-storey""}"
DUR-01,way,762927269,,amenity,parking,Polygon,low_value_category,"{""amenity"": ""parking"", ""parking"": ""surface""}"
DUR-01,way,762927271,,amenity,parking,Polygon,low_value_category,"{""access"": ""private"", ""amenity"": ""parking"", ""parking"": ""surface""}"
DUR-01,way,762927272,,amenity,parking,Polygon,low_value_category,"{""amenity"": ""parking"", ""parking"": ""surface""}"
DUR-01,way,762927273,,amenity,parking,Polygon,low_value_category,"{""amenity"": ""parking"", ""parking"": ""surface""}"
DUR-01,way,762927274,,amenity,parking,Polygon,low_value_category,"{""amenity"": ""parking"", ""parking"": ""surface""}"
DUR-01,way,762927277,,amenity,parking,Polygon,low_value_category,"{""amenity"": ""parking"", ""parking"": ""surface""}"
DUR-01,way,762927278,,amenity,parking,Polygon,low_value_category,"{""amenity"": ""parking"", ""parking"": ""surface""}"
DUR-01,way,762928286,,amenity,parking,Polygon,low_value_category,"{""amenity"": ""parking"", ""parking"": ""surface""}"
DUR-01,way,762928291,,amenity,parking,Polygon,low_value_category,"{""amenity"": ""parking"", ""parking"": ""surface""}"
DUR-01,way,762928292,,amenity,parking,Polygon,low_value_category,"{""amenity"": ""parking"", ""parking"": ""surface""}"
DUR-01,way,762928293,,amenity,parking,Polygon,low_value_category,"{""amenity"": ""parking"", ""parking"": ""surface""}"
DUR-01,way,762928294,,amenity,parking,Polygon,low_value_category,"{""amenity"": ""parking"", ""parking"": ""surface""}"
DUR-01,way,775617883,,amenity,parking,Polygon,low_value_category,"{""access"": ""yes"", ""amenity"": ""parking"", ""building"": ""parking"", ""parking"": ""multi-storey""}"
DUR-01,way,775617885,,amenity,parking,Polygon,low_value_category,"{""amenity"": ""parking"", ""building"": ""parking"", ""parking"": ""multi-storey""}"
DUR-01,way,775629291,,amenity,parking,Polygon,low_value_category,"{""amenity"": ""parking"", ""parking"": ""surface""}"
DUR-01,way,775629292,,amenity,parking,Polygon,low_value_category,"{""amenity"": ""parking"", ""parking"": ""surface""}"
DUR-01,way,775629293,,amenity,parking,Polygon,low_value_category,"{""amenity"": ""parking"", ""parking"": ""surface""}"
DUR-01,way,775629298,,amenity,parking,Polygon,low_value_category,"{""amenity"": ""parking"", ""building"": ""parking"", ""parking"": ""multi-storey""}"
DUR-01,way,775629304,,amenity,parking,Polygon,low_value_category,"{""amenity"": ""parking"", ""parking"": ""surface""}"
DUR-01,way,775629317,,amenity,parking,Polygon,low_value_category,"{""amenity"": ""parking"", ""parking"": ""surface""}"
DUR-01,way,775629319,,amenity,parking,Polygon,low_value_category,"{""amenity"": ""parking"", ""parking"": ""surface""}"
DUR-01,way,775629324,,amenity,parking,Polygon,low_value_category,"{""amenity"": ""parking"", ""parking"": ""surface""}"
DUR-01,way,775629334,,amenity,parking,Polygon,low_value_category,"{""amenity"": ""parking"", ""parking"": ""surface""}"
DUR-01,way,775640095,,amenity,parking,Polygon,low_value_category,"{""amenity"": ""parking"", ""parking"": ""surface""}"
DUR-01,way,775640106,,amenity,parking,Polygon,low_value_category,"{""amenity"": ""parking"", ""parking"": ""surface""}"
DUR-01,way,775640111,,amenity,parking,Polygon,low_value_category,"{""amenity"": ""parking"", ""parking"": ""surface""}"
DUR-01,way,775640113,,amenity,parking,Polygon,low_value_category,"{""amenity"": ""parking"", ""parking"": ""surface""}"
DUR-01,way,775640114,,amenity,parking,Polygon,low_value_category,"{""amenity"": ""parking"", ""parking"": ""surface""}"
DUR-01,way,776900172,,amenity,parking,Polygon,low_value_category,"{""amenity"": ""parking""}"
DUR-01,way,818770511,Durham Beltline,railway,abandoned,LineString,railway_track_infrastructure,"{""name"": ""Durham Beltline"", ""operator"": ""Norfolk Southern Railway"", ""operator:wikidata"": ""Q1321054"", ""proposed:highway"": ""cycleway"", ""railway"": ""abandoned"", ""service"": ""spur"", ""usage"": ""industrial""}"
DUR-01,way,821942027,,leisure,swimming_pool,Polygon,unnamed_not_inherently_meaningful,"{""leisure"": ""swimming_pool""}"
DUR-01,way,849343918,,railway,disused,LineString,railway_track_infrastructure,"{""railway"": ""disused""}"
DUR-01,way,849343919,,railway,abandoned,LineString,railway_track_infrastructure,"{""railway"": ""abandoned""}"
DUR-01,way,849343920,,railway,abandoned,LineString,railway_track_infrastructure,"{""railway"": ""abandoned""}"
DUR-01,way,858704427,Victory Garden,leisure,garden,Polygon,retained:named_poi,"{""garden:type"": ""vegetable_garden"", ""leisure"": ""garden"", ""name"": ""Victory Garden"", ""operator"": ""Durham Bulls""}"
DUR-01,way,908962129,,amenity,parking,Polygon,low_value_category,"{""amenity"": ""parking"", ""parking"": ""surface"", ""surface"": ""asphalt""}"
DUR-01,way,918764978,,amenity,parking,Polygon,low_value_category,"{""amenity"": ""parking"", ""parking"": ""surface"", ""surface"": ""asphalt""}"
DUR-01,way,918764982,,amenity,parking,Polygon,low_value_category,"{""access"": ""customers"", ""amenity"": ""parking"", ""parking"": ""surface"", ""surface"": ""asphalt""}"
DUR-01,way,961141649,,railway,abandoned,LineString,railway_track_infrastructure,"{""railway"": ""abandoned""}"
DUR-01,way,961141650,,railway,abandoned,LineString,railway_track_infrastructure,"{""railway"": ""abandoned""}"
DUR-01,way,961141651,,railway,abandoned,LineString,railway_track_infrastructure,"{""railway"": ""abandoned""}"
DUR-01,way,961141652,,railway,abandoned,LineString,railway_track_infrastructure,"{""railway"": ""abandoned""}"
DUR-01,way,961141653,,railway,abandoned,LineString,railway_track_infrastructure,"{""railway"": ""abandoned""}"
DUR-01,way,961141654,,railway,abandoned,LineString,railway_track_infrastructure,"{""bridge"": ""yes"", ""layer"": ""1"", ""railway"": ""abandoned""}"
DUR-01,way,961141655,,railway,abandoned,LineString,railway_track_infrastructure,"{""railway"": ""abandoned""}"
DUR-01,way,961141656,,railway,abandoned,LineString,railway_track_infrastructure,"{""bridge"": ""yes"", ""layer"": ""1"", ""railway"": ""abandoned""}"
DUR-01,way,961149671,,railway,abandoned,LineString,railway_track_infrastructure,"{""railway"": ""abandoned""}"
DUR-01,way,1063460693,,amenity,parking,Polygon,low_value_category,"{""amenity"": ""parking"", ""building"": ""yes"", ""parking"": ""multi-storey""}"
DUR-01,way,1065941817,,amenity,parking,Polygon,low_value_category,"{""amenity"": ""parking"", ""parking"": ""surface"", ""surface"": ""asphalt""}"
DUR-01,way,1065941818,,amenity,parking,Polygon,low_value_category,"{""amenity"": ""parking"", ""parking"": ""surface"", ""surface"": ""asphalt""}"
DUR-01,way,1065941820,,amenity,parking,Polygon,low_value_category,"{""access"": ""permit"", ""amenity"": ""parking"", ""capacity"": ""6"", ""capacity:disabled"": ""yes"", ""park_ride"": ""no"", ""parking"": ""surface"", ""parking:orientation"": ""perpendicular"", ""supervised"": ""yes"", ""surface"": ""asphalt""}"
DUR-01,way,1065941822,,amenity,parking,Polygon,low_value_category,"{""amenity"": ""parking"", ""parking"": ""surface"", ""surface"": ""asphalt""}"
DUR-01,way,1065941823,,amenity,parking,Polygon,low_value_category,"{""amenity"": ""parking"", ""parking"": ""surface"", ""surface"": ""asphalt""}"
DUR-01,way,1065941825,,amenity,parking,Polygon,low_value_category,"{""amenity"": ""parking"", ""parking"": ""surface"", ""surface"": ""asphalt""}"
DUR-01,way,1065941826,,amenity,parking,Polygon,low_value_category,"{""amenity"": ""parking"", ""parking"": ""surface"", ""surface"": ""asphalt""}"
DUR-01,way,1065941828,,amenity,parking,Polygon,low_value_category,"{""amenity"": ""parking"", ""parking"": ""surface"", ""surface"": ""asphalt""}"
DUR-01,way,1065941832,,amenity,parking,Polygon,low_value_category,"{""amenity"": ""parking"", ""parking"": ""surface""}"
DUR-01,way,1065941833,,amenity,parking,Polygon,low_value_category,"{""amenity"": ""parking"", ""parking"": ""surface""}"
DUR-01,way,1092773748,,leisure,swimming_pool,Polygon,unnamed_not_inherently_meaningful,"{""access"": ""private"", ""leisure"": ""swimming_pool""}"
DUR-01,way,1092773750,,amenity,parking,Polygon,low_value_category,"{""amenity"": ""parking"", ""building"": ""yes"", ""parking"": ""multi-storey""}"
DUR-01,way,1092774415,,amenity,parking,Polygon,low_value_category,"{""amenity"": ""parking"", ""building"": ""yes"", ""parking"": ""multi-storey""}"
DUR-01,way,1126799305,,amenity,parking,Polygon,low_value_category,"{""amenity"": ""parking"", ""building"": ""yes"", ""parking"": ""multi-storey""}"
DUR-01,way,1133668377,,leisure,swimming_pool,Polygon,unnamed_not_inherently_meaningful,"{""leisure"": ""swimming_pool""}"
DUR-01,way,1257259441,Mount Merrill,leisure,playground,Polygon,retained:named_poi,"{""access"": ""yes"", ""leisure"": ""playground"", ""name"": ""Mount Merrill"", ""website"": ""https://durhamcentralpark.org/donate/current-campaigns/mount-merrill/""}"
DUR-01,way,1263005330,AmTrak Overnight Parking,amenity,parking,Polygon,low_value_category,"{""access"": ""permit"", ""amenity"": ""parking"", ""fee"": ""no"", ""name"": ""AmTrak Overnight Parking"", ""operator"": ""Durham Station"", ""operator:type"": ""private_non_profit"", ""parking"": ""surface"", ""surface"": ""gravel""}"
DUR-01,way,1286934827,Cocoa Cinnamon Outdoor Seating,leisure,outdoor_seating,Polygon,retained:named_poi,"{""leisure"": ""outdoor_seating"", ""name"": ""Cocoa Cinnamon Outdoor Seating""}"
DUR-01,way,1286934836,,leisure,garden,Polygon,unnamed_not_inherently_meaningful,"{""garden:type"": ""community"", ""leisure"": ""garden""}"
DUR-01,way,1286934839,,leisure,garden,Polygon,unnamed_not_inherently_meaningful,"{""garden:type"": ""botanical"", ""leisure"": ""garden""}"
DUR-01,way,1286934840,,leisure,garden,Polygon,unnamed_not_inherently_meaningful,"{""garden:type"": ""botanical"", ""leisure"": ""garden""}"
DUR-01,way,1312180752,,leisure,swimming_pool,Polygon,unnamed_not_inherently_meaningful,"{""leisure"": ""swimming_pool""}"
DUR-01,way,1324457987,City of Durham,amenity,parking,Polygon,low_value_category,"{""access"": ""yes"", ""amenity"": ""parking"", ""capacity"": ""34"", ""capacity:disabled"": ""5"", ""fee"": ""no"", ""operator"": ""City of Durham"", ""parking"": ""surface"", ""surface"": ""asphalt""}"
DUR-01,way,1324457988,City of Durham,amenity,parking,Polygon,low_value_category,"{""access"": ""yes"", ""amenity"": ""parking"", ""capacity"": ""100"", ""operator"": ""City of Durham"", ""parking"": ""surface"", ""surface"": ""asphalt""}"
DUR-01,way,1324478111,Trinity Food Mart #4,amenity,parking,Polygon,low_value_category,"{""access"": ""permissive"", ""amenity"": ""parking"", ""capacity"": ""20"", ""capacity:disabled"": ""2"", ""operator"": ""Trinity Food Mart #4"", ""parking"": ""surface"", ""surface"": ""asphalt""}"
DUR-01,way,1326419466,,amenity,parking,Polygon,low_value_category,"{""amenity"": ""parking"", ""parking"": ""surface"", ""surface"": ""asphalt""}"
DUR-01,way,1326419467,,amenity,parking,Polygon,low_value_category,"{""amenity"": ""parking"", ""parking"": ""surface""}"
DUR-01,way,1326419468,,amenity,parking,Polygon,low_value_category,"{""access"": ""private"", ""amenity"": ""parking"", ""parking"": ""surface""}"
DUR-01,way,1326419470,,amenity,parking,Polygon,low_value_category,"{""amenity"": ""parking"", ""parking"": ""surface""}"
DUR-01,way,1326419471,,amenity,parking,Polygon,low_value_category,"{""access"": ""yes"", ""amenity"": ""parking"", ""fee"": ""yes"", ""parking"": ""surface""}"
DUR-01,way,1327145994,,amenity,parking,Polygon,low_value_category,"{""amenity"": ""parking"", ""parking"": ""surface"", ""surface"": ""asphalt""}"
DUR-01,way,1327145996,,amenity,parking,Polygon,low_value_category,"{""amenity"": ""parking""}"
DUR-01,way,1328577995,,amenity,parking,Polygon,low_value_category,"{""amenity"": ""parking"", ""parking"": ""surface"", ""surface"": ""asphalt""}"
DUR-01,way,1328577996,,amenity,parking,Polygon,low_value_category,"{""amenity"": ""parking"", ""parking"": ""surface"", ""surface"": ""asphalt""}"
DUR-01,way,1328577997,,amenity,parking,Polygon,low_value_category,"{""amenity"": ""parking"", ""parking"": ""surface"", ""surface"": ""asphalt""}"
DUR-01,way,1328577998,,amenity,parking,Polygon,low_value_category,"{""amenity"": ""parking"", ""parking"": ""surface"", ""surface"": ""asphalt""}"
DUR-01,way,1328577999,,amenity,parking,Polygon,low_value_category,"{""amenity"": ""parking"", ""parking"": ""surface"", ""surface"": ""asphalt""}"
DUR-01,way,1328578000,,amenity,parking,Polygon,low_value_category,"{""amenity"": ""parking"", ""layer"": ""-1"", ""parking"": ""surface"", ""surface"": ""asphalt""}"
DUR-01,way,1328578001,,amenity,parking,Polygon,low_value_category,"{""amenity"": ""parking"", ""parking"": ""surface"", ""surface"": ""asphalt""}"
DUR-01,way,1328578002,,amenity,parking,Polygon,low_value_category,"{""amenity"": ""parking"", ""parking"": ""surface"", ""surface"": ""asphalt""}"
DUR-01,way,1328578003,,amenity,parking,Polygon,low_value_category,"{""amenity"": ""parking"", ""parking"": ""surface"", ""surface"": ""asphalt""}"
DUR-01,way,1336639051,,leisure,outdoor_seating,Polygon,unnamed_not_inherently_meaningful,"{""access"": ""customers"", ""leisure"": ""outdoor_seating""}"
DUR-01,way,1340429435,,amenity,parking,Polygon,low_value_category,"{""amenity"": ""parking"", ""parking"": ""surface"", ""surface"": ""asphalt""}"
DUR-01,way,1412929510,Durham Beltline,railway,abandoned,LineString,railway_track_infrastructure,"{""name"": ""Durham Beltline"", ""operator"": ""Norfolk Southern Railway"", ""operator:wikidata"": ""Q1321054"", ""proposed:highway"": ""cycleway"", ""railway"": ""abandoned"", ""service"": ""spur""}"
DUR-01,way,1412929511,,railway,abandoned,LineString,railway_track_infrastructure,"{""railway"": ""abandoned""}"
DUR-01,way,1412929512,Durham Beltline,railway,abandoned,LineString,railway_track_infrastructure,"{""name"": ""Durham Beltline"", ""operator"": ""Norfolk Southern Railway"", ""operator:wikidata"": ""Q1321054"", ""proposed:highway"": ""cycleway"", ""railway"": ""abandoned"", ""service"": ""spur""}"
DUR-01,way,1412929513,Durham Beltline,railway,disused,LineString,railway_track_infrastructure,"{""name"": ""Durham Beltline"", ""operator"": ""Norfolk Southern Railway"", ""operator:wikidata"": ""Q1321054"", ""proposed:highway"": ""cycleway"", ""railway"": ""disused"", ""service"": ""spur""}"
DUR-01,way,1412929514,Durham Beltline,railway,disused,LineString,railway_track_infrastructure,"{""name"": ""Durham Beltline"", ""operator"": ""Norfolk Southern Railway"", ""operator:wikidata"": ""Q1321054"", ""proposed:highway"": ""cycleway"", ""railway"": ""disused"", ""service"": ""spur""}"
DUR-01,way,1412929521,,railway,disused,LineString,railway_track_infrastructure,"{""railway"": ""disused"", ""service"": ""spur""}"
DUR-01,way,1453405499,,railway,abandoned,LineString,representative_point_outside_region,"{""railway"": ""abandoned""}"
DUR-01,way,1497571983,,public_transport,platform,Polygon,transport_platform_infrastructure,"{""lit"": ""yes"", ""network"": ""Amtrak"", ""public_transport"": ""platform"", ""railway"": ""platform"", ""shelter"": ""yes"", ""surface"": ""concrete"", ""train"": ""yes""}"
DUR-01,way,1512658695,,amenity,parking,Polygon,low_value_category,"{""access"": ""yes"", ""amenity"": ""parking"", ""fee"": ""yes"", ""surface"": ""gravel""}"
DUR-01,way,1512658696,,amenity,parking,Polygon,low_value_category,"{""access"": ""yes"", ""amenity"": ""parking"", ""fee"": ""yes"", ""surface"": ""concrete""}"
DUR-01,way,1525377280,,leisure,swimming_pool,Polygon,unnamed_not_inherently_meaningful,"{""access"": ""private"", ""leisure"": ""swimming_pool""}"
DUR-01,way,1525379644,,amenity,parking,Polygon,low_value_category,"{""amenity"": ""parking"", ""building"": ""yes"", ""parking"": ""multi-storey""}"
DUR-01,way,1525379647,,leisure,swimming_pool,Polygon,unnamed_not_inherently_meaningful,"{""access"": ""private"", ""leisure"": ""swimming_pool""}"
DUR-01,way,1525385045,,leisure,dog_park,Polygon,unnamed_not_inherently_meaningful,"{""leisure"": ""dog_park""}"
DUR-01,way,1525385048,Morris Green Park,leisure,park,Polygon,retained:named_poi,"{""leisure"": ""park"", ""name"": ""Morris Green Park""}"
DUR-01,way,1525385049,,leisure,park,Polygon,retained:inherently_meaningful,"{""leisure"": ""park""}"
DUR-01,way,1525385050,,amenity,parking,Polygon,low_value_category,"{""amenity"": ""parking"", ""building"": ""yes"", ""parking"": ""multi-storey""}"
DUR-01,way,1527303736,,amenity,shelter,Polygon,low_value_category,"{""access"": ""private"", ""amenity"": ""shelter"", ""building"": ""yes"", ""shelter_type"": ""gazebo""}"
DUR-01,way,1531915513,West Village,leisure,dog_park,Polygon,retained:named_poi,"{""access"": ""private"", ""leisure"": ""dog_park"", ""operator"": ""West Village"", ""operator:type"": ""private"", ""website"": ""https://westvillageapts.com/""}"
DUR-01,relation,74128,Duke Tower,tourism,hotel,Polygon,retained:named_poi,"{""building"": ""yes"", ""name"": ""Duke Tower"", ""tourism"": ""hotel"", ""type"": ""multipolygon"", ""website"": ""http://duketower.com/""}"
DUR-01,relation,355718,,leisure,track,Polygon,unnamed_not_inherently_meaningful,"{""leisure"": ""track"", ""sport"": ""athletics"", ""surface"": ""asphalt"", ""type"": ""multipolygon""}"
DUR-01,relation,2078702,,amenity,parking,MultiLineString,low_value_category,"{""access"": ""private"", ""amenity"": ""parking"", ""parking"": ""surface"", ""type"": ""multipolygon""}"
DUR-01,relation,2197156,,leisure,garden,MultiLineString,unnamed_line_feature,"{""leisure"": ""garden"", ""type"": ""multipolygon""}"
DUR-01,relation,3423713,Trinity United Methodist Church,amenity,place_of_worship,Polygon,retained:named_poi,"{""addr:city"": ""Durham"", ""addr:country"": ""US"", ""addr:housenumber"": ""215"", ""addr:postcode"": ""27701"", ""addr:state"": ""NC"", ""addr:street"": ""North Church Street"", ""amenity"": ""place_of_worship"", ""building"": ""yes"", ""denomination"": ""methodist"", ""ele"": ""125"", ""gnis:feature_id"": ""2455046"", ""name"": ""Trinity United Methodist Church"", ""phone"": ""+1 919 683 1386"", ""religion"": ""christian"", ""service_times"": ""Su 08:30-09:30; Su 11:00-12:00"", ""type"": ""multipolygon"", ""url"": ""http://www.trinitydurham.org/""}"
DUR-01,relation,5366016,,amenity,public_building,Polygon,unnamed_not_inherently_meaningful,"{""addr:city"": ""Durham"", ""addr:country"": ""US"", ""addr:housenumber"": ""414"", ""addr:postcode"": ""27701"", ""addr:state"": ""NC"", ""addr:street"": ""East Main Street"", ""amenity"": ""public_building"", ""building"": ""yes"", ""survey:date"": ""2014-05-31"", ""type"": ""multipolygon""}"
DUR-01,relation,6439848,,amenity,parking,Polygon,low_value_category,"{""amenity"": ""parking"", ""parking"": ""surface"", ""type"": ""multipolygon""}"
DUR-01,relation,7407432,Duke University,amenity,university,MultiPolygon,representative_point_outside_region,"{""addr:city"": ""Durham"", ""addr:postcode"": ""27708"", ""addr:state"": ""NC"", ""amenity"": ""university"", ""colour"": ""#012169"", ""ele"": ""120"", ""mascot"": ""Blue Devils"", ""name"": ""Duke University"", ""name:tr"": ""Duke Üniversitesi"", ""type"": ""multipolygon"", ""wikidata"": ""Q168751"", ""wikipedia"": ""en:Duke University""}"
DUR-01,relation,9596794,,amenity,parking,MultiLineString,low_value_category,"{""amenity"": ""parking"", ""parking"": ""surface"", ""type"": ""multipolygon""}"
DUR-01,relation,10358993,Durham,public_transport,stop_area,Point,retained:named_poi,"{""addr:state"": ""NC"", ""name"": ""Durham"", ""network"": ""Amtrak"", ""public_transport"": ""stop_area"", ""railway"": ""facility"", ""railway:ref"": ""DNC"", ""type"": ""public_transport""}"
DUR-01,relation,11222602,,amenity,parking,Polygon,low_value_category,"{""access"": ""yes"", ""amenity"": ""parking"", ""capacity"": ""52"", ""fee"": ""yes"", ""parking"": ""surface"", ""type"": ""multipolygon""}"
DUR-01,relation,11222862,,amenity,parking,Polygon,low_value_category,"{""addr:city"": ""Durham"", ""addr:housenumber"": ""253"", ""addr:postcode"": ""27701"", ""addr:state"": ""NC"", ""addr:street"": ""East Parrish Street"", ""amenity"": ""parking"", ""parking"": ""surface"", ""source:addr"": ""Durham Open Data"", ""surface"": ""asphalt"", ""type"": ""multipolygon""}"
DUR-01,relation,17349852,AmTrak Day Parking,amenity,parking,Polygon,low_value_category,"{""access"": ""customers"", ""amenity"": ""parking"", ""fee"": ""no"", ""name"": ""AmTrak Day Parking"", ""operator"": ""Durham Station"", ""parking"": ""surface"", ""surface"": ""asphalt"", ""type"": ""multipolygon""}"
DUR-01,relation,18247541,,amenity,parking,Polygon,low_value_category,"{""amenity"": ""parking"", ""parking"": ""surface"", ""type"": ""multipolygon""}"
DUR-01,node,11429704989,,amenity,bicycle_parking,Point,low_value_category,"{""amenity"": ""bicycle_parking""}"
DUR-01,way,357502148,,amenity,parking,Polygon,low_value_category,"{""amenity"": ""parking"", ""parking"": ""surface"", ""surface"": ""asphalt""}"
DUR-01,way,858704426,Prairie Island / Carolina Xeriscape,leisure,nature_reserve,Polygon,retained:named_poi,"{""leisure"": ""nature_reserve"", ""name"": ""Prairie Island / Carolina Xeriscape"", ""operator"": ""Extra Terrestrial Projects"", ""website"": ""https://carolinaxeriscape.org/about""}"
DUR-01,way,1167569352,Durham Bulls Miracle League Park,leisure,pitch,Polygon,retained:named_poi,"{""leisure"": ""pitch"", ""name"": ""Durham Bulls Miracle League Park"", ""sport"": ""baseball"", ""website"": ""https://www.mltriangle.com/""}"
DUR-01,way,1232250499,,leisure,track,Polygon,unnamed_not_inherently_meaningful,"{""leisure"": ""track"", ""sport"": ""running""}"
DUR-01,node,2210536841,,shop,supermarket,Point,retained:inherently_meaningful,"{""shop"": ""supermarket""}"
DUR-01,node,3672062439,St. Joseph's Historic Foundation Hayti Heritage Center,amenity,arts_centre,Point,retained:named_poi,"{""addr:city"": ""Durham"", ""addr:housenumber"": ""804"", ""addr:postcode"": ""27701"", ""addr:state"": ""NC"", ""addr:street"": ""Fayetteville Street"", ""amenity"": ""arts_centre"", ""name"": ""St. Joseph's Historic Foundation Hayti Heritage Center""}"
DUR-01,node,6507456779,Lakewood Ave at Roxboro St (Southside Lofts),public_transport,platform,Point,transport_platform_infrastructure,"{""bus"": ""yes"", ""highway"": ""bus_stop"", ""name"": ""Lakewood Ave at Roxboro St (Southside Lofts)"", ""network"": ""GoDurham"", ""network:wikidata"": ""Q5316462"", ""public_transport"": ""platform"", ""ref"": ""6442""}"
DUR-01,node,6507463365,Blackwell St at Forest Hills Apts (SB),public_transport,platform,Point,transport_platform_infrastructure,"{""bus"": ""yes"", ""highway"": ""bus_stop"", ""name"": ""Blackwell St at Forest Hills Apts (SB)"", ""network"": ""GoDurham"", ""network:wikidata"": ""Q5316462"", ""public_transport"": ""platform"", ""ref"": ""5113""}"
DUR-01,node,6507463429,Lakewood Ave at Heritage Square,public_transport,platform,Point,transport_platform_infrastructure,"{""bus"": ""yes"", ""highway"": ""bus_stop"", ""name"": ""Lakewood Ave at Heritage Square"", ""network"": ""GoDurham"", ""network:wikidata"": ""Q5316462"", ""public_transport"": ""platform"", ""ref"": ""5337""}"
DUR-01,node,6507463474,Blackwell St at Forest Hills Apts (NB),public_transport,platform,Point,transport_platform_infrastructure,"{""bus"": ""yes"", ""highway"": ""bus_stop"", ""name"": ""Blackwell St at Forest Hills Apts (NB)"", ""network"": ""GoDurham"", ""network:wikidata"": ""Q5316462"", ""public_transport"": ""platform"", ""ref"": ""6494""}"
DUR-01,node,6507463552,Lakewood Ave at Fayetteville St,public_transport,platform,Point,transport_platform_infrastructure,"{""bus"": ""yes"", ""highway"": ""bus_stop"", ""name"": ""Lakewood Ave at Fayetteville St"", ""network"": ""GoDurham"", ""network:wikidata"": ""Q5316462"", ""public_transport"": ""platform"", ""ref"": ""6330""}"
DUR-01,node,7674513211,KFC,amenity,fast_food,Point,retained:named_poi,"{""addr:city"": ""Durham"", ""addr:housenumber"": ""806"", ""addr:postcode"": ""27707"", ""addr:state"": ""NC"", ""addr:street"": ""Fayetteville Street"", ""alt_name"": ""Kentucky Fried Chicken"", ""amenity"": ""fast_food"", ""brand"": ""KFC"", ""brand:wikidata"": ""Q524757"", ""cuisine"": ""chicken"", ""name"": ""KFC"", ""source:addr"": ""Durham Open Data"", ""takeaway"": ""yes"", ""website"": ""https://locations.kfc.com/nc/durham/806-fayetteville-street""}"
DUR-01,node,7674513212,Walgreens,shop,chemist,Point,retained:named_poi,"{""addr:city"": ""Durham"", ""addr:housenumber"": ""710"", ""addr:postcode"": ""27707"", ""addr:state"": ""NC"", ""addr:street"": ""Fayetteville Street"", ""brand"": ""Walgreens"", ""brand:wikidata"": ""Q1591889"", ""name"": ""Walgreens"", ""shop"": ""chemist"", ""source:addr"": ""Durham Open Data"", ""website"": ""https://www.walgreens.com/locator/walgreens-710+fayetteville+st-durham-nc-27701/id=16152""}"
DUR-01,node,7674513435,,amenity,fountain,Point,unnamed_not_inherently_meaningful,"{""amenity"": ""fountain""}"
DUR-01,node,10127544338,Blackwell's Bail Bonding,office,bail_bond_agent,Point,retained:named_poi,"{""addr:city"": ""Durham"", ""addr:housenumber"": ""902"", ""addr:postcode"": ""27701"", ""addr:state"": ""NC"", ""addr:street"": ""Fayetteville Street"", ""name"": ""Blackwell's Bail Bonding"", ""office"": ""bail_bond_agent"", ""opening_hours"": ""Mo-Su 09:00- 15:00"", ""phone"": ""+1-919-688-7442"", ""website"": ""https://blackwellsbonding.com""}"
DUR-01,way,225497492,,shop,mall,Polygon,retained:inherently_meaningful,"{""building"": ""supermarket"", ""shop"": ""mall""}"
DUR-01,way,225497497,,shop,mall,Polygon,retained:inherently_meaningful,"{""addr:city"": ""Durham"", ""addr:housenumber"": ""401"", ""addr:postcode"": ""27701"", ""addr:state"": ""NC"", ""addr:street"": ""East Lakewood Avenue"", ""building"": ""supermarket"", ""shop"": ""mall"", ""source:addr"": ""Durham Open Data""}"
DUR-01,way,225542517,,shop,mall,Polygon,retained:inherently_meaningful,"{""addr:city"": ""Durham"", ""addr:housenumber"": ""826"", ""addr:postcode"": ""27707"", ""addr:state"": ""NC"", ""addr:street"": ""Fayetteville Street"", ""building"": ""supermarket"", ""shop"": ""mall"", ""source:addr"": ""Durham Open Data""}"
DUR-01,way,225542518,,shop,mall,Polygon,retained:inherently_meaningful,"{""building"": ""supermarket"", ""shop"": ""mall""}"
DUR-01,way,225542519,,amenity,parking,Polygon,low_value_category,"{""amenity"": ""parking"", ""parking"": ""surface""}"
DUR-01,way,225542521,,shop,mall,Polygon,retained:inherently_meaningful,"{""addr:city"": ""Durham"", ""addr:housenumber"": ""908"", ""addr:postcode"": ""27707"", ""addr:state"": ""NC"", ""addr:street"": ""Fayetteville Street"", ""building"": ""supermarket"", ""shop"": ""mall"", ""source:addr"": ""Durham Open Data""}"
DUR-01,way,239265422,BP,amenity,fuel,Polygon,retained:named_poi,"{""addr:housenumber"": ""220"", ""addr:postcode"": ""27707"", ""addr:street"": ""West Lakewood Avenue"", ""amenity"": ""fuel"", ""brand"": ""BP"", ""brand:wikidata"": ""Q152057"", ""building"": ""yes"", ""fuel:diesel"": ""yes"", ""fuel:kerosene"": ""yes"", ""name"": ""BP"", ""phone"": ""+1-919-682-6998"", ""shop"": ""convenience""}"
DUR-01,way,239265423,In & Out Food Mart,amenity,fuel,Polygon,retained:named_poi,"{""addr:housenumber"": ""907"", ""addr:postcode"": ""27707"", ""addr:street"": ""Fayetteville Street"", ""amenity"": ""fuel"", ""building"": ""yes"", ""fuel:diesel"": ""no"", ""fuel:kerosene"": ""no"", ""name"": ""In & Out Food Mart"", ""phone"": ""+1-919-688-5948"", ""shop"": ""convenience""}"
DUR-01,way,404801052,Self-Help Credit Union,amenity,bank,Polygon,retained:named_poi,"{""addr:city"": ""Durham"", ""addr:housenumber"": ""601"", ""addr:postcode"": ""27701"", ""addr:state"": ""NC"", ""addr:street"": ""South Mangum Street"", ""amenity"": ""bank"", ""building"": ""yes"", ""name"": ""Self-Help Credit Union"", ""source:addr"": ""Durham Open Data""}"
DUR-01,way,611676563,St. Mark A.M.E. Zion Church,amenity,place_of_worship,Polygon,retained:named_poi,"{""addr:city"": ""Durham"", ""addr:housenumber"": ""531"", ""addr:postcode"": ""27701"", ""addr:state"": ""NC"", ""addr:street"": ""South Roxboro Street"", ""amenity"": ""place_of_worship"", ""building"": ""yes"", ""denomination"": ""african_methodist_episcopal_zion"", ""name"": ""St. Mark A.M.E. Zion Church"", ""religion"": ""christian"", ""source:addr"": ""Durham Open Data""}"
DUR-01,way,821937893,Pelican's SnoBalls,amenity,restaurant,Polygon,retained:named_poi,"{""addr:city"": ""Durham"", ""addr:country"": ""US"", ""addr:housenumber"": ""606"", ""addr:postcode"": ""27701"", ""addr:state"": ""NC"", ""addr:street"": ""Fayetteville Street"", ""amenity"": ""restaurant"", ""building"": ""yes"", ""contact:phone"": ""+1-984-244-0174"", ""cuisine"": ""shaved_ice"", ""name"": ""Pelican's SnoBalls"", ""opening_hours"": ""Jun-Sep Mo-Su 11:00-22:00"", ""opening_hours:note"": ""The months are NOT ACCURATE! All information available about the months was \""Summer\""."", ""source"": ""microsoft/BuildingFootprints"", ""website"": ""https://pelicanssnoballs.com/locations/nc/durham/49/""}"
DUR-01,way,821937914,,leisure,swimming_pool,Polygon,unnamed_not_inherently_meaningful,"{""leisure"": ""swimming_pool""}"
DUR-01,way,1063459660,SpringHill Suites Durham City View,tourism,hotel,Polygon,retained:named_poi,"{""addr:city"": ""Durham"", ""addr:housenumber"": ""705"", ""addr:postcode"": ""27701"", ""addr:state"": ""NC"", ""addr:street"": ""South Mangum Street"", ""branch"": ""Durham City View"", ""brand"": ""SpringHill Suites"", ""brand:wikidata"": ""Q7580351"", ""building"": ""yes"", ""name"": ""SpringHill Suites Durham City View"", ""official_name"": ""SpringHill Suites by Marriott"", ""phone"": ""+1 984-983-8003"", ""ref"": ""RDUSS"", ""tourism"": ""hotel"", ""website"": ""https://www.marriott.com/en-us/hotels/rduss-springhill-suites-durham-city-view/overview/""}"
DUR-01,way,1063459664,Extra Space Storage,shop,storage_rental,Polygon,retained:named_poi,"{""addr:city"": ""Durham"", ""addr:housenumber"": ""355"", ""addr:postcode"": ""27701"", ""addr:state"": ""NC"", ""addr:street"": ""Morehead Avenue"", ""brand"": ""Extra Space Storage"", ""brand:wikidata"": ""Q5422162"", ""building"": ""yes"", ""name"": ""Extra Space Storage"", ""shop"": ""storage_rental""}"
DUR-01,way,1340429436,,amenity,parking,Polygon,low_value_category,"{""amenity"": ""parking"", ""parking"": ""surface"", ""surface"": ""asphalt""}"
DUR-01,way,1340429437,,amenity,parking,Polygon,low_value_category,"{""amenity"": ""parking"", ""parking"": ""surface"", ""surface"": ""asphalt""}"
DUR-01,way,1340429438,,amenity,parking,Polygon,low_value_category,"{""amenity"": ""parking"", ""parking"": ""surface"", ""surface"": ""asphalt""}"
DUR-01,way,1340429439,,amenity,parking,Polygon,low_value_category,"{""amenity"": ""parking"", ""parking"": ""surface"", ""surface"": ""asphalt""}"
DUR-02,node,300030988,,amenity,parking_entrance,Point,low_value_category,"{""amenity"": ""parking_entrance""}"
DUR-02,node,317494807,,amenity,bicycle_parking,Point,low_value_category,"{""amenity"": ""bicycle_parking""}"
DUR-02,node,317495415,,amenity,bicycle_parking,Point,low_value_category,"{""amenity"": ""bicycle_parking""}"
DUR-02,node,319195120,Medical Center Library,amenity,library,Point,retained:named_poi,"{""amenity"": ""library"", ""name"": ""Medical Center Library"", ""operator:type"": ""university"", ""ref"": ""OCLC-NDK""}"
DUR-02,node,319206749,,amenity,parking_entrance,Point,low_value_category,"{""amenity"": ""parking_entrance""}"
DUR-02,node,357810838,Duke Divinity School,amenity,school,Point,retained:named_poi,"{""amenity"": ""school"", ""ele"": ""120"", ""gnis:feature_id"": ""1026037"", ""name"": ""Duke Divinity School""}"
DUR-02,node,357813474,Durham Friends Meetinghouse,amenity,place_of_worship,Point,retained:named_poi,"{""amenity"": ""place_of_worship"", ""ele"": ""121"", ""gnis:feature_id"": ""2454344"", ""name"": ""Durham Friends Meetinghouse""}"
DUR-02,node,367908456,Bell Medical Research Building,amenity,doctors,Point,retained:named_poi,"{""addr:city"": ""Durham"", ""addr:housenumber"": ""215"", ""addr:postcode"": ""27705"", ""addr:state"": ""NC"", ""addr:street"": ""Trent Drive"", ""amenity"": ""doctors"", ""ele"": ""116"", ""gnis:feature_id"": ""1007599"", ""name"": ""Bell Medical Research Building"", ""source"": ""USGS Geonames"", ""source:addr"": ""Durham Open Data""}"
DUR-02,node,367910963,Page Auditorium,amenity,theatre,Point,retained:named_poi,"{""addr:state"": ""NC"", ""amenity"": ""theatre"", ""ele"": ""117"", ""gnis:feature_id"": ""1007595"", ""name"": ""Page Auditorium"", ""source"": ""USGS Geonames""}"
DUR-02,node,429383590,,amenity,bicycle_parking,Point,low_value_category,"{""amenity"": ""bicycle_parking""}"
DUR-02,node,429383591,,amenity,bicycle_parking,Point,low_value_category,"{""amenity"": ""bicycle_parking""}"
DUR-02,node,553748730,Beyu Blue,amenity,cafe,Point,retained:named_poi,"{""amenity"": ""cafe"", ""name"": ""Beyu Blue""}"
DUR-02,node,560026364,,amenity,bicycle_parking,Point,low_value_category,"{""amenity"": ""bicycle_parking""}"
DUR-02,node,600919134,Erwin Rd at LaSalle St (EB),public_transport,platform,Point,transport_platform_infrastructure,"{""bus"": ""yes"", ""highway"": ""bus_stop"", ""name"": ""Erwin Rd at LaSalle St (EB)"", ""network"": ""GoDurham;GoTriangle"", ""public_transport"": ""platform"", ""ref"": ""5460"", ""shelter"": ""no""}"
DUR-02,node,603643287,Erwin Rd at Research Dr,public_transport,platform,Point,transport_platform_infrastructure,"{""bus"": ""yes"", ""highway"": ""bus_stop"", ""name"": ""Erwin Rd at Research Dr"", ""network"": ""Duke;GoDurham"", ""public_transport"": ""platform"", ""ref"": ""5106""}"
DUR-02,node,767281361,,amenity,parking_entrance,Point,low_value_category,"{""amenity"": ""parking_entrance""}"
DUR-02,node,1424781767,Pitchfork Provisions,amenity,restaurant,Point,retained:named_poi,"{""amenity"": ""restaurant"", ""name"": ""Pitchfork Provisions""}"
DUR-02,node,1512462676,East Campus Quad,public_transport,platform,Point,transport_platform_infrastructure,"{""bench"": ""yes"", ""bin"": ""no"", ""bus"": ""yes"", ""highway"": ""bus_stop"", ""lit"": ""yes"", ""name"": ""East Campus Quad"", ""network"": ""Duke Transit"", ""operator"": ""Duke University"", ""public_transport"": ""platform"", ""ref"": ""12003"", ""shelter"": ""no"", ""tactile_paving"": ""no""}"
DUR-02,node,1643297897,,amenity,bicycle_parking,Point,low_value_category,"{""amenity"": ""bicycle_parking"", ""capacity"": ""7"", ""covered"": ""no""}"
DUR-02,node,1643297899,,amenity,bicycle_parking,Point,low_value_category,"{""amenity"": ""bicycle_parking"", ""capacity"": ""8"", ""covered"": ""no""}"
DUR-02,node,1660996001,,amenity,bicycle_parking,Point,low_value_category,"{""amenity"": ""bicycle_parking"", ""capacity"": ""14"", ""covered"": ""no""}"
DUR-02,node,1896559929,,amenity,recycling,Point,low_value_category,"{""amenity"": ""recycling"", ""recycling:paper"": ""yes"", ""recycling_type"": ""container""}"
DUR-02,node,1896559938,,amenity,recycling,Point,low_value_category,"{""amenity"": ""recycling"", ""recycling:cans"": ""yes"", ""recycling:paper"": ""yes"", ""recycling_type"": ""container""}"
DUR-02,node,1896559942,,amenity,recycling,Point,low_value_category,"{""amenity"": ""recycling"", ""recycling:cans"": ""yes"", ""recycling:glass"": ""yes"", ""recycling:paper"": ""yes"", ""recycling_type"": ""container""}"
DUR-02,node,1896559945,,amenity,recycling,Point,low_value_category,"{""amenity"": ""recycling"", ""recycling:cans"": ""yes"", ""recycling:glass"": ""yes"", ""recycling:scrap_metal"": ""yes"", ""recycling_type"": ""container""}"
DUR-02,node,1896559949,,amenity,recycling,Point,low_value_category,"{""amenity"": ""recycling"", ""recycling:cans"": ""yes"", ""recycling:glass"": ""yes"", ""recycling:scrap_metal"": ""yes"", ""recycling_type"": ""container""}"
DUR-02,node,1896559950,,amenity,recycling,Point,low_value_category,"{""amenity"": ""recycling"", ""recycling:batteries"": ""yes"", ""recycling:paper"": ""yes"", ""recycling_type"": ""container""}"
DUR-02,node,1896924371,,amenity,recycling,Point,low_value_category,"{""amenity"": ""recycling"", ""layer"": ""3"", ""recycling:cans"": ""yes"", ""recycling:paper"": ""yes"", ""recycling_type"": ""container""}"
DUR-02,node,1896924388,,amenity,recycling,Point,low_value_category,"{""amenity"": ""recycling"", ""layer"": ""1"", ""recycling:cans"": ""yes"", ""recycling:paper"": ""yes"", ""recycling:scrap_metal"": ""no"", ""recycling_type"": ""container""}"
DUR-02,node,1908435111,,public_transport,platform,Point,transport_platform_infrastructure,"{""bus"": ""yes"", ""highway"": ""bus_stop"", ""public_transport"": ""platform"", ""shelter"": ""no"", ""tactile_paving"": ""no""}"
DUR-02,node,2332379244,Anderson St at Mill Village,public_transport,platform,Point,transport_platform_infrastructure,"{""bus"": ""yes"", ""highway"": ""bus_stop"", ""name"": ""Anderson St at Mill Village"", ""network"": ""Duke"", ""public_transport"": ""platform"", ""ref"": ""12051""}"
DUR-02,node,2643994090,,amenity,bicycle_parking,Point,low_value_category,"{""amenity"": ""bicycle_parking"", ""bicycle_parking"": ""stands"", ""capacity"": ""7"", ""check_date"": ""2024-05-29"", ""covered"": ""yes""}"
DUR-02,node,2643994152,,amenity,bicycle_parking,Point,low_value_category,"{""amenity"": ""bicycle_parking"", ""bicycle_parking"": ""stands"", ""capacity"": ""7"", ""check_date"": ""2024-05-29"", ""covered"": ""yes""}"
DUR-02,node,2644242700,,amenity,bicycle_parking,Point,low_value_category,"{""amenity"": ""bicycle_parking"", ""capacity"": ""14"", ""covered"": ""no""}"
DUR-02,node,2644307873,,amenity,bicycle_parking,Point,low_value_category,"{""amenity"": ""bicycle_parking"", ""capacity"": ""14"", ""covered"": ""no""}"
DUR-02,node,2644309813,,amenity,bicycle_parking,Point,low_value_category,"{""amenity"": ""bicycle_parking"", ""capacity"": ""14"", ""covered"": ""no""}"
DUR-02,node,2644310794,,amenity,bicycle_parking,Point,low_value_category,"{""amenity"": ""bicycle_parking"", ""bicycle_parking"": ""stands"", ""capacity"": ""21"", ""covered"": ""yes""}"
DUR-02,node,2644312256,,amenity,bicycle_parking,Point,low_value_category,"{""amenity"": ""bicycle_parking"", ""bicycle_parking"": ""stands"", ""capacity"": ""21"", ""covered"": ""yes""}"
DUR-02,node,2644313342,,amenity,bicycle_parking,Point,low_value_category,"{""amenity"": ""bicycle_parking"", ""capacity"": ""14"", ""covered"": ""no""}"
DUR-02,node,2644316066,,amenity,bicycle_parking,Point,low_value_category,"{""amenity"": ""bicycle_parking"", ""capacity"": ""7"", ""covered"": ""no""}"
DUR-02,node,2644318887,,amenity,bicycle_parking,Point,low_value_category,"{""amenity"": ""bicycle_parking"", ""capacity"": ""28"", ""covered"": ""no""}"
DUR-02,node,2644338387,,amenity,bicycle_parking,Point,low_value_category,"{""amenity"": ""bicycle_parking"", ""bicycle_parking"": ""stands"", ""capacity"": ""14"", ""covered"": ""no""}"
DUR-02,node,2644339300,,amenity,bicycle_parking,Point,low_value_category,"{""amenity"": ""bicycle_parking"", ""capacity"": ""14"", ""covered"": ""no""}"
DUR-02,node,2644341178,,amenity,bicycle_parking,Point,low_value_category,"{""amenity"": ""bicycle_parking"", ""bicycle_parking"": ""stands"", ""capacity"": ""14"", ""check_date"": ""2024-05-29"", ""covered"": ""no""}"
DUR-02,node,2644345867,,amenity,bicycle_parking,Point,low_value_category,"{""amenity"": ""bicycle_parking"", ""capacity"": ""8"", ""covered"": ""no""}"
DUR-02,node,2644378449,,amenity,bicycle_parking,Point,low_value_category,"{""amenity"": ""bicycle_parking"", ""capacity"": ""8"", ""covered"": ""no""}"
DUR-02,node,2644379743,,amenity,bicycle_parking,Point,low_value_category,"{""amenity"": ""bicycle_parking"", ""capacity"": ""14"", ""covered"": ""no""}"
DUR-02,node,2644381936,,amenity,bicycle_parking,Point,low_value_category,"{""amenity"": ""bicycle_parking"", ""capacity"": ""14"", ""covered"": ""no""}"
DUR-02,node,2644383466,,amenity,bicycle_parking,Point,low_value_category,"{""amenity"": ""bicycle_parking"", ""capacity"": ""14"", ""covered"": ""no""}"
DUR-02,node,2644384459,,amenity,bicycle_parking,Point,low_value_category,"{""amenity"": ""bicycle_parking"", ""capacity"": ""28"", ""covered"": ""no""}"
DUR-02,node,2644386893,,amenity,bicycle_parking,Point,low_value_category,"{""amenity"": ""bicycle_parking"", ""capacity"": ""28"", ""covered"": ""yes""}"
DUR-02,node,2644391985,,amenity,bicycle_parking,Point,low_value_category,"{""amenity"": ""bicycle_parking"", ""capacity"": ""14"", ""covered"": ""no""}"
DUR-02,node,2644393445,,amenity,bicycle_parking,Point,low_value_category,"{""amenity"": ""bicycle_parking"", ""capacity"": ""14""}"
DUR-02,node,2644394155,,amenity,bicycle_parking,Point,low_value_category,"{""amenity"": ""bicycle_parking"", ""capacity"": ""14"", ""covered"": ""no""}"
DUR-02,node,2644398168,,amenity,bicycle_parking,Point,low_value_category,"{""amenity"": ""bicycle_parking"", ""capacity"": ""12"", ""covered"": ""no"", ""loc_ref"": ""Bay 9 North""}"
DUR-02,node,2644472526,,amenity,bicycle_parking,Point,low_value_category,"{""amenity"": ""bicycle_parking"", ""capacity"": ""12"", ""covered"": ""no"", ""loc_ref"": ""Bay 5 North""}"
DUR-02,node,2644472779,,amenity,bicycle_parking,Point,low_value_category,"{""amenity"": ""bicycle_parking"", ""capacity"": ""15"", ""covered"": ""no"", ""loc_ref"": ""Bay 6 South""}"
DUR-02,node,2644473085,,amenity,bicycle_parking,Point,low_value_category,"{""amenity"": ""bicycle_parking"", ""capacity"": ""20"", ""covered"": ""no"", ""loc_ref"": ""Bay 2 South""}"
DUR-02,node,2644473726,,amenity,bicycle_parking,Point,low_value_category,"{""amenity"": ""bicycle_parking"", ""capacity"": ""7"", ""covered"": ""no""}"
DUR-02,node,2644477360,,amenity,bicycle_parking,Point,low_value_category,"{""amenity"": ""bicycle_parking"", ""capacity"": ""8""}"
DUR-02,node,2645791833,,amenity,bicycle_parking,Point,low_value_category,"{""amenity"": ""bicycle_parking"", ""capacity"": ""8"", ""covered"": ""no""}"
DUR-02,node,2645794565,,amenity,bicycle_parking,Point,low_value_category,"{""amenity"": ""bicycle_parking"", ""capacity"": ""8"", ""covered"": ""no""}"
DUR-02,node,2645939619,,amenity,bicycle_parking,Point,low_value_category,"{""amenity"": ""bicycle_parking"", ""capacity"": ""8"", ""covered"": ""no""}"
DUR-02,node,2645941635,,amenity,bicycle_parking,Point,low_value_category,"{""amenity"": ""bicycle_parking"", ""capacity"": ""8"", ""covered"": ""no""}"
DUR-02,node,2645944245,,amenity,bicycle_parking,Point,low_value_category,"{""amenity"": ""bicycle_parking"", ""capacity"": ""14"", ""covered"": ""no""}"
DUR-02,node,2645987706,,amenity,bicycle_parking,Point,low_value_category,"{""amenity"": ""bicycle_parking"", ""capacity"": ""6"", ""covered"": ""no""}"
DUR-02,node,2669002801,,amenity,bicycle_parking,Point,low_value_category,"{""amenity"": ""bicycle_parking"", ""capacity"": ""21"", ""covered"": ""no""}"
DUR-02,node,2669004989,,amenity,bicycle_parking,Point,low_value_category,"{""amenity"": ""bicycle_parking"", ""capacity"": ""42"", ""covered"": ""no""}"
DUR-02,node,2669005091,,amenity,bicycle_parking,Point,low_value_category,"{""amenity"": ""bicycle_parking"", ""capacity"": ""14"", ""covered"": ""no""}"
DUR-02,node,2677550341,,amenity,bicycle_parking,Point,low_value_category,"{""amenity"": ""bicycle_parking"", ""capacity"": ""28"", ""covered"": ""no""}"
DUR-02,node,2677551547,,amenity,bicycle_parking,Point,low_value_category,"{""amenity"": ""bicycle_parking"", ""bicycle_parking"": ""wall_loops"", ""capacity"": ""42"", ""covered"": ""no""}"
DUR-02,node,2677552091,,amenity,bicycle_parking,Point,low_value_category,"{""amenity"": ""bicycle_parking"", ""capacity"": ""14"", ""covered"": ""no""}"
DUR-02,node,2677554185,,amenity,bicycle_parking,Point,low_value_category,"{""amenity"": ""bicycle_parking"", ""capacity"": ""14"", ""covered"": ""no""}"
DUR-02,node,2677555386,,amenity,bicycle_parking,Point,low_value_category,"{""amenity"": ""bicycle_parking"", ""capacity"": ""14"", ""covered"": ""no""}"
DUR-02,node,2677555994,,amenity,bicycle_parking,Point,low_value_category,"{""amenity"": ""bicycle_parking"", ""capacity"": ""7"", ""covered"": ""no""}"
DUR-02,node,2677557613,,amenity,bicycle_parking,Point,low_value_category,"{""amenity"": ""bicycle_parking"", ""capacity"": ""28"", ""covered"": ""no""}"
DUR-02,node,2677574578,,amenity,bicycle_parking,Point,low_value_category,"{""amenity"": ""bicycle_parking"", ""capacity"": ""21"", ""covered"": ""no""}"
DUR-02,node,2677576704,,amenity,bicycle_parking,Point,low_value_category,"{""amenity"": ""bicycle_parking"", ""capacity"": ""36"", ""covered"": ""no""}"
DUR-02,node,2677593316,,amenity,bicycle_parking,Point,low_value_category,"{""amenity"": ""bicycle_parking"", ""capacity"": ""7"", ""covered"": ""no""}"
DUR-02,node,2677593324,,amenity,bicycle_parking,Point,low_value_category,"{""amenity"": ""bicycle_parking"", ""capacity"": ""14"", ""covered"": ""no""}"
DUR-02,node,2677595013,,amenity,bicycle_parking,Point,low_value_category,"{""amenity"": ""bicycle_parking"", ""capacity"": ""42"", ""covered"": ""no""}"
DUR-02,node,2742429779,,amenity,bicycle_parking,Point,low_value_category,"{""amenity"": ""bicycle_parking"", ""capacity"": ""7"", ""covered"": ""no""}"
DUR-02,node,2742432719,,amenity,bicycle_parking,Point,low_value_category,"{""amenity"": ""bicycle_parking"", ""bicycle_parking"": ""stands"", ""capacity"": ""30"", ""covered"": ""no""}"
DUR-02,node,2742434087,,amenity,bicycle_parking,Point,low_value_category,"{""amenity"": ""bicycle_parking"", ""bicycle_parking"": ""stands"", ""capacity"": ""42"", ""covered"": ""no""}"
DUR-02,node,2742435552,,amenity,bicycle_parking,Point,low_value_category,"{""amenity"": ""bicycle_parking"", ""capacity"": ""28"", ""covered"": ""no""}"
DUR-02,node,2742436228,,amenity,bicycle_parking,Point,low_value_category,"{""amenity"": ""bicycle_parking"", ""bicycle_parking"": ""stands"", ""capacity"": ""56"", ""covered"": ""no""}"
DUR-02,node,2742437270,,amenity,bicycle_parking,Point,low_value_category,"{""amenity"": ""bicycle_parking"", ""capacity"": ""21"", ""covered"": ""no""}"
DUR-02,node,2742439351,,amenity,bicycle_parking,Point,low_value_category,"{""amenity"": ""bicycle_parking"", ""capacity"": ""14"", ""covered"": ""no""}"
DUR-02,node,2742440691,,amenity,bicycle_parking,Point,low_value_category,"{""amenity"": ""bicycle_parking"", ""capacity"": ""14"", ""covered"": ""no""}"
DUR-02,node,2742441657,,amenity,bicycle_parking,Point,low_value_category,"{""amenity"": ""bicycle_parking"", ""capacity"": ""28"", ""covered"": ""no""}"
DUR-02,node,2742739543,,amenity,bicycle_parking,Point,low_value_category,"{""amenity"": ""bicycle_parking"", ""bicycle_parking"": ""stands"", ""capacity"": ""28"", ""covered"": ""no""}"
DUR-02,node,2742741494,,amenity,bicycle_parking,Point,low_value_category,"{""amenity"": ""bicycle_parking"", ""bicycle_parking"": ""wall_loops"", ""capacity"": ""28"", ""covered"": ""no""}"
DUR-02,node,2742744121,,amenity,bicycle_parking,Point,low_value_category,"{""amenity"": ""bicycle_parking"", ""capacity"": ""14"", ""covered"": ""no""}"
DUR-02,node,2742746243,,amenity,bicycle_parking,Point,low_value_category,"{""amenity"": ""bicycle_parking"", ""capacity"": ""14"", ""covered"": ""no""}"
DUR-02,node,2742756580,,amenity,bicycle_parking,Point,low_value_category,"{""amenity"": ""bicycle_parking"", ""capacity"": ""14"", ""covered"": ""no""}"
DUR-02,node,2742757793,,amenity,bicycle_parking,Point,low_value_category,"{""amenity"": ""bicycle_parking"", ""capacity"": ""7"", ""covered"": ""no""}"
DUR-02,node,2742759448,,amenity,bicycle_parking,Point,low_value_category,"{""amenity"": ""bicycle_parking"", ""capacity"": ""7"", ""covered"": ""no""}"
DUR-02,node,2742763008,,amenity,bicycle_parking,Point,low_value_category,"{""amenity"": ""bicycle_parking"", ""capacity"": ""18"", ""covered"": ""yes""}"
DUR-02,node,4376977801,JB Duke Hotel,tourism,hotel,Point,retained:named_poi,"{""name"": ""JB Duke Hotel"", ""tourism"": ""hotel""}"
DUR-02,node,4376977802,R. David Thomas Executive Conference Center,tourism,hotel,Point,retained:named_poi,"{""name"": ""R. David Thomas Executive Conference Center"", ""tourism"": ""hotel""}"
DUR-02,node,4552754532,,amenity,recycling,Point,low_value_category,"{""amenity"": ""recycling"", ""level"": ""0"", ""recycling:aluminium_cans"": ""yes"", ""recycling:books"": ""yes"", ""recycling:bottles"": ""yes"", ""recycling:cans"": ""yes"", ""recycling:glass_bottles"": ""yes"", ""recycling:magazines"": ""yes"", ""recycling:newspaper"": ""yes"", ""recycling:plastic_bottles"": ""yes"", ""recycling:steel_cans"": ""yes"", ""recycling:telephone_directories"": ""yes"", ""recycling_type"": ""container""}"
DUR-02,node,4870054736,R.J. Reynolds Industries Theater,amenity,theatre,Point,retained:named_poi,"{""addr:city"": ""Durham"", ""addr:housenumber"": ""125"", ""addr:postcode"": ""27708"", ""addr:state"": ""NC"", ""addr:street"": ""Science Drive"", ""amenity"": ""theatre"", ""name"": ""R.J. Reynolds Industries Theater"", ""operator"": ""Duke University""}"
DUR-02,node,4870054737,Sheafer Laboratory Theater,amenity,theatre,Point,retained:named_poi,"{""addr:city"": ""Durham"", ""addr:housenumber"": ""125"", ""addr:postcode"": ""27708"", ""addr:state"": ""NC"", ""addr:street"": ""Science Drive"", ""amenity"": ""theatre"", ""name"": ""Sheafer Laboratory Theater"", ""operator"": ""Duke University""}"
DUR-02,node,4870054738,Griffith Film Theater,amenity,cinema,Point,retained:named_poi,"{""addr:city"": ""Durham"", ""addr:housenumber"": ""125"", ""addr:postcode"": ""27708"", ""addr:state"": ""NC"", ""addr:street"": ""Science Drive"", ""amenity"": ""cinema"", ""name"": ""Griffith Film Theater""}"
DUR-02,node,4870054739,West Campus Chapel,public_transport,platform,Point,transport_platform_infrastructure,"{""bench"": ""yes"", ""bin"": ""yes"", ""bus"": ""yes"", ""highway"": ""bus_stop"", ""lit"": ""yes"", ""name"": ""West Campus Chapel"", ""network"": ""Duke Transit"", ""operator"": ""Duke University"", ""public_transport"": ""platform"", ""ref"": ""12018"", ""shelter"": ""no"", ""tactile_paving"": ""no""}"
DUR-02,node,4870054740,James B. Duke,tourism,artwork,Point,retained:named_poi,"{""artwork_type"": ""statue"", ""name"": ""James B. Duke"", ""tourism"": ""artwork""}"
DUR-02,node,4870085351,B.N. Duke,tourism,artwork,Point,retained:named_poi,"{""artwork_type"": ""statue"", ""name"": ""B.N. Duke"", ""tourism"": ""artwork""}"
DUR-02,node,5289667745,,leisure,playground,Point,unnamed_not_inherently_meaningful,"{""leisure"": ""playground""}"
DUR-02,node,5289667749,,amenity,parking_entrance,Point,low_value_category,"{""amenity"": ""parking_entrance"", ""parking"": ""multi-storey""}"
DUR-02,node,5651995412,Panda Express,amenity,fast_food,Point,retained:named_poi,"{""amenity"": ""fast_food"", ""brand"": ""Panda Express"", ""brand:wikidata"": ""Q1358690"", ""cuisine"": ""chinese"", ""delivery"": ""yes"", ""fixme:atp"": ""no ATP match, check if still exists"", ""name"": ""Panda Express"", ""opening_hours"": ""Mo-Su 11:00-22:00"", ""takeaway"": ""yes""}"
DUR-02,node,5651995413,Il Forno,amenity,fast_food,Point,retained:named_poi,"{""amenity"": ""fast_food"", ""check_date:opening_hours"": ""2023-02-19"", ""cuisine"": ""italian;pizza"", ""diet:vegetarian"": ""yes"", ""name"": ""Il Forno"", ""opening_hours"": ""Mo-Su 11:00-20:00"", ""website"": ""http://ilfornokitchen.com/""}"
DUR-02,node,5651995414,Au Bon Pain,amenity,fast_food,Point,retained:named_poi,"{""amenity"": ""fast_food"", ""brand"": ""Au Bon Pain"", ""brand:wikidata"": ""Q4818942"", ""cuisine"": ""sandwich"", ""name"": ""Au Bon Pain"", ""opening_hours"": ""Mo-Su 07:00-20:00"", ""takeaway"": ""yes"", ""website"": ""https://www.aubonpain.com/stores/duke-university-bryan-university-center-1st-fl-upper-level""}"
DUR-02,node,5651995415,Tandoor,amenity,fast_food,Point,retained:named_poi,"{""amenity"": ""fast_food"", ""check_date:opening_hours"": ""2023-02-19"", ""cuisine"": ""indian"", ""diet:vegetarian"": ""yes"", ""name"": ""Tandoor"", ""opening_hours"": ""Mo-Su 11:00-20:00"", ""takeaway"": ""yes""}"
DUR-02,node,5651995416,The Loop Pizza Grill,amenity,fast_food,Point,retained:named_poi,"{""amenity"": ""fast_food"", ""cuisine"": ""burger;pizza;salad;sandwich"", ""diet:gluten_free"": ""yes"", ""diet:vegan"": ""yes"", ""diet:vegetarian"": ""yes"", ""name"": ""The Loop Pizza Grill"", ""opening_hours"": ""Su-Th 11:00-24:00, Fr-Sa 11:00-02:00"", ""takeaway"": ""yes"", ""website"": ""https://www.looppizzagrill.com/locations/durhamduke-university.aspx""}"
DUR-02,node,5791152077,Brody Theater,amenity,theatre,Point,retained:named_poi,"{""addr:city"": ""Durham"", ""addr:housenumber"": ""5"", ""addr:postcode"": ""27708"", ""addr:state"": ""NC"", ""addr:street"": ""Brodie Gym Drive"", ""amenity"": ""theatre"", ""name"": ""Brody Theater"", ""operator"": ""Duke University""}"
DUR-02,node,5808304716,Duke Department of Health,healthcare,yes,Point,retained:named_poi,"{""fixme"": ""This might not exist, because it comes from an OSM note."", ""healthcare"": ""yes"", ""name"": ""Duke Department of Health""}"
DUR-02,node,6507397951,Erwin Rd at Cameron Blvd (NB),public_transport,platform,Point,transport_platform_infrastructure,"{""bus"": ""yes"", ""highway"": ""bus_stop"", ""name"": ""Erwin Rd at Cameron Blvd (NB)"", ""network"": ""GoTriangle"", ""public_transport"": ""platform"", ""ref"": ""1078""}"
DUR-02,node,6507397952,Towerview at Circuit Dr,public_transport,platform,Point,transport_platform_infrastructure,"{""bus"": ""yes"", ""fixme"": ""find out which side of the road this bus stop is on"", ""highway"": ""bus_stop"", ""name"": ""Towerview at Circuit Dr"", ""network"": ""Duke"", ""public_transport"": ""platform"", ""ref"": ""13005""}"
DUR-02,node,6507456753,Science Dr at Cameron Blvd (David Thomas Center),public_transport,platform,Point,transport_platform_infrastructure,"{""bus"": ""yes"", ""highway"": ""bus_stop"", ""name"": ""Science Dr at Cameron Blvd (David Thomas Center)"", ""network"": ""Duke"", ""public_transport"": ""platform"", ""ref"": ""13025""}"
DUR-02,node,6507456754,West Campus Grounds Lot,public_transport,platform,Point,transport_platform_infrastructure,"{""bus"": ""yes"", ""highway"": ""bus_stop"", ""name"": ""West Campus Grounds Lot"", ""network"": ""Duke"", ""public_transport"": ""platform"", ""ref"": ""12001""}"
DUR-02,node,6507463562,Science Dr at Bassett Dr (NB),public_transport,platform,Point,transport_platform_infrastructure,"{""bus"": ""yes"", ""highway"": ""bus_stop"", ""name"": ""Science Dr at Bassett Dr (NB)"", ""network"": ""Duke"", ""public_transport"": ""platform"", ""ref"": ""13016""}"
DUR-02,node,6509715575,Research Dr at Erwin Rd,public_transport,platform,Point,transport_platform_infrastructure,"{""bus"": ""yes"", ""highway"": ""bus_stop"", ""name"": ""Research Dr at Erwin Rd"", ""network"": ""GoDurham"", ""public_transport"": ""platform"", ""ref"": ""6675""}"
DUR-02,node,6509715578,Research Dr at Circuit Dr,public_transport,platform,Point,transport_platform_infrastructure,"{""bus"": ""yes"", ""highway"": ""bus_stop"", ""name"": ""Research Dr at Circuit Dr"", ""network"": ""Duke;GoDurham"", ""public_transport"": ""platform"", ""ref"": ""6670""}"
DUR-02,node,6509747106,Buchanan Blvd at Trinity Ave (SB),public_transport,platform,Point,transport_platform_infrastructure,"{""bus"": ""yes"", ""highway"": ""bus_stop"", ""name"": ""Buchanan Blvd at Trinity Ave (SB)"", ""network"": ""GoDurham"", ""public_transport"": ""platform"", ""ref"": ""5962"", ""shelter"": ""no""}"
DUR-02,node,6509747124,Trent Dr at Duke Circle Parking Deck,public_transport,platform,Point,transport_platform_infrastructure,"{""bus"": ""yes"", ""highway"": ""bus_stop"", ""name"": ""Trent Dr at Duke Circle Parking Deck"", ""network"": ""Duke;GoDurham"", ""public_transport"": ""platform"", ""ref"": ""5081""}"
DUR-02,node,6509747143,Trent Dr at Erwin Rd (Clipp Research Bldg),public_transport,platform,Point,transport_platform_infrastructure,"{""bus"": ""yes"", ""highway"": ""bus_stop"", ""name"": ""Trent Dr at Erwin Rd (Clipp Research Bldg)"", ""network"": ""Duke;GoDurham"", ""public_transport"": ""platform"", ""ref"": ""6499""}"
DUR-02,node,6509747171,Erwin Rd at Downing St (EB),public_transport,platform,Point,transport_platform_infrastructure,"{""bus"": ""yes"", ""highway"": ""bus_stop"", ""name"": ""Erwin Rd at Downing St (EB)"", ""network"": ""GoDurham;GoTriangle"", ""public_transport"": ""platform"", ""ref"": ""5165""}"
DUR-02,node,6509747175,Buchanan Blvd at Gloria Ave (SB),public_transport,platform,Point,transport_platform_infrastructure,"{""bus"": ""yes"", ""highway"": ""bus_stop"", ""name"": ""Buchanan Blvd at Gloria Ave (SB)"", ""network"": ""GoDurham"", ""network:wikidata"": ""Q5316462"", ""public_transport"": ""platform"", ""ref"": ""5785""}"
DUR-02,node,6509747386,Oregon St at Pace St,public_transport,platform,Point,transport_platform_infrastructure,"{""bus"": ""yes"", ""highway"": ""bus_stop"", ""name"": ""Oregon St at Pace St"", ""network"": ""Duke"", ""public_transport"": ""platform"", ""ref"": ""13018""}"
DUR-02,node,6509747392,Swift Ave at Campus Dr,public_transport,platform,Point,transport_platform_infrastructure,"{""bus"": ""yes"", ""highway"": ""bus_stop"", ""name"": ""Swift Ave at Campus Dr"", ""network"": ""Duke"", ""public_transport"": ""platform"", ""ref"": ""13013""}"
DUR-02,node,6509747394,Campus Dr at Nasher (Eastbound),public_transport,platform,Point,transport_platform_infrastructure,"{""bus"": ""yes"", ""highway"": ""bus_stop"", ""name"": ""Campus Dr at Nasher (Eastbound)"", ""network"": ""Duke"", ""public_transport"": ""platform"", ""ref"": ""13015""}"
DUR-02,node,6509747401,Towerview Rd at Wannamaker Dorm (Outbound),public_transport,platform,Point,transport_platform_infrastructure,"{""bus"": ""yes"", ""highway"": ""bus_stop"", ""name"": ""Towerview Rd at Wannamaker Dorm (Outbound)"", ""network"": ""Duke"", ""public_transport"": ""platform"", ""ref"": ""13011""}"
DUR-02,node,6509747406,Swift Ave at Faber St,public_transport,platform,Point,transport_platform_infrastructure,"{""bus"": ""yes"", ""highway"": ""bus_stop"", ""name"": ""Swift Ave at Faber St"", ""network"": ""Duke"", ""public_transport"": ""platform"", ""ref"": ""13008""}"
DUR-02,node,6509747408,East Campus (Washington Duke Statue),public_transport,platform,Point,transport_platform_infrastructure,"{""bus"": ""yes"", ""highway"": ""bus_stop"", ""name"": ""East Campus (Washington Duke Statue)"", ""network"": ""Duke"", ""public_transport"": ""platform"", ""ref"": ""12130""}"
DUR-02,node,6509747409,Duke Hospital,public_transport,platform,Point,transport_platform_infrastructure,"{""bus"": ""yes"", ""highway"": ""bus_stop"", ""name"": ""Duke Hospital"", ""network"": ""Duke"", ""public_transport"": ""platform"", ""ref"": ""12114""}"
DUR-02,node,6509747411,Towerview Rd at Gross Hall Labs,public_transport,platform,Point,transport_platform_infrastructure,"{""bus"": ""yes"", ""highway"": ""bus_stop"", ""name"": ""Towerview Rd at Gross Hall Labs"", ""network"": ""Duke"", ""public_transport"": ""platform"", ""ref"": ""12124""}"
DUR-02,node,6509747414,Science Dr at Bryan Center Garage,public_transport,platform,Point,transport_platform_infrastructure,"{""bus"": ""yes"", ""highway"": ""bus_stop"", ""name"": ""Science Dr at Bryan Center Garage"", ""network"": ""Duke"", ""public_transport"": ""platform"", ""ref"": ""12123""}"
DUR-02,node,6509747417,Duke Medical Pavilion/Cancer Ctr,public_transport,platform,Point,transport_platform_infrastructure,"{""bus"": ""yes"", ""highway"": ""bus_stop"", ""name"": ""Duke Medical Pavilion/Cancer Ctr"", ""network"": ""Duke"", ""public_transport"": ""platform"", ""ref"": ""12105""}"
DUR-02,node,6509747419,Circuit Dr at North Building,public_transport,platform,Point,transport_platform_infrastructure,"{""bus"": ""yes"", ""highway"": ""bus_stop"", ""name"": ""Circuit Dr at North Building"", ""network"": ""Duke"", ""public_transport"": ""platform"", ""ref"": ""12103""}"
DUR-02,node,6509747420,LaSalle St at Circuit Lot,public_transport,platform,Point,transport_platform_infrastructure,"{""bus"": ""yes"", ""highway"": ""bus_stop"", ""name"": ""LaSalle St at Circuit Lot"", ""network"": ""Duke"", ""public_transport"": ""platform"", ""ref"": ""12102""}"
DUR-02,node,6509747421,Circuit Dr at Circuit Lot Ext (Westbound),public_transport,platform,Point,transport_platform_infrastructure,"{""bus"": ""yes"", ""highway"": ""bus_stop"", ""name"": ""Circuit Dr at Circuit Lot Ext (Westbound)"", ""network"": ""Duke"", ""public_transport"": ""platform"", ""ref"": ""12092""}"
DUR-02,node,6509747424,Towerview Rd at Edens B & C Lots (roundabout),public_transport,platform,Point,transport_platform_infrastructure,"{""bench"": ""no"", ""bus"": ""yes"", ""highway"": ""bus_stop"", ""name"": ""Towerview Rd at Edens B & C Lots (roundabout)"", ""network"": ""Duke"", ""public_transport"": ""platform"", ""ref"": ""12090"", ""shelter"": ""no""}"
DUR-02,node,6509747426,Circuit Dr at F.E.L. Labs (Eastbound),public_transport,platform,Point,transport_platform_infrastructure,"{""bus"": ""yes"", ""highway"": ""bus_stop"", ""name"": ""Circuit Dr at F.E.L. Labs (Eastbound)"", ""network"": ""Duke"", ""public_transport"": ""platform"", ""ref"": ""12093""}"
DUR-02,node,6509747427,Towerview Rd at Wilson Gym (across),public_transport,platform,Point,transport_platform_infrastructure,"{""bus"": ""yes"", ""highway"": ""bus_stop"", ""name"": ""Towerview Rd at Wilson Gym (across)"", ""network"": ""Duke"", ""public_transport"": ""platform"", ""ref"": ""12089""}"
DUR-02,node,6509747429,Yearby Ave at Flowers Dr (GC/DN Westbound),public_transport,platform,Point,transport_platform_infrastructure,"{""bench"": ""no"", ""bin"": ""no"", ""bus"": ""yes"", ""highway"": ""bus_stop"", ""lit"": ""yes"", ""name"": ""Yearby Ave at Flowers Dr (GC/DN Westbound)"", ""network"": ""Duke"", ""public_transport"": ""platform"", ""ref"": ""12082"", ""shelter"": ""no"", ""tactile_paving"": ""no""}"
DUR-02,node,6509747432,Maxwell Ave at Smith Warehouse (EB),public_transport,platform,Point,transport_platform_infrastructure,"{""bus"": ""yes"", ""highway"": ""bus_stop"", ""name"": ""Maxwell Ave at Smith Warehouse (EB)"", ""network"": ""Duke"", ""public_transport"": ""platform"", ""ref"": ""12077""}"
DUR-02,node,6509747435,Anderson St at Campus Dr (Northbound),public_transport,platform,Point,transport_platform_infrastructure,"{""bus"": ""yes"", ""highway"": ""bus_stop"", ""name"": ""Anderson St at Campus Dr (Northbound)"", ""network"": ""Duke"", ""public_transport"": ""platform"", ""ref"": ""12086""}"
DUR-02,node,6509747440,Maxwell Ave at Smith Warehouse (WB),public_transport,platform,Point,transport_platform_infrastructure,"{""bus"": ""yes"", ""highway"": ""bus_stop"", ""name"": ""Maxwell Ave at Smith Warehouse (WB)"", ""network"": ""Duke"", ""public_transport"": ""platform"", ""ref"": ""12071""}"
DUR-02,node,6509747442,Buchanan Blvd at Urban Ave (SB),public_transport,platform,Point,transport_platform_infrastructure,"{""bus"": ""yes"", ""highway"": ""bus_stop"", ""name"": ""Buchanan Blvd at Urban Ave (SB)"", ""network"": ""GoDurham"", ""public_transport"": ""platform"", ""ref"": ""6515""}"
DUR-02,node,6509747447,Circuit Dr at Towerview Rd,public_transport,platform,Point,transport_platform_infrastructure,"{""bus"": ""yes"", ""highway"": ""bus_stop"", ""name"": ""Circuit Dr at Towerview Rd"", ""network"": ""Duke"", ""public_transport"": ""platform"", ""ref"": ""12067""}"
DUR-02,node,6509747448,Science Dr at Fuqua School of Business (NB),public_transport,platform,Point,transport_platform_infrastructure,"{""bench"": ""no"", ""bin"": ""no"", ""bus"": ""yes"", ""highway"": ""bus_stop"", ""name"": ""Science Dr at Fuqua School of Business (NB)"", ""network"": ""Duke"", ""public_transport"": ""platform"", ""ref"": ""12060"", ""shelter"": ""no"", ""tactile_paving"": ""no""}"
DUR-02,node,6509747449,Alexander Ave at Pace St (Pi Kappa Phi),public_transport,platform,Point,transport_platform_infrastructure,"{""bus"": ""yes"", ""highway"": ""bus_stop"", ""name"": ""Alexander Ave at Pace St (Pi Kappa Phi)"", ""network"": ""Duke"", ""public_transport"": ""platform"", ""ref"": ""12056""}"
DUR-02,node,6509747453,Anderson St at Lewis St,public_transport,platform,Point,transport_platform_infrastructure,"{""bus"": ""yes"", ""highway"": ""bus_stop"", ""name"": ""Anderson St at Lewis St"", ""network"": ""Duke"", ""public_transport"": ""platform"", ""ref"": ""12052""}"
DUR-02,node,6509747454,Alexander Ave at Pace St (Ubuntu House),public_transport,platform,Point,transport_platform_infrastructure,"{""bus"": ""yes"", ""highway"": ""bus_stop"", ""name"": ""Alexander Ave at Pace St (Ubuntu House)"", ""network"": ""Duke"", ""public_transport"": ""platform"", ""ref"": ""12057""}"
DUR-02,node,6509747456,Yearby Ave at Anderson St,public_transport,platform,Point,transport_platform_infrastructure,"{""bench"": ""yes"", ""bin"": ""no"", ""bus"": ""yes"", ""highway"": ""bus_stop"", ""lit"": ""no"", ""name"": ""Yearby Ave at Anderson St"", ""network"": ""Duke"", ""public_transport"": ""platform"", ""ref"": ""12050"", ""shelter"": ""no"", ""tactile_paving"": ""no""}"
DUR-02,node,6509747460,Circuit Dr at Circuit Lot (Westbound),public_transport,platform,Point,transport_platform_infrastructure,"{""bus"": ""yes"", ""highway"": ""bus_stop"", ""name"": ""Circuit Dr at Circuit Lot (Westbound)"", ""network"": ""Duke"", ""public_transport"": ""platform"", ""ref"": ""12047""}"
DUR-02,node,6509747461,Circuit Dr at LaSalle (Circuit Lot Eastbound),public_transport,platform,Point,transport_platform_infrastructure,"{""bus"": ""yes"", ""highway"": ""bus_stop"", ""name"": ""Circuit Dr at LaSalle (Circuit Lot Eastbound)"", ""network"": ""Duke"", ""public_transport"": ""platform"", ""ref"": ""12048""}"
DUR-02,node,6509747462,Yearby Ave at H Lot (Westbound),public_transport,platform,Point,transport_platform_infrastructure,"{""bench"": ""yes"", ""bin"": ""no"", ""bus"": ""yes"", ""highway"": ""bus_stop"", ""lit"": ""no"", ""name"": ""Yearby Ave at H Lot (Westbound)"", ""network"": ""Duke"", ""public_transport"": ""platform"", ""ref"": ""12049"", ""shelter"": ""yes"", ""tactile_paving"": ""no""}"
DUR-02,node,6509747464,Research Dr at LSRC Building (SB),public_transport,platform,Point,transport_platform_infrastructure,"{""bus"": ""yes"", ""highway"": ""bus_stop"", ""name"": ""Research Dr at LSRC Building (SB)"", ""network"": ""Duke"", ""public_transport"": ""platform"", ""ref"": ""12045""}"
DUR-02,node,6509747467,Trent Dr at School of Nursing (Southbound),public_transport,platform,Point,transport_platform_infrastructure,"{""bus"": ""yes"", ""highway"": ""bus_stop"", ""name"": ""Trent Dr at School of Nursing (Southbound)"", ""network"": ""Duke"", ""public_transport"": ""platform"", ""ref"": ""12034""}"
DUR-02,node,6509747468,Flowers Dr at Trent Hall (NB),public_transport,platform,Point,transport_platform_infrastructure,"{""bus"": ""yes"", ""highway"": ""bus_stop"", ""name"": ""Flowers Dr at Trent Hall (NB)"", ""network"": ""Duke"", ""public_transport"": ""platform"", ""ref"": ""12038""}"
DUR-02,node,6509747469,Research Dr at Duke Clinic,public_transport,platform,Point,transport_platform_infrastructure,"{""bus"": ""yes"", ""highway"": ""bus_stop"", ""name"": ""Research Dr at Duke Clinic"", ""network"": ""Duke"", ""public_transport"": ""platform"", ""ref"": ""12030"", ""shelter"": ""no""}"
DUR-02,node,6509747472,Science Drive Circle,public_transport,platform,Point,transport_platform_infrastructure,"{""bench"": ""yes"", ""bus"": ""yes"", ""highway"": ""bus_stop"", ""name"": ""Science Drive Circle"", ""network"": ""Duke"", ""public_transport"": ""platform"", ""ref"": ""12027"", ""shelter"": ""yes""}"
DUR-02,node,6509747473,Research Dr at Hudson Hall,public_transport,platform,Point,transport_platform_infrastructure,"{""bus"": ""yes"", ""highway"": ""bus_stop"", ""name"": ""Research Dr at Hudson Hall"", ""network"": ""Duke"", ""public_transport"": ""platform"", ""ref"": ""12029""}"
DUR-02,node,6509747474,Science Dr at Duke Law School,public_transport,platform,Point,transport_platform_infrastructure,"{""bench"": ""no"", ""bin"": ""no"", ""bus"": ""yes"", ""highway"": ""bus_stop"", ""name"": ""Science Dr at Duke Law School"", ""network"": ""Duke"", ""public_transport"": ""platform"", ""ref"": ""12023"", ""shelter"": ""no"", ""tactile_paving"": ""no""}"
DUR-02,node,6509747475,Science Dr at Sanford School of Public Policy,public_transport,platform,Point,transport_platform_infrastructure,"{""bench"": ""no"", ""bin"": ""no"", ""bus"": ""yes"", ""highway"": ""bus_stop"", ""name"": ""Science Dr at Sanford School of Public Policy"", ""network"": ""Duke"", ""public_transport"": ""platform"", ""ref"": ""12024"", ""shelter"": ""no"", ""tactile_paving"": ""no""}"
DUR-02,node,6509747476,Science Dr at Biological Sciences Bldg (Southbound),public_transport,platform,Point,transport_platform_infrastructure,"{""bus"": ""yes"", ""highway"": ""bus_stop"", ""name"": ""Science Dr at Biological Sciences Bldg (Southbound)"", ""network"": ""Duke"", ""public_transport"": ""platform"", ""ref"": ""12025""}"
DUR-02,node,6509747479,Campus Drive At Chapel Circle Eastbound,public_transport,platform,Point,transport_platform_infrastructure,"{""bus"": ""yes"", ""highway"": ""bus_stop"", ""name"": ""Campus Drive At Chapel Circle Eastbound"", ""network"": ""Duke"", ""public_transport"": ""platform"", ""ref"": ""12015""}"
DUR-02,node,6509747481,Towerview Rd at Sanford PPS (Public Policy),public_transport,platform,Point,transport_platform_infrastructure,"{""bench"": ""no"", ""bin"": ""no"", ""bus"": ""yes"", ""highway"": ""bus_stop"", ""lit"": ""no"", ""name"": ""Towerview Rd at Sanford PPS (Public Policy)"", ""network"": ""Duke"", ""public_transport"": ""platform"", ""ref"": ""12021"", ""shelter"": ""no"", ""tactile_paving"": ""no""}"
DUR-02,node,6509747485,Campus Dr at Anderson St (Westbound),public_transport,platform,Point,transport_platform_infrastructure,"{""bus"": ""yes"", ""highway"": ""bus_stop"", ""name"": ""Campus Dr at Anderson St (Westbound)"", ""network"": ""Duke"", ""public_transport"": ""platform"", ""ref"": ""12011""}"
DUR-02,node,6509747489,Campus Dr at Nasher (Westbound),public_transport,platform,Point,transport_platform_infrastructure,"{""bus"": ""yes"", ""highway"": ""bus_stop"", ""name"": ""Campus Dr at Nasher (Westbound)"", ""network"": ""Duke"", ""public_transport"": ""platform"", ""ref"": ""12009""}"
DUR-02,node,6509747493,Gilbert-Addoms Westbound,public_transport,platform,Point,transport_platform_infrastructure,"{""bus"": ""yes"", ""highway"": ""bus_stop"", ""name"": ""Gilbert-Addoms Westbound"", ""network"": ""Duke"", ""public_transport"": ""platform"", ""ref"": ""12002""}"
DUR-02,node,6509747496,Chapel Dr at Duke University Rd (Alumni House),public_transport,platform,Point,transport_platform_infrastructure,"{""bus"": ""yes"", ""highway"": ""bus_stop"", ""name"": ""Chapel Dr at Duke University Rd (Alumni House)"", ""network"": ""Duke;GoDurham;GoTriangle"", ""public_transport"": ""platform"", ""ref"": ""6334""}"
DUR-02,node,6509747497,Towerview Rd at the School of Law,public_transport,platform,Point,transport_platform_infrastructure,"{""bus"": ""yes"", ""highway"": ""bus_stop"", ""name"": ""Towerview Rd at the School of Law"", ""network"": ""Duke"", ""public_transport"": ""platform"", ""ref"": ""13023""}"
DUR-02,node,6509747498,Chapel Dr at Duke University Rd (Duke News),public_transport,platform,Point,transport_platform_infrastructure,"{""bus"": ""yes"", ""highway"": ""bus_stop"", ""name"": ""Chapel Dr at Duke University Rd (Duke News)"", ""network"": ""Duke;GoDurham;GoTriangle"", ""public_transport"": ""platform"", ""ref"": ""6286""}"
DUR-02,node,6509747500,Science Dr at Fuqua School of Business (SB),public_transport,platform,Point,transport_platform_infrastructure,"{""bench"": ""no"", ""bin"": ""no"", ""bus"": ""yes"", ""highway"": ""bus_stop"", ""name"": ""Science Dr at Fuqua School of Business (SB)"", ""network"": ""Duke"", ""public_transport"": ""platform"", ""ref"": ""13024"", ""shelter"": ""no"", ""tactile_paving"": ""no""}"
DUR-02,node,6509747502,Trent Dr at Duke Hospital South (EB),public_transport,platform,Point,transport_platform_infrastructure,"{""bus"": ""yes"", ""highway"": ""bus_stop"", ""name"": ""Trent Dr at Duke Hospital South (EB)"", ""network"": ""Duke;GoDurham;GoTriangle"", ""public_transport"": ""platform"", ""ref"": ""5743""}"
DUR-02,node,6509747507,Trent Dr at Duke Hospital South (WB),public_transport,platform,Point,transport_platform_infrastructure,"{""bus"": ""yes"", ""highway"": ""bus_stop"", ""name"": ""Trent Dr at Duke Hospital South (WB)"", ""network"": ""Duke;GoDurham;GoTriangle"", ""public_transport"": ""platform"", ""ref"": ""5078""}"
DUR-02,node,6548008132,Duke Campus Bookstore,shop,yes,Point,retained:named_poi,"{""name"": ""Duke Campus Bookstore"", ""shop"": ""yes""}"
DUR-02,node,6548008133,McDonald's,amenity,fast_food,Point,retained:named_poi,"{""addr:city"": ""Durham"", ""addr:housenumber"": ""106"", ""addr:postcode"": ""27708"", ""addr:state"": ""NC"", ""addr:street"": ""Bryan Center"", ""amenity"": ""fast_food"", ""brand"": ""McDonald's"", ""brand:wikidata"": ""Q38076"", ""cuisine"": ""burger"", ""internet_access"": ""wlan"", ""name"": ""McDonald's"", ""opening_hours"": ""24/7"", ""phone"": ""+1 919-668-2404"", ""takeaway"": ""yes"", ""website"": ""https://www.mcdonalds.com/us/en-us/location/24758.html""}"
DUR-02,node,6548008134,Duke Student Mailbox Center,amenity,post_office,Point,retained:named_poi,"{""amenity"": ""post_office"", ""name"": ""Duke Student Mailbox Center""}"
DUR-02,node,6548035047,Sazón,amenity,fast_food,Point,retained:named_poi,"{""amenity"": ""fast_food"", ""cuisine"": ""latin_american"", ""drive_through"": ""no"", ""name"": ""Sazón"", ""opening_hours"": ""PH,Mo-Su 11:00-20:00""}"
DUR-02,node,6548035048,The Skillet,amenity,fast_food,Point,retained:named_poi,"{""amenity"": ""fast_food"", ""cuisine"": ""breakfast"", ""name"": ""The Skillet""}"
DUR-02,node,6548035049,Farmstead,amenity,fast_food,Point,retained:named_poi,"{""amenity"": ""fast_food"", ""name"": ""Farmstead""}"
DUR-02,node,6548035050,Ginger and Soy,amenity,fast_food,Point,retained:named_poi,"{""amenity"": ""fast_food"", ""name"": ""Ginger and Soy"", ""opening_hours"": ""PH,Mo-Su 11:00-20:00""}"
DUR-02,node,6548035051,JB's Roast,amenity,fast_food,Point,retained:named_poi,"{""amenity"": ""fast_food"", ""name"": ""JB's Roast""}"
DUR-02,node,6548035052,Devil's Krafthouse,amenity,fast_food,Point,retained:named_poi,"{""amenity"": ""fast_food"", ""name"": ""Devil's Krafthouse""}"
DUR-02,node,6716399805,,historic,monument,Point,unnamed_not_inherently_meaningful,"{""historic"": ""monument""}"
DUR-02,node,7519170431,,amenity,bicycle_parking,Point,low_value_category,"{""amenity"": ""bicycle_parking"", ""capacity"": ""10""}"
DUR-02,node,8542648568,Swift,public_transport,platform,Point,transport_platform_infrastructure,"{""bus"": ""yes"", ""highway"": ""bus_stop"", ""name"": ""Swift"", ""network"": ""Duke University"", ""operator"": ""Duke University"", ""public_transport"": ""platform""}"
DUR-02,node,10049645128,Panera Bread,amenity,fast_food,Point,retained:named_poi,"{""addr:city"": ""Durham"", ""addr:housenumber"": ""416"", ""addr:postcode"": ""27708"", ""addr:state"": ""NC"", ""addr:street"": ""Chapel Drive West"", ""amenity"": ""fast_food"", ""brand"": ""Panera Bread"", ""brand:wikidata"": ""Q7130852"", ""cuisine"": ""sandwich;bakery"", ""name"": ""Panera Bread"", ""opening_hours"": ""07:00-21:00"", ""phone"": ""+1 919-213-6623"", ""short_name"": ""Panera"", ""takeaway"": ""yes"", ""website"": ""https://locations.panerabread.com/nc/durham/416-chapel-drive.html""}"
DUR-02,node,10302343878,Dero,amenity,bicycle_repair_station,Point,low_value_category,"{""amenity"": ""bicycle_repair_station"", ""brand"": ""Dero"", ""note"": ""Duke University Crowell/Student Wellness"", ""opening_hours"": ""24/7"", ""service:bicycle:pump"": ""yes"", ""service:bicycle:tools"": ""yes""}"
DUR-02,node,10302389158,Dero,amenity,bicycle_repair_station,Point,low_value_category,"{""amenity"": ""bicycle_repair_station"", ""brand"": ""Dero"", ""note"": ""Duke University West Residence Hall"", ""opening_hours"": ""24/7"", ""service:bicycle:pump"": ""yes"", ""service:bicycle:tools"": ""yes""}"
DUR-02,node,10587134562,Dero,amenity,bicycle_repair_station,Point,low_value_category,"{""amenity"": ""bicycle_repair_station"", ""brand"": ""Dero"", ""note"": ""Duke University - Rubenstein Hall"", ""opening_hours"": ""24/7"", ""service:bicycle:pump"": ""yes"", ""service:bicycle:tools"": ""yes""}"
DUR-02,node,10587161687,Dero,amenity,bicycle_repair_station,Point,low_value_category,"{""amenity"": ""bicycle_repair_station"", ""brand"": ""Dero"", ""note"": ""Science Drive Parking Garage"", ""opening_hours"": ""24/7"", ""service:bicycle:pump"": ""yes"", ""service:bicycle:tools"": ""yes""}"
DUR-02,node,10587166326,Dero,amenity,bicycle_repair_station,Point,low_value_category,"{""amenity"": ""bicycle_repair_station"", ""brand"": ""Dero"", ""note"": ""Research Drive Parking Garage"", ""opening_hours"": ""24/7"", ""service:bicycle:pump"": ""yes"", ""service:bicycle:tools"": ""yes""}"
DUR-02,node,11829174401,,amenity,bicycle_parking,Point,low_value_category,"{""amenity"": ""bicycle_parking""}"
DUR-02,node,11943458152,,amenity,bicycle_parking,Point,low_value_category,"{""amenity"": ""bicycle_parking"", ""bicycle_parking"": ""stands"", ""capacity"": ""6"", ""covered"": ""no""}"
DUR-02,node,11943548748,,amenity,waste_basket,Point,low_value_category,"{""amenity"": ""waste_basket""}"
DUR-02,node,11943553905,,amenity,bench,Point,low_value_category,"{""amenity"": ""bench"", ""backrest"": ""yes""}"
DUR-02,node,11943591652,,amenity,bench,Point,low_value_category,"{""amenity"": ""bench"", ""backrest"": ""yes""}"
DUR-02,node,11943593553,,amenity,waste_basket,Point,low_value_category,"{""amenity"": ""waste_basket""}"
DUR-02,node,11943604539,,amenity,bench,Point,low_value_category,"{""amenity"": ""bench""}"
DUR-02,node,12650229255,,amenity,waste_basket,Point,low_value_category,"{""amenity"": ""waste_basket""}"
DUR-02,node,12650245833,,amenity,waste_basket,Point,low_value_category,"{""amenity"": ""waste_basket""}"
DUR-02,node,12983032933,Saladelia Cafe,amenity,cafe,Point,retained:named_poi,"{""addr:city"": ""Durham"", ""addr:housenumber"": ""411"", ""addr:postcode"": ""27705"", ""addr:state"": ""NC"", ""addr:street"": ""Chapel Drive"", ""amenity"": ""cafe"", ""internet_access"": ""wlan"", ""name"": ""Saladelia Cafe"", ""opening_hours"": ""Mo-Th 08:00-22:00; Fr 08:00-17:00; Sa 12:00-17:00; Su 12:00-22:00"", ""phone"": ""+1-919-684-2049"", ""website"": ""https://www.saladelia.com/location/saladelia-vondy/""}"
DUR-02,node,12983037646,Saladelia Cafe,amenity,cafe,Point,retained:named_poi,"{""addr:city"": ""Durham"", ""addr:housenumber"": ""201"", ""addr:postcode"": ""27705"", ""addr:state"": ""NC"", ""addr:street"": ""Science Drive"", ""amenity"": ""cafe"", ""diet:gluten_free"": ""yes"", ""diet:vegan"": ""yes"", ""diet:vegetarian"": ""yes"", ""internet_access"": ""wlan"", ""name"": ""Saladelia Cafe"", ""opening_hours"": ""Mo-Fr 08:00-15:00"", ""outdoor_seating"": ""yes"", ""phone"": ""+1-919-613-7404"", ""website"": ""https://www.saladelia.com/location/saladelia-sanford/""}"
DUR-02,node,13339410049,Memorial Gym,leisure,sports_hall,Point,retained:named_poi,"{""building:part"": ""sports_hall"", ""leisure"": ""sports_hall"", ""name"": ""Memorial Gym"", ""official_name"": ""Alumni Memorial Gymnasium"", ""sport"": ""multi""}"
DUR-02,way,24493242,Sarah P. Duke Gardens,leisure,park,Polygon,representative_point_outside_region,"{""addr:city"": ""Durham"", ""addr:housenumber"": ""426"", ""addr:postcode"": ""27708"", ""addr:state"": ""NC"", ""addr:street"": ""Anderson Street"", ""alt_name"": ""Sarah P Duke Gardens"", ""leisure"": ""park"", ""name"": ""Sarah P. Duke Gardens"", ""website"": ""https://gardens.duke.edu/"", ""wikidata"": ""Q7422667"", ""wikipedia"": ""en:Sarah P. Duke Gardens""}"
DUR-02,way,27331486,Duke Circle Parking Deck,amenity,parking,Polygon,low_value_category,"{""access"": ""customers"", ""addr:city"": ""Durham"", ""addr:housenumber"": ""302"", ""addr:postcode"": ""27705"", ""addr:state"": ""NC"", ""addr:street"": ""Trent Drive"", ""amenity"": ""parking"", ""building"": ""parking"", ""fee"": ""yes"", ""name"": ""Duke Circle Parking Deck"", ""parking"": ""multi-storey"", ""source:addr"": ""Durham Open Data""}"
DUR-02,way,27331652,School of Nursing,amenity,university,Polygon,retained:named_poi,"{""addr:city"": ""Durham"", ""addr:housenumber"": ""307"", ""addr:postcode"": ""27705"", ""addr:state"": ""NC"", ""addr:street"": ""Trent Drive"", ""amenity"": ""university"", ""building"": ""yes"", ""name"": ""School of Nursing"", ""source:addr"": ""Durham Open Data""}"
DUR-02,way,27407479,Williams Athletic Field,leisure,pitch,Polygon,retained:named_poi,"{""leisure"": ""pitch"", ""name"": ""Williams Athletic Field"", ""sport"": ""field_hockey"", ""surface"": ""artificial_turf""}"
DUR-02,way,27435263,Lilly Library,amenity,library,Polygon,retained:named_poi,"{""addr:city"": ""Durham"", ""addr:housenumber"": ""1348"", ""addr:postcode"": ""27705"", ""addr:state"": ""NC"", ""addr:street"": ""Campus Drive"", ""amenity"": ""library"", ""building"": ""yes"", ""name"": ""Lilly Library"", ""operator:type"": ""university"", ""ref"": ""Lilly"", ""source:addr"": ""Durham Open Data""}"
DUR-02,way,27458925,Bryan Center Parking Garage,amenity,parking,Polygon,low_value_category,"{""access"": ""yes"", ""addr:city"": ""Durham"", ""addr:housenumber"": ""135"", ""addr:postcode"": ""27705"", ""addr:state"": ""NC"", ""addr:street"": ""Science Drive"", ""amenity"": ""parking"", ""building"": ""yes"", ""capacity"": ""350"", ""fee"": ""yes"", ""maxstay"": ""1 day"", ""name"": ""Bryan Center Parking Garage"", ""operator"": ""Duke University"", ""park_ride"": ""no"", ""parking"": ""multi-storey"", ""ref"": ""Parking Garage IV"", ""source:addr"": ""Durham Open Data"", ""surface"": ""concrete""}"
DUR-02,way,27466267,Brodie Recreation Center,leisure,sports_centre,Polygon,retained:named_poi,"{""addr:city"": ""Durham"", ""addr:housenumber"": ""20"", ""addr:postcode"": ""27705"", ""addr:state"": ""NC"", ""addr:street"": ""Brodie Gym Drive"", ""building"": ""yes"", ""leisure"": ""sports_centre"", ""name"": ""Brodie Recreation Center"", ""official_name"": ""Brenda and Keith Brodie Recreation Center"", ""ref"": ""Brodie"", ""source:addr"": ""Durham Open Data"", ""wikidata"": ""Q136101763""}"
DUR-02,way,27705930,,amenity,parking,Polygon,low_value_category,"{""access"": ""private"", ""amenity"": ""parking""}"
DUR-02,way,27919018,,leisure,pitch,Polygon,unnamed_pitch,"{""access"": ""private"", ""leisure"": ""pitch"", ""sport"": ""multi;soccer"", ""surface"": ""grass""}"
DUR-02,way,27995293,Epworth Parking Lot,amenity,parking,Polygon,low_value_category,"{""access"": ""private"", ""addr:city"": ""Durham"", ""addr:housenumber"": ""6"", ""addr:postcode"": ""27705"", ""addr:state"": ""NC"", ""addr:street"": ""Epworth Dorm Lane"", ""amenity"": ""parking"", ""name"": ""Epworth Parking Lot"", ""operator"": ""Duke University Parking & Transportation"", ""parking"": ""surface"", ""source:addr"": ""Durham Open Data""}"
DUR-02,way,27995388,Wilson House/Red Zone,amenity,parking,Polygon,low_value_category,"{""access"": ""private"", ""amenity"": ""parking"", ""capacity"": ""13"", ""name"": ""Wilson House/Red Zone"", ""operator"": ""Duke University Parking & Transportation"", ""parking"": ""surface""}"
DUR-02,way,28001546,Gilbert-Addoms Lot,amenity,parking,Polygon,low_value_category,"{""access"": ""private"", ""amenity"": ""parking"", ""name"": ""Gilbert-Addoms Lot"", ""parking"": ""surface""}"
DUR-02,way,28028728,Randolph Parking Lot,amenity,parking,Polygon,low_value_category,"{""access"": ""private"", ""amenity"": ""parking"", ""capacity"": ""32"", ""name"": ""Randolph Parking Lot"", ""operator"": ""Duke University Parking & Transportaiton"", ""parking"": ""surface""}"
DUR-02,way,28028859,,amenity,parking,Polygon,low_value_category,"{""access"": ""private"", ""amenity"": ""parking""}"
DUR-02,way,28028900,Pegram Parking Lot,amenity,parking,Polygon,low_value_category,"{""access"": ""private"", ""amenity"": ""parking"", ""name"": ""Pegram Parking Lot"", ""parking"": ""surface""}"
DUR-02,way,28264989,Brown Parking Lot,amenity,parking,Polygon,low_value_category,"{""access"": ""private"", ""amenity"": ""parking"", ""name"": ""Brown Parking Lot"", ""parking"": ""street_side""}"
DUR-02,way,28265015,Bivins Parking Lot,amenity,parking,Polygon,low_value_category,"{""access"": ""private"", ""amenity"": ""parking"", ""name"": ""Bivins Parking Lot"", ""parking"": ""surface""}"
DUR-02,way,29020343,McGovern-Davison Children's Health Center,healthcare,clinic,Polygon,retained:named_poi,"{""amenity"": ""clinic"", ""building"": ""yes"", ""healthcare"": ""clinic"", ""healthcare:speciality"": ""paediatrics"", ""name"": ""McGovern-Davison Children's Health Center"", ""phone"": ""+1 919 668 4000""}"
DUR-02,way,29031538,Duke Eye Center,healthcare,clinic,Polygon,retained:named_poi,"{""addr:city"": ""Durham"", ""addr:housenumber"": ""2351"", ""addr:postcode"": ""27705"", ""addr:street"": ""Erwin Road"", ""amenity"": ""clinic"", ""building"": ""yes"", ""healthcare"": ""clinic"", ""healthcare:speciality"": ""ophthalmology"", ""name"": ""Duke Eye Center"", ""opening_hours"": ""Mo-Fr 08:00-17:00"", ""phone"": ""+1 919 681 3937"", ""website"": ""https://www.dukehealth.org/locations/duke-eye-center""}"
DUR-02,way,30424777,Nasher Museum of Art,tourism,museum,Polygon,retained:named_poi,"{""addr:city"": ""Durham"", ""addr:housenumber"": ""2001"", ""addr:postcode"": ""27705"", ""addr:state"": ""NC"", ""addr:street"": ""Campus Drive"", ""building"": ""yes"", ""name"": ""Nasher Museum of Art"", ""operator"": ""Duke University"", ""phone"": ""+1-919-684-5135"", ""tourism"": ""museum"", ""website"": ""https://nasher.duke.edu/"", ""wikidata"": ""Q6966836"", ""wikipedia"": ""en:Nasher Museum of Art""}"
DUR-02,way,32336367,Duke University,amenity,parking,Polygon,low_value_category,"{""access"": ""yes"", ""amenity"": ""parking"", ""capacity"": ""55"", ""fee"": ""yes"", ""operator"": ""Duke University"", ""park_ride"": ""no"", ""parking"": ""surface"", ""supervised"": ""no"", ""surface"": ""paved""}"
DUR-02,way,32684251,Duke Clinic,amenity,clinic,Polygon,retained:named_poi,"{""addr:city"": ""Durham"", ""addr:housenumber"": ""40"", ""addr:postcode"": ""27710"", ""addr:street"": ""Duke Medicine Circle"", ""amenity"": ""clinic"", ""building"": ""yes"", ""name"": ""Duke Clinic"", ""phone"": ""+1 919 684 8111"", ""website"": ""https://www.dukehealth.org/locations/duke-clinic""}"
DUR-02,way,32684295,Duke Cancer Center,healthcare,clinic,Polygon,retained:named_poi,"{""addr:city"": ""Durham"", ""addr:housenumber"": ""20"", ""addr:postcode"": ""27710"", ""addr:street"": ""Duke Medicine Circle"", ""amenity"": ""clinic"", ""building"": ""yes"", ""healthcare"": ""clinic"", ""healthcare:speciality"": ""oncology"", ""name"": ""Duke Cancer Center"", ""phone"": ""+1 919 613 1909"", ""website"": ""https://www.dukehealth.org/locations/duke-cancer-center""}"
DUR-02,way,32685429,,amenity,parking,Polygon,low_value_category,"{""amenity"": ""parking"", ""parking"": ""surface"", ""surface"": ""asphalt""}"
DUR-02,way,32685432,,amenity,parking,Polygon,low_value_category,"{""addr:city"": ""Durham"", ""addr:housenumber"": ""173"", ""addr:postcode"": ""27705"", ""addr:state"": ""NC"", ""addr:street"": ""Circuit Drive"", ""amenity"": ""parking"", ""parking"": ""surface"", ""source:addr"": ""Durham Open Data"", ""surface"": ""asphalt""}"
DUR-02,way,32685521,,amenity,parking,Polygon,low_value_category,"{""amenity"": ""parking""}"
DUR-02,way,34714176,Coombs Field Baseball Stadium,leisure,pitch,Polygon,retained:named_poi,"{""leisure"": ""pitch"", ""name"": ""Coombs Field Baseball Stadium"", ""sport"": ""baseball"", ""wikidata"": ""Q6111807""}"
DUR-02,way,34714205,Ambler Tennis Stadium,leisure,sports_centre,Polygon,retained:named_poi,"{""leisure"": ""sports_centre"", ""name"": ""Ambler Tennis Stadium"", ""sport"": ""tennis"", ""surface"": ""paved""}"
DUR-02,way,34714210,Student Tennis Courts,leisure,pitch,Polygon,retained:named_poi,"{""leisure"": ""pitch"", ""name"": ""Student Tennis Courts"", ""sport"": ""tennis"", ""surface"": ""paved""}"
DUR-02,way,34714259,Koskinen Stadium,leisure,pitch,Polygon,retained:named_poi,"{""leisure"": ""pitch"", ""name"": ""Koskinen Stadium"", ""sport"": ""lacrosse"", ""surface"": ""grass"", ""wikidata"": ""Q6433230""}"
DUR-02,way,34714288,,leisure,pitch,Polygon,unnamed_pitch,"{""leisure"": ""pitch"", ""sport"": ""american_football""}"
DUR-02,way,35085420,,amenity,parking,Polygon,low_value_category,"{""amenity"": ""parking""}"
DUR-02,way,35085463,,leisure,pitch,Polygon,unnamed_pitch,"{""leisure"": ""pitch"", ""sport"": ""lacrosse"", ""surface"": ""grass""}"
DUR-02,way,36884323,Card Gymnasium,leisure,sports_centre,Polygon,retained:named_poi,"{""addr:city"": ""Durham"", ""addr:housenumber"": ""320"", ""addr:postcode"": ""27705"", ""addr:state"": ""NC"", ""addr:street"": ""Towerview Drive"", ""building"": ""yes"", ""leisure"": ""sports_centre"", ""name"": ""Card Gymnasium"", ""source:addr"": ""Durham Open Data"", ""wikidata"": ""Q5038194""}"
DUR-02,way,36884382,Sheffield Tennis Center,leisure,sports_centre,Polygon,retained:named_poi,"{""addr:city"": ""Durham"", ""addr:housenumber"": ""204"", ""addr:postcode"": ""27705"", ""addr:state"": ""NC"", ""addr:street"": ""Wannamaker Drive"", ""building"": ""yes"", ""leisure"": ""sports_centre"", ""name"": ""Sheffield Tennis Center"", ""source:addr"": ""Durham Open Data""}"
DUR-02,way,36884389,Intramural Building,leisure,sports_centre,Polygon,retained:named_poi,"{""addr:city"": ""Durham"", ""addr:housenumber"": ""208"", ""addr:postcode"": ""27705"", ""addr:state"": ""NC"", ""addr:street"": ""Wannamaker Drive"", ""building"": ""yes"", ""leisure"": ""sports_centre"", ""name"": ""Intramural Building"", ""source:addr"": ""Durham Open Data""}"
DUR-02,way,36884459,Wilson Recreation Center,leisure,sports_centre,Polygon,retained:named_poi,"{""addr:city"": ""Durham"", ""addr:housenumber"": ""326"", ""addr:postcode"": ""27705"", ""addr:state"": ""NC"", ""addr:street"": ""Towerview Drive"", ""building"": ""yes"", ""leisure"": ""sports_centre"", ""name"": ""Wilson Recreation Center"", ""source:addr"": ""Durham Open Data""}"
DUR-02,way,44055991,Rubenstein Library,amenity,library,Polygon,retained:named_poi,"{""addr:city"": ""Durham"", ""addr:housenumber"": ""409"", ""addr:postcode"": ""27705"", ""addr:state"": ""NC"", ""addr:street"": ""Chapel Drive"", ""amenity"": ""library"", ""building"": ""yes"", ""name"": ""Rubenstein Library"", ""operator:type"": ""university"", ""source:addr"": ""Durham Open Data""}"
DUR-02,way,44055992,Bostock Library,amenity,library,Polygon,retained:named_poi,"{""amenity"": ""library"", ""building"": ""yes"", ""name"": ""Bostock Library"", ""operator:type"": ""university"", ""source"": ""Bing""}"
DUR-02,way,44506340,,amenity,parking,Polygon,low_value_category,"{""amenity"": ""parking""}"
DUR-02,way,45677645,Smith Warehouse Parking Lot South,amenity,parking,Polygon,low_value_category,"{""access"": ""private"", ""amenity"": ""parking"", ""name"": ""Smith Warehouse Parking Lot South"", ""parking"": ""surface"", ""surface"": ""asphalt""}"
DUR-02,way,47108081,,amenity,parking,Polygon,low_value_category,"{""addr:city"": ""Durham"", ""addr:housenumber"": ""7"", ""addr:postcode"": ""27705"", ""addr:state"": ""NC"", ""addr:street"": ""Sands Parking Drive"", ""amenity"": ""parking"", ""building"": ""yes"", ""parking"": ""multi-storey"", ""source:addr"": ""Durham Open Data""}"
DUR-02,way,47131509,,amenity,parking,Polygon,low_value_category,"{""addr:city"": ""Durham"", ""addr:housenumber"": ""9"", ""addr:postcode"": ""27705"", ""addr:state"": ""NC"", ""addr:street"": ""Circuit Drive"", ""amenity"": ""parking"", ""parking"": ""surface"", ""source:addr"": ""Durham Open Data""}"
DUR-02,way,47279924,,amenity,parking,Polygon,low_value_category,"{""amenity"": ""parking""}"
DUR-02,way,47425268,,amenity,parking,Polygon,low_value_category,"{""access"": ""private"", ""amenity"": ""parking"", ""parking"": ""surface"", ""surface"": ""asphalt""}"
DUR-02,way,57453801,,leisure,stadium,Polygon,unnamed_not_inherently_meaningful,"{""leisure"": ""stadium"", ""sport"": ""baseball""}"
DUR-02,way,75739268,,amenity,parking,Polygon,low_value_category,"{""access"": ""private"", ""amenity"": ""parking""}"
DUR-02,way,80394271,,amenity,parking,Polygon,low_value_category,"{""addr:city"": ""Durham"", ""addr:housenumber"": ""140"", ""addr:postcode"": ""27705"", ""addr:state"": ""NC"", ""addr:street"": ""Circuit Drive"", ""amenity"": ""parking"", ""parking"": ""surface"", ""source:addr"": ""Durham Open Data"", ""surface"": ""asphalt""}"
DUR-02,way,80394272,,amenity,parking,Polygon,low_value_category,"{""addr:city"": ""Durham"", ""addr:housenumber"": ""108"", ""addr:postcode"": ""27705"", ""addr:state"": ""NC"", ""addr:street"": ""Circuit Drive"", ""amenity"": ""parking"", ""parking"": ""surface"", ""source:addr"": ""Durham Open Data"", ""surface"": ""asphalt""}"
DUR-02,way,80394273,,amenity,parking,Polygon,low_value_category,"{""amenity"": ""parking"", ""parking"": ""surface"", ""surface"": ""asphalt""}"
DUR-02,way,103831389,,amenity,parking,Polygon,low_value_category,"{""amenity"": ""parking""}"
DUR-02,way,133334234,,leisure,pitch,Polygon,unnamed_pitch,"{""leisure"": ""pitch""}"
DUR-02,way,133334235,,leisure,pitch,Polygon,unnamed_pitch,"{""addr:city"": ""Durham"", ""addr:housenumber"": ""120"", ""addr:postcode"": ""27705"", ""addr:state"": ""NC"", ""addr:street"": ""Bassett Drive"", ""leisure"": ""pitch"", ""source:addr"": ""Durham Open Data"", ""sport"": ""american_football""}"
DUR-02,way,185375489,East Campus North Quad,leisure,recreation_ground,Polygon,retained:named_poi,"{""leisure"": ""recreation_ground"", ""name"": ""East Campus North Quad""}"
DUR-02,way,185378060,East Campus South Quad,leisure,recreation_ground,Polygon,retained:named_poi,"{""leisure"": ""recreation_ground"", ""name"": ""East Campus South Quad""}"
DUR-02,way,204534584,Biddle Music Parking Lot,amenity,parking,Polygon,low_value_category,"{""amenity"": ""parking"", ""name"": ""Biddle Music Parking Lot""}"
DUR-02,way,242366336,Smith Warehouse Parking Lot South,amenity,parking,Polygon,low_value_category,"{""access"": ""private"", ""amenity"": ""parking"", ""name"": ""Smith Warehouse Parking Lot South"", ""parking"": ""surface"", ""surface"": ""asphalt""}"
DUR-02,way,242366337,Smith Warehouse Parking Lot North,amenity,parking,Polygon,low_value_category,"{""access"": ""private"", ""amenity"": ""parking"", ""name"": ""Smith Warehouse Parking Lot North"", ""parking"": ""surface""}"
DUR-02,way,304110607,Stagg Pavilion,amenity,shelter,Polygon,low_value_category,"{""amenity"": ""shelter"", ""building"": ""yes"", ""building:levels"": ""1"", ""name"": ""Stagg Pavilion"", ""website"": ""https://library.duke.edu/rubenstein/uarchives/history/exhibits/building-names/east/stagg"", ""wheelchair"": ""limited""}"
DUR-02,way,305879102,Duke University Hospital,healthcare,hospital,Polygon,retained:named_poi,"{""addr:city"": ""Durham"", ""addr:housenumber"": ""2301"", ""addr:postcode"": ""27710"", ""addr:street"": ""Erwin Road"", ""amenity"": ""hospital"", ""building"": ""yes"", ""emergency"": ""yes"", ""healthcare"": ""hospital"", ""name"": ""Duke University Hospital"", ""opening_hours"": ""24/7"", ""operator"": ""Duke University Health System"", ""operator:wikidata"": ""Q5312891"", ""phone"": ""+1 919 684 8111"", ""website"": ""https://www.dukehealth.org/hospitals/duke-university-hospital/home"", ""wikidata"": ""Q5312894"", ""wikipedia"": ""en:Duke University Hospital""}"
DUR-02,way,310123970,Graduate Center Lot,amenity,parking,Polygon,low_value_category,"{""access"": ""private"", ""addr:city"": ""Durham"", ""addr:housenumber"": ""105"", ""addr:postcode"": ""27705"", ""addr:state"": ""NC"", ""addr:street"": ""Flowers Drive"", ""amenity"": ""parking"", ""name"": ""Graduate Center Lot"", ""parking"": ""surface"", ""source:addr"": ""Durham Open Data""}"
DUR-02,way,310123971,Graduate Center Lot,amenity,parking,Polygon,low_value_category,"{""access"": ""private"", ""addr:city"": ""Durham"", ""addr:housenumber"": ""2078"", ""addr:postcode"": ""27705"", ""addr:state"": ""NC"", ""addr:street"": ""Yearby Avenue"", ""amenity"": ""parking"", ""name"": ""Graduate Center Lot"", ""parking"": ""surface"", ""source:addr"": ""Durham Open Data""}"
DUR-02,way,310123972,H Lot,amenity,parking,Polygon,low_value_category,"{""access"": ""private"", ""addr:city"": ""Durham"", ""addr:housenumber"": ""200"", ""addr:postcode"": ""27705"", ""addr:state"": ""NC"", ""addr:street"": ""Anderson Street"", ""amenity"": ""parking"", ""name"": ""H Lot"", ""parking"": ""surface"", ""source:addr"": ""Durham Open Data""}"
DUR-02,way,312109133,Duke University Police,amenity,police,Polygon,retained:named_poi,"{""addr:city"": ""Durham"", ""addr:housenumber"": ""502"", ""addr:postcode"": ""27705"", ""addr:state"": ""NC"", ""addr:street"": ""Oregon Street"", ""amenity"": ""police"", ""building"": ""yes"", ""name"": ""Duke University Police"", ""source:addr"": ""Durham Open Data""}"
DUR-02,way,331529122,,amenity,parking,Polygon,low_value_category,"{""access"": ""private"", ""addr:city"": ""Durham"", ""addr:housenumber"": ""110"", ""addr:postcode"": ""27705"", ""addr:state"": ""NC"", ""addr:street"": ""Whitford Drive"", ""amenity"": ""parking"", ""source:addr"": ""Durham Open Data""}"
DUR-02,way,344316839,,amenity,parking,Polygon,low_value_category,"{""amenity"": ""parking"", ""parking"": ""surface""}"
DUR-02,way,344316841,,amenity,parking,Polygon,low_value_category,"{""amenity"": ""parking"", ""parking"": ""surface""}"
DUR-02,way,344316844,,amenity,parking,Polygon,low_value_category,"{""addr:city"": ""Durham"", ""addr:housenumber"": ""404"", ""addr:postcode"": ""27705"", ""addr:state"": ""NC"", ""addr:street"": ""Research Drive"", ""amenity"": ""parking"", ""parking"": ""surface"", ""source:addr"": ""Durham Open Data""}"
DUR-02,way,344319192,,amenity,parking,Polygon,low_value_category,"{""amenity"": ""parking"", ""parking"": ""surface"", ""surface"": ""asphalt""}"
DUR-02,way,344319202,,amenity,parking,Polygon,low_value_category,"{""amenity"": ""parking"", ""parking"": ""surface"", ""surface"": ""asphalt""}"
DUR-02,way,344319205,,amenity,parking,Polygon,low_value_category,"{""amenity"": ""parking"", ""parking"": ""surface""}"
DUR-02,way,391474817,Perkins Library,amenity,library,Polygon,retained:named_poi,"{""addr:city"": ""Durham"", ""addr:housenumber"": ""411"", ""addr:postcode"": ""27705"", ""addr:state"": ""NC"", ""addr:street"": ""Chapel Drive"", ""amenity"": ""library"", ""building"": ""yes"", ""name"": ""Perkins Library"", ""operator:type"": ""university"", ""source:addr"": ""Durham Open Data""}"
DUR-02,way,479409754,Putman quad,leisure,park,Polygon,retained:named_poi,"{""leisure"": ""park"", ""name"": ""Putman quad""}"
DUR-02,way,479409755,Harrington Quad,leisure,park,Polygon,retained:named_poi,"{""leisure"": ""park"", ""name"": ""Harrington Quad""}"
DUR-02,way,479661385,LSRC Quad,leisure,park,Polygon,retained:named_poi,"{""leisure"": ""park"", ""name"": ""LSRC Quad""}"
DUR-02,way,493984773,Duke Reclamation Pond,leisure,park,Polygon,retained:named_poi,"{""leisure"": ""park"", ""name"": ""Duke Reclamation Pond""}"
DUR-02,way,509726652,,amenity,drain,Polygon,unnamed_not_inherently_meaningful,"{""amenity"": ""drain"", ""leisure"": ""swimming_pool""}"
DUR-02,way,509726653,,amenity,fountain,Polygon,unnamed_not_inherently_meaningful,"{""addr:city"": ""Durham"", ""addr:housenumber"": ""501"", ""addr:postcode"": ""27705"", ""addr:state"": ""NC"", ""addr:street"": ""Research Drive"", ""amenity"": ""fountain"", ""source:addr"": ""Durham Open Data"", ""water"": ""fountain""}"
DUR-02,way,509731372,Medical Center Garden,leisure,park,Polygon,retained:named_poi,"{""leisure"": ""park"", ""name"": ""Medical Center Garden""}"
DUR-02,way,509731373,,leisure,park,Polygon,retained:inherently_meaningful,"{""leisure"": ""park""}"
DUR-02,way,509731389,,leisure,park,Polygon,retained:inherently_meaningful,"{""leisure"": ""park""}"
DUR-02,way,547286849,,amenity,parking,Polygon,low_value_category,"{""amenity"": ""parking"", ""parking"": ""rooftop""}"
DUR-02,way,547437733,,amenity,parking,Polygon,low_value_category,"{""addr:city"": ""Durham"", ""addr:housenumber"": ""3"", ""addr:postcode"": ""27705"", ""addr:state"": ""NC"", ""addr:street"": ""Genome Court"", ""amenity"": ""parking"", ""parking"": ""surface"", ""source:addr"": ""Durham Open Data""}"
DUR-02,way,550667804,,leisure,pitch,Polygon,unnamed_pitch,"{""leisure"": ""pitch"", ""sport"": ""softball""}"
DUR-02,way,611698330,Branson Hall Parking,amenity,parking,Polygon,low_value_category,"{""access"": ""private"", ""amenity"": ""parking"", ""capacity"": ""4"", ""name"": ""Branson Hall Parking"", ""operator"": ""Duke University"", ""park_ride"": ""no"", ""parking"": ""surface"", ""supervised"": ""no"", ""surface"": ""concrete""}"
DUR-02,way,625075122,Duke Softball Stadium,leisure,stadium,Polygon,retained:named_poi,"{""addr:city"": ""Durham"", ""addr:housenumber"": ""4"", ""addr:postcode"": ""27705"", ""addr:state"": ""NC"", ""addr:street"": ""Brodie Gym Drive"", ""leisure"": ""stadium"", ""name"": ""Duke Softball Stadium"", ""source"": ""survey"", ""source:addr"": ""Durham Open Data"", ""sport"": ""softball""}"
DUR-02,way,625121109,Baldwin Auditorium,amenity,theatre,Polygon,retained:named_poi,"{""addr:city"": ""Durham"", ""addr:housenumber"": ""1336"", ""addr:postcode"": ""27705"", ""addr:state"": ""NC"", ""addr:street"": ""Campus Drive"", ""amenity"": ""theatre"", ""building"": ""yes"", ""name"": ""Baldwin Auditorium"", ""ref"": ""Baldwin"", ""source:addr"": ""Durham Open Data""}"
DUR-02,way,625303119,Cameron Indoor Stadium,leisure,pitch,Polygon,retained:named_poi,"{""addr:city"": ""Durham"", ""addr:housenumber"": ""115"", ""addr:postcode"": ""27705"", ""addr:state"": ""NC"", ""addr:street"": ""Whitford Drive"", ""building"": ""yes"", ""leisure"": ""pitch"", ""name"": ""Cameron Indoor Stadium"", ""source:addr"": ""Durham Open Data"", ""sport"": ""basketball"", ""wikidata"": ""Q2934766""}"
DUR-02,way,625303125,William D Murray Building,leisure,sports_centre,Polygon,retained:named_poi,"{""addr:city"": ""Durham"", ""addr:housenumber"": ""110"", ""addr:postcode"": ""27705"", ""addr:state"": ""NC"", ""addr:street"": ""Whitford Drive"", ""building"": ""yes"", ""leisure"": ""sports_centre"", ""name"": ""William D Murray Building"", ""source"": ""survey"", ""source:addr"": ""Durham Open Data""}"
DUR-02,way,625303127,Scott Family Pavilion,leisure,sports_centre,Polygon,retained:named_poi,"{""addr:city"": ""Durham"", ""addr:housenumber"": ""110"", ""addr:postcode"": ""27705"", ""addr:state"": ""NC"", ""addr:street"": ""Whitford Drive"", ""building"": ""yes"", ""leisure"": ""sports_centre"", ""name"": ""Scott Family Pavilion"", ""source"": ""survey"", ""source:addr"": ""Durham Open Data""}"
DUR-02,way,625303136,Science Drive Garage,amenity,parking,Polygon,low_value_category,"{""access"": ""private"", ""addr:city"": ""Durham"", ""addr:housenumber"": ""302"", ""addr:postcode"": ""27705"", ""addr:state"": ""NC"", ""addr:street"": ""Science Drive"", ""amenity"": ""parking"", ""building"": ""parking"", ""capacity"": ""2263"", ""name"": ""Science Drive Garage"", ""operator"": ""Duke University"", ""parking"": ""multi-storey"", ""source:addr"": ""Survey""}"
DUR-02,way,626679838,Duke Chapel,amenity,place_of_worship,Polygon,retained:named_poi,"{""addr:city"": ""Durham"", ""addr:housenumber"": ""401"", ""addr:postcode"": ""27705"", ""addr:state"": ""NC"", ""addr:street"": ""Chapel Drive"", ""amenity"": ""place_of_worship"", ""building"": ""university"", ""name"": ""Duke Chapel"", ""opening_hours"": ""10:00-20:00"", ""religion"": ""christian"", ""source"": ""survey"", ""source:addr"": ""Durham Open Data"", ""wikidata"": ""Q5312747""}"
DUR-02,way,631981883,,amenity,parking,Polygon,low_value_category,"{""amenity"": ""parking"", ""parking"": ""surface"", ""surface"": ""asphalt""}"
DUR-02,way,631981888,,amenity,parking,Polygon,low_value_category,"{""amenity"": ""parking"", ""parking"": ""surface"", ""surface"": ""asphalt""}"
DUR-02,way,631983724,,amenity,parking,Polygon,low_value_category,"{""amenity"": ""parking"", ""parking"": ""surface""}"
DUR-02,way,631983725,,amenity,parking,Polygon,low_value_category,"{""amenity"": ""parking"", ""parking"": ""surface""}"
DUR-02,way,631983728,,amenity,parking,Polygon,low_value_category,"{""amenity"": ""parking"", ""parking"": ""surface""}"
DUR-02,way,631983729,,amenity,parking,Polygon,low_value_category,"{""amenity"": ""parking"", ""parking"": ""surface""}"
DUR-02,way,664165390,Wallace Wade Stadium,leisure,stadium,Polygon,retained:named_poi,"{""addr:city"": ""Durham"", ""addr:country"": ""US"", ""addr:housenumber"": ""120"", ""addr:postcode"": ""27705"", ""addr:state"": ""NC"", ""addr:street"": ""Bassett Drive"", ""leisure"": ""stadium"", ""name"": ""Wallace Wade Stadium"", ""wikidata"": ""Q3565475"", ""wikipedia"": ""en:Wallace Wade Stadium""}"
DUR-02,way,672672579,,railway,abandoned,LineString,railway_track_infrastructure,"{""railway"": ""abandoned""}"
DUR-02,way,697187543,Twinnies Cafe,amenity,cafe,Point,retained:named_poi,"{""amenity"": ""cafe"", ""building"": ""yes"", ""cuisine"": ""coffee_shop"", ""internet_access"": ""yes"", ""name"": ""Twinnies Cafe""}"
DUR-02,way,703956741,,amenity,parking_space,Point,low_value_category,"{""amenity"": ""parking_space""}"
DUR-02,way,703956742,,amenity,parking_space,Point,low_value_category,"{""amenity"": ""parking_space""}"
DUR-02,way,703956743,,amenity,parking_space,Point,low_value_category,"{""amenity"": ""parking_space""}"
DUR-02,way,703956744,,amenity,parking_space,Point,low_value_category,"{""amenity"": ""parking_space""}"
DUR-02,way,703956745,,amenity,parking_space,Point,low_value_category,"{""amenity"": ""parking_space""}"
DUR-02,way,703956746,,amenity,parking_space,Point,low_value_category,"{""amenity"": ""parking_space""}"
DUR-02,way,703956747,,amenity,parking_space,Point,low_value_category,"{""amenity"": ""parking_space""}"
DUR-02,way,703956748,,amenity,parking_space,Point,low_value_category,"{""amenity"": ""parking_space""}"
DUR-02,way,703956749,,amenity,parking_space,Point,low_value_category,"{""amenity"": ""parking_space""}"
DUR-02,way,703956750,,amenity,parking_space,Point,low_value_category,"{""amenity"": ""parking_space""}"
DUR-02,way,703956751,,amenity,parking_space,Point,low_value_category,"{""amenity"": ""parking_space""}"
DUR-02,way,703956752,,amenity,parking_space,Point,low_value_category,"{""amenity"": ""parking_space""}"
DUR-02,way,722930456,,amenity,parking,Point,low_value_category,"{""amenity"": ""parking"", ""parking"": ""surface"", ""surface"": ""asphalt""}"
DUR-02,way,923463968,Jack Katz Stadium,leisure,stadium,Point,retained:named_poi,"{""leisure"": ""stadium"", ""name"": ""Jack Katz Stadium"", ""wikidata"": ""Q16973313"", ""wikipedia"": ""en:Jack Katz Stadium""}"
DUR-02,way,961126334,,railway,disused,Point,railway_track_infrastructure,"{""bridge"": ""yes"", ""layer"": ""1"", ""railway"": ""disused""}"
DUR-02,way,1065904256,,amenity,parking,Point,low_value_category,"{""amenity"": ""parking"", ""parking"": ""surface"", ""surface"": ""asphalt""}"
DUR-02,way,1065904257,,amenity,parking,Point,low_value_category,"{""amenity"": ""parking"", ""parking"": ""surface"", ""surface"": ""asphalt""}"
DUR-02,way,1065904264,,amenity,parking,Point,low_value_category,"{""amenity"": ""parking"", ""parking"": ""surface"", ""surface"": ""paved""}"
DUR-02,way,1065904265,,amenity,parking,Point,low_value_category,"{""amenity"": ""parking"", ""parking"": ""surface"", ""surface"": ""asphalt""}"
DUR-02,way,1065904266,,amenity,parking,Point,low_value_category,"{""amenity"": ""parking"", ""parking"": ""surface"", ""surface"": ""asphalt""}"
DUR-02,way,1065904267,,amenity,parking,Point,low_value_category,"{""amenity"": ""parking"", ""parking"": ""surface"", ""surface"": ""asphalt""}"
DUR-02,way,1065941821,,amenity,parking,Point,low_value_category,"{""amenity"": ""parking"", ""parking"": ""surface"", ""surface"": ""asphalt""}"
DUR-02,way,1065959625,,amenity,parking,Point,low_value_category,"{""access"": ""permit"", ""amenity"": ""parking"", ""parking"": ""surface"", ""surface"": ""asphalt""}"
DUR-02,way,1065959629,,amenity,parking,Point,low_value_category,"{""amenity"": ""parking"", ""parking"": ""surface"", ""surface"": ""asphalt""}"
DUR-02,way,1065959631,,amenity,parking,Point,low_value_category,"{""amenity"": ""parking"", ""parking"": ""surface"", ""surface"": ""asphalt""}"
DUR-02,way,1065959634,,amenity,parking,Point,low_value_category,"{""amenity"": ""parking"", ""parking"": ""surface"", ""surface"": ""asphalt""}"
DUR-02,way,1065959635,,amenity,parking,Point,low_value_category,"{""amenity"": ""parking"", ""parking"": ""surface"", ""surface"": ""asphalt""}"
DUR-02,way,1065989025,,amenity,parking,Point,low_value_category,"{""amenity"": ""parking"", ""parking"": ""surface"", ""surface"": ""asphalt""}"
DUR-02,way,1065989027,,amenity,parking,Point,low_value_category,"{""amenity"": ""parking"", ""parking"": ""surface"", ""surface"": ""asphalt""}"
DUR-02,way,1097992411,,amenity,parking,Point,low_value_category,"{""access"": ""permit"", ""amenity"": ""parking""}"
DUR-02,way,1097992412,,amenity,parking,Point,low_value_category,"{""access"": ""permit"", ""amenity"": ""parking""}"
DUR-02,way,1097992413,,amenity,parking,Point,low_value_category,"{""access"": ""permit"", ""amenity"": ""parking""}"
DUR-02,way,1268825610,,amenity,parking,Point,low_value_category,"{""access"": ""customers"", ""amenity"": ""parking"", ""capacity:disabled"": ""4"", ""fee"": ""yes"", ""parking"": ""surface"", ""surface"": ""paved""}"
DUR-02,way,1295871689,,amenity,parking,Point,low_value_category,"{""access"": ""customers"", ""amenity"": ""parking"", ""parking"": ""surface"", ""surface"": ""asphalt""}"
DUR-02,way,1309073913,,amenity,parking,Point,low_value_category,"{""access"": ""permit"", ""amenity"": ""parking"", ""fee"": ""no"", ""parking"": ""surface"", ""surface"": ""asphalt""}"
DUR-02,way,1328577993,,amenity,parking,Point,low_value_category,"{""amenity"": ""parking"", ""parking"": ""surface"", ""surface"": ""asphalt""}"
DUR-02,way,1328577994,,amenity,parking,Point,low_value_category,"{""access"": ""private"", ""amenity"": ""parking"", ""parking"": ""surface"", ""surface"": ""asphalt""}"
DUR-02,way,1376736205,Science Drive Visitor's Parking Lot,amenity,parking,Point,low_value_category,"{""access"": ""yes"", ""amenity"": ""parking"", ""fee"": ""yes"", ""name"": ""Science Drive Visitor's Parking Lot"", ""operator"": ""Duke University"", ""operator:type"": ""public"", ""parking"": ""surface"", ""payment:paybyphone"": ""yes"", ""surface"": ""asphalt""}"
DUR-02,way,1376736206,,amenity,parking,Point,low_value_category,"{""amenity"": ""parking""}"
DUR-02,way,1453405499,,railway,abandoned,Point,railway_track_infrastructure,"{""railway"": ""abandoned""}"
DUR-02,way,1454540684,,leisure,pitch,Point,unnamed_pitch,"{""leisure"": ""pitch"", ""sport"": ""pickleball"", ""surface"": ""paved""}"
DUR-02,way,1454540685,,leisure,pitch,Point,unnamed_pitch,"{""leisure"": ""pitch"", ""sport"": ""pickleball"", ""surface"": ""paved""}"
DUR-02,way,1454540686,,leisure,pitch,Point,unnamed_pitch,"{""leisure"": ""pitch"", ""sport"": ""pickleball"", ""surface"": ""paved""}"
DUR-02,way,1454540687,,leisure,pitch,Point,unnamed_pitch,"{""leisure"": ""pitch"", ""sport"": ""pickleball"", ""surface"": ""paved""}"
DUR-02,way,1454540688,,leisure,pitch,Point,unnamed_pitch,"{""leisure"": ""pitch"", ""sport"": ""pickleball"", ""surface"": ""paved""}"
DUR-02,way,1454540689,,leisure,pitch,Point,unnamed_pitch,"{""leisure"": ""pitch"", ""sport"": ""pickleball"", ""surface"": ""paved""}"
DUR-02,way,1454540690,,leisure,pitch,Point,unnamed_pitch,"{""leisure"": ""pitch"", ""sport"": ""tennis"", ""surface"": ""paved""}"
DUR-02,way,1454540691,,leisure,pitch,Point,unnamed_pitch,"{""leisure"": ""pitch"", ""sport"": ""tennis"", ""surface"": ""paved""}"
DUR-02,way,1454540692,,leisure,pitch,Point,unnamed_pitch,"{""leisure"": ""pitch"", ""sport"": ""tennis"", ""surface"": ""paved""}"
DUR-02,way,1454540693,,leisure,pitch,Point,unnamed_pitch,"{""leisure"": ""pitch"", ""sport"": ""tennis"", ""surface"": ""paved""}"
DUR-02,way,1454540694,,leisure,pitch,Point,unnamed_pitch,"{""leisure"": ""pitch"", ""sport"": ""tennis"", ""surface"": ""paved""}"
DUR-02,way,1454540695,,leisure,pitch,Point,unnamed_pitch,"{""leisure"": ""pitch"", ""sport"": ""tennis"", ""surface"": ""paved""}"
DUR-02,way,1454540696,,leisure,pitch,Point,unnamed_pitch,"{""leisure"": ""pitch"", ""sport"": ""tennis"", ""surface"": ""paved""}"
DUR-02,way,1454540697,,leisure,pitch,Point,unnamed_pitch,"{""leisure"": ""pitch"", ""sport"": ""tennis"", ""surface"": ""paved""}"
DUR-02,way,1467685894,Court 5,leisure,pitch,Point,retained:named_poi,"{""leisure"": ""pitch"", ""lit"": ""yes"", ""name"": ""Court 5"", ""sport"": ""tennis"", ""surface"": ""paved""}"
DUR-02,way,1467685895,Court 3,leisure,pitch,Point,retained:named_poi,"{""leisure"": ""pitch"", ""lit"": ""yes"", ""name"": ""Court 3"", ""sport"": ""tennis"", ""surface"": ""paved""}"
DUR-02,way,1467685896,Court 1,leisure,pitch,Point,retained:named_poi,"{""leisure"": ""pitch"", ""lit"": ""yes"", ""name"": ""Court 1"", ""sport"": ""tennis"", ""surface"": ""paved""}"
DUR-02,way,1467685897,Court 2,leisure,pitch,Point,retained:named_poi,"{""leisure"": ""pitch"", ""lit"": ""yes"", ""name"": ""Court 2"", ""sport"": ""tennis"", ""surface"": ""paved""}"
DUR-02,way,1467685898,Court 4,leisure,pitch,Point,retained:named_poi,"{""leisure"": ""pitch"", ""lit"": ""yes"", ""name"": ""Court 4"", ""sport"": ""tennis"", ""surface"": ""paved""}"
DUR-02,way,1467685899,Court 6,leisure,pitch,Point,retained:named_poi,"{""leisure"": ""pitch"", ""lit"": ""yes"", ""name"": ""Court 6"", ""sport"": ""tennis"", ""surface"": ""paved""}"
DUR-02,way,1471648213,,amenity,parking,Point,low_value_category,"{""amenity"": ""parking""}"
DUR-02,relation,4079729,Duke Medicine Pavillion,healthcare,clinic,Polygon,retained:named_poi,"{""addr:city"": ""Durham"", ""addr:housenumber"": ""10"", ""addr:postcode"": ""27710"", ""addr:street"": ""Duke Medicine Circle"", ""amenity"": ""clinic"", ""building"": ""yes"", ""emergency"": ""no"", ""healthcare"": ""clinic"", ""name"": ""Duke Medicine Pavillion"", ""operator"": ""Duke University Health System"", ""operator:wikidata"": ""Q5312891"", ""phone"": ""+1 888 275 3853"", ""type"": ""multipolygon"", ""website"": ""https://www.dukehealth.org/locations/duke-medicine-pavilion""}"
DUR-02,relation,4651947,Morris Williams Track,leisure,track,Polygon,retained:named_poi,"{""lanes"": ""8"", ""leisure"": ""track"", ""name"": ""Morris Williams Track"", ""sport"": ""running"", ""type"": ""multipolygon""}"
DUR-02,relation,14210353,,amenity,parking,Polygon,low_value_category,"{""access"": ""private"", ""amenity"": ""parking"", ""parking"": ""surface"", ""type"": ""multipolygon""}"
DUR-02,relation,14210596,,amenity,parking,Polygon,low_value_category,"{""amenity"": ""parking"", ""parking"": ""surface"", ""surface"": ""asphalt"", ""type"": ""multipolygon""}"
RAL-01,node,195468806,,railway,crossing,Point,unnamed_not_inherently_meaningful,"{""railway"": ""crossing""}"
RAL-01,node,195656163,,railway,level_crossing,Point,railway_track_infrastructure,"{""railway"": ""level_crossing""}"
RAL-01,node,195683263,,railway,level_crossing,Point,railway_track_infrastructure,"{""railway"": ""level_crossing""}"
RAL-01,node,195683286,,railway,signal,Point,railway_track_infrastructure,"{""railway"": ""signal"", ""railway:signal:direction"": ""forward""}"
RAL-01,node,195717027,,railway,level_crossing,Point,railway_track_infrastructure,"{""railway"": ""level_crossing""}"
RAL-01,node,195742271,,railway,signal,Point,railway_track_infrastructure,"{""railway"": ""signal"", ""railway:signal:direction"": ""forward""}"
RAL-01,node,357783265,Ravenscroft School,amenity,school,Point,retained:named_poi,"{""amenity"": ""school"", ""ele"": ""88"", ""name"": ""Ravenscroft School""}"
RAL-01,node,357813467,Dinwiddle Chapel,amenity,place_of_worship,Point,retained:named_poi,"{""amenity"": ""place_of_worship"", ""ele"": ""102"", ""name"": ""Dinwiddle Chapel"", ""religion"": ""christian""}"
RAL-01,node,357813657,Glenwood South Fellowship Church,amenity,place_of_worship,Point,retained:named_poi,"{""amenity"": ""place_of_worship"", ""ele"": ""96"", ""name"": ""Glenwood South Fellowship Church"", ""religion"": ""christian""}"
RAL-01,node,357813868,New Birth Apostolic Church,amenity,place_of_worship,Point,retained:named_poi,"{""amenity"": ""place_of_worship"", ""ele"": ""84"", ""gnis:feature_id"": ""2454885"", ""name"": ""New Birth Apostolic Church"", ""religion"": ""christian""}"
RAL-01,node,357814024,Raleigh Rescue Mission,amenity,place_of_worship,Point,retained:named_poi,"{""amenity"": ""place_of_worship"", ""ele"": ""98"", ""gnis:feature_id"": ""2454956"", ""name"": ""Raleigh Rescue Mission""}"
RAL-01,node,357814209,Victory Tabernacle Church,amenity,place_of_worship,Point,retained:named_poi,"{""amenity"": ""place_of_worship"", ""ele"": ""86"", ""gnis:feature_id"": ""2455063"", ""name"": ""Victory Tabernacle Church"", ""religion"": ""christian""}"
RAL-01,node,367908861,Raleigh Fire Station Number 1,amenity,fire_station,Point,retained:named_poi,"{""addr:city"": ""Raleigh"", ""addr:state"": ""NC"", ""amenity"": ""fire_station"", ""ele"": ""101"", ""gnis:feature_id"": ""2454428"", ""name"": ""Raleigh Fire Station Number 1"", ""source"": ""USGS Geonames""}"
RAL-01,node,367909237,Finch Library,amenity,library,Point,retained:named_poi,"{""addr:state"": ""NC"", ""amenity"": ""library"", ""ele"": ""102"", ""name"": ""Finch Library"", ""operator:type"": ""university"", ""source"": ""USGS Geonames""}"
RAL-01,node,367911067,Leggett Theater,amenity,theatre,Point,retained:named_poi,"{""addr:state"": ""NC"", ""amenity"": ""theatre"", ""ele"": ""101"", ""name"": ""Leggett Theater"", ""source"": ""USGS Geonames""}"
RAL-01,node,607504271,,amenity,parking_entrance,Point,low_value_category,"{""amenity"": ""parking_entrance""}"
RAL-01,node,818998163,Studio 714 West,shop,hairdresser,Point,retained:named_poi,"{""addr:city"": ""Raleigh"", ""addr:country"": ""US"", ""addr:housenumber"": ""714"", ""addr:postcode"": ""27605"", ""addr:state"": ""NC"", ""addr:street"": ""West Peace Street"", ""name"": ""Studio 714 West"", ""phone"": ""+1-919-754-9798"", ""shop"": ""hairdresser"", ""website"": ""http://studio714west.com/""}"
RAL-01,node,821100098,The Black Flower,amenity,bar,Point,retained:named_poi,"{""addr:city"": ""Raleigh"", ""addr:country"": ""US"", ""addr:housenumber"": ""517"", ""addr:postcode"": ""27603"", ""addr:state"": ""NC"", ""addr:street"": ""West Peace Street"", ""amenity"": ""bar"", ""name"": ""The Black Flower"", ""phone"": ""+1-919-900-8147"", ""website"": ""http://blackflowerbar.com/""}"
RAL-01,node,822137071,,amenity,post_box,Point,low_value_category,"{""amenity"": ""post_box"", ""collection_times"": ""Mo-Fr 15:00"", ""ref"": ""2760100095""}"
RAL-01,node,1055457666,Big Ed's City Market Restaurant,amenity,restaurant,Point,retained:named_poi,"{""amenity"": ""restaurant"", ""cuisine"": ""american"", ""name"": ""Big Ed's City Market Restaurant"", ""opening_hours"": ""Mo-Fr 07:00-14:00; Sa 07:00-12:00; Su 08:00-13:00"", ""phone"": ""+1-919-836-9909"", ""website"": ""http://www.bigedscitymarket.com/""}"
RAL-01,node,1055457677,Artspace,amenity,arts_centre,Point,retained:named_poi,"{""amenity"": ""arts_centre"", ""check_date"": ""2026-07-28"", ""name"": ""Artspace"", ""opening_hours"": ""Tu-Sa 10:00-18:00"", ""phone"": ""+1 919-821-2787"", ""website"": ""https://artspacenc.org/""}"
RAL-01,node,1055457691,Woody's at City Market,amenity,restaurant,Point,retained:named_poi,"{""addr:city"": ""Raleigh"", ""addr:housenumber"": ""205"", ""addr:postcode"": ""27601"", ""addr:state"": ""NC"", ""addr:street"": ""Wolfe Street"", ""amenity"": ""restaurant"", ""name"": ""Woody's at City Market"", ""opening_hours"": ""Mo-Su 11:00-02:00"", ""outdoor_seating"": ""yes"", ""website"": ""https://woodyscitymarket.com/""}"
RAL-01,node,1140264502,,railway,switch,Point,railway_track_infrastructure,"{""railway"": ""switch""}"
RAL-01,node,1172629763,,railway,crossing,Point,unnamed_not_inherently_meaningful,"{""crossing:barrier"": ""no"", ""railway"": ""crossing""}"
RAL-01,node,1172629876,,railway,level_crossing,Point,railway_track_infrastructure,"{""crossing:barrier"": ""half"", ""railway"": ""level_crossing""}"
RAL-01,node,1172630148,,railway,switch,Point,railway_track_infrastructure,"{""railway"": ""switch""}"
RAL-01,node,1172630174,,railway,level_crossing,Point,railway_track_infrastructure,"{""crossing:activation"": ""automatic"", ""crossing:barrier"": ""gate"", ""crossing:bell"": ""yes"", ""crossing:light"": ""yes"", ""railway"": ""level_crossing""}"
RAL-01,node,1172630182,,railway,switch,Point,railway_track_infrastructure,"{""railway"": ""switch""}"
RAL-01,node,1172630214,,railway,level_crossing,Point,railway_track_infrastructure,"{""crossing:activation"": ""automatic"", ""crossing:barrier"": ""gate"", ""crossing:bell"": ""yes"", ""crossing:light"": ""yes"", ""railway"": ""level_crossing""}"
RAL-01,node,1172630362,,railway,switch,Point,railway_track_infrastructure,"{""railway"": ""switch""}"
RAL-01,node,1172630364,,railway,level_crossing,Point,railway_track_infrastructure,"{""crossing:barrier"": ""full"", ""railway"": ""level_crossing""}"
RAL-01,node,1172630407,,railway,switch,Point,railway_track_infrastructure,"{""railway"": ""switch""}"
RAL-01,node,1172630410,,railway,level_crossing,Point,railway_track_infrastructure,"{""crossing:activation"": ""automatic"", ""crossing:barrier"": ""gate"", ""crossing:bell"": ""yes"", ""crossing:light"": ""yes"", ""railway"": ""level_crossing""}"
RAL-01,node,1193361538,,shop,vacant,Point,unnamed_category_requires_review,"{""old_name"": ""Zydeco Downtown"", ""shop"": ""vacant""}"
RAL-01,node,1203244205,,amenity,taxi,Point,unnamed_not_inherently_meaningful,"{""amenity"": ""taxi""}"
RAL-01,node,1216186193,Botanical Lounge,amenity,bar,Point,retained:named_poi,"{""addr:housenumber"": ""419"", ""addr:street"": ""Glenwood Avenue"", ""amenity"": ""bar"", ""check_date"": ""2026-09-29"", ""name"": ""Botanical Lounge"", ""website"": ""https://botanicalraleigh.com/""}"
RAL-01,node,1216186217,Sushi O Bistro,amenity,restaurant,Point,retained:named_poi,"{""addr:city"": ""Raleigh"", ""addr:housenumber"": ""222"", ""addr:postcode"": ""27603"", ""addr:state"": ""NC"", ""addr:street"": ""Glenwood Avenue"", ""addr:unit"": ""117"", ""amenity"": ""restaurant"", ""cuisine"": ""sushi"", ""name"": ""Sushi O Bistro""}"
RAL-01,node,1216186227,Sullivan's Steakhouse,amenity,restaurant,Point,retained:named_poi,"{""addr:housenumber"": ""410"", ""addr:street"": ""Glenwood Avenue"", ""addr:unit"": ""100"", ""amenity"": ""restaurant"", ""check_date"": ""2026-09-29"", ""cuisine"": ""steak_house"", ""name"": ""Sullivan's Steakhouse"", ""opening_hours"": ""Mo-Th,Su 11:00-22:00; Fr-Sa 11:00-23:00""}"
RAL-01,node,1216186257,Lucky B Sports Pub,amenity,bar,Point,retained:named_poi,"{""amenity"": ""bar"", ""name"": ""Lucky B Sports Pub""}"
RAL-01,node,1216186268,La Placita,amenity,restaurant,Point,retained:named_poi,"{""addr:floor"": ""G"", ""addr:housenumber"": ""605"", ""addr:street"": ""Glenwood Avenue"", ""amenity"": ""restaurant"", ""check_date"": ""2026-09-29"", ""cuisine"": ""mexican"", ""level"": ""0"", ""name"": ""La Placita""}"
RAL-01,node,1216186321,Havana Deluxe,amenity,bar,Point,retained:named_poi,"{""addr:city"": ""Raleigh"", ""addr:housenumber"": ""437"", ""addr:postcode"": ""27603"", ""addr:state"": ""NC"", ""addr:street"": ""Glenwood Avenue"", ""amenity"": ""bar"", ""check_date"": ""2026-09-29"", ""name"": ""Havana Deluxe""}"
RAL-01,node,1216186338,Super Rad Retro Lounge,amenity,bar,Point,retained:named_poi,"{""addr:city"": ""Raleigh"", ""addr:housenumber"": ""106"", ""addr:postcode"": ""27603"", ""addr:state"": ""NC"", ""addr:street"": ""Glenwood Avenue"", ""amenity"": ""bar"", ""construction"": ""bar"", ""name"": ""Super Rad Retro Lounge""}"
RAL-01,node,1216186357,The Underground,amenity,nightclub,Point,retained:named_poi,"{""addr:housenumber"": ""410"", ""addr:street"": ""Glenwood Avenue"", ""addr:unit"": ""140"", ""amenity"": ""nightclub"", ""check_date"": ""2026-09-29"", ""name"": ""The Underground""}"
RAL-01,node,1216186364,Mosaic,amenity,bar,Point,retained:named_poi,"{""amenity"": ""bar"", ""name"": ""Mosaic""}"
RAL-01,node,1216186384,My Way Tavern,amenity,restaurant,Point,retained:named_poi,"{""addr:city"": ""Raleigh"", ""addr:housenumber"": ""522"", ""addr:postcode"": ""27603"", ""addr:state"": ""NC"", ""addr:street"": ""Saint Marys Street"", ""amenity"": ""restaurant"", ""name"": ""My Way Tavern"", ""opening_hours"": ""Mo-Su 11:00-00:00"", ""website"": ""http://www.mywaytavern.com/raleigh""}"
RAL-01,node,1216186394,Nomad,amenity,bar,Point,retained:named_poi,"{""addr:unit"": ""190"", ""amenity"": ""bar"", ""name"": ""Nomad"", ""website"": ""https://www.nomadcocktailbar.com/""}"
RAL-01,node,1216186407,Sushi Blues Cafe,amenity,restaurant,Point,retained:named_poi,"{""amenity"": ""restaurant"", ""cuisine"": ""japanese"", ""fax"": ""+1 919 6648070"", ""name"": ""Sushi Blues Cafe"", ""opening_hours"": ""Mo 11:30-22:00;Tu-Th 11:30-23:00;Fr 11:30-24:00;Sa 12:00-24:00;Su 12:00-22:00"", ""phone"": ""+1 919 6648061"", ""website"": ""http://sushibluescafe.com/""}"
RAL-01,node,1216186410,San Marcos Pizza and Wings,amenity,restaurant,Point,retained:named_poi,"{""addr:city"": ""Raleigh"", ""addr:housenumber"": ""805"", ""addr:postcode"": ""27605"", ""addr:state"": ""NC"", ""addr:street"": ""West Peace Street"", ""amenity"": ""restaurant"", ""cuisine"": ""pizza;american"", ""name"": ""San Marcos Pizza and Wings""}"
RAL-01,node,1216186442,Burger Village,amenity,restaurant,Point,retained:named_poi,"{""addr:housenumber"": ""510"", ""addr:street"": ""Glenwood Ave"", ""amenity"": ""restaurant"", ""check_date"": ""2026-09-29"", ""cuisine"": ""burger"", ""diet:meat"": ""yes"", ""diet:vegetarian"": ""yes"", ""name"": ""Burger Village"", ""opening_hours"": ""Mo-Th 11:00-15:00,17:00-22:00; Fr-Sa 11:00-23:00; Su 11:00-22:00""}"
RAL-01,node,1216186460,Bodega,amenity,bar,Point,retained:named_poi,"{""addr:housenumber"": ""607"", ""addr:street"": ""Glenwood Avenue"", ""amenity"": ""bar"", ""check_date"": ""2026-09-29"", ""fixme"": ""closed when I checked, come back later to find details"", ""name"": ""Bodega""}"
RAL-01,node,1216186462,McDonald's,amenity,fast_food,Point,retained:named_poi,"{""addr:city"": ""Raleigh"", ""addr:housenumber"": ""703"", ""addr:postcode"": ""27605"", ""addr:state"": ""NC"", ""addr:street"": ""West Peace Street"", ""amenity"": ""fast_food"", ""brand"": ""McDonald's"", ""brand:wikidata"": ""Q38076"", ""cuisine"": ""burger"", ""drive_through"": ""yes"", ""internet_access"": ""wlan"", ""name"": ""McDonald's"", ""opening_hours"": ""Mo-Th 05:00-23:00; Fr-Sa 05:00-24:00; Su 05:30-23:00"", ""phone"": ""+1 919-833-9875"", ""takeaway"": ""yes"", ""website"": ""https://www.mcdonalds.com/us/en-us/location/1044.html""}"
RAL-01,node,1216186464,Clouds Brewing,amenity,pub,Point,retained:named_poi,"{""addr:city"": ""Raleigh"", ""addr:housenumber"": ""505"", ""addr:postcode"": ""27603"", ""addr:state"": ""NC"", ""addr:street"": ""West Jones Street"", ""amenity"": ""pub"", ""name"": ""Clouds Brewing""}"
RAL-01,node,1216186465,The Cupcake Shoppe Bakery,shop,pastry,Point,retained:named_poi,"{""addr:city"": ""Raleigh"", ""addr:country"": ""US"", ""addr:housenumber"": ""104"", ""addr:postcode"": ""27603"", ""addr:state"": ""NC"", ""addr:street"": ""Glenwood Avenue"", ""contact:facebook"": ""thecupcakeshoppebakery"", ""contact:instagram"": ""thecupcakeshopperaleigh"", ""contact:phone"": ""+1-919-821-4223"", ""contact:pinterest"": ""cupcakeshoppenc"", ""contact:twitter"": ""@bakeshopgirl"", ""contact:website"": ""http://thecupcakeshopperaleigh.com"", ""name"": ""The Cupcake Shoppe Bakery"", ""opening_hours"": ""Mo-Th 08:30-20:00;Fr-Sa 08:30-22:00;Su closed \""for private parties\"""", ""shop"": ""pastry""}"
RAL-01,node,1216186471,Killjoy,amenity,bar,Point,retained:named_poi,"{""addr:city"": ""Raleigh"", ""addr:housenumber"": ""116"", ""addr:postcode"": ""27603"", ""addr:state"": ""NC"", ""addr:street"": ""North West Street"", ""amenity"": ""bar"", ""name"": ""Killjoy""}"
RAL-01,node,1216186476,MoJoe's Burger Joint,amenity,fast_food,Point,retained:named_poi,"{""addr:housenumber"": ""620"", ""addr:postcode"": ""27603"", ""addr:street"": ""Glenwood Avenue"", ""amenity"": ""fast_food"", ""check_date"": ""2026-09-29"", ""contact:instagram"": ""mojoesburgers"", ""cuisine"": ""burger"", ""email"": ""mojoesburgerjoint@gmail.com"", ""name"": ""MoJoe's Burger Joint"", ""opening_hours"": ""Mo-Su 11:00-22:00"", ""phone"": ""+1-919-832-6799"", ""self_service"": ""no"", ""website"": ""http://mojoesbirgerjoint.com"", ""website:menu"": ""http://mojoesburgerjoint.com/raleigh-glenwood-south-mojoe-s-burger-joint-food-menu""}"
RAL-01,node,1236250434,,railway,level_crossing,Point,railway_track_infrastructure,"{""railway"": ""level_crossing""}"
RAL-01,node,1236250472,,railway,level_crossing,Point,railway_track_infrastructure,"{""railway"": ""level_crossing""}"
RAL-01,node,1805351292,,railway,switch,Point,railway_track_infrastructure,"{""railway"": ""switch""}"
RAL-01,node,1805351293,,railway,switch,Point,railway_track_infrastructure,"{""railway"": ""switch""}"
RAL-01,node,1829200046,North Carolina Fallen Firefighters,historic,memorial,Point,retained:named_poi,"{""addr:housenumber"": ""200"", ""addr:street"": ""South Dawson Street"", ""artist_name"": ""Carl W. Regutti"", ""historic"": ""memorial"", ""memorial"": ""statue"", ""name"": ""North Carolina Fallen Firefighters"", ""start_date"": ""2006-05-06""}"
RAL-01,node,1979955041,Church in the Woods,amenity,place_of_worship,Point,retained:named_poi,"{""amenity"": ""place_of_worship"", ""denomination"": ""outreach ministry"", ""name"": ""Church in the Woods"", ""religion"": ""christian"", ""source"": ""http://churchinthewoods.net/""}"
RAL-01,node,2007300387,,railway,switch,Point,railway_track_infrastructure,"{""railway"": ""switch""}"
RAL-01,node,2052367632,,amenity,parking_entrance,Point,low_value_category,"{""amenity"": ""parking_entrance"", ""noexit"": ""yes""}"
RAL-01,node,2069175187,,amenity,parking_entrance,Point,low_value_category,"{""amenity"": ""parking_entrance""}"
RAL-01,node,2069175212,,amenity,parking_entrance,Point,low_value_category,"{""amenity"": ""parking_entrance""}"
RAL-01,node,2069175233,,amenity,parking_entrance,Point,low_value_category,"{""amenity"": ""parking_entrance""}"
RAL-01,node,2069175236,,amenity,parking_entrance,Point,low_value_category,"{""amenity"": ""parking_entrance""}"
RAL-01,node,2072382353,Flying Saucer Draught Emporium,amenity,restaurant,Point,retained:named_poi,"{""amenity"": ""restaurant"", ""cuisine"": ""american"", ""name"": ""Flying Saucer Draught Emporium""}"
RAL-01,node,2072382489,The Roast Grill,amenity,restaurant,Point,retained:named_poi,"{""amenity"": ""restaurant"", ""cuisine"": ""american"", ""name"": ""The Roast Grill""}"
RAL-01,node,2072383343,"Hatch, Little & Bunn, L.L.P.",office,lawyer,Point,retained:named_poi,"{""name"": ""Hatch, Little & Bunn, L.L.P."", ""office"": ""lawyer""}"
RAL-01,node,2072383501,Second Empire Restaurant and Tavern,amenity,restaurant,Point,retained:named_poi,"{""addr:city"": ""Raleigh"", ""addr:housenumber"": ""330"", ""addr:postcode"": ""27603"", ""addr:state"": ""NC"", ""addr:street"": ""Hillsborough Street"", ""amenity"": ""restaurant"", ""name"": ""Second Empire Restaurant and Tavern"", ""phone"": ""+1-919-829-3663"", ""website"": ""https://www.second-empire.com/""}"
RAL-01,node,2072410558,View Bar & Game Room,amenity,nightclub,Point,retained:named_poi,"{""addr:city"": ""Raleigh"", ""addr:country"": ""US"", ""addr:housenumber"": ""119"", ""addr:postcode"": ""27601"", ""addr:state"": ""NC"", ""addr:street"": ""South Harrington Street"", ""amenity"": ""nightclub"", ""lgbtq"": ""primary"", ""name"": ""View Bar & Game Room"", ""operator"": ""Legends Nightclub"", ""phone"": ""+19195011456"", ""smoking"": ""outside"", ""website"": ""https://legends-club.com/""}"
RAL-01,node,2072412051,John Montgomery Violins Inc,shop,musical_instrument,Point,retained:named_poi,"{""name"": ""John Montgomery Violins Inc"", ""shop"": ""musical_instrument""}"
RAL-01,node,2072416037,"Wilson's Outdoor Equipment, Inc.",shop,hardware,Point,retained:named_poi,"{""name"": ""Wilson's Outdoor Equipment, Inc."", ""shop"": ""hardware""}"
RAL-01,node,2098187833,Mulino Italian Kitchen & Bar,amenity,restaurant,Point,retained:named_poi,"{""addr:city"": ""Raleigh"", ""addr:housenumber"": ""309"", ""addr:postcode"": ""27603"", ""addr:state"": ""NC"", ""addr:street"": ""N Dawson St"", ""amenity"": ""restaurant"", ""cuisine"": ""italian"", ""name"": ""Mulino Italian Kitchen & Bar"", ""phone"": ""+1-919-838-8595"", ""website"": ""https://mulinoraleigh.com/""}"
RAL-01,node,2133098372,,railway,level_crossing,Point,railway_track_infrastructure,"{""railway"": ""level_crossing""}"
RAL-01,node,2144920174,The Pit,amenity,restaurant,Point,retained:named_poi,"{""addr:city"": ""Raleigh"", ""addr:housenumber"": ""328"", ""addr:postcode"": ""27601"", ""addr:state"": ""NC"", ""addr:street"": ""West Davie Street"", ""amenity"": ""restaurant"", ""covered"": ""yes"", ""cuisine"": ""barbecue"", ""internet_access"": ""wlan"", ""name"": ""The Pit"", ""opening_hours"": ""Mo-Th 11:00-22:00; Fr-Sa 11:00-23:00; Su 11:00-21:00"", ""outdoor_seating"": ""yes"", ""phone"": ""+1 919 890 4500"", ""smoking"": ""no"", ""source"": ""Site survey"", ""takeaway"": ""yes"", ""website"": ""https://www.thepit-bbq.com"", ""wheelchair"": ""yes""}"
RAL-01,node,2147083590,"Young Hearts Distilling, Restaurant and Bar",craft,distillery,Point,retained:named_poi,"{""addr:city"": ""Raleigh"", ""addr:country"": ""US"", ""addr:housenumber"": ""225"", ""addr:postcode"": ""27601"", ""addr:state"": ""NC"", ""addr:street"": ""S Wilmington Street"", ""atm"": ""no"", ""craft"": ""distillery"", ""cuisine"": ""american"", ""food"": ""yes"", ""name"": ""Young Hearts Distilling, Restaurant and Bar"", ""outdoor_seating"": ""yes"", ""phone"": ""+1-919-424-7817"", ""smoking"": ""no"", ""takeaway"": ""yes"", ""website"": ""https://www.trophybrewing.com"", ""wheelchair"": ""limited""}"
RAL-01,node,2147107893,Sitti Authentic Lebanese,amenity,restaurant,Point,retained:named_poi,"{""amenity"": ""restaurant"", ""cuisine"": ""lebanese"", ""delivery"": ""no"", ""name"": ""Sitti Authentic Lebanese"", ""opening_hours"": ""Mo-Th 11:00-22:00; Fr-Sa 11:00-23:00; Su 12:00-22:00"", ""outdoor_seating"": ""yes"", ""phone"": ""+1-919-239-4070"", ""smoking"": ""no"", ""source"": ""Site visit"", ""takeaway"": ""yes"", ""website"": ""https://www.sitti-raleigh.com/"", ""wheelchair"": ""limited""}"
RAL-01,node,2153542348,Bad Daddy's Burger Bar,amenity,fast_food,Point,retained:named_poi,"{""addr:country"": ""US"", ""addr:housenumber"": ""111"", ""addr:postcode"": ""27604"", ""addr:state"": ""NC"", ""addr:street"": ""Seaboard Avenue"", ""amenity"": ""fast_food"", ""cuisine"": ""burger"", ""name"": ""Bad Daddy's Burger Bar"", ""opening_hours"": ""Su-Th 11:00-22:00; Fr-Sa 11:00-23:00"", ""website"": ""https://baddaddysburgerbar.com/""}"
RAL-01,node,2198231992,Mecca Restaurant,amenity,restaurant,Point,retained:named_poi,"{""addr:city"": ""Raleigh"", ""addr:housenumber"": ""13"", ""addr:postcode"": ""27601"", ""addr:state"": ""NC"", ""addr:street"": ""East Martin Street"", ""amenity"": ""restaurant"", ""cuisine"": ""american"", ""name"": ""Mecca Restaurant"", ""phone"": ""+1-919-832-5714"", ""website"": ""https://www.mecca-restaurant.com/""}"
RAL-01,node,2198232041,Carroll's Kitchen,amenity,restaurant,Point,retained:named_poi,"{""addr:city"": ""Raleigh"", ""addr:housenumber"": ""19"", ""addr:postcode"": ""27601"", ""addr:state"": ""NC"", ""addr:street"": ""East Martin Street"", ""amenity"": ""restaurant"", ""name"": ""Carroll's Kitchen"", ""phone"": ""+1-919-670-3622"", ""website"": ""https://www.carrollskitchen.org/""}"
RAL-01,node,2335652036,Meymandi Concert Hall,amenity,theatre,Point,retained:named_poi,"{""amenity"": ""theatre"", ""name"": ""Meymandi Concert Hall"", ""website"": ""https://www.dukeenergycenterraleigh.com/venue/meymandi-concert-hall""}"
RAL-01,node,2335652040,Fletcher Opera Theater,amenity,theatre,Point,retained:named_poi,"{""amenity"": ""theatre"", ""name"": ""Fletcher Opera Theater"", ""official_name"": ""A. J. Fletcher Opera Theater"", ""website"": ""https://www.dukeenergycenterraleigh.com/venue/fletcher-opera-theater""}"
RAL-01,node,2335652044,Kennedy Theater,amenity,theatre,Point,retained:named_poi,"{""amenity"": ""theatre"", ""name"": ""Kennedy Theater"", ""website"": ""https://www.dukeenergycenterraleigh.com/venue/kennedy-theatre""}"
RAL-01,node,2335652048,Memorial Auditorium,amenity,theatre,Point,retained:named_poi,"{""amenity"": ""theatre"", ""name"": ""Memorial Auditorium"", ""website"": ""https://www.dukeenergycenterraleigh.com/venue/memorial-auditorium""}"
RAL-01,node,2335652065,Betty Ray McCain Art Gallery,tourism,gallery,Point,retained:named_poi,"{""fixme"": ""Unknown location within building."", ""name"": ""Betty Ray McCain Art Gallery"", ""tourism"": ""gallery""}"
RAL-01,node,2420061542,,amenity,bicycle_parking,Point,low_value_category,"{""amenity"": ""bicycle_parking"", ""bicycle_parking"": ""loops"", ""capacity"": ""8"", ""covered"": ""no""}"
RAL-01,node,2566339185,Tir Na Nog Irish Pub,amenity,pub,Point,retained:named_poi,"{""amenity"": ""pub"", ""name"": ""Tir Na Nog Irish Pub""}"
RAL-01,node,2566339186,Bida Manda,amenity,restaurant,Point,retained:named_poi,"{""amenity"": ""restaurant"", ""cuisine"": ""lao;thai"", ""name"": ""Bida Manda""}"
RAL-01,node,2566339187,The Pour House Music Hall & Record Shop,shop,music,Point,retained:named_poi,"{""addr:housenumber"": ""224"", ""addr:postcode"": ""27601"", ""addr:street"": ""South Blount Street"", ""contact:facebook"": ""thepourhousemusichall"", ""contact:instagram"": ""thepourhouse"", ""contact:twitter"": ""ThePourHouse"", ""email"": ""rachel@the-pour-house.com"", ""name"": ""The Pour House Music Hall & Record Shop"", ""note"": ""Not a music store, but a small music hall/concert venue. Couldn't find an accurate point description to describe that."", ""opening_hours"": ""Tu-Su 12:00-18:00"", ""phone"": ""+1-919-821-1120"", ""shop"": ""music"", ""website"": ""https://www.pourhouseraleigh.com/""}"
RAL-01,node,2566350158,Slim's,amenity,pub,Point,retained:named_poi,"{""amenity"": ""pub"", ""name"": ""Slim's""}"
RAL-01,node,2566377007,El Rodeo Mexican Restaurant,amenity,restaurant,Point,retained:named_poi,"{""addr:city"": ""Raleigh"", ""addr:housenumber"": ""329"", ""addr:postcode"": ""27601"", ""addr:state"": ""NC"", ""addr:street"": ""South Blount Street"", ""amenity"": ""restaurant"", ""cuisine"": ""mexican"", ""name"": ""El Rodeo Mexican Restaurant"", ""opening_hours"": ""Mo-Sa 11:00-22:00; Su 11:30-21:00"", ""phone"": ""+1-919-829-0777"", ""website"": ""https://elrodeorest.com/""}"
RAL-01,node,2566388184,42nd Street Oyster Bar,amenity,restaurant,Point,retained:named_poi,"{""amenity"": ""restaurant"", ""closed"": ""yes"", ""name"": ""42nd Street Oyster Bar""}"
RAL-01,node,2623010309,,railway,switch,Point,railway_track_infrastructure,"{""railway"": ""switch""}"
RAL-01,node,2623010359,,railway,switch,Point,railway_track_infrastructure,"{""railway"": ""switch""}"
RAL-01,node,2623010360,,railway,switch,Point,railway_track_infrastructure,"{""railway"": ""switch""}"
RAL-01,node,2731382547,Caffe Luna,amenity,restaurant,Point,retained:named_poi,"{""addr:city"": ""Raleigh"", ""addr:housenumber"": ""136"", ""addr:postcode"": ""27601"", ""addr:state"": ""NC"", ""addr:street"": ""East Hargett Street"", ""amenity"": ""restaurant"", ""cuisine"": ""italian"", ""name"": ""Caffe Luna"", ""opening_hours"": ""Tu-Th 17:00-21:00; Fr-Sa 17:00-21:00"", ""phone"": ""+19198326090"", ""website"": ""https://cafeluna.com/""}"
RAL-01,node,2782527413,Gravy Italian-American Kitchen,amenity,restaurant,Point,retained:named_poi,"{""addr:city"": ""Raleigh"", ""addr:housenumber"": ""135"", ""addr:postcode"": ""27601"", ""addr:state"": ""NC"", ""addr:street"": ""South Wilmington Street"", ""amenity"": ""restaurant"", ""cuisine"": ""italian"", ""name"": ""Gravy Italian-American Kitchen"", ""opening_hours"": ""Mo-Th 11:00-22:00; Fr 11:00-23:00; Sa 11:00-15:00,17:00-23:00; Su 11:00-15:00,17:00-22:00"", ""phone"": ""+1 919-896-8513"", ""website"": ""https://www.gravyraleigh.com/""}"
RAL-01,node,2782527698,Wells Fargo,amenity,bank,Point,retained:named_poi,"{""amenity"": ""bank"", ""atm"": ""yes"", ""brand"": ""Wells Fargo"", ""brand:wikidata"": ""Q744149"", ""drive_through"": ""no"", ""name"": ""Wells Fargo""}"
RAL-01,node,2921397003,American Bail Bonds,office,bail_bond_agent,Point,retained:named_poi,"{""addr:country"": ""US"", ""addr:housenumber"": ""33"", ""addr:postcode"": ""27601"", ""addr:state"": ""NC"", ""addr:street"": ""West Davie Street"", ""fixme"": ""Location?"", ""name"": ""American Bail Bonds"", ""office"": ""bail_bond_agent"", ""phone"": ""+1 919 8329002"", ""website"": ""https://bailbondsraleigh.us/""}"
RAL-01,node,2921397004,Askew Taylor,shop,craft,Point,retained:named_poi,"{""addr:country"": ""US"", ""addr:housenumber"": ""110"", ""addr:postcode"": ""27603"", ""addr:state"": ""NC"", ""addr:street"": ""Glenwood Avenue"", ""name"": ""Askew Taylor"", ""phone"": ""+1 919 8344497"", ""shop"": ""craft"", ""website"": ""http://www.askewtaylor.com/""}"
RAL-01,node,2921397007,Split,amenity,bar,Point,retained:named_poi,"{""addr:country"": ""US"", ""addr:housenumber"": ""407"", ""addr:postcode"": ""27603"", ""addr:state"": ""NC"", ""addr:street"": ""Glenwood Avenue"", ""amenity"": ""bar"", ""check_date"": ""2026-09-29"", ""name"": ""Split""}"
RAL-01,node,2921397008,Revolver,shop,second_hand,Point,retained:named_poi,"{""addr:country"": ""US"", ""addr:housenumber"": ""122"", ""addr:postcode"": ""27603"", ""addr:state"": ""NC"", ""addr:street"": ""Glenwood Avenue"", ""name"": ""Revolver"", ""phone"": ""+1 919 6151428"", ""shop"": ""second_hand"", ""website"": ""http://www.catbanjo.com/""}"
RAL-01,node,2921397009,Clark Art,shop,art,Point,retained:named_poi,"{""addr:country"": ""US"", ""addr:housenumber"": ""300"", ""addr:postcode"": ""27603"", ""addr:state"": ""NC"", ""addr:street"": ""Glenwood Avenue"", ""contact:facebook"": ""https://www.facebook.com/pages/Clark-Art/163551186396"", ""contact:phone"": ""+1 919 8328319"", ""name"": ""Clark Art"", ""opening_hours"": ""Mo-Fr 08:30-17:30;Sa 09:30-13:00"", ""shop"": ""art""}"
RAL-01,node,2921397011,Split,amenity,bar,Point,retained:named_poi,"{""addr:country"": ""US"", ""addr:housenumber"": ""403"", ""addr:postcode"": ""27603"", ""addr:state"": ""NC"", ""addr:street"": ""Glenwood Avenue"", ""amenity"": ""bar"", ""check_date"": ""2026-09-29"", ""name"": ""Split""}"
RAL-01,node,2921397013,Hibernian,amenity,pub,Point,retained:named_poi,"{""addr:country"": ""US"", ""addr:housenumber"": ""311"", ""addr:postcode"": ""27603"", ""addr:state"": ""NC"", ""addr:street"": ""Glenwood Avenue"", ""amenity"": ""pub"", ""check_date"": ""2026-09-04"", ""check_date:opening_hours"": ""2026-09-04"", ""cuisine"": ""irish"", ""fax"": ""+1 919 8332275"", ""food"": ""yes"", ""mapillary"": ""4051081044976208"", ""name"": ""Hibernian"", ""opening_hours"": ""Mo-Fr 11:00-02:00; Sa-Su 10:00-02:00"", ""phone"": ""+1 919 8332258"", ""survey:date"": ""2019-07-06"", ""theme"": ""irish"", ""website"": ""https://hibernianpub.com/about/glenwood/""}"
RAL-01,node,2921397015,Kelly Odom,shop,florist,Point,retained:named_poi,"{""addr:country"": ""US"", ""addr:housenumber"": ""102"", ""addr:postcode"": ""27603"", ""addr:state"": ""NC"", ""addr:street"": ""Glenwood Avenue"", ""fax"": ""+1 919 8290993"", ""name"": ""Kelly Odom"", ""opening_hours"": ""Mo-Fr 09:00-17:00;Sa 10:00-15:00"", ""phone"": ""+1 919 8293888"", ""shop"": ""florist"", ""start_date"": ""1985"", ""website"": ""https://www.kellyodom.com/""}"
RAL-01,node,2921397016,Myriad Media,office,company,Point,retained:named_poi,"{""addr:unit"": ""100"", ""name"": ""Myriad Media"", ""office"": ""company"", ""website"": ""https://www.myriadmedia.net/""}"
RAL-01,node,2921397017,Rye Bar & Southern Kitchen,amenity,restaurant,Point,retained:named_poi,"{""addr:city"": ""Raleigh"", ""addr:housenumber"": ""500"", ""addr:postcode"": ""27601"", ""addr:state"": ""NC"", ""addr:street"": ""Fayetteville Street"", ""amenity"": ""restaurant"", ""cuisine"": ""american"", ""name"": ""Rye Bar & Southern Kitchen"", ""opening_hours"": ""Mo-Fr 06:30-23:00;Sa-Su 07:00-23:00"", ""phone"": ""+1-919-227-3370"", ""website"": ""https://www.ryeraleigh.com/""}"
RAL-01,node,2921397021,Sono,amenity,restaurant,Point,retained:named_poi,"{""addr:city"": ""Raleigh"", ""addr:housenumber"": ""319"", ""addr:postcode"": ""27601"", ""addr:state"": ""NC"", ""addr:street"": ""Fayetteville Street"", ""addr:unit"": ""101"", ""amenity"": ""restaurant"", ""cuisine"": ""japanese"", ""fax"": ""+1 919 3417971"", ""name"": ""Sono"", ""opening_hours"": ""Mo-Th 11:00-14:00,17:00-22:00;Fr 11:00-14:00,17:00-23:00;Sa 17:00-23:00;Su 17:00-22:00"", ""phone"": ""+1-919-521-5328"", ""website"": ""https://www.sonoraleigh.com/""}"
RAL-01,node,2921397022,Starbucks,amenity,cafe,Point,retained:named_poi,"{""addr:city"": ""Raleigh"", ""addr:housenumber"": ""500"", ""addr:postcode"": ""27601"", ""addr:state"": ""NC"", ""addr:street"": ""Fayetteville Street"", ""amenity"": ""cafe"", ""branch"": ""Marriott Downtown Raleigh"", ""brand"": ""Starbucks"", ""brand:wikidata"": ""Q37158"", ""check_date"": ""2026-07-24"", ""check_date:opening_hours"": ""2026-07-24"", ""cuisine"": ""coffee_shop"", ""name"": ""Starbucks"", ""official_name"": ""Starbucks Coffee"", ""opening_hours"": ""Mo-Fr 06:30-19:00; Sa 07:00-19:00; Su 07:00-17:00"", ""phone"": ""+1 919-334-9894"", ""takeaway"": ""yes"", ""website"": ""https://www.starbucks.com/store-locator/store/7706/marriott-downtown-raleigh-500-fayetteville-st-mall-raleigh-nc-276012118-us""}"
RAL-01,node,2921397023,Tesoro Hair Design,shop,hairdresser,Point,retained:named_poi,"{""addr:country"": ""US"", ""addr:housenumber"": ""320"", ""addr:postcode"": ""27603"", ""addr:state"": ""NC"", ""addr:street"": ""Glenwood Avenue"", ""name"": ""Tesoro Hair Design"", ""opening_hours"": ""Mo,Tu,Fr 10:00-18:00; We,Th 10:00-19:00; Sa 10:00-17:00"", ""phone"": ""+1 919 8967206"", ""shop"": ""hairdresser"", ""website"": ""http://www.tesorohairdesign.com/""}"
RAL-01,node,2921397044,,amenity,bicycle_parking,Point,low_value_category,"{""amenity"": ""bicycle_parking"", ""bicycle_parking"": ""wave"", ""capacity"": ""7""}"
RAL-01,node,2921397045,,amenity,bicycle_parking,Point,low_value_category,"{""amenity"": ""bicycle_parking"", ""bicycle_parking"": ""wave"", ""capacity"": ""7""}"
RAL-01,node,2921397047,,amenity,bicycle_parking,Point,low_value_category,"{""amenity"": ""bicycle_parking"", ""bicycle_parking"": ""staple"", ""capacity"": ""4"", ""covered"": ""no""}"
RAL-01,node,3157442920,Element Gastropub,amenity,restaurant,Point,retained:named_poi,"{""addr:city"": ""Raleigh"", ""addr:housenumber"": ""421"", ""addr:postcode"": ""27601"", ""addr:state"": ""NC"", ""addr:street"": ""Fayetteville Street"", ""amenity"": ""restaurant"", ""diet:vegan"": ""only"", ""name"": ""Element Gastropub"", ""opening_hours"": ""Su 11:00-15:00; Tu-Th 11:00-14:00, 16:00-21:00; Fr-Sa 11:00-14:00,16:00-22:00"", ""phone"": ""+1 919-703-6538"", ""website"": ""https://elementgastropub.com/""}"
RAL-01,node,3162277819,,amenity,parking_entrance,Point,low_value_category,"{""amenity"": ""parking_entrance""}"
RAL-01,node,3162277820,,amenity,parking_entrance,Point,low_value_category,"{""amenity"": ""parking_entrance""}"
RAL-01,node,3248742644,Crema,amenity,cafe,Point,retained:named_poi,"{""addr:city"": ""Raleigh"", ""addr:housenumber"": ""421"", ""addr:postcode"": ""27601"", ""addr:state"": ""NC"", ""addr:street"": ""Fayetteville Street"", ""amenity"": ""cafe"", ""check_date"": ""2026-07-24"", ""check_date:opening_hours"": ""2026-07-24"", ""cuisine"": ""coffee_shop;ice_cream;breakfast;sandwich"", ""name"": ""Crema"", ""opening_hours"": ""Mo-Th 07:30-14:30; Fr 07:30-14:00"", ""outdoor_seating"": ""yes"", ""phone"": ""+1 919 834 7279"", ""takeaway"": ""yes"", ""website"": ""https://cremaandmore.com/""}"
RAL-01,node,3248742646,BB&T,amenity,bank,Point,retained:named_poi,"{""addr:city"": ""Raleigh"", ""addr:housenumber"": ""434"", ""addr:postcode"": ""27601"", ""addr:state"": ""NC"", ""addr:street"": ""Fayetteville Street"", ""amenity"": ""bank"", ""atm"": ""yes"", ""name"": ""BB&T""}"
RAL-01,node,3248742652,Duke Energy,office,company,Point,retained:named_poi,"{""addr:city"": ""Raleigh"", ""addr:housenumber"": ""411"", ""addr:postcode"": ""27601"", ""addr:state"": ""NC"", ""addr:street"": ""Fayetteville Street"", ""name"": ""Duke Energy"", ""office"": ""company""}"
RAL-01,node,3248742653,Capital Bank,amenity,bank,Point,retained:named_poi,"{""addr:city"": ""Raleigh"", ""addr:housenumber"": ""333"", ""addr:postcode"": ""27601"", ""addr:state"": ""NC"", ""addr:street"": ""Fayetteville Street"", ""amenity"": ""bank"", ""atm"": ""yes"", ""brand"": ""Capital Bank"", ""brand:wikidata"": ""Q5035481"", ""name"": ""Capital Bank"", ""opening_hours"": ""Mo-Th 09:00-17:00;Fr 09:00-18:00"", ""phone"": ""+1-919-645-0868"", ""website"": ""https://www.capitalbank-us.com/""}"
RAL-01,node,3248742656,Jimmy V's Osteria + Bar,amenity,restaurant,Point,retained:named_poi,"{""addr:city"": ""Raleigh"", ""addr:housenumber"": ""420"", ""addr:postcode"": ""27601"", ""addr:state"": ""NC"", ""addr:street"": ""Fayetteville Street"", ""amenity"": ""restaurant"", ""cuisine"": ""italian"", ""name"": ""Jimmy V's Osteria + Bar"", ""phone"": ""+1-919-256-1451"", ""website"": ""https://www.jimmyvsraleigh.com/""}"
RAL-01,node,3248742657,ABC 11 Eyewitness News,office,yes,Point,retained:named_poi,"{""addr:city"": ""Raleigh"", ""addr:housenumber"": ""319"", ""addr:postcode"": ""27601"", ""addr:state"": ""NC"", ""addr:street"": ""Fayetteville Street"", ""name"": ""ABC 11 Eyewitness News"", ""office"": ""yes"", ""phone"": ""+1-919-899-3600"", ""website"": ""https://abc11.com/""}"
RAL-01,node,3248743361,PNC Bank,amenity,bank,Point,retained:named_poi,"{""addr:city"": ""Raleigh"", ""addr:housenumber"": ""301"", ""addr:postcode"": ""27601"", ""addr:state"": ""NC"", ""addr:street"": ""Fayetteville Street"", ""amenity"": ""bank"", ""atm"": ""yes"", ""brand"": ""PNC Bank"", ""brand:wikidata"": ""Q38928"", ""name"": ""PNC Bank"", ""phone"": ""+1-888-762-2265"", ""website"": ""https://www.pnc.com/""}"
RAL-01,node,3248743362,ORO Restaurant & Lounge,amenity,restaurant,Point,retained:named_poi,"{""addr:city"": ""Raleigh"", ""addr:housenumber"": ""18"", ""addr:postcode"": ""27601"", ""addr:state"": ""NC"", ""addr:street"": ""East Martin Street"", ""amenity"": ""restaurant"", ""cuisine"": ""american"", ""name"": ""ORO Restaurant & Lounge"", ""opening_hours"": ""Tu-Th 17:00-21:00; Fr,Sa 17:00-22:00"", ""phone"": ""+1-919-239-4010"", ""website"": ""https://www.ororaleigh.com/""}"
RAL-01,node,3248743365,Downtown Dental,healthcare,dentist,Point,retained:named_poi,"{""addr:city"": ""Raleigh"", ""addr:housenumber"": ""205"", ""addr:postcode"": ""27601"", ""addr:state"": ""NC"", ""addr:street"": ""Fayetteville Street"", ""addr:unit"": ""100"", ""amenity"": ""dentist"", ""healthcare"": ""dentist"", ""name"": ""Downtown Dental"", ""phone"": ""+1-919-948-7722"", ""website"": ""https://www.thedowntowndentists.com/""}"
RAL-01,node,3248743366,,shop,kiosk,Point,unnamed_category_requires_review,"{""shop"": ""kiosk""}"
RAL-01,node,3248743367,Christian Science Reading Room,shop,books,Point,retained:named_poi,"{""addr:city"": ""Raleigh"", ""addr:housenumber"": ""201"", ""addr:postcode"": ""27601"", ""addr:state"": ""NC"", ""addr:street"": ""Fayetteville Street"", ""books"": ""religion"", ""brand"": ""Christian Science Reading Room"", ""brand:wikidata"": ""Q5110122"", ""name"": ""Christian Science Reading Room"", ""operator"": ""First Church of Christ"", ""shop"": ""books""}"
RAL-01,node,3248743373,Unorthodox Vintage,shop,clothes,Point,retained:named_poi,"{""addr:city"": ""Raleigh"", ""addr:housenumber"": ""206"", ""addr:postcode"": ""27601"", ""addr:state"": ""NC"", ""addr:street"": ""South Wilmington Street"", ""name"": ""Unorthodox Vintage"", ""phone"": ""+1-984-344-6024"", ""shop"": ""clothes"", ""website"": ""https://www.instagram.com/unorthodoxvintage""}"
RAL-01,node,3248743374,The ZEN Succulent,shop,gift,Point,retained:named_poi,"{""addr:city"": ""Raleigh"", ""addr:housenumber"": ""208"", ""addr:postcode"": ""27601"", ""addr:state"": ""NC"", ""addr:street"": ""South Wilmington Street"", ""name"": ""The ZEN Succulent"", ""phone"": ""+1-919-916-5115"", ""shop"": ""gift"", ""website"": ""https://thezensucculent.com/""}"
RAL-01,node,3248743375,The PIzza Times,amenity,restaurant,Point,retained:named_poi,"{""addr:city"": ""Raleigh"", ""addr:housenumber"": ""210"", ""addr:postcode"": ""27601"", ""addr:state"": ""NC"", ""addr:street"": ""South Wilmington Street"", ""amenity"": ""restaurant"", ""cuisine"": ""pizza"", ""name"": ""The PIzza Times"", ""phone"": ""+1-919-832-4411"", ""website"": ""https://www.raleightimespizza.com/""}"
RAL-01,node,3248743384,Newbridge Bank,amenity,bank,Point,retained:named_poi,"{""addr:city"": ""Raleigh"", ""addr:housenumber"": ""133"", ""addr:postcode"": ""27601"", ""addr:state"": ""NC"", ""addr:street"": ""Fayetteville Street"", ""amenity"": ""bank"", ""atm"": ""yes"", ""name"": ""Newbridge Bank""}"
RAL-01,node,3305289268,"Andrew Osterlund, Architect, PLLC",office,architect,Point,retained:named_poi,"{""addr:city"": ""Raleigh"", ""addr:housenumber"": ""7"", ""addr:postcode"": ""27601"", ""addr:state"": ""NC"", ""addr:street"": ""West Hargett Street"", ""name"": ""Andrew Osterlund, Architect, PLLC"", ""office"": ""architect"", ""website"": ""https://www.aoarchitect.com/""}"
RAL-01,node,3305289269,CVS Pharmacy,healthcare,pharmacy,Point,retained:named_poi,"{""amenity"": ""pharmacy"", ""brand"": ""CVS Pharmacy"", ""brand:website"": ""https://www.cvs.com/"", ""brand:wikidata"": ""Q2078880"", ""dispensing"": ""yes"", ""healthcare"": ""pharmacy"", ""name"": ""CVS Pharmacy"", ""opening_hours"": ""Mo-Fr 08:00-18:00; Sa 09:00-13:00"", ""phone"": ""+1-919-834-3336"", ""short_name"": ""CVS"", ""website"": ""http://www.cvs.com/stores/cvs-pharmacy-address/200+Fayetteville+Street-Raleigh-NC-27601/storeid=4056""}"
RAL-01,node,3305289271,DECO Raleigh,shop,gift,Point,retained:named_poi,"{""addr:housenumber"": ""207"", ""addr:postcode"": ""27601"", ""addr:street"": ""South Salisbury Street"", ""contact:instagram"": ""decoraleigh"", ""email"": ""contact@decoraleigh.com"", ""name"": ""DECO Raleigh"", ""opening_hours"": ""Mo-Sa 11:00-19:00;Su 11:00-17:00"", ""phone"": ""+1 919-828-5484"", ""shop"": ""gift"", ""website"": ""https://www.decoraleigh.com/""}"
RAL-01,node,3305442675,Berkeley Cafe,amenity,restaurant,Point,retained:named_poi,"{""amenity"": ""restaurant"", ""name"": ""Berkeley Cafe"", ""opening_hours"": ""Mo-Th 11:00-24:00; Fr-Sa 11:00-02:00; Su 11:00-23:00; Mo-Su 10:00-22:00"", ""phone"": ""+1 919-828-9190"", ""website"": ""https://www.facebook.com/pages/Berkeley-Cafe/35414122239""}"
RAL-01,node,3305442677,Capitol Smoke,shop,tobacco,Point,retained:named_poi,"{""name"": ""Capitol Smoke"", ""opening_hours"": ""Mo-Su 10:00-22:00"", ""phone"": ""+1 919-916-5966"", ""shop"": ""tobacco"", ""website"": ""https://www.facebook.com/capitolsmoke""}"
RAL-01,node,3305442700,311 Gallery,tourism,gallery,Point,retained:named_poi,"{""fee"": ""no"", ""name"": ""311 Gallery"", ""opening_hours"": ""We-Sa 11:30-16:00"", ""phone"": ""+1-919-247-4915"", ""tourism"": ""gallery"", ""website"": ""http://311gallery.com/""}"
RAL-01,node,3305510861,HQ Raleigh,office,company,Point,retained:named_poi,"{""name"": ""HQ Raleigh"", ""office"": ""company"", ""website"": ""https://hqraleigh.com/""}"
RAL-01,node,3305510862,LGBT Center of Raleigh,amenity,community_centre,Point,retained:named_poi,"{""addr:city"": ""Raleigh"", ""addr:housenumber"": ""19"", ""addr:postcode"": ""27601"", ""addr:state"": ""NC"", ""addr:street"": ""West Hargett Street"", ""addr:unit"": ""507"", ""amenity"": ""community_centre"", ""club"": ""lgbtq"", ""community_centre:for"": ""lgbtq"", ""contact:email"": ""info@lgbtCenterofRaleigh.com"", ""contact:facebook"": ""https://www.facebook.com/lgbtcenterofraleigh"", ""contact:instagram"": ""https://www.instagram.com/lgbtcenterofraleigh/"", ""contact:phone"": ""+1-919-832-4484"", ""contact:twitter"": ""https://twitter.com/lgbtcenterral"", ""contact:youtube"": ""https://www.youtube.com/user/LGBTCenterOfRaleigh"", ""lgbtq"": ""primary"", ""name"": ""LGBT Center of Raleigh"", ""opening_hours"": ""Mo-Fr 12:00-20:00"", ""website"": ""https://www.lgbtcenterofraleigh.com/""}"
RAL-01,node,3305510898,Circa 1888,amenity,nightclub,Point,retained:named_poi,"{""amenity"": ""nightclub"", ""name"": ""Circa 1888"", ""website"": ""http://raleighwarehousedistrict.com/the-whiskey-room/""}"
RAL-01,node,3305510899,"William-Cozart, Inc.",shop,antiques,Point,retained:named_poi,"{""name"": ""William-Cozart, Inc."", ""opening_hours"": ""Mo-Fr 12:00-17:00"", ""phone"": ""+1 919-834-5708"", ""shop"": ""antiques"", ""website"": ""https://www.facebook.com/pages/William-Cozart-Inc/168956276448605""}"
RAL-01,node,3307013373,Clyde Cooper's BBQ,amenity,restaurant,Point,retained:named_poi,"{""addr:city"": ""Raleigh"", ""addr:housenumber"": ""327"", ""addr:postcode"": ""27601"", ""addr:state"": ""NC"", ""addr:street"": ""South Wilmington Street"", ""amenity"": ""restaurant"", ""cuisine"": ""barbecue"", ""name"": ""Clyde Cooper's BBQ"", ""opening_hours"": ""Mo-Sa 10:00-18:00"", ""payment:cash"": ""yes"", ""payment:cheque"": ""no"", ""payment:credit_cards"": ""no"", ""phone"": ""+1 919-832-7614"", ""smoking"": ""no"", ""website"": ""https://clydecoopersbbq.com/""}"
RAL-01,node,3307013375,"Mort's Inc. Raleigh, NC - Trophies, Plaques and Awards",shop,yes,Point,retained:named_poi,"{""name"": ""Mort's Inc. Raleigh, NC - Trophies, Plaques and Awards"", ""opening_hours"": ""Mo-Fr 09:00-17:30"", ""phone"": ""+1 919-828-2887"", ""shop"": ""yes"", ""website"": ""http://www.mortstrophies.com""}"
RAL-01,node,3307013445,Raleigh Denim Workshop + Curatory,shop,clothes,Point,retained:named_poi,"{""name"": ""Raleigh Denim Workshop + Curatory"", ""phone"": ""+1-919-917-8969"", ""shop"": ""clothes"", ""website"": ""http://raleighworkshop.com/""}"
RAL-01,node,3307013446,anthony ulinski studio and gallery,shop,art,Point,retained:named_poi,"{""name"": ""anthony ulinski studio and gallery"", ""phone"": ""+1-919-832-1446"", ""shop"": ""art"", ""website"": ""https://www.anthonyulinski.com/""}"
RAL-01,node,3311658363,Alter EGO Style House,shop,hairdresser,Point,retained:named_poi,"{""name"": ""Alter EGO Style House"", ""opening_hours"": ""Tu-Th 08:00-21:00; Mo, Fr 08:00-20:00; Sa-Su 08:00-16:00"", ""phone"": ""+1 919-832-6239"", ""shop"": ""hairdresser"", ""website"": ""https://www.alteregoraleigh.com/""}"
RAL-01,node,3311658364,Blake Street Shops & Studios,shop,art,Point,retained:named_poi,"{""name"": ""Blake Street Shops & Studios"", ""shop"": ""art"", ""website"": ""http://blakestreetshops.com/""}"
RAL-01,node,3311658366,Blackbird Books and Coffee,shop,books,Point,retained:named_poi,"{""addr:city"": ""Raleigh"", ""addr:housenumber"": ""325"", ""addr:postcode"": ""27601"", ""addr:state"": ""NC"", ""addr:street"": ""Blake Street"", ""email"": ""blackbirdbooksandcoffee@gmail.com"", ""name"": ""Blackbird Books and Coffee"", ""opening_hours"": ""Tu-Sa 09:00-19:00; Su 10:00-15:00"", ""shop"": ""books""}"
RAL-01,node,3311658368,Krav Maga Ralelgh,leisure,sports_centre,Point,retained:named_poi,"{""leisure"": ""sports_centre"", ""name"": ""Krav Maga Ralelgh"", ""phone"": ""+1-919-602-3923"", ""sport"": ""fitness"", ""website"": ""https://kravmagaraleigh.com/""}"
RAL-01,node,3311658369,Lisa Stewart + CalligraphyPets,shop,clothes,Point,retained:named_poi,"{""name"": ""Lisa Stewart + CalligraphyPets"", ""opening_hours"": ""Mo 11:00-16:00;Th-Fr 11:00-18:00;Sa 11:00-17:00;Su 11:00-16:00"", ""phone"": ""+1 888-877-4592"", ""shop"": ""clothes"", ""website"": ""https://www.lisa-stewart.com/""}"
RAL-01,node,3311658567,The Design Gallery Salon,shop,hairdresser,Point,retained:named_poi,"{""name"": ""The Design Gallery Salon"", ""opening_hours"": ""Tu 10:00-19:00;We 10:00-17:00;Th-Fr 10:00-19:00;Sa 10:00-17:00"", ""phone"": ""+1-919-832-6567"", ""shop"": ""hairdresser"", ""website"": ""http://www.designgallerysalon.com/""}"
RAL-01,node,3311658569,The Remedy Diner,amenity,restaurant,Point,retained:named_poi,"{""amenity"": ""restaurant"", ""name"": ""The Remedy Diner"", ""opening_hours"": ""Su-Th 11:00-22:00; Fr,Sa 11:00-24:00"", ""outdoor_seating"": ""yes"", ""phone"": ""+1-919-835-3553"", ""website"": ""https://www.theremedydiner.com/""}"
RAL-01,node,3311658571,VanNess & Fellows Tattoo Boutique,shop,tattoo,Point,retained:named_poi,"{""name"": ""VanNess & Fellows Tattoo Boutique"", ""opening_hours"": ""Tu-Sa 11:00-20:00"", ""phone"": ""+1 919-301-8955"", ""shop"": ""tattoo"", ""website"": ""http://vannessandfellows.com/""}"
RAL-01,node,3311658572,Vic's Italian Restaurant,amenity,restaurant,Point,retained:named_poi,"{""amenity"": ""restaurant"", ""cuisine"": ""italian"", ""name"": ""Vic's Italian Restaurant"", ""opening_hours"": ""Mo-Th 11:00-22:00;Fr-Sa 11:00-23:00;Su 11:00-21:00"", ""phone"": ""+1 919-829-7090"", ""website"": ""http://www.vicsitalianrestaurant.com/""}"
RAL-01,node,3311658573,cimos,shop,books,Point,retained:named_poi,"{""name"": ""cimos"", ""opening_hours"": ""Mo 11:00-16:00;Tu-Fr 11:00-18:00;Sa 12:00-16:00"", ""phone"": ""+1 919-838-6640"", ""shop"": ""books"", ""website"": ""http://www.cimosraleigh.com/""}"
RAL-01,node,3311658574,dhic,office,ngo,Point,retained:named_poi,"{""name"": ""dhic"", ""office"": ""ngo"", ""website"": ""https://www.dhic.org/""}"
RAL-01,node,3311663688,Centro,amenity,restaurant,Point,retained:named_poi,"{""amenity"": ""restaurant"", ""cuisine"": ""mexican"", ""name"": ""Centro"", ""opening_hours"": ""Mo-Th 11:30-14:30,17:30-21:30;Fr 11:30-14:30,17:30-22:30;Sa 11:00-14:30,17:30-22:30"", ""phone"": ""+1 919-835-3593"", ""website"": ""https://www.centroraleigh.com/""}"
RAL-01,node,3357227818,,amenity,parking_entrance,Point,low_value_category,"{""amenity"": ""parking_entrance""}"
RAL-01,node,3357227819,,amenity,parking_entrance,Point,low_value_category,"{""amenity"": ""parking_entrance""}"
RAL-01,node,3360555927,The Anchor,amenity,bar,Point,retained:named_poi,"{""addr:city"": ""Raleigh"", ""addr:housenumber"": ""207"", ""addr:postcode"": ""27601"", ""addr:state"": ""NC"", ""addr:street"": ""Fayetteville Street"", ""amenity"": ""bar"", ""name"": ""The Anchor""}"
RAL-01,node,3360555937,,amenity,parking_entrance,Point,low_value_category,"{""amenity"": ""parking_entrance""}"
RAL-01,node,3360555944,,amenity,parking_entrance,Point,low_value_category,"{""amenity"": ""parking_entrance""}"
RAL-01,node,3360555947,,amenity,parking_entrance,Point,low_value_category,"{""amenity"": ""parking_entrance""}"
RAL-01,node,3360555950,,amenity,parking_entrance,Point,low_value_category,"{""amenity"": ""parking_entrance""}"
RAL-01,node,3360555953,,amenity,parking_entrance,Point,low_value_category,"{""amenity"": ""parking_entrance""}"
RAL-01,node,3360555956,,amenity,parking_entrance,Point,low_value_category,"{""amenity"": ""parking_entrance""}"
RAL-01,node,3360555961,,amenity,parking_entrance,Point,low_value_category,"{""amenity"": ""parking_entrance""}"
RAL-01,node,3360555964,,amenity,parking_entrance,Point,low_value_category,"{""amenity"": ""parking_entrance""}"
RAL-01,node,3391914049,Fayetteville Street pedestrian entrance,amenity,parking_entrance,Point,low_value_category,"{""amenity"": ""parking_entrance"", ""name"": ""Fayetteville Street pedestrian entrance""}"
RAL-01,node,3509414101,,amenity,parking_entrance,Point,low_value_category,"{""amenity"": ""parking_entrance""}"
RAL-01,node,3552579541,,amenity,waste_basket,Point,low_value_category,"{""amenity"": ""waste_basket"", ""check_date"": ""2023-05-27""}"
RAL-01,node,3552579542,,amenity,bicycle_parking,Point,low_value_category,"{""amenity"": ""bicycle_parking""}"
RAL-01,node,3552579543,,amenity,bicycle_parking,Point,low_value_category,"{""amenity"": ""bicycle_parking""}"
RAL-01,node,3552579544,,amenity,bicycle_parking,Point,low_value_category,"{""amenity"": ""bicycle_parking"", ""bicycle_parking"": ""stands"", ""capacity"": ""2"", ""covered"": ""no""}"
RAL-01,node,3552579545,,amenity,waste_basket,Point,low_value_category,"{""amenity"": ""waste_basket""}"
RAL-01,node,3552579555,,amenity,waste_basket,Point,low_value_category,"{""amenity"": ""waste_basket""}"
RAL-01,node,3552579556,,amenity,waste_basket,Point,low_value_category,"{""amenity"": ""waste_basket"", ""check_date"": ""2023-05-27""}"
RAL-01,node,3552579557,,amenity,bicycle_parking,Point,low_value_category,"{""amenity"": ""bicycle_parking"", ""bicycle_parking"": ""stands"", ""capacity"": ""2"", ""covered"": ""no""}"
RAL-01,node,3552579558,,amenity,waste_basket,Point,low_value_category,"{""amenity"": ""waste_basket""}"
RAL-01,node,3552579563,,amenity,bicycle_parking,Point,low_value_category,"{""amenity"": ""bicycle_parking"", ""bicycle_parking"": ""stands"", ""capacity"": ""2"", ""covered"": ""no""}"
RAL-01,node,3552579564,,amenity,bicycle_parking,Point,low_value_category,"{""amenity"": ""bicycle_parking"", ""bicycle_parking"": ""stands"", ""capacity"": ""2"", ""covered"": ""no""}"
RAL-01,node,3552579572,,amenity,bicycle_parking,Point,low_value_category,"{""amenity"": ""bicycle_parking"", ""bicycle_parking"": ""stands"", ""capacity"": ""2"", ""covered"": ""no""}"
RAL-01,node,3552579573,,amenity,bicycle_parking,Point,low_value_category,"{""amenity"": ""bicycle_parking"", ""bicycle_parking"": ""stands"", ""capacity"": ""2"", ""covered"": ""no""}"
RAL-01,node,3552579574,,amenity,bicycle_parking,Point,low_value_category,"{""amenity"": ""bicycle_parking"", ""bicycle_parking"": ""stands"", ""capacity"": ""2"", ""covered"": ""no""}"
RAL-01,node,3552579579,,amenity,bicycle_parking,Point,low_value_category,"{""amenity"": ""bicycle_parking"", ""bicycle_parking"": ""stands"", ""capacity"": ""2"", ""covered"": ""no""}"
RAL-01,node,3552579580,,amenity,waste_basket,Point,low_value_category,"{""amenity"": ""waste_basket""}"
RAL-01,node,3552579581,,amenity,waste_basket,Point,low_value_category,"{""amenity"": ""waste_basket""}"
RAL-01,node,3552589796,,shop,kiosk,Point,unnamed_category_requires_review,"{""shop"": ""kiosk""}"
RAL-01,node,3552589797,,amenity,bench,Point,low_value_category,"{""amenity"": ""bench"", ""backrest"": ""yes""}"
RAL-01,node,3552589798,,amenity,bench,Point,low_value_category,"{""amenity"": ""bench"", ""backrest"": ""yes""}"
RAL-01,node,3552589799,,amenity,bench,Point,low_value_category,"{""amenity"": ""bench"", ""backrest"": ""yes""}"
RAL-01,node,3552589800,,amenity,bench,Point,low_value_category,"{""amenity"": ""bench"", ""backrest"": ""yes""}"
RAL-01,node,3623985409,State of Beer,amenity,pub,Point,retained:named_poi,"{""addr:housenumber"": ""A"", ""amenity"": ""pub"", ""amenity_1"": ""bar"", ""amenity_2"": ""bottle_shop"", ""capacity"": ""25"", ""cuisine"": ""sandwich"", ""delivery"": ""no"", ""name"": ""State of Beer"", ""opening_hours"": ""Mo-We 11:00-22:00; Th 11:00-24:00; Fr-Sa 11:00-02:00; Su 12:00-22:00"", ""phone"": ""+1-919-546-9116"", ""shop"": ""beverages"", ""smoking"": ""outside"", ""takeaway"": ""no"", ""website"": ""https://www.stateof.beer/""}"
RAL-01,node,3623985411,Runologie,shop,shoes,Point,retained:named_poi,"{""addr:housenumber"": ""B"", ""addr:postcode"": ""27603"", ""name"": ""Runologie"", ""opening_hours"": ""Mo-Sa 11:00-19:00; Su 12:00-17:00"", ""phone"": ""+1-919-664-8865"", ""shop"": ""shoes"", ""website"": ""https://runologieraleigh.com/""}"
RAL-01,node,3624138007,Hobgood Architects,office,architect,Point,retained:named_poi,"{""name"": ""Hobgood Architects"", ""office"": ""architect"", ""phone"": ""+1-919-828-7711"", ""website"": ""https://www.hobgoodarchitects.com/""}"
RAL-01,node,3624138632,Satisky & Silverstein Attorneys & Counselors,office,lawyer,Point,retained:named_poi,"{""addr:housenumber"": ""Suite 201"", ""addr:postcode"": ""27603"", ""addr:street"": ""Hillsborough Street"", ""name"": ""Satisky & Silverstein Attorneys & Counselors"", ""office"": ""lawyer"", ""phone"": ""+1-919-790-9102"", ""website"": ""https://satiskysilverstein.com/""}"
RAL-01,node,3624162825,Clark Patterson Lee,office,architect,Point,retained:named_poi,"{""addr:city"": ""Raleigh"", ""addr:housenumber"": ""Suite 101"", ""addr:postcode"": ""27603"", ""addr:state"": ""NC"", ""addr:street"": ""Hillsborough Street"", ""name"": ""Clark Patterson Lee"", ""office"": ""architect"", ""phone"": ""+1-919-833-6064"", ""wikidata"": ""Q16910180"", ""wikipedia"": ""en:Clark Patterson Lee""}"
RAL-01,node,3639476570,Dero,amenity,bicycle_repair_station,Point,low_value_category,"{""amenity"": ""bicycle_repair_station"", ""brand"": ""Dero"", ""note"": ""Marbles Kids Museum"", ""opening_hours"": ""24/7"", ""service:bicycle:chain_tool"": ""no"", ""service:bicycle:pump"": ""yes"", ""source"": ""Facebook post""}"
RAL-01,node,3641280056,Nash Square Charging Station,amenity,charging_station,Point,low_value_category,"{""amenity"": ""charging_station"", ""name"": ""Nash Square Charging Station"", ""operator"": ""City of Raleigh""}"
RAL-01,node,3641280057,Nash Square Charging Station,amenity,charging_station,Point,low_value_category,"{""amenity"": ""charging_station"", ""name"": ""Nash Square Charging Station"", ""operator"": ""City of Raleigh""}"
RAL-01,node,3641280058,Raleigh Police Memorial,historic,memorial,Point,retained:named_poi,"{""historic"": ""memorial"", ""name"": ""Raleigh Police Memorial""}"
RAL-01,node,3691453629,La Placita,amenity,restaurant,Point,retained:named_poi,"{""addr:floor"": ""G"", ""addr:housenumber"": ""603"", ""addr:street"": ""Glenwood Avenue"", ""amenity"": ""restaurant"", ""check_date"": ""2026-09-29"", ""cuisine"": ""mexican"", ""level"": ""0"", ""name"": ""La Placita""}"
RAL-01,node,3691461642,Sugar House,amenity,bar,Point,retained:named_poi,"{""addr:city"": ""Raleigh"", ""addr:housenumber"": ""602"", ""addr:postcode"": ""27603"", ""addr:state"": ""NC"", ""addr:street"": ""Glenwood Avenue"", ""amenity"": ""bar"", ""check_date"": ""2026-09-29"", ""name"": ""Sugar House"", ""outdoor_seating"": ""yes""}"
RAL-01,node,3691470161,Puerro's Italian Bistro,amenity,restaurant,Point,retained:named_poi,"{""addr:housenumber"": ""510"", ""addr:street"": ""Glenwood Ave"", ""amenity"": ""restaurant"", ""check_date"": ""2026-09-29"", ""cuisine"": ""italian"", ""name"": ""Puerro's Italian Bistro""}"
RAL-01,node,3691476947,SMASH,amenity,restaurant,Point,retained:named_poi,"{""addr:housenumber"": ""500"", ""addr:street"": ""Glenwood Ave"", ""amenity"": ""restaurant"", ""check_date"": ""2026-09-29"", ""cuisine"": ""burger"", ""name"": ""SMASH""}"
RAL-01,node,3691491947,Dirty V,amenity,restaurant,Point,retained:named_poi,"{""addr:city"": ""Raleigh"", ""addr:housenumber"": ""301"", ""addr:postcode"": ""27603"", ""addr:state"": ""NC"", ""addr:street"": ""Glenwood Avenue"", ""addr:unit"": ""100"", ""amenity"": ""restaurant"", ""diet:vegan"": ""only"", ""name"": ""Dirty V"", ""website"": ""https://thedirtyv.com/""}"
RAL-01,node,3691544759,Glenwood Ave at Willard Pl,public_transport,platform,Point,transport_platform_infrastructure,"{""bus"": ""yes"", ""fixme"": ""Verify if stop exists, shown as stop (serving GoRaleigh 6 bus) by GoRaleigh, but no signage found on the ground"", ""highway"": ""bus_stop"", ""name"": ""Glenwood Ave at Willard Pl"", ""network"": ""GoRaleigh"", ""network:wikidata"": ""Q5035469"", ""network:wikipedia"": ""en:GoRaleigh"", ""public_transport"": ""platform"", ""ref"": ""8183""}"
RAL-01,node,3720148526,,amenity,bicycle_parking,Point,low_value_category,"{""amenity"": ""bicycle_parking"", ""bicycle_parking"": ""stands"", ""capacity"": ""10"", ""covered"": ""no""}"
RAL-01,node,3752759687,A Place at the Table,amenity,cafe,Point,retained:named_poi,"{""addr:city"": ""Raleigh"", ""addr:housenumber"": ""300"", ""addr:postcode"": ""27601"", ""addr:state"": ""NC"", ""addr:street"": ""West Hargett Street"", ""addr:unit"": ""50"", ""amenity"": ""cafe"", ""cuisine"": ""coffee;tea;breakfast;lunch;pastry"", ""internet_access"": ""yes"", ""name"": ""A Place at the Table"", ""opening_hours"": ""Mo-Sa 07:00-14:00"", ""outdoor_seating"": ""yes"", ""smoking"": ""outside"", ""website"": ""https://tableraleigh.org/""}"
RAL-01,node,3796331874,Death & Taxes,amenity,restaurant,Point,retained:named_poi,"{""amenity"": ""restaurant"", ""capacity"": ""100"", ""name"": ""Death & Taxes"", ""opening_hours"": ""17:00-23:00"", ""phone"": ""+1-984-242-0218"", ""smoking"": ""no"", ""website"": ""https://ac-restaurants.com/death-taxes/""}"
RAL-01,node,4103902057,,railway,signal,Point,railway_track_infrastructure,"{""railway"": ""signal"", ""railway:signal:direction"": ""forward"", ""railway:signal:position"": ""left""}"
RAL-01,node,4103902058,,railway,switch,Point,railway_track_infrastructure,"{""railway"": ""switch""}"
RAL-01,node,4128436170,Cuya,amenity,cafe,Point,retained:named_poi,"{""addr:floor"": ""G"", ""addr:housenumber"": ""413"", ""addr:street"": ""Glenwood Avenue"", ""amenity"": ""cafe"", ""check_date"": ""2026-09-29"", ""cuisine"": ""mexican;sandwich;breakfast;coffee_shop"", ""level"": ""0"", ""name"": ""Cuya"", ""opening_hours"": ""Mo off; Tu-Th 17:00-22:00; Fr 17:00-23:00; Sa 15:00-23:00; Su 15:00-21:00""}"
RAL-01,node,4134019066,Shred Nations,office,company,Point,retained:named_poi,"{""addr:city"": ""Raleigh"", ""addr:housenumber"": ""324"", ""addr:postcode"": ""27601"", ""addr:state"": ""NC"", ""addr:street"": ""S Wilmington St"", ""name"": ""Shred Nations"", ""office"": ""company"", ""phone"": ""+1-919-324-6619"", ""website"": ""https://www.shrednations.com/raleigh/""}"
RAL-01,node,4167502533,Boxcar Bar and Arcade,amenity,bar,Point,retained:named_poi,"{""addr:city"": ""Raleigh"", ""addr:housenumber"": ""330"", ""addr:postcode"": ""27601"", ""addr:state"": ""NC"", ""addr:street"": ""West Davie Street"", ""amenity"": ""bar"", ""name"": ""Boxcar Bar and Arcade"", ""opening_hours"": ""Mo-Th 16:00-01:00; Fr-Sa 12:00-02:00; Su 12:00-00:00"", ""website"": ""https://theboxcarbar.com/""}"
RAL-01,node,4377037912,Raleigh Guest Suites,tourism,hotel,Point,retained:named_poi,"{""name"": ""Raleigh Guest Suites"", ""tourism"": ""hotel""}"
RAL-01,node,4377037913,Friendship Inn Capitol,tourism,hotel,Point,retained:named_poi,"{""name"": ""Friendship Inn Capitol"", ""tourism"": ""hotel""}"
RAL-01,node,4422082640,Seaboard Wine and Tasting Bar,shop,beverages,Point,retained:named_poi,"{""addr:city"": ""Raleigh"", ""addr:housenumber"": ""802"", ""addr:postcode"": ""27604"", ""addr:state"": ""NC"", ""addr:street"": ""Semart Drive"", ""name"": ""Seaboard Wine and Tasting Bar"", ""operator"": ""Douglas Diesing"", ""shop"": ""beverages""}"
RAL-01,node,4422082641,O2 Fitness Seaboard,leisure,sports_centre,Point,retained:named_poi,"{""addr:city"": ""Raleigh"", ""addr:housenumber"": ""802"", ""addr:postcode"": ""27604"", ""addr:state"": ""NC"", ""addr:street"": ""Semart Drive"", ""leisure"": ""sports_centre"", ""name"": ""O2 Fitness Seaboard""}"
RAL-01,node,4422082642,Ace Hardware,shop,doityourself,Point,retained:named_poi,"{""addr:city"": ""Raleigh"", ""addr:housenumber"": ""802"", ""addr:postcode"": ""27604"", ""addr:state"": ""NC"", ""addr:street"": ""Semart Drive"", ""addr:unit"": ""112"", ""brand"": ""Ace Hardware"", ""brand:wikidata"": ""Q4672981"", ""name"": ""Ace Hardware"", ""opening_hours"": ""Mo-Fr 07:30-19:00; Sa 08:00-18:00; Su 10:00-18:00"", ""phone"": ""+1 919-834-8600"", ""ref"": ""16931"", ""shop"": ""doityourself""}"
RAL-01,node,4507482546,The Haymaker,amenity,bar,Point,retained:named_poi,"{""addr:city"": ""Raleigh"", ""addr:country"": ""US"", ""addr:housenumber"": ""555"", ""addr:place"": ""Charter Square Plaza"", ""addr:postcode"": ""27601"", ""addr:state"": ""NC"", ""addr:street"": ""Fayetteville Street"", ""addr:unit"": ""115"", ""amenity"": ""bar"", ""name"": ""The Haymaker"", ""website"": ""https://www.thehaymakerraleigh.com/""}"
RAL-01,node,4507482547,JDavis Architects,office,architect,Point,retained:named_poi,"{""addr:city"": ""Raleigh"", ""addr:country"": ""US"", ""addr:housenumber"": ""510"", ""addr:postcode"": ""27601"", ""addr:state"": ""NC"", ""addr:street"": ""South Wilmington Street"", ""contact:phone"": ""+1-919-835-1500"", ""contact:website"": ""http://www.jdavisarchitects.com/"", ""name"": ""JDavis Architects"", ""office"": ""architect""}"
RAL-01,node,4507482552,Sir Walter Coffee & Kitchen,amenity,fast_food,Point,retained:named_poi,"{""addr:city"": ""Raleigh"", ""addr:country"": ""US"", ""addr:housenumber"": ""555"", ""addr:place"": ""Charter Square Plaza"", ""addr:postcode"": ""27601"", ""addr:state"": ""NC"", ""addr:street"": ""Fayetteville Street"", ""addr:unit"": ""110"", ""amenity"": ""fast_food"", ""check_date"": ""2026-07-24"", ""check_date:opening_hours"": ""2026-07-24"", ""contact:phone"": ""+1 919-999-3324"", ""contact:website"": ""https://sirwaltercoffee.com/"", ""cuisine"": ""american;coffee_shop;grill"", ""name"": ""Sir Walter Coffee & Kitchen"", ""opening_hours"": ""Mo-Th 07:00-22:00; Fr-Sa 07:00-00:00; Su 07:00-17:00"", ""outdoor_seating"": ""yes"", ""smoking"": ""no"", ""takeaway"": ""yes"", ""website:menu"": ""https://order.toasttab.com/online/sir-walter-fayetteville-st-555-fayetteville-street-ste-110""}"
RAL-01,node,4507515889,,amenity,parking_entrance,Point,low_value_category,"{""amenity"": ""parking_entrance""}"
RAL-01,node,4533068539,Glenwood South Pharmacy & Market,healthcare,pharmacy,Point,retained:named_poi,"{""addr:city"": ""Raleigh"", ""addr:housenumber"": ""401"", ""addr:postcode"": ""27603"", ""addr:state"": ""NC"", ""addr:street"": ""Glenwood Avenue"", ""amenity"": ""pharmacy"", ""check_date"": ""2026-09-29"", ""contact:phone"": ""+1-919-856-9502"", ""contact:website"": ""http://www.glenwoodsouthpharmacy.com/"", ""drive_through"": ""no"", ""healthcare"": ""pharmacy"", ""name"": ""Glenwood South Pharmacy & Market"", ""opening_hours"": ""Mo-Th 09:00-22:00; Fr-Sa 09:00-23:00; Su 12:00-20:00""}"
RAL-01,node,4533068540,Wells Fargo,amenity,atm,Point,retained:named_poi,"{""amenity"": ""atm"", ""brand"": ""Wells Fargo"", ""brand:wikidata"": ""Q744149"", ""currency:USD"": ""yes"", ""name"": ""Wells Fargo"", ""operator"": ""Wells Fargo"", ""operator:wikidata"": ""Q744149"", ""operator:wikipedia"": ""en:Wells Fargo""}"
RAL-01,node,4533076519,,amenity,parking_entrance,Point,low_value_category,"{""access"": ""customers"", ""amenity"": ""parking_entrance""}"
RAL-01,node,4543153570,,railway,crossing,Point,unnamed_not_inherently_meaningful,"{""crossing:barrier"": ""full"", ""railway"": ""crossing""}"
RAL-01,node,4543153572,,railway,crossing,Point,unnamed_not_inherently_meaningful,"{""crossing:barrier"": ""full"", ""railway"": ""crossing""}"
RAL-01,node,4543153573,,railway,crossing,Point,unnamed_not_inherently_meaningful,"{""railway"": ""crossing""}"
RAL-01,node,4543153574,,railway,crossing,Point,unnamed_not_inherently_meaningful,"{""railway"": ""crossing""}"
RAL-01,node,4543153575,,railway,crossing,Point,unnamed_not_inherently_meaningful,"{""railway"": ""crossing""}"
RAL-01,node,4543153576,,railway,crossing,Point,unnamed_not_inherently_meaningful,"{""railway"": ""crossing""}"
RAL-01,node,4543153578,,railway,crossing,Point,unnamed_not_inherently_meaningful,"{""railway"": ""crossing""}"
RAL-01,node,4543833989,,amenity,parking_entrance,Point,low_value_category,"{""amenity"": ""parking_entrance""}"
RAL-01,node,4543834002,,amenity,parking_entrance,Point,low_value_category,"{""amenity"": ""parking_entrance""}"
RAL-01,node,4543885463,,amenity,bicycle_parking,Point,low_value_category,"{""access"": ""private"", ""amenity"": ""bicycle_parking"", ""bicycle_parking"": ""rack"", ""capacity"": ""4"", ""covered"": ""no"", ""fee"": ""no"", ""supervised"": ""no"", ""surface"": ""concrete""}"
RAL-01,node,4543885464,United States Postal Service,amenity,post_box,Point,low_value_category,"{""access"": ""private"", ""amenity"": ""post_box"", ""operator"": ""United States Postal Service"", ""operator:short"": ""USPS"", ""operator:type"": ""public"", ""operator:website"": ""https://www.usps.com"", ""operator:wikidata"": ""Q668687"", ""operator:wikipedia"": ""en:United States Postal Service"", ""short_name"": ""USPS""}"
RAL-01,node,4544087503,42 & Lawrence,amenity,cafe,Point,retained:named_poi,"{""addr:city"": ""Raleigh"", ""addr:country"": ""US"", ""addr:housenumber"": ""134"", ""addr:postcode"": ""27601"", ""addr:state"": ""NC"", ""addr:street"": ""East Martin Street"", ""amenity"": ""cafe"", ""contact:email"": ""info@42lawrence.com"", ""contact:facebook"": ""https://www.facebook.com/42lawrence"", ""contact:phone"": ""+1-919-322-1668"", ""contact:website"": ""http://www.42lawrence.com/"", ""name"": ""42 & Lawrence""}"
RAL-01,node,4544087509,,amenity,parking_entrance,Point,low_value_category,"{""amenity"": ""parking_entrance""}"
RAL-01,node,4655006956,,amenity,bicycle_parking,Point,low_value_category,"{""amenity"": ""bicycle_parking"", ""bicycle_parking"": ""staple"", ""capacity"": ""2"", ""covered"": ""no""}"
RAL-01,node,4846523621,Glenwood South Tailors & Alterations,craft,tailor,Point,retained:named_poi,"{""addr:country"": ""US"", ""addr:housenumber"": ""743"", ""addr:postcode"": ""27603"", ""addr:state"": ""NC"", ""addr:street"": ""West Johnson Street"", ""craft"": ""tailor"", ""name"": ""Glenwood South Tailors & Alterations"", ""opening_hours"": ""Tu-Fr 12:30-18:30; Sa 10:30-18:00; Su 12:30-16:00"", ""phone"": ""+1-919-951-4755"", ""website"": ""https://www.glenwoodsouthtailor.com/""}"
RAL-01,node,4891381239,Virtue Property Solutions,office,estate_agent,Point,retained:named_poi,"{""addr:city"": ""Raleigh"", ""addr:housenumber"": ""555"", ""addr:postcode"": ""27601"", ""addr:state"": ""NC"", ""addr:street"": ""Fayetteville Street"", ""email"": ""tedbuyshousesnc@gmail.com"", ""name"": ""Virtue Property Solutions"", ""office"": ""estate_agent"", ""opening_hours"": ""Mo-Fr 09:00-18:00"", ""phone"": ""+1-919-371-8186"", ""suite"": ""201"", ""website"": ""http://www.tedbuyshousesnc.com/""}"
RAL-01,node,4960160742,,tourism,artwork,Point,unnamed_not_inherently_meaningful,"{""artwork_type"": ""statue"", ""tourism"": ""artwork""}"
RAL-01,node,4960160743,,tourism,artwork,Point,unnamed_not_inherently_meaningful,"{""artwork_type"": ""statue"", ""tourism"": ""artwork""}"
RAL-01,node,4960160744,,tourism,artwork,Point,unnamed_not_inherently_meaningful,"{""artwork_type"": ""statue"", ""tourism"": ""artwork""}"
RAL-01,node,5534636157,,amenity,fountain,Point,unnamed_not_inherently_meaningful,"{""amenity"": ""fountain""}"
RAL-01,node,5534684217,,amenity,fountain,Point,unnamed_not_inherently_meaningful,"{""amenity"": ""fountain""}"
RAL-01,node,5534686937,Red Hat Armadillo,tourism,artwork,Point,retained:named_poi,"{""name"": ""Red Hat Armadillo"", ""tourism"": ""artwork""}"
RAL-01,node,5534689364,Sosta Coffee Shop,shop,coffee,Point,retained:named_poi,"{""name"": ""Sosta Coffee Shop"", ""opening_hours"": ""Mo-Fr 09:00-16:00"", ""shop"": ""coffee""}"
RAL-01,node,5534689365,Oak City Meatball Shoppe,amenity,restaurant,Point,retained:named_poi,"{""amenity"": ""restaurant"", ""name"": ""Oak City Meatball Shoppe"", ""opening_hours"": ""Tu-Sa 11:00-21:00""}"
RAL-01,node,5567982278,,amenity,parking_entrance,Point,low_value_category,"{""amenity"": ""parking_entrance""}"
RAL-01,node,5567982291,,amenity,parking_entrance,Point,low_value_category,"{""amenity"": ""parking_entrance""}"
RAL-01,node,5567982302,,amenity,parking_entrance,Point,low_value_category,"{""amenity"": ""parking_entrance""}"
RAL-01,node,5585070502,,amenity,parking_entrance,Point,low_value_category,"{""amenity"": ""parking_entrance""}"
RAL-01,node,5585071938,,amenity,parking,Point,low_value_category,"{""amenity"": ""parking""}"
RAL-01,node,5585072265,,amenity,parking,Point,low_value_category,"{""amenity"": ""parking""}"
RAL-01,node,5585072279,,amenity,parking,Point,low_value_category,"{""amenity"": ""parking""}"
RAL-01,node,5585072282,,amenity,parking,Point,low_value_category,"{""amenity"": ""parking""}"
RAL-01,node,5585072466,,amenity,parking_entrance,Point,low_value_category,"{""amenity"": ""parking_entrance""}"
RAL-01,node,5585072471,,amenity,parking_entrance,Point,low_value_category,"{""amenity"": ""parking_entrance""}"
RAL-01,node,5585072495,,amenity,parking_entrance,Point,low_value_category,"{""amenity"": ""parking_entrance""}"
RAL-01,node,5585072499,,amenity,parking_entrance,Point,low_value_category,"{""amenity"": ""parking_entrance""}"
RAL-01,node,5585072554,,amenity,parking_entrance,Point,low_value_category,"{""amenity"": ""parking_entrance""}"
RAL-01,node,5585072558,,amenity,parking_entrance,Point,low_value_category,"{""amenity"": ""parking_entrance""}"
RAL-01,node,5585072576,,amenity,parking_entrance,Point,low_value_category,"{""amenity"": ""parking_entrance""}"
RAL-01,node,5585072578,,amenity,parking_entrance,Point,low_value_category,"{""amenity"": ""parking_entrance""}"
RAL-01,node,5585417245,,amenity,parking,Point,low_value_category,"{""amenity"": ""parking""}"
RAL-01,node,5585417267,,amenity,parking,Point,low_value_category,"{""amenity"": ""parking""}"
RAL-01,node,5587080438,,amenity,parking_entrance,Point,low_value_category,"{""amenity"": ""parking_entrance""}"
RAL-01,node,5587080458,,amenity,parking_entrance,Point,low_value_category,"{""amenity"": ""parking_entrance""}"
RAL-01,node,5587080462,,amenity,parking_entrance,Point,low_value_category,"{""amenity"": ""parking_entrance""}"
RAL-01,node,5646152098,,amenity,parking_entrance,Point,low_value_category,"{""amenity"": ""parking_entrance""}"
RAL-01,node,5646152101,,amenity,parking_entrance,Point,low_value_category,"{""amenity"": ""parking_entrance""}"
RAL-01,node,5646194003,,amenity,parking_entrance,Point,low_value_category,"{""amenity"": ""parking_entrance""}"
RAL-01,node,5646194005,,amenity,parking_entrance,Point,low_value_category,"{""amenity"": ""parking_entrance""}"
RAL-01,node,5646194013,,amenity,parking_entrance,Point,low_value_category,"{""amenity"": ""parking_entrance""}"
RAL-01,node,5760380611,Raleigh,public_transport,stop_position,Point,transport_platform_infrastructure,"{""name"": ""Raleigh"", ""network"": ""Amtrak"", ""public_transport"": ""stop_position"", ""railway"": ""stop"", ""railway:ref"": ""RGH"", ""train"": ""yes""}"
RAL-01,node,5760380615,Raleigh,public_transport,stop_position,Point,transport_platform_infrastructure,"{""name"": ""Raleigh"", ""network"": ""Amtrak"", ""public_transport"": ""stop_position"", ""railway"": ""stop"", ""railway:ref"": ""RGH"", ""train"": ""yes""}"
RAL-01,node,5760381222,,railway,signal,Point,railway_track_infrastructure,"{""railway"": ""signal"", ""railway:signal:direction"": ""forward""}"
RAL-01,node,5760381223,,railway,switch,Point,railway_track_infrastructure,"{""railway"": ""switch""}"
RAL-01,node,5760381224,,railway,signal,Point,railway_track_infrastructure,"{""railway"": ""signal"", ""railway:signal:direction"": ""forward""}"
RAL-01,node,5760381226,,railway,signal,Point,railway_track_infrastructure,"{""railway"": ""signal"", ""railway:signal:direction"": ""backward""}"
RAL-01,node,5760381227,,railway,signal,Point,railway_track_infrastructure,"{""railway"": ""signal"", ""railway:signal:direction"": ""backward""}"
RAL-01,node,5760381228,,railway,signal,Point,railway_track_infrastructure,"{""railway"": ""signal"", ""railway:signal:direction"": ""backward""}"
RAL-01,node,5760381229,,railway,signal,Point,railway_track_infrastructure,"{""railway"": ""signal"", ""railway:signal:direction"": ""backward""}"
RAL-01,node,5808092227,Virginia Dare Ballroom,leisure,dance,Point,retained:named_poi,"{""leisure"": ""dance"", ""name"": ""Virginia Dare Ballroom""}"
RAL-01,node,5808092229,The North Carolina State Library,amenity,library,Point,retained:named_poi,"{""amenity"": ""library"", ""name"": ""The North Carolina State Library"", ""operator:type"": ""government"", ""website"": ""https://statelibrary.ncdcr.gov/""}"
RAL-01,node,6003896462,,amenity,parking_entrance,Point,low_value_category,"{""amenity"": ""parking_entrance""}"
RAL-01,node,6019918408,,amenity,parking,Point,low_value_category,"{""amenity"": ""parking""}"
RAL-01,node,6173340585,Whiskey Kitchen,amenity,restaurant,Point,retained:named_poi,"{""addr:city"": ""Raleigh"", ""addr:housenumber"": ""201"", ""addr:postcode"": ""27601"", ""addr:state"": ""NC"", ""addr:street"": ""West Martin Street"", ""amenity"": ""restaurant"", ""name"": ""Whiskey Kitchen"", ""phone"": ""+1-919-803-3181"", ""website"": ""https://www.whiskey.kitchen/""}"
RAL-01,node,6250338365,Amorino,amenity,ice_cream,Point,retained:named_poi,"{""amenity"": ""ice_cream"", ""branch"": ""Gelato"", ""brand"": ""Amorino"", ""brand:wikidata"": ""Q2843884"", ""name"": ""Amorino"", ""opening_hours"": ""Mo-Su 15:00-21:00""}"
RAL-01,node,6389366055,,amenity,waste_disposal,Point,low_value_category,"{""amenity"": ""waste_disposal""}"
RAL-01,node,6391624115,,amenity,parking_entrance,Point,low_value_category,"{""amenity"": ""parking_entrance""}"
RAL-01,node,6441803385,Brewery Bhavana,amenity,restaurant,Point,retained:named_poi,"{""addr:housenumber"": ""218"", ""addr:postcode"": ""27601"", ""addr:street"": ""South Blount Street"", ""amenity"": ""restaurant"", ""contact:facebook"": ""brewerybhavana"", ""contact:instagram"": ""brewerybhavana"", ""cuisine"": ""chinese"", ""email"": ""info@brewerybhavana.com"", ""name"": ""Brewery Bhavana"", ""opening_hours"": ""Su 11:30-21:00; Mo-Th 11:30-22:00; Fr-Sa 11:30-23:00"", ""phone"": ""+1 919-829-9998"", ""self_service"": ""no"", ""website"": ""https://brewerybhavana.com/location/taproom/"", ""website:menu"": ""https://brewerybhavana.com/food-menu/""}"
RAL-01,node,6484113986,Raleigh Beer Garden,amenity,bar,Point,retained:named_poi,"{""addr:housenumber"": ""614"", ""addr:postcode"": ""27603"", ""addr:street"": ""Glenwood Avenue"", ""amenity"": ""bar"", ""check_date"": ""2026-09-29"", ""name"": ""Raleigh Beer Garden"", ""opening_hours"": ""Mo-Su 12:00-12:00""}"
RAL-01,node,6502777517,McDowell Street & Martin Street,public_transport,platform,Point,transport_platform_infrastructure,"{""bench"": ""no"", ""bin"": ""no"", ""bus"": ""yes"", ""highway"": ""bus_stop"", ""name"": ""McDowell Street & Martin Street"", ""network"": ""GoRaleigh;GoTriangle"", ""operator"": ""GoRaleigh;GoTriangle"", ""passenger_information_display"": ""no"", ""public_transport"": ""platform"", ""ref"": ""8343"", ""shelter"": ""no""}"
RAL-01,node,6507326671,St Marys St at Jones St (NB),public_transport,platform,Point,transport_platform_infrastructure,"{""bus"": ""yes"", ""highway"": ""bus_stop"", ""name"": ""St Marys St at Jones St (NB)"", ""network"": ""GoRaleigh"", ""network:wikidata"": ""Q5035469"", ""network:wikipedia"": ""en:GoRaleigh"", ""public_transport"": ""platform"", ""ref"": ""8435""}"
RAL-01,node,6507344366,E Lane St at N Wilmington St,public_transport,platform,Point,transport_platform_infrastructure,"{""bench"": ""no"", ""bin"": ""no"", ""bus"": ""yes"", ""highway"": ""bus_stop"", ""name"": ""E Lane St at N Wilmington St"", ""network"": ""GoRaleigh"", ""network:wikidata"": ""Q5035469"", ""network:wikipedia"": ""en:GoRaleigh"", ""public_transport"": ""platform"", ""ref"": ""9453"", ""shelter"": ""no""}"
RAL-01,node,6507347570,N Wilmington St at North St,public_transport,platform,Point,transport_platform_infrastructure,"{""bench"": ""no"", ""bin"": ""no"", ""bus"": ""yes"", ""highway"": ""bus_stop"", ""mapillary"": ""775192636331963"", ""name"": ""N Wilmington St at North St"", ""network"": ""GoRaleigh;GoTriangle"", ""public_transport"": ""platform"", ""ref"": ""8006"", ""shelter"": ""no"", ""survey:date"": ""2019-06-27""}"
RAL-01,node,6507360614,W Peace St at Glenwood Ave (WB),public_transport,platform,Point,transport_platform_infrastructure,"{""bus"": ""yes"", ""highway"": ""bus_stop"", ""name"": ""W Peace St at Glenwood Ave (WB)"", ""network"": ""GoRaleigh"", ""network:wikidata"": ""Q5035469"", ""network:wikipedia"": ""en:GoRaleigh"", ""public_transport"": ""platform"", ""ref"": ""8573""}"
RAL-01,node,6507364678,Peace St at Vaughn Ct (R20),public_transport,platform,Point,transport_platform_infrastructure,"{""bus"": ""yes"", ""highway"": ""bus_stop"", ""name"": ""Peace St at Vaughn Ct (R20)"", ""network"": ""GoRaleigh"", ""network:wikidata"": ""Q5035469"", ""network:wikipedia"": ""en:GoRaleigh"", ""public_transport"": ""platform"", ""ref"": ""9174""}"
RAL-01,node,6507366834,W Jones St at N Salisbury St,public_transport,platform,Point,transport_platform_infrastructure,"{""bench"": ""no"", ""bin"": ""no"", ""bus"": ""yes"", ""highway"": ""bus_stop"", ""name"": ""W Jones St at N Salisbury St"", ""network"": ""GoRaleigh"", ""network:wikidata"": ""Q5035469"", ""network:wikipedia"": ""en:GoRaleigh"", ""public_transport"": ""platform"", ""ref"": ""8290"", ""shelter"": ""no""}"
RAL-01,node,6507366837,Peace Street & Blount Street,public_transport,platform,Point,transport_platform_infrastructure,"{""bench"": ""no"", ""bin"": ""no"", ""bus"": ""yes"", ""highway"": ""bus_stop"", ""name"": ""Peace Street & Blount Street"", ""network"": ""GoRaleigh"", ""network:wikidata"": ""Q5035469"", ""network:wikipedia"": ""en:GoRaleigh"", ""operator"": ""GoRaleigh"", ""passenger_information_display"": ""no"", ""public_transport"": ""platform"", ""ref"": ""9384"", ""shelter"": ""no""}"
RAL-01,node,6507367522,West St at Johnson (R10),public_transport,platform,Point,transport_platform_infrastructure,"{""bus"": ""yes"", ""highway"": ""bus_stop"", ""name"": ""West St at Johnson (R10)"", ""network"": ""GoRaleigh"", ""network:wikidata"": ""Q5035469"", ""network:wikipedia"": ""en:GoRaleigh"", ""public_transport"": ""platform"", ""ref"": ""9910""}"
RAL-01,node,6507367525,St Marys St at North St (NB),public_transport,platform,Point,transport_platform_infrastructure,"{""bench"": ""no"", ""bin"": ""no"", ""bus"": ""yes"", ""highway"": ""bus_stop"", ""name"": ""St Marys St at North St (NB)"", ""network"": ""GoRaleigh"", ""network:wikidata"": ""Q5035469"", ""network:wikipedia"": ""en:GoRaleigh"", ""public_transport"": ""platform"", ""ref"": ""8436"", ""shelter"": ""no""}"
RAL-01,node,6507374301,St Marys St at Johnson St (NB),public_transport,platform,Point,transport_platform_infrastructure,"{""bench"": ""no"", ""bin"": ""no"", ""bus"": ""yes"", ""highway"": ""bus_stop"", ""name"": ""St Marys St at Johnson St (NB)"", ""network"": ""GoRaleigh"", ""network:wikidata"": ""Q5035469"", ""network:wikipedia"": ""en:GoRaleigh"", ""public_transport"": ""platform"", ""ref"": ""9676"", ""shelter"": ""no""}"
RAL-01,node,6507375475,Glenwood Avenue & Lane Street,public_transport,platform,Point,transport_platform_infrastructure,"{""bench"": ""no"", ""bin"": ""no"", ""bus"": ""yes"", ""highway"": ""bus_stop"", ""name"": ""Glenwood Avenue & Lane Street"", ""network"": ""GoRaleigh"", ""network:wikidata"": ""Q5035469"", ""network:wikipedia"": ""en:GoRaleigh"", ""operator"": ""GoRaleigh"", ""passenger_information_display"": ""no"", ""public_transport"": ""platform"", ""ref"": ""8074"", ""shelter"": ""no""}"
RAL-01,node,6507375476,St Marys St at Peace St (NB),public_transport,platform,Point,transport_platform_infrastructure,"{""bench"": ""no"", ""bin"": ""yes"", ""bus"": ""yes"", ""highway"": ""bus_stop"", ""name"": ""St Marys St at Peace St (NB)"", ""network"": ""GoRaleigh"", ""network:wikidata"": ""Q5035469"", ""network:wikipedia"": ""en:GoRaleigh"", ""public_transport"": ""platform"", ""ref"": ""8437"", ""shelter"": ""no""}"
RAL-01,node,6507376476,Person Street & Franklin Street,public_transport,platform,Point,transport_platform_infrastructure,"{""bench"": ""yes"", ""bin"": ""yes"", ""bus"": ""yes"", ""highway"": ""bus_stop"", ""name"": ""Person Street & Franklin Street"", ""network"": ""GoRaleigh"", ""network:wikidata"": ""Q5035469"", ""network:wikipedia"": ""en:GoRaleigh"", ""operator"": ""GoRaleigh"", ""passenger_information_display"": ""no"", ""public_transport"": ""platform"", ""ref"": ""8009"", ""shelter"": ""no""}"
RAL-01,node,6507376477,Halifax St at E Franklin St,public_transport,platform,Point,transport_platform_infrastructure,"{""bus"": ""yes"", ""highway"": ""bus_stop"", ""name"": ""Halifax St at E Franklin St"", ""network"": ""GoRaleigh"", ""network:wikidata"": ""Q5035469"", ""network:wikipedia"": ""en:GoRaleigh"", ""public_transport"": ""platform"", ""ref"": ""9717""}"
RAL-01,node,6507378176,Salisbury St at W Jones St,public_transport,platform,Point,transport_platform_infrastructure,"{""bench"": ""yes"", ""bin"": ""yes"", ""bus"": ""yes"", ""highway"": ""bus_stop"", ""name"": ""Salisbury St at W Jones St"", ""network"": ""GoRaleigh;GoTriangle"", ""public_transport"": ""platform"", ""ref"": ""8061"", ""shelter"": ""yes""}"
RAL-01,node,6507379155,Peace St at Seaboard Station Dr,public_transport,platform,Point,transport_platform_infrastructure,"{""bench"": ""no"", ""bin"": ""no"", ""bus"": ""yes"", ""highway"": ""bus_stop"", ""name"": ""Peace St at Seaboard Station Dr"", ""network"": ""GoRaleigh"", ""network:wikidata"": ""Q5035469"", ""network:wikipedia"": ""en:GoRaleigh"", ""public_transport"": ""platform"", ""ref"": ""8571"", ""shelter"": ""no""}"
RAL-01,node,6507379157,Salisbury St at Parking Deck,public_transport,platform,Point,transport_platform_infrastructure,"{""bus"": ""yes"", ""highway"": ""bus_stop"", ""name"": ""Salisbury St at Parking Deck"", ""network"": ""GoRaleigh"", ""network:wikidata"": ""Q5035469"", ""network:wikipedia"": ""en:GoRaleigh"", ""public_transport"": ""platform"", ""ref"": ""8058""}"
RAL-01,node,6507379158,Blount Street & Lane Street,public_transport,platform,Point,transport_platform_infrastructure,"{""bench"": ""no"", ""bin"": ""yes"", ""bus"": ""yes"", ""highway"": ""bus_stop"", ""name"": ""Blount Street & Lane Street"", ""network"": ""GoRaleigh"", ""network:wikidata"": ""Q5035469"", ""network:wikipedia"": ""en:GoRaleigh"", ""operator"": ""GoRaleigh"", ""passenger_information_display"": ""no"", ""public_transport"": ""platform"", ""ref"": ""9789"", ""shelter"": ""no""}"
RAL-01,node,6507380182,Glenwood Avenue & Tucker Street,public_transport,platform,Point,transport_platform_infrastructure,"{""bench"": ""yes"", ""bin"": ""yes"", ""bus"": ""yes"", ""highway"": ""bus_stop"", ""name"": ""Glenwood Avenue & Tucker Street"", ""network"": ""GoRaleigh"", ""network:wikidata"": ""Q5035469"", ""network:wikipedia"": ""en:GoRaleigh"", ""public_transport"": ""platform"", ""ref"": ""8075"", ""shelter"": ""yes""}"
RAL-01,node,6507380528,Salisbury St at Lane St,public_transport,platform,Point,transport_platform_infrastructure,"{""bus"": ""yes"", ""highway"": ""bus_stop"", ""name"": ""Salisbury St at Lane St"", ""network"": ""GoRaleigh;GoTriangle"", ""public_transport"": ""platform"", ""ref"": ""8059""}"
RAL-01,node,6507380743,Peace St at Capital Blvd,public_transport,platform,Point,transport_platform_infrastructure,"{""bus"": ""yes"", ""highway"": ""bus_stop"", ""name"": ""Peace St at Capital Blvd"", ""network"": ""GoRaleigh"", ""network:wikidata"": ""Q5035469"", ""network:wikipedia"": ""en:GoRaleigh"", ""public_transport"": ""platform"", ""ref"": ""8572""}"
RAL-01,node,6507381954,N Blount St at E Peace St,public_transport,platform,Point,transport_platform_infrastructure,"{""bench"": ""no"", ""bin"": ""no"", ""bus"": ""yes"", ""highway"": ""bus_stop"", ""name"": ""N Blount St at E Peace St"", ""network"": ""GoRaleigh"", ""network:wikidata"": ""Q5035469"", ""network:wikipedia"": ""en:GoRaleigh"", ""public_transport"": ""platform"", ""ref"": ""9472"", ""shelter"": ""no""}"
RAL-01,node,6507385165,Halifax St at E Peace St,public_transport,platform,Point,transport_platform_infrastructure,"{""bus"": ""yes"", ""highway"": ""bus_stop"", ""name"": ""Halifax St at E Peace St"", ""network"": ""GoRaleigh"", ""network:wikidata"": ""Q5035469"", ""network:wikipedia"": ""en:GoRaleigh"", ""public_transport"": ""platform"", ""ref"": ""9416""}"
RAL-01,node,6507385859,Peace St at West St,public_transport,platform,Point,transport_platform_infrastructure,"{""bus"": ""yes"", ""highway"": ""bus_stop"", ""name"": ""Peace St at West St"", ""network"": ""GoRaleigh"", ""network:wikidata"": ""Q5035469"", ""network:wikipedia"": ""en:GoRaleigh"", ""public_transport"": ""platform"", ""ref"": ""8708""}"
RAL-01,node,6507386702,W Peace St at Glenwood Ave (EB),public_transport,platform,Point,transport_platform_infrastructure,"{""bus"": ""yes"", ""highway"": ""bus_stop"", ""name"": ""W Peace St at Glenwood Ave (EB)"", ""network"": ""GoRaleigh"", ""network:wikidata"": ""Q5035469"", ""network:wikipedia"": ""en:GoRaleigh"", ""public_transport"": ""platform"", ""ref"": ""8608""}"
RAL-01,node,6507386705,West St at Tucker St (R11),public_transport,platform,Point,transport_platform_infrastructure,"{""bus"": ""yes"", ""highway"": ""bus_stop"", ""name"": ""West St at Tucker St (R11)"", ""network"": ""GoRaleigh"", ""network:wikidata"": ""Q5035469"", ""network:wikipedia"": ""en:GoRaleigh"", ""public_transport"": ""platform"", ""ref"": ""9911""}"
RAL-01,node,6507388103,Blount Street & Polk Street,public_transport,platform,Point,transport_platform_infrastructure,"{""bench"": ""no"", ""bin"": ""no"", ""bus"": ""yes"", ""highway"": ""bus_stop"", ""name"": ""Blount Street & Polk Street"", ""network"": ""GoRaleigh"", ""network:wikidata"": ""Q5035469"", ""network:wikipedia"": ""en:GoRaleigh"", ""operator"": ""GoRaleigh"", ""passenger_information_display"": ""no"", ""public_transport"": ""platform"", ""ref"": ""9788"", ""shelter"": ""no""}"
RAL-01,node,6507388196,Peace St at West St,public_transport,platform,Point,transport_platform_infrastructure,"{""bus"": ""yes"", ""highway"": ""bus_stop"", ""name"": ""Peace St at West St"", ""network"": ""GoRaleigh"", ""network:wikidata"": ""Q5035469"", ""network:wikipedia"": ""en:GoRaleigh"", ""public_transport"": ""platform"", ""ref"": ""8610""}"
RAL-01,node,6507388197,Blount Street & Franklin Street,public_transport,platform,Point,transport_platform_infrastructure,"{""bench"": ""yes"", ""bin"": ""yes"", ""bus"": ""yes"", ""highway"": ""bus_stop"", ""name"": ""Blount Street & Franklin Street"", ""network"": ""GoRaleigh"", ""network:wikidata"": ""Q5035469"", ""network:wikipedia"": ""en:GoRaleigh"", ""operator"": ""GoRaleigh"", ""passenger_information_display"": ""no"", ""public_transport"": ""platform"", ""ref"": ""9471"", ""shelter"": ""no""}"
RAL-01,node,6507388302,Glenwood Avenue & Jones Street,public_transport,platform,Point,transport_platform_infrastructure,"{""bench"": ""no"", ""bin"": ""no"", ""bus"": ""yes"", ""highway"": ""bus_stop"", ""name"": ""Glenwood Avenue & Jones Street"", ""network"": ""GoRaleigh"", ""network:wikidata"": ""Q5035469"", ""network:wikipedia"": ""en:GoRaleigh"", ""operator"": ""GoRaleigh"", ""passenger_information_display"": ""no"", ""public_transport"": ""platform"", ""ref"": ""8182"", ""shelter"": ""no""}"
RAL-01,node,6507388641,Glenwood Avenue & Johnson Street,public_transport,platform,Point,transport_platform_infrastructure,"{""bench"": ""yes"", ""bin"": ""yes"", ""bus"": ""yes"", ""highway"": ""bus_stop"", ""name"": ""Glenwood Avenue & Johnson Street"", ""network"": ""GoRaleigh"", ""network:wikidata"": ""Q5035469"", ""network:wikipedia"": ""en:GoRaleigh"", ""public_transport"": ""platform"", ""ref"": ""300"", ""shelter"": ""yes""}"
RAL-01,node,6507390214,Glenwood Ave at W Peace St,public_transport,platform,Point,transport_platform_infrastructure,"{""bench"": ""no"", ""bin"": ""no"", ""bus"": ""yes"", ""highway"": ""bus_stop"", ""name"": ""Glenwood Ave at W Peace St"", ""network"": ""GoRaleigh"", ""network:wikidata"": ""Q5035469"", ""network:wikipedia"": ""en:GoRaleigh"", ""public_transport"": ""platform"", ""ref"": ""8179"", ""shelter"": ""no""}"
RAL-01,node,6507392276,Wilmington Street & Polk Street,public_transport,platform,Point,transport_platform_infrastructure,"{""bench"": ""yes"", ""bin"": ""no"", ""bus"": ""yes"", ""highway"": ""bus_stop"", ""name"": ""Wilmington Street & Polk Street"", ""network"": ""GoRaleigh"", ""network:wikidata"": ""Q5035469"", ""network:wikipedia"": ""en:GoRaleigh"", ""operator"": ""GoRaleigh"", ""passenger_information_display"": ""no"", ""public_transport"": ""platform"", ""ref"": ""8007"", ""shelter"": ""no""}"
RAL-01,node,6507450477,Wilmington Street & Jones Street,public_transport,platform,Point,transport_platform_infrastructure,"{""bench"": ""no"", ""bin"": ""no"", ""bus"": ""yes"", ""highway"": ""bus_stop"", ""lit"": ""no"", ""mapillary"": ""161055225879428"", ""name"": ""Wilmington Street & Jones Street"", ""network"": ""GoRaleigh;GoTriangle"", ""operator"": ""GoRaleigh;GoTriangle"", ""passenger_information_display"": ""no"", ""public_transport"": ""platform"", ""ref"": ""8003"", ""shelter"": ""no"", ""survey:date"": ""2019-04-11"", ""tactile_paving"": ""yes""}"
RAL-01,node,6507460779,N Blount St at Morgan St,public_transport,platform,Point,transport_platform_infrastructure,"{""bus"": ""yes"", ""fixme"": ""Verify stop exists, shown as stop (serving GoRaleigh 1 bus) by GoRaleigh, but no signage found on the ground"", ""highway"": ""bus_stop"", ""name"": ""N Blount St at Morgan St"", ""network"": ""GoRaleigh"", ""network:wikidata"": ""Q5035469"", ""network:wikipedia"": ""en:GoRaleigh"", ""public_transport"": ""platform"", ""ref"": ""9790""}"
RAL-01,node,6507461783,Martin Luther King Jr Blvd at S Person St (WB),public_transport,platform,Point,transport_platform_infrastructure,"{""bench"": ""no"", ""bin"": ""no"", ""bus"": ""yes"", ""highway"": ""bus_stop"", ""mapillary"": ""555380889179536"", ""name"": ""Martin Luther King Jr Blvd at S Person St (WB)"", ""network"": ""GoRaleigh"", ""network:wikidata"": ""Q5035469"", ""network:wikipedia"": ""en:GoRaleigh"", ""public_transport"": ""platform"", ""ref"": ""9661"", ""shelter"": ""no"", ""survey:date"": ""2019-04-27""}"
RAL-01,node,6507472051,Wilmington Street & Cabarrus Street,public_transport,platform,Point,transport_platform_infrastructure,"{""bench"": ""no"", ""bin"": ""no"", ""bus"": ""yes"", ""highway"": ""bus_stop"", ""lit"": ""no"", ""name"": ""Wilmington Street & Cabarrus Street"", ""network"": ""GoRaleigh;GoTriangle"", ""operator"": ""GoRaleigh;GoTriangle"", ""passenger_information_display"": ""no"", ""public_transport"": ""platform"", ""ref"": ""1284"", ""shelter"": ""no"", ""tactile_paving"": ""no""}"
RAL-01,node,6507472134,E Lenoir St at S Blount St,public_transport,platform,Point,transport_platform_infrastructure,"{""bus"": ""yes"", ""highway"": ""bus_stop"", ""name"": ""E Lenoir St at S Blount St"", ""network"": ""GoRaleigh"", ""network:wikidata"": ""Q5035469"", ""network:wikipedia"": ""en:GoRaleigh"", ""public_transport"": ""platform"", ""ref"": ""8889""}"
RAL-01,node,6507472269,E Hargett St at S Blount St,public_transport,platform,Point,transport_platform_infrastructure,"{""bus"": ""yes"", ""highway"": ""bus_stop"", ""name"": ""E Hargett St at S Blount St"", ""network"": ""GoRaleigh"", ""network:wikidata"": ""Q5035469"", ""network:wikipedia"": ""en:GoRaleigh"", ""public_transport"": ""platform"", ""ref"": ""9732""}"
RAL-01,node,6507472657,GoRaleigh Station,public_transport,platform,Point,transport_platform_infrastructure,"{""bench"": ""yes"", ""bin"": ""yes"", ""bus"": ""yes"", ""highway"": ""bus_stop"", ""local_ref"": ""E"", ""name"": ""GoRaleigh Station"", ""network"": ""GoRaleigh"", ""network:wikidata"": ""Q5035469"", ""operator"": ""GoRaleigh"", ""public_transport"": ""platform"", ""ref"": ""8001"", ""route_ref"": ""3;10;12;16;40X"", ""shelter"": ""yes""}"
RAL-01,node,6507475645,E Morgan St at S Wilmington St,public_transport,platform,Point,transport_platform_infrastructure,"{""bench"": ""no"", ""bin"": ""yes"", ""bus"": ""yes"", ""highway"": ""bus_stop"", ""name"": ""E Morgan St at S Wilmington St"", ""network"": ""GoRaleigh"", ""network:wikidata"": ""Q5035469"", ""network:wikipedia"": ""en:GoRaleigh"", ""public_transport"": ""platform"", ""ref"": ""8187"", ""shelter"": ""no""}"
RAL-01,node,6507477174,E Hargett St at S Blount St (Eastbound),public_transport,platform,Point,transport_platform_infrastructure,"{""bus"": ""yes"", ""highway"": ""bus_stop"", ""name"": ""E Hargett St at S Blount St (Eastbound)"", ""network"": ""GoTriangle"", ""network:wikidata"": ""Q7840091"", ""network:wikipedia"": ""en:GoTriangle"", ""public_transport"": ""platform"", ""ref"": ""1976"", ""shelter"": ""no""}"
RAL-01,node,6507477339,E Edenton St at N Person St,public_transport,platform,Point,transport_platform_infrastructure,"{""bench"": ""no"", ""bin"": ""no"", ""bus"": ""yes"", ""highway"": ""bus_stop"", ""name"": ""E Edenton St at N Person St"", ""network"": ""GoRaleigh"", ""network:wikidata"": ""Q5035469"", ""network:wikipedia"": ""en:GoRaleigh"", ""public_transport"": ""platform"", ""ref"": ""8660"", ""shelter"": ""no""}"
RAL-01,node,6507479044,E Edenton St at N Wilmington St,public_transport,platform,Point,transport_platform_infrastructure,"{""bench"": ""no"", ""bin"": ""no"", ""bus"": ""yes"", ""highway"": ""bus_stop"", ""lit"": ""no"", ""name"": ""E Edenton St at N Wilmington St"", ""network"": ""GoRaleigh"", ""network:wikidata"": ""Q5035469"", ""network:wikipedia"": ""en:GoRaleigh"", ""public_transport"": ""platform"", ""ref"": ""8662"", ""shelter"": ""no"", ""tactile_paving"": ""yes""}"
RAL-01,node,6507481699,Performing Arts Center (R2),public_transport,platform,Point,transport_platform_infrastructure,"{""bench"": ""no"", ""bin"": ""yes"", ""bus"": ""yes"", ""highway"": ""bus_stop"", ""name"": ""Performing Arts Center (R2)"", ""network"": ""GoRaleigh"", ""network:wikidata"": ""Q5035469"", ""network:wikipedia"": ""en:GoRaleigh"", ""public_transport"": ""platform"", ""ref"": ""9901"", ""shelter"": ""no""}"
RAL-01,node,6507482990,E Morgan St at S Person St,public_transport,platform,Point,transport_platform_infrastructure,"{""bench"": ""no"", ""bin"": ""no"", ""bus"": ""yes"", ""highway"": ""bus_stop"", ""name"": ""E Morgan St at S Person St"", ""network"": ""GoRaleigh"", ""network:wikidata"": ""Q5035469"", ""network:wikipedia"": ""en:GoRaleigh"", ""public_transport"": ""platform"", ""ref"": ""8188"", ""shelter"": ""no""}"
RAL-01,node,6507484863,S Blount St at E South Ave,public_transport,platform,Point,transport_platform_infrastructure,"{""bench"": ""no"", ""bin"": ""no"", ""bus"": ""yes"", ""highway"": ""bus_stop"", ""name"": ""S Blount St at E South Ave"", ""network"": ""GoRaleigh"", ""network:wikidata"": ""Q5035469"", ""network:wikipedia"": ""en:GoRaleigh"", ""public_transport"": ""platform"", ""ref"": ""9659"", ""shelter"": ""no""}"
RAL-01,node,6507485925,Wilmington St at Cabarrus St (R3),public_transport,platform,Point,transport_platform_infrastructure,"{""bench"": ""no"", ""bin"": ""no"", ""bus"": ""yes"", ""highway"": ""bus_stop"", ""lit"": ""no"", ""name"": ""Wilmington St at Cabarrus St (R3)"", ""network"": ""GoRaleigh"", ""network:wikidata"": ""Q5035469"", ""network:wikipedia"": ""en:GoRaleigh"", ""public_transport"": ""platform"", ""ref"": ""9902"", ""shelter"": ""yes"", ""tactile_paving"": ""no""}"
RAL-01,node,6507486078,Wilmington St at Shaw University,public_transport,platform,Point,transport_platform_infrastructure,"{""bus"": ""yes"", ""highway"": ""bus_stop"", ""name"": ""Wilmington St at Shaw University"", ""network"": ""GoTriangle"", ""network:wikidata"": ""Q7840091"", ""network:wikipedia"": ""en:GoTriangle"", ""public_transport"": ""platform"", ""ref"": ""1283""}"
RAL-01,node,6507488939,E Hargett St at S Person St,public_transport,platform,Point,transport_platform_infrastructure,"{""bus"": ""yes"", ""highway"": ""bus_stop"", ""name"": ""E Hargett St at S Person St"", ""network"": ""GoRaleigh"", ""network:wikidata"": ""Q5035469"", ""network:wikipedia"": ""en:GoRaleigh"", ""public_transport"": ""platform"", ""ref"": ""9731""}"
RAL-01,node,6507489999,Davie Street & Fayetteville Street,public_transport,platform,Point,transport_platform_infrastructure,"{""bench"": ""no"", ""bin"": ""no"", ""bus"": ""yes"", ""highway"": ""bus_stop"", ""name"": ""Davie Street & Fayetteville Street"", ""network"": ""GoRaleigh"", ""network:wikidata"": ""Q5035469"", ""network:wikipedia"": ""en:GoRaleigh"", ""operator"": ""GoRaleigh"", ""passenger_information_display"": ""no"", ""public_transport"": ""platform"", ""ref"": ""9743"", ""shelter"": ""no""}"
RAL-01,node,6507490303,W Davie St at Fayetteville St,public_transport,platform,Point,transport_platform_infrastructure,"{""bench"": ""yes"", ""bin"": ""yes"", ""bus"": ""yes"", ""highway"": ""bus_stop"", ""name"": ""W Davie St at Fayetteville St"", ""network"": ""GoRaleigh"", ""network:wikidata"": ""Q5035469"", ""network:wikipedia"": ""en:GoRaleigh"", ""public_transport"": ""platform"", ""ref"": ""9742"", ""shelter"": ""no""}"
RAL-01,node,6507491335,Wilmington St at Davie St (R4),public_transport,platform,Point,transport_platform_infrastructure,"{""bench"": ""no"", ""bin"": ""no"", ""bus"": ""yes"", ""highway"": ""bus_stop"", ""lit"": ""no"", ""name"": ""Wilmington St at Davie St (R4)"", ""network"": ""GoRaleigh"", ""network:wikidata"": ""Q5035469"", ""network:wikipedia"": ""en:GoRaleigh"", ""public_transport"": ""platform"", ""ref"": ""8908"", ""shelter"": ""no"", ""tactile_paving"": ""no""}"
RAL-01,node,6507492755,Wilmington Street & Morgan Street,public_transport,platform,Point,transport_platform_infrastructure,"{""bench"": ""no"", ""bin"": ""no"", ""bus"": ""yes"", ""highway"": ""bus_stop"", ""name"": ""Wilmington Street & Morgan Street"", ""network"": ""GoRaleigh;GoTriangle"", ""operator"": ""GoRaleigh;GoTriangle"", ""passenger_information_display"": ""no"", ""public_transport"": ""platform"", ""ref"": ""8002"", ""shelter"": ""no""}"
RAL-01,node,6507493340,Salisbury St at W Edenton St,public_transport,platform,Point,transport_platform_infrastructure,"{""bench"": ""no"", ""bin"": ""no"", ""bus"": ""yes"", ""highway"": ""bus_stop"", ""name"": ""Salisbury St at W Edenton St"", ""network"": ""GoRaleigh"", ""network:wikidata"": ""Q5035469"", ""network:wikipedia"": ""en:GoRaleigh"", ""public_transport"": ""platform"", ""ref"": ""8062"", ""shelter"": ""no"", ""tactile_paving"": ""no""}"
RAL-01,node,6507494153,E Hargett St at Fayetteville St,public_transport,platform,Point,transport_platform_infrastructure,"{""bus"": ""yes"", ""highway"": ""bus_stop"", ""name"": ""E Hargett St at Fayetteville St"", ""network"": ""GoRaleigh"", ""network:wikidata"": ""Q5035469"", ""network:wikipedia"": ""en:GoRaleigh"", ""public_transport"": ""platform"", ""ref"": ""9203""}"
RAL-01,node,6507497885,Blount Street at GoRaleigh Station,public_transport,platform,Point,transport_platform_infrastructure,"{""bus"": ""yes"", ""highway"": ""bus_stop"", ""local_ref"": ""Blount Street Platform"", ""name"": ""Blount Street at GoRaleigh Station"", ""network"": ""GoTriangle"", ""network:wikidata"": ""Q7840091"", ""network:wikipedia"": ""en:GoTriangle"", ""operator"": ""GoRaleigh"", ""public_transport"": ""platform"", ""ref"": ""8909"", ""route_ref"": ""ZWX""}"
RAL-01,node,6507497886,S Blount St at E Davie St,public_transport,platform,Point,transport_platform_infrastructure,"{""bench"": ""yes"", ""bin"": ""yes"", ""bus"": ""yes"", ""highway"": ""bus_stop"", ""lit"": ""yes"", ""name"": ""S Blount St at E Davie St"", ""network"": ""GoRaleigh;GoTriangle"", ""public_transport"": ""platform"", ""ref"": ""8894"", ""shelter"": ""no"", ""tactile_paving"": ""no""}"
RAL-01,node,6510023281,Dawson St at Martin St,public_transport,platform,Point,transport_platform_infrastructure,"{""bench"": ""no"", ""bin"": ""no"", ""bus"": ""yes"", ""highway"": ""bus_stop"", ""lit"": ""yes"", ""name"": ""Dawson St at Martin St"", ""network"": ""GoTriangle"", ""network:wikidata"": ""Q7840091"", ""network:wikipedia"": ""en:GoTriangle"", ""public_transport"": ""platform"", ""ref"": ""1293"", ""shelter"": ""no"", ""tactile_paving"": ""no""}"
RAL-01,node,6510040491,McDowell Street & Lenior Street,public_transport,platform,Point,transport_platform_infrastructure,"{""bench"": ""no"", ""bin"": ""no"", ""bus"": ""yes"", ""highway"": ""bus_stop"", ""name"": ""McDowell Street & Lenior Street"", ""network"": ""GoTriangle"", ""network:wikidata"": ""Q7840091"", ""network:wikipedia"": ""en:GoTriangle"", ""operator"": ""GoTriangle"", ""passenger_information_display"": ""no"", ""public_transport"": ""platform"", ""ref"": ""1952"", ""shelter"": ""no""}"
RAL-01,node,6510040525,Edenton Street & Salisbury Street,public_transport,platform,Point,transport_platform_infrastructure,"{""bench"": ""no"", ""bin"": ""no"", ""bus"": ""yes"", ""highway"": ""bus_stop"", ""name"": ""Edenton Street & Salisbury Street"", ""network"": ""GoRaleigh;GoTriangle"", ""operator"": ""GoRaleigh;GoTriangle"", ""passenger_information_display"": ""no"", ""public_transport"": ""platform"", ""ref"": ""9674"", ""shelter"": ""no""}"
RAL-01,node,6510040528,Dawson Street & Cabarrus Street,public_transport,platform,Point,transport_platform_infrastructure,"{""bench"": ""no"", ""bin"": ""no"", ""bus"": ""yes"", ""highway"": ""bus_stop"", ""name"": ""Dawson Street & Cabarrus Street"", ""network"": ""GoRaleigh"", ""network:wikidata"": ""Q5035469"", ""network:wikipedia"": ""en:GoRaleigh"", ""operator"": ""GoRaleigh"", ""passenger_information_display"": ""no"", ""public_transport"": ""platform"", ""ref"": ""9744"", ""shelter"": ""no""}"
RAL-01,node,6510040536,St Marys St at Hillsborough St (NB),public_transport,platform,Point,transport_platform_infrastructure,"{""bench"": ""yes"", ""bin"": ""yes"", ""bus"": ""yes"", ""highway"": ""bus_stop"", ""name"": ""St Marys St at Hillsborough St (NB)"", ""network"": ""GoRaleigh"", ""network:wikidata"": ""Q5035469"", ""network:wikipedia"": ""en:GoRaleigh"", ""public_transport"": ""platform"", ""ref"": ""8434"", ""shelter"": ""no""}"
RAL-01,node,6510040539,S Saunders St at Dorothea Dr,public_transport,platform,Point,transport_platform_infrastructure,"{""bench"": ""yes"", ""bin"": ""yes"", ""bus"": ""yes"", ""highway"": ""bus_stop"", ""mapillary"": ""1186353931876048"", ""name"": ""S Saunders St at Dorothea Dr"", ""network"": ""GoRaleigh"", ""network:wikidata"": ""Q5035469"", ""network:wikipedia"": ""en:GoRaleigh"", ""public_transport"": ""platform"", ""ref"": ""8421"", ""shelter"": ""yes"", ""survey:date"": ""2020-10-12""}"
RAL-01,node,6510040542,South St at West St,public_transport,platform,Point,transport_platform_infrastructure,"{""bench"": ""yes"", ""bin"": ""yes"", ""bus"": ""yes"", ""highway"": ""bus_stop"", ""mapillary"": ""216109973249594"", ""name"": ""South St at West St"", ""network"": ""GoRaleigh"", ""network:wikidata"": ""Q5035469"", ""network:wikipedia"": ""en:GoRaleigh"", ""public_transport"": ""platform"", ""ref"": ""8422"", ""shelter"": ""yes"", ""survey:date"": ""2019-01-27""}"
RAL-01,node,6510040561,W Lenoir St at S West St,public_transport,platform,Point,transport_platform_infrastructure,"{""bench"": ""no"", ""bin"": ""yes"", ""bus"": ""yes"", ""highway"": ""bus_stop"", ""name"": ""W Lenoir St at S West St"", ""network"": ""GoRaleigh"", ""network:wikidata"": ""Q5035469"", ""network:wikipedia"": ""en:GoRaleigh"", ""public_transport"": ""platform"", ""ref"": ""8396"", ""shelter"": ""no""}"
RAL-01,node,6510040583,Hillsborough St at Glenwood Ave,public_transport,platform,Point,transport_platform_infrastructure,"{""bench"": ""yes"", ""bin"": ""yes"", ""bus"": ""yes"", ""check_date:shelter"": ""2024-09-10"", ""highway"": ""bus_stop"", ""name"": ""Hillsborough St at Glenwood Ave"", ""network"": ""GoRaleigh;GoTriangle"", ""public_transport"": ""platform"", ""ref"": ""8228"", ""shelter"": ""no""}"
RAL-01,node,6510040586,Salisbury Street & Morgan Street,public_transport,platform,Point,transport_platform_infrastructure,"{""bench"": ""no"", ""bin"": ""no"", ""bus"": ""yes"", ""highway"": ""bus_stop"", ""lit"": ""no"", ""name"": ""Salisbury Street & Morgan Street"", ""network"": ""GoRaleigh;GoTriangle"", ""operator"": ""GoRaleigh;GoTriangle"", ""passenger_information_display"": ""no"", ""public_transport"": ""platform"", ""ref"": ""8063"", ""shelter"": ""no"", ""tactile_paving"": ""no""}"
RAL-01,node,6510040588,Edenton Street & Harrington Street,public_transport,platform,Point,transport_platform_infrastructure,"{""bench"": ""no"", ""bin"": ""no"", ""bus"": ""yes"", ""highway"": ""bus_stop"", ""name"": ""Edenton Street & Harrington Street"", ""network"": ""GoRaleigh;GoTriangle"", ""operator"": ""GoRaleigh;GoTriangle"", ""passenger_information_display"": ""no"", ""public_transport"": ""platform"", ""ref"": ""8071"", ""shelter"": ""no""}"
RAL-01,node,6510040641,McDowell Street & Davie Street,public_transport,platform,Point,transport_platform_infrastructure,"{""bench"": ""yes"", ""bin"": ""yes"", ""bus"": ""yes"", ""highway"": ""bus_stop"", ""mapillary"": ""152061650224547"", ""name"": ""McDowell Street & Davie Street"", ""network"": ""GoRaleigh"", ""network:wikidata"": ""Q5035469"", ""network:wikipedia"": ""en:GoRaleigh"", ""operator"": ""GoRaleigh"", ""passenger_information_display"": ""no"", ""public_transport"": ""platform"", ""ref"": ""9165"", ""shelter"": ""no"", ""survey:date"": ""2020-01-18""}"
RAL-01,node,6510040642,W Morgan St at S Dawson St,public_transport,platform,Point,transport_platform_infrastructure,"{""bus"": ""yes"", ""highway"": ""bus_stop"", ""name"": ""W Morgan St at S Dawson St"", ""network"": ""GoRaleigh"", ""network:wikidata"": ""Q5035469"", ""network:wikipedia"": ""en:GoRaleigh"", ""public_transport"": ""platform"", ""ref"": ""8186""}"
RAL-01,node,6510040644,Glenwood Ave at W Morgan St,public_transport,platform,Point,transport_platform_infrastructure,"{""bus"": ""yes"", ""fixme"": ""Verify if stop exists, shown as stop (serving GoRaleigh 6 bus) by GoRaleigh, but no signage found on the ground"", ""highway"": ""bus_stop"", ""name"": ""Glenwood Ave at W Morgan St"", ""network"": ""GoRaleigh"", ""network:wikidata"": ""Q5035469"", ""network:wikipedia"": ""en:GoRaleigh"", ""public_transport"": ""platform"", ""ref"": ""8184""}"
RAL-01,node,6510040645,W Morgan St at S Harrington St,public_transport,platform,Point,transport_platform_infrastructure,"{""bus"": ""yes"", ""highway"": ""bus_stop"", ""name"": ""W Morgan St at S Harrington St"", ""network"": ""GoRaleigh"", ""network:wikidata"": ""Q5035469"", ""network:wikipedia"": ""en:GoRaleigh"", ""public_transport"": ""platform"", ""ref"": ""8185""}"
RAL-01,node,6510040653,W Lenoir St at S Salisbury St,public_transport,platform,Point,transport_platform_infrastructure,"{""bench"": ""yes"", ""bin"": ""yes"", ""bus"": ""yes"", ""highway"": ""bus_stop"", ""mapillary"": ""1370473740001984"", ""name"": ""W Lenoir St at S Salisbury St"", ""network"": ""GoRaleigh"", ""network:wikidata"": ""Q5035469"", ""network:wikipedia"": ""en:GoRaleigh"", ""public_transport"": ""platform"", ""ref"": ""8895"", ""shelter"": ""yes"", ""survey:date"": ""2019-07-04""}"
RAL-01,node,6510040677,W Davie St at S Dawson St,public_transport,platform,Point,transport_platform_infrastructure,"{""bench"": ""no"", ""bin"": ""yes"", ""bus"": ""yes"", ""highway"": ""bus_stop"", ""mapillary"": ""1275995962815063"", ""name"": ""W Davie St at S Dawson St"", ""network"": ""GoRaleigh"", ""network:wikidata"": ""Q5035469"", ""network:wikipedia"": ""en:GoRaleigh"", ""public_transport"": ""platform"", ""ref"": ""8946"", ""shelter"": ""no"", ""survey:date"": ""2019-01-27""}"
RAL-01,node,6510040681,Harrington St at Hargett St (R15),public_transport,platform,Point,transport_platform_infrastructure,"{""bus"": ""yes"", ""highway"": ""bus_stop"", ""name"": ""Harrington St at Hargett St (R15)"", ""network"": ""GoRaleigh"", ""network:wikidata"": ""Q5035469"", ""network:wikipedia"": ""en:GoRaleigh"", ""public_transport"": ""platform"", ""ref"": ""9917""}"
RAL-01,node,6510040684,Edenton Street & McDowell Street,public_transport,platform,Point,transport_platform_infrastructure,"{""bench"": ""no"", ""bin"": ""no"", ""bus"": ""yes"", ""highway"": ""bus_stop"", ""name"": ""Edenton Street & McDowell Street"", ""network"": ""GoRaleigh"", ""operator"": ""GoRaleigh;GoTriangle"", ""passenger_information_display"": ""no"", ""public_transport"": ""platform"", ""ref"": ""8070"", ""shelter"": ""no""}"
RAL-01,node,6510040686,Glenwood Ave at Hillsborough St,public_transport,platform,Point,transport_platform_infrastructure,"{""bus"": ""yes"", ""fixme"": ""Verify if stop exists, shown as stop (serving GoRaleigh 6 bus) by GoRaleigh, but no signage found on the ground"", ""highway"": ""bus_stop"", ""name"": ""Glenwood Ave at Hillsborough St"", ""network"": ""GoRaleigh"", ""network:wikidata"": ""Q5035469"", ""network:wikipedia"": ""en:GoRaleigh"", ""public_transport"": ""platform"", ""ref"": ""8072""}"
RAL-01,node,6510040689,Salisbury St at W Hargett St,public_transport,platform,Point,transport_platform_infrastructure,"{""bench"": ""no"", ""bin"": ""no"", ""bus"": ""yes"", ""highway"": ""bus_stop"", ""name"": ""Salisbury St at W Hargett St"", ""network"": ""GoRaleigh"", ""network:wikidata"": ""Q5035469"", ""network:wikipedia"": ""en:GoRaleigh"", ""public_transport"": ""platform"", ""ref"": ""8064"", ""shelter"": ""no""}"
RAL-01,node,6510040694,Raleigh Convention Center (R1),public_transport,platform,Point,transport_platform_infrastructure,"{""bench"": ""no"", ""bin"": ""no"", ""bus"": ""yes"", ""highway"": ""bus_stop"", ""name"": ""Raleigh Convention Center (R1)"", ""network"": ""GoRaleigh"", ""network:wikidata"": ""Q5035469"", ""network:wikipedia"": ""en:GoRaleigh"", ""public_transport"": ""platform"", ""ref"": ""9900"", ""shelter"": ""no"", ""tactile_paving"": ""no""}"
RAL-01,node,6510040708,Hillsborough St at Dawson St,public_transport,platform,Point,transport_platform_infrastructure,"{""bench"": ""no"", ""bin"": ""no"", ""bus"": ""yes"", ""highway"": ""bus_stop"", ""mapillary"": ""372232734228314"", ""name"": ""Hillsborough St at Dawson St"", ""network"": ""GoRaleigh;GoTriangle"", ""public_transport"": ""platform"", ""ref"": ""1703"", ""shelter"": ""no"", ""survey:date"": ""2019-12-10""}"
RAL-01,node,6510040715,W Davie St at S Harrington St,public_transport,platform,Point,transport_platform_infrastructure,"{""bus"": ""yes"", ""highway"": ""bus_stop"", ""name"": ""W Davie St at S Harrington St"", ""network"": ""GoRaleigh"", ""network:wikidata"": ""Q5035469"", ""network:wikipedia"": ""en:GoRaleigh"", ""public_transport"": ""platform"", ""ref"": ""9777""}"
RAL-01,node,6510040722,Morgan St at McDowell St,public_transport,platform,Point,transport_platform_infrastructure,"{""bus"": ""yes"", ""highway"": ""bus_stop"", ""name"": ""Morgan St at McDowell St"", ""network"": ""GoRaleigh"", ""network:wikidata"": ""Q5035469"", ""network:wikipedia"": ""en:GoRaleigh"", ""public_transport"": ""platform"", ""ref"": ""9704""}"
RAL-01,node,6510040775,Raleigh Union Station,public_transport,platform,Point,transport_platform_infrastructure,"{""bench"": ""no"", ""bin"": ""no"", ""bus"": ""yes"", ""highway"": ""bus_stop"", ""lit"": ""yes"", ""name"": ""Raleigh Union Station"", ""network"": ""GoRaleigh"", ""network:wikidata"": ""Q5035469"", ""network:wikipedia"": ""en:GoRaleigh"", ""public_transport"": ""platform"", ""ref"": ""9000"", ""shelter"": ""no"", ""tactile_paving"": ""no""}"
RAL-01,node,6510040792,Morgan St at Glenwood Ave,public_transport,platform,Point,transport_platform_infrastructure,"{""bus"": ""yes"", ""highway"": ""bus_stop"", ""name"": ""Morgan St at Glenwood Ave"", ""network"": ""GoRaleigh"", ""network:wikidata"": ""Q5035469"", ""network:wikipedia"": ""en:GoRaleigh"", ""public_transport"": ""platform"", ""ref"": ""9570""}"
RAL-01,node,6510040822,W Hargett St at S Dawson St,public_transport,platform,Point,transport_platform_infrastructure,"{""bench"": ""yes"", ""bin"": ""yes"", ""bus"": ""yes"", ""highway"": ""bus_stop"", ""name"": ""W Hargett St at S Dawson St"", ""network"": ""GoRaleigh"", ""network:wikidata"": ""Q5035469"", ""network:wikipedia"": ""en:GoRaleigh"", ""public_transport"": ""platform"", ""ref"": ""9477"", ""shelter"": ""no""}"
RAL-01,node,6510040824,Harrington St at Hillsborough St,public_transport,platform,Point,transport_platform_infrastructure,"{""bench"": ""no"", ""bin"": ""no"", ""bus"": ""yes"", ""highway"": ""bus_stop"", ""name"": ""Harrington St at Hillsborough St"", ""network"": ""GoRaleigh"", ""network:wikidata"": ""Q5035469"", ""network:wikipedia"": ""en:GoRaleigh"", ""public_transport"": ""platform"", ""ref"": ""9479"", ""shelter"": ""no""}"
RAL-01,node,6510040827,W Hargett St at S Salisbury St,public_transport,platform,Point,transport_platform_infrastructure,"{""bench"": ""no"", ""bin"": ""no"", ""bus"": ""yes"", ""highway"": ""bus_stop"", ""name"": ""W Hargett St at S Salisbury St"", ""network"": ""GoRaleigh"", ""network:wikidata"": ""Q5035469"", ""network:wikipedia"": ""en:GoRaleigh"", ""public_transport"": ""platform"", ""ref"": ""9476"", ""shelter"": ""no""}"
RAL-01,node,6510040830,Salisbury Street & Davie Street,public_transport,platform,Point,transport_platform_infrastructure,"{""bench"": ""no"", ""bin"": ""no"", ""bus"": ""yes"", ""highway"": ""bus_stop"", ""name"": ""Salisbury Street & Davie Street"", ""network"": ""GoRaleigh;GoTriangle"", ""operator"": ""GoRaleigh;GoTriangle"", ""public_transport"": ""platform"", ""ref"": ""1969"", ""shelter"": ""no"", ""tactile_paving"": ""no""}"
RAL-01,node,6510040833,Salisbury Street & South Street,public_transport,platform,Point,transport_platform_infrastructure,"{""bench"": ""no"", ""bin"": ""no"", ""bus"": ""yes"", ""highway"": ""bus_stop"", ""name"": ""Salisbury Street & South Street"", ""network"": ""GoTriangle"", ""network:wikidata"": ""Q7840091"", ""network:wikipedia"": ""en:GoTriangle"", ""operator"": ""GoTriangle"", ""passenger_information_display"": ""no"", ""public_transport"": ""platform"", ""ref"": ""1970"", ""shelter"": ""no"", ""tactile_paving"": ""no""}"
RAL-01,node,6512302843,Wilmington Street & Hargett Street,public_transport,platform,Point,transport_platform_infrastructure,"{""bench"": ""no"", ""bin"": ""no"", ""bus"": ""yes"", ""highway"": ""bus_stop"", ""name"": ""Wilmington Street & Hargett Street"", ""network"": ""GoRaleigh;GoTriangle"", ""operator"": ""GoRaleigh;GoTriangle"", ""passenger_information_display"": ""no"", ""public_transport"": ""platform"", ""ref"": ""1734"", ""shelter"": ""no""}"
RAL-01,node,6512302844,GoRaleigh Station,public_transport,platform,Point,transport_platform_infrastructure,"{""bench"": ""yes"", ""bin"": ""yes"", ""bus"": ""yes"", ""highway"": ""bus_stop"", ""local_ref"": ""D"", ""name"": ""GoRaleigh Station"", ""network"": ""GoRaleigh"", ""network:wikidata"": ""Q5035469"", ""network:wikipedia"": ""en:GoRaleigh"", ""operator"": ""GoRaleigh"", ""passenger_information_display"": ""yes"", ""public_transport"": ""platform"", ""ref"": ""8001"", ""shelter"": ""yes""}"
RAL-01,node,6512302845,GoRaleigh Station,public_transport,platform,Point,transport_platform_infrastructure,"{""bench"": ""yes"", ""bin"": ""yes"", ""bus"": ""yes"", ""highway"": ""bus_stop"", ""local_ref"": ""B"", ""name"": ""GoRaleigh Station"", ""network"": ""GoRaleigh"", ""network:wikidata"": ""Q5035469"", ""operator"": ""GoRaleigh"", ""public_transport"": ""platform"", ""ref"": ""8001"", ""route_ref"": ""5;11;13 (to Chavis Heights);17;18;18S;19;21"", ""shelter"": ""yes""}"
RAL-01,node,6512302846,GoRaleigh Station,public_transport,platform,Point,transport_platform_infrastructure,"{""bench"": ""yes"", ""bin"": ""yes"", ""bus"": ""yes"", ""highway"": ""bus_stop"", ""local_ref"": ""A"", ""name"": ""GoRaleigh Station"", ""network"": ""GoRaleigh"", ""network:wikidata"": ""Q5035469"", ""network:wikipedia"": ""en:GoRaleigh"", ""operator"": ""GoRaleigh"", ""passenger_information_display"": ""yes"", ""public_transport"": ""platform"", ""ref"": ""8001"", ""shelter"": ""yes""}"
RAL-01,node,6512302847,GoRaleigh Station,public_transport,platform,Point,transport_platform_infrastructure,"{""bench"": ""yes"", ""bin"": ""yes"", ""bus"": ""yes"", ""highway"": ""bus_stop"", ""local_ref"": ""C"", ""name"": ""GoRaleigh Station"", ""network"": ""GoRaleigh"", ""network:wikidata"": ""Q5035469"", ""operator"": ""GoRaleigh"", ""public_transport"": ""platform"", ""ref"": ""8001"", ""route_ref"": ""13 (to Raleigh Union Station);55X;100;105;CRX;DRX"", ""shelter"": ""yes""}"
RAL-01,node,6573073971,,amenity,parking_entrance,Point,low_value_category,"{""amenity"": ""parking_entrance""}"
RAL-01,node,6573073974,,amenity,parking_entrance,Point,low_value_category,"{""amenity"": ""parking_entrance""}"
RAL-01,node,6573073980,,amenity,parking_entrance,Point,low_value_category,"{""amenity"": ""parking_entrance""}"
RAL-01,node,6573073981,,amenity,parking_entrance,Point,low_value_category,"{""amenity"": ""parking_entrance""}"
RAL-01,node,6573312267,,amenity,bicycle_parking,Point,low_value_category,"{""amenity"": ""bicycle_parking"", ""bicycle_parking"": ""rack""}"
RAL-01,node,6573379362,,amenity,bicycle_parking,Point,low_value_category,"{""amenity"": ""bicycle_parking"", ""bicycle_parking"": ""staple"", ""capacity"": ""8"", ""covered"": ""no""}"
RAL-01,node,6573379363,,amenity,bicycle_parking,Point,low_value_category,"{""amenity"": ""bicycle_parking"", ""capacity"": ""16"", ""covered"": ""no""}"
RAL-01,node,6638710070,Dram & Draught,amenity,bar,Point,retained:named_poi,"{""amenity"": ""bar"", ""name"": ""Dram & Draught""}"
RAL-01,node,6724586187,Gallery C,tourism,artwork,Point,retained:named_poi,"{""name"": ""Gallery C"", ""tourism"": ""artwork""}"
RAL-01,node,7022986934,Raleigh,public_transport,station,Point,retained:named_poi,"{""addr:city"": ""Raleigh"", ""addr:housenumber"": ""510"", ""addr:postcode"": ""27601"", ""addr:state"": ""NC"", ""addr:street"": ""West Martin Street"", ""internet_access"": ""wlan"", ""internet_access:fee"": ""no"", ""name"": ""Raleigh"", ""network"": ""Amtrak"", ""network:wikidata"": ""Q23239"", ""operator"": ""Amtrak"", ""public_transport"": ""station"", ""railway"": ""station"", ""railway:ref"": ""RGH"", ""train"": ""yes"", ""wheelchair"": ""yes"", ""wikidata"": ""Q7886096""}"
RAL-01,node,7105802413,Manhattan Cafe,amenity,restaurant,Point,retained:named_poi,"{""addr:city"": ""Raleigh"", ""addr:housenumber"": ""320"", ""addr:postcode"": ""27601"", ""addr:state"": ""NC"", ""addr:street"": ""South Wilmington Street"", ""amenity"": ""restaurant"", ""cuisine"": ""sandwich;salad"", ""drive_through"": ""no"", ""name"": ""Manhattan Cafe"", ""opening_hours"": ""Mo-Fr 11:00-15:00"", ""phone"": ""+1 919 833 6105"", ""website"": ""https://manhattancafe.com/""}"
RAL-01,node,7105920248,Sir Walter Coffee,amenity,cafe,Point,retained:named_poi,"{""addr:city"": ""Raleigh"", ""addr:housenumber"": ""145"", ""addr:postcode"": ""27601"", ""addr:state"": ""NC"", ""addr:street"": ""East Davie Street"", ""amenity"": ""cafe"", ""diet:vegan"": ""yes"", ""diet:vegetarian"": ""yes"", ""name"": ""Sir Walter Coffee"", ""opening_hours"": ""Su-We 07:00-20:00; Th-Sa 07:00-24:00"", ""outdoor_seating"": ""yes"", ""phone"": ""+19193220019"", ""website"": ""https://raleigh.sirwaltercoffee.com/"", ""wheelchair"": ""yes""}"
RAL-01,node,7106005797,Hargett Room,tourism,picnic_site,Point,retained:named_poi,"{""name"": ""Hargett Room"", ""tourism"": ""picnic_site""}"
RAL-01,node,7106005810,Blount Room,tourism,picnic_site,Point,retained:named_poi,"{""name"": ""Blount Room"", ""tourism"": ""picnic_site""}"
RAL-01,node,7106006234,MoFu Shoppe,amenity,restaurant,Point,retained:named_poi,"{""addr:city"": ""Raleigh"", ""addr:housenumber"": ""321"", ""addr:postcode"": ""27601"", ""addr:state"": ""NC"", ""addr:street"": ""South Blount Street"", ""amenity"": ""restaurant"", ""cuisine"": ""asian"", ""name"": ""MoFu Shoppe"", ""opening_hours"": ""Mo 17:00-22:00; Tu-Th 11:30-22:00; Fr-Sa 11:30-23:00"", ""phone"": ""+1-919-301-8465"", ""website"": ""https://www.mofushoppe.com""}"
RAL-01,node,7127330541,,amenity,parking_entrance,Point,low_value_category,"{""amenity"": ""parking_entrance""}"
RAL-01,node,7196446147,,amenity,parking_entrance,Point,low_value_category,"{""amenity"": ""parking_entrance""}"
RAL-01,node,7243381835,N Person Street,amenity,bicycle_rental,Point,retained:named_poi,"{""amenity"": ""bicycle_rental"", ""bicycle_rental"": ""docking_station"", ""capacity"": ""10"", ""name"": ""N Person Street"", ""network"": ""Citrix Cycle""}"
RAL-01,node,7243381836,Seaboard Station,amenity,bicycle_rental,Point,retained:named_poi,"{""amenity"": ""bicycle_rental"", ""capacity"": ""16"", ""name"": ""Seaboard Station"", ""network"": ""Citrix Cycle""}"
RAL-01,node,7243381844,Museums,amenity,bicycle_rental,Point,retained:named_poi,"{""amenity"": ""bicycle_rental"", ""bicycle_rental"": ""docking_station"", ""capacity"": ""13"", ""name"": ""Museums"", ""network"": ""Citrix Cycle""}"
RAL-01,node,7243381845,GoRaleigh Station,amenity,bicycle_rental,Point,retained:named_poi,"{""amenity"": ""bicycle_rental"", ""capacity"": ""22"", ""name"": ""GoRaleigh Station"", ""network"": ""Citrix Cycle""}"
RAL-01,node,7243408455,Duke Energy Center,amenity,bicycle_rental,Point,retained:named_poi,"{""amenity"": ""bicycle_rental"", ""capacity"": ""19"", ""name"": ""Duke Energy Center"", ""network"": ""Citrix Cycle""}"
RAL-01,node,7243408456,Fayetteville Street,amenity,bicycle_rental,Point,retained:named_poi,"{""amenity"": ""bicycle_rental"", ""bicycle_rental"": ""docking_station"", ""capacity"": ""22"", ""name"": ""Fayetteville Street"", ""network"": ""Citrix Cycle""}"
RAL-01,node,7243408457,W South Street,amenity,bicycle_rental,Point,retained:named_poi,"{""amenity"": ""bicycle_rental"", ""capacity"": ""16"", ""name"": ""W South Street"", ""network"": ""Citrix Cycle""}"
RAL-01,node,7243408458,Davie & Dawson,amenity,bicycle_rental,Point,retained:named_poi,"{""amenity"": ""bicycle_rental"", ""capacity"": ""12"", ""name"": ""Davie & Dawson"", ""network"": ""Citrix Cycle""}"
RAL-01,node,7243408459,Raleigh Union Station,amenity,bicycle_rental,Point,retained:named_poi,"{""amenity"": ""bicycle_rental"", ""capacity"": ""19"", ""name"": ""Raleigh Union Station"", ""network"": ""Citrix Cycle""}"
RAL-01,node,7243408466,Hillsborough & Harrington,amenity,bicycle_rental,Point,retained:named_poi,"{""amenity"": ""bicycle_rental"", ""capacity"": ""13"", ""name"": ""Hillsborough & Harrington"", ""network"": ""Citrix Cycle""}"
RAL-01,node,7243408467,Municipal Building,amenity,bicycle_rental,Point,retained:named_poi,"{""amenity"": ""bicycle_rental"", ""capacity"": ""8"", ""name"": ""Municipal Building"", ""network"": ""Citrix Cycle""}"
RAL-01,node,7243408468,Jones & West,amenity,bicycle_rental,Point,retained:named_poi,"{""amenity"": ""bicycle_rental"", ""capacity"": ""13"", ""name"": ""Jones & West"", ""network"": ""Citrix Cycle""}"
RAL-01,node,7243408469,Four Thirty 9,amenity,restaurant,Point,retained:named_poi,"{""addr:floor"": ""G"", ""addr:housenumber"": ""439"", ""addr:street"": ""Glenwood Avenue"", ""amenity"": ""restaurant"", ""check_date"": ""2026-09-29"", ""fixme"": ""maybe closer to a pub?"", ""level"": ""0"", ""name"": ""Four Thirty 9"", ""network"": ""Citrix Cycle""}"
RAL-01,node,7600493737,Coolidge Law Firm,office,lawyer,Point,retained:named_poi,"{""addr:city"": ""Raleigh"", ""addr:housenumber"": ""434"", ""addr:postcode"": ""27601"", ""addr:state"": ""NC"", ""addr:street"": ""Fayetteville Street"", ""addr:unit"": ""2030"", ""name"": ""Coolidge Law Firm"", ""office"": ""lawyer"", ""opening_hours"": ""Mo-Fr 08:30-17:30; Sa, Su off"", ""phone"": ""+1-919-239-8448"", ""website"": ""https://nccriminallaw.com/""}"
RAL-01,node,7600602572,West St at North St (R12),public_transport,platform,Point,transport_platform_infrastructure,"{""bus"": ""yes"", ""highway"": ""bus_stop"", ""name"": ""West St at North St (R12)"", ""network"": ""GoRaleigh"", ""network:wikidata"": ""Q5035469"", ""network:wikipedia"": ""en:GoRaleigh"", ""public_transport"": ""platform"", ""ref"": ""9906""}"
RAL-01,node,7600602573,West St at Hargett St (R13),public_transport,platform,Point,transport_platform_infrastructure,"{""bus"": ""yes"", ""highway"": ""bus_stop"", ""name"": ""West St at Hargett St (R13)"", ""network"": ""GoRaleigh"", ""network:wikidata"": ""Q5035469"", ""network:wikipedia"": ""en:GoRaleigh"", ""public_transport"": ""platform"", ""ref"": ""9907""}"
RAL-01,node,7600602575,Harrington St at Hillsborough St (R16),public_transport,platform,Point,transport_platform_infrastructure,"{""bus"": ""yes"", ""highway"": ""bus_stop"", ""name"": ""Harrington St at Hillsborough St (R16)"", ""network"": ""GoRaleigh"", ""network:wikidata"": ""Q5035469"", ""network:wikipedia"": ""en:GoRaleigh"", ""public_transport"": ""platform"", ""ref"": ""9004""}"
RAL-01,node,7600602576,West St at Jones St (R17),public_transport,platform,Point,transport_platform_infrastructure,"{""bus"": ""yes"", ""highway"": ""bus_stop"", ""name"": ""West St at Jones St (R17)"", ""network"": ""GoRaleigh"", ""network:wikidata"": ""Q5035469"", ""network:wikipedia"": ""en:GoRaleigh"", ""public_transport"": ""platform"", ""ref"": ""9915""}"
RAL-01,node,7600602577,West St at Tucker St (R18),public_transport,platform,Point,transport_platform_infrastructure,"{""bus"": ""yes"", ""highway"": ""bus_stop"", ""name"": ""West St at Tucker St (R18)"", ""network"": ""GoRaleigh"", ""network:wikidata"": ""Q5035469"", ""network:wikipedia"": ""en:GoRaleigh"", ""public_transport"": ""platform"", ""ref"": ""9922""}"
RAL-01,node,7600602578,West St at Peace St (R19),public_transport,platform,Point,transport_platform_infrastructure,"{""bus"": ""yes"", ""highway"": ""bus_stop"", ""name"": ""West St at Peace St (R19)"", ""network"": ""GoRaleigh"", ""network:wikidata"": ""Q5035469"", ""network:wikipedia"": ""en:GoRaleigh"", ""public_transport"": ""platform"", ""ref"": ""9927""}"
RAL-01,node,7600602579,Salisbury St at Martin St (R25),public_transport,platform,Point,transport_platform_infrastructure,"{""bus"": ""yes"", ""highway"": ""bus_stop"", ""name"": ""Salisbury St at Martin St (R25)"", ""network"": ""GoRaleigh"", ""network:wikidata"": ""Q5035469"", ""network:wikipedia"": ""en:GoRaleigh"", ""public_transport"": ""platform"", ""ref"": ""9931""}"
RAL-01,node,7638258821,North Carolina Veterans,historic,monument,Point,retained:named_poi,"{""historic"": ""monument"", ""name"": ""North Carolina Veterans"", ""wheelchair"": ""yes""}"
RAL-01,node,7638258822,George Washington,tourism,artwork,Point,retained:named_poi,"{""artwork_type"": ""statue"", ""name"": ""George Washington"", ""tourism"": ""artwork""}"
RAL-01,node,7638258823,Presidents North Carolina Gave the Nation,tourism,artwork,Point,retained:named_poi,"{""artwork_type"": ""statue"", ""name"": ""Presidents North Carolina Gave the Nation"", ""tourism"": ""artwork""}"
RAL-01,node,7869310945,Publix,shop,supermarket,Point,retained:named_poi,"{""addr:city"": ""Raleigh"", ""addr:housenumber"": ""417"", ""addr:postcode"": ""27603"", ""addr:state"": ""NC"", ""addr:street"": ""West Peace Street"", ""addr:unit"": ""100"", ""branch"": ""Peace"", ""brand"": ""Publix"", ""brand:wikidata"": ""Q672170"", ""name"": ""Publix"", ""opening_hours"": ""Mo-Su 07:00-22:00"", ""phone"": ""+1 919-755-5444"", ""ref"": ""1652"", ""shop"": ""supermarket"", ""website"": ""https://www.publix.com/locations/1652""}"
RAL-01,node,7869310955,CP Capital,railway,switch,Point,railway_track_infrastructure,"{""name"": ""CP Capital"", ""railway"": ""switch"", ""railway:switch"": ""default""}"
RAL-01,node,7869310973,,railway,switch,Point,railway_track_infrastructure,"{""railway"": ""switch""}"
RAL-01,node,7869310977,,railway,switch,Point,railway_track_infrastructure,"{""railway"": ""switch""}"
RAL-01,node,7869310979,,railway,switch,Point,railway_track_infrastructure,"{""railway"": ""switch""}"
RAL-01,node,7869370291,,railway,signal,Point,railway_track_infrastructure,"{""railway"": ""signal"", ""railway:signal:direction"": ""backward""}"
RAL-01,node,7950514460,,amenity,parking_entrance,Point,low_value_category,"{""amenity"": ""parking_entrance""}"
RAL-01,node,7963884489,Beanie & Cecil Baby,shop,furniture,Point,retained:named_poi,"{""addr:city"": ""Raleigh"", ""addr:housenumber"": ""121"", ""addr:postcode"": ""27604"", ""addr:state"": ""NC"", ""addr:street"": ""Seaboard Avenue"", ""name"": ""Beanie & Cecil Baby"", ""phone"": ""+1-919-821-7985"", ""shop"": ""furniture""}"
RAL-01,node,7967845005,Crawford and Son,amenity,restaurant,Point,retained:named_poi,"{""addr:city"": ""Raleigh"", ""addr:housenumber"": ""618"", ""addr:postcode"": ""27604"", ""addr:state"": ""NC"", ""addr:street"": ""North Person Street"", ""amenity"": ""restaurant"", ""cuisine"": ""american"", ""name"": ""Crawford and Son"", ""opening_hours"": ""Tu-Sa 17:00-22:00"", ""phone"": ""+1 919 307 4647"", ""website"": ""http://www.crawfordandsonrestaurant.com/""}"
RAL-01,node,7967845006,Sugar Euphoria,shop,confectionery,Point,retained:named_poi,"{""addr:city"": ""Raleigh"", ""addr:housenumber"": ""610"", ""addr:postcode"": ""27604"", ""addr:state"": ""NC"", ""addr:street"": ""North Person Street"", ""contact:website"": ""https://www.sugareuphoria.com"", ""name"": ""Sugar Euphoria"", ""opening_hours"": ""We,Th 10:00-18:00; Fr,Sa 10:00-20:00"", ""payment:credit_cards"": ""yes"", ""payment:debit_cards"": ""yes"", ""phone"": ""+1 919 917 7099"", ""shop"": ""confectionery"", ""wheelchair"": ""yes""}"
RAL-01,node,7967845007,Person Street Pharmacy,healthcare,pharmacy,Point,retained:named_poi,"{""addr:city"": ""Raleigh"", ""addr:housenumber"": ""702"", ""addr:postcode"": ""27604"", ""addr:state"": ""NC"", ""addr:street"": ""North Person Street"", ""amenity"": ""pharmacy"", ""dispensing"": ""yes"", ""drive_through"": ""no"", ""healthcare"": ""pharmacy"", ""name"": ""Person Street Pharmacy"", ""opening_hours"": ""Mo-Fr 09:00-18:00; Sa 09:00-12:00"", ""phone"": ""+1 919 832 6432"", ""website"": ""https://www.personstreetrx.com/"", ""wheelchair"": ""yes""}"
RAL-01,node,8007415468,"Kurtz & Blum, PLLC",office,lawyer,Point,retained:named_poi,"{""addr:city"": ""Raleigh"", ""addr:housenumber"": ""434"", ""addr:postcode"": ""27601"", ""addr:state"": ""NC"", ""addr:street"": ""Fayetteville St"", ""addr:unit"": ""710"", ""description"": ""Divorce lawyers office"", ""name"": ""Kurtz & Blum, PLLC"", ""office"": ""lawyer"", ""opening_hours"": ""Mo-Fr 08:30-17:30"", ""phone"": ""+19196663769"", ""website"": ""https://www.kurtzandblum.com/""}"
RAL-01,node,8038223139,Imurj,amenity,events_venue,Point,retained:named_poi,"{""amenity"": ""events_venue"", ""name"": ""Imurj""}"
RAL-01,node,8059696634,Wake County Office Building,office,government,Point,retained:named_poi,"{""addr:city"": ""Raleigh"", ""addr:housenumber"": ""337"", ""addr:postcode"": ""27601"", ""addr:state"": ""NC"", ""addr:street"": ""South Salisbury Street"", ""name"": ""Wake County Office Building"", ""office"": ""government""}"
RAL-01,node,8406512958,Weaver Street Market,shop,supermarket,Point,retained:named_poi,"{""name"": ""Weaver Street Market"", ""opening_hours"": ""Mo-Su 08:00-21:00"", ""shop"": ""supermarket""}"
RAL-01,node,8406516151,Urban Outfitters,shop,clothes,Point,retained:named_poi,"{""brand"": ""Urban Outfitters"", ""brand:wikidata"": ""Q3552193"", ""name"": ""Urban Outfitters"", ""shop"": ""clothes""}"
RAL-01,node,8408747752,Father & Son Antiques,shop,antiques,Point,retained:named_poi,"{""name"": ""Father & Son Antiques"", ""shop"": ""antiques""}"
RAL-01,node,8408967707,Legends Nightclub,amenity,nightclub,Point,retained:named_poi,"{""addr:city"": ""Raleigh"", ""addr:housenumber"": ""330"", ""addr:postcode"": ""27601"", ""addr:state"": ""NC"", ""addr:street"": ""West Hargett Street"", ""amenity"": ""nightclub"", ""lgbtq"": ""primary"", ""name"": ""Legends Nightclub"", ""phone"": ""+19195011456"", ""smoking"": ""outside"", ""website"": ""https://legends-club.com/""}"
RAL-01,node,8409041070,Joja Nails,shop,beauty,Point,retained:named_poi,"{""beauty"": ""nails"", ""name"": ""Joja Nails"", ""opening_hours"": ""Mo-Sa 10:00-18:00; Su 11:30-16:30"", ""shop"": ""beauty""}"
RAL-01,node,8409082530,Barcelona Wine Bar,amenity,restaurant,Point,retained:named_poi,"{""addr:city"": ""Raleigh"", ""addr:housenumber"": ""430"", ""addr:postcode"": ""27603"", ""addr:state"": ""NC"", ""addr:street"": ""West Martin Street"", ""amenity"": ""restaurant"", ""cuisine"": ""tapas"", ""name"": ""Barcelona Wine Bar"", ""opening_hours"": ""Mo-Fr 16:00-00:00; Sa,Su 11:00-00:00"", ""phone"": ""+19198085400"", ""website"": ""https://www.barcelonawinebar.com/location/raleigh/""}"
RAL-01,node,8409103919,"Heirloom - Coffee, Tea, Sake",amenity,cafe,Point,retained:named_poi,"{""addr:city"": ""Raleigh"", ""addr:housenumber"": ""219"", ""addr:postcode"": ""27603"", ""addr:state"": ""NC"", ""addr:street"": ""South West Street"", ""amenity"": ""cafe"", ""internet_access"": ""wlan"", ""internet_access:fee"": ""no"", ""name"": ""Heirloom - Coffee, Tea, Sake"", ""opening_hours"": ""Mo-Tu 08:00-18:00, We-Su 08:00-16:00, We-Su 17:00-21:00"", ""outdoor_seating"": ""yes"", ""website"": ""https://www.heirloombrewshop.com/""}"
RAL-01,node,8409103920,Oak Steakhouse Raleigh,amenity,restaurant,Point,retained:named_poi,"{""amenity"": ""restaurant"", ""name"": ""Oak Steakhouse Raleigh"", ""opening_hours"": ""Su-Th 17:00-21:00, Fr-Su 17:00-22:00""}"
RAL-01,node,8409103921,O-Ku Sushi,amenity,restaurant,Point,retained:named_poi,"{""amenity"": ""restaurant"", ""name"": ""O-Ku Sushi"", ""opening_hours"": ""Mo-Su 17:00-22:00+""}"
RAL-01,node,8409113030,Retro Modern Furnishings,shop,furniture,Point,retained:named_poi,"{""name"": ""Retro Modern Furnishings"", ""shop"": ""furniture""}"
RAL-01,node,8409113031,Sorry State Records,shop,music,Point,retained:named_poi,"{""name"": ""Sorry State Records"", ""shop"": ""music""}"
RAL-01,node,8409121602,Cirque de Vol,leisure,fitness_centre,Point,retained:named_poi,"{""leisure"": ""fitness_centre"", ""name"": ""Cirque de Vol"", ""sport"": ""yoga""}"
RAL-01,node,8409124543,The Ugly Monkey Party Bar,amenity,bar,Point,retained:named_poi,"{""amenity"": ""bar"", ""name"": ""The Ugly Monkey Party Bar""}"
RAL-01,node,8409132516,Arch & Edge - Cosmetic Tattooing and Esthetics,shop,tattoo,Point,retained:named_poi,"{""name"": ""Arch & Edge - Cosmetic Tattooing and Esthetics"", ""shop"": ""tattoo""}"
RAL-01,node,8409137742,Wine & Design,craft,yes,Point,retained:named_poi,"{""check_date"": ""2023-07-23"", ""craft"": ""yes"", ""name"": ""Wine & Design""}"
RAL-01,node,8409139162,The Flourish Market,shop,clothes,Point,retained:named_poi,"{""name"": ""The Flourish Market"", ""opening_hours"": ""Mo-Sa 10:00-19:00; Su 13:00-17:00"", ""shop"": ""clothes""}"
RAL-01,node,8409141378,Videri Chocolate Factory - Chocolate Bean to Bar,shop,chocolate,Point,retained:named_poi,"{""name"": ""Videri Chocolate Factory - Chocolate Bean to Bar"", ""opening_hours"": ""Tu-Sa 11:00-21:00"", ""shop"": ""chocolate""}"
RAL-01,node,8409155414,The Junction Salon & Bar,shop,hairdresser,Point,retained:named_poi,"{""female:signed"": ""no"", ""male:signed"": ""no"", ""name"": ""The Junction Salon & Bar"", ""opening_hours"": ""Tu,Th 10:00-20:00; We,Fr 08:00-20:00; Sa 09:00-18:00+"", ""shop"": ""hairdresser""}"
RAL-01,node,8409155415,Tasty Beverage Company,shop,beverages,Point,retained:named_poi,"{""name"": ""Tasty Beverage Company"", ""opening_hours"": ""Tu-Th 12:00-20:00; Fr,Sa 12:00-21:00; Su 12:00-18:00"", ""shop"": ""beverages""}"
RAL-01,node,8409155416,The Venue Raleigh,amenity,restaurant,Point,retained:named_poi,"{""amenity"": ""restaurant"", ""check_date:opening_hours"": ""2023-10-28"", ""name"": ""The Venue Raleigh"", ""opening_hours:signed"": ""no""}"
RAL-01,node,8409195058,Quercus Studio,shop,jewelry,Point,retained:named_poi,"{""name"": ""Quercus Studio"", ""shop"": ""jewelry""}"
RAL-01,node,8409195059,Apex Outfitter & Board Co.,shop,outdoor,Point,retained:named_poi,"{""name"": ""Apex Outfitter & Board Co."", ""shop"": ""outdoor""}"
RAL-01,node,8409195060,Raleigh Raw Juice Bar & Cafe,amenity,cafe,Point,retained:named_poi,"{""amenity"": ""cafe"", ""name"": ""Raleigh Raw Juice Bar & Cafe""}"
RAL-01,node,8409210392,Bridge Club,amenity,events_venue,Point,retained:named_poi,"{""amenity"": ""events_venue"", ""name"": ""Bridge Club""}"
RAL-01,node,8409326776,Vita Vite Downtown,amenity,bar,Point,retained:named_poi,"{""amenity"": ""bar"", ""name"": ""Vita Vite Downtown""}"
RAL-01,node,8411949001,Sam Jones BBQ,amenity,restaurant,Point,retained:named_poi,"{""addr:city"": ""Raleigh"", ""addr:housenumber"": ""502"", ""addr:postcode"": ""27601"", ""addr:state"": ""NC"", ""addr:street"": ""West Lenoir Street"", ""amenity"": ""restaurant"", ""check_date"": ""2023-05-19"", ""internet_access"": ""wlan"", ""internet_access:fee"": ""customers"", ""name"": ""Sam Jones BBQ"", ""payment:mastercard"": ""yes"", ""payment:visa"": ""yes"", ""phone"": ""+19842062555"", ""wheelchair"": ""yes""}"
RAL-01,node,8412005325,Cold Off the Press,amenity,cafe,Point,retained:named_poi,"{""amenity"": ""cafe"", ""name"": ""Cold Off the Press""}"
RAL-01,node,8412019819,Rebus Works and pH seven,shop,art,Point,retained:named_poi,"{""name"": ""Rebus Works and pH seven"", ""opening_hours"": ""Mo-We 08:00-15:00; Th-Sa 08:00-19:00; Su 10:00-15:00"", ""shop"": ""art""}"
RAL-01,node,8412038451,Raleigh Embroidery,shop,craft,Point,retained:named_poi,"{""name"": ""Raleigh Embroidery"", ""shop"": ""craft""}"
RAL-01,node,8412051451,Wye Hill Kitchen & Brewing,amenity,restaurant,Point,retained:named_poi,"{""amenity"": ""restaurant"", ""microbrewery"": ""yes"", ""name"": ""Wye Hill Kitchen & Brewing"", ""phone"": ""+19192755718"", ""website"": ""https://wyehill.com/""}"
RAL-01,node,8412066310,Taverna Agora Greek Kitchen & Bar,amenity,restaurant,Point,retained:named_poi,"{""addr:housenumber"": ""326"", ""addr:postcode"": ""27603"", ""addr:street"": ""Hillsborough Street"", ""amenity"": ""restaurant"", ""cuisine"": ""greek"", ""name"": ""Taverna Agora Greek Kitchen & Bar"", ""opening_hours"": ""Su-Th 11:00-22:00; Fr-Sa 11:00-23:00"", ""phone"": ""+1 919-881-8333"", ""self_service"": ""no"", ""website"": ""https://tavernaagora.com/"", ""website:menu"": ""http://tavernaagora.com/menu""}"
RAL-01,node,8412073792,The Hemp Farmacy - Hillsborough,healthcare,pharmacy,Point,retained:named_poi,"{""amenity"": ""pharmacy"", ""dispensing"": ""yes"", ""healthcare"": ""pharmacy"", ""name"": ""The Hemp Farmacy - Hillsborough""}"
RAL-01,node,8412074431,Iyengar Yoga Center of Raleigh,leisure,fitness_centre,Point,retained:named_poi,"{""leisure"": ""fitness_centre"", ""name"": ""Iyengar Yoga Center of Raleigh"", ""sport"": ""yoga""}"
RAL-01,node,8412079404,Good Day Good Night,amenity,restaurant,Point,retained:named_poi,"{""amenity"": ""restaurant"", ""name"": ""Good Day Good Night""}"
RAL-01,node,8412106042,The Tower Escapes,leisure,escape_game,Point,retained:named_poi,"{""leisure"": ""escape_game"", ""name"": ""The Tower Escapes""}"
RAL-01,node,8412188099,Gabriel Ryder Salon,shop,hairdresser,Point,retained:named_poi,"{""name"": ""Gabriel Ryder Salon"", ""shop"": ""hairdresser""}"
RAL-01,node,8412296516,Legends Nightclub,amenity,bar,Point,retained:named_poi,"{""addr:city"": ""Raleigh"", ""addr:housenumber"": ""316"", ""addr:postcode"": ""27601"", ""addr:state"": ""NC"", ""addr:street"": ""West Cabarrus Street"", ""amenity"": ""bar"", ""contact:facebook"": ""https://www.facebook.com/legendsnightclubraleigh"", ""min_age"": ""18"", ""name"": ""Legends Nightclub"", ""opening_hours"": ""Fr-Su 21:00-02:30"", ""phone"": ""+19195011456"", ""source"": ""local knowledge"", ""start_date"": ""2025"", ""website"": ""https://legends-club.com/""}"
RAL-01,node,8570149935,,amenity,parking_entrance,Point,low_value_category,"{""amenity"": ""parking_entrance""}"
RAL-01,node,8572554374,,amenity,parking_entrance,Point,low_value_category,"{""amenity"": ""parking_entrance""}"
RAL-01,node,8572554375,,amenity,parking_entrance,Point,low_value_category,"{""amenity"": ""parking_entrance""}"
RAL-01,node,8572554378,,amenity,parking_entrance,Point,low_value_category,"{""amenity"": ""parking_entrance""}"
RAL-01,node,8572554379,,amenity,parking_entrance,Point,low_value_category,"{""amenity"": ""parking_entrance""}"
RAL-01,node,8726101270,Five Star Restaurant,amenity,restaurant,Point,retained:named_poi,"{""addr:city"": ""Raleigh"", ""addr:housenumber"": ""301"", ""addr:postcode"": ""27603"", ""addr:state"": ""NC"", ""addr:street"": ""North West Street"", ""amenity"": ""restaurant"", ""cuisine"": ""chinese"", ""name"": ""Five Star Restaurant"", ""website"": ""https://www.fivestarraleigh.com/""}"
RAL-01,node,8726101271,The Cardinal Bar,amenity,pub,Point,retained:named_poi,"{""addr:city"": ""Raleigh"", ""addr:housenumber"": ""713"", ""addr:postcode"": ""27603"", ""addr:state"": ""NC"", ""addr:street"": ""North West Street"", ""amenity"": ""pub"", ""name"": ""The Cardinal Bar""}"
RAL-01,node,8726101272,Paul And Jack Bakery,shop,bakery,Point,retained:named_poi,"{""addr:city"": ""Raleigh"", ""addr:housenumber"": ""911"", ""addr:postcode"": ""27603"", ""addr:state"": ""NC"", ""addr:street"": ""North West Street"", ""addr:unit"": ""Suite 107"", ""name"": ""Paul And Jack Bakery"", ""opening_hours"": ""Su 07:00-20:00; Mo-Th 07:00-18:00; Fr-Sa 07:00-20:00"", ""shop"": ""bakery""}"
RAL-01,node,8726110036,Jersey Mike's Subs,amenity,fast_food,Point,retained:named_poi,"{""addr:city"": ""Raleigh"", ""addr:housenumber"": ""200"", ""addr:postcode"": ""27603"", ""addr:state"": ""NC"", ""addr:street"": ""West Peace Street"", ""amenity"": ""fast_food"", ""brand"": ""Jersey Mike's Subs"", ""brand:wikidata"": ""Q6184897"", ""cuisine"": ""sandwich"", ""name"": ""Jersey Mike's Subs"", ""short_name"": ""Jersey Mike's"", ""takeaway"": ""yes"", ""website"": ""https://www.jerseymikes.com/3026/raleigh-nc""}"
RAL-01,node,8865972717,Iris Coffee Lab,amenity,cafe,Point,retained:named_poi,"{""addr:housenumber"": ""725"", ""addr:postcode"": ""27603"", ""addr:street"": ""Tucker Street"", ""amenity"": ""cafe"", ""check_date"": ""2026-08-18"", ""internet_access"": ""wlan"", ""name"": ""Iris Coffee Lab"", ""opening_hours"": ""08:00-17:00"", ""outdoor_seating"": ""yes"", ""website"": ""https://www.iriscoffeelab.com""}"
RAL-01,node,8883930099,Johnson Street Yacht Club,amenity,bar,Point,retained:named_poi,"{""addr:city"": ""Raleigh"", ""addr:housenumber"": ""710"", ""addr:postcode"": ""27603"", ""addr:state"": ""NC"", ""addr:street"": ""West Johnson Street"", ""amenity"": ""bar"", ""name"": ""Johnson Street Yacht Club""}"
RAL-01,node,8883973554,Peace and Saint,amenity,bar,Point,retained:named_poi,"{""addr:city"": ""Raleigh"", ""addr:housenumber"": ""616"", ""addr:postcode"": ""27605"", ""addr:state"": ""NC"", ""addr:street"": ""Saint Marys Street"", ""amenity"": ""bar"", ""amenity_1"": ""hookah_lounge"", ""name"": ""Peace and Saint""}"
RAL-01,node,8905088381,,railway,crossing,Point,unnamed_not_inherently_meaningful,"{""railway"": ""crossing""}"
RAL-01,node,8905088391,,railway,level_crossing,Point,railway_track_infrastructure,"{""crossing:activation"": ""automatic"", ""crossing:barrier"": ""gate"", ""crossing:bell"": ""yes"", ""crossing:light"": ""yes"", ""railway"": ""level_crossing""}"
RAL-01,node,9039089912,Libations 317,amenity,restaurant,Point,retained:named_poi,"{""addr:housenumber"": ""317"", ""addr:street"": ""W Morgan Street"", ""amenity"": ""restaurant"", ""description"": ""Restaurant and bar"", ""name"": ""Libations 317"", ""opening_hours"": ""Mo, We, Th 14:00-21:30; Sa 11:00-22:30; Su 11:00-18:30"", ""website"": ""https://www.libations317.com/""}"
RAL-01,node,9097976151,,amenity,parking,Point,low_value_category,"{""amenity"": ""parking""}"
RAL-01,node,9147324740,Ruby Deluxe,amenity,nightclub,Point,retained:named_poi,"{""addr:city"": ""Raleigh"", ""addr:housenumber"": ""415"", ""addr:postcode"": ""27601"", ""addr:state"": ""NC"", ""addr:street"": ""S Salisbury Street"", ""amenity"": ""nightclub"", ""lgbtq"": ""primary"", ""name"": ""Ruby Deluxe""}"
RAL-01,node,9203569343,Two Roosters,amenity,ice_cream,Point,retained:named_poi,"{""addr:city"": ""Raleigh"", ""addr:housenumber"": ""215"", ""addr:postcode"": ""27604"", ""addr:state"": ""NC"", ""addr:street"": ""East Franklin Street"", ""addr:unit"": ""120"", ""amenity"": ""ice_cream"", ""check_date"": ""2023-07-22"", ""cuisine"": ""ice_cream"", ""name"": ""Two Roosters"", ""opening_hours"": ""Tu-Th,Su 14:00-21:00; Fr-Sa 12:00-22:00"", ""outdoor_seating"": ""yes"", ""payment:mastercard"": ""yes"", ""payment:visa"": ""yes"", ""phone"": ""+19192290491"", ""website"": ""https://www.tworoosters.com/""}"
RAL-01,node,9203569353,Wine Authorities,shop,wine,Point,retained:named_poi,"{""addr:city"": ""Raleigh"", ""addr:housenumber"": ""211"", ""addr:postcode"": ""27604"", ""addr:state"": ""NC"", ""addr:street"": ""East Franklin Street"", ""check_date"": ""2023-07-22"", ""name"": ""Wine Authorities"", ""opening_hours"": ""Mo-Th, Sa 10:00-19:00; Fr 10:00-20:00"", ""phone"": ""+19198319463"", ""shop"": ""wine"", ""website"": ""https://www.wineauthorities.com/""}"
RAL-01,node,9204992815,Arrow Downtown Raleigh,shop,hairdresser,Point,retained:named_poi,"{""addr:city"": ""Raleigh"", ""addr:housenumber"": ""115"", ""addr:postcode"": ""27601"", ""addr:state"": ""NC"", ""addr:street"": ""East Hargett Street"", ""contact:instagram"": ""guaranteed_shorter_hair"", ""email"": ""appointments@guaranteedshorterhair.com"", ""name"": ""Arrow Downtown Raleigh"", ""opening_hours"": ""Mo-Fr 09:00-18:00"", ""phone"": ""+19193073242"", ""shop"": ""hairdresser"", ""website"": ""https://guaranteedshorterhair.com/""}"
RAL-01,node,9312749366,,railway,switch,Point,railway_track_infrastructure,"{""railway"": ""switch""}"
RAL-01,node,9312749367,,railway,switch,Point,railway_track_infrastructure,"{""railway"": ""switch""}"
RAL-01,node,9349775613,,amenity,parking_entrance,Point,low_value_category,"{""amenity"": ""parking_entrance""}"
RAL-01,node,9349813917,,amenity,parking_entrance,Point,low_value_category,"{""amenity"": ""parking_entrance""}"
RAL-01,node,9383963015,,railway,crossing,Point,unnamed_not_inherently_meaningful,"{""crossing:barrier"": ""full"", ""railway"": ""crossing""}"
RAL-01,node,9395888827,Salisbury Street & Davie Street,public_transport,stop_position,Point,transport_platform_infrastructure,"{""bus"": ""yes"", ""name"": ""Salisbury Street & Davie Street"", ""network"": ""GoRaleigh;GoTriangle"", ""operator"": ""GoRaleigh;GoTriangle"", ""public_transport"": ""stop_position"", ""ref"": ""1969""}"
RAL-01,node,9395888828,Salisbury Street & Morgan Street,public_transport,stop_position,Point,transport_platform_infrastructure,"{""bus"": ""yes"", ""name"": ""Salisbury Street & Morgan Street"", ""network"": ""GoRaleigh;GoTriangle"", ""operator"": ""GoRaleigh;GoTriangle"", ""public_transport"": ""stop_position"", ""ref"": ""8063""}"
RAL-01,node,9395888829,Wilmington Street & Hargett Street,public_transport,stop_position,Point,transport_platform_infrastructure,"{""bus"": ""yes"", ""name"": ""Wilmington Street & Hargett Street"", ""network"": ""GoRaleigh;GoTriangle"", ""operator"": ""GoRaleigh;GoTriangle"", ""public_transport"": ""stop_position"", ""ref"": ""1734""}"
RAL-01,node,9395888830,Wilmington Street & Cabarrus Street,public_transport,stop_position,Point,transport_platform_infrastructure,"{""bus"": ""yes"", ""name"": ""Wilmington Street & Cabarrus Street"", ""network"": ""GoRaleigh;GoTriangle"", ""operator"": ""GoRaleigh;GoTriangle"", ""public_transport"": ""stop_position"", ""ref"": ""1284""}"
RAL-01,node,9398111453,Salisbury Street & South Street,public_transport,stop_position,Point,transport_platform_infrastructure,"{""bus"": ""yes"", ""name"": ""Salisbury Street & South Street"", ""network"": ""GoTriangle"", ""operator"": ""GoTriangle"", ""public_transport"": ""stop_position"", ""ref"": ""1970""}"
RAL-01,node,9398111454,McDowell Street & Martin Street,public_transport,stop_position,Point,transport_platform_infrastructure,"{""bus"": ""yes"", ""name"": ""McDowell Street & Martin Street"", ""network"": ""GoRaleigh;GoTriangle"", ""operator"": ""GoRaleigh;GoTriangle"", ""public_transport"": ""stop_position"", ""ref"": ""8343""}"
RAL-01,node,9398111455,McDowell Street & Lenior Street,public_transport,stop_position,Point,transport_platform_infrastructure,"{""bus"": ""yes"", ""name"": ""McDowell Street & Lenior Street"", ""network"": ""GoTriangle"", ""operator"": ""GoTriangle"", ""public_transport"": ""stop_position"", ""ref"": ""1952""}"
RAL-01,node,9398193493,GoRaleigh Station,public_transport,stop_position,Point,transport_platform_infrastructure,"{""bus"": ""yes"", ""local_ref"": ""A"", ""name"": ""GoRaleigh Station"", ""network"": ""GoRaleigh"", ""operator"": ""GoRaleigh"", ""public_transport"": ""stop_position"", ""ref"": ""8001""}"
RAL-01,node,9398252614,Dawson Street & Cabarrus Street,public_transport,stop_position,Point,transport_platform_infrastructure,"{""bus"": ""yes"", ""name"": ""Dawson Street & Cabarrus Street"", ""network"": ""GoRaleigh"", ""operator"": ""GoRaleigh"", ""public_transport"": ""stop_position"", ""ref"": ""9744""}"
RAL-01,node,9398252615,Davie Street & Fayetteville Street,public_transport,stop_position,Point,transport_platform_infrastructure,"{""bus"": ""yes"", ""name"": ""Davie Street & Fayetteville Street"", ""network"": ""GoRaleigh"", ""operator"": ""GoRaleigh"", ""public_transport"": ""stop_position"", ""ref"": ""9743""}"
RAL-01,node,9398252616,McDowell Street & Davie Street,public_transport,stop_position,Point,transport_platform_infrastructure,"{""bus"": ""yes"", ""name"": ""McDowell Street & Davie Street"", ""network"": ""GoRaleigh"", ""operator"": ""GoRaleigh"", ""public_transport"": ""stop_position"", ""ref"": ""9165""}"
RAL-01,node,9399963952,Blount Street & Polk Street,public_transport,stop_position,Point,transport_platform_infrastructure,"{""bus"": ""yes"", ""name"": ""Blount Street & Polk Street"", ""network"": ""GoRaleigh"", ""operator"": ""GoRaleigh"", ""public_transport"": ""stop_position"", ""ref"": ""9788""}"
RAL-01,node,9399963953,Blount Street & Franklin Street,public_transport,stop_position,Point,transport_platform_infrastructure,"{""bus"": ""yes"", ""name"": ""Blount Street & Franklin Street"", ""network"": ""GoRaleigh"", ""operator"": ""GoRaleigh"", ""public_transport"": ""stop_position"", ""ref"": ""9471""}"
RAL-01,node,9399963954,Person Street & Franklin Street,public_transport,stop_position,Point,transport_platform_infrastructure,"{""bus"": ""yes"", ""name"": ""Person Street & Franklin Street"", ""network"": ""GoRaleigh"", ""operator"": ""GoRaleigh"", ""public_transport"": ""stop_position"", ""ref"": ""8009""}"
RAL-01,node,9399963955,Peace Street & Blount Street,public_transport,stop_position,Point,transport_platform_infrastructure,"{""bus"": ""yes"", ""name"": ""Peace Street & Blount Street"", ""network"": ""GoRaleigh"", ""operator"": ""GoRaleigh"", ""public_transport"": ""stop_position"", ""ref"": ""9384""}"
RAL-01,node,9399963956,Wilmington Street & Polk Street,public_transport,stop_position,Point,transport_platform_infrastructure,"{""bus"": ""yes"", ""name"": ""Wilmington Street & Polk Street"", ""network"": ""GoRaleigh"", ""operator"": ""GoRaleigh"", ""public_transport"": ""stop_position"", ""ref"": ""8007""}"
RAL-01,node,9399963957,Wilmington Street & Jones Street,public_transport,stop_position,Point,transport_platform_infrastructure,"{""bus"": ""yes"", ""name"": ""Wilmington Street & Jones Street"", ""network"": ""GoRaleigh;GoTriangle"", ""operator"": ""GoRaleigh;GoTriangle"", ""public_transport"": ""stop_position"", ""ref"": ""8003""}"
RAL-01,node,9399963958,Wilmington Street & Morgan Street,public_transport,stop_position,Point,transport_platform_infrastructure,"{""bus"": ""yes"", ""name"": ""Wilmington Street & Morgan Street"", ""network"": ""GoRaleigh;GoTriangle"", ""operator"": ""GoRaleigh;GoTriangle"", ""public_transport"": ""stop_position"", ""ref"": ""8002""}"
RAL-01,node,9399963965,GoRaleigh Station,public_transport,stop_position,Point,transport_platform_infrastructure,"{""bus"": ""yes"", ""local_ref"": ""D"", ""name"": ""GoRaleigh Station"", ""network"": ""GoRaleigh"", ""operator"": ""GoRaleigh"", ""public_transport"": ""stop_position"", ""ref"": ""8001""}"
RAL-01,node,9408985107,Edenton Street & Harrington Street,public_transport,stop_position,Point,transport_platform_infrastructure,"{""bus"": ""yes"", ""name"": ""Edenton Street & Harrington Street"", ""network"": ""GoRaleigh;GoTriangle"", ""operator"": ""GoRaleigh;GoTriangle"", ""public_transport"": ""stop_position"", ""ref"": ""8071""}"
RAL-01,node,9408985108,Edenton Street & McDowell Street,public_transport,stop_position,Point,transport_platform_infrastructure,"{""bus"": ""yes"", ""name"": ""Edenton Street & McDowell Street"", ""network"": ""GoRaleigh;GoTriangle"", ""operator"": ""GoRaleigh;GoTriangle"", ""public_transport"": ""stop_position"", ""ref"": ""8070""}"
RAL-01,node,9408985109,Edenton Street & Salisbury Street,public_transport,stop_position,Point,transport_platform_infrastructure,"{""bus"": ""yes"", ""name"": ""Edenton Street & Salisbury Street"", ""network"": ""GoRaleigh;GoTriangle"", ""operator"": ""GoRaleigh;GoTriangle"", ""public_transport"": ""stop_position"", ""ref"": ""9674""}"
RAL-01,node,9410561222,Glenwood Avenue & Johnson Street,public_transport,stop_position,Point,transport_platform_infrastructure,"{""bus"": ""yes"", ""name"": ""Glenwood Avenue & Johnson Street"", ""network"": ""GoRaleigh"", ""operator"": ""GoRaleigh"", ""public_transport"": ""stop_position"", ""ref"": ""300""}"
RAL-01,node,9410561223,Glenwood Avenue & Tucker Street,public_transport,stop_position,Point,transport_platform_infrastructure,"{""bus"": ""yes"", ""name"": ""Glenwood Avenue & Tucker Street"", ""network"": ""GoRaleigh"", ""operator"": ""GoRaleigh"", ""public_transport"": ""stop_position"", ""ref"": ""8075""}"
RAL-01,node,9410561224,Glenwood Avenue & Lane Street,public_transport,stop_position,Point,transport_platform_infrastructure,"{""bus"": ""yes"", ""name"": ""Glenwood Avenue & Lane Street"", ""network"": ""GoRaleigh"", ""operator"": ""GoRaleigh"", ""public_transport"": ""stop_position"", ""ref"": ""8074""}"
RAL-01,node,9410561225,Glenwood Avenue & Jones Street,public_transport,stop_position,Point,transport_platform_infrastructure,"{""bus"": ""yes"", ""name"": ""Glenwood Avenue & Jones Street"", ""network"": ""GoRaleigh"", ""operator"": ""GoRaleigh"", ""public_transport"": ""stop_position"", ""ref"": ""8182""}"
RAL-01,node,9410561226,Glenwood Avenue & Hillsborough Street,public_transport,stop_position,Point,transport_platform_infrastructure,"{""bus"": ""yes"", ""name"": ""Glenwood Avenue & Hillsborough Street"", ""network"": ""GoRaleigh"", ""operator"": ""GoRaleigh"", ""public_transport"": ""stop_position"", ""ref"": ""unknown""}"
RAL-01,node,9410561227,Glenwood Avenue & Hillsborough Street,public_transport,platform,Point,transport_platform_infrastructure,"{""bench"": ""no"", ""bin"": ""yes"", ""bus"": ""yes"", ""highway"": ""bus_stop"", ""name"": ""Glenwood Avenue & Hillsborough Street"", ""network"": ""GoRaleigh"", ""network:wikidata"": ""Q5035469"", ""network:wikipedia"": ""en:GoRaleigh"", ""operator"": ""GoRaleigh"", ""passenger_information_display"": ""no"", ""public_transport"": ""platform"", ""ref"": ""unknown"", ""shelter"": ""no""}"
RAL-01,node,9426790322,,amenity,parking_entrance,Point,low_value_category,"{""amenity"": ""parking_entrance""}"
RAL-01,node,9426790332,,amenity,parking_entrance,Point,low_value_category,"{""amenity"": ""parking_entrance""}"
RAL-01,node,9426790334,,amenity,parking_entrance,Point,low_value_category,"{""amenity"": ""parking_entrance""}"
RAL-01,node,9426790337,,amenity,parking_entrance,Point,low_value_category,"{""amenity"": ""parking_entrance""}"
RAL-01,node,9662275087,Law Office of Gregory M. Kash,office,lawyer,Point,retained:named_poi,"{""addr:city"": ""Raleigh"", ""addr:postcode"": ""27601"", ""addr:state"": ""NC"", ""addr:street"": ""434 Fayetteville St, #1640"", ""country"": ""USA"", ""fax"": ""+1-919-861-0170"", ""name"": ""Law Office of Gregory M. Kash"", ""office"": ""lawyer"", ""opening_hours"": ""Mo-Fr 09:00-17:00"", ""phone"": ""+1-919-861-2006"", ""website"": ""https://gregkashlaw.com""}"
RAL-01,node,9684234288,Messer Transmission Inc,shop,motorcycle_repair,Point,retained:named_poi,"{""addr:full"": ""705 N Person St, Raleigh, NC 27604, USA"", ""name"": ""Messer Transmission Inc"", ""opening_hours"": ""Mo-Th 08:00-17:00; Fr 08:00-13:00"", ""phone"": ""+1-919-834-2612"", ""shop"": ""motorcycle_repair"", ""website"": ""https://messertransmissioninc.com""}"
RAL-01,node,9773148869,Pendo,office,yes,Point,retained:named_poi,"{""name"": ""Pendo"", ""office"": ""yes""}"
RAL-01,node,9860319189,Person Street Bar,amenity,bar,Point,retained:named_poi,"{""addr:city"": ""Raleigh"", ""addr:housenumber"": ""805"", ""addr:postcode"": ""27604"", ""addr:state"": ""NC"", ""addr:street"": ""North Person Street"", ""amenity"": ""bar"", ""name"": ""Person Street Bar"", ""opening_hours"": ""Mo-Fr 16:00-02:00, Sa,Su 14:00-02:00"", ""phone"": ""+1 919 977 5952""}"
RAL-01,node,9882983300,The Marketing Machine,office,advertising_agency,Point,retained:named_poi,"{""addr:city"": ""Raleigh"", ""addr:housenumber"": ""5"", ""addr:postcode"": ""27601"", ""addr:state"": ""NC"", ""addr:street"": ""West Hargett Street"", ""addr:unit"": ""#1101"", ""contact:linkedin"": ""https://www.linkedin.com/company/the-marketing-machine/"", ""description"": ""The Marketing Machine (TMM) is a creative marketing agency located in downtown Raleigh, NC. We are passionate about all aspects of branding and marketing and it shows in everything we do."", ""facebook"": ""https://www.facebook.com/themarketingmachine"", ""fax"": ""+1-919-890-3861"", ""name"": ""The Marketing Machine"", ""office"": ""advertising_agency"", ""opening_hours"": ""Mo-Fr 09:00-17:00"", ""phone"": ""+1-919-460-7978"", ""website"": ""https://www.themmachine.com/""}"
RAL-01,node,9968827242,,amenity,bicycle_parking,Point,low_value_category,"{""access"": ""yes"", ""amenity"": ""bicycle_parking"", ""bicycle_parking"": ""loops"", ""capacity"": ""12"", ""covered"": ""no""}"
RAL-01,node,9968827243,,amenity,bicycle_parking,Point,low_value_category,"{""access"": ""yes"", ""amenity"": ""bicycle_parking"", ""bicycle_parking"": ""stands"", ""capacity"": ""2"", ""covered"": ""no""}"
RAL-01,node,9968827244,,amenity,bicycle_parking,Point,low_value_category,"{""access"": ""yes"", ""amenity"": ""bicycle_parking"", ""bicycle_parking"": ""loops"", ""capacity"": ""2"", ""covered"": ""no""}"
RAL-01,node,9968827245,,amenity,bicycle_parking,Point,low_value_category,"{""amenity"": ""bicycle_parking"", ""bicycle_parking"": ""stands"", ""capacity"": ""4"", ""covered"": ""no""}"
RAL-01,node,9968827246,,amenity,bicycle_parking,Point,low_value_category,"{""access"": ""yes"", ""amenity"": ""bicycle_parking"", ""bicycle_parking"": ""stands"", ""capacity"": ""28"", ""covered"": ""yes""}"
RAL-01,node,9968827247,,amenity,bicycle_parking,Point,low_value_category,"{""access"": ""yes"", ""amenity"": ""bicycle_parking"", ""bicycle_parking"": ""stands"", ""capacity"": ""2"", ""covered"": ""no""}"
RAL-01,node,9968827248,,amenity,bicycle_parking,Point,low_value_category,"{""access"": ""yes"", ""amenity"": ""bicycle_parking"", ""bicycle_parking"": ""stands"", ""capacity"": ""2"", ""covered"": ""no""}"
RAL-01,node,9968827249,,amenity,bicycle_parking,Point,low_value_category,"{""amenity"": ""bicycle_parking"", ""bicycle_parking"": ""front_wheel"", ""capacity"": ""20"", ""covered"": ""no""}"
RAL-01,node,10035405947,,amenity,bicycle_parking,Point,low_value_category,"{""amenity"": ""bicycle_parking"", ""bicycle_parking"": ""stands"", ""capacity"": ""4"", ""covered"": ""no"", ""lit"": ""yes""}"
RAL-01,node,10046239670,,amenity,bicycle_parking,Point,low_value_category,"{""amenity"": ""bicycle_parking"", ""bicycle_parking"": ""staple"", ""capacity"": ""6"", ""covered"": ""no""}"
RAL-01,node,10046239671,,amenity,bicycle_parking,Point,low_value_category,"{""amenity"": ""bicycle_parking"", ""bicycle_parking"": ""staple"", ""capacity"": ""8"", ""covered"": ""no""}"
RAL-01,node,10046239672,,amenity,bicycle_parking,Point,low_value_category,"{""amenity"": ""bicycle_parking"", ""bicycle_parking"": ""staple"", ""capacity"": ""2"", ""covered"": ""no""}"
RAL-01,node,10046239673,,amenity,bicycle_parking,Point,low_value_category,"{""amenity"": ""bicycle_parking"", ""bicycle_parking"": ""staple"", ""capacity"": ""2"", ""covered"": ""no""}"
RAL-01,node,10046239674,,amenity,bicycle_parking,Point,low_value_category,"{""amenity"": ""bicycle_parking"", ""bicycle_parking"": ""staple"", ""capacity"": ""2"", ""covered"": ""no""}"
RAL-01,node,10046239675,,amenity,bicycle_parking,Point,low_value_category,"{""amenity"": ""bicycle_parking"", ""bicycle_parking"": ""staple"", ""capacity"": ""4"", ""covered"": ""no""}"
RAL-01,node,10046239676,,amenity,bicycle_parking,Point,low_value_category,"{""amenity"": ""bicycle_parking"", ""bicycle_parking"": ""staple"", ""capacity"": ""2"", ""covered"": ""no""}"
RAL-01,node,10046239677,,amenity,bicycle_parking,Point,low_value_category,"{""amenity"": ""bicycle_parking"", ""bicycle_parking"": ""loops"", ""capacity"": ""8"", ""covered"": ""no""}"
RAL-01,node,10046239678,,amenity,bicycle_parking,Point,low_value_category,"{""amenity"": ""bicycle_parking"", ""bicycle_parking"": ""staple"", ""capacity"": ""6"", ""covered"": ""no""}"
RAL-01,node,10046239679,,amenity,bicycle_parking,Point,low_value_category,"{""amenity"": ""bicycle_parking"", ""bicycle_parking"": ""stands"", ""capacity"": ""2"", ""covered"": ""no""}"
RAL-01,node,10046239680,,amenity,bicycle_parking,Point,low_value_category,"{""amenity"": ""bicycle_parking"", ""bicycle_parking"": ""stands"", ""capacity"": ""2"", ""covered"": ""no""}"
RAL-01,node,10046239681,,amenity,bicycle_parking,Point,low_value_category,"{""amenity"": ""bicycle_parking"", ""bicycle_parking"": ""stands"", ""capacity"": ""2"", ""covered"": ""no""}"
RAL-01,node,10046239682,,amenity,bicycle_parking,Point,low_value_category,"{""amenity"": ""bicycle_parking"", ""bicycle_parking"": ""stands"", ""capacity"": ""2"", ""covered"": ""no""}"
RAL-01,node,10046239683,,amenity,bicycle_parking,Point,low_value_category,"{""amenity"": ""bicycle_parking"", ""bicycle_parking"": ""stands"", ""capacity"": ""2"", ""covered"": ""no""}"
RAL-01,node,10046239684,,amenity,bicycle_parking,Point,low_value_category,"{""amenity"": ""bicycle_parking"", ""bicycle_parking"": ""stands"", ""capacity"": ""2"", ""covered"": ""no""}"
RAL-01,node,10046239685,,amenity,bicycle_parking,Point,low_value_category,"{""amenity"": ""bicycle_parking"", ""bicycle_parking"": ""stands"", ""capacity"": ""2"", ""covered"": ""no""}"
RAL-01,node,10046239686,,amenity,bicycle_parking,Point,low_value_category,"{""amenity"": ""bicycle_parking"", ""bicycle_parking"": ""stands"", ""capacity"": ""6"", ""covered"": ""no""}"
RAL-01,node,10048365314,,amenity,bicycle_parking,Point,low_value_category,"{""amenity"": ""bicycle_parking"", ""bicycle_parking"": ""stands"", ""capacity"": ""4"", ""covered"": ""no""}"
RAL-01,node,10048365315,,amenity,bicycle_parking,Point,low_value_category,"{""amenity"": ""bicycle_parking"", ""bicycle_parking"": ""stands"", ""capacity"": ""4"", ""covered"": ""no""}"
RAL-01,node,10048365316,,amenity,bicycle_parking,Point,low_value_category,"{""amenity"": ""bicycle_parking"", ""bicycle_parking"": ""stands"", ""capacity"": ""2"", ""covered"": ""no""}"
RAL-01,node,10048384017,,amenity,bicycle_parking,Point,low_value_category,"{""amenity"": ""bicycle_parking"", ""bicycle_parking"": ""stands"", ""capacity"": ""2"", ""covered"": ""no""}"
RAL-01,node,10048384018,,amenity,bicycle_parking,Point,low_value_category,"{""amenity"": ""bicycle_parking"", ""bicycle_parking"": ""stands"", ""capacity"": ""2"", ""covered"": ""no""}"
RAL-01,node,10048384019,,amenity,bicycle_parking,Point,low_value_category,"{""amenity"": ""bicycle_parking"", ""bicycle_parking"": ""stands"", ""capacity"": ""2"", ""covered"": ""no""}"
RAL-01,node,10048384020,,amenity,bicycle_parking,Point,low_value_category,"{""amenity"": ""bicycle_parking"", ""bicycle_parking"": ""staple"", ""capacity"": ""4"", ""covered"": ""no""}"
RAL-01,node,10048384021,,amenity,bicycle_parking,Point,low_value_category,"{""amenity"": ""bicycle_parking"", ""bicycle_parking"": ""wave"", ""capacity"": ""5"", ""covered"": ""no""}"
RAL-01,node,10048384022,,amenity,bicycle_parking,Point,low_value_category,"{""amenity"": ""bicycle_parking"", ""bicycle_parking"": ""stands"", ""capacity"": ""2"", ""covered"": ""no""}"
RAL-01,node,10048384023,,amenity,bicycle_parking,Point,low_value_category,"{""amenity"": ""bicycle_parking"", ""bicycle_parking"": ""stands"", ""capacity"": ""6"", ""covered"": ""no""}"
RAL-01,node,10048384024,,amenity,bicycle_parking,Point,low_value_category,"{""amenity"": ""bicycle_parking"", ""bicycle_parking"": ""stands"", ""capacity"": ""2"", ""covered"": ""no""}"
RAL-01,node,10048398588,,amenity,bicycle_parking,Point,low_value_category,"{""amenity"": ""bicycle_parking"", ""bicycle_parking"": ""wave"", ""capacity"": ""5"", ""covered"": ""no""}"
RAL-01,node,10048398589,,amenity,bicycle_parking,Point,low_value_category,"{""amenity"": ""bicycle_parking"", ""bicycle_parking"": ""staple"", ""capacity"": ""40"", ""covered"": ""no""}"
RAL-01,node,10048398590,,amenity,bicycle_parking,Point,low_value_category,"{""amenity"": ""bicycle_parking"", ""bicycle_parking"": ""staple"", ""capacity"": ""6"", ""covered"": ""no""}"
RAL-01,node,10048398591,,amenity,bicycle_parking,Point,low_value_category,"{""amenity"": ""bicycle_parking"", ""bicycle_parking"": ""staple"", ""capacity"": ""2"", ""covered"": ""no""}"
RAL-01,node,10048398592,,amenity,bicycle_parking,Point,low_value_category,"{""amenity"": ""bicycle_parking"", ""bicycle_parking"": ""staple"", ""capacity"": ""2"", ""covered"": ""no""}"
RAL-01,node,10048398593,,amenity,bicycle_parking,Point,low_value_category,"{""amenity"": ""bicycle_parking"", ""bicycle_parking"": ""stands"", ""capacity"": ""2"", ""covered"": ""no""}"
RAL-01,node,10048398594,,amenity,bicycle_parking,Point,low_value_category,"{""amenity"": ""bicycle_parking"", ""bicycle_parking"": ""stands"", ""capacity"": ""2"", ""covered"": ""no""}"
RAL-01,node,10048398596,,amenity,bicycle_parking,Point,low_value_category,"{""amenity"": ""bicycle_parking"", ""bicycle_parking"": ""stands"", ""capacity"": ""2"", ""covered"": ""no""}"
RAL-01,node,10048398597,,amenity,bicycle_parking,Point,low_value_category,"{""amenity"": ""bicycle_parking"", ""bicycle_parking"": ""stands"", ""capacity"": ""2"", ""covered"": ""no""}"
RAL-01,node,10048398598,,amenity,bicycle_parking,Point,low_value_category,"{""amenity"": ""bicycle_parking"", ""bicycle_parking"": ""stands"", ""capacity"": ""2"", ""covered"": ""no""}"
RAL-01,node,10048398599,,amenity,bicycle_parking,Point,low_value_category,"{""amenity"": ""bicycle_parking"", ""bicycle_parking"": ""stands"", ""capacity"": ""2"", ""covered"": ""no""}"
RAL-01,node,10048398600,,amenity,bicycle_parking,Point,low_value_category,"{""amenity"": ""bicycle_parking"", ""bicycle_parking"": ""stands"", ""capacity"": ""2"", ""covered"": ""no""}"
RAL-01,node,10048398601,,amenity,bicycle_parking,Point,low_value_category,"{""amenity"": ""bicycle_parking"", ""bicycle_parking"": ""stands"", ""capacity"": ""4"", ""covered"": ""no""}"
RAL-01,node,10048398602,,amenity,bicycle_parking,Point,low_value_category,"{""amenity"": ""bicycle_parking"", ""bicycle_parking"": ""staple"", ""capacity"": ""2"", ""covered"": ""no""}"
RAL-01,node,10048398603,,amenity,bicycle_parking,Point,low_value_category,"{""amenity"": ""bicycle_parking"", ""bicycle_parking"": ""stands"", ""capacity"": ""2"", ""covered"": ""no""}"
RAL-01,node,10048398604,,amenity,bicycle_parking,Point,low_value_category,"{""amenity"": ""bicycle_parking"", ""bicycle_parking"": ""stands"", ""capacity"": ""2"", ""covered"": ""no""}"
RAL-01,node,10048398605,,amenity,bicycle_parking,Point,low_value_category,"{""amenity"": ""bicycle_parking"", ""bicycle_parking"": ""staple"", ""capacity"": ""2"", ""covered"": ""no""}"
RAL-01,node,10048398606,,amenity,bicycle_parking,Point,low_value_category,"{""amenity"": ""bicycle_parking"", ""bicycle_parking"": ""staple"", ""capacity"": ""2"", ""covered"": ""no""}"
RAL-01,node,10048424128,,amenity,bicycle_parking,Point,low_value_category,"{""amenity"": ""bicycle_parking"", ""bicycle_parking"": ""staple"", ""capacity"": ""8"", ""covered"": ""no""}"
RAL-01,node,10048424129,,amenity,bicycle_parking,Point,low_value_category,"{""amenity"": ""bicycle_parking"", ""bicycle_parking"": ""staple"", ""capacity"": ""4"", ""covered"": ""no""}"
RAL-01,node,10048424130,,amenity,bicycle_parking,Point,low_value_category,"{""amenity"": ""bicycle_parking"", ""bicycle_parking"": ""staple"", ""capacity"": ""6"", ""covered"": ""no""}"
RAL-01,node,10048424131,,amenity,bicycle_parking,Point,low_value_category,"{""amenity"": ""bicycle_parking"", ""bicycle_parking"": ""staple"", ""capacity"": ""2"", ""covered"": ""no""}"
RAL-01,node,10048424132,,amenity,bicycle_parking,Point,low_value_category,"{""amenity"": ""bicycle_parking"", ""bicycle_parking"": ""staple"", ""capacity"": ""2"", ""covered"": ""no""}"
RAL-01,node,10048424133,,amenity,bicycle_parking,Point,low_value_category,"{""amenity"": ""bicycle_parking"", ""bicycle_parking"": ""bollard"", ""capacity"": ""6"", ""covered"": ""yes""}"
RAL-01,node,10049367856,Cashpoints,amenity,atm,Point,retained:named_poi,"{""amenity"": ""atm"", ""cash_in"": ""yes"", ""drive_through"": ""no"", ""operator"": ""Cashpoints""}"
RAL-01,node,10049370621,,amenity,bicycle_parking,Point,low_value_category,"{""amenity"": ""bicycle_parking"", ""bicycle_parking"": ""loops"", ""capacity"": ""6"", ""covered"": ""no""}"
RAL-01,node,10049370622,,amenity,bicycle_parking,Point,low_value_category,"{""amenity"": ""bicycle_parking"", ""bicycle_parking"": ""stands"", ""capacity"": ""4"", ""covered"": ""no""}"
RAL-01,node,10049370623,,amenity,bicycle_parking,Point,low_value_category,"{""amenity"": ""bicycle_parking"", ""bicycle_parking"": ""stands"", ""capacity"": ""4"", ""covered"": ""no""}"
RAL-01,node,10049370624,,amenity,bicycle_parking,Point,low_value_category,"{""amenity"": ""bicycle_parking"", ""capacity"": ""12"", ""covered"": ""no""}"
RAL-01,node,10049370627,,amenity,bicycle_parking,Point,low_value_category,"{""amenity"": ""bicycle_parking"", ""bicycle_parking"": ""staple"", ""capacity"": ""2"", ""covered"": ""no""}"
RAL-01,node,10049370628,,amenity,bicycle_parking,Point,low_value_category,"{""amenity"": ""bicycle_parking"", ""bicycle_parking"": ""wall_loops"", ""capacity"": ""8"", ""covered"": ""yes""}"
RAL-01,node,10049370629,,amenity,bicycle_parking,Point,low_value_category,"{""amenity"": ""bicycle_parking"", ""bicycle_parking"": ""staple"", ""capacity"": ""2"", ""covered"": ""no""}"
RAL-01,node,10049370630,,amenity,bicycle_parking,Point,low_value_category,"{""amenity"": ""bicycle_parking"", ""bicycle_parking"": ""staple"", ""capacity"": ""2"", ""covered"": ""no""}"
RAL-01,node,10049370631,,amenity,bicycle_parking,Point,low_value_category,"{""amenity"": ""bicycle_parking"", ""bicycle_parking"": ""staple"", ""capacity"": ""2"", ""covered"": ""no""}"
RAL-01,node,10049370632,,amenity,bicycle_parking,Point,low_value_category,"{""amenity"": ""bicycle_parking"", ""bicycle_parking"": ""staple"", ""capacity"": ""2"", ""covered"": ""no""}"
RAL-01,node,10049370633,,amenity,bicycle_parking,Point,low_value_category,"{""amenity"": ""bicycle_parking"", ""bicycle_parking"": ""staple"", ""capacity"": ""2"", ""covered"": ""no""}"
RAL-01,node,10049370634,,amenity,bicycle_parking,Point,low_value_category,"{""amenity"": ""bicycle_parking"", ""bicycle_parking"": ""staple"", ""capacity"": ""2"", ""covered"": ""no""}"
RAL-01,node,10049370635,,amenity,bicycle_parking,Point,low_value_category,"{""amenity"": ""bicycle_parking"", ""bicycle_parking"": ""staple"", ""capacity"": ""4"", ""covered"": ""no""}"
RAL-01,node,10049370636,,amenity,bicycle_parking,Point,low_value_category,"{""amenity"": ""bicycle_parking"", ""bicycle_parking"": ""staple"", ""capacity"": ""10"", ""covered"": ""no""}"
RAL-01,node,10049370637,,amenity,bicycle_parking,Point,low_value_category,"{""amenity"": ""bicycle_parking"", ""bicycle_parking"": ""staple"", ""capacity"": ""2"", ""covered"": ""no""}"
RAL-01,node,10049370638,,amenity,bicycle_parking,Point,low_value_category,"{""amenity"": ""bicycle_parking"", ""bicycle_parking"": ""staple"", ""capacity"": ""2"", ""covered"": ""no""}"
RAL-01,node,10049370640,,amenity,bicycle_parking,Point,low_value_category,"{""amenity"": ""bicycle_parking"", ""bicycle_parking"": ""staple"", ""capacity"": ""12"", ""covered"": ""yes""}"
RAL-01,node,10049370641,,amenity,bicycle_parking,Point,low_value_category,"{""amenity"": ""bicycle_parking"", ""bicycle_parking"": ""staple"", ""capacity"": ""2"", ""covered"": ""no""}"
RAL-01,node,10049370642,,amenity,bicycle_parking,Point,low_value_category,"{""amenity"": ""bicycle_parking"", ""bicycle_parking"": ""staple"", ""capacity"": ""2"", ""covered"": ""no""}"
RAL-01,node,10049370643,,amenity,bicycle_parking,Point,low_value_category,"{""amenity"": ""bicycle_parking"", ""bicycle_parking"": ""staple"", ""capacity"": ""2"", ""covered"": ""no""}"
RAL-01,node,10049370644,,amenity,bicycle_parking,Point,low_value_category,"{""amenity"": ""bicycle_parking"", ""bicycle_parking"": ""staple"", ""capacity"": ""4"", ""covered"": ""no""}"
RAL-01,node,10049396162,,amenity,bicycle_parking,Point,low_value_category,"{""amenity"": ""bicycle_parking"", ""bicycle_parking"": ""staple"", ""capacity"": ""36"", ""covered"": ""no""}"
RAL-01,node,10049396163,,amenity,bicycle_parking,Point,low_value_category,"{""amenity"": ""bicycle_parking"", ""bicycle_parking"": ""staple"", ""capacity"": ""6"", ""covered"": ""yes""}"
RAL-01,node,10049396164,,amenity,bicycle_parking,Point,low_value_category,"{""amenity"": ""bicycle_parking"", ""bicycle_parking"": ""staple"", ""capacity"": ""12"", ""covered"": ""no""}"
RAL-01,node,10049396165,,amenity,bicycle_parking,Point,low_value_category,"{""amenity"": ""bicycle_parking"", ""bicycle_parking"": ""staple"", ""capacity"": ""2"", ""covered"": ""no""}"
RAL-01,node,10049396166,,amenity,bicycle_parking,Point,low_value_category,"{""amenity"": ""bicycle_parking"", ""bicycle_parking"": ""stands"", ""capacity"": ""4"", ""covered"": ""no""}"
RAL-01,node,10052714280,,amenity,bicycle_parking,Point,low_value_category,"{""amenity"": ""bicycle_parking"", ""bicycle_parking"": ""staple"", ""capacity"": ""2"", ""covered"": ""no""}"
RAL-01,node,10052714281,,amenity,bicycle_parking,Point,low_value_category,"{""amenity"": ""bicycle_parking"", ""bicycle_parking"": ""staple"", ""capacity"": ""2"", ""covered"": ""no""}"
RAL-01,node,10052714282,,amenity,bicycle_parking,Point,low_value_category,"{""amenity"": ""bicycle_parking"", ""bicycle_parking"": ""staple"", ""capacity"": ""2"", ""covered"": ""no""}"
RAL-01,node,10052714283,,amenity,bicycle_parking,Point,low_value_category,"{""amenity"": ""bicycle_parking"", ""bicycle_parking"": ""staple"", ""capacity"": ""2"", ""covered"": ""no""}"
RAL-01,node,10052714284,,amenity,bicycle_parking,Point,low_value_category,"{""amenity"": ""bicycle_parking"", ""bicycle_parking"": ""staple"", ""capacity"": ""2"", ""covered"": ""no""}"
RAL-01,node,10052714285,,amenity,bicycle_parking,Point,low_value_category,"{""amenity"": ""bicycle_parking"", ""bicycle_parking"": ""stands"", ""capacity"": ""4"", ""covered"": ""no""}"
RAL-01,node,10052714286,,amenity,bicycle_parking,Point,low_value_category,"{""amenity"": ""bicycle_parking"", ""bicycle_parking"": ""loops"", ""capacity"": ""2"", ""covered"": ""no"", ""description"": ""Custom bike loop in the shape of North Carolina""}"
RAL-01,node,10054575381,,amenity,bicycle_parking,Point,low_value_category,"{""amenity"": ""bicycle_parking"", ""bicycle_parking"": ""staple"", ""capacity"": ""4"", ""covered"": ""no""}"
RAL-01,node,10054575382,,amenity,bicycle_parking,Point,low_value_category,"{""amenity"": ""bicycle_parking"", ""bicycle_parking"": ""staple"", ""capacity"": ""22"", ""covered"": ""no""}"
RAL-01,node,10073486052,,amenity,bicycle_parking,Point,low_value_category,"{""amenity"": ""bicycle_parking"", ""bicycle_parking"": ""bollard"", ""capacity"": ""2"", ""covered"": ""no""}"
RAL-01,node,10073486053,,amenity,bicycle_parking,Point,low_value_category,"{""amenity"": ""bicycle_parking"", ""bicycle_parking"": ""stands"", ""capacity"": ""12"", ""covered"": ""no"", ""fee"": ""no""}"
RAL-01,node,10073486054,,amenity,bicycle_parking,Point,low_value_category,"{""amenity"": ""bicycle_parking"", ""bicycle_parking"": ""staple"", ""capacity"": ""2"", ""covered"": ""no""}"
RAL-01,node,10073486055,,amenity,bicycle_parking,Point,low_value_category,"{""amenity"": ""bicycle_parking"", ""bicycle_parking"": ""staple"", ""capacity"": ""2"", ""covered"": ""no""}"
RAL-01,node,10073486056,,amenity,bicycle_parking,Point,low_value_category,"{""amenity"": ""bicycle_parking"", ""bicycle_parking"": ""staple"", ""capacity"": ""2"", ""covered"": ""no""}"
RAL-01,node,10073486057,,amenity,bicycle_parking,Point,low_value_category,"{""amenity"": ""bicycle_parking"", ""bicycle_parking"": ""staple"", ""capacity"": ""2"", ""covered"": ""no""}"
RAL-01,node,10073486058,,amenity,bicycle_parking,Point,low_value_category,"{""amenity"": ""bicycle_parking"", ""bicycle_parking"": ""stands"", ""capacity"": ""12"", ""covered"": ""no""}"
RAL-01,node,10073486059,,amenity,bicycle_parking,Point,low_value_category,"{""amenity"": ""bicycle_parking"", ""bicycle_parking"": ""staple"", ""capacity"": ""2"", ""covered"": ""no""}"
RAL-01,node,10073486060,,amenity,bicycle_parking,Point,low_value_category,"{""amenity"": ""bicycle_parking"", ""bicycle_parking"": ""loops"", ""capacity"": ""4"", ""covered"": ""no"", ""description"": ""Shaped like a dogbone""}"
RAL-01,node,10073486061,,amenity,bicycle_parking,Point,low_value_category,"{""amenity"": ""bicycle_parking"", ""bicycle_parking"": ""staple"", ""capacity"": ""2"", ""covered"": ""no""}"
RAL-01,node,10073486062,,amenity,bicycle_parking,Point,low_value_category,"{""amenity"": ""bicycle_parking"", ""bicycle_parking"": ""bollard"", ""capacity"": ""16"", ""covered"": ""no""}"
RAL-01,node,10073517224,,amenity,bicycle_parking,Point,low_value_category,"{""amenity"": ""bicycle_parking"", ""bicycle_parking"": ""staple"", ""capacity"": ""2"", ""covered"": ""no""}"
RAL-01,node,10075601469,,amenity,bicycle_parking,Point,low_value_category,"{""amenity"": ""bicycle_parking"", ""bicycle_parking"": ""stands"", ""capacity"": ""12"", ""covered"": ""no""}"
RAL-01,node,10075601470,,amenity,bicycle_parking,Point,low_value_category,"{""amenity"": ""bicycle_parking"", ""bicycle_parking"": ""wall_loops"", ""capacity"": ""12"", ""covered"": ""yes""}"
RAL-01,node,10075601471,,amenity,bicycle_parking,Point,low_value_category,"{""amenity"": ""bicycle_parking"", ""bicycle_parking"": ""staple"", ""capacity"": ""10"", ""covered"": ""no""}"
RAL-01,node,10075601472,,amenity,bicycle_parking,Point,low_value_category,"{""amenity"": ""bicycle_parking"", ""bicycle_parking"": ""staple"", ""capacity"": ""4"", ""covered"": ""no""}"
RAL-01,node,10075601473,,amenity,bicycle_parking,Point,low_value_category,"{""amenity"": ""bicycle_parking"", ""bicycle_parking"": ""staple"", ""capacity"": ""6"", ""covered"": ""no""}"
RAL-01,node,10075601474,,amenity,bicycle_parking,Point,low_value_category,"{""amenity"": ""bicycle_parking"", ""bicycle_parking"": ""staple"", ""capacity"": ""6"", ""covered"": ""no""}"
RAL-01,node,10075601475,,amenity,bicycle_parking,Point,low_value_category,"{""amenity"": ""bicycle_parking"", ""bicycle_parking"": ""staple"", ""capacity"": ""2"", ""covered"": ""no""}"
RAL-01,node,10075601476,,amenity,bicycle_parking,Point,low_value_category,"{""amenity"": ""bicycle_parking"", ""bicycle_parking"": ""staple"", ""capacity"": ""2"", ""covered"": ""no""}"
RAL-01,node,10075601477,,amenity,bicycle_parking,Point,low_value_category,"{""amenity"": ""bicycle_parking"", ""bicycle_parking"": ""staple"", ""capacity"": ""2"", ""covered"": ""no""}"
RAL-01,node,10075601478,,amenity,bicycle_parking,Point,low_value_category,"{""amenity"": ""bicycle_parking"", ""bicycle_parking"": ""staple"", ""capacity"": ""2"", ""covered"": ""no""}"
RAL-01,node,10075601479,,amenity,bicycle_parking,Point,low_value_category,"{""amenity"": ""bicycle_parking"", ""bicycle_parking"": ""staple"", ""capacity"": ""2"", ""covered"": ""no""}"
RAL-01,node,10075601480,,amenity,bicycle_parking,Point,low_value_category,"{""amenity"": ""bicycle_parking"", ""bicycle_parking"": ""staple"", ""capacity"": ""2"", ""covered"": ""no""}"
RAL-01,node,10075601481,,amenity,bicycle_parking,Point,low_value_category,"{""amenity"": ""bicycle_parking"", ""bicycle_parking"": ""staple"", ""capacity"": ""6"", ""covered"": ""no""}"
RAL-01,node,10075601482,,amenity,bicycle_parking,Point,low_value_category,"{""amenity"": ""bicycle_parking"", ""bicycle_parking"": ""staple"", ""capacity"": ""6"", ""covered"": ""no""}"
RAL-01,node,10075601483,,amenity,bicycle_parking,Point,low_value_category,"{""amenity"": ""bicycle_parking"", ""bicycle_parking"": ""staple"", ""capacity"": ""2"", ""covered"": ""no""}"
RAL-01,node,10075601484,,amenity,bicycle_parking,Point,low_value_category,"{""amenity"": ""bicycle_parking"", ""bicycle_parking"": ""staple"", ""capacity"": ""6"", ""covered"": ""no""}"
RAL-01,node,10075601485,,amenity,bicycle_parking,Point,low_value_category,"{""amenity"": ""bicycle_parking"", ""bicycle_parking"": ""staple"", ""capacity"": ""8"", ""covered"": ""no""}"
RAL-01,node,10075601486,,amenity,bicycle_parking,Point,low_value_category,"{""amenity"": ""bicycle_parking"", ""bicycle_parking"": ""staple"", ""capacity"": ""2"", ""covered"": ""no""}"
RAL-01,node,10075601487,,amenity,bicycle_parking,Point,low_value_category,"{""amenity"": ""bicycle_parking"", ""bicycle_parking"": ""staple"", ""capacity"": ""2"", ""covered"": ""no""}"
RAL-01,node,10099899837,,amenity,bicycle_parking,Point,low_value_category,"{""amenity"": ""bicycle_parking"", ""bicycle_parking"": ""staple"", ""capacity"": ""2"", ""covered"": ""no""}"
RAL-01,node,10099899838,,amenity,bicycle_parking,Point,low_value_category,"{""amenity"": ""bicycle_parking"", ""bicycle_parking"": ""staple"", ""capacity"": ""2"", ""covered"": ""no""}"
RAL-01,node,10099899840,,amenity,bicycle_parking,Point,low_value_category,"{""amenity"": ""bicycle_parking"", ""bicycle_parking"": ""staple"", ""capacity"": ""4"", ""covered"": ""no""}"
RAL-01,node,10099899841,,amenity,bicycle_parking,Point,low_value_category,"{""amenity"": ""bicycle_parking"", ""bicycle_parking"": ""staple"", ""capacity"": ""2"", ""covered"": ""no""}"
RAL-01,node,10099899842,,amenity,bicycle_parking,Point,low_value_category,"{""amenity"": ""bicycle_parking"", ""bicycle_parking"": ""staple"", ""capacity"": ""2"", ""covered"": ""no""}"
RAL-01,node,10099899843,,amenity,bicycle_parking,Point,low_value_category,"{""amenity"": ""bicycle_parking"", ""bicycle_parking"": ""staple"", ""capacity"": ""2"", ""covered"": ""no""}"
RAL-01,node,10099899844,,amenity,bicycle_parking,Point,low_value_category,"{""amenity"": ""bicycle_parking"", ""bicycle_parking"": ""staple"", ""capacity"": ""2"", ""covered"": ""no""}"
RAL-01,node,10099899845,,amenity,bicycle_parking,Point,low_value_category,"{""amenity"": ""bicycle_parking"", ""bicycle_parking"": ""staple"", ""capacity"": ""2"", ""covered"": ""no""}"
RAL-01,node,10099899846,,amenity,bicycle_parking,Point,low_value_category,"{""amenity"": ""bicycle_parking"", ""bicycle_parking"": ""staple"", ""capacity"": ""2"", ""covered"": ""no""}"
RAL-01,node,10099899847,,amenity,bicycle_parking,Point,low_value_category,"{""amenity"": ""bicycle_parking"", ""bicycle_parking"": ""staple"", ""capacity"": ""2"", ""covered"": ""no""}"
RAL-01,node,10099899848,,amenity,bicycle_parking,Point,low_value_category,"{""amenity"": ""bicycle_parking"", ""bicycle_parking"": ""staple"", ""capacity"": ""2"", ""covered"": ""no""}"
RAL-01,node,10099899849,,amenity,bicycle_parking,Point,low_value_category,"{""amenity"": ""bicycle_parking"", ""bicycle_parking"": ""staple"", ""capacity"": ""2"", ""covered"": ""no""}"
RAL-01,node,10099899850,,amenity,bicycle_parking,Point,low_value_category,"{""amenity"": ""bicycle_parking"", ""bicycle_parking"": ""staple"", ""capacity"": ""2"", ""covered"": ""no""}"
RAL-01,node,10099899851,,amenity,bicycle_parking,Point,low_value_category,"{""amenity"": ""bicycle_parking"", ""bicycle_parking"": ""staple"", ""capacity"": ""6"", ""covered"": ""no"", ""description"": ""Shaped like a few animals, cow, chicken, and fox.""}"
RAL-01,node,10099899852,,amenity,bicycle_parking,Point,low_value_category,"{""amenity"": ""bicycle_parking"", ""bicycle_parking"": ""staple"", ""capacity"": ""4"", ""covered"": ""no""}"
RAL-01,node,10099899853,,amenity,bicycle_parking,Point,low_value_category,"{""amenity"": ""bicycle_parking"", ""bicycle_parking"": ""staple"", ""capacity"": ""2"", ""covered"": ""no""}"
RAL-01,node,10099899854,,amenity,bicycle_parking,Point,low_value_category,"{""amenity"": ""bicycle_parking"", ""bicycle_parking"": ""staple"", ""capacity"": ""2"", ""covered"": ""no""}"
RAL-01,node,10117651111,,amenity,drinking_water,Point,low_value_category,"{""amenity"": ""drinking_water"", ""note"": ""does not work""}"
RAL-01,node,10120181528,Charles Aycock,tourism,artwork,Point,retained:named_poi,"{""artwork_type"": ""statue"", ""name"": ""Charles Aycock"", ""tourism"": ""artwork""}"
RAL-01,node,10120181529,Zebulon Baird Vance,tourism,artwork,Point,retained:named_poi,"{""artwork_type"": ""statue"", ""name"": ""Zebulon Baird Vance"", ""tourism"": ""artwork""}"
RAL-01,node,10120181530,Charles Duncan McIver,tourism,artwork,Point,retained:named_poi,"{""artwork_type"": ""statue"", ""name"": ""Charles Duncan McIver"", ""tourism"": ""artwork""}"
RAL-01,node,10120181531,Worth Bagley,tourism,artwork,Point,retained:named_poi,"{""artwork_type"": ""statue"", ""name"": ""Worth Bagley"", ""tourism"": ""artwork""}"
RAL-01,node,10130352207,,amenity,bicycle_parking,Point,low_value_category,"{""amenity"": ""bicycle_parking"", ""bicycle_parking"": ""stands"", ""capacity"": ""4"", ""covered"": ""no""}"
RAL-01,node,10537162720,The Rainbow Luncheonette,amenity,restaurant,Point,retained:named_poi,"{""addr:city"": ""Raleigh"", ""addr:housenumber"": ""911"", ""addr:postcode"": ""27603"", ""addr:state"": ""NC"", ""addr:street"": ""North West Street"", ""amenity"": ""restaurant"", ""name"": ""The Rainbow Luncheonette""}"
RAL-01,node,10580367500,,amenity,bicycle_parking,Point,low_value_category,"{""amenity"": ""bicycle_parking"", ""bicycle_parking"": ""loops"", ""capacity"": ""8"", ""covered"": ""no""}"
RAL-01,node,10580694406,,amenity,bicycle_parking,Point,low_value_category,"{""amenity"": ""bicycle_parking"", ""bicycle_parking"": ""loops"", ""capacity"": ""2"", ""covered"": ""no""}"
RAL-01,node,10580694407,,amenity,bicycle_parking,Point,low_value_category,"{""amenity"": ""bicycle_parking"", ""bicycle_parking"": ""loops"", ""capacity"": ""2"", ""covered"": ""no""}"
RAL-01,node,10589906468,,amenity,bicycle_parking,Point,low_value_category,"{""amenity"": ""bicycle_parking"", ""bicycle_parking"": ""stands"", ""capacity"": ""4"", ""covered"": ""no""}"
RAL-01,node,10589906469,,amenity,bicycle_parking,Point,low_value_category,"{""amenity"": ""bicycle_parking"", ""bicycle_parking"": ""stands"", ""capacity"": ""2"", ""covered"": ""no""}"
RAL-01,node,10589906470,,amenity,bicycle_parking,Point,low_value_category,"{""amenity"": ""bicycle_parking"", ""bicycle_parking"": ""stands"", ""capacity"": ""2"", ""covered"": ""no""}"
RAL-01,node,10589906471,,amenity,bicycle_parking,Point,low_value_category,"{""amenity"": ""bicycle_parking"", ""bicycle_parking"": ""stands"", ""capacity"": ""4"", ""covered"": ""no""}"
RAL-01,node,10589906472,,amenity,bicycle_parking,Point,low_value_category,"{""amenity"": ""bicycle_parking"", ""bicycle_parking"": ""stands"", ""capacity"": ""4"", ""covered"": ""no""}"
RAL-01,node,10589906473,,amenity,bicycle_parking,Point,low_value_category,"{""amenity"": ""bicycle_parking"", ""bicycle_parking"": ""stands"", ""capacity"": ""4"", ""covered"": ""no""}"
RAL-01,node,10589906474,,amenity,bicycle_parking,Point,low_value_category,"{""amenity"": ""bicycle_parking"", ""bicycle_parking"": ""stands"", ""capacity"": ""4"", ""covered"": ""no"", ""lit"": ""yes""}"
RAL-01,node,10589906475,,amenity,bicycle_parking,Point,low_value_category,"{""amenity"": ""bicycle_parking"", ""bicycle_parking"": ""stands"", ""capacity"": ""2"", ""covered"": ""no""}"
RAL-01,node,10589906476,,amenity,bicycle_parking,Point,low_value_category,"{""amenity"": ""bicycle_parking"", ""bicycle_parking"": ""stands"", ""capacity"": ""4"", ""covered"": ""no"", ""lit"": ""yes""}"
RAL-01,node,10589906477,,amenity,bicycle_parking,Point,low_value_category,"{""amenity"": ""bicycle_parking"", ""bicycle_parking"": ""stands"", ""capacity"": ""4"", ""covered"": ""no""}"
RAL-01,node,10589906478,,amenity,bicycle_parking,Point,low_value_category,"{""amenity"": ""bicycle_parking"", ""bicycle_parking"": ""stands"", ""capacity"": ""2"", ""covered"": ""no"", ""lit"": ""yes""}"
RAL-01,node,10589906479,,amenity,bicycle_parking,Point,low_value_category,"{""amenity"": ""bicycle_parking"", ""bicycle_parking"": ""stands"", ""capacity"": ""2"", ""covered"": ""no"", ""lit"": ""yes""}"
RAL-01,node,10589906480,,amenity,bicycle_parking,Point,low_value_category,"{""amenity"": ""bicycle_parking"", ""bicycle_parking"": ""stands"", ""capacity"": ""4"", ""covered"": ""no"", ""lit"": ""yes""}"
RAL-01,node,10589906481,,amenity,bicycle_parking,Point,low_value_category,"{""amenity"": ""bicycle_parking"", ""bicycle_parking"": ""stands"", ""capacity"": ""6"", ""covered"": ""no"", ""lit"": ""yes""}"
RAL-01,node,10589906482,,amenity,bicycle_parking,Point,low_value_category,"{""amenity"": ""bicycle_parking"", ""bicycle_parking"": ""stands"", ""capacity"": ""2"", ""covered"": ""no"", ""lit"": ""yes""}"
RAL-01,node,10589906483,,amenity,bicycle_parking,Point,low_value_category,"{""amenity"": ""bicycle_parking"", ""bicycle_parking"": ""stands"", ""capacity"": ""2"", ""covered"": ""no"", ""lit"": ""yes""}"
RAL-01,node,10589906484,,amenity,bicycle_parking,Point,low_value_category,"{""amenity"": ""bicycle_parking"", ""bicycle_parking"": ""stands"", ""capacity"": ""4"", ""covered"": ""no"", ""lit"": ""yes""}"
RAL-01,node,10589906485,,amenity,bicycle_parking,Point,low_value_category,"{""amenity"": ""bicycle_parking"", ""bicycle_parking"": ""stands"", ""capacity"": ""4"", ""covered"": ""no"", ""lit"": ""yes""}"
RAL-01,node,10589906486,,amenity,bicycle_parking,Point,low_value_category,"{""amenity"": ""bicycle_parking"", ""bicycle_parking"": ""stands"", ""capacity"": ""4"", ""covered"": ""no"", ""lit"": ""yes""}"
RAL-01,node,10589906487,,amenity,bicycle_parking,Point,low_value_category,"{""amenity"": ""bicycle_parking"", ""bicycle_parking"": ""stands"", ""capacity"": ""4"", ""covered"": ""no"", ""lit"": ""yes""}"
RAL-01,node,10589906488,,amenity,bicycle_parking,Point,low_value_category,"{""amenity"": ""bicycle_parking"", ""bicycle_parking"": ""stands"", ""capacity"": ""2"", ""covered"": ""no""}"
RAL-01,node,10589906489,,amenity,bicycle_parking,Point,low_value_category,"{""amenity"": ""bicycle_parking"", ""bicycle_parking"": ""stands"", ""capacity"": ""2"", ""covered"": ""no"", ""lit"": ""yes""}"
RAL-01,node,10589906490,,amenity,bicycle_parking,Point,low_value_category,"{""amenity"": ""bicycle_parking"", ""bicycle_parking"": ""stands"", ""capacity"": ""2"", ""covered"": ""no""}"
RAL-01,node,10589906491,,amenity,bicycle_parking,Point,low_value_category,"{""amenity"": ""bicycle_parking"", ""bicycle_parking"": ""stands"", ""capacity"": ""2"", ""covered"": ""no""}"
RAL-01,node,10589906498,,amenity,bicycle_parking,Point,low_value_category,"{""amenity"": ""bicycle_parking"", ""bicycle_parking"": ""stands"", ""capacity"": ""2"", ""covered"": ""no""}"
RAL-01,node,10589906499,,amenity,bicycle_parking,Point,low_value_category,"{""amenity"": ""bicycle_parking"", ""bicycle_parking"": ""stands"", ""capacity"": ""2"", ""covered"": ""no""}"
RAL-01,node,10589906500,,amenity,bicycle_parking,Point,low_value_category,"{""amenity"": ""bicycle_parking"", ""bicycle_parking"": ""stands"", ""capacity"": ""2"", ""covered"": ""no""}"
RAL-01,node,10589906501,,amenity,bicycle_parking,Point,low_value_category,"{""amenity"": ""bicycle_parking"", ""bicycle_parking"": ""stands"", ""capacity"": ""2"", ""covered"": ""no""}"
RAL-01,node,10589906502,,amenity,bicycle_parking,Point,low_value_category,"{""amenity"": ""bicycle_parking"", ""bicycle_parking"": ""stands"", ""capacity"": ""2"", ""covered"": ""no""}"
RAL-01,node,10589906503,,amenity,bicycle_parking,Point,low_value_category,"{""amenity"": ""bicycle_parking"", ""bicycle_parking"": ""stands"", ""capacity"": ""2"", ""covered"": ""no""}"
RAL-01,node,10589906504,,amenity,bicycle_parking,Point,low_value_category,"{""amenity"": ""bicycle_parking"", ""bicycle_parking"": ""stands"", ""capacity"": ""2"", ""covered"": ""no""}"
RAL-01,node,10590020946,,amenity,bicycle_parking,Point,low_value_category,"{""amenity"": ""bicycle_parking"", ""bicycle_parking"": ""stands"", ""capacity"": ""2"", ""covered"": ""no""}"
RAL-01,node,10590020947,,amenity,bicycle_parking,Point,low_value_category,"{""amenity"": ""bicycle_parking"", ""bicycle_parking"": ""stands"", ""capacity"": ""2"", ""covered"": ""no""}"
RAL-01,node,10592149811,,amenity,bicycle_parking,Point,low_value_category,"{""amenity"": ""bicycle_parking"", ""bicycle_parking"": ""stands"", ""capacity"": ""30"", ""covered"": ""yes""}"
RAL-01,node,10592149812,,amenity,bicycle_parking,Point,low_value_category,"{""amenity"": ""bicycle_parking"", ""bicycle_parking"": ""stands"", ""capacity"": ""5"", ""covered"": ""no""}"
RAL-01,node,10592149813,,amenity,bicycle_parking,Point,low_value_category,"{""amenity"": ""bicycle_parking"", ""bicycle_parking"": ""stands"", ""capacity"": ""2"", ""covered"": ""no""}"
RAL-01,node,10592149814,,amenity,bicycle_parking,Point,low_value_category,"{""amenity"": ""bicycle_parking"", ""bicycle_parking"": ""stands"", ""capacity"": ""2"", ""covered"": ""no""}"
RAL-01,node,10592149815,,amenity,bicycle_parking,Point,low_value_category,"{""amenity"": ""bicycle_parking"", ""bicycle_parking"": ""stands"", ""capacity"": ""2"", ""covered"": ""no""}"
RAL-01,node,10601614041,,amenity,bicycle_parking,Point,low_value_category,"{""amenity"": ""bicycle_parking"", ""bicycle_parking"": ""stands"", ""capacity"": ""4"", ""covered"": ""no""}"
RAL-01,node,10601614042,,amenity,bicycle_parking,Point,low_value_category,"{""amenity"": ""bicycle_parking"", ""bicycle_parking"": ""stands"", ""capacity"": ""4"", ""covered"": ""no""}"
RAL-01,node,10601614043,,amenity,bicycle_parking,Point,low_value_category,"{""amenity"": ""bicycle_parking"", ""bicycle_parking"": ""stands"", ""capacity"": ""4"", ""covered"": ""no""}"
RAL-01,node,10601614044,,amenity,bicycle_parking,Point,low_value_category,"{""amenity"": ""bicycle_parking"", ""bicycle_parking"": ""stands"", ""capacity"": ""2"", ""covered"": ""no""}"
RAL-01,node,10601614045,,amenity,bicycle_parking,Point,low_value_category,"{""amenity"": ""bicycle_parking"", ""bicycle_parking"": ""stands"", ""capacity"": ""4"", ""covered"": ""no""}"
RAL-01,node,10601614046,,amenity,bicycle_parking,Point,low_value_category,"{""amenity"": ""bicycle_parking"", ""bicycle_parking"": ""stands"", ""capacity"": ""2"", ""covered"": ""no""}"
RAL-01,node,10601614047,,amenity,bicycle_parking,Point,low_value_category,"{""amenity"": ""bicycle_parking"", ""bicycle_parking"": ""stands"", ""capacity"": ""2"", ""covered"": ""no""}"
RAL-01,node,10601614048,,amenity,bicycle_parking,Point,low_value_category,"{""amenity"": ""bicycle_parking"", ""bicycle_parking"": ""stands"", ""capacity"": ""2"", ""covered"": ""no""}"
RAL-01,node,10601614049,,amenity,bicycle_parking,Point,low_value_category,"{""amenity"": ""bicycle_parking"", ""bicycle_parking"": ""stands"", ""capacity"": ""2"", ""covered"": ""no""}"
RAL-01,node,10601614050,,amenity,bicycle_parking,Point,low_value_category,"{""amenity"": ""bicycle_parking"", ""bicycle_parking"": ""stands"", ""capacity"": ""4"", ""covered"": ""no""}"
RAL-01,node,10601614051,,amenity,bicycle_parking,Point,low_value_category,"{""amenity"": ""bicycle_parking"", ""bicycle_parking"": ""stands"", ""capacity"": ""6"", ""covered"": ""no""}"
RAL-01,node,10601614052,,amenity,bicycle_parking,Point,low_value_category,"{""amenity"": ""bicycle_parking"", ""bicycle_parking"": ""stands"", ""capacity"": ""6"", ""covered"": ""no""}"
RAL-01,node,10601614053,,amenity,bicycle_parking,Point,low_value_category,"{""amenity"": ""bicycle_parking"", ""bicycle_parking"": ""stands"", ""capacity"": ""8"", ""covered"": ""no""}"
RAL-01,node,10601614054,,amenity,bicycle_parking,Point,low_value_category,"{""amenity"": ""bicycle_parking"", ""bicycle_parking"": ""stands"", ""capacity"": ""10"", ""covered"": ""no""}"
RAL-01,node,10601893462,,amenity,bicycle_parking,Point,low_value_category,"{""amenity"": ""bicycle_parking"", ""bicycle_parking"": ""stands"", ""capacity"": ""2"", ""covered"": ""no""}"
RAL-01,node,10601893463,,amenity,bicycle_parking,Point,low_value_category,"{""amenity"": ""bicycle_parking"", ""bicycle_parking"": ""wall_loops"", ""capacity"": ""7"", ""covered"": ""yes""}"
RAL-01,node,10652376975,,amenity,bicycle_parking,Point,low_value_category,"{""amenity"": ""bicycle_parking"", ""bicycle_parking"": ""stands"", ""capacity"": ""4"", ""covered"": ""no""}"
RAL-01,node,10652376976,,amenity,bicycle_parking,Point,low_value_category,"{""amenity"": ""bicycle_parking"", ""bicycle_parking"": ""stands"", ""capacity"": ""8"", ""covered"": ""no""}"
RAL-01,node,10652376977,,amenity,bicycle_parking,Point,low_value_category,"{""amenity"": ""bicycle_parking"", ""bicycle_parking"": ""stands"", ""capacity"": ""2"", ""covered"": ""no""}"
RAL-01,node,10652376978,,amenity,bicycle_parking,Point,low_value_category,"{""amenity"": ""bicycle_parking"", ""bicycle_parking"": ""stands"", ""capacity"": ""2"", ""covered"": ""no""}"
RAL-01,node,10652376979,,amenity,bicycle_parking,Point,low_value_category,"{""amenity"": ""bicycle_parking"", ""bicycle_parking"": ""wall_loops"", ""capacity"": ""7"", ""covered"": ""no""}"
RAL-01,node,10652376980,,amenity,bicycle_parking,Point,low_value_category,"{""amenity"": ""bicycle_parking"", ""bicycle_parking"": ""stands"", ""capacity"": ""10"", ""covered"": ""no""}"
RAL-01,node,10652376981,,amenity,bicycle_parking,Point,low_value_category,"{""amenity"": ""bicycle_parking"", ""bicycle_parking"": ""stands"", ""capacity"": ""4"", ""covered"": ""no""}"
RAL-01,node,10652376982,,amenity,bicycle_repair_station,Point,low_value_category,"{""amenity"": ""bicycle_repair_station"", ""service:bicycle:pump"": ""yes"", ""service:bicycle:stand"": ""yes"", ""service:bicycle:tools"": ""yes""}"
RAL-01,node,10658445576,,amenity,bicycle_parking,Point,low_value_category,"{""amenity"": ""bicycle_parking"", ""bicycle_parking"": ""wall_loops"", ""capacity"": ""7"", ""covered"": ""yes""}"
RAL-01,node,10658445578,,amenity,bicycle_parking,Point,low_value_category,"{""amenity"": ""bicycle_parking"", ""bicycle_parking"": ""wall_loops"", ""capacity"": ""12"", ""covered"": ""yes""}"
RAL-01,node,10658445579,,amenity,bicycle_parking,Point,low_value_category,"{""amenity"": ""bicycle_parking"", ""bicycle_parking"": ""stands"", ""capacity"": ""6"", ""covered"": ""no""}"
RAL-01,node,10658445580,,amenity,bicycle_parking,Point,low_value_category,"{""amenity"": ""bicycle_parking"", ""bicycle_parking"": ""stands"", ""capacity"": ""2"", ""covered"": ""no""}"
RAL-01,node,10658445581,,amenity,bicycle_parking,Point,low_value_category,"{""amenity"": ""bicycle_parking"", ""bicycle_parking"": ""stands"", ""capacity"": ""2"", ""covered"": ""no""}"
RAL-01,node,10658445582,,amenity,bicycle_parking,Point,low_value_category,"{""amenity"": ""bicycle_parking"", ""bicycle_parking"": ""stands"", ""capacity"": ""2"", ""covered"": ""no""}"
RAL-01,node,10658445583,,amenity,bicycle_parking,Point,low_value_category,"{""amenity"": ""bicycle_parking"", ""bicycle_parking"": ""stands"", ""capacity"": ""2"", ""covered"": ""no""}"
RAL-01,node,10658445584,,amenity,bicycle_parking,Point,low_value_category,"{""amenity"": ""bicycle_parking"", ""bicycle_parking"": ""stands"", ""capacity"": ""2"", ""covered"": ""no""}"
RAL-01,node,10658445585,,amenity,bicycle_parking,Point,low_value_category,"{""amenity"": ""bicycle_parking"", ""bicycle_parking"": ""stands"", ""capacity"": ""2"", ""covered"": ""no""}"
RAL-01,node,10731170463,,amenity,bicycle_parking,Point,low_value_category,"{""amenity"": ""bicycle_parking"", ""bicycle_parking"": ""stands"", ""capacity"": ""6"", ""covered"": ""no""}"
RAL-01,node,10822438777,,amenity,parking_entrance,Point,low_value_category,"{""amenity"": ""parking_entrance""}"
RAL-01,node,10822438779,,amenity,parking_entrance,Point,low_value_category,"{""amenity"": ""parking_entrance""}"
RAL-01,node,11024079105,Pelagic Beer & Wine,amenity,bar,Point,retained:named_poi,"{""addr:city"": ""Raleigh"", ""addr:housenumber"": ""300"", ""addr:postcode"": ""27604"", ""addr:state"": ""NC"", ""addr:street"": ""Pace Street"", ""amenity"": ""bar"", ""check_date:currency:XBT"": ""2026-04-08"", ""contact:email"": ""pelagicbeer@gmail.com"", ""contact:instagram"": ""https://www.instagram.com/pelagicbeer"", ""currency:XBT"": ""yes"", ""internet_access"": ""wlan"", ""name"": ""Pelagic Beer & Wine"", ""opening_hours"": ""Mo-Th 15:00-21:00; Fr-Sa 12:00-22:00; Su 13:00-20:00"", ""outdoor_seating"": ""yes"", ""payment:lightning"": ""yes"", ""payment:lightning:operator"": ""square"", ""payment:lightning_contactless"": ""no"", ""payment:onchain"": ""no"", ""phone"": ""+1-919-706-5955"", ""website"": ""https://www.pelagicbeerandwine.com""}"
RAL-01,node,11024123405,Yellow Dog Bread Company,shop,bakery,Point,retained:named_poi,"{""addr:housenumber"": ""219"", ""addr:postcode"": ""27604"", ""addr:street"": ""East Franklin Street"", ""check_date"": ""2026-08-24"", ""check_date:opening_hours"": ""2026-08-24"", ""internet_access"": ""wlan"", ""name"": ""Yellow Dog Bread Company"", ""opening_hours"": ""Tu-Fr 07:00-16:00; Sa 08:00-16:00; Mo,Su off"", ""payment:mastercard"": ""yes"", ""payment:visa"": ""yes"", ""phone"": ""+1 984-232-0291"", ""shop"": ""bakery"", ""website"": ""http://yellowdogbread.com""}"
RAL-01,node,11045427405,Boulted Bread,shop,bakery,Point,retained:named_poi,"{""addr:housenumber"": ""328"", ""addr:postcode"": ""27603"", ""addr:street"": ""Dupont Circle"", ""air_conditioning"": ""yes"", ""name"": ""Boulted Bread"", ""opening_hours"": ""We-Fr 07:00-16:00; Sa-Su 08:00-16:00; Mo-Tu off"", ""payment:cash"": ""yes"", ""payment:contactless"": ""yes"", ""payment:credit_cards"": ""yes"", ""shop"": ""bakery"", ""website"": ""https://boultedbread.com/""}"
RAL-01,node,11061707678,,amenity,parking,Point,low_value_category,"{""amenity"": ""parking""}"
RAL-01,node,11063144127,,amenity,parking,Point,low_value_category,"{""amenity"": ""parking""}"
RAL-01,node,11063619070,,amenity,parking,Point,low_value_category,"{""amenity"": ""parking""}"
RAL-01,node,11063619071,,amenity,parking,Point,low_value_category,"{""amenity"": ""parking""}"
RAL-01,node,11064150318,,amenity,parking_entrance,Point,low_value_category,"{""amenity"": ""parking_entrance""}"
RAL-01,node,11064150323,,amenity,parking_entrance,Point,low_value_category,"{""amenity"": ""parking_entrance""}"
RAL-01,node,11065883743,,amenity,parking_entrance,Point,low_value_category,"{""amenity"": ""parking_entrance""}"
RAL-01,node,11065936980,,amenity,parking,Point,low_value_category,"{""amenity"": ""parking""}"
RAL-01,node,11065936989,,amenity,parking,Point,low_value_category,"{""amenity"": ""parking""}"
RAL-01,node,11065936997,,amenity,parking,Point,low_value_category,"{""amenity"": ""parking""}"
RAL-01,node,11065980571,,amenity,parking_entrance,Point,low_value_category,"{""amenity"": ""parking_entrance""}"
RAL-01,node,11066025926,,amenity,parking,Point,low_value_category,"{""amenity"": ""parking""}"
RAL-01,node,11073426609,,amenity,parking,Point,low_value_category,"{""amenity"": ""parking""}"
RAL-01,node,11073426612,,amenity,parking_entrance,Point,low_value_category,"{""amenity"": ""parking_entrance""}"
RAL-01,node,11146838930,,amenity,parking_entrance,Point,low_value_category,"{""amenity"": ""parking_entrance""}"
RAL-01,node,11170743203,,amenity,parking,Point,low_value_category,"{""amenity"": ""parking""}"
RAL-01,node,11170743210,,amenity,parking,Point,low_value_category,"{""amenity"": ""parking""}"
RAL-01,node,11170752277,,amenity,parking,Point,low_value_category,"{""amenity"": ""parking""}"
RAL-01,node,11170791180,,amenity,parking,Point,low_value_category,"{""amenity"": ""parking""}"
RAL-01,node,11170791182,,amenity,parking,Point,low_value_category,"{""amenity"": ""parking""}"
RAL-01,node,11170791185,,amenity,parking,Point,low_value_category,"{""amenity"": ""parking""}"
RAL-01,node,11191292228,Poyner YMCA,leisure,fitness_centre,Point,retained:named_poi,"{""addr:city"": ""Raleigh"", ""addr:housenumber"": ""227"", ""addr:postcode"": ""27601"", ""addr:state"": ""NC"", ""addr:street"": ""Fayetteville Street"", ""leisure"": ""fitness_centre"", ""name"": ""Poyner YMCA"", ""phone"": ""+1-919-591-2227"", ""website"": ""https://www.ymcatriangle.org/locations/poyner-ymca""}"
RAL-01,node,11191339170,Amitie Macaron Cafe,shop,bakery,Point,retained:named_poi,"{""addr:city"": ""Raleigh"", ""addr:housenumber"": ""230"", ""addr:postcode"": ""27601"", ""addr:state"": ""NC"", ""addr:street"": ""South Wilmington Street"", ""name"": ""Amitie Macaron Cafe"", ""phone"": ""+1-919-615-2023"", ""shop"": ""bakery"", ""website"": ""https://www.amitiemacaron.com/""}"
RAL-01,node,11201061626,,railway,level_crossing,Point,railway_track_infrastructure,"{""railway"": ""level_crossing""}"
RAL-01,node,11229709667,,amenity,parking_entrance,Point,low_value_category,"{""amenity"": ""parking_entrance""}"
RAL-01,node,11274791407,William & Company,amenity,bar,Point,retained:named_poi,"{""addr:city"": ""Raleigh"", ""addr:housenumber"": ""616"", ""addr:postcode"": ""27604"", ""addr:state"": ""NC"", ""addr:street"": ""North Person Street"", ""air_conditioning"": ""yes"", ""amenity"": ""bar"", ""email"": ""info@willcobar.com"", ""indoor_seating"": ""yes"", ""name"": ""William & Company"", ""opening_hours"": ""Mo-Fr 17:00-26:00; Sa-Su 14:00-24:00"", ""outdoor_seating"": ""no"", ""payment:credit_cards"": ""yes"", ""payment:debit_cards"": ""yes"", ""website"": ""https://williamcobar.com"", ""wheelchair"": ""yes""}"
RAL-01,node,11274794692,Custom Engraving & Trophy,shop,trophy,Point,retained:named_poi,"{""addr:city"": ""Raleigh"", ""addr:housenumber"": ""612"", ""addr:postcode"": ""27604"", ""addr:state"": ""NC"", ""addr:street"": ""North Person Street"", ""name"": ""Custom Engraving & Trophy"", ""opening_hours"": ""Mo-Fr 08:30-18:00"", ""payment:credit_cards"": ""yes"", ""payment:debit_cards"": ""yes"", ""phone"": ""+1 919 834 3240"", ""shop"": ""trophy"", ""website"": ""http://www.customengravingandtrophy.com/"", ""wheelchair"": ""yes""}"
RAL-01,node,11274809175,Oakwood Pizza Box,amenity,restaurant,Point,retained:named_poi,"{""addr:city"": ""Raleigh"", ""addr:housenumber"": ""610"", ""addr:postcode"": ""27604"", ""addr:state"": ""NC"", ""addr:street"": ""North Person Street"", ""air_conditioning"": ""yes"", ""amenity"": ""restaurant"", ""contact:facebook"": ""oakwoodpizzabox.nc"", ""contact:instagram"": ""oakwoodpizzabox.nc"", ""contact:twitter"": ""oakwoodpizzabox"", ""cuisine"": ""pizza"", ""email"": ""oakwoodpizzabox@gmail.com"", ""indoor_seating"": ""yes"", ""name"": ""Oakwood Pizza Box"", ""opening_hours"": ""Fr-Su 12:00-21:00; We-Th 17:00-21:00"", ""outdoor_seating"": ""no"", ""payment:credit_cards"": ""yes"", ""payment:debit_cards"": ""yes"", ""phone"": ""+1 919 594 1605"", ""self_service"": ""no"", ""smoking"": ""no"", ""website"": ""https://oakwoodpizzabox.com/"", ""website:menu"": ""https://oakwoodpizzabox.com/pdf/PizzaBox_Menu_Digital.pdf"", ""wheelchair"": ""yes""}"
RAL-01,node,11282458413,,amenity,parking_entrance,Point,low_value_category,"{""amenity"": ""parking_entrance""}"
RAL-01,node,11282458414,,amenity,waste_disposal,Point,low_value_category,"{""amenity"": ""waste_disposal""}"
RAL-01,node,11282458419,,amenity,parking_entrance,Point,low_value_category,"{""amenity"": ""parking_entrance""}"
RAL-01,node,11283746284,Oak City Cycling,shop,bicycle,Point,retained:named_poi,"{""addr:city"": ""Raleigh"", ""addr:country"": ""US"", ""addr:housenumber"": ""707"", ""addr:postcode"": ""27604"", ""addr:state"": ""NC"", ""addr:street"": ""North Person Street"", ""check_date"": ""2026-07"", ""contact:email"": ""squirrely@oakcitycycling.com"", ""name"": ""Oak City Cycling"", ""opening_hours"": ""Tu-Fr 11:00-19:00; Sa 10:00-17:00"", ""payment:cash"": ""yes"", ""payment:credit_cards"": ""yes"", ""payment:debit_cards"": ""yes"", ""phone"": ""+1-919-436-0527"", ""service:bicycle:parking"": ""yes"", ""service:bicycle:rental"": ""no"", ""service:bicycle:repair"": ""yes"", ""service:bicycle:retail"": ""yes"", ""service:bicycle:second_hand"": ""yes"", ""shop"": ""bicycle"", ""website"": ""https://www.oakcitycycling.com/"", ""wheelchair"": ""limited""}"
RAL-01,node,11295970101,Fifi and Talbot,shop,clothes,Point,retained:named_poi,"{""name"": ""Fifi and Talbot"", ""opening_hours"": ""Tu-Sa 10:00-18:00; Su 11:00-16:00"", ""shop"": ""clothes""}"
RAL-01,node,11295980332,Hightide Salon,shop,hairdresser,Point,retained:named_poi,"{""check_date:opening_hours"": ""2023-10-28"", ""female"": ""yes"", ""name"": ""Hightide Salon"", ""opening_hours:signed"": ""no"", ""shop"": ""hairdresser""}"
RAL-01,node,11295993764,Yoga Soullective,leisure,fitness_centre,Point,retained:named_poi,"{""leisure"": ""fitness_centre"", ""name"": ""Yoga Soullective"", ""opening_hours"": ""Su 09:45-20:00; Mo-Th 06:00-20:00; Fr 06:00-17:30; Sa 08:45-12:00"", ""sport"": ""yoga""}"
RAL-01,node,11296003937,Brasco,office,advertising_agency,Point,retained:named_poi,"{""name"": ""Brasco"", ""office"": ""advertising_agency""}"
RAL-01,node,11296027077,Black & White,amenity,cafe,Point,retained:named_poi,"{""amenity"": ""cafe"", ""name"": ""Black & White"", ""opening_hours"": ""Sa 09:00-18:00; Su 11:00-17:00; Mo-Fr 08:00-18:00""}"
RAL-01,node,11296048793,Tuscan Blu,amenity,restaurant,Point,retained:named_poi,"{""amenity"": ""restaurant"", ""check_date:opening_hours"": ""2023-10-28"", ""name"": ""Tuscan Blu"", ""opening_hours:signed"": ""no""}"
RAL-01,node,11298465194,,amenity,bicycle_parking,Point,low_value_category,"{""amenity"": ""bicycle_parking"", ""bicycle_parking"": ""stands"", ""capacity"": ""3"", ""covered"": ""no"", ""fee"": ""no""}"
RAL-01,node,11298465195,,amenity,bicycle_parking,Point,low_value_category,"{""amenity"": ""bicycle_parking"", ""bicycle_parking"": ""stands"", ""capacity"": ""6"", ""covered"": ""no"", ""fee"": ""no""}"
RAL-01,node,11301177049,Chido Taco,amenity,restaurant,Point,retained:named_poi,"{""addr:city"": ""Raleigh"", ""addr:housenumber"": ""555"", ""addr:postcode"": ""27601"", ""addr:state"": ""NC"", ""addr:street"": ""Fayetteville Street"", ""addr:unit"": ""100"", ""air_conditioning"": ""yes"", ""amenity"": ""restaurant"", ""bar"": ""yes"", ""brewery"": ""various"", ""cuisine"": ""mexican"", ""description"": ""Mercado Style Taqueria"", ""drive_through"": ""no"", ""name"": ""Chido Taco"", ""opening_hours"": ""Su-Th 11:00-22:00, Fr,Sa 11:00-24:00"", ""takeaway"": ""yes"", ""website"": ""https://chidotaco.com/""}"
RAL-01,node,11345431690,,amenity,parking,Point,low_value_category,"{""amenity"": ""parking""}"
RAL-01,node,11347528467,,amenity,parking,Point,low_value_category,"{""amenity"": ""parking""}"
RAL-01,node,11380430370,,amenity,waste_disposal,Point,low_value_category,"{""amenity"": ""waste_disposal""}"
RAL-01,node,11384964283,,amenity,parking_entrance,Point,low_value_category,"{""amenity"": ""parking_entrance""}"
RAL-01,node,11384964284,,amenity,parking_entrance,Point,low_value_category,"{""amenity"": ""parking_entrance""}"
RAL-01,node,11390040679,,amenity,vending_machine,Point,low_value_category,"{""amenity"": ""vending_machine"", ""vending"": ""parking_tickets""}"
RAL-01,node,11390147476,Raleigh Memorial Auditorium,amenity,theatre,Point,retained:named_poi,"{""addr:city"": ""Raleigh"", ""addr:housenumber"": ""2"", ""addr:postcode"": ""27601"", ""addr:state"": ""NC"", ""addr:street"": ""East South Street"", ""amenity"": ""theatre"", ""name"": ""Raleigh Memorial Auditorium"", ""phone"": ""+19199968700""}"
RAL-01,node,11395129932,,amenity,parking_entrance,Point,low_value_category,"{""amenity"": ""parking_entrance""}"
RAL-01,node,11395186432,,amenity,parking_entrance,Point,low_value_category,"{""amenity"": ""parking_entrance""}"
RAL-01,node,11395186433,,amenity,parking_entrance,Point,low_value_category,"{""amenity"": ""parking_entrance""}"
RAL-01,node,11395234228,,amenity,parking_entrance,Point,low_value_category,"{""amenity"": ""parking_entrance""}"
RAL-01,node,11484288969,RUMAH,amenity,community_centre,Point,retained:named_poi,"{""addr:housenumber"": ""415, suite 101"", ""addr:postcode"": ""27603"", ""amenity"": ""community_centre"", ""contact:facebook"": ""100091292288720"", ""contact:instagram"": ""raleighunitedmutualaidhub"", ""email"": ""contact.rumah@gmail.com"", ""name"": ""RUMAH"", ""website"": ""https://linktr.ee/raleighunitedmutualaidhub""}"
RAL-01,node,11500412490,Jolie,amenity,restaurant,Point,retained:named_poi,"{""addr:city"": ""Raleigh"", ""addr:housenumber"": ""620"", ""addr:postcode"": ""27604"", ""addr:state"": ""NC"", ""addr:street"": ""North Person Street"", ""amenity"": ""restaurant"", ""cuisine"": ""french"", ""name"": ""Jolie"", ""opening_hours"": ""Tu-Sa 17:00-22:00"", ""phone"": ""+1 919 803 7221"", ""website"": ""https://restaurantjolie.com/""}"
RAL-01,node,11500412491,Cora,amenity,restaurant,Point,retained:named_poi,"{""addr:city"": ""Raleigh"", ""addr:housenumber"": ""701"", ""addr:postcode"": ""27604"", ""addr:state"": ""NC"", ""addr:street"": ""North Person Street"", ""amenity"": ""restaurant"", ""check_date"": ""2026-09-04"", ""check_date:opening_hours"": ""2026-09-04"", ""contact:instagram"": ""CORAKITCHENBAR"", ""cuisine"": ""breakfast;mexican;spanish;tapas"", ""email"": ""info@corakitchenbar.com"", ""name"": ""Cora"", ""opening_hours"": ""Mo-Su 08:00-12:00"", ""phone"": ""+1-919-977-1567"", ""website"": ""https://corakitchenbar.com"", ""website:menu"": ""https://corakitchenbar.com/menu""}"
RAL-01,node,11500412492,Gallicchio's Market and Eatery,amenity,restaurant,Point,retained:named_poi,"{""addr:city"": ""Raleigh"", ""addr:housenumber"": ""702"", ""addr:postcode"": ""27604"", ""addr:state"": ""NC"", ""addr:street"": ""North Person Street"", ""amenity"": ""restaurant"", ""check_date"": ""2026-09-04"", ""contact:instagram"": ""gallicchiosmarket"", ""name"": ""Gallicchio's Market and Eatery""}"
RAL-01,node,11500412493,Standard Beer + Food,amenity,restaurant,Point,retained:named_poi,"{""addr:city"": ""Raleigh"", ""addr:housenumber"": ""205"", ""addr:postcode"": ""27604"", ""addr:state"": ""NC"", ""addr:street"": ""East Franklin Street"", ""amenity"": ""restaurant"", ""name"": ""Standard Beer + Food"", ""opening_hours"": ""Mo-Th 16:00-22:00; Fr 11:30-23:00; Sa 11:00-23:00; Su 11:00-20:30"", ""phone"": ""+1-919-322-1499"", ""website"": ""https://standardbeerandfood.com/""}"
RAL-01,node,11500412494,Krave Kava Bar & Tea Lounge,amenity,bar,Point,retained:named_poi,"{""addr:city"": ""Raleigh"", ""addr:housenumber"": ""709"", ""addr:postcode"": ""27604"", ""addr:state"": ""NC"", ""addr:street"": ""North Person Street"", ""amenity"": ""bar"", ""name"": ""Krave Kava Bar & Tea Lounge"", ""opening_hours"": ""Su-Th 12:00-24:00, Fr,Sa 12:00-01:00"", ""phone"": ""+1 919 408 9596"", ""website"": ""https://www.kravekava.com/"", ""wheelchair"": ""limited""}"
RAL-01,node,11500412495,So & So Books,shop,books,Point,retained:named_poi,"{""addr:city"": ""Raleigh"", ""addr:housenumber"": ""719"", ""addr:postcode"": ""27604"", ""addr:state"": ""NC"", ""addr:street"": ""North Person Street"", ""name"": ""So & So Books"", ""opening_hours"": ""Tu-Fr 10:00-18:00; Sa 10:00-17:00; Su 13:00-17:00"", ""phone"": ""+19194269502"", ""shop"": ""books"", ""website"": ""https://www.soandsobooks.com/"", ""wheelchair"": ""yes""}"
RAL-01,node,11500412496,Flex Nightclub,amenity,bar,Point,retained:named_poi,"{""addr:city"": ""Raleigh"", ""addr:housenumber"": ""615"", ""addr:postcode"": ""27603"", ""addr:state"": ""NC"", ""addr:street"": ""West Hargett Street"", ""amenity"": ""bar"", ""lgbtq"": ""primary"", ""name"": ""Flex Nightclub"", ""smoking"": ""outside"", ""website"": ""https://www.flex-club.com/""}"
RAL-01,node,11540358407,,amenity,parking_entrance,Point,low_value_category,"{""amenity"": ""parking_entrance""}"
RAL-01,node,11621684938,,amenity,parking_entrance,Point,low_value_category,"{""amenity"": ""parking_entrance""}"
RAL-01,node,11643262330,,amenity,parking_entrance,Point,low_value_category,"{""amenity"": ""parking_entrance""}"
RAL-01,node,11643262334,,amenity,parking_entrance,Point,low_value_category,"{""amenity"": ""parking_entrance""}"
RAL-01,node,11643262339,,amenity,parking_entrance,Point,low_value_category,"{""amenity"": ""parking_entrance""}"
RAL-01,node,11643650817,,amenity,parking_entrance,Point,low_value_category,"{""amenity"": ""parking_entrance""}"
RAL-01,node,11643650821,,amenity,parking_entrance,Point,low_value_category,"{""amenity"": ""parking_entrance""}"
RAL-01,node,11663465901,,amenity,parking_entrance,Point,low_value_category,"{""amenity"": ""parking_entrance""}"
RAL-01,node,11663465902,,amenity,parking_entrance,Point,low_value_category,"{""amenity"": ""parking_entrance""}"
RAL-01,node,11680850865,Little Native Coffee Co.,amenity,cafe,Point,retained:named_poi,"{""addr:city"": ""Raleigh"", ""addr:housenumber"": ""426"", ""addr:postcode"": ""27601"", ""addr:state"": ""NC"", ""addr:street"": ""South Person Street"", ""amenity"": ""cafe"", ""cuisine"": ""coffee_shop"", ""internet_access"": ""yes"", ""name"": ""Little Native Coffee Co."", ""opening_hours"": ""Sa-Tu 07:00-17:00; We-Fr 07:00-20:00"", ""outdoor_seating"": ""yes"", ""phone"": ""+1-919-239-4825"", ""website"": ""https://www.drinklittlenative.com"", ""website:menu"": ""http://littlenativecoffee.square.site""}"
RAL-01,node,11680850866,United States Postal Service,amenity,post_box,Point,low_value_category,"{""amenity"": ""post_box"", ""collection_times"": ""Mo-Fr 03:00"", ""operator"": ""United States Postal Service"", ""operator:short"": ""USPS"", ""operator:type"": ""public"", ""operator:website"": ""https://www.usps.com"", ""operator:wikidata"": ""Q668687"", ""operator:wikipedia"": ""en:United States Postal Service"", ""ref"": ""2760100032""}"
RAL-01,node,11742846597,,amenity,parking_entrance,Point,low_value_category,"{""amenity"": ""parking_entrance""}"
RAL-01,node,11742846601,,amenity,parking_entrance,Point,low_value_category,"{""amenity"": ""parking_entrance""}"
RAL-01,node,11742846604,,amenity,parking_entrance,Point,low_value_category,"{""amenity"": ""parking_entrance""}"
RAL-01,node,11742846608,,amenity,parking_entrance,Point,low_value_category,"{""amenity"": ""parking_entrance""}"
RAL-01,node,11805815216,The Davie,amenity,bar,Point,retained:named_poi,"{""addr:city"": ""Raleigh"", ""addr:housenumber"": ""444"", ""addr:postcode"": ""27601"", ""addr:state"": ""NC"", ""addr:street"": ""South Blount Street"", ""addr:unit"": ""101"", ""amenity"": ""bar"", ""brewery"": ""various"", ""min_age"": ""21"", ""name"": ""The Davie""}"
RAL-01,node,11828706834,Fallon's Flowers - Main,shop,florist,Point,retained:named_poi,"{""addr:city"": ""Raleigh"", ""addr:housenumber"": ""700"", ""addr:postcode"": ""27605"", ""addr:state"": ""NC"", ""addr:street"": ""Saint Marys Street"", ""name"": ""Fallon's Flowers - Main"", ""payment:cash"": ""yes"", ""payment:credit_cards"": ""yes"", ""payment:visa"": ""yes"", ""shop"": ""florist""}"
RAL-01,node,11828706835,Peace Street Market,shop,convenience,Point,retained:named_poi,"{""addr:city"": ""Raleigh"", ""addr:housenumber"": ""804"", ""addr:postcode"": ""27605"", ""addr:state"": ""NC"", ""addr:street"": ""West Peace Street"", ""name"": ""Peace Street Market"", ""shop"": ""convenience""}"
RAL-01,node,11833423369,,amenity,bicycle_parking,Point,low_value_category,"{""access"": ""yes"", ""amenity"": ""bicycle_parking"", ""bicycle_parking"": ""stands"", ""capacity"": ""6"", ""covered"": ""yes"", ""indoor"": ""no""}"
RAL-01,node,11833758270,,amenity,bicycle_parking,Point,low_value_category,"{""access"": ""yes"", ""amenity"": ""bicycle_parking"", ""bicycle_parking"": ""stands"", ""capacity"": ""2"", ""covered"": ""no"", ""indoor"": ""no""}"
RAL-01,node,11833758271,,amenity,bicycle_parking,Point,low_value_category,"{""access"": ""yes"", ""amenity"": ""bicycle_parking"", ""bicycle_parking"": ""stands"", ""capacity"": ""2"", ""covered"": ""no"", ""indoor"": ""no""}"
RAL-01,node,11841870874,,amenity,parking_entrance,Point,low_value_category,"{""amenity"": ""parking_entrance""}"
RAL-01,node,11841870887,,amenity,parking_entrance,Point,low_value_category,"{""amenity"": ""parking_entrance""}"
RAL-01,node,11841870890,,amenity,parking_entrance,Point,low_value_category,"{""amenity"": ""parking_entrance""}"
RAL-01,node,11905853978,,amenity,parking_entrance,Point,low_value_category,"{""amenity"": ""parking_entrance""}"
RAL-01,node,11986844634,Tempo by Hilton Raleigh Downtown,tourism,hotel,Point,retained:named_poi,"{""addr:city"": ""Raleigh"", ""addr:housenumber"": ""200"", ""addr:postcode"": ""27601"", ""addr:state"": ""NC"", ""addr:street"": ""West Davie Street"", ""brand"": ""Tempo"", ""brand:wikidata"": ""Q112144357"", ""name"": ""Tempo by Hilton Raleigh Downtown"", ""official_name"": ""Tempo by Hilton"", ""tourism"": ""hotel""}"
RAL-01,node,11986844635,Homewood Suites by Hilton Raleigh Downtown,tourism,hotel,Point,retained:named_poi,"{""addr:city"": ""Raleigh"", ""addr:housenumber"": ""200"", ""addr:postcode"": ""27601"", ""addr:state"": ""NC"", ""addr:street"": ""West Davie Street"", ""brand"": ""Homewood Suites"", ""brand:wikidata"": ""Q5890701"", ""name"": ""Homewood Suites by Hilton Raleigh Downtown"", ""official_name"": ""Homewood Suites by Hilton"", ""tourism"": ""hotel""}"
RAL-01,node,12170784130,,amenity,bench,Point,low_value_category,"{""amenity"": ""bench"", ""backrest"": ""yes"", ""material"": ""plastic""}"
RAL-01,node,12170788306,,amenity,bench,Point,low_value_category,"{""amenity"": ""bench"", ""backrest"": ""yes"", ""material"": ""plastic""}"
RAL-01,node,12170788307,,amenity,bench,Point,low_value_category,"{""amenity"": ""bench"", ""backrest"": ""yes"", ""material"": ""plastic""}"
RAL-01,node,12170788308,,amenity,bench,Point,low_value_category,"{""amenity"": ""bench"", ""backrest"": ""yes"", ""material"": ""plastic""}"
RAL-01,node,12170788309,,amenity,bench,Point,low_value_category,"{""amenity"": ""bench"", ""backrest"": ""yes"", ""material"": ""plastic""}"
RAL-01,node,12170788310,,amenity,bench,Point,low_value_category,"{""amenity"": ""bench"", ""backrest"": ""yes"", ""material"": ""plastic""}"
RAL-01,node,12170788311,,amenity,bench,Point,low_value_category,"{""amenity"": ""bench"", ""backrest"": ""yes"", ""material"": ""plastic""}"
RAL-01,node,12170788312,,amenity,bench,Point,low_value_category,"{""amenity"": ""bench"", ""backrest"": ""yes"", ""material"": ""plastic""}"
RAL-01,node,12170788313,,amenity,bench,Point,low_value_category,"{""amenity"": ""bench"", ""backrest"": ""yes"", ""material"": ""plastic""}"
RAL-01,node,12170788314,,amenity,bench,Point,low_value_category,"{""amenity"": ""bench"", ""backrest"": ""yes"", ""material"": ""plastic""}"
RAL-01,node,12170788315,,amenity,bench,Point,low_value_category,"{""amenity"": ""bench"", ""backrest"": ""yes"", ""material"": ""plastic""}"
RAL-01,node,12170788316,,amenity,bench,Point,low_value_category,"{""amenity"": ""bench"", ""backrest"": ""yes"", ""material"": ""plastic""}"
RAL-01,node,12170788317,,amenity,bench,Point,low_value_category,"{""amenity"": ""bench"", ""backrest"": ""yes"", ""material"": ""plastic""}"
RAL-01,node,12170788318,,amenity,bench,Point,low_value_category,"{""amenity"": ""bench"", ""backrest"": ""yes"", ""material"": ""plastic""}"
RAL-01,node,12170788319,,amenity,waste_basket,Point,low_value_category,"{""amenity"": ""waste_basket"", ""material"": ""plastic"", ""waste"": ""trash""}"
RAL-01,node,12170788320,,amenity,bench,Point,low_value_category,"{""amenity"": ""bench"", ""backrest"": ""yes"", ""material"": ""plastic""}"
RAL-01,node,12170788321,,amenity,bench,Point,low_value_category,"{""amenity"": ""bench"", ""backrest"": ""yes"", ""material"": ""plastic""}"
RAL-01,node,12170788322,,amenity,waste_basket,Point,low_value_category,"{""amenity"": ""waste_basket"", ""material"": ""plastic"", ""waste"": ""trash""}"
RAL-01,node,12170788323,,amenity,bench,Point,low_value_category,"{""amenity"": ""bench"", ""backrest"": ""yes"", ""material"": ""plastic""}"
RAL-01,node,12170788324,,amenity,waste_basket,Point,low_value_category,"{""amenity"": ""waste_basket"", ""material"": ""plastic"", ""waste"": ""trash""}"
RAL-01,node,12170788325,,amenity,bench,Point,low_value_category,"{""amenity"": ""bench"", ""backrest"": ""yes"", ""material"": ""plastic""}"
RAL-01,node,12170788326,,amenity,bench,Point,low_value_category,"{""amenity"": ""bench"", ""backrest"": ""yes"", ""material"": ""plastic""}"
RAL-01,node,12170788327,,amenity,bench,Point,low_value_category,"{""amenity"": ""bench"", ""backrest"": ""yes"", ""material"": ""plastic""}"
RAL-01,node,12170788328,,amenity,bench,Point,low_value_category,"{""amenity"": ""bench"", ""backrest"": ""yes"", ""material"": ""plastic""}"
RAL-01,node,12170788329,,amenity,bench,Point,low_value_category,"{""amenity"": ""bench"", ""backrest"": ""yes"", ""material"": ""plastic""}"
RAL-01,node,12170788330,,amenity,waste_basket,Point,low_value_category,"{""amenity"": ""waste_basket"", ""material"": ""plastic"", ""waste"": ""trash""}"
RAL-01,node,12170788331,,amenity,bench,Point,low_value_category,"{""amenity"": ""bench"", ""backrest"": ""yes"", ""material"": ""plastic""}"
RAL-01,node,12170788332,,amenity,waste_basket,Point,low_value_category,"{""amenity"": ""waste_basket"", ""material"": ""plastic"", ""waste"": ""trash""}"
RAL-01,node,12170788333,,amenity,bench,Point,low_value_category,"{""amenity"": ""bench"", ""backrest"": ""yes"", ""material"": ""plastic""}"
RAL-01,node,12170788334,,amenity,bench,Point,low_value_category,"{""amenity"": ""bench"", ""backrest"": ""yes"", ""material"": ""plastic""}"
RAL-01,node,12170788335,,amenity,bench,Point,low_value_category,"{""amenity"": ""bench"", ""backrest"": ""yes"", ""material"": ""plastic""}"
RAL-01,node,12170788336,,amenity,bench,Point,low_value_category,"{""amenity"": ""bench"", ""backrest"": ""yes"", ""material"": ""plastic""}"
RAL-01,node,12170788337,,amenity,waste_basket,Point,low_value_category,"{""amenity"": ""waste_basket"", ""material"": ""plastic"", ""waste"": ""trash""}"
RAL-01,node,12223563601,Red Bud Writing Project,amenity,school,Point,retained:named_poi,"{""amenity"": ""school"", ""name"": ""Red Bud Writing Project"", ""website"": ""https://www.redbudwriting.org""}"
RAL-01,node,12242169257,HUNT,railway,signal_box,Point,railway_track_infrastructure,"{""location"": ""outdoor"", ""name"": ""HUNT"", ""operator"": ""Norfolk Southern Railway"", ""railway"": ""signal_box"", ""railway:position"": ""mi:81.15"", ""railway:ref"": ""HUNT"", ""railway:signal_box"": ""yes"", ""railway_milepost"": ""NC""}"
RAL-01,node,12242308685,Bad Cat Coffee Co,amenity,cafe,Point,retained:named_poi,"{""addr:floor"": ""G"", ""addr:housenumber"": ""411"", ""addr:street"": ""West Market Street"", ""air_conditioning"": ""yes"", ""amenity"": ""cafe"", ""check_date"": ""2024-10-10"", ""cuisine"": ""coffee_shop;crepe;bagel"", ""level"": ""0"", ""name"": ""Bad Cat Coffee Co"", ""opening_hours"": ""Mo-Th,Su 09:00-22:00; Fr-Sa 09:00-24:00"", ""outdoor_seating"": ""no"", ""payment:cash"": ""yes"", ""payment:credit_cards"": ""yes"", ""payment:debit_cards"": ""yes""}"
RAL-01,node,12242308686,Opa Raleigh,amenity,restaurant,Point,retained:named_poi,"{""addr:floor"": ""G"", ""addr:housenumber"": ""411"", ""addr:street"": ""West Market Street"", ""amenity"": ""restaurant"", ""check_date"": ""2024-10-10"", ""cuisine"": ""greek"", ""level"": ""0"", ""name"": ""Opa Raleigh"", ""payment:cash"": ""yes"", ""payment:credit_cards"": ""yes"", ""payment:debit_cards"": ""yes""}"
RAL-01,node,12242308687,Iyla's Southern Kitchen,amenity,restaurant,Point,retained:named_poi,"{""addr:floor"": ""G"", ""addr:housenumber"": ""411"", ""addr:street"": ""West Market Street"", ""amenity"": ""restaurant"", ""check_date"": ""2024-10-10"", ""cuisine"": ""american"", ""level"": ""0"", ""name"": ""Iyla's Southern Kitchen""}"
RAL-01,node,12242308688,,amenity,atm,Point,unnamed_not_inherently_meaningful,"{""addr:floor"": ""G"", ""addr:housenumber"": ""411"", ""addr:street"": ""West Market Street"", ""amenity"": ""atm"", ""check_date"": ""2024-10-10"", ""currency:USD"": ""yes"", ""drive_through"": ""no"", ""level"": ""0""}"
RAL-01,node,12242532064,BOYLAN,railway,signal_box,Point,railway_track_infrastructure,"{""location"": ""outdoor"", ""name"": ""BOYLAN"", ""operator"": ""Norfolk Southern Railway"", ""railway"": ""signal_box"", ""railway:position"": ""mi:80.8"", ""railway:ref"": ""BOYLAN"", ""railway:signal_box"": ""yes"", ""railway_milepost"": ""NC""}"
RAL-01,node,12242532080,,railway,signal,Point,railway_track_infrastructure,"{""railway"": ""signal"", ""railway:signal:direction"": ""backward""}"
RAL-01,node,12242532083,,railway,signal,Point,railway_track_infrastructure,"{""railway"": ""signal"", ""railway:signal:direction"": ""forward""}"
RAL-01,node,12242532084,SOUTHERN JUNCTION,railway,signal_box,Point,railway_track_infrastructure,"{""location"": ""outdoor"", ""name"": ""SOUTHERN JUNCTION"", ""operator"": ""CSX Transportation"", ""railway"": ""signal_box"", ""railway:position"": ""mi:157.0"", ""railway:ref"": ""SOUTHERN JUNCTION"", ""railway:signal_box"": ""yes"", ""railway_milepost"": ""NC""}"
RAL-01,node,12242532085,,railway,signal,Point,railway_track_infrastructure,"{""railway"": ""signal"", ""railway:signal:direction"": ""backward""}"
RAL-01,node,12242532086,,railway,milestone,Point,unnamed_not_inherently_meaningful,"{""railway"": ""milestone"", ""railway:position"": ""mi:157.0"", ""railway_milepost"": ""S""}"
RAL-01,node,12335972343,,amenity,food_sharing,Point,unnamed_not_inherently_meaningful,"{""amenity"": ""food_sharing"", ""fridge"": ""no"", ""microwave"": ""no""}"
RAL-01,node,12368496501,Daijobu,amenity,restaurant,Point,retained:named_poi,"{""addr:housenumber"": ""170"", ""addr:postcode"": ""27601"", ""addr:street"": ""East Davie Street"", ""amenity"": ""restaurant"", ""cuisine"": ""japanese"", ""name"": ""Daijobu"", ""opening_hours"": ""Tu-Fr 11:30-14:00, Tu-Th 17:00-21:00, Fr,Sa 17:00-21:30; Mo off"", ""website"": ""https://www.daijobu-raleigh.com/"", ""website:menu"": ""https://www.daijobu-raleigh.com/menus""}"
RAL-01,node,12532164503,,amenity,toilets,Point,low_value_category,"{""amenity"": ""toilets"", ""level"": ""4""}"
RAL-01,node,12532274382,,leisure,picnic_table,Point,low_value_category,"{""leisure"": ""picnic_table""}"
RAL-01,node,12558223867,Osprey CFO,office,accountant,Point,retained:named_poi,"{""addr:city"": ""Raleigh"", ""addr:country"": ""US"", ""addr:floor"": ""5"", ""addr:housenumber"": ""1"", ""addr:postcode"": ""27603"", ""addr:state"": ""NC"", ""addr:street"": ""Glenwood Avenue"", ""contact:email"": ""info@ospreycfo.com"", ""contact:linkedin"": ""osprey-cfo"", ""contact:phone"": ""+1 984 382-7841"", ""contact:pinterest"": ""ospreycfonc"", ""contact:website"": ""http://ospreycfo.com"", ""contact:youtube"": ""OspreyCFO"", ""name"": ""Osprey CFO"", ""office"": ""accountant"", ""opening_hours"": ""Mo-Fr 08:00-18:00""}"
RAL-01,node,12564764644,"Hiltzheimer Law Office, PLLC",office,lawyer,Point,retained:named_poi,"{""addr:city"": ""Raleigh"", ""addr:housenumber"": ""19"", ""addr:postcode"": ""27601"", ""addr:state"": ""NC"", ""addr:street"": ""West Hargett Street"", ""addr:unit"": ""Suite 508"", ""contact:avvo"": ""https://www.avvo.com/attorneys/27601-nc-benjamin-hiltzheimer-1896686.html"", ""contact:facebook"": ""hiltzheimerlawoffice"", ""contact:linkedin"": ""bhiltzheimer"", ""contact:twitter"": ""hiltzheimerlaw"", ""email"": ""info@hiltzheimer.com"", ""name"": ""Hiltzheimer Law Office, PLLC"", ""office"": ""lawyer"", ""opening_hours"": ""Mo-Su 08:00-20:00"", ""phone"": ""+1-919-899-9405; +1-919-899-9404"", ""start_date"": ""2011-01-08"", ""website"": ""https://www.hiltzheimer.com/raleigh-criminal-defense/""}"
RAL-01,node,12674019595,Longleaf Swine,amenity,restaurant,Point,retained:named_poi,"{""addr:city"": ""Raleigh"", ""addr:housenumber"": ""300"", ""addr:postcode"": ""27601"", ""addr:state"": ""NC"", ""addr:street"": ""East Edenton Street"", ""air_conditioning"": ""yes"", ""amenity"": ""restaurant"", ""bar"": ""yes"", ""cuisine"": ""barbecue"", ""diet:meat"": ""yes"", ""name"": ""Longleaf Swine"", ""opening_hours"": ""We-Th 11:00-21:00; Fr-Sa 11:00-22:00; Su 11:00-21:00"", ""phone"": ""+1-984-200-9649"", ""website"": ""https://longleafswine.com""}"
RAL-01,node,12677423101,LaGana Burgers,amenity,fast_food,Point,retained:named_poi,"{""addr:city"": ""Raleigh"", ""addr:housenumber"": ""911"", ""addr:postcode"": ""27603"", ""addr:state"": ""NC"", ""addr:street"": ""North West Street"", ""addr:unit"": ""105"", ""amenity"": ""fast_food"", ""cuisine"": ""burger"", ""diet:meat"": ""yes"", ""drive_through"": ""no"", ""name"": ""LaGana Burgers"", ""opening_hours"": ""Tu-Sa 11:30-14:30,17:00-20:00"", ""phone"": ""+1-919-664-0380"", ""website"": ""https://lagana.toast.site/order""}"
RAL-01,node,12708712747,,amenity,bench,Point,low_value_category,"{""amenity"": ""bench""}"
RAL-01,node,12817372201,Thairapy 101 Salon,shop,hairdresser,Point,retained:named_poi,"{""addr:city"": ""Raleigh"", ""addr:housenumber"": ""222 #125"", ""addr:postcode"": ""27603"", ""addr:state"": ""NC"", ""addr:street"": ""Glenwood Avenue"", ""addr:unit"": ""125"", ""name"": ""Thairapy 101 Salon"", ""opening_hours"": ""Mo-Fr 10:00-20:00; Sa 10:00-15:00"", ""phone"": ""+1-919-977-8447"", ""shop"": ""hairdresser"", ""website"": ""http://www.thairapy101-raleigh.com/services/""}"
RAL-01,node,12854873144,Artisan Flooring of NC,craft,floorer,Point,retained:named_poi,"{""addr:city"": ""Raleigh"", ""addr:housenumber"": ""215"", ""addr:postcode"": ""27603"", ""addr:state"": ""NC"", ""addr:street"": ""North West Street"", ""addr:unit"": ""128"", ""contact:linkedin"": ""https://www.linkedin.com/company/artisan-flooring-of-nc/"", ""contact:phone"": ""+1-919-291-4044"", ""contact:pinterest"": ""https://www.pinterest.com/artisanflooringofnc23/"", ""contact:website"": ""https://www.artisanflooringofnc.com"", ""craft"": ""floorer"", ""name"": ""Artisan Flooring of NC""}"
RAL-01,node,12976065101,Arch Insurance - Corporate Office,office,insurance,Point,retained:named_poi,"{""addr:housenumber"": ""229"", ""addr:street"": ""South West Street"", ""name"": ""Arch Insurance - Corporate Office"", ""office"": ""insurance""}"
RAL-01,node,13030096288,Domino's,amenity,fast_food,Point,retained:named_poi,"{""amenity"": ""fast_food"", ""brand"": ""Domino's"", ""brand:wikidata"": ""Q839466"", ""cuisine"": ""pizza"", ""name"": ""Domino's"", ""takeaway"": ""yes""}"
RAL-01,node,13065226301,The Bike Library Storefront,shop,coffee,Point,retained:named_poi,"{""addr:housenumber"": ""600"", ""addr:postcode"": ""27603"", ""addr:street"": ""Dupont Circle"", ""contact:instagram"": ""the.bike.library"", ""email"": ""info@thebikelibrary.com"", ""name"": ""The Bike Library Storefront"", ""opening_hours"": ""Mo 07:00-17:00; Tu-Fr 07:00-18:00; Sa-Su 08:00-18:00"", ""phone"": ""+1-919-322-2991"", ""shop"": ""coffee"", ""website"": ""https://thebikelibrary.com/""}"
RAL-01,node,13068119759,,amenity,parking_entrance,Point,low_value_category,"{""amenity"": ""parking_entrance""}"
RAL-01,node,13196229727,,amenity,bench,Point,low_value_category,"{""amenity"": ""bench"", ""backrest"": ""yes""}"
RAL-01,node,13196236748,,historic,memorial,Point,unnamed_not_inherently_meaningful,"{""historic"": ""memorial"", ""memorial"": ""war_memorial""}"
RAL-01,node,13196253458,,tourism,artwork,Point,unnamed_not_inherently_meaningful,"{""artwork_type"": ""sculpture"", ""tourism"": ""artwork""}"
RAL-01,node,13232814409,Vino,amenity,bar,Point,retained:named_poi,"{""addr:city"": ""Raleigh"", ""addr:housenumber"": ""606"", ""addr:postcode"": ""27603"", ""addr:state"": ""NC"", ""addr:street"": ""Gaston Street"", ""amenity"": ""bar"", ""name"": ""Vino"", ""opening_hours"": ""Su 09:00-22:00, Mo-Fr 10:00-22:00, Sa 10:00-23:00""}"
RAL-01,node,13280119123,The Shingle Master,craft,roofer,Point,retained:named_poi,"{""addr:city"": ""Raleigh"", ""addr:housenumber"": ""509"", ""addr:postcode"": ""27603"", ""addr:state"": ""NC"", ""addr:street"": ""West North Street"", ""contact:facebook"": ""https://www.facebook.com/theshinglemaster"", ""craft"": ""roofer"", ""name"": ""The Shingle Master"", ""opening_hours"": ""Mo-Su 07:00-21:00"", ""phone"": ""+1 919-372-0685"", ""start_date"": ""2010"", ""website"": ""https://www.theshinglemaster.com/""}"
RAL-01,node,13507725473,Wake Relief,amenity,social_facility,Point,retained:named_poi,"{""addr:city"": ""Raleigh"", ""addr:housenumber"": ""4"", ""addr:postcode"": ""27601"", ""addr:state"": ""NC"", ""addr:street"": ""North Blount Street"", ""amenity"": ""social_facility"", ""name"": ""Wake Relief"", ""opening_hours"": ""Mo-Tu 13:00-15:00; We 10:00-12:00"", ""phone"": ""+19193078748"", ""social_facility"": ""food_bank"", ""website"": ""https://wakerelief.org/""}"
RAL-01,node,13507725474,North Carolina Department of Public Safety,office,government,Point,retained:named_poi,"{""addr:city"": ""Raleigh"", ""addr:housenumber"": ""214"", ""addr:postcode"": ""27601"", ""addr:state"": ""NC"", ""addr:street"": ""West Jones Street"", ""name"": ""North Carolina Department of Public Safety"", ""office"": ""government"", ""phone"": ""+19197163800"", ""website"": ""https://www.nc.gov/""}"
RAL-01,node,13507725475,North Carolina Vital Records,office,government,Point,retained:named_poi,"{""addr:city"": ""Raleigh"", ""addr:housenumber"": ""255"", ""addr:postcode"": ""27601"", ""addr:state"": ""NC"", ""addr:street"": ""North McDowell Street"", ""name"": ""North Carolina Vital Records"", ""office"": ""government"", ""opening_hours"": ""Mo-Fr 08:00-17:00"", ""phone"": ""+19197333000"", ""website"": ""https://vitalrecords.nc.gov/""}"
RAL-01,node,13531358494,Blue Chip Window & Door,craft,window_construction,Point,retained:named_poi,"{""addr:city"": ""Raleigh"", ""addr:housenumber"": ""509"", ""addr:postcode"": ""27603"", ""addr:state"": ""NC"", ""addr:street"": ""West North Street"", ""contact:facebook"": ""PromiseHomeProjects"", ""contact:instagram"": ""bluechipbuilds"", ""contact:pinterest"": ""bluechipbuilds"", ""craft"": ""window_construction"", ""email"": ""info@bluechipbuilds.com"", ""name"": ""Blue Chip Window & Door"", ""opening_hours"": ""08:00-17:00"", ""operator"": ""Joseph Hooker"", ""phone"": ""+1-919-296-5966"", ""website"": ""https://www.bluechipbuilds.com""}"
RAL-01,node,13544480941,Watts & Ward,amenity,bar,Point,retained:named_poi,"{""addr:city"": ""Raleigh"", ""addr:housenumber"": ""200"", ""addr:postcode"": ""27601"", ""addr:state"": ""NC"", ""addr:street"": ""South Blount Street"", ""amenity"": ""bar"", ""min_age"": ""21"", ""name"": ""Watts & Ward"", ""opening_hours"": ""Tu-Sa 16:00-02:00; Su 14:00-00:00"", ""phone"": ""+19198968016"", ""website"": ""http://wattsandward.com/""}"
RAL-01,node,13544497320,City Market Sushi,amenity,restaurant,Point,retained:named_poi,"{""addr:city"": ""Raleigh"", ""addr:housenumber"": ""315"", ""addr:postcode"": ""27601"", ""addr:state"": ""NC"", ""addr:street"": ""Blake Street"", ""amenity"": ""restaurant"", ""cuisine"": ""sushi"", ""name"": ""City Market Sushi"", ""phone"": ""+19193221987"", ""website"": ""http://citymarketsushi.com/""}"
RAL-01,node,13603089130,Anise Pho,amenity,restaurant,Point,retained:named_poi,"{""addr:city"": ""Raleigh"", ""addr:housenumber"": ""222"", ""addr:postcode"": ""27603"", ""addr:state"": ""NC"", ""addr:street"": ""Glenwood Avenue"", ""addr:unit"": ""113"", ""amenity"": ""restaurant"", ""cuisine"": ""vietnamese"", ""diet:vegan"": ""yes"", ""name"": ""Anise Pho"", ""opening_hours"": ""Mo-Th 11:00-21:00; Fr-Su 11:00-22:00"", ""phone"": ""+19198034539"", ""website"": ""https://anisepho.com/""}"
RAL-01,node,13603089131,District,amenity,bar,Point,retained:named_poi,"{""addr:city"": ""Raleigh"", ""addr:housenumber"": ""222"", ""addr:postcode"": ""27603"", ""addr:state"": ""NC"", ""addr:street"": ""Glenwood Avenue"", ""addr:unit"": ""109"", ""amenity"": ""bar"", ""name"": ""District""}"
RAL-01,node,13603089132,Wonderland Kitchen & Cocktails,amenity,restaurant,Point,retained:named_poi,"{""addr:city"": ""Raleigh"", ""addr:housenumber"": ""222"", ""addr:postcode"": ""27603"", ""addr:state"": ""NC"", ""addr:street"": ""Glenwood Avenue"", ""amenity"": ""restaurant"", ""cuisine"": ""mexican"", ""name"": ""Wonderland Kitchen & Cocktails""}"
RAL-01,node,13603134935,Ziba’s Kitchen,amenity,restaurant,Point,retained:named_poi,"{""addr:city"": ""Raleigh"", ""addr:housenumber"": ""215"", ""addr:postcode"": ""27603"", ""addr:state"": ""NC"", ""addr:street"": ""Glenwood Avenue"", ""amenity"": ""restaurant"", ""name"": ""Ziba’s Kitchen"", ""phone"": ""+13365588425""}"
RAL-01,node,13603163221,DeMos Pizzeria & Deli,amenity,restaurant,Point,retained:named_poi,"{""addr:city"": ""Raleigh"", ""addr:housenumber"": ""222"", ""addr:postcode"": ""27603"", ""addr:state"": ""NC"", ""addr:street"": ""Glenwood Avenue"", ""addr:unit"": ""121"", ""amenity"": ""restaurant"", ""cuisine"": ""pizza"", ""name"": ""DeMos Pizzeria & Deli"", ""opening_hours"": ""Tu-Th 11:00-21:00; Fr-Sa 11:00-02:30; Su 12:00-21:00"", ""phone"": ""+19197541050"", ""website"": ""https://www.demospizzeriadeli.com/""}"
RAL-01,node,13622952915,Synaptiq Psychiatry,healthcare,doctor,Point,retained:named_poi,"{""addr:city"": ""Raleigh"", ""addr:housenumber"": ""127"", ""addr:postcode"": ""27601-1393"", ""addr:state"": ""NC"", ""addr:street"": ""West Hargett Street"", ""amenity"": ""doctors"", ""check_date"": ""2026-03-06"", ""contact:email"": ""support@synaptiqpsych.com"", ""currency:XBT"": ""yes"", ""healthcare"": ""doctor"", ""healthcare:speciality"": ""psychiatry"", ""name"": ""Synaptiq Psychiatry"", ""opening_hours"": ""Mo-Su 08:00-20:00"", ""payment:lightning"": ""yes"", ""payment:lightning:operator"": ""square"", ""payment:lightning_contactless"": ""no"", ""payment:onchain"": ""no"", ""phone"": ""+1-919-213-9015"", ""website"": ""https://synaptiqpsychiatry.com/""}"
RAL-01,node,13655683154,"The Law Office of Christopher R. Detwiler, PLLC",office,lawyer,Point,retained:named_poi,"{""addr:city"": ""Raleigh"", ""addr:housenumber"": ""434"", ""addr:postcode"": ""27601"", ""addr:state"": ""NC"", ""addr:street"": ""Fayetteville Street"", ""addr:unit"": ""Suite 1840"", ""contact:facebook"": ""bancowoficial"", ""contact:linkedin"": ""carleene-detwiler-ctm-2a39ab9"", ""name"": ""The Law Office of Christopher R. Detwiler, PLLC"", ""office"": ""lawyer"", ""opening_hours"": ""24/7"", ""payment:cash"": ""yes"", ""payment:cheque"": ""yes"", ""payment:credit_cards"": ""yes"", ""phone"": ""+1-919-526-7545"", ""website"": ""https://detwilerlaw.com/""}"
RAL-01,node,13659913892,Raleigh Union Station Bus Facility,amenity,bus_station,Point,retained:named_poi,"{""addr:city"": ""Raleigh"", ""addr:housenumber"": ""525"", ""addr:postcode"": ""27603"", ""addr:state"": ""NC"", ""addr:street"": ""West Hargett Street"", ""amenity"": ""bus_station"", ""bus"": ""yes"", ""name"": ""Raleigh Union Station Bus Facility"", ""network"": ""GoTriangle"", ""operator"": ""GoTriangle"", ""public_transport"": ""station"", ""website"": ""https://gotriangle.org/""}"
RAL-01,node,13706304622,Side Quest Game Lounge + Bar,amenity,bar,Point,retained:named_poi,"{""addr:city"": ""Raleigh"", ""addr:housenumber"": ""317"", ""addr:postcode"": ""27601"", ""addr:state"": ""NC"", ""addr:street"": ""West Morgan Street"", ""addr:unit"": ""113"", ""amenity"": ""bar"", ""description"": ""Lounge with chill vibes offering a variety of board games to enjoy and space for board and card game groups to meet. Offers beer, cocktails, mocktails, as well as soft drinks and teas. Limited snack menu also available."", ""min_age"": ""21"", ""name"": ""Side Quest Game Lounge + Bar"", ""opening_hours"": ""Mo-Th 17:00-23:00; Fr 17:00-24:00; Sa 12:00-24:00; Su 12:00-20:00"", ""payment:contactless"": ""yes"", ""payment:credit_cards"": ""yes"", ""payment:debit_cards"": ""yes"", ""phone"": ""+1-919-977-5009"", ""website"": ""http://sidequestgameloungeandbar.com/""}"
RAL-01,node,13759005004,"Unleashed, the Dog & Cat Store",shop,pet,Point,retained:named_poi,"{""addr:city"": ""Raleigh"", ""addr:housenumber"": ""329"", ""addr:postcode"": ""27601-1801"", ""addr:state"": ""NC"", ""addr:street"": ""Blake Street"", ""check_date"": ""2026-04-24"", ""contact:email"": ""info@unleashedmutt.com"", ""contact:facebook"": ""https://www.facebook.com/unleashedcitymarket"", ""contact:instagram"": ""https://www.instagram.com/unleashed_community"", ""contact:phone"": ""+1-919-977-6529"", ""currency:XBT"": ""yes"", ""name"": ""Unleashed, the Dog & Cat Store"", ""not:brand:wikidata"": ""Q62122874"", ""opening_hours"": ""Mo-Sa 10:00-20:00; Su 10:00-18:00"", ""payment:lightning"": ""yes"", ""payment:lightning:operator"": ""square"", ""payment:lightning_contactless"": ""no"", ""payment:onchain"": ""no"", ""shop"": ""pet"", ""website"": ""https://www.unleashedmutt.com""}"
RAL-01,node,13785760340,Raleigh Lace Museum and Kristin S Conrad Lace Center,tourism,museum,Point,retained:named_poi,"{""addr:city"": ""Raleigh"", ""addr:housenumber"": ""133"", ""addr:postcode"": ""27601"", ""addr:state"": ""NC"", ""addr:street"": ""Fayetteville Street"", ""charge"": ""5 USD"", ""fee"": ""yes"", ""level"": ""1"", ""name"": ""Raleigh Lace Museum and Kristin S Conrad Lace Center"", ""opening_hours"": ""Tu-Sa 10:00-17:00"", ""operator"": ""Kristen S Conrad Lace Center Foundation"", ""phone"": ""+19195941861"", ""tourism"": ""museum"", ""website"": ""https://www.ksclcfoundation.org/museum-IX.php""}"
RAL-01,node,13785804101,Ammi's Dessert Boutique and Chai House,amenity,cafe,Point,retained:named_poi,"{""addr:housenumber"": ""111"", ""addr:postcode"": ""27604"", ""addr:street"": ""Seaboard Avenue"", ""amenity"": ""cafe"", ""check_date"": ""2026-05-01"", ""check_date:opening_hours"": ""2026-05-01"", ""internet_access"": ""wlan"", ""name"": ""Ammi's Dessert Boutique and Chai House"", ""opening_hours"": ""Fr-Sa 11:00-22:00; Su, Tu-Th 11:00-21:00"", ""phone"": ""+1-919-322-0619"", ""website"": ""https://ammisnc.com/""}"
RAL-01,node,13879237701,Tin Roof,amenity,bar,Point,retained:named_poi,"{""addr:housenumber"": ""300"", ""addr:postcode"": ""27603"", ""addr:street"": ""Glenwood Avenue"", ""amenity"": ""bar"", ""name"": ""Tin Roof"", ""opening_hours"": ""Su, Tu 16:00-00:00; We-Sa 16:00-02:00"", ""phone"": ""+1-919-322-2333"", ""website"": ""https://tinroofraleigh.com/""}"
RAL-01,node,13944143901,Mustang House,amenity,restaurant,Point,retained:named_poi,"{""addr:housenumber"": ""411"", ""addr:postcode"": ""27601"", ""addr:street"": ""Fayetteville Street"", ""addr:unit"": ""109"", ""amenity"": ""restaurant"", ""contact:facebook"": ""mustanghousenc"", ""contact:instagram"": ""mustanghousenc"", ""cuisine"": ""nepalese"", ""name"": ""Mustang House"", ""opening_hours"": ""Mo-Th 10:30-21:45; Fr 10:30-21:40; Sa 10:30-21:45"", ""phone"": ""+1-919-758-8759"", ""website"": ""http://mustanghouseraleigh.com""}"
RAL-01,node,13949999004,Wake County Register of Deeds,office,government,Point,retained:named_poi,"{""addr:street"": ""300 S Salsbury St."", ""description"": ""Located inside the County Courthouse, on the far eastern side. Passport services and marriage services are possible here, among others."", ""name"": ""Wake County Register of Deeds"", ""office"": ""government"", ""opening_hours"": ""Mo-Fr 08:30-17:00"", ""phone"": ""+1-919-856-5460"", ""website"": ""https://www.wake.gov/departments-government/register-deeds""}"
RAL-01,node,14042090054,The Bike Library,amenity,cafe,Point,retained:named_poi,"{""amenity"": ""cafe"", ""check_date"": ""2026-07"", ""email"": ""info@thebikelibrary.com"", ""name"": ""The Bike Library"", ""opening_hours"": ""Mo-Fr 07:00-17:00; Sa-Su 08:00-17:00"", ""opening_hours:sales"": ""Tu-Sa 10:00-17:00"", ""phone"": ""+1-919-322-2991"", ""service:bicycle:repair"": ""yes"", ""service:bicycle:retail"": ""yes"", ""shop"": ""bicycle"", ""website"": ""https://thebikelibrary.com/""}"
RAL-01,node,14046279601,Veloce Italian Market,amenity,fast_food,Point,retained:named_poi,"{""addr:housenumber"": ""443"", ""addr:postcode"": ""27601"", ""addr:street"": ""Fayetteville Street"", ""amenity"": ""fast_food"", ""check_date"": ""2026-07-24"", ""check_date:opening_hours"": ""2026-07-24"", ""contact:instagram"": ""veloce_italian_market"", ""cuisine"": ""italian"", ""name"": ""Veloce Italian Market"", ""opening_hours"": ""Mo-Sa 11:00-20:00"", ""phone"": ""+1 919-307-3703"", ""website"": ""https://velocemarketnc.com/""}"
RAL-01,node,14108194127,Wright Brothers Electric Co.,craft,electrician,Point,retained:named_poi,"{""addr:city"": ""Raleigh"", ""addr:housenumber"": ""711"", ""addr:postcode"": ""27604"", ""addr:state"": ""NC"", ""addr:street"": ""North Person Street"", ""craft"": ""electrician"", ""name"": ""Wright Brothers Electric Co.""}"
RAL-01,node,14108194128,Courtland and Cait Fabrics,shop,fabric,Point,retained:named_poi,"{""addr:city"": ""Raleigh"", ""addr:housenumber"": ""713"", ""addr:postcode"": ""27604"", ""addr:state"": ""NC"", ""addr:street"": ""North Person Street"", ""name"": ""Courtland and Cait Fabrics"", ""opening_hours"": ""Tu-Fr 10:00-18:00; Sa 10:00-17:00"", ""phone"": ""+1 919 218 5558"", ""shop"": ""fabric"", ""wheelchair"": ""yes""}"
RAL-01,node,14108194129,Molly's Wax Shop,shop,beauty,Point,retained:named_poi,"{""addr:city"": ""Raleigh"", ""addr:housenumber"": ""715"", ""addr:postcode"": ""27604"", ""addr:state"": ""NC"", ""addr:street"": ""North Person Street"", ""name"": ""Molly's Wax Shop"", ""opening_hours"": ""Tu-Fr 11:30-16:00; Sa 12:00-16:00"", ""shop"": ""beauty"", ""wheelchair"": ""yes""}"
RAL-01,node,14108194130,The Bird's Nest Beauty Parlor,shop,beauty,Point,retained:named_poi,"{""addr:city"": ""Raleigh"", ""addr:housenumber"": ""715"", ""addr:postcode"": ""27604"", ""addr:state"": ""NC"", ""addr:street"": ""North Person Street"", ""name"": ""The Bird's Nest Beauty Parlor"", ""opening_hours"": ""Th,Fr 10:00-19:00; Sa 10:00-17:00"", ""shop"": ""beauty"", ""wheelchair"": ""yes""}"
RAL-01,node,14110970041,In Situ Studio,office,architect,Point,retained:named_poi,"{""name"": ""In Situ Studio"", ""office"": ""architect""}"
RAL-01,node,14110970061,Han-Dee Hugo's,shop,convenience,Point,retained:named_poi,"{""addr:city"": ""Raleigh"", ""addr:housenumber"": ""540"", ""addr:postcode"": ""27604"", ""addr:state"": ""NC"", ""addr:street"": ""North Person Street"", ""name"": ""Han-Dee Hugo's"", ""opening_hours"": ""Mo-Su 06:00-23:00"", ""phone"": ""+1 919 828 2100"", ""shop"": ""convenience"", ""website"": ""http://www.hhugos.com/"", ""wheelchair"": ""yes""}"
RAL-01,node,14111037235,Edge Of Urge,shop,clothes,Point,retained:named_poi,"{""name"": ""Edge Of Urge"", ""opening_hours"": ""Su,Mo 12:00-17:00; Tu-Th 11:00-18:00; Fr,Sa 11:00-19:00"", ""shop"": ""clothes""}"
RAL-01,node,14127688079,,amenity,parking_entrance,Point,low_value_category,"{""amenity"": ""parking_entrance""}"
RAL-01,node,14138737101,Kokoro Ramen & Izakaya,amenity,restaurant,Point,retained:named_poi,"{""addr:housenumber"": ""200"", ""addr:postcode"": ""27601"", ""addr:street"": ""East Martin Street"", ""amenity"": ""restaurant"", ""cuisine"": ""japanese;ramen"", ""email"": ""kokororamennc@gmail.com"", ""name"": ""Kokoro Ramen & Izakaya"", ""opening_hours"": ""Su 12:00-20:30; Tu-Th 11:30-14:30, 17:00-21:00; Fr 11:30-14:30, 17:00-21:45; Sa 12:00-21:45"", ""phone"": ""+1-919-900-7099"", ""self_service"": ""no"", ""website"": ""http://kokororamennc.com"", ""website:menu"": ""https://kokororamennc.smiledining.com/?2026080501""}"
RAL-01,node,14164692831,La Mala,amenity,bar,Point,retained:named_poi,"{""addr:city"": ""Raleigh"", ""addr:housenumber"": ""126"", ""addr:postcode"": ""27603"", ""addr:state"": ""NC"", ""addr:street"": ""North West Street"", ""amenity"": ""bar"", ""name"": ""La Mala""}"
RAL-01,node,14164692832,The Brass Tap,amenity,pub,Point,retained:named_poi,"{""addr:city"": ""Raleigh"", ""addr:housenumber"": ""16"", ""addr:postcode"": ""27603"", ""addr:state"": ""NC"", ""addr:street"": ""North West Street"", ""amenity"": ""pub"", ""brand"": ""The Brass Tap"", ""brand:wikidata"": ""Q64358002"", ""cuisine"": ""american"", ""name"": ""The Brass Tap""}"
RAL-01,node,14164692833,"Press Coffee, Crepes & Cocktails",amenity,cafe,Point,retained:named_poi,"{""addr:city"": ""Raleigh"", ""addr:housenumber"": ""400"", ""addr:postcode"": ""27603"", ""addr:state"": ""NC"", ""addr:street"": ""Hillsborough Street"", ""amenity"": ""cafe"", ""cuisine"": ""crepe;coffee_shop;brunch"", ""name"": ""Press Coffee, Crepes & Cocktails"", ""outdoor_seating"": ""yes""}"
RAL-01,node,14227731190,Jubala Coffee,amenity,cafe,Point,retained:named_poi,"{""addr:city"": ""Raleigh"", ""addr:housenumber"": ""301"", ""addr:postcode"": ""27603"", ""addr:state"": ""NC"", ""addr:street"": ""Hillsborough Street"", ""addr:unit"": ""Suite 120"", ""amenity"": ""cafe"", ""cuisine"": ""coffee_shop"", ""name"": ""Jubala Coffee"", ""opening_hours"": ""Mo-Su,PH 07:00-17:00"", ""outdoor_seating"": ""yes"", ""phone"": ""+1 919-913-0535"", ""website"": ""https://www.jubalacoffee.com/""}"
RAL-01,node,14232394211,NC Hemp Shoppe,shop,cannabis,Point,retained:named_poi,"{""addr:floor"": ""G"", ""addr:housenumber"": ""609"", ""addr:street"": ""Glenwood Avenue"", ""check_date"": ""2026-09-29"", ""level"": ""0"", ""name"": ""NC Hemp Shoppe"", ""opening_hours"": ""Mo-We,Su 10:00-23:00; Th 10:00-01:00; Fr-Sa 10:00-03:00"", ""shop"": ""cannabis""}"
RAL-01,node,14232394212,Vidrio,amenity,restaurant,Point,retained:named_poi,"{""addr:housenumber"": ""500"", ""addr:street"": ""Glenwood Ave"", ""amenity"": ""restaurant"", ""check_date"": ""2026-09-29"", ""cuisine"": ""moroccan"", ""diet:dairy_free"": ""yes"", ""diet:gluten_free"": ""yes"", ""diet:meat"": ""yes"", ""diet:vegetarian"": ""yes"", ""name"": ""Vidrio"", ""opening_hours"": ""Mo-Th,Su 16:00-22:00; Fr-Sa 16:00-23:00""}"
RAL-01,node,14232394213,Dogwood Bar & Eatery,amenity,bar,Point,retained:named_poi,"{""addr:housenumber"": ""610"", ""addr:street"": ""Glenwood Avenue"", ""amenity"": ""bar"", ""check_date"": ""2026-09-29"", ""name"": ""Dogwood Bar & Eatery""}"
RAL-01,node,14232394214,Gladwell Orthodontics,healthcare,dentist,Point,retained:named_poi,"{""addr:housenumber"": ""510"", ""addr:street"": ""Glenwood Ave"", ""addr:unit"": ""100"", ""amenity"": ""dentist"", ""check_date"": ""2026-09-29"", ""healthcare"": ""dentist"", ""healthcare:speciality"": ""orthodontics"", ""name"": ""Gladwell Orthodontics"", ""phone"": ""+1 919-453-6325"", ""website"": ""https://gladwellorthodontics.com""}"
RAL-01,node,14235320389,"Marcilliat & Mills, PLLC",office,lawyer,Point,retained:named_poi,"{""addr:city"": ""Raleigh"", ""addr:housenumber"": ""19"", ""addr:postcode"": ""27601"", ""addr:state"": ""NC"", ""addr:street"": ""W Hargett St"", ""addr:unit"": ""700"", ""name"": ""Marcilliat & Mills, PLLC"", ""office"": ""lawyer"", ""opening_hours"": ""24/7"", ""phone"": ""+1-919-838-6643"", ""website"": ""https://nclawteam.com/raleigh-criminal-defense-attorney/sex-crimes/""}"
RAL-01,node,14237645728,Alcohol Rehab Raleigh,healthcare,rehabilitation,Point,retained:named_poi,"{""addr:city"": ""Raleigh"", ""addr:housenumber"": ""421"", ""addr:postcode"": ""27601"", ""addr:state"": ""NC"", ""addr:street"": ""Fayetteville Street"", ""addr:unit"": ""1100"", ""email"": ""contact@alcoholrehabraleigh.com"", ""healthcare"": ""rehabilitation"", ""healthcare:speciality"": ""alcohol_rehab_facilities;mental_health_counseling"", ""name"": ""Alcohol Rehab Raleigh"", ""opening_hours"": ""00:00-24:00 open"", ""phone"": ""+1-828-440-4650"", ""website"": ""http://alcoholrehabraleigh.com/""}"
RAL-01,way,33105825,Halifax Park,leisure,park,Point,representative_point_outside_region,"{""access"": ""yes"", ""leisure"": ""park"", ""name"": ""Halifax Park"", ""ownership"": ""municipal"", ""source"": ""NCOnemap""}"
RAL-01,way,33106140,Nash Square,leisure,park,Point,retained:named_poi,"{""access"": ""yes"", ""leisure"": ""park"", ""name"": ""Nash Square"", ""ownership"": ""municipal"", ""source"": ""NCOnemap""}"
RAL-01,way,33106144,Moore Square,leisure,park,Point,retained:named_poi,"{""access"": ""yes"", ""leisure"": ""park"", ""name"": ""Moore Square"", ""ownership"": ""municipal"", ""source"": ""NCOnemap"", ""wheelchair"": ""yes""}"
RAL-01,way,33106184,Raymond G. Lanier Park,leisure,park,Point,retained:named_poi,"{""leisure"": ""park"", ""name"": ""Raymond G. Lanier Park"", ""operator"": ""City or Raleigh Parks, Recreation and Cultural Resources"", ""ownership"": ""municipal"", ""source"": ""NCOnemap;City or Raleigh Parks Recreation and Cultural Resources""}"
RAL-01,way,47663062,Crank Arm Brewing Company,amenity,pub,Point,retained:named_poi,"{""addr:city"": ""Raleigh"", ""addr:country"": ""US"", ""addr:housenumber"": ""319"", ""addr:postcode"": ""27601"", ""addr:state"": ""NC"", ""addr:street"": ""West Davie Street"", ""amenity"": ""pub"", ""building"": ""yes"", ""building:use"": ""commercial"", ""craft"": ""brewery"", ""microbrewery"": ""yes"", ""name"": ""Crank Arm Brewing Company"", ""opening_hours"": ""Mo-Th 16:00-24:00; Fr 16:00-02:00; Sa 12:00-02:00; Su 12:00-22:00"", ""outdoor_seating"": ""yes"", ""source"": ""WakeGIS"", ""website"": ""https://www.crankarmbrewing.com/""}"
RAL-01,way,47663082,Wake County Office Building,office,government,Point,retained:named_poi,"{""building"": ""yes"", ""building:levels"": ""16"", ""building:use"": ""commercial"", ""image"": ""https://commons.wikimedia.org/wiki/File:Waverly_F._Akins_Wake_County_Office_Building_-_Raleigh,_NC_-_DSC05813.JPG"", ""name"": ""Wake County Office Building"", ""office"": ""government"", ""source"": ""WakeGIS""}"
RAL-01,way,47663095,Vintage Church,amenity,place_of_worship,Point,retained:named_poi,"{""addr:city"": ""Raleigh"", ""addr:housenumber"": ""118"", ""addr:state"": ""NC"", ""addr:street"": ""South Person Street"", ""amenity"": ""place_of_worship"", ""building"": ""church"", ""check_date"": ""2023-08-07"", ""name"": ""Vintage Church"", ""religion"": ""christian"", ""source"": ""WakeGIS"", ""website"": ""https://vintagenc.com/""}"
RAL-01,way,47663108,Raleigh Municipal Building,office,government,Point,retained:named_poi,"{""addr:city"": ""Raleigh"", ""addr:country"": ""US"", ""addr:housenumber"": ""222"", ""addr:postcode"": ""27601-1562"", ""addr:state"": ""NC"", ""addr:street"": ""West Hargett Street"", ""building"": ""yes"", ""building:levels"": ""6"", ""building:use"": ""commercial"", ""name"": ""Raleigh Municipal Building"", ""office"": ""government"", ""source"": ""WakeGIS""}"
RAL-01,way,47663132,Alexander Square Parking Deck,amenity,parking,Point,low_value_category,"{""access"": ""yes"", ""addr:city"": ""Raleigh"", ""addr:country"": ""US"", ""addr:housenumber"": ""150"", ""addr:postcode"": ""27601"", ""addr:state"": ""NC"", ""addr:street"": ""Fayetteville Street"", ""amenity"": ""parking"", ""building"": ""yes"", ""building:levels"": ""4"", ""fee"": ""yes"", ""name"": ""Alexander Square Parking Deck"", ""operator"": ""Spectrum Properties"", ""parking"": ""multi-storey"", ""source"": ""WakeGIS""}"
RAL-01,way,47663137,Wilmington Station Parking Deck,amenity,parking,Point,low_value_category,"{""addr:city"": ""Raleigh"", ""addr:country"": ""US"", ""addr:housenumber"": ""117"", ""addr:postcode"": ""27601"", ""addr:state"": ""NC"", ""addr:street"": ""South Wilmington Street"", ""amenity"": ""parking"", ""building"": ""yes"", ""building:levels"": ""7"", ""building:use"": ""commercial"", ""capacity"": ""723"", ""name"": ""Wilmington Station Parking Deck"", ""operator"": ""ParkLink (City of Raleigh)"", ""parking"": ""multi-storey"", ""source"": ""WakeGIS""}"
RAL-01,way,47663698,The Hemp Farmacy,healthcare,pharmacy,Point,retained:named_poi,"{""addr:city"": ""Raleigh"", ""addr:housenumber"": ""527"", ""addr:postcode"": ""27603"", ""addr:street"": ""Hillsborough Street"", ""amenity"": ""pharmacy"", ""building"": ""yes"", ""building:use"": ""commercial"", ""dispensing"": ""no"", ""drive_through"": ""no"", ""healthcare"": ""pharmacy"", ""name"": ""The Hemp Farmacy"", ""opening_hours"": ""Mo-Sa 10:00-19:00,Su 11:00-18:00"", ""phone"": ""+1-919-916-5607"", ""source"": ""WakeGIS""}"
RAL-01,way,47663708,Wake County Public Safety Center,amenity,police,Point,retained:named_poi,"{""amenity"": ""police"", ""building"": ""yes"", ""building:use"": ""commercial"", ""layer"": ""1"", ""level"": ""3"", ""name"": ""Wake County Public Safety Center"", ""source"": ""WakeGIS""}"
RAL-01,way,47663721,Wake County Courthouse,amenity,courthouse,Point,retained:named_poi,"{""addr:city"": ""Raleigh"", ""addr:country"": ""US"", ""addr:housename"": ""Wake County Courthouse"", ""addr:housenumber"": ""316"", ""addr:postcode"": ""27601"", ""addr:state"": ""NC"", ""addr:street"": ""Fayetteville Street"", ""amenity"": ""courthouse"", ""building"": ""yes"", ""building:levels"": ""14"", ""building:use"": ""commercial"", ""height"": ""65"", ""image"": ""https://commons.wikimedia.org/wiki/File:Wake_County_Courthouse_-_Raleigh,_NC_-_DSC05816.JPG"", ""name"": ""Wake County Courthouse"", ""source"": ""WakeGIS""}"
RAL-01,way,47728337,Lee Hansley Gallery,shop,art,Point,retained:named_poi,"{""addr:country"": ""US"", ""addr:housenumber"": ""225"", ""addr:state"": ""NC"", ""addr:street"": ""Glenwood Avenue"", ""building"": ""yes"", ""building:use"": ""commercial"", ""fax"": ""+1 919 8287550"", ""name"": ""Lee Hansley Gallery"", ""opening_hours"": ""Fr[1] 11:00-22:00;Tu-Sa 11:00-18:00"", ""phone"": ""+1 919 8287557"", ""shop"": ""art"", ""source"": ""WakeGIS"", ""website"": ""http://leehansleygallery.com/""}"
RAL-01,way,47728576,Gregory L. Seibert,office,lawyer,Point,retained:named_poi,"{""addr:country"": ""US"", ""addr:housenumber"": ""117"", ""addr:state"": ""NC"", ""addr:street"": ""Glenwood Avenue"", ""building"": ""yes"", ""building:use"": ""commercial"", ""fax"": ""+1 919 5460040"", ""name"": ""Gregory L. Seibert"", ""office"": ""lawyer"", ""phone"": ""+1 919 5460606"", ""source"": ""WakeGIS"", ""website"": ""http://www.seibert.com/""}"
RAL-01,way,47730105,Duane R. Hall,office,lawyer,Point,retained:named_poi,"{""addr:country"": ""US"", ""addr:housenumber"": ""123"", ""addr:state"": ""NC"", ""addr:street"": ""Glenwood Avenue"", ""building"": ""yes"", ""building:use"": ""commercial"", ""name"": ""Duane R. Hall"", ""office"": ""lawyer"", ""phone"": ""+1 919 5822111"", ""source"": ""WakeGIS"", ""website"": ""http://www.attorneyduanehall.com/""}"
RAL-01,way,47731739,Alchemy,amenity,bar,Point,retained:named_poi,"{""amenity"": ""bar"", ""building"": ""yes"", ""building:use"": ""commercial"", ""check_date"": ""2026-09-29"", ""name"": ""Alchemy"", ""source"": ""WakeGIS""}"
RAL-01,way,47732371,Federal Building,office,government,Point,retained:named_poi,"{""addr:city"": ""Raleigh"", ""addr:country"": ""US"", ""addr:housenumber"": ""300"", ""addr:postcode"": ""27601"", ""addr:state"": ""NC"", ""addr:street"": ""Fayetteville Street"", ""architect"": ""Alfred B. Mullett"", ""building"": ""yes"", ""building:levels"": ""4"", ""building:use"": ""commercial"", ""historic"": ""building"", ""name"": ""Federal Building"", ""office"": ""government"", ""operator"": ""General Services Administration"", ""phone"": ""+1-919-856-4680"", ""source"": ""WakeGIS"", ""wikidata"": ""Q5440038"", ""wikipedia"": ""en:Federal Building (Raleigh, North Carolina)""}"
RAL-01,way,47732380,Parkview Restaurant,amenity,restaurant,Point,retained:named_poi,"{""addr:city"": ""Raleigh"", ""addr:country"": ""US"", ""addr:housenumber"": ""301"", ""addr:postcode"": ""27601"", ""addr:state"": ""NC"", ""addr:street"": ""West Martin Street"", ""amenity"": ""restaurant"", ""building"": ""commercial"", ""building:use"": ""commercial"", ""name"": ""Parkview Restaurant"", ""opening_hours"": ""Mo-Fr 11:00-21:00; Sa 10:00-21:00; Su 09:00-20:00"", ""phone"": ""+1-984-232-8969"", ""source"": ""WakeGIS"", ""website"": ""https://raleigh.parksiderestaurant.com/""}"
RAL-01,way,47732386,CAM Raleigh,tourism,museum,Point,retained:named_poi,"{""addr:city"": ""Raleigh"", ""addr:country"": ""US"", ""addr:housenumber"": ""409"", ""addr:state"": ""NC"", ""addr:street"": ""West Martin Street"", ""building"": ""yes"", ""building:use"": ""commercial"", ""fixme"": ""this building is temporarily closed, needs periodic checks to update hours when repoened. It might also be reopening at a different location..."", ""name"": ""CAM Raleigh"", ""opening_hours"": ""\""temporarily closed\"""", ""phone"": ""+1 919-261-5920"", ""source"": ""WakeGIS"", ""tourism"": ""museum"", ""website"": ""https://camraleigh.org/""}"
RAL-01,way,47734105,Marshall & Taylor PLLC,office,lawyer,Point,retained:named_poi,"{""addr:country"": ""US"", ""addr:housenumber"": ""221"", ""addr:state"": ""NC"", ""addr:street"": ""Glenwood Avenue"", ""building"": ""yes"", ""building:use"": ""commercial"", ""fax"": ""+1 919 8331008"", ""name"": ""Marshall & Taylor PLLC"", ""office"": ""lawyer"", ""phone"": ""+1 919 8331040"", ""source"": ""WakeGIS"", ""website"": ""http://www.mtlaw.net/""}"
RAL-01,way,47759870,Martin Marietta Center for the Performing Arts,amenity,arts_centre,Point,retained:named_poi,"{""addr:city"": ""Raleigh"", ""addr:country"": ""US"", ""addr:housenumber"": ""2"", ""addr:postcode"": ""27601"", ""addr:state"": ""NC"", ""addr:street"": ""East South Street"", ""amenity"": ""arts_centre"", ""building"": ""yes"", ""building:use"": ""commercial"", ""name"": ""Martin Marietta Center for the Performing Arts"", ""old_name"": ""Progress Energy Center for the Performing Arts"", ""website"": ""https://www.dukeenergycenterraleigh.com/""}"
RAL-01,way,47759898,Gringo A Go Go,amenity,restaurant,Point,retained:named_poi,"{""addr:city"": ""Raleigh"", ""addr:housenumber"": ""100"", ""addr:postcode"": ""27601"", ""addr:state"": ""NC"", ""addr:street"": ""North Person Street"", ""amenity"": ""restaurant"", ""building"": ""yes"", ""building:use"": ""commercial"", ""check_date"": ""2026-01-28"", ""diet:vegan"": ""yes"", ""name"": ""Gringo A Go Go"", ""opening_hours"": ""Mo-Th 11:00-21:00; Fr-Sa 11:00-22:00; Su 11:00-20:00"", ""phone"": ""+19199771438"", ""source"": ""WakeGIS"", ""website"": ""https://gringoraleigh.com/""}"
RAL-01,way,47759950,Hartwell,shop,repair,Point,retained:named_poi,"{""addr:city"": ""Raleigh"", ""addr:housenumber"": ""620"", ""addr:postcode"": ""27603"", ""addr:state"": ""NC"", ""addr:street"": ""West South Street"", ""building"": ""yes"", ""building:use"": ""commercial"", ""name"": ""Hartwell"", ""shop"": ""repair"", ""source"": ""WakeGIS""}"
RAL-01,way,47759958,,amenity,parking,Point,low_value_category,"{""amenity"": ""parking"", ""building"": ""yes"", ""building:use"": ""commercial"", ""capacity"": ""1041"", ""parking"": ""multi-storey"", ""source"": ""WakeGIS""}"
RAL-01,way,47759988,Pope House Museum,tourism,museum,Point,retained:named_poi,"{""addr:city"": ""Raleigh"", ""addr:housenumber"": ""511"", ""addr:postcode"": ""27601"", ""addr:state"": ""NC"", ""addr:street"": ""South Wilmington Street"", ""building"": ""yes"", ""building:use"": ""commercial"", ""fee"": ""no"", ""name"": ""Pope House Museum"", ""opening_hours"": ""Sa 09:00-16:00; Su 13:00-16:00"", ""source"": ""WakeGIS"", ""tourism"": ""museum"", ""website"": ""https://raleighnc.gov/pope-house"", ""wikidata"": ""Q7229176""}"
RAL-01,way,47760005,Raleigh Marriott City Center,tourism,hotel,Point,retained:named_poi,"{""addr:city"": ""Raleigh"", ""addr:country"": ""US"", ""addr:housenumber"": ""500"", ""addr:postcode"": ""27601"", ""addr:state"": ""NC"", ""addr:street"": ""Fayetteville Street"", ""brand"": ""Marriott"", ""brand:wikidata"": ""Q3918608"", ""building"": ""hotel"", ""building:use"": ""commercial"", ""internet_access"": ""wlan"", ""name"": ""Raleigh Marriott City Center"", ""operator"": ""Marriott"", ""phone"": ""+1-919-833-1120"", ""smoking"": ""outside"", ""source"": ""WakeGIS"", ""tourism"": ""hotel"", ""website"": ""https://www.marriott.com/hotels/travel/rdumc-raleigh-marriott-city-center/"", ""wheelchair"": ""yes""}"
RAL-01,way,47760006,Lincoln Theatre,amenity,bar,Point,retained:named_poi,"{""addr:city"": ""Raleigh"", ""addr:country"": ""US"", ""addr:housenumber"": ""126"", ""addr:postcode"": ""27601"", ""addr:state"": ""NC"", ""addr:street"": ""E Cabarrus Street"", ""amenity"": ""bar"", ""building"": ""yes"", ""building:use"": ""commercial"", ""fax"": ""+1-919-852-2021"", ""name"": ""Lincoln Theatre"", ""phone"": ""+1-919-821-4111"", ""source"": ""WakeGIS"", ""website"": ""https://www.lincolntheatre.com/""}"
RAL-01,way,47760017,One Of One Boutique,shop,shoes,Point,retained:named_poi,"{""addr:city"": ""Raleigh"", ""addr:housenumber"": ""207"", ""addr:postcode"": ""27601"", ""addr:state"": ""NC"", ""addr:street"": ""East Cabarrus Street"", ""building"": ""yes"", ""building:use"": ""commercial"", ""name"": ""One Of One Boutique"", ""opening_hours"": ""Mo-Sa 13:00-19:00"", ""phone"": ""+1 919 977 8008"", ""shop"": ""shoes"", ""source"": ""WakeGIS"", ""website"": ""https://www.oneofone919.com/""}"
RAL-01,way,47760035,Enterprise,amenity,car_rental,Point,retained:named_poi,"{""addr:city"": ""Raleigh"", ""addr:housenumber"": ""431"", ""addr:state"": ""NC"", ""addr:street"": ""South McDowell Street"", ""amenity"": ""car_rental"", ""brand"": ""Enterprise"", ""brand:wikidata"": ""Q17085454"", ""building:levels"": ""1"", ""building:use"": ""commercial"", ""name"": ""Enterprise"", ""official_name"": ""Enterprise Rent-A-Car"", ""source"": ""City of Raleigh Land Mgt.""}"
RAL-01,way,47760042,,amenity,police,Point,retained:inherently_meaningful,"{""addr:city"": ""Raleigh"", ""addr:state"": ""NC"", ""amenity"": ""police"", ""building:use"": ""commercial"", ""source"": ""WakeGIS""}"
RAL-01,way,47760065,McLaurin Parking,amenity,parking,Point,low_value_category,"{""addr:country"": ""US"", ""addr:housenumber"": ""436"", ""addr:state"": ""NC"", ""addr:street"": ""South Salisbury Street"", ""amenity"": ""parking"", ""building"": ""yes"", ""building:levels"": ""5"", ""building:use"": ""commercial"", ""fee"": ""yes"", ""maxstay"": ""none"", ""operator"": ""McLaurin Parking"", ""parking"": ""multi-storey"", ""payment:discover_card"": ""yes"", ""payment:mastercard"": ""yes"", ""payment:notes"": ""yes"", ""payment:visa"": ""yes"", ""source"": ""WakeGIS"", ""website"": ""https://mclaurinparking.com/accounts/lot-75/""}"
RAL-01,way,47760082,Marbles Kids Museum,tourism,museum,Point,retained:named_poi,"{""addr:city"": ""Raleigh"", ""addr:housenumber"": ""201"", ""addr:postcode"": ""27601"", ""addr:state"": ""NC"", ""addr:street"": ""East Hargett Street"", ""building"": ""museum"", ""building:use"": ""commercial"", ""check_date:opening_hours"": ""2023-07-28"", ""fee"": ""yes"", ""fee:conditional"": ""no @ (age < 1)"", ""name"": ""Marbles Kids Museum"", ""opening_hours"": ""Mo-Su 10:00-17:00; Th 10:00-19:00"", ""operator"": ""Marbles Kids Museum"", ""source"": ""WakeGIS"", ""tourism"": ""museum"", ""website"": ""https://www.marbleskidsmuseum.org/"", ""wheelchair"": ""yes"", ""wikidata"": ""Q14708028"", ""wikipedia"": ""en:Marbles Kids Museum""}"
RAL-01,way,47760088,Citrix,office,it,Point,retained:named_poi,"{""addr:city"": ""Raleigh"", ""addr:housenumber"": ""120"", ""addr:postcode"": ""27603"", ""addr:state"": ""NC"", ""addr:street"": ""South West Street"", ""building"": ""yes"", ""building:use"": ""commercial"", ""name"": ""Citrix"", ""office"": ""it"", ""source"": ""WakeGIS""}"
RAL-01,way,47760090,The Supreme Court of North Carolina,amenity,courthouse,Point,retained:named_poi,"{""amenity"": ""courthouse"", ""building"": ""yes"", ""building:use"": ""commercial"", ""name"": ""The Supreme Court of North Carolina"", ""source"": ""WakeGIS"", ""wikidata"": ""Q7054626"", ""wikipedia"": ""en:North Carolina Supreme Court""}"
RAL-01,way,47760098,Raleigh Municipal Building Deck,amenity,parking,Point,low_value_category,"{""amenity"": ""parking"", ""building"": ""yes"", ""building:use"": ""commercial"", ""capacity"": ""602"", ""name"": ""Raleigh Municipal Building Deck"", ""parking"": ""multi-storey"", ""source"": ""WakeGIS""}"
RAL-01,way,47760099,,office,telecommunication,Point,unnamed_category_requires_review,"{""addr:city"": ""Raleigh"", ""addr:housenumber"": ""121"", ""addr:postcode"": ""27601"", ""addr:state"": ""NC"", ""addr:street"": ""West Morgan Street"", ""building"": ""yes"", ""building:use"": ""commercial"", ""office"": ""telecommunication"", ""source"": ""WakeGIS""}"
RAL-01,way,47776414,State Employees Credit Union,amenity,bank,Point,retained:named_poi,"{""addr:city"": ""Raleigh"", ""addr:country"": ""US"", ""addr:housenumber"": ""123"", ""addr:postcode"": ""27601"", ""addr:state"": ""NC"", ""addr:street"": ""New Bern Place"", ""amenity"": ""bank"", ""brand"": ""State Employees Credit Union"", ""brand:wikidata"": ""Q7603196"", ""building"": ""yes"", ""building:use"": ""commercial"", ""name"": ""State Employees Credit Union"", ""short_name"": ""SECU"", ""source"": ""WakeGIS"", ""wikidata"": ""Q7603068""}"
RAL-01,way,47776441,Christ Episcopal Church,amenity,place_of_worship,Point,retained:named_poi,"{""addr:city"": ""Raleigh"", ""addr:housenumber"": ""120"", ""addr:postcode"": ""27601"", ""addr:state"": ""NC"", ""addr:street"": ""East Edenton Street"", ""amenity"": ""place_of_worship"", ""building"": ""yes"", ""building:use"": ""commercial"", ""denomination"": ""episcopal"", ""name"": ""Christ Episcopal Church"", ""ref:dove"": ""10203"", ""religion"": ""christian"", ""source"": ""WakeGIS"", ""wikidata"": ""Q5108878"", ""wikipedia"": ""en:Christ Episcopal Church (Raleigh, North Carolina)""}"
RAL-01,way,47776442,Char Grill,amenity,fast_food,Point,retained:named_poi,"{""addr:city"": ""Raleigh"", ""addr:housenumber"": ""618"", ""addr:postcode"": ""27603"", ""addr:state"": ""NC"", ""addr:street"": ""Hillsborough Street"", ""amenity"": ""fast_food"", ""building"": ""yes"", ""building:use"": ""commercial"", ""cuisine"": ""burger;hot_dog"", ""drive_through"": ""no"", ""name"": ""Char Grill"", ""outdoor_seating"": ""yes"", ""source"": ""WakeGIS"", ""takeaway"": ""yes""}"
RAL-01,way,47776449,Hotel Indigo Raleigh Downtown,tourism,hotel,Point,retained:named_poi,"{""addr:city"": ""Raleigh"", ""addr:housenumber"": ""320"", ""addr:postcode"": ""27603"", ""addr:state"": ""NC"", ""addr:street"": ""Hillsborough Street"", ""brand"": ""Hotel Indigo"", ""brand:wikidata"": ""Q5911596"", ""building"": ""yes"", ""building:levels"": ""21"", ""building:use"": ""commercial"", ""email"": ""info@indigoraleigh.com"", ""internet_access"": ""wlan"", ""internet_access:fee"": ""no"", ""name"": ""Hotel Indigo Raleigh Downtown"", ""phone"": ""+19843830320"", ""source"": ""WakeGIS"", ""tourism"": ""hotel"", ""website"": ""https://www.ihg.com/hotelindigo/hotels/us/en/raleigh/rdusc/hoteldetail""}"
RAL-01,way,47776562,Michaels & Michaels PA,office,lawyer,Point,retained:named_poi,"{""building"": ""yes"", ""building:use"": ""commercial"", ""name"": ""Michaels & Michaels PA"", ""office"": ""lawyer"", ""source"": ""WakeGIS""}"
RAL-01,way,47776563,,amenity,parking,Point,low_value_category,"{""amenity"": ""parking"", ""building"": ""parking"", ""building:use"": ""commercial"", ""parking"": ""multi-storey"", ""source"": ""WakeGIS""}"
RAL-01,way,47776588,Convivium Raleigh,amenity,events_venue,Point,retained:named_poi,"{""addr:city"": ""Raleigh"", ""addr:country"": ""US"", ""addr:housenumber"": ""518"", ""addr:postcode"": ""27603"", ""addr:state"": ""NC"", ""addr:street"": ""West Jones Street"", ""amenity"": ""events_venue"", ""branch"": ""Fiber"", ""building"": ""yes"", ""building:use"": ""commercial"", ""name"": ""Convivium Raleigh"", ""opening_hours"": ""Mo-Sa 10:00-18:00"", ""smoking"": ""no"", ""source"": ""WakeGIS""}"
RAL-01,way,47776608,Duncan-Parnell Inc.,office,company,Point,retained:named_poi,"{""addr:country"": ""US"", ""addr:housenumber"": ""201"", ""addr:state"": ""NC"", ""addr:street"": ""Glenwood Avenue"", ""building"": ""yes"", ""building:use"": ""commercial"", ""fax"": ""+1 919 8286727"", ""name"": ""Duncan-Parnell Inc."", ""office"": ""company"", ""opening_hours"": ""Mo-Fr 07:30-17:00"", ""phone"": ""+1 919 8334677"", ""source"": ""WakeGIS"", ""website"": ""https://duncan-parnell.com/StoreDetails.html?locationId=2""}"
RAL-01,way,47776624,,amenity,restaurant,Point,retained:inherently_meaningful,"{""addr:city"": ""Raleigh"", ""addr:housenumber"": ""508"", ""addr:postcode"": ""27603"", ""addr:state"": ""NC"", ""addr:street"": ""West Jones Street"", ""amenity"": ""restaurant"", ""building"": ""yes"", ""building:use"": ""commercial"", ""cuisine"": ""seafood"", ""source"": ""WakeGIS""}"
RAL-01,way,47776706,Moore Square Parking Deck,amenity,parking,Point,low_value_category,"{""addr:city"": ""Raleigh"", ""addr:country"": ""US"", ""addr:housenumber"": ""233"", ""addr:postcode"": ""27601"", ""addr:state"": ""NC"", ""addr:street"": ""South Wilmington Street"", ""amenity"": ""parking"", ""building"": ""yes"", ""building:levels"": ""8"", ""building:use"": ""commercial"", ""capacity"": ""653"", ""fee"": ""yes"", ""layer"": ""1"", ""name"": ""Moore Square Parking Deck"", ""operator"": ""ParkLink (City of Raleigh)"", ""parking"": ""multi-storey"", ""source"": ""WakeGIS""}"
RAL-01,way,47776803,TEETS,amenity,bar,Point,retained:named_poi,"{""addr:country"": ""US"", ""addr:housenumber"": ""425"", ""addr:state"": ""NC"", ""addr:street"": ""Glenwood Avenue"", ""amenity"": ""bar"", ""building"": ""yes"", ""building:use"": ""commercial"", ""check_date"": ""2026-09-29"", ""name"": ""TEETS"", ""opening_hours"": ""Mo-Fr 17:00-02:00; Sa-Su 12:00-02:00"", ""phone"": ""+1-919-803-6112"", ""website"": ""https://www.teetsraleigh.com/""}"
RAL-01,way,47776880,Archdale Building,office,government,Point,retained:named_poi,"{""addr:housenumber"": ""512"", ""addr:street"": ""North Salisbury Street"", ""building"": ""yes"", ""building:levels"": ""15"", ""building:use"": ""commercial"", ""height"": ""47"", ""name"": ""Archdale Building"", ""office"": ""government"", ""source"": ""WakeGIS""}"
RAL-01,way,47776939,Oak Heart Veterinary Hospital,amenity,veterinary,Point,retained:named_poi,"{""addr:city"": ""Raleigh"", ""addr:housenumber"": ""916"", ""addr:postcode"": ""27604"", ""addr:state"": ""NC"", ""addr:street"": ""North Person Street"", ""amenity"": ""veterinary"", ""building"": ""yes"", ""building:use"": ""commercial"", ""name"": ""Oak Heart Veterinary Hospital"", ""opening_hours"": ""Mo-Fr 07:30-17:30; Sa 08:00-24:00"", ""operator"": ""Oak Heart Veterinary Hospital"", ""phone"": ""+1-919-307-8843"", ""source"": ""WakeGIS"", ""website"": ""https://oakheartvet.com/""}"
RAL-01,way,47776985,,tourism,hotel,Point,retained:inherently_meaningful,"{""addr:city"": ""Raleigh"", ""addr:housenumber"": ""300"", ""addr:postcode"": ""27603"", ""addr:state"": ""NC"", ""addr:street"": ""N Dawson St"", ""building"": ""yes"", ""building:use"": ""commercial"", ""tourism"": ""hotel""}"
RAL-01,way,47777095,BP,amenity,fuel,Point,retained:named_poi,"{""amenity"": ""fuel"", ""brand"": ""BP"", ""brand:wikidata"": ""Q152057"", ""building"": ""yes"", ""building:use"": ""commercial"", ""name"": ""BP"", ""source"": ""WakeGIS""}"
RAL-01,way,47777115,Mellow Mushroom,amenity,restaurant,Point,retained:named_poi,"{""addr:city"": ""Raleigh"", ""addr:country"": ""US"", ""addr:housenumber"": ""601"", ""addr:postcode"": ""27605"", ""addr:state"": ""NC"", ""addr:street"": ""West Peace Street"", ""amenity"": ""restaurant"", ""brand"": ""Mellow Mushroom"", ""brand:wikidata"": ""Q17021360"", ""building"": ""yes"", ""building:use"": ""commercial"", ""check_date"": ""2026-09-29"", ""cuisine"": ""pizza"", ""diet:vegan"": ""yes"", ""name"": ""Mellow Mushroom"", ""opening_hours"": ""Mo-Th 11:00-22:00; Fr-Sa 11:00-23:30; Su 11:30-22:00"", ""phone"": ""+1-919-832-3499"", ""source"": ""WakeGIS"", ""website"": ""https://www.mellowmushroom.com/raleigh""}"
RAL-01,way,47777120,Subway,amenity,fast_food,Point,retained:named_poi,"{""addr:city"": ""Raleigh"", ""addr:housenumber"": ""706"", ""addr:postcode"": ""27605"", ""addr:state"": ""NC"", ""addr:street"": ""West Peace Street"", ""amenity"": ""fast_food"", ""brand"": ""Subway"", ""brand:wikidata"": ""Q244457"", ""building"": ""yes"", ""building:use"": ""commercial"", ""cuisine"": ""sandwich"", ""name"": ""Subway"", ""opening_hours"": ""Mo-Fr 07:00-22:00; Sa-Su 09:00-22:00"", ""phone"": ""+1 919-834-0605"", ""source"": ""WakeGIS"", ""takeaway"": ""yes"", ""website"": ""https://restaurants.subway.com/united-states/nc/raleigh/706-w-peace-st""}"
RAL-01,way,47777124,Sahara Hookah Cafe,amenity,cafe,Point,retained:named_poi,"{""amenity"": ""cafe"", ""building"": ""yes"", ""building:use"": ""commercial"", ""cuisine"": ""turkish"", ""name"": ""Sahara Hookah Cafe"", ""source"": ""WakeGIS""}"
RAL-01,way,47777242,Krispy Kreme,amenity,fast_food,Point,retained:named_poi,"{""addr:city"": ""Raleigh"", ""addr:country"": ""US"", ""addr:housenumber"": ""549"", ""addr:postcode"": ""27604"", ""addr:state"": ""NC"", ""addr:street"": ""North Person Street"", ""amenity"": ""fast_food"", ""brand"": ""Krispy Kreme"", ""brand:wikidata"": ""Q1192805"", ""building"": ""yes"", ""building:levels"": ""1"", ""building:use"": ""commercial"", ""contact:facebook"": ""KrispyKreme"", ""contact:instagram"": ""krispykreme"", ""contact:twitter"": ""krispykreme"", ""cuisine"": ""donut"", ""name"": ""Krispy Kreme"", ""opening_hours"": ""Su-Th 06:00-22:00; Fr-Sa 06:00-23:00"", ""phone"": ""+1-919-833-3682"", ""self_service"": ""no"", ""source"": ""WakeGIS"", ""takeaway"": ""yes"", ""website"": ""https://site.krispykreme.com/nc/raleigh/549-n-person-street""}"
RAL-01,way,47777255,Starbucks,amenity,cafe,Point,retained:named_poi,"{""addr:city"": ""Raleigh"", ""addr:country"": ""US"", ""addr:housenumber"": ""609"", ""addr:postcode"": ""27605"", ""addr:state"": ""NC"", ""addr:street"": ""West Peace Street"", ""amenity"": ""cafe"", ""branch"": ""Glenwood Avenue & Peace St"", ""brand"": ""Starbucks"", ""brand:wikidata"": ""Q37158"", ""building"": ""yes"", ""building:use"": ""commercial"", ""cuisine"": ""coffee_shop"", ""name"": ""Starbucks"", ""official_name"": ""Starbucks Coffee"", ""phone"": ""+1 919-754-9007"", ""takeaway"": ""yes"", ""website"": ""https://www.starbucks.com/store-locator/store/11183/glenwood-ave-peace-st-609-w-peace-st-raleigh-nc-276051519-us""}"
RAL-01,way,51749729,,amenity,parking,Point,low_value_category,"{""access"": ""yes"", ""amenity"": ""parking"", ""fee"": ""yes"", ""parking"": ""surface""}"
RAL-01,way,51812630,NS-Line,railway,rail,Point,railway_track_infrastructure,"{""bridge"": ""yes"", ""electrified"": ""no"", ""gauge"": ""1435"", ""layer"": ""1"", ""name"": ""NS-Line"", ""old_railway_operator"": ""NS"", ""operator"": ""Norfolk Southern Railway"", ""operator:wikidata"": ""Q1321054"", ""railway"": ""rail"", ""usage"": ""branch""}"
RAL-01,way,51816726,H-Line,railway,rail,Point,railway_track_infrastructure,"{""bridge"": ""yes"", ""electrified"": ""no"", ""gauge"": ""1435"", ""layer"": ""1"", ""maxspeed"": ""60 mph"", ""name"": ""H-Line"", ""note:old_railway_operator"": ""North Carolina Railroad"", ""old_railway_operator"": ""Southern"", ""operator"": ""Norfolk Southern Railway"", ""operator:wikidata"": ""Q1321054"", ""owner"": ""North Carolina Railroad"", ""railway"": ""rail"", ""railway:ctc"": ""yes"", ""railway:etms"": ""yes"", ""railway:ptc"": ""yes"", ""railway_milepost"": ""NC"", ""ref"": ""NCRR"", ""usage"": ""main""}"
RAL-01,way,51816728,H-Line,railway,rail,Point,railway_track_infrastructure,"{""electrified"": ""no"", ""gauge"": ""1435"", ""maxspeed"": ""60 mph"", ""name"": ""H-Line"", ""note:old_railway_operator"": ""North Carolina Railroad"", ""old_railway_operator"": ""Southern"", ""operator"": ""Norfolk Southern Railway"", ""operator:wikidata"": ""Q1321054"", ""owner"": ""North Carolina Railroad"", ""railway"": ""rail"", ""railway:ctc"": ""yes"", ""railway:etms"": ""yes"", ""railway:ptc"": ""yes"", ""railway_milepost"": ""NC"", ""ref"": ""NCRR"", ""usage"": ""main""}"
RAL-01,way,51816729,H-Line,railway,rail,Point,railway_track_infrastructure,"{""bridge"": ""yes"", ""electrified"": ""no"", ""gauge"": ""1435"", ""layer"": ""1"", ""maxspeed"": ""60 mph"", ""name"": ""H-Line"", ""note:old_railway_operator"": ""North Carolina Railroad"", ""old_railway_operator"": ""Southern"", ""operator"": ""Norfolk Southern Railway"", ""operator:wikidata"": ""Q1321054"", ""owner"": ""North Carolina Railroad"", ""railway"": ""rail"", ""railway:ctc"": ""yes"", ""railway:etms"": ""yes"", ""railway:ptc"": ""yes"", ""railway_milepost"": ""NC"", ""ref"": ""NCRR"", ""usage"": ""main""}"
RAL-01,way,51816730,H-Line,railway,rail,Point,railway_track_infrastructure,"{""electrified"": ""no"", ""gauge"": ""1435"", ""maxspeed"": ""60 mph"", ""name"": ""H-Line"", ""note:old_railway_operator"": ""North Carolina Railroad"", ""old_railway_operator"": ""Southern"", ""operator"": ""Norfolk Southern Railway"", ""operator:wikidata"": ""Q1321054"", ""owner"": ""North Carolina Railroad"", ""railway"": ""rail"", ""railway:ctc"": ""yes"", ""railway:etms"": ""yes"", ""railway:ptc"": ""yes"", ""railway_milepost"": ""NC"", ""ref"": ""NCRR"", ""usage"": ""main""}"
RAL-01,way,51816731,H-Line,railway,rail,Point,railway_track_infrastructure,"{""bridge"": ""yes"", ""electrified"": ""no"", ""gauge"": ""1435"", ""layer"": ""1"", ""maxspeed"": ""60 mph"", ""name"": ""H-Line"", ""note:old_railway_operator"": ""North Carolina Railroad"", ""old_railway_operator"": ""Southern"", ""operator"": ""Norfolk Southern Railway"", ""operator:wikidata"": ""Q1321054"", ""owner"": ""North Carolina Railroad"", ""railway"": ""rail"", ""railway:ctc"": ""yes"", ""railway:etms"": ""yes"", ""railway:ptc"": ""yes"", ""railway_milepost"": ""NC"", ""ref"": ""NCRR"", ""usage"": ""main""}"
RAL-01,way,51816733,Aberdeen Subdivision,railway,rail,Point,railway_track_infrastructure,"{""electrified"": ""no"", ""gauge"": ""1435"", ""maxspeed"": ""20 mph"", ""maxspeed:freight"": ""20 mph"", ""name"": ""Aberdeen Subdivision"", ""old_railway_operator"": ""SAL"", ""operator"": ""CSX Transportation"", ""operator:wikidata"": ""Q856783"", ""railway"": ""rail"", ""railway:atc"": ""no"", ""railway:ctc"": ""no"", ""railway:ptc"": ""no"", ""railway:track_ref"": ""Main Track"", ""railway_milepost"": ""S"", ""ref"": ""AB"", ""tiger:cfcc"": ""B11"", ""tiger:county"": ""Wake, NC"", ""tiger:name_base"": ""Seaboard Coast Line Railroad"", ""usage"": ""branch""}"
RAL-01,way,51816735,Aberdeen Subdivision,railway,rail,Point,railway_track_infrastructure,"{""bridge"": ""yes"", ""electrified"": ""no"", ""gauge"": ""1435"", ""layer"": ""1"", ""maxspeed"": ""20 mph"", ""maxspeed:freight"": ""20 mph"", ""name"": ""Aberdeen Subdivision"", ""old_railway_operator"": ""SAL"", ""operator"": ""CSX Transportation"", ""operator:wikidata"": ""Q856783"", ""railway"": ""rail"", ""railway:atc"": ""no"", ""railway:ctc"": ""no"", ""railway:ptc"": ""no"", ""railway:track_ref"": ""Main Track"", ""railway_milepost"": ""S"", ""ref"": ""AB"", ""tiger:cfcc"": ""B11"", ""tiger:county"": ""Wake, NC"", ""tiger:name_base"": ""Seaboard Coast Line Railroad"", ""usage"": ""branch""}"
RAL-01,way,51816743,Aberdeen Subdivision,railway,rail,Point,railway_track_infrastructure,"{""bridge"": ""yes"", ""electrified"": ""no"", ""gauge"": ""1435"", ""layer"": ""1"", ""maxspeed"": ""10 mph"", ""maxspeed:freight"": ""10 mph"", ""name"": ""Aberdeen Subdivision"", ""old_railway_operator"": ""SAL"", ""operator"": ""CSX Transportation"", ""operator:wikidata"": ""Q856783"", ""railway"": ""rail"", ""railway:atc"": ""no"", ""railway:ctc"": ""no"", ""railway:ptc"": ""no"", ""railway:track_ref"": ""Main Track"", ""railway_milepost"": ""S"", ""ref"": ""AB"", ""tiger:cfcc"": ""B11"", ""tiger:county"": ""Wake, NC"", ""tiger:name_base"": ""Seaboard Coast Line Railroad"", ""usage"": ""branch""}"
RAL-01,way,52629117,Raleigh West District - Varina Branch,railway,rail,Point,railway_track_infrastructure,"{""electrified"": ""no"", ""gauge"": ""1435"", ""maxspeed"": ""10 mph"", ""maxspeed:freight"": ""10 mph"", ""name"": ""Raleigh West District - Varina Branch"", ""old_railway_operator"": ""NS"", ""operator"": ""Norfolk Southern Railway"", ""operator:wikidata"": ""Q1321054"", ""owner"": ""Norfolk Southern Railway"", ""railway"": ""rail"", ""railway:atc"": ""no"", ""railway:ctc"": ""no"", ""railway:preferred_direction"": ""both"", ""railway:ptc"": ""no"", ""railway:track_class"": ""1"", ""railway:track_ref"": ""Main Track"", ""railway:traffic_mode"": ""freight"", ""railway:twc"": ""yes"", ""railway_milepost"": ""NS"", ""ref"": ""62CF"", ""usage"": ""branch""}"
RAL-01,way,68115248,NS-Line,railway,rail,Point,railway_track_infrastructure,"{""electrified"": ""no"", ""gauge"": ""1435"", ""name"": ""NS-Line"", ""old_railway_operator"": ""NS"", ""operator"": ""Norfolk Southern Railway"", ""operator:wikidata"": ""Q1321054"", ""railway"": ""rail"", ""usage"": ""branch""}"
RAL-01,way,68115249,NS-Line,railway,rail,Point,railway_track_infrastructure,"{""bridge"": ""yes"", ""electrified"": ""no"", ""gauge"": ""1435"", ""layer"": ""1"", ""name"": ""NS-Line"", ""old_railway_operator"": ""NS"", ""operator"": ""Norfolk Southern Railway"", ""operator:wikidata"": ""Q1321054"", ""railway"": ""rail"", ""usage"": ""branch""}"
RAL-01,way,77262837,NS-Line,railway,rail,Point,railway_track_infrastructure,"{""bridge"": ""yes"", ""electrified"": ""no"", ""gauge"": ""1435"", ""layer"": ""1"", ""name"": ""NS-Line"", ""old_railway_operator"": ""NS"", ""operator"": ""Norfolk Southern Railway"", ""operator:wikidata"": ""Q1321054"", ""railway"": ""rail"", ""usage"": ""branch""}"
RAL-01,way,77262841,NS-Line,railway,rail,Point,railway_track_infrastructure,"{""electrified"": ""no"", ""embankment"": ""yes"", ""gauge"": ""1435"", ""name"": ""NS-Line"", ""old_railway_operator"": ""NS"", ""operator"": ""Norfolk Southern Railway"", ""operator:wikidata"": ""Q1321054"", ""railway"": ""rail"", ""usage"": ""branch""}"
RAL-01,way,77262843,NS-Line,railway,rail,Point,railway_track_infrastructure,"{""bridge"": ""yes"", ""electrified"": ""no"", ""gauge"": ""1435"", ""layer"": ""1"", ""name"": ""NS-Line"", ""old_railway_operator"": ""NS"", ""operator"": ""Norfolk Southern Railway"", ""operator:wikidata"": ""Q1321054"", ""railway"": ""rail"", ""usage"": ""branch""}"
RAL-01,way,77262850,NS-Line,railway,rail,Point,railway_track_infrastructure,"{""bridge"": ""yes"", ""electrified"": ""no"", ""gauge"": ""1435"", ""layer"": ""1"", ""name"": ""NS-Line"", ""old_railway_operator"": ""NS"", ""operator"": ""Norfolk Southern Railway"", ""operator:wikidata"": ""Q1321054"", ""railway"": ""rail"", ""usage"": ""branch""}"
RAL-01,way,77262858,NS-Line,railway,rail,Point,railway_track_infrastructure,"{""electrified"": ""no"", ""embankment"": ""yes"", ""gauge"": ""1435"", ""name"": ""NS-Line"", ""old_railway_operator"": ""NS"", ""operator"": ""Norfolk Southern Railway"", ""operator:wikidata"": ""Q1321054"", ""railway"": ""rail"", ""usage"": ""branch""}"
RAL-01,way,77262876,NS-Line,railway,rail,Point,railway_track_infrastructure,"{""electrified"": ""no"", ""embankment"": ""yes"", ""gauge"": ""1435"", ""name"": ""NS-Line"", ""old_railway_operator"": ""NS"", ""operator"": ""Norfolk Southern Railway"", ""operator:wikidata"": ""Q1321054"", ""railway"": ""rail"", ""usage"": ""branch""}"
RAL-01,way,99028919,GoRaleigh Station,amenity,bus_station,Point,retained:named_poi,"{""amenity"": ""bus_station"", ""bus"": ""yes"", ""name"": ""GoRaleigh Station"", ""network"": ""GoRaleigh"", ""operator"": ""GoRaleigh"", ""public_transport"": ""station""}"
RAL-01,way,99029169,Blount Street Parking Deck,amenity,parking,Point,low_value_category,"{""access"": ""yes"", ""addr:city"": ""Raleigh"", ""addr:country"": ""US"", ""addr:housenumber"": ""314"", ""addr:postcode"": ""27601"", ""addr:state"": ""NC"", ""addr:street"": ""South Blount Street"", ""amenity"": ""parking"", ""building"": ""yes"", ""building:levels"": ""7"", ""capacity"": ""1238"", ""fee"": ""yes"", ""name"": ""Blount Street Parking Deck"", ""operator"": ""ParkLink (City of Raleigh)"", ""parking"": ""multi-storey""}"
RAL-01,way,99052003,,amenity,parking,Point,low_value_category,"{""access"": ""yes"", ""amenity"": ""parking"", ""building"": ""yes"", ""fee"": ""yes"", ""parking"": ""multi-storey""}"
RAL-01,way,99052007,,amenity,parking,Point,low_value_category,"{""amenity"": ""parking"", ""building"": ""yes"", ""parking"": ""multi-storey""}"
RAL-01,way,101545324,H-Line,railway,rail,Point,railway_track_infrastructure,"{""electrified"": ""no"", ""gauge"": ""1435"", ""maxspeed"": ""35 mph"", ""name"": ""H-Line"", ""note:old_railway_operator"": ""North Carolina Railroad"", ""old_railway_operator"": ""Southern"", ""operator"": ""Norfolk Southern Railway"", ""operator:wikidata"": ""Q1321054"", ""owner"": ""North Carolina Railroad"", ""railway"": ""rail"", ""tiger:reviewed"": ""yes"", ""usage"": ""main""}"
RAL-01,way,101545330,,railway,rail,Point,representative_point_outside_region,"{""railway"": ""rail"", ""usage"": ""branch""}"
RAL-01,way,135692670,Red Hat Amphitheater,amenity,theatre,Point,retained:named_poi,"{""addr:city"": ""Raleigh"", ""addr:housenumber"": ""500"", ""addr:postcode"": ""27601"", ""addr:state"": ""NC"", ""addr:street"": ""South McDowell Street"", ""amenity"": ""theatre"", ""building"": ""yes"", ""name"": ""Red Hat Amphitheater"", ""website"": ""https://www.redhatamphitheater.com""}"
RAL-01,way,135692671,,amenity,parking,Point,low_value_category,"{""amenity"": ""parking"", ""building"": ""yes"", ""parking"": ""multi-storey"", ""surface"": ""concrete""}"
RAL-01,way,135692672,Red Hat Amphitheater,amenity,theatre,Point,retained:named_poi,"{""addr:city"": ""Raleigh"", ""addr:housenumber"": ""500"", ""addr:postcode"": ""27601"", ""addr:state"": ""NC"", ""addr:street"": ""South Salisbury Street"", ""amenity"": ""theatre"", ""name"": ""Red Hat Amphitheater"", ""phone"": ""+1-919-996-8500"", ""theatre:type"": ""amphi"", ""website"": ""https://www.redhatamphitheater.com/""}"
RAL-01,way,135692673,Atlantic Union Bank Convention Center,amenity,conference_centre,Point,retained:named_poi,"{""addr:city"": ""Raleigh"", ""addr:housenumber"": ""500"", ""addr:postcode"": ""27601"", ""addr:state"": ""NC"", ""addr:street"": ""South Salisbury Street"", ""air_conditioning"": ""yes"", ""amenity"": ""conference_centre"", ""building"": ""public"", ""check_date"": ""2024-10-28"", ""internet_access"": ""wlan"", ""internet_access:fee"": ""customers"", ""name"": ""Atlantic Union Bank Convention Center"", ""payment:cash"": ""yes"", ""payment:credit_cards"": ""yes"", ""payment:debit_cards"": ""yes"", ""phone"": ""+1-919-996-8500"", ""website"": ""https://www.raleighconvention.com/"", ""wheelchair"": ""yes"", ""wikidata"": ""Q7286901"", ""wikipedia"": ""en:Atlantic Union Bank Convention Center""}"
RAL-01,way,140352570,H-Line,railway,rail,Point,railway_track_infrastructure,"{""electrified"": ""no"", ""gauge"": ""1435"", ""maxspeed"": ""20 mph"", ""name"": ""H-Line"", ""note:old_railway_operator"": ""North Carolina Railroad"", ""old_railway_operator"": ""Southern"", ""operator"": ""Norfolk Southern Railway"", ""operator:wikidata"": ""Q1321054"", ""owner"": ""North Carolina Railroad"", ""railway"": ""rail"", ""railway:ctc"": ""yes"", ""railway:etms"": ""yes"", ""railway:ptc"": ""yes"", ""railway_milepost"": ""NC"", ""ref"": ""NCRR"", ""usage"": ""main""}"
RAL-01,way,148163970,Deck 77,amenity,parking,Point,low_value_category,"{""amenity"": ""parking"", ""building"": ""yes"", ""name"": ""Deck 77"", ""parking"": ""multi-storey""}"
RAL-01,way,148163971,State Employee's Credit Union Headquarters,office,financial,Point,retained:named_poi,"{""addr:city"": ""Raleigh"", ""addr:state"": ""NC"", ""building"": ""yes"", ""building:levels"": ""12"", ""height"": ""46.6 m"", ""name"": ""State Employee's Credit Union Headquarters"", ""office"": ""financial""}"
RAL-01,way,148163972,North Carolina Museum of Natural Sciences: Nature Research Center,tourism,museum,Point,retained:named_poi,"{""addr:city"": ""Raleigh"", ""addr:country"": ""US"", ""addr:housenumber"": ""11"", ""addr:postcode"": ""27601"", ""addr:state"": ""NC"", ""addr:street"": ""West Jones Street"", ""building"": ""yes"", ""building:levels"": ""4"", ""fee"": ""yes"", ""name"": ""North Carolina Museum of Natural Sciences: Nature Research Center"", ""opening_hours"": ""Tu-Su 10:00-17:00"", ""tourism"": ""museum"", ""website"": ""https://naturalsciences.org/""}"
RAL-01,way,169365410,Connection Track,railway,rail,Point,railway_track_infrastructure,"{""electrified"": ""no"", ""gauge"": ""1435"", ""maxspeed"": ""10 mph"", ""maxspeed:freight"": ""10 mph"", ""name"": ""Connection Track"", ""old_railway_operator"": ""Southern"", ""operator"": ""Norfolk Southern Railway"", ""operator:wikidata"": ""Q1321054"", ""owner"": ""North Carolina Railroad"", ""railway"": ""rail"", ""railway:ctc"": ""yes"", ""railway:ptc"": ""yes"", ""railway:track_ref"": ""CONN"", ""tiger:cfcc"": ""B11"", ""tiger:county"": ""Wake, NC"", ""tiger:name_base"": ""Norfolk Southern Railway"", ""usage"": ""branch""}"
RAL-01,way,169365413,Norfolk Southern Railway,railway,rail,Point,railway_track_infrastructure,"{""operator"": ""Norfolk Southern Railway"", ""operator:wikidata"": ""Q1321054"", ""railway"": ""rail"", ""railway:ctc"": ""yes"", ""railway:etms"": ""yes"", ""railway:ptc"": ""yes"", ""service"": ""crossover""}"
RAL-01,way,169365416,Connection Track,railway,rail,Point,railway_track_infrastructure,"{""electrified"": ""no"", ""gauge"": ""1435"", ""maxspeed"": ""10 mph"", ""maxspeed:freight"": ""10 mph"", ""name"": ""Connection Track"", ""old_railway_operator"": ""SAL"", ""operator"": ""Norfolk Southern Railway"", ""operator:wikidata"": ""Q856783"", ""railway"": ""rail"", ""railway:ctc"": ""yes"", ""railway:etms"": ""yes"", ""railway:ptc"": ""yes"", ""railway:track_ref"": ""CONN"", ""tiger:cfcc"": ""B11"", ""tiger:county"": ""Wake, NC"", ""tiger:name_base"": ""Norfolk Southern Railway"", ""usage"": ""branch""}"
RAL-01,way,169601523,Aberdeen Subdivision,railway,rail,Point,railway_track_infrastructure,"{""electrified"": ""no"", ""gauge"": ""1435"", ""maxspeed"": ""20 mph"", ""maxspeed:freight"": ""20 mph"", ""name"": ""Aberdeen Subdivision"", ""old_railway_operator"": ""SAL"", ""operator"": ""CSX Transportation"", ""operator:wikidata"": ""Q856783"", ""railway"": ""rail"", ""railway:ctc"": ""yes"", ""railway:etms"": ""yes"", ""railway:ptc"": ""yes"", ""railway:track_ref"": ""Main Track"", ""railway_milepost"": ""S"", ""ref"": ""AB"", ""usage"": ""branch""}"
RAL-01,way,189846068,Union Square,leisure,park,Point,retained:named_poi,"{""leisure"": ""park"", ""name"": ""Union Square""}"
RAL-01,way,194727762,Lot 18,amenity,parking,Point,low_value_category,"{""amenity"": ""parking"", ""name"": ""Lot 18"", ""parking"": ""surface"", ""surface"": ""asphalt""}"
RAL-01,way,195056160,William Peace University,amenity,university,Point,retained:named_poi,"{""addr:city"": ""Raleigh"", ""addr:housenumber"": ""15"", ""addr:postcode"": ""27604"", ""addr:state"": ""NC"", ""addr:street"": ""East Peace Street"", ""amenity"": ""university"", ""name"": ""William Peace University"", ""wikidata"": ""Q8016704"", ""wikipedia"": ""en:William Peace University""}"
RAL-01,way,196030328,,amenity,parking,Point,low_value_category,"{""amenity"": ""parking"", ""parking"": ""surface"", ""surface"": ""asphalt""}"
RAL-01,way,196030410,Lot 22,amenity,parking,Point,low_value_category,"{""amenity"": ""parking"", ""name"": ""Lot 22"", ""parking"": ""surface"", ""surface"": ""asphalt""}"
RAL-01,way,196032840,Lot 22,amenity,parking,Point,low_value_category,"{""amenity"": ""parking"", ""name"": ""Lot 22"", ""parking"": ""surface"", ""surface"": ""asphalt""}"
RAL-01,way,196032910,,amenity,parking,Polygon,low_value_category,"{""amenity"": ""parking"", ""parking"": ""surface"", ""surface"": ""asphalt""}"
RAL-01,way,196113959,Sacred Heart Cathedral,amenity,place_of_worship,Polygon,retained:named_poi,"{""amenity"": ""place_of_worship"", ""denomination"": ""roman_catholic"", ""name"": ""Sacred Heart Cathedral"", ""religion"": ""christian"", ""wikidata"": ""Q7397114""}"
RAL-01,way,196120758,,amenity,parking,Polygon,low_value_category,"{""amenity"": ""parking"", ""parking"": ""surface"", ""surface"": ""asphalt""}"
RAL-01,way,196120763,,amenity,parking,Polygon,low_value_category,"{""amenity"": ""parking"", ""parking"": ""surface""}"
RAL-01,way,196120861,,amenity,parking,Polygon,low_value_category,"{""amenity"": ""parking"", ""parking"": ""surface""}"
RAL-01,way,196164624,Campbell University: Norman Adrian Wiggins School of Law,amenity,university,Polygon,retained:named_poi,"{""amenity"": ""university"", ""name"": ""Campbell University: Norman Adrian Wiggins School of Law"", ""wikipedia"": ""en:Norman Adrian Wiggins School of Law""}"
RAL-01,way,196165725,,amenity,parking,Polygon,low_value_category,"{""amenity"": ""parking"", ""building"": ""parking"", ""parking"": ""multi-storey""}"
RAL-01,way,196166886,,amenity,parking,Polygon,low_value_category,"{""amenity"": ""parking"", ""parking"": ""surface"", ""surface"": ""asphalt""}"
RAL-01,way,196166889,,amenity,parking,Polygon,low_value_category,"{""amenity"": ""parking"", ""parking"": ""surface"", ""surface"": ""asphalt""}"
RAL-01,way,196313576,,amenity,parking,Polygon,low_value_category,"{""amenity"": ""parking"", ""parking"": ""surface"", ""surface"": ""asphalt""}"
RAL-01,way,196313579,,amenity,parking,Polygon,low_value_category,"{""amenity"": ""parking"", ""parking"": ""surface"", ""surface"": ""asphalt""}"
RAL-01,way,196343585,,amenity,restaurant,Polygon,retained:inherently_meaningful,"{""addr:city"": ""Raleigh"", ""addr:housenumber"": ""330"", ""addr:postcode"": ""27603"", ""addr:state"": ""NC"", ""addr:street"": ""Hillsborough Street"", ""amenity"": ""restaurant"", ""building"": ""yes"", ""wikidata"": ""Q5287722"", ""wikipedia"": ""en:Dodd-Hinsdale House""}"
RAL-01,way,196349444,,amenity,parking,Polygon,low_value_category,"{""amenity"": ""parking"", ""parking"": ""surface""}"
RAL-01,way,196586326,Exploris Middle School,amenity,school,Polygon,retained:named_poi,"{""amenity"": ""school"", ""name"": ""Exploris Middle School""}"
RAL-01,way,196587792,,amenity,parking,Polygon,low_value_category,"{""amenity"": ""parking"", ""parking"": ""surface""}"
RAL-01,way,196587794,,amenity,parking,Polygon,low_value_category,"{""amenity"": ""parking"", ""parking"": ""surface""}"
RAL-01,way,196587797,,amenity,parking,Polygon,low_value_category,"{""amenity"": ""parking"", ""parking"": ""surface""}"
RAL-01,way,196588245,,amenity,parking,Polygon,low_value_category,"{""amenity"": ""parking"", ""parking"": ""surface""}"
RAL-01,way,196601965,,amenity,parking,Polygon,low_value_category,"{""amenity"": ""parking"", ""parking"": ""surface"", ""surface"": ""unpaved""}"
RAL-01,way,196603011,,amenity,parking,Polygon,low_value_category,"{""amenity"": ""parking"", ""parking"": ""surface"", ""surface"": ""asphalt""}"
RAL-01,way,196603936,,amenity,parking,Polygon,low_value_category,"{""amenity"": ""parking"", ""parking"": ""surface"", ""surface"": ""asphalt""}"
RAL-01,way,196603937,,amenity,parking,Polygon,low_value_category,"{""amenity"": ""parking"", ""parking"": ""surface"", ""surface"": ""asphalt""}"
RAL-01,way,196606056,,amenity,parking,Polygon,low_value_category,"{""amenity"": ""parking"", ""parking"": ""surface""}"
RAL-01,way,196606067,,amenity,parking,Polygon,low_value_category,"{""amenity"": ""parking"", ""parking"": ""surface""}"
RAL-01,way,196946649,,amenity,parking,Polygon,low_value_category,"{""amenity"": ""parking"", ""fee"": ""yes"", ""parking"": ""surface""}"
RAL-01,way,196946651,,amenity,parking,Polygon,low_value_category,"{""amenity"": ""parking"", ""fee"": ""yes"", ""parking"": ""surface""}"
RAL-01,way,197533234,North Carolina Museum of History,tourism,museum,Polygon,retained:named_poi,"{""addr:city"": ""Raleigh"", ""addr:housenumber"": ""5"", ""addr:postcode"": ""27601"", ""addr:state"": ""NC"", ""addr:street"": ""East Edenton Street"", ""name"": ""North Carolina Museum of History"", ""opening_hours"": ""off"", ""phone"": ""+1 919-807-7900"", ""tourism"": ""museum"", ""website"": ""https://www.ncmuseumofhistory.org/"", ""wikidata"": ""Q7054557""}"
RAL-01,way,197842115,North Carolina Museum of Natural Sciences,tourism,museum,Polygon,retained:named_poi,"{""addr:city"": ""Raleigh"", ""addr:country"": ""US"", ""addr:housenumber"": ""11"", ""addr:postcode"": ""27601"", ""addr:state"": ""NC"", ""addr:street"": ""West Jones Street"", ""alt_name"": ""North Carolina Museum of Natural Sciences: Nature Exploration Center"", ""building"": ""yes"", ""fee"": ""no"", ""firearms"": ""no"", ""name"": ""North Carolina Museum of Natural Sciences"", ""opening_hours"": ""Tu-Su 10:00-17:00"", ""phone"": ""+1 919-707-9800"", ""tourism"": ""museum"", ""website"": ""https://naturalsciences.org/"", ""wikidata"": ""Q2483656"", ""wikipedia"": ""en:North Carolina Museum of Natural Sciences""}"
RAL-01,way,197842697,,tourism,museum,Polygon,retained:inherently_meaningful,"{""addr:city"": ""Raleigh"", ""addr:housenumber"": ""11"", ""addr:postcode"": ""27601"", ""addr:state"": ""NC"", ""addr:street"": ""West Jones Street"", ""fee"": ""yes"", ""tourism"": ""museum"", ""website"": ""https://naturalsciences.org/""}"
RAL-01,way,197844439,United States Post Office: Capitol,amenity,post_office,Polygon,retained:named_poi,"{""amenity"": ""post_office"", ""name"": ""United States Post Office: Capitol"", ""operator"": ""United States Postal Service"", ""operator:short"": ""USPS"", ""operator:type"": ""public"", ""operator:website"": ""https://www.usps.com"", ""operator:wikidata"": ""Q668687"", ""operator:wikipedia"": ""en:United States Postal Service""}"
RAL-01,way,197853600,Moore Square Middle School,amenity,school,Polygon,retained:named_poi,"{""amenity"": ""school"", ""name"": ""Moore Square Middle School""}"
RAL-01,way,198193145,,amenity,parking,Polygon,low_value_category,"{""amenity"": ""parking"", ""parking"": ""surface"", ""surface"": ""asphalt""}"
RAL-01,way,198193863,,amenity,parking,Polygon,low_value_category,"{""amenity"": ""parking"", ""parking"": ""surface"", ""surface"": ""asphalt""}"
RAL-01,way,199694024,Deck 76,amenity,parking,Polygon,low_value_category,"{""addr:housenumber"": ""415"", ""addr:street"": ""North Salisbury Street"", ""amenity"": ""parking"", ""building"": ""yes"", ""name"": ""Deck 76"", ""parking"": ""multi-storey""}"
RAL-01,way,199694025,Deck 75,amenity,parking,Polygon,low_value_category,"{""addr:housenumber"": ""333"", ""addr:street"": ""North Salisbury Street"", ""amenity"": ""parking"", ""building"": ""yes"", ""name"": ""Deck 75"", ""parking"": ""multi-storey""}"
RAL-01,way,199694141,Deck 64,amenity,parking,Polygon,low_value_category,"{""addr:housenumber"": ""413"", ""addr:street"": ""North Salisbury Street"", ""amenity"": ""parking"", ""building"": ""yes"", ""building:levels"": ""4"", ""name"": ""Deck 64"", ""parking"": ""multi-storey""}"
RAL-01,way,199694490,,amenity,parking,Polygon,low_value_category,"{""amenity"": ""parking"", ""parking"": ""surface""}"
RAL-01,way,199694491,Lot 25,amenity,parking,Polygon,low_value_category,"{""amenity"": ""parking"", ""name"": ""Lot 25"", ""parking"": ""surface"", ""surface"": ""asphalt""}"
RAL-01,way,199694492,Lot 48,amenity,parking,Polygon,low_value_category,"{""amenity"": ""parking"", ""name"": ""Lot 48"", ""parking"": ""surface"", ""surface"": ""asphalt""}"
RAL-01,way,199739106,The Longleaf Hotel,tourism,hotel,Polygon,retained:named_poi,"{""bar"": ""yes"", ""name"": ""The Longleaf Hotel"", ""tourism"": ""hotel"", ""website"": ""https://www.thelongleafhotel.com/""}"
RAL-01,way,199739162,,amenity,parking,Polygon,low_value_category,"{""amenity"": ""parking"", ""parking"": ""surface"", ""surface"": ""asphalt""}"
RAL-01,way,199739375,,amenity,parking,Polygon,low_value_category,"{""amenity"": ""parking"", ""parking"": ""surface"", ""surface"": ""asphalt""}"
RAL-01,way,199739376,,amenity,parking,Polygon,low_value_category,"{""amenity"": ""parking"", ""parking"": ""surface"", ""surface"": ""asphalt""}"
RAL-01,way,199752515,Merrimon-Wynne House,amenity,events_venue,Polygon,retained:named_poi,"{""addr:city"": ""Raleigh"", ""addr:country"": ""US"", ""addr:housename"": ""Merrimon-Wynne House"", ""addr:housenumber"": ""500"", ""addr:postcode"": ""27604"", ""addr:state"": ""NC"", ""addr:street"": ""North Blount Street"", ""amenity"": ""events_venue"", ""building"": ""yes"", ""name"": ""Merrimon-Wynne House"", ""phone"": ""+1-919-906-1026"", ""website"": ""https://www.merrimonwynne.com/"", ""wikidata"": ""Q21016052""}"
RAL-01,way,199822115,,amenity,parking,Polygon,low_value_category,"{""amenity"": ""parking"", ""parking"": ""surface""}"
RAL-01,way,199826241,,amenity,parking,Polygon,low_value_category,"{""amenity"": ""parking"", ""parking"": ""surface"", ""surface"": ""asphalt""}"
RAL-01,way,199826255,,amenity,parking,Polygon,low_value_category,"{""amenity"": ""parking"", ""parking"": ""surface"", ""surface"": ""asphalt""}"
RAL-01,way,199827613,Lot 5,amenity,parking,Polygon,low_value_category,"{""amenity"": ""parking"", ""name"": ""Lot 5"", ""parking"": ""surface""}"
RAL-01,way,199829198,Lot 5,amenity,parking,Polygon,low_value_category,"{""amenity"": ""parking"", ""name"": ""Lot 5"", ""parking"": ""surface""}"
RAL-01,way,199908788,,amenity,parking,Polygon,low_value_category,"{""amenity"": ""parking"", ""parking"": ""surface"", ""surface"": ""asphalt""}"
RAL-01,way,199908793,,amenity,parking,Polygon,low_value_category,"{""amenity"": ""parking"", ""parking"": ""surface"", ""surface"": ""asphalt""}"
RAL-01,way,199908794,,amenity,parking,Polygon,low_value_category,"{""amenity"": ""parking"", ""parking"": ""surface""}"
RAL-01,way,199913820,,amenity,parking,Polygon,low_value_category,"{""amenity"": ""parking"", ""parking"": ""surface""}"
RAL-01,way,199920888,,amenity,parking,Polygon,low_value_category,"{""amenity"": ""parking"", ""parking"": ""surface"", ""surface"": ""asphalt""}"
RAL-01,way,204963049,Masonic Temple Building,historic,building,Polygon,retained:named_poi,"{""addr:city"": ""Raleigh"", ""addr:housenumber"": ""133"", ""addr:postcode"": ""27601"", ""addr:state"": ""NC"", ""addr:street"": ""Fayetteville Street"", ""building"": ""commercial"", ""building:levels"": ""7"", ""description"": ""The Masonic Temple Building was the state's first reinforced concrete skyscraper built in 1907."", ""historic"": ""building"", ""image"": ""https://commons.wikimedia.org/wiki/File:Masonic_Temple_Building_Modern.JPG"", ""name"": ""Masonic Temple Building"", ""start_date"": ""1907"", ""wikipedia"": ""en:Masonic Temple Building (Fayetteville Street, Raleigh, North Carolina)""}"
RAL-01,way,209632643,First Citizens Bank,amenity,bank,Polygon,retained:named_poi,"{""addr:city"": ""Raleigh"", ""addr:country"": ""US"", ""addr:housenumber"": ""239"", ""addr:postcode"": ""27601"", ""addr:state"": ""NC"", ""addr:street"": ""Fayetteville Street"", ""amenity"": ""bank"", ""atm"": ""yes"", ""brand"": ""First Citizens Bank"", ""brand:wikidata"": ""Q117419474"", ""building"": ""yes"", ""building:levels"": ""4"", ""name"": ""First Citizens Bank"", ""opening_hours"": ""Mo-Fr 09:00-17:00"", ""phone"": ""+1-919-716-7050"", ""website"": ""https://www.firstcitizens.com/""}"
RAL-01,way,209632645,American Underground @ Raleigh,office,startup_incubator,Polygon,retained:named_poi,"{""addr:city"": ""Raleigh"", ""addr:country"": ""US"", ""addr:housenumber"": ""213"", ""addr:postcode"": ""27601"", ""addr:state"": ""NC"", ""addr:street"": ""Fayetteville Street"", ""building"": ""yes"", ""building:levels"": ""3"", ""name"": ""American Underground @ Raleigh"", ""office"": ""startup_incubator"", ""website"": ""https://americanunderground.com/""}"
RAL-01,way,209632650,One Exchange Plaza,office,government,Polygon,retained:named_poi,"{""building"": ""yes"", ""building:levels"": ""11"", ""name"": ""One Exchange Plaza"", ""office"": ""government"", ""source"": ""City of Raleigh GIS""}"
RAL-01,way,209632660,Morning Times,amenity,cafe,Polygon,retained:named_poi,"{""addr:city"": ""Raleigh"", ""addr:country"": ""US"", ""addr:housenumber"": ""10"", ""addr:postcode"": ""27601"", ""addr:state"": ""NC"", ""addr:street"": ""East Hargett Street"", ""amenity"": ""cafe"", ""building"": ""yes"", ""building:levels"": ""2"", ""name"": ""Morning Times"", ""opening_hours"": ""Mo-Su 07:00-18:00"", ""phone"": ""+1-919-836-1204"", ""website"": ""https://www.morningtimes-raleigh.com/""}"
RAL-01,way,209632661,Munjo Munjo,shop,gift,Polygon,retained:named_poi,"{""addr:city"": ""Raleigh"", ""addr:country"": ""US"", ""addr:housenumber"": ""20"", ""addr:postcode"": ""27601"", ""addr:state"": ""NC"", ""addr:street"": ""East Hargett Street"", ""building"": ""yes"", ""building:levels"": ""2"", ""name"": ""Munjo Munjo"", ""phone"": ""+1-919-410-8673"", ""shop"": ""gift"", ""website"": ""https://www.munjomunjo.com/""}"
RAL-01,way,209632662,The Raleigh Times Bar,amenity,bar,Polygon,retained:named_poi,"{""addr:city"": ""Raleigh"", ""addr:country"": ""US"", ""addr:housenumber"": ""14"", ""addr:postcode"": ""27601"", ""addr:state"": ""NC"", ""addr:street"": ""East Hargett Street"", ""amenity"": ""bar"", ""building"": ""yes"", ""building:levels"": ""2"", ""name"": ""The Raleigh Times Bar"", ""opening_hours"": ""Su-Th 11:00-22:00; Fr,Sa 11:00-24:00"", ""website"": ""https://www.raleightimesbar.com/""}"
RAL-01,way,256664184,,railway,rail,LineString,representative_point_outside_region,"{""railway"": ""rail"", ""service"": ""yard""}"
RAL-01,way,256664190,,railway,rail,LineString,railway_track_infrastructure,"{""railway"": ""rail"", ""service"": ""yard""}"
RAL-01,way,256664191,,railway,rail,LineString,railway_track_infrastructure,"{""railway"": ""rail"", ""service"": ""yard""}"
RAL-01,way,288587395,Fire Wok,amenity,fast_food,Polygon,retained:named_poi,"{""addr:city"": ""Raleigh"", ""addr:country"": ""US"", ""addr:housenumber"": ""442"", ""addr:postcode"": ""27601"", ""addr:state"": ""NC"", ""addr:street"": ""Fayetteville Street"", ""amenity"": ""fast_food"", ""building"": ""retail"", ""check_date"": ""2026-07-24"", ""check_date:opening_hours"": ""2026-07-24"", ""cuisine"": ""asian"", ""layer"": ""1"", ""name"": ""Fire Wok"", ""opening_hours"": ""Mo-Fr 11:00-18:00; Sa 11:00-15:00"", ""phone"": ""+1 919-821-8089"", ""website"": ""https://www.firewoknc.com/""}"
RAL-01,way,288587424,Cabarrus Deck,amenity,parking,Polygon,low_value_category,"{""amenity"": ""parking"", ""building"": ""parking"", ""building:levels"": ""6"", ""building:use"": ""commercial"", ""capacity"": ""533"", ""fee"": ""yes"", ""name"": ""Cabarrus Deck"", ""parking"": ""multi-storey"", ""source"": ""WakeGIS""}"
RAL-01,way,288587437,,amenity,parking,Polygon,low_value_category,"{""amenity"": ""parking"", ""fee"": ""yes"", ""parking"": ""surface""}"
RAL-01,way,297829071,Central Downtown Plaza,leisure,park,Polygon,retained:named_poi,"{""leisure"": ""park"", ""name"": ""Central Downtown Plaza""}"
RAL-01,way,310012128,Wake County Justice Center,amenity,courthouse,Polygon,retained:named_poi,"{""amenity"": ""courthouse"", ""building"": ""yes"", ""height"": ""78.3"", ""name"": ""Wake County Justice Center""}"
RAL-01,way,310012129,,amenity,parking,Polygon,low_value_category,"{""amenity"": ""parking"", ""parking"": ""surface""}"
RAL-01,way,310168480,Quorum Center,tourism,apartment,Polygon,retained:named_poi,"{""addr:city"": ""Raleigh"", ""addr:housenumber"": ""323"", ""addr:postcode"": ""27603"", ""addr:state"": ""NC"", ""addr:street"": ""West Jones Street"", ""building"": ""yes"", ""layer"": ""1"", ""name"": ""Quorum Center"", ""tourism"": ""apartment""}"
RAL-01,way,310168483,,amenity,parking,Polygon,low_value_category,"{""access"": ""private"", ""addr:city"": ""Raleigh"", ""addr:country"": ""US"", ""addr:housenumber"": ""444"", ""addr:postcode"": ""27601"", ""addr:state"": ""NC"", ""addr:street"": ""South Blount Street"", ""amenity"": ""parking"", ""building"": ""yes"", ""building:levels"": ""3"", ""parking"": ""multi-storey""}"
RAL-01,way,310324640,AIA North Carolina,office,ngo,Polygon,retained:named_poi,"{""addr:city"": ""Raleigh"", ""addr:country"": ""US"", ""addr:housenumber"": ""14"", ""addr:postcode"": ""27604"", ""addr:state"": ""NC"", ""addr:street"": ""East Peace Street"", ""building"": ""yes"", ""building:levels"": ""3"", ""name"": ""AIA North Carolina"", ""office"": ""ngo""}"
RAL-01,way,310324647,Jimmy John's,amenity,fast_food,Polygon,retained:named_poi,"{""addr:city"": ""Raleigh"", ""addr:country"": ""US"", ""addr:housenumber"": ""437"", ""addr:postcode"": ""27601"", ""addr:state"": ""NC"", ""addr:street"": ""Fayetteville Street"", ""amenity"": ""fast_food"", ""brand"": ""Jimmy John's"", ""brand:wikidata"": ""Q1689380"", ""building"": ""yes"", ""check_date"": ""2026-07-24"", ""check_date:opening_hours"": ""2026-07-24"", ""cuisine"": ""sandwich"", ""layer"": ""1"", ""name"": ""Jimmy John's"", ""official_name"": ""Jimmy John's Gourmet Sandwiches"", ""opening_hours"": ""Mo-Su 10:00-19:00"", ""phone"": ""+1 919-754-0101"", ""takeaway"": ""yes"", ""website"": ""https://locations.jimmyjohns.com/nc/raleigh/sandwiches-1025.html""}"
RAL-01,way,310324648,Pita Bowl,amenity,fast_food,Polygon,retained:named_poi,"{""addr:city"": ""Raleigh"", ""addr:country"": ""US"", ""addr:housenumber"": ""438"", ""addr:postcode"": ""27601"", ""addr:state"": ""NC"", ""addr:street"": ""Fayetteville Street"", ""amenity"": ""fast_food"", ""building"": ""retail"", ""layer"": ""1"", ""name"": ""Pita Bowl"", ""opening_hours"": ""Mo-Sa 11:00-20:00""}"
RAL-01,way,310454536,PNC Plaza,leisure,park,Polygon,retained:named_poi,"{""building:part"": ""yes"", ""height"": ""87 m"", ""leisure"": ""park"", ""name"": ""PNC Plaza""}"
RAL-01,way,310745787,ShareFile Parking Deck,amenity,parking,Polygon,low_value_category,"{""access"": ""private"", ""amenity"": ""parking"", ""building"": ""yes"", ""name"": ""ShareFile Parking Deck"", ""operator"": ""ShareFile"", ""operator:type"": ""private"", ""park_ride"": ""no"", ""parking"": ""multi-storey"", ""surface"": ""concrete""}"
RAL-01,way,310746571,,amenity,parking,Polygon,low_value_category,"{""amenity"": ""parking"", ""parking"": ""surface"", ""surface"": ""asphalt""}"
RAL-01,way,310746572,,amenity,parking,Polygon,low_value_category,"{""amenity"": ""parking"", ""parking"": ""surface""}"
RAL-01,way,318161136,,amenity,parking,Polygon,low_value_category,"{""access"": ""private"", ""amenity"": ""parking"", ""building"": ""yes"", ""building:levels"": ""6"", ""parking"": ""multi-storey""}"
RAL-01,way,318468748,Mechanics and Farmers Bank,amenity,bank,Polygon,retained:named_poi,"{""addr:city"": ""Raleigh"", ""addr:country"": ""US"", ""addr:housenumber"": ""13"", ""addr:postcode"": ""27601"", ""addr:state"": ""NC"", ""addr:street"": ""East Hargett Street"", ""amenity"": ""bank"", ""atm"": ""yes"", ""building"": ""yes"", ""building:levels"": ""3"", ""name"": ""Mechanics and Farmers Bank""}"
RAL-01,way,323712276,Capital Club 16,amenity,restaurant,Polygon,retained:named_poi,"{""addr:city"": ""Raleigh"", ""addr:country"": ""US"", ""addr:housenumber"": ""16"", ""addr:state"": ""NC"", ""addr:street"": ""West Martin Street"", ""amenity"": ""restaurant"", ""building"": ""yes"", ""building:use"": ""commercial"", ""description"": ""The Capital Club Building was built in 1929. It was designed by architect Frank B. Simpson in Art Deco architecture."", ""historic"": ""building"", ""image"": ""http://en.wikipedia.org/wiki/File:Capital_Club_Building,_Raleigh.jpg"", ""name"": ""Capital Club 16"", ""opening_hours"": ""Mo-Fr 11:30-14:30; Tu,We 17:00-22:00; Th,Fr 17:00-23:00; Sa 18:00-23:00; Su 11:00-16:00"", ""outdoor_seating"": ""yes"", ""phone"": ""+1-919-747-9345"", ""source"": ""WakeGIS"", ""source:geometry"": ""Bing"", ""start_date"": ""1929"", ""website"": ""https://www.capitalclub16.com/"", ""wikipedia"": ""en:Capital Club Building""}"
RAL-01,way,323712277,Kings,amenity,nightclub,Polygon,retained:named_poi,"{""addr:city"": ""Raleigh"", ""addr:country"": ""US"", ""addr:housenumber"": ""14"", ""addr:state"": ""NC"", ""addr:street"": ""West Martin Street"", ""amenity"": ""nightclub"", ""building"": ""yes"", ""building:levels"": ""2"", ""building:use"": ""commercial"", ""name"": ""Kings"", ""phone"": ""+1 919-833-1091"", ""source"": ""WakeGIS"", ""source:geometry"": ""Bing"", ""website"": ""https://www.kingsraleigh.com/""}"
RAL-01,way,323712278,Raleigh Banking and Trust Company Building,historic,building,Polygon,retained:named_poi,"{""addr:city"": ""Raleigh"", ""addr:country"": ""US"", ""addr:housenumber"": ""5"", ""addr:state"": ""NC"", ""addr:street"": ""West Hargett Street"", ""building"": ""yes"", ""building:levels"": ""11"", ""heritage"": ""yes"", ""historic"": ""building"", ""image"": ""https://commons.wikimedia.org/wiki/File:Raleigh_Banking_and_Trust_Company_Building.jpg"", ""name"": ""Raleigh Banking and Trust Company Building"", ""source:geometry"": ""Bing"", ""wikidata"": ""Q20639525"", ""wikipedia"": ""en:Raleigh Banking and Trust Company Building""}"
RAL-01,way,323712280,Kimbrell's Furniture,shop,furniture,Polygon,retained:named_poi,"{""addr:city"": ""Raleigh"", ""addr:country"": ""US"", ""addr:housenumber"": ""210"", ""addr:state"": ""NC"", ""addr:street"": ""Fayetteville Street"", ""building"": ""yes"", ""building:levels"": ""2"", ""building:use"": ""commercial"", ""name"": ""Kimbrell's Furniture"", ""opening_hours"": ""Mo-Sa 10:00-20:00"", ""phone"": ""+1-919-833-2792"", ""shop"": ""furniture"", ""source"": ""WakeGIS"", ""source:geometry"": ""Bing"", ""website"": ""http://kimbrells.com/locations.php""}"
RAL-01,way,323712282,City of Raleigh Museum (COR Museum),tourism,museum,Polygon,retained:named_poi,"{""addr:city"": ""Raleigh"", ""addr:country"": ""US"", ""addr:housenumber"": ""220"", ""addr:state"": ""NC"", ""addr:street"": ""Fayetteville Street"", ""building"": ""yes"", ""building:use"": ""commercial"", ""heritage"": ""yes"", ""historic"": ""building"", ""image"": ""https://commons.wikimedia.org/wiki/File:Briggs-Hardware-Building-20080321.jpeg"", ""name"": ""City of Raleigh Museum (COR Museum)"", ""opening_hours"": ""Tu-Sa 09:00-16:00; Su 13:00-16:00"", ""phone"": ""+1-919-996-2220"", ""source"": ""WakeGIS"", ""source:geometry"": ""Bing"", ""start_date"": ""1874"", ""tourism"": ""museum"", ""website"": ""https://www.raleighnc.gov/parks/content/PRecRecreation/Articles/HRMCityMuseum.html"", ""wikipedia"": ""en:City of Raleigh Museum""}"
RAL-01,way,323712283,The Big Easy,amenity,restaurant,Polygon,retained:named_poi,"{""addr:city"": ""Raleigh"", ""addr:country"": ""US"", ""addr:housenumber"": ""222"", ""addr:state"": ""NC"", ""addr:street"": ""Fayetteville Street"", ""amenity"": ""restaurant"", ""building"": ""yes"", ""building:levels"": ""2"", ""building:use"": ""commercial"", ""check_date"": ""2023-08-09"", ""cuisine"": ""regional"", ""name"": ""The Big Easy"", ""opening_hours"": ""Mo-Su 11:00-02:00"", ""outdoor_seating"": ""yes"", ""phone"": ""+1 919-832-6082"", ""source"": ""WakeGIS"", ""source:geometry"": ""Bing"", ""website"": ""https://www.bigeasync.com/""}"
RAL-01,way,323712286,The Mahler,shop,art,Polygon,retained:named_poi,"{""addr:city"": ""Raleigh"", ""addr:country"": ""US"", ""addr:housenumber"": ""228"", ""addr:state"": ""NC"", ""addr:street"": ""Fayetteville Street"", ""building"": ""yes"", ""building:levels"": ""3"", ""building:use"": ""commercial"", ""name"": ""The Mahler"", ""opening_hours"": ""Mo-Fr 11:00-17:00; Sa 12:00-16:00"", ""phone"": ""+1-919-896-7503"", ""shop"": ""art"", ""source"": ""WakeGIS"", ""source:geometry"": ""Bing"", ""website"": ""https://www.themahlerfineart.com/""}"
RAL-01,way,323712287,North State Bank,amenity,bank,Polygon,retained:named_poi,"{""addr:city"": ""Raleigh"", ""addr:country"": ""US"", ""addr:housenumber"": ""230"", ""addr:state"": ""NC"", ""addr:street"": ""Fayetteville Street"", ""amenity"": ""bank"", ""atm"": ""yes"", ""building"": ""yes"", ""building:levels"": ""4"", ""building:use"": ""commercial"", ""name"": ""North State Bank"", ""opening_hours"": ""Mo-Fr 09:00-17:00"", ""phone"": ""+1-919-723-2300"", ""source"": ""WakeGIS"", ""source:geometry"": ""Bing"", ""website"": ""https://www.northstatebank.com""}"
RAL-01,way,323749768,Law Office of Dewey P. Brinkley,office,lawyer,Polygon,retained:named_poi,"{""addr:city"": ""Raleigh"", ""addr:country"": ""US"", ""addr:housenumber"": ""16"", ""addr:postcode"": ""27601"", ""addr:state"": ""NC"", ""addr:street"": ""West Martin Street"", ""building"": ""yes"", ""email"": ""dewey@deweybrinkleylaw.com"", ""name"": ""Law Office of Dewey P. Brinkley"", ""office"": ""lawyer"", ""phone"": ""+1 919 832 0307"", ""source:geometry"": ""Bing"", ""website"": ""https://www.deweybrinkleylaw.com/""}"
RAL-01,way,323749771,CrossFit Invoke,leisure,sports_centre,Polygon,retained:named_poi,"{""addr:country"": ""US"", ""addr:housenumber"": ""235"", ""addr:postcode"": ""27604"", ""addr:state"": ""NC"", ""addr:street"": ""South Salisbury Street"", ""building"": ""yes"", ""building:levels"": ""2"", ""leisure"": ""sports_centre"", ""name"": ""CrossFit Invoke"", ""source:geometry"": ""Bing"", ""sport"": ""athletics""}"
RAL-01,way,323758992,Sheraton Raleigh Hotel,tourism,hotel,Polygon,retained:named_poi,"{""addr:city"": ""Raleigh"", ""addr:country"": ""US"", ""addr:housenumber"": ""421"", ""addr:postcode"": ""27602"", ""addr:state"": ""NC"", ""addr:street"": ""South Salisbury Street"", ""air_conditioning"": ""yes"", ""brand"": ""Sheraton"", ""brand:wikidata"": ""Q634831"", ""building"": ""yes"", ""internet_access"": ""wlan"", ""name"": ""Sheraton Raleigh Hotel"", ""phone"": ""+1-919-834-9900"", ""smoking"": ""outside"", ""source:geometry"": ""Bing"", ""tourism"": ""hotel"", ""website"": ""https://www.marriott.com/hotels/travel/rdusi-sheraton-raleigh-hotel/""}"
RAL-01,way,323758993,Sir Walter Raleigh Hotel,historic,building,Polygon,retained:named_poi,"{""building"": ""yes"", ""building:use"": ""commercial"", ""description"": ""The Sir Walter Raleigh Hotel is the oldest surviving hotel building Constructed between 1923 and 1924 on Fayetteville Street and named after Sir Walter Raleigh,"", ""heritage"": ""yes"", ""historic"": ""building"", ""image"": ""https://commons.wikimedia.org/wiki/File:Sir-Walter-Raleigh-Hotel-20080321.jpeg"", ""name"": ""Sir Walter Raleigh Hotel"", ""source"": ""WakeGIS"", ""source:geometry"": ""Bing"", ""start_date"": ""1923"", ""wikipedia"": ""en:Sir Walter Hotel""}"
RAL-01,way,323758994,State Court of Appeals,amenity,courthouse,Polygon,retained:named_poi,"{""addr:city"": ""Raleigh"", ""addr:country"": ""US"", ""addr:housenumber"": ""1"", ""addr:state"": ""NC"", ""addr:street"": ""West Morgan Street"", ""amenity"": ""courthouse"", ""building"": ""yes"", ""building:use"": ""commercial"", ""name"": ""State Court of Appeals"", ""source"": ""WakeGIS"", ""source:geometry"": ""Bing"", ""website"": ""https://www.nccourts.gov/courts/court-of-appeals""}"
RAL-01,way,323930805,,amenity,parking,Polygon,low_value_category,"{""access"": ""private"", ""addr:city"": ""Raleigh"", ""addr:country"": ""US"", ""addr:housenumber"": ""314"", ""addr:state"": ""NC"", ""addr:street"": ""South Salisbury Street"", ""amenity"": ""parking"", ""building"": ""yes"", ""building:levels"": ""2"", ""parking"": ""multi-storey"", ""source:geometry"": ""Bing""}"
RAL-01,way,324440828,City Market Lot,amenity,parking,Polygon,low_value_category,"{""access"": ""yes"", ""amenity"": ""parking"", ""capacity"": ""85"", ""fee"": ""yes"", ""name"": ""City Market Lot"", ""parking"": ""surface"", ""source:geometry"": ""Bing""}"
RAL-01,way,324440829,,amenity,parking,Polygon,low_value_category,"{""access"": ""yes"", ""amenity"": ""parking"", ""fee"": ""yes"", ""parking"": ""surface"", ""source:geometry"": ""Bing"", ""surface"": ""asphalt""}"
RAL-01,way,328901272,Saint Mary's Square Apartments,amenity,parking,Polygon,low_value_category,"{""access"": ""private"", ""addr:city"": ""Raleigh"", ""addr:housenumber"": ""600"", ""addr:postcode"": ""27605"", ""addr:state"": ""NC"", ""addr:street"": ""Saint Marys Street"", ""amenity"": ""parking"", ""layer"": ""-1"", ""operator"": ""Saint Mary's Square Apartments"", ""operator:type"": ""private"", ""parking"": ""underground""}"
RAL-01,way,329210899,City Center Parking Deck,amenity,parking,Polygon,low_value_category,"{""access"": ""yes"", ""addr:city"": ""Raleigh"", ""addr:country"": ""US"", ""addr:housenumber"": ""429"", ""addr:postcode"": ""27601"", ""addr:state"": ""NC"", ""addr:street"": ""South Wilmington Street"", ""amenity"": ""parking"", ""building"": ""parking"", ""building:levels"": ""7"", ""capacity"": ""873"", ""fee"": ""yes"", ""name"": ""City Center Parking Deck"", ""operator"": ""ParkLink (City of Raleigh)"", ""parking"": ""multi-storey""}"
RAL-01,way,332077325,,amenity,parking,Polygon,low_value_category,"{""access"": ""private"", ""amenity"": ""parking"", ""parking"": ""surface"", ""surface"": ""asphalt""}"
RAL-01,way,332077326,Charter Square Parking Deck,amenity,parking,Point,low_value_category,"{""amenity"": ""parking"", ""capacity"": ""549"", ""fee"": ""yes"", ""layer"": ""-1"", ""name"": ""Charter Square Parking Deck"", ""operator"": ""ParkLink (City of Raleigh)"", ""parking"": ""underground""}"
RAL-01,way,332077328,,amenity,parking,Point,low_value_category,"{""access"": ""private"", ""amenity"": ""parking"", ""parking"": ""surface"", ""surface"": ""asphalt""}"
RAL-01,way,336073286,Poole's Diner,amenity,restaurant,Point,retained:named_poi,"{""addr:city"": ""Raleigh"", ""addr:housenumber"": ""426"", ""addr:state"": ""NC"", ""addr:street"": ""South McDowell Street"", ""amenity"": ""restaurant"", ""building"": ""commercial"", ""building:levels"": ""1"", ""cuisine"": ""diner"", ""name"": ""Poole's Diner"", ""website"": ""http://ac-restaurants.com/pooles/""}"
RAL-01,way,340208842,,railway,rail,Point,railway_track_infrastructure,"{""bridge"": ""yes"", ""layer"": ""1"", ""railway"": ""rail"", ""service"": ""yard""}"
RAL-01,way,340208843,,railway,rail,Point,railway_track_infrastructure,"{""railway"": ""rail"", ""service"": ""yard""}"
RAL-01,way,368141450,Hampton Inn & Suites Raleigh Downtown,tourism,hotel,Point,retained:named_poi,"{""addr:city"": ""Raleigh"", ""addr:housenumber"": ""600"", ""addr:postcode"": ""27603"", ""addr:state"": ""NC"", ""addr:street"": ""Glenwood Avenue"", ""branch"": ""Raleigh Downtown"", ""brand"": ""Hampton Inn & Suites"", ""brand:wikidata"": ""Q5646230"", ""building"": ""yes"", ""check_date"": ""2026-09-29"", ""name"": ""Hampton Inn & Suites Raleigh Downtown"", ""official_name"": ""Hampton Inn & Suites by Hilton"", ""phone"": ""+1 919-825-4770"", ""ref"": ""RDUDWHX"", ""tourism"": ""hotel"", ""website"": ""https://www.hilton.com/en/hotels/rdudwhx-hampton-suites-raleigh-downtown/""}"
RAL-01,way,378543220,Marbles IMAX,amenity,cinema,Point,retained:named_poi,"{""addr:city"": ""Raleigh"", ""addr:housenumber"": ""201"", ""addr:postcode"": ""27601"", ""addr:state"": ""NC"", ""addr:street"": ""East Hargett Street"", ""amenity"": ""cinema"", ""building"": ""theatre"", ""building:part"": ""yes"", ""name"": ""Marbles IMAX"", ""wheelchair"": ""yes"", ""wikidata"": ""Q43096182""}"
RAL-01,way,407988572,,railway,turntable,Point,unnamed_not_inherently_meaningful,"{""description"": ""CSX turntable"", ""railway"": ""turntable""}"
RAL-01,way,408467595,Norfolk Southern Railway,railway,rail,Point,railway_track_infrastructure,"{""gauge"": ""1435"", ""old_railway_operator"": ""Southern"", ""operator"": ""Norfolk Southern Railway"", ""operator:wikidata"": ""Q1321054"", ""owner"": ""North Carolina Railroad"", ""railway"": ""rail"", ""service"": ""siding"", ""tiger:cfcc"": ""B11"", ""tiger:county"": ""Wake, NC"", ""tiger:name_base"": ""Southern Railway""}"
RAL-01,way,415933270,,railway,rail,Point,railway_track_infrastructure,"{""railway"": ""rail"", ""service"": ""yard""}"
RAL-01,way,454131350,,leisure,swimming_pool,Point,unnamed_not_inherently_meaningful,"{""leisure"": ""swimming_pool""}"
RAL-01,way,454131351,The Lincoln Parking Deck,amenity,parking,Point,low_value_category,"{""access"": ""private"", ""amenity"": ""parking"", ""building"": ""yes"", ""lit"": ""yes"", ""name"": ""The Lincoln Parking Deck"", ""park_ride"": ""no"", ""parking"": ""multi-storey""}"
RAL-01,way,457107044,,amenity,parking,Point,low_value_category,"{""access"": ""customers"", ""addr:city"": ""Raleigh"", ""addr:housenumber"": ""400"", ""addr:postcode"": ""27603"", ""addr:state"": ""NC"", ""addr:street"": ""North Boylan Avenue"", ""amenity"": ""parking"", ""building"": ""parking"", ""parking"": ""multi-storey"", ""surface"": ""concrete""}"
RAL-01,way,458357606,,leisure,swimming_pool,Point,unnamed_not_inherently_meaningful,"{""access"": ""private"", ""leisure"": ""swimming_pool""}"
RAL-01,way,458366305,,amenity,parking_space,Point,low_value_category,"{""amenity"": ""parking_space""}"
RAL-01,way,458366306,,amenity,parking_space,Point,low_value_category,"{""amenity"": ""parking_space""}"
RAL-01,way,458366307,,amenity,parking_space,Point,low_value_category,"{""amenity"": ""parking_space""}"
RAL-01,way,458366308,,amenity,parking_space,Point,low_value_category,"{""amenity"": ""parking_space""}"
RAL-01,way,458366309,,amenity,parking_space,Point,low_value_category,"{""amenity"": ""parking_space""}"
RAL-01,way,458366310,,amenity,parking_space,Point,low_value_category,"{""access:disabled"": ""yes"", ""amenity"": ""parking_space"", ""wheelchair"": ""yes""}"
RAL-01,way,458366311,,amenity,parking_space,Point,low_value_category,"{""amenity"": ""parking_space""}"
RAL-01,way,458366312,,amenity,parking_space,Point,low_value_category,"{""amenity"": ""parking_space""}"
RAL-01,way,458366313,,amenity,parking_space,Point,low_value_category,"{""amenity"": ""parking_space""}"
RAL-01,way,458366314,,amenity,parking_space,Point,low_value_category,"{""amenity"": ""parking_space""}"
RAL-01,way,458366315,,amenity,parking_space,Point,low_value_category,"{""amenity"": ""parking_space""}"
RAL-01,way,458366316,,amenity,parking_space,Point,low_value_category,"{""amenity"": ""parking_space""}"
RAL-01,way,468197031,TreeTunes,leisure,playground,Point,retained:named_poi,"{""access"": ""customers"", ""leisure"": ""playground"", ""name"": ""TreeTunes""}"
RAL-01,way,468197033,Sun Sprouts,leisure,garden,Point,retained:named_poi,"{""access"": ""customers"", ""leisure"": ""garden"", ""name"": ""Sun Sprouts""}"
RAL-01,way,468197036,Marbles Courtyard,leisure,playground,Point,retained:named_poi,"{""access"": ""permissive"", ""indoor"": ""no"", ""leisure"": ""playground"", ""name"": ""Marbles Courtyard"", ""operator"": ""Marbles Kids Museum""}"
RAL-01,way,506091577,,amenity,parking,Point,low_value_category,"{""access"": ""permissive"", ""amenity"": ""parking"", ""fee"": ""yes"", ""parking"": ""surface"", ""payment:contactless"": ""yes"", ""surface"": ""asphalt""}"
RAL-01,way,562910021,Connection Track,railway,rail,Point,railway_track_infrastructure,"{""electrified"": ""no"", ""gauge"": ""1435"", ""maxspeed"": ""10 mph"", ""maxspeed:freight"": ""10 mph"", ""name"": ""Connection Track"", ""old_railway_operator"": ""Southern"", ""operator"": ""Norfolk Southern Railway"", ""operator:wikidata"": ""Q1321054"", ""owner"": ""North Carolina Railroad"", ""railway"": ""rail"", ""railway:ctc"": ""yes"", ""railway:etms"": ""yes"", ""railway:ptc"": ""yes"", ""railway:track_ref"": ""CONN"", ""tiger:cfcc"": ""B11"", ""tiger:county"": ""Wake, NC"", ""tiger:name_base"": ""Norfolk Southern Railway"", ""usage"": ""branch""}"
RAL-01,way,562910028,Connection Track,railway,rail,Point,railway_track_infrastructure,"{""bridge"": ""yes"", ""electrified"": ""no"", ""gauge"": ""1435"", ""layer"": ""1"", ""maxspeed"": ""10 mph"", ""maxspeed:freight"": ""10 mph"", ""name"": ""Connection Track"", ""old_railway_operator"": ""Southern"", ""operator"": ""Norfolk Southern Railway"", ""operator:wikidata"": ""Q1321054"", ""owner"": ""North Carolina Railroad"", ""railway"": ""rail"", ""railway:ctc"": ""yes"", ""railway:etms"": ""yes"", ""railway:ptc"": ""yes"", ""railway:track_ref"": ""CONN"", ""tiger:cfcc"": ""B11"", ""tiger:county"": ""Wake, NC"", ""tiger:name_base"": ""Norfolk Southern Railway"", ""usage"": ""branch""}"
RAL-01,way,562910033,Connection Track,railway,rail,Point,railway_track_infrastructure,"{""bridge"": ""yes"", ""electrified"": ""no"", ""gauge"": ""1435"", ""layer"": ""1"", ""maxspeed"": ""10 mph"", ""maxspeed:freight"": ""10 mph"", ""name"": ""Connection Track"", ""old_railway_operator"": ""Southern"", ""operator"": ""Norfolk Southern Railway"", ""operator:wikidata"": ""Q1321054"", ""owner"": ""North Carolina Railroad"", ""railway"": ""rail"", ""railway:ctc"": ""yes"", ""railway:etms"": ""yes"", ""railway:ptc"": ""yes"", ""railway:track_ref"": ""CONN"", ""tiger:cfcc"": ""B11"", ""tiger:county"": ""Wake, NC"", ""tiger:name_base"": ""Norfolk Southern Railway"", ""usage"": ""branch""}"
RAL-01,way,562910037,Norfolk Southern Railway,railway,rail,Point,railway_track_infrastructure,"{""electrified"": ""no"", ""gauge"": ""1435"", ""old_railway_operator"": ""Southern"", ""operator"": ""Norfolk Southern Railway"", ""operator:wikidata"": ""Q1321054"", ""owner"": ""North Carolina Railroad"", ""railway"": ""rail"", ""railway:ctc"": ""yes"", ""railway:etms"": ""yes"", ""railway:ptc"": ""yes"", ""railway:track_ref"": ""CONN"", ""railway_milepost"": ""NC"", ""ref"": ""NCRR"", ""usage"": ""main""}"
RAL-01,way,562910050,,railway,rail,Point,railway_track_infrastructure,"{""railway"": ""rail"", ""service"": ""yard""}"
RAL-01,way,562910052,,railway,rail,Point,representative_point_outside_region,"{""railway"": ""rail"", ""service"": ""yard""}"
RAL-01,way,577302114,Edison Apartment Courtyard & Dog Park,leisure,park,Point,retained:named_poi,"{""leisure"": ""park"", ""name"": ""Edison Apartment Courtyard & Dog Park""}"
RAL-01,way,577302117,Red Hat Outdoor Terrace & Park,leisure,park,Point,retained:named_poi,"{""leisure"": ""park"", ""location"": ""roof"", ""name"": ""Red Hat Outdoor Terrace & Park""}"
RAL-01,way,577303053,,amenity,parking,Point,low_value_category,"{""access"": ""yes"", ""amenity"": ""parking"", ""fee"": ""yes"", ""parking"": ""surface""}"
RAL-01,way,577303149,Roofdeck Park,leisure,park,Point,retained:named_poi,"{""leisure"": ""park"", ""name"": ""Roofdeck Park""}"
RAL-01,way,577303274,,leisure,swimming_pool,Point,unnamed_not_inherently_meaningful,"{""leisure"": ""swimming_pool""}"
RAL-01,way,582087801,Lot 3,amenity,parking,Point,low_value_category,"{""amenity"": ""parking"", ""name"": ""Lot 3"", ""parking"": ""surface"", ""surface"": ""asphalt""}"
RAL-01,way,582087804,,amenity,parking,Point,low_value_category,"{""amenity"": ""parking"", ""parking"": ""lane""}"
RAL-01,way,582087805,,amenity,parking,Point,low_value_category,"{""amenity"": ""parking"", ""parking"": ""surface""}"
RAL-01,way,582087806,,amenity,parking,Point,low_value_category,"{""amenity"": ""parking"", ""parking"": ""surface"", ""surface"": ""asphalt""}"
RAL-01,way,582087826,,amenity,parking,Point,low_value_category,"{""amenity"": ""parking"", ""parking"": ""surface"", ""surface"": ""asphalt""}"
RAL-01,way,582087830,Lot 1,amenity,parking,Point,low_value_category,"{""amenity"": ""parking"", ""name"": ""Lot 1"", ""parking"": ""surface"", ""surface"": ""asphalt""}"
RAL-01,way,584249388,,amenity,parking,Point,low_value_category,"{""amenity"": ""parking"", ""parking"": ""surface""}"
RAL-01,way,584249389,,amenity,parking,Point,low_value_category,"{""access"": ""yes"", ""amenity"": ""parking"", ""fee"": ""yes"", ""parking"": ""surface""}"
RAL-01,way,584249390,,amenity,parking,Point,low_value_category,"{""access"": ""private"", ""amenity"": ""parking"", ""parking"": ""surface"", ""surface"": ""asphalt""}"
RAL-01,way,584249391,,amenity,parking,Point,low_value_category,"{""amenity"": ""parking"", ""parking"": ""surface"", ""surface"": ""asphalt""}"
RAL-01,way,584249392,,amenity,parking,Point,low_value_category,"{""amenity"": ""parking"", ""parking"": ""surface"", ""surface"": ""asphalt""}"
RAL-01,way,584249394,,amenity,parking,Point,low_value_category,"{""amenity"": ""parking"", ""parking"": ""surface"", ""surface"": ""asphalt""}"
RAL-01,way,584249396,,amenity,parking,Point,low_value_category,"{""amenity"": ""parking"", ""fee"": ""yes"", ""parking"": ""surface"", ""surface"": ""unpaved""}"
RAL-01,way,584249397,,amenity,parking,Point,low_value_category,"{""access"": ""private"", ""amenity"": ""parking"", ""parking"": ""surface"", ""surface"": ""asphalt""}"
RAL-01,way,584249402,,amenity,parking,Point,low_value_category,"{""amenity"": ""parking"", ""parking"": ""surface"", ""surface"": ""asphalt""}"
RAL-01,way,584249405,,amenity,parking,Point,low_value_category,"{""amenity"": ""parking"", ""parking"": ""surface""}"
RAL-01,way,584249406,,amenity,parking,Point,low_value_category,"{""amenity"": ""parking"", ""parking"": ""surface""}"
RAL-01,way,584249408,,amenity,parking,Point,low_value_category,"{""amenity"": ""parking"", ""parking"": ""surface"", ""surface"": ""asphalt""}"
RAL-01,way,584249409,,amenity,parking,Point,low_value_category,"{""amenity"": ""parking"", ""parking"": ""surface""}"
RAL-01,way,584249414,,amenity,parking,Point,low_value_category,"{""amenity"": ""parking"", ""parking"": ""surface"", ""surface"": ""asphalt""}"
RAL-01,way,584249426,,amenity,parking,Point,low_value_category,"{""access"": ""customers"", ""amenity"": ""parking"", ""covered"": ""no"", ""fee"": ""yes"", ""park_ride"": ""no"", ""parking"": ""surface"", ""supervised"": ""yes"", ""surface"": ""gravel""}"
RAL-01,way,584249427,,amenity,parking,Point,low_value_category,"{""access"": ""yes"", ""amenity"": ""parking"", ""fee"": ""yes"", ""parking"": ""surface""}"
RAL-01,way,584249428,,amenity,parking,Point,low_value_category,"{""access"": ""yes"", ""amenity"": ""parking"", ""fee"": ""yes"", ""parking"": ""surface""}"
RAL-01,way,584249429,,amenity,parking,Point,low_value_category,"{""amenity"": ""parking"", ""parking"": ""surface""}"
RAL-01,way,584249431,,amenity,parking,Point,low_value_category,"{""amenity"": ""parking"", ""parking"": ""surface""}"
RAL-01,way,584249434,,amenity,parking,Point,representative_point_outside_region,"{""amenity"": ""parking"", ""parking"": ""surface""}"
RAL-01,way,584249436,,amenity,parking,Point,low_value_category,"{""amenity"": ""parking"", ""parking"": ""surface""}"
RAL-01,way,584249437,,amenity,parking,Point,low_value_category,"{""amenity"": ""parking"", ""parking"": ""surface""}"
RAL-01,way,584249438,,amenity,parking,Point,low_value_category,"{""amenity"": ""parking"", ""parking"": ""surface""}"
RAL-01,way,584249440,,amenity,parking,Point,low_value_category,"{""amenity"": ""parking"", ""parking"": ""surface"", ""surface"": ""asphalt""}"
RAL-01,way,584249445,,amenity,parking,Point,low_value_category,"{""access"": ""yes"", ""amenity"": ""parking"", ""fee"": ""yes"", ""parking"": ""surface"", ""surface"": ""asphalt""}"
RAL-01,way,584249446,,amenity,parking,Point,low_value_category,"{""amenity"": ""parking"", ""parking"": ""surface"", ""surface"": ""unpaved""}"
RAL-01,way,584249447,,amenity,parking,Point,low_value_category,"{""amenity"": ""parking"", ""parking"": ""surface"", ""surface"": ""unpaved""}"
RAL-01,way,584249452,,amenity,parking,Point,low_value_category,"{""amenity"": ""parking"", ""parking"": ""surface""}"
RAL-01,way,584249456,,amenity,parking,Point,low_value_category,"{""amenity"": ""parking"", ""parking"": ""surface""}"
RAL-01,way,584249457,,amenity,parking,Point,low_value_category,"{""amenity"": ""parking"", ""parking"": ""surface""}"
RAL-01,way,584249465,,amenity,parking,Point,low_value_category,"{""amenity"": ""parking"", ""parking"": ""surface""}"
RAL-01,way,584249474,,amenity,parking,Point,low_value_category,"{""access"": ""customers"", ""amenity"": ""parking"", ""parking"": ""surface""}"
RAL-01,way,584249475,,amenity,parking,Point,low_value_category,"{""access"": ""permit"", ""amenity"": ""parking"", ""parking"": ""surface"", ""surface"": ""asphalt""}"
RAL-01,way,584249477,,amenity,parking,Point,low_value_category,"{""access"": ""permit"", ""amenity"": ""parking"", ""parking"": ""surface"", ""surface"": ""asphalt""}"
RAL-01,way,584249480,,amenity,parking,Point,low_value_category,"{""access"": ""permit"", ""amenity"": ""parking"", ""parking"": ""surface""}"
RAL-01,way,584249481,,amenity,parking,Point,low_value_category,"{""amenity"": ""parking"", ""parking"": ""surface"", ""surface"": ""asphalt""}"
RAL-01,way,584249486,,amenity,parking,Point,low_value_category,"{""amenity"": ""parking"", ""parking"": ""surface""}"
RAL-01,way,584249497,,amenity,parking,Point,low_value_category,"{""amenity"": ""parking"", ""parking"": ""surface""}"
RAL-01,way,584249500,,amenity,parking,Point,low_value_category,"{""amenity"": ""parking"", ""parking"": ""surface""}"
RAL-01,way,584249509,,amenity,parking,Point,low_value_category,"{""amenity"": ""parking"", ""parking"": ""surface""}"
RAL-01,way,584249512,,amenity,parking,Point,low_value_category,"{""amenity"": ""parking"", ""parking"": ""surface""}"
RAL-01,way,584249517,,amenity,parking,Point,low_value_category,"{""amenity"": ""parking"", ""parking"": ""surface"", ""surface"": ""unpaved""}"
RAL-01,way,584249519,,amenity,parking,Point,low_value_category,"{""amenity"": ""parking"", ""parking"": ""surface"", ""surface"": ""unpaved""}"
RAL-01,way,584249521,,amenity,parking,Point,low_value_category,"{""amenity"": ""parking"", ""parking"": ""surface""}"
RAL-01,way,584249523,,amenity,parking,Point,low_value_category,"{""amenity"": ""parking"", ""parking"": ""surface"", ""surface"": ""asphalt""}"
RAL-01,way,584249525,,amenity,parking,Point,low_value_category,"{""amenity"": ""parking"", ""building"": ""parking"", ""parking"": ""multi-storey""}"
RAL-01,way,584249527,,amenity,parking,Point,low_value_category,"{""amenity"": ""parking"", ""fee"": ""yes"", ""parking"": ""surface"", ""surface"": ""asphalt""}"
RAL-01,way,584249528,,amenity,parking,Point,low_value_category,"{""amenity"": ""parking"", ""fee"": ""yes"", ""parking"": ""surface""}"
RAL-01,way,584249529,,amenity,parking,Point,low_value_category,"{""amenity"": ""parking"", ""parking"": ""surface"", ""surface"": ""asphalt""}"
RAL-01,way,584249534,,amenity,parking,Point,low_value_category,"{""amenity"": ""parking"", ""parking"": ""surface""}"
RAL-01,way,584249538,,amenity,parking,Point,low_value_category,"{""amenity"": ""parking"", ""parking"": ""surface""}"
RAL-01,way,584249541,,amenity,parking,Point,low_value_category,"{""amenity"": ""parking"", ""parking"": ""surface""}"
RAL-01,way,584249548,,amenity,parking,Point,low_value_category,"{""amenity"": ""parking"", ""parking"": ""surface""}"
RAL-01,way,584249549,,amenity,parking,Polygon,low_value_category,"{""amenity"": ""parking"", ""parking"": ""surface""}"
RAL-01,way,584249550,,amenity,parking,Polygon,low_value_category,"{""amenity"": ""parking"", ""parking"": ""surface""}"
RAL-01,way,584249551,,amenity,parking,Polygon,low_value_category,"{""amenity"": ""parking"", ""parking"": ""surface""}"
RAL-01,way,584249557,,amenity,parking,Polygon,low_value_category,"{""amenity"": ""parking"", ""parking"": ""surface""}"
RAL-01,way,584249570,E. Martin Lot,amenity,parking,Polygon,low_value_category,"{""amenity"": ""parking"", ""capacity"": ""110"", ""name"": ""E. Martin Lot"", ""parking"": ""surface""}"
RAL-01,way,584249572,E. Hargett Lot,amenity,parking,Polygon,low_value_category,"{""amenity"": ""parking"", ""capacity"": ""72"", ""name"": ""E. Hargett Lot"", ""parking"": ""surface""}"
RAL-01,way,584291996,,amenity,parking,Polygon,low_value_category,"{""amenity"": ""parking"", ""parking"": ""surface""}"
RAL-01,way,584292010,,amenity,parking,Polygon,low_value_category,"{""amenity"": ""parking"", ""parking"": ""surface"", ""surface"": ""asphalt""}"
RAL-01,way,584292016,,amenity,parking,Polygon,low_value_category,"{""amenity"": ""parking"", ""parking"": ""surface"", ""surface"": ""asphalt""}"
RAL-01,way,584292019,,amenity,parking,Polygon,low_value_category,"{""access"": ""yes"", ""amenity"": ""parking"", ""fee"": ""yes"", ""parking"": ""surface""}"
RAL-01,way,584292029,,amenity,parking,Polygon,low_value_category,"{""amenity"": ""parking"", ""parking"": ""surface""}"
RAL-01,way,584292030,,amenity,parking,Polygon,low_value_category,"{""amenity"": ""parking"", ""parking"": ""surface"", ""surface"": ""asphalt""}"
RAL-01,way,584292031,,amenity,parking,Polygon,low_value_category,"{""access"": ""customers"", ""amenity"": ""parking"", ""fee"": ""no"", ""parking"": ""surface""}"
RAL-01,way,584292032,,amenity,parking,Polygon,low_value_category,"{""amenity"": ""parking"", ""parking"": ""surface"", ""surface"": ""asphalt""}"
RAL-01,way,584292036,,amenity,parking,Polygon,low_value_category,"{""amenity"": ""parking"", ""parking"": ""surface""}"
RAL-01,way,584292038,,amenity,parking,Polygon,low_value_category,"{""amenity"": ""parking"", ""parking"": ""surface""}"
RAL-01,way,584292039,,amenity,parking,Polygon,low_value_category,"{""amenity"": ""parking"", ""parking"": ""surface""}"
RAL-01,way,584299974,,amenity,parking,Polygon,low_value_category,"{""amenity"": ""parking"", ""parking"": ""surface""}"
RAL-01,way,584299975,,amenity,parking,Polygon,low_value_category,"{""amenity"": ""parking"", ""parking"": ""surface""}"
RAL-01,way,584299980,,amenity,parking,Polygon,low_value_category,"{""amenity"": ""parking"", ""parking"": ""surface""}"
RAL-01,way,584299982,,amenity,parking,Polygon,low_value_category,"{""amenity"": ""parking"", ""parking"": ""surface""}"
RAL-01,way,584299987,,amenity,parking,Polygon,low_value_category,"{""amenity"": ""parking"", ""parking"": ""surface"", ""surface"": ""asphalt""}"
RAL-01,way,584299990,,amenity,parking,Polygon,low_value_category,"{""amenity"": ""parking"", ""parking"": ""surface"", ""surface"": ""asphalt""}"
RAL-01,way,584299994,,amenity,parking,Polygon,low_value_category,"{""amenity"": ""parking"", ""parking"": ""surface""}"
RAL-01,way,584300008,,amenity,parking,Polygon,low_value_category,"{""amenity"": ""parking"", ""parking"": ""surface""}"
RAL-01,way,584300015,,amenity,parking,Polygon,low_value_category,"{""amenity"": ""parking"", ""parking"": ""surface""}"
RAL-01,way,584300016,,amenity,parking,Polygon,low_value_category,"{""amenity"": ""parking"", ""parking"": ""surface""}"
RAL-01,way,584300022,,amenity,parking,Polygon,low_value_category,"{""amenity"": ""parking"", ""parking"": ""surface""}"
RAL-01,way,584300028,,amenity,parking,Polygon,low_value_category,"{""amenity"": ""parking"", ""parking"": ""surface""}"
RAL-01,way,584300040,,amenity,parking,Polygon,low_value_category,"{""amenity"": ""parking"", ""parking"": ""surface"", ""surface"": ""asphalt""}"
RAL-01,way,584300041,,amenity,parking,Polygon,low_value_category,"{""amenity"": ""parking"", ""parking"": ""surface"", ""surface"": ""asphalt""}"
RAL-01,way,584300043,,amenity,parking,Polygon,low_value_category,"{""amenity"": ""parking"", ""parking"": ""surface"", ""surface"": ""asphalt""}"
RAL-01,way,584300044,,amenity,parking,Polygon,low_value_category,"{""amenity"": ""parking"", ""parking"": ""surface"", ""surface"": ""asphalt""}"
RAL-01,way,584300048,,amenity,parking,Polygon,low_value_category,"{""amenity"": ""parking"", ""parking"": ""surface""}"
RAL-01,way,585237707,,amenity,toilets,Polygon,low_value_category,"{""amenity"": ""toilets"", ""building"": ""yes""}"
RAL-01,way,590263820,,leisure,pitch,Polygon,unnamed_pitch,"{""leisure"": ""pitch"", ""sport"": ""baseball""}"
RAL-01,way,591106685,,amenity,parking,Polygon,low_value_category,"{""amenity"": ""parking"", ""parking"": ""surface""}"
RAL-01,way,591106694,,amenity,parking,Polygon,low_value_category,"{""amenity"": ""parking"", ""parking"": ""surface""}"
RAL-01,way,591106698,,amenity,parking,Polygon,low_value_category,"{""amenity"": ""parking"", ""parking"": ""surface""}"
RAL-01,way,591106719,,amenity,parking,Polygon,low_value_category,"{""amenity"": ""parking"", ""capacity"": ""125"", ""parking"": ""surface"", ""surface"": ""unpaved""}"
RAL-01,way,591106731,,amenity,parking,Polygon,low_value_category,"{""amenity"": ""parking"", ""parking"": ""surface""}"
RAL-01,way,591106740,,amenity,parking,Polygon,low_value_category,"{""amenity"": ""parking"", ""parking"": ""surface""}"
RAL-01,way,591106744,,amenity,parking,Polygon,low_value_category,"{""amenity"": ""parking"", ""parking"": ""surface""}"
RAL-01,way,591106750,,amenity,parking,Polygon,low_value_category,"{""amenity"": ""parking"", ""parking"": ""surface""}"
RAL-01,way,591106755,,amenity,parking,Polygon,low_value_category,"{""amenity"": ""parking"", ""parking"": ""surface""}"
RAL-01,way,591106775,,amenity,parking,Polygon,low_value_category,"{""amenity"": ""parking"", ""parking"": ""surface""}"
RAL-01,way,591106778,,amenity,parking,Polygon,low_value_category,"{""amenity"": ""parking"", ""parking"": ""surface""}"
RAL-01,way,591397866,,amenity,parking,Polygon,low_value_category,"{""amenity"": ""parking"", ""parking"": ""surface""}"
RAL-01,way,591397867,,amenity,parking,Polygon,low_value_category,"{""amenity"": ""parking"", ""parking"": ""surface""}"
RAL-01,way,591397868,,amenity,parking,Polygon,low_value_category,"{""amenity"": ""parking"", ""parking"": ""surface""}"
RAL-01,way,591397869,,amenity,parking,Polygon,low_value_category,"{""amenity"": ""parking"", ""parking"": ""surface""}"
RAL-01,way,591397872,Lot 4,amenity,parking,Polygon,low_value_category,"{""amenity"": ""parking"", ""name"": ""Lot 4"", ""parking"": ""surface"", ""surface"": ""asphalt""}"
RAL-01,way,591397873,Lot 2,amenity,parking,Polygon,low_value_category,"{""amenity"": ""parking"", ""name"": ""Lot 2"", ""parking"": ""surface"", ""surface"": ""asphalt""}"
RAL-01,way,591397892,,amenity,parking,Polygon,low_value_category,"{""amenity"": ""parking"", ""parking"": ""surface""}"
RAL-01,way,591397899,,amenity,parking,Polygon,low_value_category,"{""amenity"": ""parking"", ""parking"": ""surface""}"
RAL-01,way,591397900,Lot 48,amenity,parking,Polygon,low_value_category,"{""amenity"": ""parking"", ""name"": ""Lot 48"", ""parking"": ""surface""}"
RAL-01,way,591397906,,amenity,parking,Polygon,low_value_category,"{""amenity"": ""parking"", ""parking"": ""surface""}"
RAL-01,way,591397910,,amenity,parking,Polygon,low_value_category,"{""amenity"": ""parking"", ""parking"": ""surface""}"
RAL-01,way,591397915,,amenity,parking,Polygon,low_value_category,"{""amenity"": ""parking"", ""parking"": ""surface""}"
RAL-01,way,591397916,,amenity,parking,Polygon,low_value_category,"{""amenity"": ""parking"", ""parking"": ""surface""}"
RAL-01,way,591397917,,amenity,parking,Polygon,low_value_category,"{""amenity"": ""parking"", ""parking"": ""surface"", ""surface"": ""asphalt""}"
RAL-01,way,591397918,,amenity,parking,Polygon,low_value_category,"{""amenity"": ""parking"", ""parking"": ""surface""}"
RAL-01,way,591403236,,amenity,parking,Polygon,representative_point_outside_region,"{""amenity"": ""parking"", ""parking"": ""surface"", ""surface"": ""unpaved""}"
RAL-01,way,591403242,,amenity,parking,Polygon,low_value_category,"{""amenity"": ""parking"", ""parking"": ""surface"", ""surface"": ""concrete""}"
RAL-01,way,591403243,,amenity,parking,Polygon,low_value_category,"{""amenity"": ""parking"", ""parking"": ""surface""}"
RAL-01,way,591403249,,amenity,parking,Polygon,low_value_category,"{""amenity"": ""parking"", ""parking"": ""surface""}"
RAL-01,way,591471234,,amenity,parking,Polygon,low_value_category,"{""amenity"": ""parking"", ""parking"": ""surface"", ""surface"": ""ground""}"
RAL-01,way,591471235,,amenity,parking,Polygon,low_value_category,"{""amenity"": ""parking"", ""building"": ""parking"", ""parking"": ""multi-storey""}"
RAL-01,way,591890954,,amenity,parking,Polygon,low_value_category,"{""amenity"": ""parking"", ""parking"": ""surface""}"
RAL-01,way,591890959,,amenity,parking,Polygon,low_value_category,"{""amenity"": ""parking"", ""parking"": ""surface""}"
RAL-01,way,591890960,,amenity,parking,Polygon,low_value_category,"{""amenity"": ""parking"", ""parking"": ""surface""}"
RAL-01,way,603849960,,amenity,parking,Polygon,low_value_category,"{""amenity"": ""parking"", ""parking"": ""surface""}"
RAL-01,way,603849961,,amenity,parking,Polygon,low_value_category,"{""amenity"": ""parking"", ""parking"": ""surface""}"
RAL-01,way,603849963,,amenity,parking,Polygon,low_value_category,"{""amenity"": ""parking"", ""parking"": ""surface""}"
RAL-01,way,603849964,,amenity,parking,Polygon,low_value_category,"{""amenity"": ""parking"", ""parking"": ""surface""}"
RAL-01,way,603849965,,amenity,parking,Polygon,low_value_category,"{""amenity"": ""parking"", ""parking"": ""surface"", ""surface"": ""asphalt""}"
RAL-01,way,603904059,,amenity,parking,Polygon,low_value_category,"{""amenity"": ""parking"", ""parking"": ""surface"", ""surface"": ""asphalt""}"
RAL-01,way,603904074,Lot 37,amenity,parking,Polygon,low_value_category,"{""amenity"": ""parking"", ""name"": ""Lot 37"", ""parking"": ""surface"", ""surface"": ""gravel""}"
RAL-01,way,604046011,,amenity,parking,Polygon,low_value_category,"{""amenity"": ""parking"", ""parking"": ""surface"", ""surface"": ""asphalt""}"
RAL-01,way,604046013,,amenity,parking,Polygon,low_value_category,"{""amenity"": ""parking"", ""parking"": ""surface"", ""surface"": ""asphalt""}"
RAL-01,way,604046014,,leisure,pitch,Polygon,unnamed_pitch,"{""leisure"": ""pitch"", ""sport"": ""basketball""}"
RAL-01,way,604046015,,leisure,pitch,Polygon,unnamed_pitch,"{""leisure"": ""pitch"", ""sport"": ""basketball""}"
RAL-01,way,604046022,,amenity,parking,Polygon,low_value_category,"{""amenity"": ""parking"", ""parking"": ""surface"", ""surface"": ""asphalt""}"
RAL-01,way,604046024,,amenity,parking,Polygon,low_value_category,"{""amenity"": ""parking"", ""capacity"": ""80"", ""parking"": ""surface"", ""surface"": ""dirt""}"
RAL-01,way,604046556,,leisure,pitch,Polygon,unnamed_pitch,"{""leisure"": ""pitch"", ""sport"": ""basketball""}"
RAL-01,way,604046557,,leisure,pitch,Polygon,unnamed_pitch,"{""leisure"": ""pitch"", ""sport"": ""basketball""}"
RAL-01,way,607928717,Raleigh Union Station,public_transport,platform,Polygon,transport_platform_infrastructure,"{""area"": ""yes"", ""bench"": ""yes"", ""bin"": ""yes"", ""covered"": ""yes"", ""departures_board"": ""yes"", ""lit"": ""yes"", ""name"": ""Raleigh Union Station"", ""network"": ""Amtrak"", ""operator"": ""City of Raleigh"", ""public_transport"": ""platform"", ""railway"": ""platform"", ""ref"": ""1;2"", ""shelter"": ""yes"", ""surface"": ""concrete"", ""tactile_paving"": ""yes"", ""train"": ""yes"", ""wheelchair"": ""yes"", ""width"": ""8.7""}"
RAL-01,way,607928724,H-Line,railway,rail,LineString,railway_track_infrastructure,"{""gauge"": ""1435"", ""maxspeed"": ""25 mph"", ""name"": ""H-Line"", ""operator"": ""Norfolk Southern Railway"", ""operator:wikidata"": ""Q1321054"", ""owner"": ""North Carolina Railroad"", ""railway"": ""rail"", ""railway:ctc"": ""yes"", ""railway:etms"": ""yes"", ""railway:ptc"": ""yes"", ""railway:track_ref"": ""2"", ""railway_milepost"": ""NC"", ""ref"": ""NCRR"", ""usage"": ""main""}"
RAL-01,way,607928736,H-Line,railway,rail,LineString,railway_track_infrastructure,"{""electrified"": ""no"", ""gauge"": ""1435"", ""maxspeed"": ""35 mph"", ""name"": ""H-Line"", ""note:old_railway_operator"": ""North Carolina Railroad"", ""old_railway_operator"": ""Southern"", ""operator"": ""Norfolk Southern Railway"", ""operator:wikidata"": ""Q1321054"", ""owner"": ""North Carolina Railroad"", ""railway"": ""rail"", ""railway:ctc"": ""yes"", ""railway:etms"": ""yes"", ""railway:ptc"": ""yes"", ""railway_milepost"": ""NC"", ""ref"": ""NCRR"", ""usage"": ""main""}"
RAL-01,way,607928737,Connection Track,railway,rail,LineString,railway_track_infrastructure,"{""electrified"": ""no"", ""gauge"": ""1435"", ""maxspeed"": ""10 mph"", ""maxspeed:freight"": ""10 mph"", ""name"": ""Connection Track"", ""old_railway_operator"": ""Southern"", ""operator"": ""Norfolk Southern Railway"", ""operator:wikidata"": ""Q1321054"", ""owner"": ""North Carolina Railroad"", ""railway"": ""rail"", ""railway:ctc"": ""yes"", ""railway:etms"": ""yes"", ""railway:ptc"": ""yes"", ""railway:track_ref"": ""CONN"", ""ref"": ""NCRR"", ""tiger:cfcc"": ""B11"", ""tiger:county"": ""Wake, NC"", ""tiger:name_base"": ""Norfolk Southern Railway"", ""usage"": ""branch""}"
RAL-01,way,607928740,H-Line,railway,rail,LineString,railway_track_infrastructure,"{""gauge"": ""1435"", ""maxspeed"": ""25 mph"", ""name"": ""H-Line"", ""operator"": ""Norfolk Southern Railway"", ""operator:wikidata"": ""Q1321054"", ""owner"": ""North Carolina Railroad"", ""railway"": ""rail"", ""railway:ctc"": ""yes"", ""railway:etms"": ""yes"", ""railway:ptc"": ""yes"", ""railway:track_ref"": ""1"", ""railway_milepost"": ""NC"", ""ref"": ""NCRR"", ""usage"": ""main""}"
RAL-01,way,611685236,,amenity,shelter,Polygon,low_value_category,"{""amenity"": ""shelter"", ""building"": ""yes"", ""shelter_type"": ""pavilion""}"
RAL-01,way,616807009,McLaurin Parking and Transportation,amenity,parking,Polygon,low_value_category,"{""access"": ""yes"", ""amenity"": ""parking"", ""building"": ""parking"", ""building:levels"": ""8"", ""fee"": ""yes"", ""operator"": ""McLaurin Parking and Transportation"", ""parking"": ""multi-storey"", ""supervised"": ""no""}"
RAL-01,way,618541294,,amenity,parking,Polygon,low_value_category,"{""amenity"": ""parking"", ""parking"": ""surface""}"
RAL-01,way,621801302,,amenity,parking,Polygon,low_value_category,"{""amenity"": ""parking"", ""parking"": ""surface""}"
RAL-01,way,621801303,,amenity,parking,Polygon,low_value_category,"{""amenity"": ""parking"", ""parking"": ""surface""}"
RAL-01,way,634308424,,amenity,parking,Polygon,low_value_category,"{""access"": ""customers"", ""amenity"": ""parking"", ""fee"": ""no"", ""parking"": ""surface""}"
RAL-01,way,634308465,,amenity,parking,Polygon,low_value_category,"{""access"": ""customers"", ""amenity"": ""parking"", ""fee"": ""no"", ""parking"": ""surface"", ""surface"": ""gravel""}"
RAL-01,way,634308467,,amenity,parking,Polygon,low_value_category,"{""access"": ""customers"", ""amenity"": ""parking"", ""fee"": ""no"", ""parking"": ""surface""}"
RAL-01,way,634308469,,amenity,parking,Polygon,low_value_category,"{""access"": ""customers"", ""amenity"": ""parking"", ""fee"": ""no"", ""parking"": ""surface""}"
RAL-01,way,634308471,,amenity,parking,Point,low_value_category,"{""access"": ""customers"", ""amenity"": ""parking"", ""fee"": ""no"", ""parking"": ""surface""}"
RAL-01,way,636706563,,amenity,parking,Point,low_value_category,"{""amenity"": ""parking"", ""parking"": ""surface""}"
RAL-01,way,636706564,Exxon,amenity,fuel,Point,retained:named_poi,"{""amenity"": ""fuel"", ""brand"": ""Exxon"", ""brand:wikidata"": ""Q109675651"", ""building"": ""yes"", ""mapillary"": ""517327966089902"", ""name"": ""Exxon"", ""survey:date"": ""2019-06-05""}"
RAL-01,way,636706566,,amenity,parking,Point,low_value_category,"{""amenity"": ""parking"", ""parking"": ""surface""}"
RAL-01,way,636706567,,amenity,parking,Point,low_value_category,"{""amenity"": ""parking"", ""parking"": ""surface""}"
RAL-01,way,636706568,,amenity,parking,Point,low_value_category,"{""amenity"": ""parking"", ""parking"": ""surface""}"
RAL-01,way,636706576,,amenity,parking,Point,low_value_category,"{""amenity"": ""parking"", ""parking"": ""surface""}"
RAL-01,way,636707069,,amenity,parking,Point,low_value_category,"{""amenity"": ""parking"", ""parking"": ""surface""}"
RAL-01,way,636707072,,amenity,parking,Point,low_value_category,"{""amenity"": ""parking"", ""parking"": ""surface""}"
RAL-01,way,636707075,,amenity,parking,Point,low_value_category,"{""amenity"": ""parking"", ""parking"": ""surface""}"
RAL-01,way,636707078,,amenity,parking,Point,low_value_category,"{""amenity"": ""parking"", ""parking"": ""surface""}"
RAL-01,way,636707081,,amenity,parking,Point,low_value_category,"{""amenity"": ""parking"", ""parking"": ""surface""}"
RAL-01,way,638766791,,amenity,parking,Point,low_value_category,"{""amenity"": ""parking"", ""parking"": ""surface""}"
RAL-01,way,638769819,,amenity,parking,Point,low_value_category,"{""amenity"": ""parking"", ""parking"": ""surface"", ""surface"": ""asphalt""}"
RAL-01,way,638769825,,amenity,parking,Point,low_value_category,"{""amenity"": ""parking"", ""parking"": ""surface"", ""surface"": ""ground""}"
RAL-01,way,638781496,,amenity,parking,Point,low_value_category,"{""amenity"": ""parking"", ""parking"": ""surface"", ""surface"": ""asphalt""}"
RAL-01,way,638781506,,amenity,parking,Point,low_value_category,"{""amenity"": ""parking"", ""parking"": ""lane"", ""surface"": ""asphalt""}"
RAL-01,way,638781507,,amenity,parking,Point,low_value_category,"{""amenity"": ""parking"", ""parking"": ""surface"", ""surface"": ""asphalt""}"
RAL-01,way,638781518,,amenity,parking,Point,low_value_category,"{""amenity"": ""parking"", ""parking"": ""surface""}"
RAL-01,way,638781525,,amenity,parking,Point,low_value_category,"{""amenity"": ""parking"", ""parking"": ""surface"", ""surface"": ""ground""}"
RAL-01,way,639233347,,amenity,parking,Point,low_value_category,"{""amenity"": ""parking"", ""parking"": ""surface"", ""surface"": ""gravel""}"
RAL-01,way,647918619,Shaw University,amenity,university,Point,retained:named_poi,"{""amenity"": ""university"", ""name"": ""Shaw University"", ""website"": ""https://www.shawu.edu"", ""wikidata"": ""Q3443493""}"
RAL-01,way,652962060,,amenity,parking,Point,low_value_category,"{""amenity"": ""parking"", ""parking"": ""surface""}"
RAL-01,way,655211124,,amenity,parking,Point,low_value_category,"{""access"": ""yes"", ""amenity"": ""parking"", ""area:highway"": ""parking_lane"", ""parking"": ""surface""}"
RAL-01,way,667552321,,leisure,swimming_pool,Point,unnamed_not_inherently_meaningful,"{""access"": ""private"", ""leisure"": ""swimming_pool""}"
RAL-01,way,674997561,Saint Paul African Methodist Episcopal Church,amenity,place_of_worship,Point,retained:named_poi,"{""amenity"": ""place_of_worship"", ""building"": ""yes"", ""denomination"": ""african_methodist_episcopal"", ""name"": ""Saint Paul African Methodist Episcopal Church"", ""religion"": ""christian""}"
RAL-01,way,674997948,Residence Inn Raleigh Downtown,tourism,hotel,Point,retained:named_poi,"{""addr:city"": ""Raleigh"", ""addr:housenumber"": ""616"", ""addr:postcode"": ""27601"", ""addr:state"": ""NC"", ""addr:street"": ""South Salisbury Street"", ""branch"": ""Raleigh Downtown"", ""brand"": ""Residence Inn"", ""brand:wikidata"": ""Q7315394"", ""building"": ""yes"", ""name"": ""Residence Inn Raleigh Downtown"", ""official_name"": ""Residence Inn by Marriott"", ""phone"": ""+1 919-856-0017"", ""ref"": ""RDURX"", ""tourism"": ""hotel"", ""website"": ""https://www.marriott.com/rdurx""}"
RAL-01,way,676665446,,amenity,parking,Point,low_value_category,"{""amenity"": ""parking"", ""parking"": ""surface"", ""surface"": ""unpaved""}"
RAL-01,way,676665448,Morgan Street Food Hall,leisure,outdoor_seating,Point,retained:named_poi,"{""leisure"": ""outdoor_seating"", ""operator"": ""Morgan Street Food Hall""}"
RAL-01,way,676665452,,amenity,parking,Point,low_value_category,"{""amenity"": ""parking"", ""capacity"": ""4"", ""parking"": ""surface"", ""surface"": ""asphalt""}"
RAL-01,way,676665453,,amenity,parking,Point,low_value_category,"{""amenity"": ""parking"", ""parking"": ""surface"", ""surface"": ""asphalt""}"
RAL-01,way,679974311,Holy Trinity Anglican Church,amenity,place_of_worship,Point,retained:named_poi,"{""addr:city"": ""Raleigh"", ""addr:housenumber"": ""100"", ""addr:postcode"": ""27604"", ""addr:state"": ""NC"", ""addr:street"": ""East Peace Street"", ""amenity"": ""place_of_worship"", ""building"": ""yes"", ""name"": ""Holy Trinity Anglican Church"", ""religion"": ""christian""}"
RAL-01,way,679974574,,amenity,parking,Point,low_value_category,"{""amenity"": ""parking"", ""building"": ""parking"", ""parking"": ""multi-storey""}"
RAL-01,way,682501505,,amenity,parking,Point,low_value_category,"{""amenity"": ""parking"", ""parking"": ""surface"", ""surface"": ""asphalt""}"
RAL-01,way,695458692,,amenity,parking,Point,low_value_category,"{""amenity"": ""parking"", ""building"": ""parking"", ""parking"": ""multi-storey""}"
RAL-01,way,695458703,,amenity,parking,Point,low_value_category,"{""amenity"": ""parking"", ""parking"": ""surface"", ""surface"": ""asphalt""}"
RAL-01,way,695489630,,amenity,parking,Point,low_value_category,"{""amenity"": ""parking"", ""parking"": ""surface""}"
RAL-01,way,695489636,,amenity,parking,Point,low_value_category,"{""amenity"": ""parking"", ""parking"": ""surface""}"
RAL-01,way,695489640,,amenity,parking,Point,low_value_category,"{""amenity"": ""parking"", ""parking"": ""surface""}"
RAL-01,way,730319849,Deck 65,amenity,parking,Point,low_value_category,"{""amenity"": ""parking"", ""layer"": ""-1"", ""name"": ""Deck 65"", ""parking"": ""underground""}"
RAL-01,way,730319851,Deck 17,amenity,parking,Point,low_value_category,"{""amenity"": ""parking"", ""layer"": ""-1"", ""name"": ""Deck 17"", ""parking"": ""underground""}"
RAL-01,way,758210773,,leisure,swimming_pool,Point,unnamed_not_inherently_meaningful,"{""leisure"": ""swimming_pool""}"
RAL-01,way,760669965,,amenity,fountain,Point,unnamed_not_inherently_meaningful,"{""amenity"": ""fountain"", ""fountain"": ""splash_pad""}"
RAL-01,way,760673039,,tourism,picnic_site,Point,unnamed_not_inherently_meaningful,"{""tourism"": ""picnic_site""}"
RAL-01,way,760673040,,tourism,picnic_site,Point,unnamed_not_inherently_meaningful,"{""tourism"": ""picnic_site""}"
RAL-01,way,762748125,,amenity,parking,Point,low_value_category,"{""amenity"": ""parking"", ""parking"": ""surface"", ""surface"": ""asphalt""}"
RAL-01,way,762748128,,amenity,parking,Point,low_value_category,"{""access"": ""private"", ""amenity"": ""parking"", ""capacity"": ""4"", ""parking"": ""surface"", ""surface"": ""asphalt""}"
RAL-01,way,762748129,,amenity,parking,Point,low_value_category,"{""amenity"": ""parking"", ""parking"": ""surface"", ""surface"": ""unpaved""}"
RAL-01,way,762748133,,amenity,bar,Point,retained:inherently_meaningful,"{""amenity"": ""bar"", ""parking"": ""surface""}"
RAL-01,way,762748136,,amenity,parking,Point,low_value_category,"{""amenity"": ""parking"", ""parking"": ""surface"", ""surface"": ""asphalt""}"
RAL-01,way,762748137,,amenity,parking,Point,low_value_category,"{""amenity"": ""parking"", ""parking"": ""surface"", ""surface"": ""asphalt""}"
RAL-01,way,762748139,,amenity,parking,Point,low_value_category,"{""amenity"": ""parking"", ""parking"": ""surface"", ""surface"": ""unpaved""}"
RAL-01,way,762748140,,amenity,parking,Point,low_value_category,"{""amenity"": ""parking"", ""parking"": ""surface"", ""surface"": ""asphalt""}"
RAL-01,way,762748145,,amenity,parking,Point,low_value_category,"{""amenity"": ""parking"", ""parking"": ""surface"", ""surface"": ""asphalt""}"
RAL-01,way,762748146,,amenity,parking,Point,low_value_category,"{""amenity"": ""parking"", ""parking"": ""surface""}"
RAL-01,way,762748147,,amenity,parking,Point,low_value_category,"{""amenity"": ""parking"", ""parking"": ""surface""}"
RAL-01,way,762748149,,amenity,parking,Point,low_value_category,"{""access"": ""customers"", ""amenity"": ""parking"", ""fee"": ""no"", ""parking"": ""surface"", ""surface"": ""asphalt""}"
RAL-01,way,762748151,,amenity,parking,Point,representative_point_outside_region,"{""amenity"": ""parking"", ""parking"": ""surface"", ""surface"": ""unpaved""}"
RAL-01,way,762748152,,amenity,parking,Point,low_value_category,"{""amenity"": ""parking"", ""parking"": ""surface""}"
RAL-01,way,762748155,,amenity,parking,Point,low_value_category,"{""access"": ""private"", ""amenity"": ""parking"", ""parking"": ""surface""}"
RAL-01,way,762748157,,amenity,parking,Point,low_value_category,"{""access"": ""customers"", ""amenity"": ""parking"", ""fee"": ""no"", ""parking"": ""surface""}"
RAL-01,way,762748174,,amenity,parking,Point,low_value_category,"{""amenity"": ""parking"", ""parking"": ""surface"", ""surface"": ""asphalt""}"
RAL-01,way,762756708,,amenity,parking,Point,low_value_category,"{""amenity"": ""parking"", ""parking"": ""surface"", ""surface"": ""unpaved""}"
RAL-01,way,762756709,,amenity,parking,Point,low_value_category,"{""amenity"": ""parking"", ""parking"": ""surface"", ""surface"": ""asphalt""}"
RAL-01,way,762756712,,amenity,parking,Point,low_value_category,"{""amenity"": ""parking"", ""parking"": ""surface"", ""surface"": ""asphalt""}"
RAL-01,way,762756713,,amenity,parking,Point,low_value_category,"{""amenity"": ""parking"", ""parking"": ""surface""}"
RAL-01,way,762756715,,amenity,parking,Point,low_value_category,"{""amenity"": ""parking"", ""parking"": ""surface"", ""surface"": ""asphalt""}"
RAL-01,way,762756717,,amenity,parking,Point,low_value_category,"{""amenity"": ""parking"", ""parking"": ""surface"", ""surface"": ""asphalt""}"
RAL-01,way,762756719,,amenity,parking,Point,low_value_category,"{""amenity"": ""parking"", ""parking"": ""surface"", ""surface"": ""asphalt""}"
RAL-01,way,762756722,,amenity,parking,Point,low_value_category,"{""amenity"": ""parking"", ""parking"": ""surface"", ""surface"": ""asphalt""}"
RAL-01,way,762756723,,amenity,parking,Point,low_value_category,"{""amenity"": ""parking"", ""parking"": ""surface"", ""surface"": ""asphalt""}"
RAL-01,way,762756724,,amenity,parking,Point,low_value_category,"{""amenity"": ""parking"", ""building"": ""parking"", ""parking"": ""multi-storey""}"
RAL-01,way,762756726,,amenity,parking,Point,low_value_category,"{""amenity"": ""parking"", ""parking"": ""surface""}"
RAL-01,way,762756727,,amenity,parking,Point,low_value_category,"{""amenity"": ""parking"", ""parking"": ""surface""}"
RAL-01,way,762756728,,amenity,parking,Point,low_value_category,"{""amenity"": ""parking"", ""parking"": ""surface""}"
RAL-01,way,762756729,,amenity,parking,Point,low_value_category,"{""access"": ""private"", ""amenity"": ""parking"", ""parking"": ""surface"", ""surface"": ""asphalt""}"
RAL-01,way,762756730,,amenity,parking,Point,low_value_category,"{""amenity"": ""parking"", ""parking"": ""surface""}"
RAL-01,way,762756731,,amenity,parking,Point,low_value_category,"{""amenity"": ""parking"", ""parking"": ""surface"", ""surface"": ""asphalt""}"
RAL-01,way,762756740,,amenity,parking,Point,low_value_category,"{""amenity"": ""parking"", ""parking"": ""surface"", ""surface"": ""unpaved""}"
RAL-01,way,762756742,,amenity,parking,Point,low_value_category,"{""amenity"": ""parking"", ""parking"": ""surface""}"
RAL-01,way,762756743,,amenity,parking,Point,low_value_category,"{""amenity"": ""parking"", ""parking"": ""surface""}"
RAL-01,way,762756744,,amenity,parking,Point,low_value_category,"{""amenity"": ""parking"", ""building"": ""parking"", ""layer"": ""1"", ""parking"": ""multi-storey""}"
RAL-01,way,762756746,,amenity,parking,Point,low_value_category,"{""access"": ""private"", ""amenity"": ""parking"", ""building"": ""parking"", ""parking"": ""multi-storey""}"
RAL-01,way,762759771,,amenity,parking,Point,low_value_category,"{""amenity"": ""parking"", ""parking"": ""surface"", ""surface"": ""unpaved""}"
RAL-01,way,762956734,,amenity,parking,Point,low_value_category,"{""amenity"": ""parking"", ""building"": ""parking"", ""capacity"": ""150"", ""parking"": ""multi-storey""}"
RAL-01,way,762960763,,leisure,swimming_pool,Point,unnamed_not_inherently_meaningful,"{""leisure"": ""swimming_pool""}"
RAL-01,way,763191703,,amenity,parking,Point,low_value_category,"{""access"": ""private"", ""amenity"": ""parking"", ""layer"": ""-1"", ""parking"": ""underground""}"
RAL-01,way,763282655,Convention Center Underground Deck,amenity,parking,Point,low_value_category,"{""amenity"": ""parking"", ""capacity"": ""959"", ""layer"": ""-1"", ""name"": ""Convention Center Underground Deck"", ""parking"": ""underground""}"
RAL-01,way,763282656,,amenity,parking,Point,low_value_category,"{""amenity"": ""parking"", ""parking"": ""surface""}"
RAL-01,way,763282662,,amenity,parking,Point,low_value_category,"{""amenity"": ""parking"", ""parking"": ""surface""}"
RAL-01,way,763282664,,amenity,parking,Point,low_value_category,"{""amenity"": ""parking"", ""parking"": ""surface""}"
RAL-01,way,763282665,,amenity,parking,Point,low_value_category,"{""amenity"": ""parking"", ""parking"": ""surface"", ""surface"": ""asphalt""}"
RAL-01,way,765220044,,amenity,parking,Point,low_value_category,"{""amenity"": ""parking"", ""parking"": ""surface""}"
RAL-01,way,770940248,"The Casso, Raleigh, A Tribute Portfolio Hotel",tourism,hotel,Point,retained:named_poi,"{""addr:city"": ""Raleigh"", ""addr:housenumber"": ""603"", ""addr:postcode"": ""27603"", ""addr:state"": ""NC"", ""addr:street"": ""West Morgan Street"", ""air_conditioning"": ""yes"", ""bar"": ""yes"", ""brand"": ""Tribute Portfolio"", ""brand:wikidata"": ""Q92021343"", ""building"": ""yes"", ""email"": ""mar_tri_raleighcontactus@pyramidglobal.com"", ""fax"": ""+1-984-275-2221"", ""internet_access"": ""yes"", ""internet_access:fee"": ""no"", ""name"": ""The Casso, Raleigh, A Tribute Portfolio Hotel"", ""phone"": ""+1-984-275-2220"", ""rooms"": ""126"", ""smoking"": ""no"", ""tourism"": ""hotel"", ""website"": ""https://www.marriott.com/hotels/travel/rdutx-the-casso-raleigh-a-tribute-portfolio-hotel/"", ""wheelchair"": ""yes""}"
RAL-01,way,842480121,,amenity,parking,Point,low_value_category,"{""amenity"": ""parking"", ""building"": ""parking"", ""parking"": ""multi-storey""}"
RAL-01,way,843579903,AC Hotel by Marriott Raleigh Downtown,tourism,hotel,Point,retained:named_poi,"{""addr:city"": ""Raleigh"", ""addr:housenumber"": ""9"", ""addr:postcode"": ""27603"", ""addr:state"": ""NC"", ""addr:street"": ""Glenwood Avenue"", ""brand"": ""AC Hotel"", ""brand:wikidata"": ""Q5653536"", ""building"": ""yes"", ""name"": ""AC Hotel by Marriott Raleigh Downtown"", ""tourism"": ""hotel"", ""website"": ""https://www.marriott.com/en-us/hotels/rduad-ac-hotel-raleigh-downtown/overview/""}"
RAL-01,way,843626501,,amenity,parking,Point,low_value_category,"{""amenity"": ""parking"", ""building"": ""parking"", ""parking"": ""multi-storey""}"
RAL-01,way,843626502,,railway,rail,Point,railway_track_infrastructure,"{""railway"": ""rail"", ""service"": ""yard""}"
RAL-01,way,843626503,,railway,rail,Point,railway_track_infrastructure,"{""railway"": ""rail"", ""service"": ""yard""}"
RAL-01,way,843626504,,railway,rail,Point,railway_track_infrastructure,"{""bridge"": ""yes"", ""layer"": ""1"", ""railway"": ""rail"", ""service"": ""yard""}"
RAL-01,way,843626505,,railway,rail,Point,railway_track_infrastructure,"{""bridge"": ""yes"", ""layer"": ""1"", ""railway"": ""rail"", ""service"": ""yard""}"
RAL-01,way,843626506,Capital Yard Lead,railway,rail,Point,railway_track_infrastructure,"{""maxspeed"": ""10 mph"", ""name"": ""Capital Yard Lead"", ""operator"": ""NCDOT"", ""railway"": ""rail"", ""service"": ""yard""}"
RAL-01,way,843626507,,railway,rail,Point,railway_track_infrastructure,"{""maxspeed"": ""10 mph"", ""railway"": ""rail"", ""service"": ""yard""}"
RAL-01,way,843626508,,railway,rail,Point,railway_track_infrastructure,"{""railway"": ""rail"", ""service"": ""yard""}"
RAL-01,way,843626509,,railway,rail,Point,railway_track_infrastructure,"{""railway"": ""rail"", ""service"": ""yard""}"
RAL-01,way,873121716,H-Line,railway,rail,Point,railway_track_infrastructure,"{""gauge"": ""1435"", ""name"": ""H-Line"", ""operator"": ""Norfolk Southern Railway"", ""operator:wikidata"": ""Q1321054"", ""owner"": ""North Carolina Railroad"", ""railway"": ""rail"", ""railway:ctc"": ""yes"", ""railway:etms"": ""yes"", ""railway:ptc"": ""yes"", ""railway:track_ref"": ""2"", ""railway_milepost"": ""NC"", ""ref"": ""NCRR"", ""usage"": ""main""}"
RAL-01,way,873121717,H-Line,railway,rail,Point,railway_track_infrastructure,"{""gauge"": ""1435"", ""name"": ""H-Line"", ""operator"": ""Norfolk Southern Railway"", ""operator:wikidata"": ""Q1321054"", ""owner"": ""North Carolina Railroad"", ""railway"": ""rail"", ""railway:ctc"": ""yes"", ""railway:etms"": ""yes"", ""railway:ptc"": ""yes"", ""railway:track_ref"": ""1"", ""railway_milepost"": ""NC"", ""ref"": ""NCRR"", ""usage"": ""main""}"
RAL-01,way,873121720,H-Line,railway,rail,Point,representative_point_outside_region,"{""gauge"": ""1435"", ""name"": ""H-Line"", ""operator"": ""Norfolk Southern Railway"", ""operator:wikidata"": ""Q1321054"", ""owner"": ""North Carolina Railroad"", ""railway"": ""rail"", ""railway:ctc"": ""yes"", ""railway:etms"": ""yes"", ""railway:ptc"": ""yes"", ""railway_milepost"": ""NC"", ""ref"": ""NCRR"", ""usage"": ""main""}"
RAL-01,way,923494766,,amenity,parking,Point,low_value_category,"{""amenity"": ""parking"", ""building"": ""yes"", ""building:levels"": ""8"", ""parking"": ""multi-storey""}"
RAL-01,way,960868940,NS-Line,railway,rail,Point,railway_track_infrastructure,"{""electrified"": ""no"", ""embankment"": ""yes"", ""gauge"": ""1435"", ""name"": ""NS-Line"", ""old_railway_operator"": ""NS"", ""operator"": ""Norfolk Southern Railway"", ""operator:wikidata"": ""Q1321054"", ""railway"": ""rail"", ""usage"": ""branch""}"
RAL-01,way,960868941,NS-Line,railway,rail,Point,railway_track_infrastructure,"{""bridge"": ""yes"", ""electrified"": ""no"", ""gauge"": ""1435"", ""name"": ""NS-Line"", ""old_railway_operator"": ""NS"", ""operator"": ""Norfolk Southern Railway"", ""operator:wikidata"": ""Q1321054"", ""railway"": ""rail"", ""usage"": ""branch""}"
RAL-01,way,962688943,H-Line,railway,rail,Point,railway_track_infrastructure,"{""electrified"": ""no"", ""gauge"": ""1435"", ""maxspeed"": ""35 mph"", ""name"": ""H-Line"", ""note:old_railway_operator"": ""North Carolina Railroad"", ""old_railway_operator"": ""Southern"", ""operator"": ""Norfolk Southern Railway"", ""operator:wikidata"": ""Q1321054"", ""owner"": ""North Carolina Railroad"", ""railway"": ""rail"", ""railway:ctc"": ""yes"", ""railway:etms"": ""yes"", ""railway:ptc"": ""yes"", ""railway_milepost"": ""NC"", ""ref"": ""NCRR"", ""usage"": ""main""}"
RAL-01,way,983213236,,leisure,pitch,Point,unnamed_pitch,"{""access"": ""permissive"", ""boules"": ""petanque"", ""leisure"": ""pitch"", ""sport"": ""boules""}"
RAL-01,way,1009093395,,leisure,pitch,Point,unnamed_pitch,"{""leisure"": ""pitch"", ""sport"": ""beachvolleyball"", ""surface"": ""sand""}"
RAL-01,way,1009093408,,amenity,parking,Point,low_value_category,"{""amenity"": ""parking"", ""parking"": ""surface""}"
RAL-01,way,1009093409,,amenity,parking,Point,low_value_category,"{""amenity"": ""parking"", ""parking"": ""surface"", ""surface"": ""asphalt""}"
RAL-01,way,1009093410,,amenity,parking,Point,low_value_category,"{""amenity"": ""parking"", ""parking"": ""surface"", ""surface"": ""asphalt""}"
RAL-01,way,1009093411,,amenity,parking,Point,low_value_category,"{""amenity"": ""parking"", ""parking"": ""surface"", ""surface"": ""asphalt""}"
RAL-01,way,1009093415,,amenity,parking,Point,low_value_category,"{""amenity"": ""parking"", ""parking"": ""surface""}"
RAL-01,way,1009093417,,amenity,parking,Point,low_value_category,"{""amenity"": ""parking"", ""parking"": ""surface""}"
RAL-01,way,1009145038,,amenity,parking,Point,low_value_category,"{""amenity"": ""parking"", ""parking"": ""surface"", ""surface"": ""asphalt""}"
RAL-01,way,1009338035,,railway,rail,Point,railway_track_infrastructure,"{""railway"": ""rail""}"
RAL-01,way,1009338036,,railway,rail,Point,railway_track_infrastructure,"{""railway"": ""rail"", ""service"": ""yard""}"
RAL-01,way,1009338037,,railway,rail,Point,railway_track_infrastructure,"{""railway"": ""rail"", ""service"": ""yard""}"
RAL-01,way,1010738675,,amenity,parking,Point,low_value_category,"{""amenity"": ""parking"", ""parking"": ""surface"", ""surface"": ""asphalt""}"
RAL-01,way,1010738676,,amenity,parking,Point,low_value_category,"{""amenity"": ""parking"", ""parking"": ""surface"", ""surface"": ""concrete""}"
RAL-01,way,1010738678,The Avenue,amenity,bar,Point,retained:named_poi,"{""addr:city"": ""Raleigh"", ""addr:housenumber"": ""3"", ""addr:postcode"": ""27603"", ""addr:state"": ""NC"", ""addr:street"": ""Glenwood Avenue"", ""amenity"": ""bar"", ""name"": ""The Avenue"", ""parking"": ""surface"", ""surface"": ""asphalt"", ""website"": ""https://www.avenueraleigh.com/""}"
RAL-01,way,1011448892,,amenity,parking,Point,low_value_category,"{""amenity"": ""parking"", ""parking"": ""surface"", ""surface"": ""asphalt""}"
RAL-01,way,1011448893,,amenity,parking,Point,low_value_category,"{""amenity"": ""parking"", ""parking"": ""surface"", ""surface"": ""asphalt""}"
RAL-01,way,1011448894,,amenity,parking,Point,low_value_category,"{""amenity"": ""parking"", ""parking"": ""surface"", ""surface"": ""asphalt""}"
RAL-01,way,1011448895,,amenity,parking,Point,low_value_category,"{""amenity"": ""parking"", ""parking"": ""surface"", ""surface"": ""asphalt""}"
RAL-01,way,1011448896,,amenity,parking,Point,low_value_category,"{""amenity"": ""parking"", ""parking"": ""surface"", ""surface"": ""asphalt""}"
RAL-01,way,1013358838,,amenity,parking,Point,low_value_category,"{""amenity"": ""parking"", ""parking"": ""surface""}"
RAL-01,way,1013358839,,amenity,parking,Point,low_value_category,"{""amenity"": ""parking"", ""parking"": ""surface""}"
RAL-01,way,1013358840,,amenity,parking,Point,low_value_category,"{""amenity"": ""parking"", ""parking"": ""surface""}"
RAL-01,way,1017266990,McDonald's,amenity,fast_food,Point,retained:named_poi,"{""addr:city"": ""Raleigh"", ""addr:housenumber"": ""105"", ""addr:postcode"": ""27602"", ""addr:state"": ""NC"", ""addr:street"": ""East South Street"", ""amenity"": ""fast_food"", ""brand"": ""McDonald's"", ""brand:wikidata"": ""Q38076"", ""building"": ""yes"", ""cuisine"": ""burger"", ""drive_through"": ""yes"", ""internet_access"": ""wlan"", ""name"": ""McDonald's"", ""opening_hours"": ""05:00-24:00"", ""phone"": ""+1 919-833-7800"", ""takeaway"": ""yes"", ""website"": ""https://www.mcdonalds.com/us/en-us/location/5028.html""}"
RAL-01,way,1018283001,Aberdeen Subdivision,railway,rail,Point,railway_track_infrastructure,"{""electrified"": ""no"", ""gauge"": ""1435"", ""maxspeed"": ""20 mph"", ""maxspeed:freight"": ""20 mph"", ""name"": ""Aberdeen Subdivision"", ""old_railway_operator"": ""SAL"", ""operator"": ""CSX Transportation"", ""operator:wikidata"": ""Q856783"", ""railway"": ""rail"", ""railway:ctc"": ""yes"", ""railway:etms"": ""yes"", ""railway:ptc"": ""yes"", ""railway:track_ref"": ""Main Track"", ""railway_milepost"": ""S"", ""ref"": ""AB"", ""usage"": ""branch""}"
RAL-01,way,1018283002,Aberdeen Subdivision,railway,rail,Point,railway_track_infrastructure,"{""electrified"": ""no"", ""gauge"": ""1435"", ""maxspeed"": ""20 mph"", ""maxspeed:freight"": ""20 mph"", ""name"": ""Aberdeen Subdivision"", ""old_railway_operator"": ""SAL"", ""operator"": ""CSX Transportation"", ""operator:wikidata"": ""Q856783"", ""railway"": ""rail"", ""railway:ctc"": ""yes"", ""railway:etms"": ""yes"", ""railway:ptc"": ""yes"", ""railway:track_ref"": ""Main Track"", ""railway_milepost"": ""S"", ""ref"": ""AB"", ""usage"": ""branch""}"
RAL-01,way,1022119397,,amenity,parking,Point,low_value_category,"{""amenity"": ""parking"", ""parking"": ""surface""}"
RAL-01,way,1022119398,,amenity,parking,Point,low_value_category,"{""amenity"": ""parking"", ""parking"": ""surface""}"
RAL-01,way,1022119399,,amenity,parking,Point,low_value_category,"{""amenity"": ""parking"", ""parking"": ""surface""}"
RAL-01,way,1022119400,,amenity,parking,Point,representative_point_outside_region,"{""amenity"": ""parking"", ""parking"": ""surface""}"
RAL-01,way,1063787124,,amenity,parking,Point,low_value_category,"{""amenity"": ""parking"", ""building"": ""yes"", ""parking"": ""multi-storey""}"
RAL-01,way,1069611769,,amenity,parking,Point,low_value_category,"{""amenity"": ""parking"", ""parking"": ""surface"", ""surface"": ""asphalt""}"
RAL-01,way,1069611771,,amenity,parking,Point,low_value_category,"{""amenity"": ""parking"", ""parking"": ""surface"", ""surface"": ""asphalt""}"
RAL-01,way,1069611772,,amenity,parking,Point,low_value_category,"{""amenity"": ""parking"", ""parking"": ""surface"", ""surface"": ""asphalt""}"
RAL-01,way,1069611773,,amenity,parking,Point,low_value_category,"{""amenity"": ""parking"", ""parking"": ""surface""}"
RAL-01,way,1069611774,,amenity,parking,Point,low_value_category,"{""amenity"": ""parking"", ""parking"": ""surface""}"
RAL-01,way,1069611775,,amenity,parking,Point,low_value_category,"{""amenity"": ""parking"", ""parking"": ""surface"", ""surface"": ""asphalt""}"
RAL-01,way,1069611776,,amenity,parking,Point,low_value_category,"{""amenity"": ""parking"", ""parking"": ""surface""}"
RAL-01,way,1069611777,,amenity,parking,Point,low_value_category,"{""amenity"": ""parking"", ""parking"": ""surface"", ""surface"": ""asphalt""}"
RAL-01,way,1069611778,,amenity,parking,Point,low_value_category,"{""amenity"": ""parking"", ""parking"": ""surface"", ""surface"": ""asphalt""}"
RAL-01,way,1069611781,,amenity,parking,Point,low_value_category,"{""amenity"": ""parking"", ""parking"": ""surface"", ""surface"": ""asphalt""}"
RAL-01,way,1069611782,,amenity,parking,Point,low_value_category,"{""amenity"": ""parking"", ""parking"": ""surface""}"
RAL-01,way,1069611783,,amenity,parking,Point,low_value_category,"{""amenity"": ""parking"", ""parking"": ""surface"", ""surface"": ""asphalt""}"
RAL-01,way,1069657797,,amenity,parking,Point,low_value_category,"{""amenity"": ""parking"", ""parking"": ""surface"", ""surface"": ""concrete""}"
RAL-01,way,1069657810,,amenity,parking,Point,low_value_category,"{""amenity"": ""parking"", ""parking"": ""surface"", ""surface"": ""unpaved""}"
RAL-01,way,1069657811,,amenity,parking,Point,low_value_category,"{""amenity"": ""parking"", ""parking"": ""surface"", ""surface"": ""asphalt""}"
RAL-01,way,1069657812,,amenity,parking,Point,low_value_category,"{""amenity"": ""parking"", ""parking"": ""surface"", ""surface"": ""asphalt""}"
RAL-01,way,1072162846,,amenity,parking,Point,low_value_category,"{""amenity"": ""parking"", ""parking"": ""surface""}"
RAL-01,way,1072162849,,amenity,parking,Point,low_value_category,"{""amenity"": ""parking"", ""parking"": ""surface"", ""surface"": ""asphalt""}"
RAL-01,way,1072162850,,amenity,parking,Point,low_value_category,"{""amenity"": ""parking"", ""parking"": ""surface"", ""surface"": ""asphalt""}"
RAL-01,way,1097525802,,amenity,parking,Point,low_value_category,"{""amenity"": ""parking"", ""building"": ""yes"", ""parking"": ""multi-storey""}"
RAL-01,way,1118637613,H-Line,railway,rail,Point,railway_track_infrastructure,"{""electrified"": ""no"", ""gauge"": ""1435"", ""maxspeed"": ""40 mph"", ""name"": ""H-Line"", ""note:old_railway_operator"": ""North Carolina Railroad"", ""old_railway_operator"": ""Southern"", ""operator"": ""Norfolk Southern Railway"", ""operator:wikidata"": ""Q1321054"", ""owner"": ""North Carolina Railroad"", ""railway"": ""rail"", ""railway:ctc"": ""yes"", ""railway:etms"": ""yes"", ""railway:ptc"": ""yes"", ""railway_milepost"": ""NC"", ""ref"": ""NCRR"", ""usage"": ""main""}"
RAL-01,way,1126109235,,amenity,parking,Point,low_value_category,"{""amenity"": ""parking"", ""parking"": ""surface"", ""surface"": ""asphalt""}"
RAL-01,way,1155458749,Junction West,amenity,bar,Point,retained:named_poi,"{""addr:city"": ""Raleigh"", ""addr:housenumber"": ""310"", ""addr:postcode"": ""27601"", ""addr:state"": ""NC"", ""addr:street"": ""South West Street"", ""amenity"": ""bar"", ""building"": ""yes"", ""name"": ""Junction West""}"
RAL-01,way,1175398706,,amenity,parking,Point,low_value_category,"{""amenity"": ""parking"", ""parking"": ""surface""}"
RAL-01,way,1175398707,,amenity,parking,Point,low_value_category,"{""amenity"": ""parking"", ""parking"": ""surface""}"
RAL-01,way,1175759164,,amenity,parking,Point,low_value_category,"{""amenity"": ""parking"", ""parking"": ""multi-storey""}"
RAL-01,way,1175759165,,amenity,parking,Point,low_value_category,"{""amenity"": ""parking"", ""capacity"": ""3"", ""capacity:disabled"": ""1"", ""parking"": ""surface""}"
RAL-01,way,1175759166,,amenity,parking,Point,low_value_category,"{""amenity"": ""parking"", ""parking"": ""surface""}"
RAL-01,way,1178625413,,amenity,parking,Point,low_value_category,"{""amenity"": ""parking"", ""parking"": ""multi-storey""}"
RAL-01,way,1178625416,,amenity,parking,Point,low_value_category,"{""access"": ""yes"", ""amenity"": ""parking"", ""fee"": ""yes"", ""parking"": ""multi-storey""}"
RAL-01,way,1178625417,,amenity,parking,Point,low_value_category,"{""amenity"": ""parking"", ""parking"": ""multi-storey""}"
RAL-01,way,1178625418,,amenity,parking,Point,low_value_category,"{""amenity"": ""parking"", ""parking"": ""multi-storey""}"
RAL-01,way,1178625426,,amenity,parking,Point,low_value_category,"{""amenity"": ""parking"", ""parking"": ""multi-storey""}"
RAL-01,way,1178625427,,amenity,parking,Point,low_value_category,"{""amenity"": ""parking"", ""parking"": ""multi-storey""}"
RAL-01,way,1178625428,,amenity,parking,Point,low_value_category,"{""amenity"": ""parking"", ""parking"": ""multi-storey""}"
RAL-01,way,1178625429,,amenity,parking,Point,low_value_category,"{""amenity"": ""parking"", ""parking"": ""surface""}"
RAL-01,way,1178625430,,amenity,parking,Point,low_value_category,"{""access"": ""private"", ""amenity"": ""parking"", ""parking"": ""surface""}"
RAL-01,way,1178625431,,amenity,parking,Point,low_value_category,"{""amenity"": ""parking"", ""parking"": ""multi-storey""}"
RAL-01,way,1178625432,,amenity,parking,Point,low_value_category,"{""amenity"": ""parking"", ""parking"": ""multi-storey""}"
RAL-01,way,1178625444,,amenity,parking,Point,low_value_category,"{""amenity"": ""parking"", ""parking"": ""surface""}"
RAL-01,way,1178625445,,amenity,parking,Point,low_value_category,"{""amenity"": ""parking"", ""parking"": ""surface""}"
RAL-01,way,1204504455,,amenity,parking,Point,representative_point_outside_region,"{""amenity"": ""parking""}"
RAL-01,way,1217658860,,amenity,parking,Point,low_value_category,"{""amenity"": ""parking""}"
RAL-01,way,1217891549,,amenity,parking,Point,low_value_category,"{""amenity"": ""parking""}"
RAL-01,way,1223355170,,leisure,outdoor_seating,Point,unnamed_not_inherently_meaningful,"{""leisure"": ""outdoor_seating""}"
RAL-01,way,1227239269,Moriarty Construction Field Office,office,engineer,Point,retained:named_poi,"{""addr:city"": ""Raleigh"", ""addr:housenumber"": ""609"", ""addr:postcode"": ""27603"", ""addr:state"": ""NC"", ""addr:street"": ""West Hargett Street"", ""building"": ""yes"", ""name"": ""Moriarty Construction Field Office"", ""office"": ""engineer""}"
RAL-01,way,1227239271,Flex Nightclub/Bar,leisure,outdoor_seating,Point,retained:named_poi,"{""leisure"": ""outdoor_seating"", ""operator"": ""Flex Nightclub/Bar""}"
RAL-01,way,1239921436,,amenity,parking_space,Point,low_value_category,"{""amenity"": ""parking_space"", ""capacity"": ""2""}"
RAL-01,way,1252670295,,leisure,outdoor_seating,Point,unnamed_not_inherently_meaningful,"{""leisure"": ""outdoor_seating""}"
RAL-01,way,1256461205,,amenity,parking,Point,low_value_category,"{""access"": ""permit"", ""amenity"": ""parking"", ""capacity"": ""29"", ""fee"": ""yes"", ""surface"": ""paved""}"
RAL-01,way,1257636752,,amenity,parking,Point,low_value_category,"{""amenity"": ""parking""}"
RAL-01,way,1264146574,,amenity,parking,Point,low_value_category,"{""amenity"": ""parking"", ""orientation"": ""diagonal"", ""parking"": ""street_side""}"
RAL-01,way,1275808329,H-Line,railway,rail,Point,railway_track_infrastructure,"{""electrified"": ""no"", ""gauge"": ""1435"", ""maxspeed"": ""60 mph"", ""name"": ""H-Line"", ""note:old_railway_operator"": ""North Carolina Railroad"", ""old_railway_operator"": ""Southern"", ""operator"": ""Norfolk Southern Railway"", ""operator:wikidata"": ""Q1321054"", ""owner"": ""North Carolina Railroad"", ""railway"": ""rail"", ""railway:ctc"": ""yes"", ""railway:etms"": ""yes"", ""railway:ptc"": ""yes"", ""railway_milepost"": ""NC"", ""ref"": ""NCRR"", ""usage"": ""main""}"
RAL-01,way,1275808330,H-Line,railway,rail,Point,railway_track_infrastructure,"{""bridge"": ""yes"", ""electrified"": ""no"", ""gauge"": ""1435"", ""layer"": ""0"", ""maxspeed"": ""60 mph"", ""name"": ""H-Line"", ""note:old_railway_operator"": ""North Carolina Railroad"", ""old_railway_operator"": ""Southern"", ""operator"": ""Norfolk Southern Railway"", ""operator:wikidata"": ""Q1321054"", ""owner"": ""North Carolina Railroad"", ""railway"": ""rail"", ""railway:ctc"": ""yes"", ""railway:etms"": ""yes"", ""railway:ptc"": ""yes"", ""railway_milepost"": ""NC"", ""ref"": ""NCRR"", ""usage"": ""main""}"
RAL-01,way,1292165583,,amenity,parking,Point,low_value_category,"{""access"": ""private"", ""amenity"": ""parking"", ""building"": ""yes"", ""parking"": ""multi-storey""}"
RAL-01,way,1292169083,,amenity,parking,Point,low_value_category,"{""access"": ""private"", ""amenity"": ""parking"", ""building"": ""yes"", ""parking"": ""multi-storey""}"
RAL-01,way,1292169085,Hyatt House,tourism,hotel,Point,retained:named_poi,"{""addr:city"": ""Raleigh"", ""addr:housenumber"": ""11"", ""addr:postcode"": ""27604"", ""addr:state"": ""NC"", ""addr:street"": ""Seaboard Avenue"", ""air_conditioning"": ""yes"", ""bar"": ""yes"", ""branch"": ""Raleigh Downtown Seaboard Station"", ""brand"": ""Hyatt House"", ""brand:wikidata"": ""Q109292191"", ""building"": ""yes"", ""description"": ""Hyatt House Hotel and Suite Accommodations with 149 guest rooms, outdoor pool, fitness center and rooftop bar. Eeasy walking access to shops and restaurants in Seaboard Station"", ""fax"": ""+1 984-326-7711"", ""internet_access"": ""wlan"", ""internet_access:fee"": ""no"", ""name"": ""Hyatt House"", ""payment:credit_cards"": ""yes"", ""payment:debit_cards"": ""yes"", ""phone"": ""+1 984-326-7710"", ""reservation"": ""yes"", ""rooms"": ""149"", ""smoking"": ""no"", ""tourism"": ""hotel"", ""website"": ""https://www.hyatt.com/hyatt-house/rduxd-hyatt-house-raleigh-downtown-seaboard-station"", ""wheelchair"": ""yes""}"
RAL-01,way,1313801696,,amenity,parking,Point,low_value_category,"{""amenity"": ""parking"", ""parking"": ""surface""}"
RAL-01,way,1323034185,Aberdeen Subdivision,railway,rail,Point,railway_track_infrastructure,"{""electrified"": ""no"", ""gauge"": ""1435"", ""maxspeed"": ""20 mph"", ""maxspeed:freight"": ""20 mph"", ""name"": ""Aberdeen Subdivision"", ""old_railway_operator"": ""SAL"", ""operator"": ""CSX Transportation"", ""operator:wikidata"": ""Q856783"", ""railway"": ""rail"", ""railway:atc"": ""no"", ""railway:ctc"": ""no"", ""railway:ptc"": ""no"", ""railway:track_ref"": ""Main Track"", ""railway_milepost"": ""S"", ""ref"": ""AB"", ""usage"": ""branch""}"
RAL-01,way,1323034186,Aberdeen Subdivision,railway,rail,Point,railway_track_infrastructure,"{""electrified"": ""no"", ""gauge"": ""1435"", ""maxspeed"": ""10 mph"", ""maxspeed:freight"": ""10 mph"", ""name"": ""Aberdeen Subdivision"", ""old_railway_operator"": ""SAL"", ""operator"": ""CSX Transportation"", ""operator:wikidata"": ""Q856783"", ""railway"": ""rail"", ""railway:atc"": ""no"", ""railway:ctc"": ""no"", ""railway:ptc"": ""no"", ""railway:track_ref"": ""Main Track"", ""railway_milepost"": ""S"", ""ref"": ""AB"", ""tiger:cfcc"": ""B11"", ""tiger:county"": ""Wake, NC"", ""tiger:name_base"": ""Seaboard Coast Line Railroad"", ""usage"": ""branch""}"
RAL-01,way,1342745978,Express Library Fayetteville Street,amenity,library,Point,retained:named_poi,"{""addr:city"": ""Raleigh"", ""addr:county"": ""Wake"", ""addr:housenumber"": ""336"", ""addr:postcode"": ""27601-1743"", ""addr:state"": ""NC"", ""addr:street"": ""Fayetteville Street"", ""amenity"": ""library"", ""indoor"": ""area"", ""name"": ""Express Library Fayetteville Street"", ""nat_ref"": ""C-WAKE-EIC"", ""operator:type"": ""public"", ""phone"": ""+1 919-856-6690""}"
RAL-01,way,1421285988,,amenity,parking,Point,low_value_category,"{""access"": ""private"", ""amenity"": ""parking"", ""building"": ""yes"", ""parking"": ""multi-storey""}"
RAL-01,way,1421285991,,leisure,swimming_pool,Point,unnamed_not_inherently_meaningful,"{""access"": ""private"", ""leisure"": ""swimming_pool"", ""location"": ""roof""}"
RAL-01,way,1442594622,Incendiary Brewing Co,amenity,bar,Point,retained:named_poi,"{""addr:city"": ""Raleigh"", ""addr:housenumber"": ""612"", ""addr:postcode"": ""27603"", ""addr:state"": ""NC"", ""addr:street"": ""West Morgan Street"", ""amenity"": ""bar"", ""building"": ""yes"", ""name"": ""Incendiary Brewing Co"", ""opening_hours"": ""Su 12:00-22:00, Mo-Th 16:00-22:00, Fr-Sa 12:00-00:00""}"
RAL-01,way,1468147068,Pop-Pup Dog Park,leisure,dog_park,Point,retained:named_poi,"{""access"": ""yes"", ""dog"": ""unleashed"", ""leisure"": ""dog_park"", ""name"": ""Pop-Pup Dog Park"", ""operator"": ""City of Raleigh: Parks, Recreation and Cultural Resources"", ""operator:type"": ""government""}"
RAL-01,way,1490370671,,leisure,swimming_pool,Point,unnamed_not_inherently_meaningful,"{""access"": ""private"", ""leisure"": ""swimming_pool""}"
RAL-01,way,1544185838,North Carolina Freedom Park,leisure,park,Point,retained:named_poi,"{""addr:city"": ""Raleigh"", ""addr:housenumber"": ""218"", ""addr:state"": ""NC"", ""addr:street"": ""North Wilmington Street"", ""architect"": ""Phil Freelon"", ""leisure"": ""park"", ""name"": ""North Carolina Freedom Park"", ""opening_hours"": ""dawn-dusk"", ""operator"": ""North Carolina African American Heritage Commission"", ""operator:type"": ""government""}"
RAL-01,way,1551388742,,amenity,parking,Point,low_value_category,"{""access"": ""customers"", ""amenity"": ""parking"", ""fee"": ""no"", ""parking"": ""surface""}"
RAL-01,way,1551388743,,amenity,parking,Point,low_value_category,"{""access"": ""customers"", ""amenity"": ""parking"", ""fee"": ""no"", ""parking"": ""surface""}"
RAL-01,way,1551388753,,amenity,parking,Point,low_value_category,"{""amenity"": ""parking""}"
RAL-01,way,1551388768,,amenity,parking,Point,low_value_category,"{""amenity"": ""parking""}"
RAL-01,way,1552537713,,tourism,viewpoint,Point,unnamed_not_inherently_meaningful,"{""tourism"": ""viewpoint""}"
RAL-01,relation,4144751,Red Hat Tower,office,it,Point,retained:named_poi,"{""access"": ""yes"", ""addr:city"": ""Raleigh"", ""addr:housename"": ""Red Hat Tower"", ""addr:housenumber"": ""100"", ""addr:postcode"": ""27601"", ""addr:state"": ""NC"", ""addr:street"": ""East Davie Street"", ""building"": ""commercial"", ""building:levels"": ""19"", ""fee"": ""yes"", ""height"": ""76.4 m"", ""image"": ""https://commons.wikimedia.org/wiki/File:RedHatHeadquartersRaleigh.jpg"", ""it:type"": ""open_source"", ""layer"": ""1"", ""name"": ""Red Hat Tower"", ""office"": ""it"", ""phone"": ""+1 8887334281"", ""type"": ""multipolygon"", ""website"": ""https://www.redhat.com"", ""wheelchair"": ""yes"", ""wikidata"": ""Q7859171"", ""wikipedia:en"": ""Red Hat Tower""}"
RAL-01,relation,4154181,,amenity,parking,Point,low_value_category,"{""amenity"": ""parking"", ""parking"": ""surface"", ""surface"": ""asphalt"", ""type"": ""multipolygon""}"
RAL-01,relation,4154182,,amenity,parking,Point,low_value_category,"{""amenity"": ""parking"", ""building"": ""parking"", ""building:levels"": ""4"", ""building:part"": ""yes"", ""parking"": ""multi-storey"", ""type"": ""multipolygon""}"
RAL-01,relation,6776159,Person Pointe Condominiums,amenity,parking,Point,low_value_category,"{""access"": ""private"", ""access:resident"": ""yes"", ""amenity"": ""parking"", ""operator"": ""Person Pointe Condominiums"", ""parking"": ""surface"", ""site"": ""parking"", ""surface"": ""asphalt"", ""type"": ""site""}"
RAL-01,relation,10356072,Raleigh,public_transport,stop_area,Point,retained:named_poi,"{""addr:state"": ""NC"", ""name"": ""Raleigh"", ""network"": ""Amtrak"", ""public_transport"": ""stop_area"", ""railway"": ""facility"", ""railway:ref"": ""RGH"", ""type"": ""public_transport""}"
RAL-01,relation,14713078,Edenton Street United Methodist Church,amenity,place_of_worship,Point,retained:named_poi,"{""addr:city"": ""Raleigh"", ""addr:housenumber"": ""225"", ""addr:postcode"": ""27603"", ""addr:state"": ""NC"", ""addr:street"": ""West Edenton Street"", ""amenity"": ""place_of_worship"", ""building"": ""yes"", ""building:use"": ""commercial"", ""denomination"": ""methodist"", ""name"": ""Edenton Street United Methodist Church"", ""religion"": ""christian"", ""source"": ""WakeGIS"", ""type"": ""multipolygon"", ""wikidata"": ""Q5337018"", ""wikipedia"": ""en:Edenton Street United Methodist Church""}"
RAL-01,relation,14724202,North Carolina Department of Transportation,office,government,Point,retained:named_poi,"{""addr:city"": ""Raleigh"", ""addr:housenumber"": ""1"", ""addr:postcode"": ""27601"", ""addr:state"": ""NC"", ""addr:street"": ""South Wilmington Street"", ""building"": ""yes"", ""building:levels"": ""4"", ""name"": ""North Carolina Department of Transportation"", ""office"": ""government"", ""opening_hours"": ""Mo-Fr 08:00-17:00"", ""phone"": ""+18773684968"", ""type"": ""multipolygon"", ""website"": ""https://www.ncdot.gov/""}"
RAL-01,relation,14728532,First Baptist Church of Raleigh,amenity,place_of_worship,Point,retained:named_poi,"{""addr:city"": ""Raleigh"", ""addr:country"": ""US"", ""addr:housenumber"": ""109"", ""addr:state"": ""NC"", ""addr:street"": ""South Wilmington Street"", ""amenity"": ""place_of_worship"", ""building"": ""yes"", ""building:use"": ""commercial"", ""denomination"": ""baptist"", ""name"": ""First Baptist Church of Raleigh"", ""religion"": ""christian"", ""source"": ""WakeGIS"", ""source:geometry"": ""Bing"", ""type"": ""multipolygon"", ""wikidata"": ""Q5452427"", ""wikipedia"": ""en:First Baptist Church (Raleigh, North Carolina)""}"
RAL-01,relation,16629304,The Church of the Good Shepherd,amenity,place_of_worship,Point,retained:named_poi,"{""amenity"": ""place_of_worship"", ""building"": ""yes;roof"", ""building:use"": ""commercial"", ""denomination"": ""episcopal"", ""layer"": ""1"", ""name"": ""The Church of the Good Shepherd"", ""religion"": ""christian"", ""source"": ""WakeGIS"", ""type"": ""multipolygon""}"
RAL-01,relation,16629305,,amenity,place_of_worship,Point,retained:inherently_meaningful,"{""addr:city"": ""Raleigh"", ""addr:housenumber"": ""99"", ""addr:postcode"": ""27601"", ""addr:state"": ""NC"", ""addr:street"": ""North Salisbury Street"", ""amenity"": ""place_of_worship"", ""building"": ""yes;church"", ""building:use"": ""commercial"", ""denomination"": ""baptist"", ""religion"": ""christian"", ""source"": ""WakeGIS"", ""type"": ""multipolygon"", ""wikidata"": ""Q5452427"", ""wikipedia"": ""en:First Baptist Church (Raleigh, North Carolina)""}"
RAL-01,relation,16629306,First Presbyterian Church,amenity,place_of_worship,Point,retained:named_poi,"{""amenity"": ""place_of_worship"", ""building"": ""church;yes"", ""building:use"": ""commercial"", ""denomination"": ""presbyterian"", ""name"": ""First Presbyterian Church"", ""religion"": ""christian"", ""source"": ""WakeGIS"", ""type"": ""multipolygon"", ""wikidata"": ""Q23302288""}"
RAL-02,node,195468802,,railway,railway_crossing,Point,representative_point_outside_region,"{""railway"": ""railway_crossing""}"
RAL-02,node,195742271,,railway,signal,Point,representative_point_outside_region,"{""railway"": ""signal"", ""railway:signal:direction"": ""forward""}"
RAL-02,node,357769061,Boylan Heights School,amenity,school,Point,representative_point_outside_region,"{""amenity"": ""school"", ""ele"": ""99"", ""gnis:feature_id"": ""981795"", ""name"": ""Boylan Heights School""}"
RAL-02,node,1156429204,,amenity,bicycle_parking,Point,representative_point_outside_region,"{""amenity"": ""bicycle_parking""}"
RAL-02,node,1172629812,,railway,switch,Point,representative_point_outside_region,"{""railway"": ""switch""}"
RAL-02,node,1172629868,,railway,railway_crossing,Point,representative_point_outside_region,"{""railway"": ""railway_crossing""}"
RAL-02,node,1172630182,,railway,switch,Point,representative_point_outside_region,"{""railway"": ""switch""}"
RAL-02,node,1172630405,,railway,railway_crossing,Point,representative_point_outside_region,"{""railway"": ""railway_crossing""}"
RAL-02,node,1236250447,,railway,level_crossing,Point,representative_point_outside_region,"{""crossing:barrier"": ""no"", ""railway"": ""level_crossing""}"
RAL-02,node,1877261917,United States Postal Service,amenity,post_box,Point,representative_point_outside_region,"{""addr:city"": ""Raleigh"", ""addr:housenumber"": ""236"", ""addr:postcode"": ""27603"", ""addr:state"": ""NC"", ""addr:street"": ""S Boylan Ave"", ""amenity"": ""post_box"", ""collection_times"": ""Mo-Fr 11:30; Sa 10:00"", ""operator"": ""United States Postal Service"", ""operator:short"": ""USPS"", ""operator:type"": ""public"", ""operator:website"": ""https://www.usps.com"", ""operator:wikidata"": ""Q668687"", ""operator:wikipedia"": ""en:United States Postal Service"", ""short_name"": ""USPS""}"
RAL-02,node,4100383254,,railway,signal,Point,representative_point_outside_region,"{""railway"": ""signal"", ""railway:signal:direction"": ""forward"", ""railway:signal:position"": ""overhead""}"
RAL-02,node,4100383255,,railway,signal,Point,representative_point_outside_region,"{""railway"": ""signal"", ""railway:signal:direction"": ""forward"", ""railway:signal:position"": ""overhead""}"
RAL-02,node,5653278642,Toxic Customs,shop,car_repair,Point,representative_point_outside_region,"{""addr:city"": ""Raleigh"", ""addr:housenumber"": ""1230"", ""addr:postcode"": ""27603"", ""addr:state"": ""NC"", ""addr:street"": ""South Saunders Street"", ""name"": ""Toxic Customs"", ""shop"": ""car_repair"", ""website"": ""https://toxiccustoms.com/""}"
RAL-02,node,5760381222,,railway,signal,Point,representative_point_outside_region,"{""railway"": ""signal"", ""railway:signal:direction"": ""forward""}"
RAL-02,node,5760381223,,railway,switch,Point,representative_point_outside_region,"{""railway"": ""switch""}"
RAL-02,node,5760381224,,railway,signal,Point,representative_point_outside_region,"{""railway"": ""signal"", ""railway:signal:direction"": ""forward""}"
RAL-02,node,6502766737,Western Boulevard & Ashe Avenue,public_transport,platform,Point,representative_point_outside_region,"{""bench"": ""yes"", ""bin"": ""yes"", ""bus"": ""yes"", ""highway"": ""bus_stop"", ""name"": ""Western Boulevard & Ashe Avenue"", ""network"": ""GoRaleigh;GoTriangle"", ""operator"": ""GoRaleigh;GoTriangle"", ""passenger_information_display"": ""no"", ""public_transport"": ""platform"", ""ref"": ""8568"", ""shelter"": ""yes""}"
RAL-02,node,6502766738,Western Boulevard & Ashe Avenue,public_transport,platform,Point,representative_point_outside_region,"{""bench"": ""yes"", ""bin"": ""yes"", ""bus"": ""yes"", ""highway"": ""bus_stop"", ""lit"": ""no"", ""name"": ""Western Boulevard & Ashe Avenue"", ""network"": ""GoRaleigh;GoTriangle"", ""operator"": ""GoRaleigh;GoTriangle"", ""passenger_information_display"": ""no"", ""public_transport"": ""platform"", ""ref"": ""8524"", ""shelter"": ""no""}"
RAL-02,node,6502766739,Western Blvd at Hunt Dr (Governor Morehead School),public_transport,platform,Point,representative_point_outside_region,"{""bench"": ""no"", ""bin"": ""no"", ""bus"": ""yes"", ""departures_board"": ""no"", ""highway"": ""bus_stop"", ""name"": ""Western Blvd at Hunt Dr (Governor Morehead School)"", ""network"": ""GoRaleigh;GoTriangle"", ""operator"": ""GoRaleigh"", ""public_transport"": ""platform"", ""ref"": ""8523"", ""shelter"": ""no""}"
RAL-02,node,6502777512,Western Blvd at Hunt Dr (EB),public_transport,platform,Point,representative_point_outside_region,"{""bench"": ""no"", ""bin"": ""no"", ""bus"": ""yes"", ""departures_board"": ""no"", ""highway"": ""bus_stop"", ""name"": ""Western Blvd at Hunt Dr (EB)"", ""network"": ""GoRaleigh;GoTriangle"", ""operator"": ""GoRaleigh"", ""public_transport"": ""platform"", ""ref"": ""8569"", ""shelter"": ""no""}"
RAL-02,node,6502777514,Western Boulevard & Boylan Avenue,public_transport,platform,Point,representative_point_outside_region,"{""bench"": ""no"", ""bin"": ""no"", ""bus"": ""yes"", ""highway"": ""bus_stop"", ""name"": ""Western Boulevard & Boylan Avenue"", ""network"": ""GoTriangle"", ""network:wikidata"": ""Q7840091"", ""network:wikipedia"": ""en:GoTriangle"", ""operator"": ""GoTriangle"", ""passenger_information_display"": ""no"", ""public_transport"": ""platform"", ""ref"": ""1299"", ""shelter"": ""no""}"
RAL-02,node,6502777515,Western Boulevard & Boylan Avenue,public_transport,platform,Point,representative_point_outside_region,"{""bench"": ""no"", ""bin"": ""no"", ""bus"": ""yes"", ""highway"": ""bus_stop"", ""name"": ""Western Boulevard & Boylan Avenue"", ""network"": ""GoTriangle"", ""network:wikidata"": ""Q7840091"", ""network:wikipedia"": ""en:GoTriangle"", ""operator"": ""GoTriangle"", ""passenger_information_display"": ""no"", ""public_transport"": ""platform"", ""ref"": ""1281"", ""shelter"": ""no"", ""tactile_paving"": ""no""}"
RAL-02,node,6507403838,Lake Wheeler Rd at Goode St,public_transport,platform,Point,representative_point_outside_region,"{""bench"": ""yes"", ""bin"": ""yes"", ""bus"": ""yes"", ""highway"": ""bus_stop"", ""lit"": ""yes"", ""name"": ""Lake Wheeler Rd at Goode St"", ""network"": ""GoRaleigh"", ""network:wikidata"": ""Q5035469"", ""network:wikipedia"": ""en:GoRaleigh"", ""public_transport"": ""platform"", ""ref"": ""8835"", ""shelter"": ""yes"", ""tactile_paving"": ""no""}"
RAL-02,node,6507404644,South Saunders Street & Prospect Avenue,public_transport,platform,Point,representative_point_outside_region,"{""bench"": ""yes"", ""bin"": ""yes"", ""bus"": ""yes"", ""highway"": ""bus_stop"", ""lit"": ""no"", ""name"": ""South Saunders Street & Prospect Avenue"", ""network"": ""GoRaleigh"", ""network:wikidata"": ""Q5035469"", ""network:wikipedia"": ""en:GoRaleigh"", ""operator"": ""GoRaleigh"", ""passenger_information_display"": ""no"", ""public_transport"": ""platform"", ""ref"": ""8398"", ""shelter"": ""no"", ""tactile_paving"": ""no""}"
RAL-02,node,6510040495,Western Blvd at Hunt Dr (WB),public_transport,platform,Point,representative_point_outside_region,"{""bench"": ""no"", ""bin"": ""no"", ""bus"": ""yes"", ""highway"": ""bus_stop"", ""name"": ""Western Blvd at Hunt Dr (WB)"", ""network"": ""GoRaleigh;GoTriangle"", ""public_transport"": ""platform"", ""ref"": ""9809"", ""shelter"": ""no""}"
RAL-02,node,6510040608,Lake Wheeler Rd at Grissom St,public_transport,platform,Point,representative_point_outside_region,"{""bench"": ""yes"", ""bus"": ""yes"", ""highway"": ""bus_stop"", ""lit"": ""no"", ""name"": ""Lake Wheeler Rd at Grissom St"", ""network"": ""GoRaleigh"", ""network:wikidata"": ""Q5035469"", ""network:wikipedia"": ""en:GoRaleigh"", ""public_transport"": ""platform"", ""ref"": ""9239"", ""shelter"": ""no"", ""tactile_paving"": ""no""}"
RAL-02,node,6510040695,S Boylan Ave at W Lenoir St,public_transport,platform,Point,representative_point_outside_region,"{""bench"": ""no"", ""bin"": ""no"", ""bus"": ""yes"", ""highway"": ""bus_stop"", ""mapillary"": ""286824003061573"", ""name"": ""S Boylan Ave at W Lenoir St"", ""network"": ""GoRaleigh"", ""network:wikidata"": ""Q5035469"", ""network:wikipedia"": ""en:GoRaleigh"", ""public_transport"": ""platform"", ""ref"": ""9808"", ""shelter"": ""no"", ""survey:date"": ""2019-01-27""}"
RAL-02,node,6510040710,Lake Wheeler Rd at Daladams St,public_transport,platform,Point,representative_point_outside_region,"{""bench"": ""no"", ""bus"": ""yes"", ""check_date:shelter"": ""2021-06-27"", ""highway"": ""bus_stop"", ""lit"": ""no"", ""name"": ""Lake Wheeler Rd at Daladams St"", ""network"": ""GoRaleigh"", ""network:wikidata"": ""Q5035469"", ""network:wikipedia"": ""en:GoRaleigh"", ""public_transport"": ""platform"", ""ref"": ""8836"", ""shelter"": ""no"", ""tactile_paving"": ""no""}"
RAL-02,node,6510040712,Lake Wheeler Rd at Fuller St,public_transport,platform,Point,representative_point_outside_region,"{""bench"": ""yes"", ""bin"": ""yes"", ""bus"": ""yes"", ""highway"": ""bus_stop"", ""lit"": ""no"", ""mapillary"": ""2773081499670983"", ""name"": ""Lake Wheeler Rd at Fuller St"", ""network"": ""GoRaleigh"", ""network:wikidata"": ""Q5035469"", ""network:wikipedia"": ""en:GoRaleigh"", ""public_transport"": ""platform"", ""ref"": ""8837"", ""shelter"": ""no"", ""survey:date"": ""2019-01-20"", ""tactile_paving"": ""no""}"
RAL-02,node,6510040770,W Lenoir St at S Saunders St,public_transport,platform,Point,representative_point_outside_region,"{""bench"": ""no"", ""bin"": ""no"", ""bus"": ""yes"", ""highway"": ""bus_stop"", ""mapillary"": ""910799536135957"", ""name"": ""W Lenoir St at S Saunders St"", ""network"": ""GoRaleigh"", ""network:wikidata"": ""Q5035469"", ""network:wikipedia"": ""en:GoRaleigh"", ""public_transport"": ""platform"", ""ref"": ""9601"", ""shelter"": ""no"", ""survey:date"": ""2020-10-24""}"
RAL-02,node,6510040777,S Boylan Ave at Dorothea Dr (Outbound),public_transport,platform,Point,representative_point_outside_region,"{""bench"": ""no"", ""bin"": ""no"", ""bus"": ""yes"", ""highway"": ""bus_stop"", ""name"": ""S Boylan Ave at Dorothea Dr (Outbound)"", ""network"": ""GoRaleigh"", ""network:wikidata"": ""Q5035469"", ""network:wikipedia"": ""en:GoRaleigh"", ""public_transport"": ""platform"", ""ref"": ""9600"", ""shelter"": ""no""}"
RAL-02,node,6510040795,South St at Florence St,public_transport,platform,Point,representative_point_outside_region,"{""bench"": ""no"", ""bin"": ""yes"", ""bus"": ""yes"", ""highway"": ""bus_stop"", ""mapillary"": ""914665889321260"", ""name"": ""South St at Florence St"", ""network"": ""GoRaleigh"", ""network:wikidata"": ""Q5035469"", ""network:wikipedia"": ""en:GoRaleigh"", ""public_transport"": ""platform"", ""ref"": ""8570"", ""shelter"": ""no"", ""survey:date"": ""2019-01-27""}"
RAL-02,node,6510040800,S Boylan Ave at Dorothea Dr (Inbound),public_transport,platform,Point,representative_point_outside_region,"{""bench"": ""no"", ""bin"": ""no"", ""bus"": ""yes"", ""highway"": ""bus_stop"", ""mapillary"": ""535603034489530"", ""name"": ""S Boylan Ave at Dorothea Dr (Inbound)"", ""network"": ""GoRaleigh"", ""network:wikidata"": ""Q5035469"", ""network:wikipedia"": ""en:GoRaleigh"", ""public_transport"": ""platform"", ""ref"": ""8559"", ""shelter"": ""no"", ""survey:date"": ""2019-06-01""}"
RAL-02,node,6573312267,,amenity,bicycle_parking,Point,representative_point_outside_region,"{""amenity"": ""bicycle_parking"", ""bicycle_parking"": ""rack""}"
RAL-02,node,6738684892,Tobacco Road Harley-Davidson,shop,motorcycle,Point,representative_point_outside_region,"{""addr:city"": ""Raleigh"", ""addr:housenumber"": ""1126"", ""addr:postcode"": ""27603"", ""addr:state"": ""NC"", ""addr:street"": ""South Saunders Street"", ""air_conditioning"": ""yes"", ""brand"": ""Harley-Davidson"", ""brand:wikidata"": ""Q192814"", ""name"": ""Tobacco Road Harley-Davidson"", ""opening_hours"": ""Mo-Fr 09:00-18:00; Sa 09:00-17:00; Su 12:00-16:00"", ""parts"": ""brand"", ""payment:cash"": ""yes"", ""payment:credit_cards"": ""yes"", ""phone"": ""+1 919 832 2261"", ""shop"": ""motorcycle"", ""website"": ""https://www.tobaccoroadhd.com""}"
RAL-02,node,6738686462,Triumph Raleigh,shop,motorcycle,Point,representative_point_outside_region,"{""addr:city"": ""Raleigh"", ""addr:housenumber"": ""1126"", ""addr:postcode"": ""27603"", ""addr:state"": ""NC"", ""addr:street"": ""South Saunders Street"", ""air_conditioning"": ""yes"", ""brand"": ""Triumph"", ""brand:wikidata"": ""Q1140383"", ""name"": ""Triumph Raleigh"", ""opening_hours"": ""Mo-Fr 09:00-18:00; Sa 09:00-17:00; Su 12:00-16:00"", ""payment:cash"": ""yes"", ""payment:credit_cards"": ""yes"", ""phone"": ""+1-919-832-2261"", ""shop"": ""motorcycle""}"
RAL-02,node,6738711976,"Murray's Tire & Auto, Inc",shop,tyres,Point,representative_point_outside_region,"{""addr:city"": ""Raleigh"", ""addr:housenumber"": ""1202"", ""addr:postcode"": ""27603"", ""addr:state"": ""NC"", ""addr:street"": ""South Saunders Street"", ""check_date"": ""2024-10-07"", ""internet_access"": ""wlan"", ""internet_access:fee"": ""customers"", ""name"": ""Murray's Tire & Auto, Inc"", ""opening_hours"": ""Mo-Fr 08:00-18:00; Sa 08:00-17:00"", ""payment:cash"": ""yes"", ""payment:credit_cards"": ""yes"", ""payment:debit_cards"": ""yes"", ""phone"": ""+1-919-821-0573"", ""shop"": ""tyres"", ""wheelchair"": ""limited""}"
RAL-02,node,7243433246,Dorothea Dix Park,amenity,bicycle_rental,Point,retained:named_poi,"{""amenity"": ""bicycle_rental"", ""bicycle_rental"": ""docking_station"", ""capacity"": ""16"", ""name"": ""Dorothea Dix Park"", ""network"": ""Citrix Cycle""}"
RAL-02,node,7637260749,Harley-Davidson,shop,motorcycle_repair,Point,representative_point_outside_region,"{""brand"": ""Harley-Davidson"", ""brand:wikidata"": ""Q192814"", ""name"": ""Harley-Davidson"", ""phone"": ""+1 919-750-0970"", ""shop"": ""motorcycle_repair"", ""website"": ""https://www.tobaccoroadhd.com/service/""}"
RAL-02,node,7637260750,Triumph Raleigh Service,shop,motorcycle_repair,Point,representative_point_outside_region,"{""name"": ""Triumph Raleigh Service"", ""phone"": ""+1-919-832-2261"", ""shop"": ""motorcycle_repair"", ""website"": ""https://www.triumphraleigh.com/we-repair-your-motorcycle--service""}"
RAL-02,node,7696242816,,railway,railway_crossing,Point,representative_point_outside_region,"{""railway"": ""railway_crossing""}"
RAL-02,node,7696242817,,railway,switch,Point,representative_point_outside_region,"{""railway"": ""switch""}"
RAL-02,node,8412019819,Rebus Works and pH seven,shop,art,Point,representative_point_outside_region,"{""name"": ""Rebus Works and pH seven"", ""opening_hours"": ""Mo-We 08:00-15:00; Th-Sa 08:00-19:00; Su 10:00-15:00"", ""shop"": ""art""}"
RAL-02,node,8412038451,Raleigh Embroidery,shop,craft,Point,representative_point_outside_region,"{""name"": ""Raleigh Embroidery"", ""shop"": ""craft""}"
RAL-02,node,8786724894,Big Field,leisure,park,Point,retained:named_poi,"{""leisure"": ""park"", ""name"": ""Big Field""}"
RAL-02,node,9398111456,Western Boulevard & Boylan Avenue,public_transport,stop_position,Point,representative_point_outside_region,"{""bus"": ""yes"", ""name"": ""Western Boulevard & Boylan Avenue"", ""network"": ""GoTriangle"", ""operator"": ""GoTriangle"", ""public_transport"": ""stop_position"", ""ref"": ""1281""}"
RAL-02,node,9398111457,Western Boulevard & Boylan Avenue,public_transport,stop_position,Point,representative_point_outside_region,"{""bus"": ""yes"", ""name"": ""Western Boulevard & Boylan Avenue"", ""network"": ""GoTriangle"", ""operator"": ""GoTriangle"", ""public_transport"": ""stop_position"", ""ref"": ""1299""}"
RAL-02,node,9398111458,Western Boulevard & Ashe Avenue,public_transport,stop_position,Point,representative_point_outside_region,"{""bus"": ""yes"", ""name"": ""Western Boulevard & Ashe Avenue"", ""network"": ""GoRaleigh;GoTriangle"", ""operator"": ""GoRaleigh;GoTriangle"", ""public_transport"": ""stop_position"", ""ref"": ""8568""}"
RAL-02,node,9398111459,Western Boulevard & Ashe Avenue,public_transport,stop_position,Point,representative_point_outside_region,"{""bus"": ""yes"", ""name"": ""Western Boulevard & Ashe Avenue"", ""network"": ""GoRaleigh"", ""operator"": ""GoRaleigh"", ""public_transport"": ""stop_position"", ""ref"": ""8524""}"
RAL-02,node,9398252613,South Saunders Street & Prospect Avenue,public_transport,stop_position,Point,representative_point_outside_region,"{""bus"": ""yes"", ""name"": ""South Saunders Street & Prospect Avenue"", ""network"": ""GoRaleigh"", ""operator"": ""GoRaleigh"", ""public_transport"": ""stop_position"", ""ref"": ""8398""}"
RAL-02,node,10040092139,Nancy Jo's Homemade of Raleigh,shop,pastry,Point,representative_point_outside_region,"{""addr:city"": ""Raleigh"", ""addr:housenumber"": ""1209"", ""addr:postcode"": ""27603"", ""addr:state"": ""NC"", ""addr:street"": ""Agricultural Street"", ""name"": ""Nancy Jo's Homemade of Raleigh"", ""opening_hours"": ""We-Mo 09:00-17:00"", ""phone"": ""+19842000437"", ""shop"": ""pastry""}"
RAL-02,node,10040092140,Earth Family Organics,shop,farm,Point,representative_point_outside_region,"{""addr:city"": ""Raleigh"", ""addr:housenumber"": ""1109"", ""addr:postcode"": ""27603"", ""addr:state"": ""NC"", ""addr:street"": ""Agricultural Street"", ""name"": ""Earth Family Organics"", ""phone"": ""+19198337559"", ""shop"": ""farm""}"
RAL-02,node,10040092141,"Fords Produce Company, Inc.",shop,farm,Point,representative_point_outside_region,"{""addr:city"": ""Raleigh"", ""addr:housenumber"": ""1109"", ""addr:postcode"": ""27695"", ""addr:state"": ""NC"", ""addr:street"": ""Agriculture Street"", ""name"": ""Fords Produce Company, Inc."", ""phone"": ""+18008213673"", ""shop"": ""farm""}"
RAL-02,node,10040092142,Alvarado & sons produce,shop,farm,Point,representative_point_outside_region,"{""addr:city"": ""Raleigh"", ""addr:housenumber"": ""1225"", ""addr:postcode"": ""27603"", ""addr:state"": ""NC"", ""addr:street"": ""Farmers Market Drive"", ""name"": ""Alvarado & sons produce"", ""phone"": ""+19196026480"", ""shop"": ""farm""}"
RAL-02,node,10040092143,Jones Fruit & Produce,shop,farm,Point,representative_point_outside_region,"{""addr:city"": ""Raleigh"", ""addr:housenumber"": ""1225"", ""addr:postcode"": ""27603"", ""addr:state"": ""NC"", ""addr:street"": ""Farmers Market Drive"", ""name"": ""Jones Fruit & Produce"", ""phone"": ""+19198349122"", ""shop"": ""farm""}"
RAL-02,node,10116967594,,amenity,waste_basket,Point,low_value_category,"{""amenity"": ""waste_basket""}"
RAL-02,node,10601893466,,amenity,bicycle_parking,Point,representative_point_outside_region,"{""amenity"": ""bicycle_parking"", ""bicycle_parking"": ""stands"", ""capacity"": ""4"", ""covered"": ""no""}"
RAL-02,node,11045427405,Boulted Bread,shop,bakery,Point,representative_point_outside_region,"{""addr:housenumber"": ""328"", ""addr:postcode"": ""27603"", ""addr:street"": ""Dupont Circle"", ""air_conditioning"": ""yes"", ""name"": ""Boulted Bread"", ""opening_hours"": ""We-Fr 07:00-16:00; Sa-Su 08:00-16:00; Mo-Tu off"", ""payment:cash"": ""yes"", ""payment:contactless"": ""yes"", ""payment:credit_cards"": ""yes"", ""shop"": ""bakery"", ""website"": ""https://boultedbread.com/""}"
RAL-02,node,11061707678,,amenity,parking,Point,representative_point_outside_region,"{""amenity"": ""parking""}"
RAL-02,node,11092335076,,amenity,shelter,Point,low_value_category,"{""amenity"": ""shelter"", ""shelter_type"": ""picnic_shelter""}"
RAL-02,node,11092511813,PowerCharge,amenity,charging_station,Point,low_value_category,"{""amenity"": ""charging_station"", ""brand"": ""PowerCharge"", ""capacity"": ""2"", ""covered"": ""no"", ""operator"": ""EV Connect""}"
RAL-02,node,11298465195,,amenity,bicycle_parking,Point,representative_point_outside_region,"{""amenity"": ""bicycle_parking"", ""bicycle_parking"": ""stands"", ""capacity"": ""6"", ""covered"": ""no"", ""fee"": ""no""}"
RAL-02,node,11298465198,,amenity,bicycle_parking,Point,representative_point_outside_region,"{""amenity"": ""bicycle_parking"", ""bicycle_parking"": ""rack"", ""capacity"": ""20"", ""covered"": ""no"", ""fee"": ""no""}"
RAL-02,node,11680855211,Reliable Collision and Painting,shop,car_repair,Point,representative_point_outside_region,"{""name"": ""Reliable Collision and Painting"", ""shop"": ""car_repair""}"
RAL-02,node,11680855212,Motor Electric Repair Service,shop,car_repair,Point,representative_point_outside_region,"{""name"": ""Motor Electric Repair Service"", ""shop"": ""car_repair""}"
RAL-02,node,12018688069,Magnolia Room Picnic Shelter,amenity,shelter,Point,low_value_category,"{""amenity"": ""shelter"", ""name"": ""Magnolia Room Picnic Shelter""}"
RAL-02,node,12242532064,BOYLAN,railway,signal_box,Point,representative_point_outside_region,"{""location"": ""outdoor"", ""name"": ""BOYLAN"", ""operator"": ""Norfolk Southern Railway"", ""railway"": ""signal_box"", ""railway:position"": ""mi:80.8"", ""railway:ref"": ""BOYLAN"", ""railway:signal_box"": ""yes"", ""railway_milepost"": ""NC""}"
RAL-02,node,13057025697,,amenity,bicycle_parking,Point,low_value_category,"{""amenity"": ""bicycle_parking""}"
RAL-02,node,13057025698,,amenity,bicycle_parking,Point,low_value_category,"{""amenity"": ""bicycle_parking""}"
RAL-02,node,13057036553,,amenity,bicycle_rental,Point,unnamed_not_inherently_meaningful,"{""amenity"": ""bicycle_rental""}"
RAL-02,node,13197511935,,amenity,toilets,Point,low_value_category,"{""amenity"": ""toilets""}"
RAL-02,node,13252685393,Attun,tourism,artwork,Point,retained:named_poi,"{""artist_name"": ""Dewitt Godfrey"", ""artwork_type"": ""sculpture"", ""material"": ""steel"", ""name"": ""Attun"", ""tourism"": ""artwork"", ""website"": ""https://www.dixparkconservancy.org/art/attun""}"
RAL-02,node,13252685394,,tourism,artwork,Point,unnamed_not_inherently_meaningful,"{""artwork_type"": ""sculpture"", ""material"": ""metal"", ""tourism"": ""artwork""}"
RAL-02,node,13252685395,,tourism,artwork,Point,unnamed_not_inherently_meaningful,"{""artwork_type"": ""sculpture"", ""material"": ""metal"", ""tourism"": ""artwork""}"
RAL-02,node,13376129843,,amenity,shelter,Point,low_value_category,"{""amenity"": ""shelter"", ""shelter_type"": ""gazebo""}"
RAL-02,node,13376150908,,amenity,drinking_water,Point,low_value_category,"{""amenity"": ""drinking_water"", ""fountain"": ""bubbler""}"
RAL-02,node,13376150909,,amenity,bicycle_parking,Point,low_value_category,"{""amenity"": ""bicycle_parking"", ""covered"": ""no""}"
RAL-02,node,13376172195,Coffee Bar,amenity,cafe,Point,retained:named_poi,"{""addr:housenumber"": ""701"", ""addr:street"": ""Palmer Drive"", ""amenity"": ""cafe"", ""check_date"": ""2025-12-14"", ""name"": ""Coffee Bar""}"
RAL-02,node,13376172196,House of Many Porches Market,shop,convenience,Point,retained:named_poi,"{""addr:housenumber"": ""701"", ""addr:street"": ""Palmer Drive"", ""check_date"": ""2025-12-15"", ""name"": ""House of Many Porches Market"", ""shop"": ""convenience"", ""toilets"": ""yes"", ""website"": ""https://dixpark.org/houseofmanyporches"", ""wheelchair"": ""yes""}"
RAL-02,node,13376182641,,leisure,picnic_table,Point,low_value_category,"{""bench"": ""yes"", ""covered"": ""no"", ""leisure"": ""picnic_table"", ""lit"": ""no"", ""material"": ""wood""}"
RAL-02,node,13376186273,,leisure,picnic_table,Point,low_value_category,"{""bench"": ""yes"", ""leisure"": ""picnic_table"", ""lit"": ""no"", ""material"": ""wood""}"
RAL-02,node,13376186789,,amenity,bench,Point,low_value_category,"{""amenity"": ""bench"", ""armrest"": ""no"", ""backrest"": ""yes"", ""material"": ""wood""}"
RAL-02,node,13376186790,,amenity,bench,Point,low_value_category,"{""amenity"": ""bench"", ""armrest"": ""no"", ""backrest"": ""yes"", ""material"": ""wood""}"
RAL-02,node,13376186791,,amenity,bbq,Point,unnamed_not_inherently_meaningful,"{""amenity"": ""bbq"", ""covered"": ""no""}"
RAL-02,node,13376186792,,amenity,bench,Point,low_value_category,"{""amenity"": ""bench"", ""armrest"": ""no"", ""backrest"": ""yes"", ""material"": ""wood""}"
RAL-02,node,13376186793,,amenity,drinking_water,Point,low_value_category,"{""amenity"": ""drinking_water""}"
RAL-02,node,13376189193,Dux,tourism,artwork,Point,retained:named_poi,"{""artist_name"": ""Thomas Dambo"", ""artwork_type"": ""sculpture"", ""material"": ""wood"", ""name"": ""Dux"", ""tourism"": ""artwork"", ""website"": ""https://trollmap.com/#/@35.7694x-78.6612z16""}"
RAL-02,node,13376202119,Get Well Soon,tourism,artwork,Point,retained:named_poi,"{""artist_name"": ""Lamar Whidbee"", ""artwork_type"": ""mural"", ""fixme"": ""Please merge me into a nearby wall"", ""name"": ""Get Well Soon"", ""tourism"": ""artwork""}"
RAL-02,node,13376217657,Daddy Bird Eye,tourism,artwork,Point,retained:named_poi,"{""artist_name"": ""Thomas Bambo"", ""artwork_type"": ""sculpture"", ""material"": ""wood"", ""name"": ""Daddy Bird Eye"", ""tourism"": ""artwork"", ""website"": ""https://trollmap.com/#/@35.7697x-78.6531z16.25s""}"
RAL-02,node,13376218671,,amenity,shelter,Point,low_value_category,"{""amenity"": ""shelter"", ""bench"": ""yes"", ""shelter_type"": ""gazebo""}"
RAL-02,node,13376218672,,leisure,picnic_table,Point,low_value_category,"{""bench"": ""yes"", ""leisure"": ""picnic_table"", ""lit"": ""no"", ""material"": ""concrete""}"
RAL-02,node,13376218674,,leisure,picnic_table,Point,low_value_category,"{""bench"": ""yes"", ""leisure"": ""picnic_table"", ""lit"": ""no"", ""material"": ""concrete""}"
RAL-02,node,13376218675,,leisure,picnic_table,Point,low_value_category,"{""bench"": ""yes"", ""leisure"": ""picnic_table"", ""lit"": ""no"", ""material"": ""wood""}"
RAL-02,node,13376218994,,amenity,drinking_water,Point,low_value_category,"{""amenity"": ""drinking_water""}"
RAL-02,node,13376218995,,amenity,bench,Point,low_value_category,"{""amenity"": ""bench"", ""armrest"": ""no"", ""backrest"": ""no"", ""material"": ""wood""}"
RAL-02,node,13376218996,,amenity,bench,Point,low_value_category,"{""amenity"": ""bench"", ""armrest"": ""no"", ""backrest"": ""no"", ""material"": ""wood""}"
RAL-02,node,13376234927,Dix,tourism,artwork,Point,retained:named_poi,"{""artist_name"": ""Thomas Dambo"", ""artwork_type"": ""sculpture"", ""material"": ""wood"", ""name"": ""Dix"", ""tourism"": ""artwork"", ""website"": ""https://trollmap.com/#/@35.7737x-78.6635z16""}"
RAL-02,node,13376238496,Dax,tourism,artwork,Point,retained:named_poi,"{""artist_name"": ""Thomas Dambo"", ""artwork_type"": ""sculpture"", ""name"": ""Dax"", ""tourism"": ""artwork"", ""website"": ""https://trollmap.com/#/@35.7699x-78.6616z16""}"
RAL-02,node,13376247839,,amenity,shelter,Point,low_value_category,"{""amenity"": ""shelter"", ""shelter_type"": ""gazebo""}"
RAL-02,node,13376265868,Mother Strong Tail,tourism,artwork,Point,retained:named_poi,"{""artist_name"": ""Thomas Dambo"", ""artwork_type"": ""sculpture"", ""material"": ""wood"", ""name"": ""Mother Strong Tail"", ""tourism"": ""artwork"", ""website"": ""https://trollmap.com/#/@35.7746x-78.6632z16""}"
RAL-02,node,13376276535,,amenity,bench,Point,low_value_category,"{""amenity"": ""bench"", ""armrest"": ""no"", ""backrest"": ""yes"", ""material"": ""wood""}"
RAL-02,node,13376276536,,amenity,shelter,Point,low_value_category,"{""amenity"": ""shelter"", ""bench"": ""yes"", ""shelter_type"": ""gazebo""}"
RAL-02,node,13376276537,,amenity,shelter,Point,low_value_category,"{""amenity"": ""shelter"", ""bench"": ""yes"", ""shelter_type"": ""gazebo""}"
RAL-02,node,13376276663,,leisure,playground,Point,unnamed_not_inherently_meaningful,"{""leisure"": ""playground""}"
RAL-02,node,13376299175,,amenity,shelter,Point,low_value_category,"{""amenity"": ""shelter"", ""bench"": ""yes"", ""shelter_type"": ""gazebo""}"
RAL-02,node,13376301178,,amenity,drinking_water,Point,low_value_category,"{""amenity"": ""drinking_water""}"
RAL-02,node,13376307907,,amenity,drinking_water,Point,low_value_category,"{""amenity"": ""drinking_water""}"
RAL-02,node,13376312154,,amenity,bench,Point,low_value_category,"{""amenity"": ""bench"", ""armrest"": ""yes"", ""backrest"": ""yes"", ""material"": ""wood""}"
RAL-02,node,13376314073,,amenity,bench,Point,low_value_category,"{""amenity"": ""bench"", ""armrest"": ""yes"", ""backrest"": ""yes"", ""material"": ""wood""}"
RAL-02,node,13376314676,,amenity,toilets,Point,low_value_category,"{""access"": ""yes"", ""addr:housenumber"": ""715"", ""addr:street"": ""Biggs Drive"", ""amenity"": ""toilets"", ""changing_table"": ""yes"", ""check_date"": ""2025-12-14"", ""toilets:disposal"": ""flush"", ""wheelchair"": ""yes""}"
RAL-02,node,13376339202,,amenity,drinking_water,Point,low_value_category,"{""amenity"": ""drinking_water""}"
RAL-02,node,13376341238,,amenity,bench,Point,low_value_category,"{""amenity"": ""bench"", ""armrest"": ""yes"", ""backrest"": ""yes"", ""material"": ""wood""}"
RAL-02,node,13474668908,Reliable Collision & Painting,shop,car_repair,Point,representative_point_outside_region,"{""addr:city"": ""Raleigh"", ""addr:housenumber"": ""1224"", ""addr:postcode"": ""27603"", ""addr:state"": ""NC"", ""addr:street"": ""South Saunders Street"", ""check_date"": ""2026-01-21"", ""name"": ""Reliable Collision & Painting"", ""opening_hours"": ""Mo-Fr 08:00-17:30"", ""phone"": ""+19198348216"", ""shop"": ""car_repair"", ""website"": ""https://www.autobodyrepairraleigh.com/""}"
RAL-02,node,13483083802,Greg Poole Jr all faiths chapel,amenity,place_of_worship,Point,retained:named_poi,"{""addr:housenumber"": ""1030"", ""addr:postcode"": ""27603"", ""addr:street"": ""Richardson Drive"", ""amenity"": ""place_of_worship"", ""name"": ""Greg Poole Jr all faiths chapel"", ""religion"": ""christian""}"
RAL-02,node,13484828949,NC Department of Health and Human Services Social Services,office,government,Point,retained:named_poi,"{""addr:city"": ""Raleigh"", ""addr:housenumber"": ""820"", ""addr:postcode"": ""27603"", ""addr:state"": ""NC"", ""addr:street"": ""South Boylan Avenue"", ""government"": ""healthcare"", ""name"": ""NC Department of Health and Human Services Social Services"", ""office"": ""government""}"
RAL-02,node,13484828950,"Melissa Nelson, LCSW",healthcare,doctor,Point,retained:named_poi,"{""addr:city"": ""Raleigh"", ""addr:housenumber"": ""820"", ""addr:postcode"": ""27603"", ""addr:state"": ""NC"", ""addr:street"": ""South Boylan Avenue"", ""amenity"": ""doctors"", ""check_date"": ""2026-01-25"", ""healthcare"": ""doctor"", ""healthcare:speciality"": ""psychiatry"", ""name"": ""Melissa Nelson, LCSW"", ""phone"": ""+19197335154""}"
RAL-02,node,13484860955,N. C. Department of Health and Human Services,office,government,Point,retained:named_poi,"{""addr:city"": ""Raleigh"", ""addr:housenumber"": ""1050"", ""addr:postcode"": ""27603"", ""addr:state"": ""NC"", ""addr:street"": ""Umstead Drive"", ""check_date"": ""2026-01-25"", ""name"": ""N. C. Department of Health and Human Services"", ""office"": ""government"", ""phone"": ""+19198553700""}"
RAL-02,node,13484966804,Peak Metal Products,craft,roofer,Point,representative_point_outside_region,"{""addr:city"": ""Raleigh"", ""addr:housenumber"": ""1515"", ""addr:postcode"": ""27603"", ""addr:state"": ""NC"", ""addr:street"": ""Lake Wheeler Road"", ""check_date"": ""2026-01-25"", ""craft"": ""roofer"", ""name"": ""Peak Metal Products"", ""opening_hours"": ""Mo-Fr 09:00-17:00"", ""phone"": ""+19192562270"", ""website"": ""http://www.peakmetal.com/""}"
RAL-02,node,13484966805,Barnett's Suzuki Ducati,shop,car,Point,representative_point_outside_region,"{""addr:city"": ""Raleigh"", ""addr:housenumber"": ""1509"", ""addr:postcode"": ""27603"", ""addr:state"": ""NC"", ""addr:street"": ""Lake Wheeler Road"", ""check_date"": ""2026-01-25"", ""name"": ""Barnett's Suzuki Ducati"", ""opening_hours"": ""Mo-Fr 09:30-18:00; Sa 09:00-15:00"", ""phone"": ""+19198335575"", ""second_hand"": ""yes"", ""shop"": ""car"", ""website"": ""http://barnettsuzuki.com/""}"
RAL-02,node,13484966806,Raleigh Pro,shop,car_repair,Point,representative_point_outside_region,"{""addr:city"": ""Raleigh"", ""addr:housenumber"": ""613"", ""addr:postcode"": ""27603"", ""addr:state"": ""NC"", ""addr:street"": ""Mercury Street"", ""check_date"": ""2026-01-25"", ""name"": ""Raleigh Pro"", ""opening_hours"": ""Mo-Su 08:00-18:00"", ""payment:cash"": ""yes"", ""payment:credit_cards"": ""yes"", ""phone"": ""+19198498973"", ""shop"": ""car_repair"", ""website"": ""https://raleighncmobilemechanics.com/""}"
RAL-02,node,13500714420,Dix Park Conservancy,office,association,Point,retained:named_poi,"{""addr:city"": ""Raleigh"", ""addr:housenumber"": ""900"", ""addr:postcode"": ""27603"", ""addr:state"": ""NC"", ""addr:street"": ""Umstead Drive"", ""check_date"": ""2026-01-26"", ""name"": ""Dix Park Conservancy"", ""office"": ""association"", ""opening_hours"": ""Mo-Fr 09:00-17:00"", ""phone"": ""+19199871380"", ""website"": ""https://www.dixparkconservancy.org/""}"
RAL-02,node,13719651863,Sunflower Power Poles,tourism,artwork,Point,retained:named_poi,"{""artist_name"": ""Thomas Sayre"", ""artwork_type"": ""sculpture"", ""material"": ""stainless_steel"", ""name"": ""Sunflower Power Poles"", ""tourism"": ""artwork""}"
RAL-02,node,13719651864,Sunflower Power Poles,tourism,artwork,Point,retained:named_poi,"{""artist_name"": ""Thomas Sayre"", ""artwork_type"": ""sculpture"", ""material"": ""stainless_steel"", ""name"": ""Sunflower Power Poles"", ""tourism"": ""artwork""}"
RAL-02,node,13719651865,Sunflower Power Poles,tourism,artwork,Point,representative_point_outside_region,"{""artist_name"": ""Thomas Sayre"", ""artwork_type"": ""sculpture"", ""material"": ""stainless_steel"", ""name"": ""Sunflower Power Poles"", ""tourism"": ""artwork""}"
RAL-02,node,13719651866,Sunflower Power Poles,tourism,artwork,Point,retained:named_poi,"{""artist_name"": ""Thomas Sayre"", ""artwork_type"": ""sculpture"", ""material"": ""stainless_steel"", ""name"": ""Sunflower Power Poles"", ""tourism"": ""artwork""}"
RAL-02,way,33106184,Raymond G. Lanier Park,leisure,park,Point,representative_point_outside_region,"{""leisure"": ""park"", ""name"": ""Raymond G. Lanier Park"", ""operator"": ""City or Raleigh Parks, Recreation and Cultural Resources"", ""ownership"": ""municipal"", ""source"": ""NCOnemap;City or Raleigh Parks Recreation and Cultural Resources""}"
RAL-02,way,33106252,Lenoir Street Park,leisure,park,Point,representative_point_outside_region,"{""access"": ""yes"", ""leisure"": ""park"", ""name"": ""Lenoir Street Park"", ""ownership"": ""municipal"", ""source"": ""NCOnemap""}"
RAL-02,way,47732815,N.C. Seafood Restaurant at the Farmers Market,amenity,restaurant,Point,representative_point_outside_region,"{""addr:city"": ""Raleigh"", ""addr:housenumber"": ""1201"", ""addr:postcode"": ""27603"", ""addr:state"": ""NC"", ""addr:street"": ""Agricultural Street"", ""amenity"": ""restaurant"", ""building"": ""yes"", ""building:use"": ""commercial"", ""name"": ""N.C. Seafood Restaurant at the Farmers Market"", ""phone"": ""+19198334661"", ""source"": ""WakeGIS""}"
RAL-02,way,47759489,Purr Cup Cafe,amenity,cafe,Point,representative_point_outside_region,"{""addr:city"": ""Raleigh"", ""addr:housenumber"": ""210"", ""addr:postcode"": ""27603"", ""addr:state"": ""NC"", ""addr:street"": ""Prospect Avenue"", ""amenity"": ""cafe"", ""building"": ""yes"", ""building:use"": ""commercial"", ""cuisine"": ""coffee_shop"", ""description"": ""Purr Cup Cafe is a unique and comfortable adoption center where local rescue kitties can thrive, and find their forever homes! We also welcome community space for all cat-lovers. Whether you adopt or not, a visit to Purr Cup Cafe, support"", ""diet:dairy_free"": ""yes"", ""diet:plant-based"": ""yes"", ""diet:vegan"": ""only"", ""diet:vegetarian"": ""only"", ""name"": ""Purr Cup Cafe"", ""opening_hours"": ""Mo 15:00-19:00; We-Th 09:00-19:00; Fr-Sa 09:00-20:30; Su 09:00-18:00"", ""outdoor_seating"": ""yes"", ""phone"": ""+1 919 322 4003"", ""source"": ""WakeGIS;local knowledge"", ""theme"": ""cat"", ""website"": ""https://purrcupcafe.com/""}"
RAL-02,way,47759490,Logans Garden Shop,shop,garden_centre,Point,representative_point_outside_region,"{""addr:city"": ""Raleigh"", ""addr:housenumber"": ""1208"", ""addr:postcode"": ""27603"", ""addr:state"": ""NC"", ""addr:street"": ""Farmers Market Drive"", ""building"": ""yes"", ""building:use"": ""commercial"", ""name"": ""Logans Garden Shop"", ""opening_hours"": ""Mo-Sa 09:00-18:00"", ""phone"": ""+19198330466"", ""shop"": ""garden_centre"", ""source"": ""WakeGIS"", ""website"": ""https://www.logantrd.com/""}"
RAL-02,way,47759582,,historic,yes,Point,unnamed_not_inherently_meaningful,"{""addr:city"": ""Raleigh"", ""addr:housenumber"": ""1985"", ""addr:postcode"": ""27603"", ""addr:state"": ""NC"", ""addr:street"": ""Umstead Drive"", ""building"": ""yes"", ""building:use"": ""commercial"", ""historic"": ""yes"", ""source"": ""WakeGIS""}"
RAL-02,way,47759757,Willow House,amenity,cafe,Point,representative_point_outside_region,"{""addr:city"": ""Raleigh"", ""addr:housenumber"": ""1004"", ""addr:postcode"": ""27603"", ""addr:state"": ""NC"", ""addr:street"": ""South Saunders Street"", ""amenity"": ""cafe"", ""building"": ""yes"", ""building:use"": ""commercial"", ""check_date"": ""2026-01-21"", ""name"": ""Willow House"", ""opening_hours"": ""Mo-Fr 07:00-14:00; Sa 08:00-15:00"", ""phone"": ""+19193419360"", ""source"": ""WakeGIS"", ""website"": ""https://willowhousecoffee.com/""}"
RAL-02,way,47759950,Hartwell,shop,repair,Point,representative_point_outside_region,"{""addr:city"": ""Raleigh"", ""addr:housenumber"": ""620"", ""addr:postcode"": ""27603"", ""addr:state"": ""NC"", ""addr:street"": ""West South Street"", ""building"": ""yes"", ""building:use"": ""commercial"", ""name"": ""Hartwell"", ""shop"": ""repair"", ""source"": ""WakeGIS""}"
RAL-02,way,47776350,,historic,yes,Point,unnamed_not_inherently_meaningful,"{""addr:city"": ""Raleigh"", ""addr:housenumber"": ""1800"", ""addr:postcode"": ""27603"", ""addr:state"": ""NC"", ""addr:street"": ""Umstead Drive"", ""building"": ""yes"", ""building:use"": ""commercial"", ""historic"": ""yes"", ""source"": ""WakeGIS""}"
RAL-02,way,52629117,Raleigh West District - Varina Branch,railway,rail,Point,representative_point_outside_region,"{""electrified"": ""no"", ""gauge"": ""1435"", ""maxspeed"": ""10 mph"", ""maxspeed:freight"": ""10 mph"", ""name"": ""Raleigh West District - Varina Branch"", ""old_railway_operator"": ""NS"", ""operator"": ""Norfolk Southern Railway"", ""operator:wikidata"": ""Q1321054"", ""owner"": ""Norfolk Southern Railway"", ""railway"": ""rail"", ""railway:atc"": ""no"", ""railway:ctc"": ""no"", ""railway:preferred_direction"": ""both"", ""railway:ptc"": ""no"", ""railway:track_class"": ""1"", ""railway:track_ref"": ""Main Track"", ""railway:traffic_mode"": ""freight"", ""railway:twc"": ""yes"", ""railway_milepost"": ""NS"", ""ref"": ""62CF"", ""usage"": ""branch""}"
RAL-02,way,52629118,Raleigh and Fayetteville Railroad,railway,rail,Point,representative_point_outside_region,"{""bridge"": ""yes"", ""electrified"": ""no"", ""gauge"": ""1435"", ""layer"": ""1"", ""maxspeed"": ""25 mph"", ""maxspeed:freight"": ""25 mph"", ""name"": ""Raleigh and Fayetteville Railroad"", ""old_name"": ""NS-Line"", ""old_railway_operator"": ""NS"", ""operator"": ""R.J. Corman Railroad Group"", ""owner"": ""Norfolk Southern Railway"", ""railway"": ""rail"", ""railway:atc"": ""no"", ""railway:ctc"": ""no"", ""railway:preferred_direction"": ""both"", ""railway:ptc"": ""no"", ""railway:track_class"": ""2"", ""railway:track_ref"": ""Main Track"", ""railway:traffic_mode"": ""freight"", ""railway:twc"": ""yes"", ""railway_milepost"": ""NS"", ""ref"": ""RFCC"", ""reporting_marks"": ""RFCC"", ""usage"": ""branch""}"
RAL-02,way,101545330,,railway,rail,Point,representative_point_outside_region,"{""railway"": ""rail"", ""usage"": ""branch""}"
RAL-02,way,130346312,Raleigh and Fayetteville Railroad,railway,rail,Point,railway_track_infrastructure,"{""electrified"": ""no"", ""gauge"": ""1435"", ""maxspeed"": ""25 mph"", ""maxspeed:freight"": ""25 mph"", ""name"": ""Raleigh and Fayetteville Railroad"", ""old_name"": ""NS-Line"", ""old_railway_operator"": ""NS"", ""operator"": ""R.J. Corman Railroad Group"", ""owner"": ""Norfolk Southern Railway"", ""railway"": ""rail"", ""railway:atc"": ""no"", ""railway:ctc"": ""no"", ""railway:preferred_direction"": ""both"", ""railway:ptc"": ""no"", ""railway:track_class"": ""2"", ""railway:track_ref"": ""Main Track"", ""railway:traffic_mode"": ""freight"", ""railway:twc"": ""yes"", ""railway_milepost"": ""NS"", ""ref"": ""RFCC"", ""reporting_marks"": ""RFCC"", ""usage"": ""branch""}"
RAL-02,way,140352570,H-Line,railway,rail,Point,representative_point_outside_region,"{""electrified"": ""no"", ""gauge"": ""1435"", ""maxspeed"": ""20 mph"", ""name"": ""H-Line"", ""note:old_railway_operator"": ""North Carolina Railroad"", ""old_railway_operator"": ""Southern"", ""operator"": ""Norfolk Southern Railway"", ""operator:wikidata"": ""Q1321054"", ""owner"": ""North Carolina Railroad"", ""railway"": ""rail"", ""railway:ctc"": ""yes"", ""railway:etms"": ""yes"", ""railway:ptc"": ""yes"", ""railway_milepost"": ""NC"", ""ref"": ""NCRR"", ""usage"": ""main""}"
RAL-02,way,194727749,Governor Morehead School for the Blind,amenity,school,Point,representative_point_outside_region,"{""amenity"": ""school"", ""name"": ""Governor Morehead School for the Blind""}"
RAL-02,way,194981757,State Farmers Market,amenity,marketplace,Point,representative_point_outside_region,"{""addr:city"": ""Raleigh"", ""addr:housenumber"": ""1201"", ""addr:postcode"": ""27603"", ""addr:state"": ""NC"", ""addr:street"": ""Agricultural Street"", ""amenity"": ""marketplace"", ""name"": ""State Farmers Market"", ""website"": ""https://www.ncagr.gov/markets/facilities/markets/raleigh/index.htm""}"
RAL-02,way,194996668,Dorothea Dix Park,leisure,park,Point,retained:named_poi,"{""emergency"": ""no"", ""leisure"": ""park"", ""name"": ""Dorothea Dix Park""}"
RAL-02,way,341862749,K9 Training Course,amenity,training,Point,representative_point_outside_region,"{""amenity"": ""training"", ""name"": ""K9 Training Course"", ""training"": ""K9""}"
RAL-02,way,368154912,,amenity,parking,Point,representative_point_outside_region,"{""amenity"": ""parking"", ""parking"": ""surface""}"
RAL-02,way,408467593,H-Line,railway,rail,Point,representative_point_outside_region,"{""electrified"": ""no"", ""gauge"": ""1435"", ""maxspeed"": ""20 mph"", ""name"": ""H-Line"", ""note:old_railway_operator"": ""North Carolina Railroad"", ""old_railway_operator"": ""Southern"", ""operator"": ""Norfolk Southern Railway"", ""operator:wikidata"": ""Q1321054"", ""owner"": ""North Carolina Railroad"", ""railway"": ""rail"", ""railway:ctc"": ""yes"", ""railway:etms"": ""yes"", ""railway:ptc"": ""yes"", ""railway_milepost"": ""NC"", ""ref"": ""NCRR"", ""usage"": ""main""}"
RAL-02,way,408467595,Norfolk Southern Railway,railway,rail,Point,representative_point_outside_region,"{""gauge"": ""1435"", ""old_railway_operator"": ""Southern"", ""operator"": ""Norfolk Southern Railway"", ""operator:wikidata"": ""Q1321054"", ""owner"": ""North Carolina Railroad"", ""railway"": ""rail"", ""service"": ""siding"", ""tiger:cfcc"": ""B11"", ""tiger:county"": ""Wake, NC"", ""tiger:name_base"": ""Southern Railway""}"
RAL-02,way,424454987,,amenity,parking,Point,low_value_category,"{""access"": ""yes"", ""amenity"": ""parking"", ""fee"": ""no"", ""parking"": ""street_side""}"
RAL-02,way,439082076,Central Prison,amenity,prison,Point,representative_point_outside_region,"{""addr:city"": ""Raleigh"", ""addr:country"": ""US"", ""addr:housenumber"": ""1300"", ""addr:postcode"": ""27606"", ""addr:state"": ""NC"", ""addr:street"": ""Western Boulevard"", ""amenity"": ""prison"", ""fax"": ""+1 919 715 2645"", ""name"": ""Central Prison"", ""operator"": ""North Carolina Department of Correction"", ""phone"": ""+1 919 733 0800"", ""website"": ""https://www2.ncdps.gov/index2.cfm?a=000003,002240,002381,002252"", ""wikidata"": ""Q5061708"", ""wikipedia"": ""en:Central Prison""}"
RAL-02,way,544913146,,amenity,parking,Point,representative_point_outside_region,"{""access"": ""permissive"", ""amenity"": ""parking"", ""parking"": ""surface"", ""surface"": ""asphalt""}"
RAL-02,way,583066751,,amenity,parking,Point,low_value_category,"{""access"": ""private"", ""amenity"": ""parking"", ""fee"": ""no"", ""parking"": ""surface"", ""surface"": ""asphalt""}"
RAL-02,way,583066752,,amenity,parking,Point,low_value_category,"{""access"": ""private"", ""amenity"": ""parking"", ""parking"": ""surface"", ""surface"": ""asphalt""}"
RAL-02,way,583066753,,amenity,parking,Point,low_value_category,"{""access"": ""private"", ""amenity"": ""parking"", ""parking"": ""street_side""}"
RAL-02,way,583066761,,amenity,parking,Point,low_value_category,"{""access"": ""private"", ""amenity"": ""parking"", ""parking"": ""surface"", ""surface"": ""asphalt""}"
RAL-02,way,583066762,Broughton Parking Lot,amenity,parking,Point,low_value_category,"{""access"": ""yes"", ""amenity"": ""parking"", ""fee"": ""no"", ""name"": ""Broughton Parking Lot"", ""parking"": ""surface""}"
RAL-02,way,583066765,,amenity,parking,Point,low_value_category,"{""access"": ""private"", ""amenity"": ""parking"", ""fee"": ""no"", ""parking"": ""surface"", ""surface"": ""asphalt""}"
RAL-02,way,583066766,,amenity,parking,Point,low_value_category,"{""access"": ""private"", ""amenity"": ""parking"", ""fee"": ""no"", ""parking"": ""surface"", ""surface"": ""asphalt""}"
RAL-02,way,583066768,,amenity,parking,Point,low_value_category,"{""access"": ""private"", ""amenity"": ""parking"", ""fee"": ""no"", ""parking"": ""surface"", ""surface"": ""asphalt""}"
RAL-02,way,583066773,,amenity,parking,Point,low_value_category,"{""access"": ""private"", ""amenity"": ""parking"", ""parking"": ""surface"", ""surface"": ""asphalt""}"
RAL-02,way,583066774,,amenity,parking,Point,low_value_category,"{""access"": ""private"", ""amenity"": ""parking"", ""parking"": ""surface"", ""surface"": ""asphalt""}"
RAL-02,way,583066775,,amenity,parking,Point,low_value_category,"{""access"": ""private"", ""amenity"": ""parking"", ""parking"": ""surface"", ""surface"": ""asphalt""}"
RAL-02,way,583066784,,amenity,parking,Point,low_value_category,"{""access"": ""private"", ""amenity"": ""parking"", ""fee"": ""no"", ""parking"": ""surface"", ""surface"": ""asphalt""}"
RAL-02,way,583066786,,amenity,parking,Point,low_value_category,"{""access"": ""private"", ""amenity"": ""parking"", ""parking"": ""surface"", ""surface"": ""asphalt""}"
RAL-02,way,583070182,,amenity,parking,Point,low_value_category,"{""access"": ""private"", ""amenity"": ""parking"", ""parking"": ""surface"", ""surface"": ""asphalt""}"
RAL-02,way,583070183,,amenity,parking,Point,low_value_category,"{""access"": ""private"", ""amenity"": ""parking"", ""fee"": ""no"", ""parking"": ""surface"", ""surface"": ""asphalt""}"
RAL-02,way,583070184,,amenity,parking,Point,low_value_category,"{""access"": ""private"", ""amenity"": ""parking"", ""fee"": ""no"", ""parking"": ""surface"", ""surface"": ""asphalt""}"
RAL-02,way,583070191,,amenity,parking,Point,low_value_category,"{""access"": ""customers"", ""amenity"": ""parking"", ""fee"": ""no"", ""parking"": ""surface""}"
RAL-02,way,583070208,,amenity,parking,Point,low_value_category,"{""access"": ""customers"", ""amenity"": ""parking"", ""fee"": ""no"", ""parking"": ""surface"", ""surface"": ""asphalt""}"
RAL-02,way,583070209,,amenity,parking,Point,low_value_category,"{""access"": ""private"", ""amenity"": ""parking"", ""fee"": ""no"", ""parking"": ""surface"", ""surface"": ""asphalt""}"
RAL-02,way,583070210,,amenity,parking,Point,low_value_category,"{""access"": ""private"", ""amenity"": ""parking"", ""fee"": ""no"", ""parking"": ""surface"", ""surface"": ""asphalt""}"
RAL-02,way,583072635,Gipson Play Plaza,leisure,park,Point,retained:named_poi,"{""leisure"": ""park"", ""lit"": ""no"", ""name"": ""Gipson Play Plaza"", ""sport"": ""multi"", ""surface"": ""grass"", ""website"": ""https://dixpark.org/gipsonplayplaza""}"
RAL-02,way,583072639,,amenity,parking,Point,low_value_category,"{""amenity"": ""parking"", ""parking"": ""surface"", ""surface"": ""asphalt""}"
RAL-02,way,583072644,,amenity,parking,Point,low_value_category,"{""amenity"": ""parking"", ""parking"": ""surface"", ""surface"": ""asphalt""}"
RAL-02,way,583072650,,amenity,parking,Point,low_value_category,"{""access"": ""private"", ""amenity"": ""parking"", ""parking"": ""street_side""}"
RAL-02,way,583072656,,amenity,parking,Point,low_value_category,"{""access"": ""yes"", ""amenity"": ""parking"", ""fee"": ""no"", ""parking"": ""street_side"", ""surface"": ""asphalt""}"
RAL-02,way,583072658,,amenity,parking,Point,low_value_category,"{""access"": ""private"", ""amenity"": ""parking"", ""parking"": ""surface"", ""surface"": ""asphalt""}"
RAL-02,way,583074413,,amenity,parking,Point,low_value_category,"{""access"": ""private"", ""amenity"": ""parking"", ""parking"": ""surface"", ""surface"": ""asphalt""}"
RAL-02,way,583074423,,amenity,parking,Point,low_value_category,"{""access"": ""customers"", ""amenity"": ""parking"", ""fee"": ""no"", ""parking"": ""surface"", ""surface"": ""asphalt""}"
RAL-02,way,583074429,,amenity,parking,Point,low_value_category,"{""access"": ""customers"", ""amenity"": ""parking"", ""fee"": ""no"", ""parking"": ""surface"", ""surface"": ""asphalt""}"
RAL-02,way,583695573,,leisure,sports_centre,Point,retained:inherently_meaningful,"{""leisure"": ""sports_centre"", ""sport"": ""soccer""}"
RAL-02,way,593174592,,amenity,parking,Point,representative_point_outside_region,"{""amenity"": ""parking"", ""parking"": ""surface"", ""surface"": ""asphalt""}"
RAL-02,way,593174596,,amenity,parking,Point,representative_point_outside_region,"{""amenity"": ""parking"", ""parking"": ""surface"", ""surface"": ""asphalt""}"
RAL-02,way,593174597,,amenity,parking,Point,representative_point_outside_region,"{""amenity"": ""parking"", ""parking"": ""surface""}"
RAL-02,way,593174598,,amenity,parking,Point,representative_point_outside_region,"{""amenity"": ""parking"", ""parking"": ""surface"", ""surface"": ""asphalt""}"
RAL-02,way,604046022,,amenity,parking,Point,representative_point_outside_region,"{""amenity"": ""parking"", ""parking"": ""surface"", ""surface"": ""asphalt""}"
RAL-02,way,607928724,H-Line,railway,rail,Point,representative_point_outside_region,"{""gauge"": ""1435"", ""maxspeed"": ""25 mph"", ""name"": ""H-Line"", ""operator"": ""Norfolk Southern Railway"", ""operator:wikidata"": ""Q1321054"", ""owner"": ""North Carolina Railroad"", ""railway"": ""rail"", ""railway:ctc"": ""yes"", ""railway:etms"": ""yes"", ""railway:ptc"": ""yes"", ""railway:track_ref"": ""2"", ""railway_milepost"": ""NC"", ""ref"": ""NCRR"", ""usage"": ""main""}"
RAL-02,way,607928740,H-Line,railway,rail,Point,representative_point_outside_region,"{""gauge"": ""1435"", ""maxspeed"": ""25 mph"", ""name"": ""H-Line"", ""operator"": ""Norfolk Southern Railway"", ""operator:wikidata"": ""Q1321054"", ""owner"": ""North Carolina Railroad"", ""railway"": ""rail"", ""railway:ctc"": ""yes"", ""railway:etms"": ""yes"", ""railway:ptc"": ""yes"", ""railway:track_ref"": ""1"", ""railway_milepost"": ""NC"", ""ref"": ""NCRR"", ""usage"": ""main""}"
RAL-02,way,662979068,Coat's Auto Body and Paint,shop,car_repair,Point,representative_point_outside_region,"{""building"": ""yes"", ""name"": ""Coat's Auto Body and Paint"", ""shop"": ""car_repair""}"
RAL-02,way,664887034,,amenity,parking,Point,representative_point_outside_region,"{""access"": ""yes"", ""amenity"": ""parking"", ""fee"": ""no"", ""parking"": ""surface""}"
RAL-02,way,664929378,,amenity,parking,Point,low_value_category,"{""access"": ""private"", ""amenity"": ""parking"", ""fee"": ""no"", ""parking"": ""surface"", ""surface"": ""asphalt""}"
RAL-02,way,664929379,,amenity,parking,Point,low_value_category,"{""access"": ""customers"", ""amenity"": ""parking"", ""fee"": ""no"", ""parking"": ""surface""}"
RAL-02,way,664929380,,amenity,parking,Point,low_value_category,"{""access"": ""customers"", ""amenity"": ""parking"", ""fee"": ""no"", ""parking"": ""surface""}"
RAL-02,way,664929382,,amenity,parking,Point,low_value_category,"{""access"": ""customers"", ""amenity"": ""parking"", ""fee"": ""no"", ""parking"": ""surface""}"
RAL-02,way,664929383,,amenity,parking,Point,low_value_category,"{""access"": ""customers"", ""amenity"": ""parking"", ""fee"": ""no"", ""parking"": ""surface""}"
RAL-02,way,664929385,,amenity,parking,Point,low_value_category,"{""access"": ""customers"", ""amenity"": ""parking"", ""fee"": ""no"", ""parking"": ""surface""}"
RAL-02,way,664929388,,amenity,parking,Point,low_value_category,"{""access"": ""customers"", ""amenity"": ""parking"", ""fee"": ""no"", ""parking"": ""surface""}"
RAL-02,way,664929391,,amenity,parking,Point,low_value_category,"{""access"": ""private"", ""amenity"": ""parking"", ""fee"": ""no"", ""parking"": ""surface"", ""surface"": ""asphalt""}"
RAL-02,way,683014924,H-Line,railway,rail,Point,representative_point_outside_region,"{""electrified"": ""no"", ""gauge"": ""1435"", ""maxspeed"": ""80 mph"", ""name"": ""H-Line"", ""note:old_railway_operator"": ""North Carolina Railroad"", ""old_railway_operator"": ""Southern"", ""operator"": ""Norfolk Southern Railway"", ""operator:wikidata"": ""Q1321054"", ""owner"": ""North Carolina Railroad"", ""railway"": ""rail"", ""railway:ctc"": ""yes"", ""railway:etms"": ""yes"", ""railway:ptc"": ""yes"", ""railway_milepost"": ""NC"", ""ref"": ""NCRR"", ""usage"": ""main""}"
RAL-02,way,824313859,H-Line,railway,rail,Point,representative_point_outside_region,"{""gauge"": ""1435"", ""name"": ""H-Line"", ""operator"": ""Norfolk Southern Railway"", ""operator:wikidata"": ""Q1321054"", ""owner"": ""North Carolina Railroad"", ""railway"": ""rail"", ""railway:ctc"": ""yes"", ""railway:etms"": ""yes"", ""railway:ptc"": ""yes"", ""railway_milepost"": ""NC"", ""ref"": ""NCRR"", ""usage"": ""main""}"
RAL-02,way,873121718,Norfolk Southern - Amtrak,railway,rail,Point,representative_point_outside_region,"{""electrified"": ""no"", ""maxspeed"": ""30 mph"", ""name"": ""Norfolk Southern - Amtrak"", ""railway"": ""rail"", ""railway:ctc"": ""yes"", ""railway:etms"": ""yes"", ""railway:ptc"": ""yes"", ""service"": ""crossover""}"
RAL-02,way,873121719,Aberdeen Subdivision,railway,rail,Point,representative_point_outside_region,"{""electrified"": ""no"", ""gauge"": ""1435"", ""maxspeed"": ""80 mph"", ""name"": ""Aberdeen Subdivision"", ""old_railway_operator"": ""SAL"", ""operator"": ""CSX Transportation"", ""operator:wikidata"": ""Q856783"", ""railway"": ""rail"", ""usage"": ""branch""}"
RAL-02,way,873121720,H-Line,railway,rail,Point,representative_point_outside_region,"{""gauge"": ""1435"", ""name"": ""H-Line"", ""operator"": ""Norfolk Southern Railway"", ""operator:wikidata"": ""Q1321054"", ""owner"": ""North Carolina Railroad"", ""railway"": ""rail"", ""railway:ctc"": ""yes"", ""railway:etms"": ""yes"", ""railway:ptc"": ""yes"", ""railway_milepost"": ""NC"", ""ref"": ""NCRR"", ""usage"": ""main""}"
RAL-02,way,998048831,,amenity,parking,Point,representative_point_outside_region,"{""amenity"": ""parking"", ""parking"": ""surface"", ""surface"": ""asphalt""}"
RAL-02,way,998048832,,amenity,parking,Point,representative_point_outside_region,"{""amenity"": ""parking"", ""parking"": ""surface""}"
RAL-02,way,998048834,,amenity,parking,Point,representative_point_outside_region,"{""amenity"": ""parking"", ""parking"": ""surface"", ""surface"": ""asphalt""}"
RAL-02,way,998048835,,amenity,parking,Point,representative_point_outside_region,"{""amenity"": ""parking"", ""parking"": ""surface"", ""surface"": ""asphalt""}"
RAL-02,way,998048836,,amenity,parking,Point,representative_point_outside_region,"{""amenity"": ""parking"", ""parking"": ""surface"", ""surface"": ""asphalt""}"
RAL-02,way,998048837,,amenity,parking,Point,representative_point_outside_region,"{""amenity"": ""parking"", ""parking"": ""surface"", ""surface"": ""asphalt""}"
RAL-02,way,998048841,,amenity,parking,Point,representative_point_outside_region,"{""access"": ""customers"", ""amenity"": ""parking"", ""fee"": ""no"", ""parking"": ""surface"", ""surface"": ""asphalt""}"
RAL-02,way,998140277,,amenity,parking,Point,representative_point_outside_region,"{""access"": ""customers"", ""amenity"": ""parking"", ""fee"": ""no"", ""parking"": ""surface"", ""surface"": ""asphalt""}"
RAL-02,way,998145851,,amenity,parking,Point,representative_point_outside_region,"{""access"": ""customers"", ""amenity"": ""parking"", ""fee"": ""no"", ""parking"": ""surface"", ""surface"": ""asphalt""}"
RAL-02,way,998145861,,amenity,parking,Point,representative_point_outside_region,"{""access"": ""customers"", ""amenity"": ""parking"", ""fee"": ""no"", ""parking"": ""surface"", ""surface"": ""asphalt""}"
RAL-02,way,998145862,,amenity,parking,Point,representative_point_outside_region,"{""access"": ""customers"", ""amenity"": ""parking"", ""fee"": ""no"", ""parking"": ""surface"", ""surface"": ""asphalt""}"
RAL-02,way,998145863,,amenity,parking,Point,representative_point_outside_region,"{""access"": ""customers"", ""amenity"": ""parking"", ""fee"": ""no"", ""parking"": ""surface"", ""surface"": ""asphalt""}"
RAL-02,way,998145864,,amenity,parking,Point,representative_point_outside_region,"{""access"": ""customers"", ""amenity"": ""parking"", ""fee"": ""no"", ""parking"": ""surface"", ""surface"": ""asphalt""}"
RAL-02,way,998145865,,amenity,parking,Point,representative_point_outside_region,"{""access"": ""customers"", ""amenity"": ""parking"", ""fee"": ""no"", ""parking"": ""surface"", ""surface"": ""asphalt""}"
RAL-02,way,998145885,,amenity,parking,Point,representative_point_outside_region,"{""access"": ""customers"", ""amenity"": ""parking"", ""fee"": ""no"", ""parking"": ""surface"", ""surface"": ""asphalt""}"
RAL-02,way,998145886,,amenity,parking,Point,representative_point_outside_region,"{""access"": ""customers"", ""amenity"": ""parking"", ""fee"": ""no"", ""parking"": ""surface"", ""surface"": ""asphalt""}"
RAL-02,way,998145887,,amenity,parking,Point,representative_point_outside_region,"{""access"": ""customers"", ""amenity"": ""parking"", ""fee"": ""no"", ""parking"": ""surface"", ""surface"": ""asphalt""}"
RAL-02,way,998145896,,amenity,parking,Point,representative_point_outside_region,"{""access"": ""customers"", ""amenity"": ""parking"", ""fee"": ""no"", ""parking"": ""surface"", ""surface"": ""asphalt""}"
RAL-02,way,1011447763,,amenity,parking,Point,representative_point_outside_region,"{""amenity"": ""parking"", ""parking"": ""surface"", ""surface"": ""asphalt""}"
RAL-02,way,1011447764,,amenity,parking,Point,representative_point_outside_region,"{""amenity"": ""parking"", ""parking"": ""surface"", ""surface"": ""asphalt""}"
RAL-02,way,1011447765,,amenity,parking,Point,representative_point_outside_region,"{""amenity"": ""parking"", ""capacity"": ""3"", ""parking"": ""surface"", ""surface"": ""asphalt""}"
RAL-02,way,1016017357,,amenity,parking,Point,low_value_category,"{""amenity"": ""parking"", ""parking"": ""lane"", ""surface"": ""asphalt""}"
RAL-02,way,1017392725,,amenity,parking,Point,representative_point_outside_region,"{""amenity"": ""parking"", ""parking"": ""surface""}"
RAL-02,way,1018283001,Aberdeen Subdivision,railway,rail,Point,representative_point_outside_region,"{""electrified"": ""no"", ""gauge"": ""1435"", ""maxspeed"": ""20 mph"", ""maxspeed:freight"": ""20 mph"", ""name"": ""Aberdeen Subdivision"", ""old_railway_operator"": ""SAL"", ""operator"": ""CSX Transportation"", ""operator:wikidata"": ""Q856783"", ""railway"": ""rail"", ""railway:ctc"": ""yes"", ""railway:etms"": ""yes"", ""railway:ptc"": ""yes"", ""railway:track_ref"": ""Main Track"", ""railway_milepost"": ""S"", ""ref"": ""AB"", ""usage"": ""branch""}"
RAL-02,way,1022958475,,amenity,parking,Point,representative_point_outside_region,"{""amenity"": ""parking"", ""parking"": ""surface""}"
RAL-02,way,1022958478,,amenity,parking,Point,representative_point_outside_region,"{""amenity"": ""parking"", ""parking"": ""surface""}"
RAL-02,way,1022958479,,amenity,parking,Point,representative_point_outside_region,"{""amenity"": ""parking"", ""parking"": ""surface""}"
RAL-02,way,1028728134,,amenity,parking,Point,low_value_category,"{""access"": ""private"", ""amenity"": ""parking"", ""fee"": ""no"", ""parking"": ""surface"", ""surface"": ""unpaved""}"
RAL-02,way,1028728136,,amenity,parking,Point,low_value_category,"{""access"": ""private"", ""amenity"": ""parking"", ""fee"": ""no"", ""parking"": ""surface""}"
RAL-02,way,1028728137,,amenity,parking,Point,low_value_category,"{""access"": ""private"", ""amenity"": ""parking"", ""fee"": ""no"", ""parking"": ""surface""}"
RAL-02,way,1028728138,,amenity,parking,Point,low_value_category,"{""access"": ""private"", ""amenity"": ""parking"", ""fee"": ""no"", ""parking"": ""surface"", ""surface"": ""asphalt""}"
RAL-02,way,1028728139,,amenity,parking,Point,low_value_category,"{""access"": ""private"", ""amenity"": ""parking"", ""fee"": ""no"", ""parking"": ""surface"", ""surface"": ""asphalt""}"
RAL-02,way,1028728140,,amenity,parking,Point,low_value_category,"{""access"": ""private"", ""amenity"": ""parking"", ""parking"": ""surface""}"
RAL-02,way,1028728144,,amenity,parking,Point,low_value_category,"{""access"": ""private"", ""amenity"": ""parking"", ""fee"": ""no"", ""parking"": ""surface"", ""surface"": ""asphalt""}"
RAL-02,way,1028728147,,amenity,parking,Point,low_value_category,"{""amenity"": ""parking"", ""parking"": ""street_side"", ""surface"": ""asphalt""}"
RAL-02,way,1028728148,,amenity,parking,Point,low_value_category,"{""access"": ""private"", ""amenity"": ""parking"", ""parking"": ""surface""}"
RAL-02,way,1028728149,,amenity,parking,Point,low_value_category,"{""access"": ""private"", ""amenity"": ""parking"", ""parking"": ""surface""}"
RAL-02,way,1028728151,,amenity,parking,Point,low_value_category,"{""amenity"": ""parking"", ""parking"": ""street_side"", ""surface"": ""asphalt""}"
RAL-02,way,1028728152,,amenity,parking,Point,low_value_category,"{""amenity"": ""parking"", ""parking"": ""street_side"", ""surface"": ""asphalt""}"
RAL-02,way,1028728154,,amenity,parking,Point,low_value_category,"{""access"": ""private"", ""amenity"": ""parking"", ""parking"": ""surface"", ""surface"": ""asphalt""}"
RAL-02,way,1028728155,,amenity,parking,Point,low_value_category,"{""amenity"": ""parking"", ""parking"": ""street_side"", ""surface"": ""asphalt""}"
RAL-02,way,1028728156,,amenity,parking,Point,low_value_category,"{""access"": ""private"", ""amenity"": ""parking"", ""parking"": ""surface"", ""surface"": ""asphalt""}"
RAL-02,way,1028728157,,amenity,parking,Point,low_value_category,"{""amenity"": ""parking"", ""parking"": ""street_side"", ""surface"": ""asphalt""}"
RAL-02,way,1028728158,,amenity,parking,Point,low_value_category,"{""amenity"": ""parking"", ""parking"": ""street_side"", ""surface"": ""asphalt""}"
RAL-02,way,1067735086,,amenity,parking,Point,representative_point_outside_region,"{""access"": ""customers"", ""amenity"": ""parking"", ""fee"": ""no"", ""parking"": ""surface"", ""surface"": ""asphalt""}"
RAL-02,way,1069657810,,amenity,parking,Point,representative_point_outside_region,"{""amenity"": ""parking"", ""parking"": ""surface"", ""surface"": ""unpaved""}"
RAL-02,way,1069657813,,amenity,parking,Point,representative_point_outside_region,"{""amenity"": ""parking"", ""parking"": ""surface"", ""surface"": ""asphalt""}"
RAL-02,way,1069657821,,amenity,parking,Point,representative_point_outside_region,"{""amenity"": ""parking"", ""parking"": ""surface"", ""surface"": ""asphalt""}"
RAL-02,way,1069657822,,amenity,parking,Point,representative_point_outside_region,"{""amenity"": ""parking"", ""parking"": ""surface"", ""surface"": ""asphalt""}"
RAL-02,way,1069657823,,amenity,parking,Point,representative_point_outside_region,"{""amenity"": ""parking"", ""parking"": ""surface"", ""surface"": ""asphalt""}"
RAL-02,way,1072162846,,amenity,parking,Point,representative_point_outside_region,"{""amenity"": ""parking"", ""parking"": ""surface""}"
RAL-02,way,1079247650,,amenity,parking,Point,low_value_category,"{""access"": ""customers"", ""amenity"": ""parking"", ""fee"": ""no"", ""parking"": ""surface""}"
RAL-02,way,1079247651,Sunflower Field,leisure,garden,Point,retained:named_poi,"{""leisure"": ""garden"", ""name"": ""Sunflower Field""}"
RAL-02,way,1092763893,Dog Park at Dix Park,leisure,dog_park,Point,retained:named_poi,"{""access"": ""yes"", ""addr:city"": ""Raleigh"", ""addr:housenumber"": ""1800"", ""addr:postcode"": ""27695"", ""addr:state"": ""NC"", ""addr:street"": ""Umstead Drive"", ""leisure"": ""dog_park"", ""name"": ""Dog Park at Dix Park"", ""website"": ""https://dixpark.org/dogpark"", ""wheelchair"": ""yes""}"
RAL-02,way,1118637615,Norfolk Southern Railway,railway,rail,Point,representative_point_outside_region,"{""electrified"": ""no"", ""gauge"": ""1435"", ""operator"": ""Norfolk Southern Railway"", ""operator:wikidata"": ""Q1321054"", ""railway"": ""rail"", ""tiger:cfcc"": ""B11"", ""tiger:county"": ""Wake, NC"", ""tiger:name_base"": ""Southern Railway""}"
RAL-02,way,1173751145,,amenity,parking,Point,representative_point_outside_region,"{""access"": ""customers"", ""amenity"": ""parking"", ""parking"": ""surface""}"
RAL-02,way,1173751147,,amenity,parking,Point,representative_point_outside_region,"{""amenity"": ""parking""}"
RAL-02,way,1173751148,,amenity,parking,Point,representative_point_outside_region,"{""access"": ""customers"", ""amenity"": ""parking"", ""fee"": ""no"", ""parking"": ""surface""}"
RAL-02,way,1230462521,,leisure,pitch,Point,representative_point_outside_region,"{""leisure"": ""pitch"", ""sport"": ""basketball""}"
RAL-02,way,1230462522,,leisure,playground,Point,representative_point_outside_region,"{""leisure"": ""playground""}"
RAL-02,way,1231604478,Raleigh and Fayetteville Railroad,railway,rail,Point,representative_point_outside_region,"{""electrified"": ""no"", ""gauge"": ""1435"", ""maxspeed"": ""25 mph"", ""maxspeed:freight"": ""25 mph"", ""name"": ""Raleigh and Fayetteville Railroad"", ""old_name"": ""NS-Line"", ""old_railway_operator"": ""NS"", ""operator"": ""R.J. Corman Railroad Group"", ""owner"": ""Norfolk Southern Railway"", ""railway"": ""rail"", ""railway:atc"": ""no"", ""railway:ctc"": ""no"", ""railway:preferred_direction"": ""both"", ""railway:ptc"": ""no"", ""railway:track_class"": ""2"", ""railway:track_ref"": ""Main Track"", ""railway:traffic_mode"": ""freight"", ""railway:twc"": ""yes"", ""railway_milepost"": ""NS"", ""ref"": ""RFCC"", ""reporting_marks"": ""RFCC"", ""usage"": ""branch""}"
RAL-02,way,1231604479,NS-Line,railway,rail,Point,representative_point_outside_region,"{""electrified"": ""no"", ""gauge"": ""1435"", ""layer"": ""-1"", ""name"": ""NS-Line"", ""old_railway_operator"": ""NS"", ""operator"": ""Norfolk Southern Railway"", ""operator:wikidata"": ""Q1321054"", ""railway"": ""rail"", ""tunnel"": ""yes"", ""usage"": ""branch""}"
RAL-02,way,1231604480,NS-Line,railway,rail,Point,representative_point_outside_region,"{""electrified"": ""no"", ""gauge"": ""1435"", ""layer"": ""-1"", ""name"": ""NS-Line"", ""old_railway_operator"": ""NS"", ""operator"": ""Norfolk Southern Railway"", ""operator:wikidata"": ""Q1321054"", ""railway"": ""rail"", ""tunnel"": ""yes"", ""usage"": ""branch""}"
RAL-02,way,1231604481,NS-Line,railway,rail,Point,representative_point_outside_region,"{""electrified"": ""no"", ""gauge"": ""1435"", ""layer"": ""-1"", ""name"": ""NS-Line"", ""old_railway_operator"": ""NS"", ""operator"": ""Norfolk Southern Railway"", ""operator:wikidata"": ""Q1321054"", ""railway"": ""rail"", ""tunnel"": ""yes"", ""usage"": ""branch""}"
RAL-02,way,1231604482,NS-Line,railway,rail,Point,representative_point_outside_region,"{""electrified"": ""no"", ""gauge"": ""1435"", ""name"": ""NS-Line"", ""old_railway_operator"": ""NS"", ""operator"": ""Norfolk Southern Railway"", ""operator:wikidata"": ""Q1321054"", ""railway"": ""rail"", ""usage"": ""branch""}"
RAL-02,way,1231604483,NS-Line,railway,rail,Point,representative_point_outside_region,"{""electrified"": ""no"", ""gauge"": ""1435"", ""name"": ""NS-Line"", ""old_railway_operator"": ""NS"", ""operator"": ""Norfolk Southern Railway"", ""operator:wikidata"": ""Q1321054"", ""railway"": ""rail"", ""usage"": ""branch""}"
RAL-02,way,1246725472,,amenity,parking,Point,representative_point_outside_region,"{""amenity"": ""parking""}"
RAL-02,way,1256461204,,amenity,parking_space,Point,low_value_category,"{""amenity"": ""parking_space"", ""parking_space"": ""disabled""}"
RAL-02,way,1420828125,,amenity,parking,Point,low_value_category,"{""access"": ""yes"", ""amenity"": ""parking"", ""fee"": ""no"", ""parking"": ""surface""}"
RAL-02,way,1420828150,,leisure,garden,Point,unnamed_not_inherently_meaningful,"{""leisure"": ""garden""}"
RAL-02,way,1420829885,,amenity,parking,Point,representative_point_outside_region,"{""access"": ""private"", ""amenity"": ""parking"", ""building"": ""yes"", ""parking"": ""multi-storey""}"
RAL-02,way,1420830799,,amenity,parking,Point,representative_point_outside_region,"{""access"": ""private"", ""amenity"": ""parking"", ""building"": ""yes"", ""parking"": ""multi-storey""}"
RAL-02,way,1510554883,,amenity,parking,Point,low_value_category,"{""access"": ""yes"", ""amenity"": ""parking"", ""parking"": ""surface"", ""surface"": ""fine_gravel""}"
RAL-02,relation,6431764,North Carolina State University,amenity,university,Point,representative_point_outside_region,"{""addr:city"": ""Raleigh"", ""addr:postcode"": ""27695"", ""addr:state"": ""NC"", ""amenity"": ""university"", ""ele"": ""118"", ""name"": ""North Carolina State University"", ""name:fr"": ""Université d'État de Caroline du Nord"", ""name:ru"": ""Университет штата Северная Каролина"", ""short_name"": ""NC STATE"", ""type"": ""multipolygon"", ""website"": ""https://www.ncsu.edu/"", ""website:mobile"": ""http://m.ncsu.edu"", ""wikidata"": ""Q1132346"", ""wikipedia"": ""en:North Carolina State University""}"
RAL-02,relation,13393998,,amenity,parking,Point,representative_point_outside_region,"{""amenity"": ""parking"", ""type"": ""multipolygon""}"
RAL-02,relation,14296512,,amenity,parking,Point,representative_point_outside_region,"{""amenity"": ""parking"", ""parking"": ""surface"", ""surface"": ""asphalt"", ""type"": ""multipolygon""}"
RAL-03A,node,939875602,,amenity,waste_basket,Point,low_value_category,"{""amenity"": ""waste_basket""}"
RAL-03A,node,939875603,,tourism,artwork,Point,unnamed_not_inherently_meaningful,"{""description"": ""Wolf Sculptures"", ""tourism"": ""artwork""}"
RAL-03A,node,939875612,,tourism,picnic_site,Point,unnamed_not_inherently_meaningful,"{""tourism"": ""picnic_site""}"
RAL-03A,node,939875616,,amenity,bench,Point,low_value_category,"{""amenity"": ""bench""}"
RAL-03A,node,939875617,,amenity,bench,Point,low_value_category,"{""amenity"": ""bench""}"
RAL-03A,node,939875619,,amenity,vending_machine,Point,low_value_category,"{""amenity"": ""vending_machine""}"
RAL-03A,node,939875629,,amenity,recycling,Point,low_value_category,"{""amenity"": ""recycling"", ""recycling_type"": ""container""}"
RAL-03A,node,939875630,,amenity,bench,Point,low_value_category,"{""amenity"": ""bench"", ""backrest"": ""yes""}"
RAL-03A,node,939875634,,amenity,recycling,Point,low_value_category,"{""amenity"": ""recycling"", ""location"": ""overground"", ""recycling_type"": ""container""}"
RAL-03A,node,1143965780,Jordan Hall,amenity,bicycle_parking,Point,low_value_category,"{""amenity"": ""bicycle_parking"", ""capacity"": ""24"", ""name"": ""Jordan Hall""}"
RAL-03A,node,1143965783,Jordan Hall Addittion,amenity,bicycle_parking,Point,low_value_category,"{""GPS"": ""Garmin62s"", ""amenity"": ""bicycle_parking"", ""capacity"": ""8"", ""name"": ""Jordan Hall Addittion"", ""source"": ""GPS""}"
RAL-03A,node,1143992485,wolf village court bldg F,amenity,bicycle_parking,Point,low_value_category,"{""amenity"": ""bicycle_parking"", ""bicycle_parking"": ""wave"", ""capacity"": ""24"", ""covered"": ""no"", ""fee"": ""no"", ""name"": ""wolf village court bldg F""}"
RAL-03A,node,1143992487,,amenity,bicycle_parking,Point,low_value_category,"{""amenity"": ""bicycle_parking""}"
RAL-03A,node,1143996437,Southwest Bragaw Bike Rack,amenity,bicycle_parking,Point,low_value_category,"{""GPS"": ""Garmin 62 S"", ""amenity"": ""bicycle_parking"", ""bicycle_parking"": ""safe_loops"", ""capacity"": ""33"", ""covered"": ""no"", ""fee"": ""no"", ""int_name"": ""bike rack"", ""lit"": ""no"", ""name"": ""Southwest Bragaw Bike Rack"", ""source"": ""GPS""}"
RAL-03A,node,1143999508,Student Health Bike Rack,amenity,bicycle_parking,Point,low_value_category,"{""GPS"": ""Garmin 62 S"", ""amenity"": ""bicycle_parking"", ""capacity"": ""16"", ""int_name"": ""Bike Rack"", ""name"": ""Student Health Bike Rack"", ""source"": ""GPS""}"
RAL-03A,node,1144000381,Schaub Bike Rack,amenity,bicycle_parking,Point,low_value_category,"{""GPS"": ""Garmin 62 S"", ""amenity"": ""bicycle_parking"", ""capacity"": ""32"", ""int_name"": ""Bike Rack"", ""name"": ""Schaub Bike Rack"", ""source"": ""GPS""}"
RAL-03A,node,1145553700,Bike Rack at Weaver,amenity,bicycle_parking,Point,low_value_category,"{""GPS"": ""Garmin62s"", ""amenity"": ""bicycle_parking"", ""capacity"": ""17"", ""name"": ""Bike Rack at Weaver"", ""source"": ""GPS""}"
RAL-03A,node,1145553703,Bike Rack at Grinnells,amenity,bicycle_parking,Point,low_value_category,"{""GPS"": ""Garmin62s"", ""amenity"": ""bicycle_parking"", ""capacity"": ""16"", ""name"": ""Bike Rack at Grinnells"", ""source"": ""GPS""}"
RAL-03A,node,1145553708,Bike Rack West of Dan Allen,amenity,bicycle_parking,Point,low_value_category,"{""GPS"": ""Garmin62s"", ""amenity"": ""bicycle_parking"", ""capacity"": ""10"", ""name"": ""Bike Rack West of Dan Allen"", ""source"": ""GPS""}"
RAL-03A,node,1145554571,Fountain Hall Bike Rack,amenity,bicycle_parking,Point,low_value_category,"{""GPS"": ""Garmin 62 S"", ""amenity"": ""bicycle_parking"", ""bicycle_parking"": ""wave"", ""capacity"": ""16"", ""covered"": ""no"", ""fee"": ""no"", ""int_name"": ""Bike Rack"", ""name"": ""Fountain Hall Bike Rack"", ""source"": ""GPS""}"
RAL-03A,node,1145562823,Bragaw Bike Rack SE,amenity,bicycle_parking,Point,low_value_category,"{""GPS"": ""Garmin 62 S"", ""amenity"": ""bicycle_parking"", ""bicycle_parking"": ""safe_loops"", ""capacity"": ""36"", ""check_date"": ""2025-08-24"", ""covered"": ""no"", ""int_name"": ""Bike Rack"", ""name"": ""Bragaw Bike Rack SE"", ""source"": ""GPS""}"
RAL-03A,node,1145562824,Bragaw Bike Rack,amenity,bicycle_parking,Point,low_value_category,"{""GPS"": ""Garmin 62 S"", ""amenity"": ""bicycle_parking"", ""capacity"": ""6"", ""check_date"": ""2025-08-24"", ""covered"": ""no"", ""fee"": ""no"", ""int_name"": ""Bike Rack"", ""name"": ""Bragaw Bike Rack"", ""source"": ""GPS""}"
RAL-03A,node,1145563130,North Bragaw Bike Rack,amenity,bicycle_parking,Point,low_value_category,"{""GPS"": ""Garmin 62 S"", ""amenity"": ""bicycle_parking"", ""capacity"": ""24"", ""name"": ""North Bragaw Bike Rack"", ""source"": ""GPS""}"
RAL-03A,node,1145563281,Northeast Bragaw Bike Rack,amenity,bicycle_parking,Point,low_value_category,"{""GPS"": ""Garmin 62 S"", ""amenity"": ""bicycle_parking"", ""bicycle_parking"": ""stands"", ""capacity"": ""24"", ""name"": ""Northeast Bragaw Bike Rack"", ""source"": ""GPS""}"
RAL-03A,node,1145565961,Biltmore Bike Rack 3,amenity,bicycle_parking,Point,low_value_category,"{""GPS"": ""Garmin62s"", ""amenity"": ""bicycle_parking"", ""capacity"": ""17"", ""name"": ""Biltmore Bike Rack 3"", ""source"": ""GPS""}"
RAL-03A,node,1145565962,Biltmore Bike Rack 1,amenity,bicycle_parking,Point,low_value_category,"{""GPS"": ""Garmin62s"", ""amenity"": ""bicycle_parking"", ""capacity"": ""12"", ""name"": ""Biltmore Bike Rack 1"", ""source"": ""GPS""}"
RAL-03A,node,1145565963,Biltmore Bike Rack 2,amenity,bicycle_parking,Point,low_value_category,"{""amenity"": ""bicycle_parking"", ""capacity"": ""32"", ""name"": ""Biltmore Bike Rack 2""}"
RAL-03A,node,1145573854,Wolf Village Bike Parking 2,amenity,bicycle_parking,Point,low_value_category,"{""amenity"": ""bicycle_parking"", ""capacity"": ""11"", ""name"": ""Wolf Village Bike Parking 2""}"
RAL-03A,node,1145573856,Bike Rack Communications Building,amenity,bicycle_parking,Point,low_value_category,"{""amenity"": ""bicycle_parking"", ""capacity"": ""8"", ""name"": ""Bike Rack Communications Building""}"
RAL-03A,node,1145573860,Wolf Village Bike Parking,amenity,bicycle_parking,Point,low_value_category,"{""amenity"": ""bicycle_parking"", ""bicycle_parking"": ""wave"", ""capacity"": ""24"", ""check_date"": ""2025-08-24"", ""covered"": ""no"", ""name"": ""Wolf Village Bike Parking""}"
RAL-03A,node,1156398997,Turlington Bike Rack 5,amenity,bicycle_parking,Point,low_value_category,"{""amenity"": ""bicycle_parking"", ""bicycle_parking"": ""wave"", ""capacity"": ""8"", ""covered"": ""no"", ""date"": ""02-16-11"", ""fee"": ""no"", ""name"": ""Turlington Bike Rack 5"", ""source"": ""garmin 62s""}"
RAL-03A,node,1156399001,Turlington Bike Rack 2,amenity,bicycle_parking,Point,low_value_category,"{""amenity"": ""bicycle_parking"", ""bicycle_parking"": ""wave"", ""capacity"": ""8"", ""covered"": ""no"", ""date"": ""02-16-11"", ""fee"": ""no"", ""name"": ""Turlington Bike Rack 2"", ""source"": ""garmin 62s""}"
RAL-03A,node,1156399003,Owen Bike Rack 2,amenity,bicycle_parking,Point,low_value_category,"{""amenity"": ""bicycle_parking"", ""capacity"": ""20"", ""date"": ""02-16-11"", ""name"": ""Owen Bike Rack 2"", ""source"": ""garmin 62s""}"
RAL-03A,node,1156399010,Turlington Bike Rack 2,amenity,bicycle_parking,Point,low_value_category,"{""amenity"": ""bicycle_parking"", ""bicycle_parking"": ""wave"", ""capacity"": ""8"", ""covered"": ""no"", ""date"": ""02-16-11"", ""fee"": ""no"", ""name"": ""Turlington Bike Rack 2"", ""source"": ""garmin 62s""}"
RAL-03A,node,1156399013,Turlington Bike Rack 6,amenity,bicycle_parking,Point,low_value_category,"{""amenity"": ""bicycle_parking"", ""bicycle_parking"": ""wave"", ""capacity"": ""8"", ""covered"": ""no"", ""date"": ""02-16-11"", ""fee"": ""no"", ""name"": ""Turlington Bike Rack 6"", ""source"": ""garmin 62s""}"
RAL-03A,node,1156399016,Turligton Bike Rack 4,amenity,bicycle_parking,Point,low_value_category,"{""amenity"": ""bicycle_parking"", ""bicycle_parking"": ""wave"", ""capacity"": ""8"", ""covered"": ""no"", ""date"": ""02-16-11"", ""fee"": ""no"", ""name"": ""Turligton Bike Rack 4"", ""source"": ""garmin 62s""}"
RAL-03A,node,1156399024,Turlington Bike Rack 3,amenity,bicycle_parking,Point,low_value_category,"{""amenity"": ""bicycle_parking"", ""bicycle_parking"": ""wave"", ""capacity"": ""8"", ""covered"": ""no"", ""date"": ""02-16-11"", ""fee"": ""no"", ""name"": ""Turlington Bike Rack 3"", ""source"": ""garmin 62s""}"
RAL-03A,node,1156399028,Turlington Bike Rack 5,amenity,bicycle_parking,Point,low_value_category,"{""amenity"": ""bicycle_parking"", ""bicycle_parking"": ""wave"", ""capacity"": ""8"", ""covered"": ""no"", ""date"": ""02-16-11"", ""fee"": ""no"", ""name"": ""Turlington Bike Rack 5"", ""source"": ""garmin 62s""}"
RAL-03A,node,1156399034,Turlington Bike Rack 1,amenity,bicycle_parking,Point,low_value_category,"{""amenity"": ""bicycle_parking"", ""bicycle_parking"": ""wave"", ""capacity"": ""8"", ""covered"": ""no"", ""date"": ""02-16-11"", ""fee"": ""no"", ""name"": ""Turlington Bike Rack 1"", ""source"": ""garmin 62s""}"
RAL-03A,node,1156399041,Turlington Bike Rack 4,amenity,bicycle_parking,Point,low_value_category,"{""amenity"": ""bicycle_parking"", ""bicycle_parking"": ""wave"", ""capacity"": ""8"", ""covered"": ""no"", ""date"": ""02-16-11"", ""fee"": ""no"", ""name"": ""Turlington Bike Rack 4"", ""source"": ""garmin 62s""}"
RAL-03A,node,1156399045,Turlington Bike Rack 6,amenity,bicycle_parking,Point,low_value_category,"{""amenity"": ""bicycle_parking"", ""bicycle_parking"": ""wave"", ""capacity"": ""8"", ""covered"": ""no"", ""date"": ""02-16-11"", ""fee"": ""no"", ""name"": ""Turlington Bike Rack 6"", ""source"": ""garmin 62s""}"
RAL-03A,node,1156399048,Turlington Bike Rack 2,amenity,bicycle_parking,Point,low_value_category,"{""amenity"": ""bicycle_parking"", ""bicycle_parking"": ""wave"", ""capacity"": ""8"", ""covered"": ""no"", ""date"": ""02-16-11"", ""fee"": ""no"", ""name"": ""Turlington Bike Rack 2"", ""source"": ""garmin 62s""}"
RAL-03A,node,1156399056,Turlington Bike Rack 1,amenity,bicycle_parking,Point,low_value_category,"{""amenity"": ""bicycle_parking"", ""bicycle_parking"": ""wave"", ""capacity"": ""8"", ""covered"": ""no"", ""date"": ""02-16-11"", ""fee"": ""no"", ""name"": ""Turlington Bike Rack 1"", ""source"": ""garmin 62s""}"
RAL-03A,node,1156410729,Becton 2,amenity,bicycle_parking,Point,low_value_category,"{""amenity"": ""bicycle_parking"", ""capacity"": ""4"", ""name"": ""Becton 2"", ""source"": ""Walking Papers""}"
RAL-03A,node,1156410756,Becton 6,amenity,bicycle_parking,Point,low_value_category,"{""amenity"": ""bicycle_parking"", ""capacity"": ""4"", ""name"": ""Becton 6"", ""source"": ""Walking Papers""}"
RAL-03A,node,1156410757,Berry 2,amenity,bicycle_parking,Point,low_value_category,"{""amenity"": ""bicycle_parking"", ""capacity"": ""16"", ""name"": ""Berry 2"", ""source"": ""Walking Papers""}"
RAL-03A,node,1156410761,Honors 1,amenity,bicycle_parking,Point,low_value_category,"{""amenity"": ""bicycle_parking"", ""capacity"": ""4"", ""name"": ""Honors 1"", ""source"": ""Walking Papers""}"
RAL-03A,node,1156410769,Berry 1,amenity,bicycle_parking,Point,low_value_category,"{""amenity"": ""bicycle_parking"", ""capacity"": ""4"", ""name"": ""Berry 1"", ""source"": ""Walking Papers""}"
RAL-03A,node,1156410789,Bagwell 1,amenity,bicycle_parking,Point,low_value_category,"{""amenity"": ""bicycle_parking"", ""capacity"": ""16"", ""name"": ""Bagwell 1"", ""source"": ""Walking Papers""}"
RAL-03A,node,1156410795,Becton 4,amenity,bicycle_parking,Point,low_value_category,"{""amenity"": ""bicycle_parking"", ""capacity"": ""4"", ""name"": ""Becton 4"", ""source"": ""Walking Papers""}"
RAL-03A,node,1156410804,Bagwell 5,amenity,bicycle_parking,Point,low_value_category,"{""amenity"": ""bicycle_parking"", ""capacity"": ""4"", ""name"": ""Bagwell 5"", ""source"": ""Walking Papers""}"
RAL-03A,node,1156410820,Bagwell 2,amenity,bicycle_parking,Point,low_value_category,"{""amenity"": ""bicycle_parking"", ""capacity"": ""4"", ""name"": ""Bagwell 2"", ""source"": ""Walking papers""}"
RAL-03A,node,1156410827,Becton 3,amenity,bicycle_parking,Point,low_value_category,"{""amenity"": ""bicycle_parking"", ""capacity"": ""4"", ""name"": ""Becton 3"", ""source"": ""Walking Papers""}"
RAL-03A,node,1156410830,Becton 7,amenity,bicycle_parking,Point,low_value_category,"{""amenity"": ""bicycle_parking"", ""capacity"": ""4"", ""name"": ""Becton 7"", ""source"": ""Walking Papers""}"
RAL-03A,node,1156410846,Thompson 1,amenity,bicycle_parking,Point,low_value_category,"{""amenity"": ""bicycle_parking"", ""capacity"": ""4"", ""name"": ""Thompson 1"", ""source"": ""Walking Papers""}"
RAL-03A,node,1156410852,Case 1,amenity,bicycle_parking,Point,low_value_category,"{""amenity"": ""bicycle_parking"", ""capacity"": ""10"", ""name"": ""Case 1"", ""source"": ""Walking Papers""}"
RAL-03A,node,1156410857,Bagwell 3,amenity,bicycle_parking,Point,low_value_category,"{""amenity"": ""bicycle_parking"", ""capacity"": ""4"", ""name"": ""Bagwell 3"", ""source"": ""Walking Papers""}"
RAL-03A,node,1156410871,Becton 1,amenity,bicycle_parking,Point,low_value_category,"{""amenity"": ""bicycle_parking"", ""capacity"": ""16"", ""name"": ""Becton 1"", ""source"": ""Walking Papers""}"
RAL-03A,node,1156410877,Bagwell 4,amenity,bicycle_parking,Point,low_value_category,"{""amenity"": ""bicycle_parking"", ""capacity"": ""4"", ""name"": ""Bagwell 4"", ""source"": ""Walking Papers""}"
RAL-03A,node,1156411691,Bowen Hall Bicycle Parking,amenity,bicycle_parking,Point,low_value_category,"{""amenity"": ""bicycle_parking"", ""bicycle_parking"": ""stands"", ""capacity"": ""33"", ""covered"": ""no"", ""name"": ""Bowen Hall Bicycle Parking"", ""source"": ""Garmin GPSMAP 62s""}"
RAL-03A,node,1156411693,Witherspoon Center Bicycle Parking,amenity,bicycle_parking,Point,low_value_category,"{""amenity"": ""bicycle_parking"", ""capacity"": ""10"", ""name"": ""Witherspoon Center Bicycle Parking"", ""source"": ""Garmin GPSMAP 62s""}"
RAL-03A,node,1156411698,Bowen Hall Bicycle Parking,amenity,bicycle_parking,Point,low_value_category,"{""amenity"": ""bicycle_parking"", ""bicycle_parking"": ""stands"", ""capacity"": ""33"", ""name"": ""Bowen Hall Bicycle Parking"", ""source"": ""Garmin GPSMAP 62s""}"
RAL-03A,node,1156411704,Bowen Hall Bicycle Parking,amenity,bicycle_parking,Point,low_value_category,"{""amenity"": ""bicycle_parking"", ""capacity"": ""8"", ""name"": ""Bowen Hall Bicycle Parking"", ""source"": ""GPS""}"
RAL-03A,node,1156411709,Bowen Hall Bicycle Parking,amenity,bicycle_parking,Point,low_value_category,"{""amenity"": ""bicycle_parking"", ""bicycle_parking"": ""safe_loops"", ""capacity"": ""18"", ""covered"": ""no"", ""fee"": ""no"", ""indoor"": ""no"", ""lit"": ""no"", ""name"": ""Bowen Hall Bicycle Parking"", ""source"": ""Garmin GPSMAP 62s""}"
RAL-03A,node,1156411715,Witherspoon Center Bicycle Parking,amenity,bicycle_parking,Point,low_value_category,"{""amenity"": ""bicycle_parking"", ""capacity"": ""10"", ""name"": ""Witherspoon Center Bicycle Parking"", ""source"": ""Garmin GPSMAP 62s""}"
RAL-03A,node,1156411717,Bowen Hall Bicycle Parking,amenity,bicycle_parking,Point,low_value_category,"{""GPS"": ""Garmin GPSMAP 62s"", ""amenity"": ""bicycle_parking"", ""bicycle_parking"": ""stands"", ""capacity"": ""18"", ""covered"": ""no"", ""fee"": ""no"", ""indoor"": ""no"", ""lit"": ""no"", ""name"": ""Bowen Hall Bicycle Parking"", ""source"": ""GPS""}"
RAL-03A,node,1156411730,Bowen Hall Bicycle Parking,amenity,bicycle_parking,Point,low_value_category,"{""GPS"": ""Garmin GPSMAP 62s"", ""amenity"": ""bicycle_parking"", ""capacity"": ""8"", ""name"": ""Bowen Hall Bicycle Parking"", ""source"": ""GPS""}"
RAL-03A,node,1156411742,Bowen Hall Bicycle Parking,amenity,bicycle_parking,Point,low_value_category,"{""GPS"": ""Garmin GPSMAP 62s"", ""amenity"": ""bicycle_parking"", ""capacity"": ""8"", ""name"": ""Bowen Hall Bicycle Parking"", ""source"": ""GPS""}"
RAL-03A,node,1157634917,Wood Hall Bike Rack 5,amenity,bicycle_parking,Point,low_value_category,"{""amenity"": ""bicycle_parking"", ""capacity"": ""20"", ""name"": ""Wood Hall Bike Rack 5"", ""source"": ""Garmin 62s""}"
RAL-03A,node,1157634918,Wood Hall Bike Rack 3,amenity,bicycle_parking,Point,low_value_category,"{""amenity"": ""bicycle_parking"", ""capacity"": ""20"", ""name"": ""Wood Hall Bike Rack 3"", ""source"": ""Garmon 62s""}"
RAL-03A,node,1157634919,Wood Hall Bike Rack 1,amenity,bicycle_parking,Point,low_value_category,"{""amenity"": ""bicycle_parking"", ""capacity"": ""20"", ""name"": ""Wood Hall Bike Rack 1"", ""source"": ""Garmin 62s""}"
RAL-03A,node,1157634920,Wood Hall Bike Rack 4,amenity,bicycle_parking,Point,low_value_category,"{""amenity"": ""bicycle_parking"", ""capacity"": ""20"", ""name"": ""Wood Hall Bike Rack 4"", ""source"": ""Garmin 62s""}"
RAL-03A,node,1157634921,Wood Hall Bike Rack 2,amenity,bicycle_parking,Point,low_value_category,"{""amenity"": ""bicycle_parking"", ""capacity"": ""10"", ""name"": ""Wood Hall Bike Rack 2"", ""source"": ""Garmin 62s""}"
RAL-03A,node,1157634922,Weisiger-Brown Athelitc Facility Bike Rack 1,amenity,bicycle_parking,Point,low_value_category,"{""amenity"": ""bicycle_parking"", ""capacity"": ""10"", ""name"": ""Weisiger-Brown Athelitc Facility Bike Rack 1"", ""source"": ""Garmin 62s""}"
RAL-03A,node,1157638950,New Carmichael Bikerack,amenity,bicycle_parking,Point,low_value_category,"{""amenity"": ""bicycle_parking"", ""capacity"": ""24"", ""name"": ""New Carmichael Bikerack""}"
RAL-03A,node,1157639823,Old Carmichael Bikerack,amenity,bicycle_parking,Point,low_value_category,"{""amenity"": ""bicycle_parking"", ""capacity"": ""36"", ""name"": ""Old Carmichael Bikerack""}"
RAL-03A,node,1157643432,Talley/Price Bike Rack,amenity,bicycle_parking,Point,low_value_category,"{""amenity"": ""bicycle_parking"", ""capacity"": ""38"", ""covered"": ""no"", ""name"": ""Talley/Price Bike Rack"", ""source"": ""Walking Papers""}"
RAL-03A,node,1157643434,Talley on Cates Bike Rack,amenity,bicycle_parking,Point,low_value_category,"{""amenity"": ""bicycle_parking"", ""capacity"": ""3"", ""name"": ""Talley on Cates Bike Rack"", ""source"": ""Walking Papers""}"
RAL-03A,node,1157643614,Wolf Village Building C,amenity,bicycle_parking,Point,low_value_category,"{""amenity"": ""bicycle_parking"", ""capacity"": ""11"", ""name"": ""Wolf Village Building C"", ""source"": ""Garmin 62s""}"
RAL-03A,node,1157643875,Wolf Village Building B,amenity,bicycle_parking,Point,low_value_category,"{""amenity"": ""bicycle_parking"", ""capacity"": ""22"", ""name"": ""Wolf Village Building B"", ""source"": ""Garmin 62s""}"
RAL-03A,node,1157645576,Wolf Village Building G,amenity,bicycle_parking,Point,low_value_category,"{""amenity"": ""bicycle_parking"", ""bicycle_parking"": ""wave"", ""capacity"": ""12"", ""covered"": ""no"", ""fee"": ""no"", ""name"": ""Wolf Village Building G"", ""source"": ""Garmin 62s""}"
RAL-03A,node,1157649756,Lee Bike Rack 4,amenity,bicycle_parking,Point,low_value_category,"{""amenity"": ""bicycle_parking"", ""capacity"": ""15"", ""int_name"": ""Bike Rack"", ""name"": ""Lee Bike Rack 4"", ""source"": ""walking papers""}"
RAL-03A,node,1157649769,Lee Bike Rack 5,amenity,bicycle_parking,Point,low_value_category,"{""amenity"": ""bicycle_parking"", ""capacity"": ""20"", ""int_name"": ""Bike Rack"", ""name"": ""Lee Bike Rack 5"", ""source"": ""walking papers""}"
RAL-03A,node,1157649776,Lee Bike Rack 8,amenity,bicycle_parking,Point,low_value_category,"{""amenity"": ""bicycle_parking"", ""capacity"": ""20"", ""int_name"": ""Bike Rack"", ""name"": ""Lee Bike Rack 8"", ""source"": ""walking papers""}"
RAL-03A,node,1157649789,Lee Bike Rack 6,amenity,bicycle_parking,Point,low_value_category,"{""amenity"": ""bicycle_parking"", ""capacity"": ""20"", ""int_name"": ""Bike Rack"", ""name"": ""Lee Bike Rack 6"", ""source"": ""walking papers""}"
RAL-03A,node,1157649791,Lee Bike Rack 1,amenity,bicycle_parking,Point,low_value_category,"{""amenity"": ""bicycle_parking"", ""capacity"": ""30"", ""int_name"": ""Bike Rack"", ""name"": ""Lee Bike Rack 1"", ""source"": ""walking papers""}"
RAL-03A,node,1157649802,Lee Bike Rack 9,amenity,bicycle_parking,Point,low_value_category,"{""amenity"": ""bicycle_parking"", ""capacity"": ""20"", ""int_name"": ""Bike Rack"", ""name"": ""Lee Bike Rack 9"", ""source"": ""walking papers""}"
RAL-03A,node,1157649806,Lee Bike Rack 3,amenity,bicycle_parking,Point,low_value_category,"{""amenity"": ""bicycle_parking"", ""capacity"": ""30"", ""int_name"": ""Bike Rack"", ""name"": ""Lee Bike Rack 3"", ""source"": ""walking papers""}"
RAL-03A,node,1157649830,Lee Bike Rack 7,amenity,bicycle_parking,Point,low_value_category,"{""amenity"": ""bicycle_parking"", ""capacity"": ""20"", ""int_name"": ""Bike Rack"", ""name"": ""Lee Bike Rack 7"", ""source"": ""walking papers""}"
RAL-03A,node,1157649838,Lee Bike Rack 2,amenity,bicycle_parking,Point,low_value_category,"{""amenity"": ""bicycle_parking"", ""capacity"": ""30"", ""int_name"": ""Bike Rack"", ""name"": ""Lee Bike Rack 2"", ""source"": ""walking papers""}"
RAL-03A,node,1157650190,Admin. Serv. Bldg. II Bike Rack,amenity,bicycle_parking,Point,low_value_category,"{""amenity"": ""bicycle_parking"", ""capacity"": ""2"", ""name"": ""Admin. Serv. Bldg. II Bike Rack"", ""source"": ""Garmin 62s""}"
RAL-03A,node,1157650191,Admin. Serv. Bldg. I Bike Rack,amenity,bicycle_parking,Point,low_value_category,"{""amenity"": ""bicycle_parking"", ""bicycle_parking"": ""stands"", ""capacity"": ""4"", ""name"": ""Admin. Serv. Bldg. I Bike Rack"", ""source"": ""Garmin 62s""}"
RAL-03A,node,1286828164,Wolfline Bus Stop,public_transport,platform,Point,transport_platform_infrastructure,"{""bench"": ""no"", ""bin"": ""yes"", ""bus"": ""yes"", ""highway"": ""bus_stop"", ""mapillary"": ""1118386501973032"", ""name"": ""Wolfline Bus Stop"", ""public_transport"": ""platform"", ""shelter"": ""no"", ""survey:date"": ""2019-01-02""}"
RAL-03A,node,1287675770,,amenity,parking_entrance,Point,low_value_category,"{""amenity"": ""parking_entrance""}"
RAL-03A,node,1437667189,Wolfpack Outfitters,shop,books,Point,retained:named_poi,"{""name"": ""Wolfpack Outfitters"", ""opening_hours"": ""Mo-Fr 09:00-18:00; Sa 10:00-16:00"", ""shop"": ""books""}"
RAL-03A,node,2458229910,,amenity,bicycle_parking,Point,low_value_category,"{""amenity"": ""bicycle_parking"", ""bicycle_parking"": ""stands""}"
RAL-03A,node,2915315335,Floodplains,tourism,information,Point,retained:named_poi,"{""information"": ""map"", ""name"": ""Floodplains"", ""tourism"": ""information""}"
RAL-03A,node,2915315336,Urban Wildlife,tourism,information,Point,retained:named_poi,"{""board_type"": ""wildlife"", ""information"": ""board"", ""name"": ""Urban Wildlife"", ""tourism"": ""information""}"
RAL-03A,node,2915315361,,tourism,information,Point,unnamed_not_inherently_meaningful,"{""information"": ""map"", ""tourism"": ""information""}"
RAL-03A,node,3016870625,,amenity,parking_entrance,Point,low_value_category,"{""amenity"": ""parking_entrance""}"
RAL-03A,node,3113387115,,amenity,bicycle_parking,Point,low_value_category,"{""amenity"": ""bicycle_parking""}"
RAL-03A,node,3376088042,Dero,amenity,bicycle_repair_station,Point,low_value_category,"{""amenity"": ""bicycle_repair_station"", ""brand"": ""Dero"", ""note"": ""North Carolina State University"", ""opening_hours"": ""24/7"", ""service:bicycle:chain_tool"": ""no"", ""source"": ""osmsync:dero""}"
RAL-03A,node,4936022307,,leisure,picnic_table,Point,low_value_category,"{""covered"": ""no"", ""leisure"": ""picnic_table""}"
RAL-03A,node,4936022308,,amenity,bbq,Point,unnamed_not_inherently_meaningful,"{""amenity"": ""bbq"", ""check_date"": ""2023-11-03"", ""covered"": ""no""}"
RAL-03A,node,4936026716,,leisure,picnic_table,Point,low_value_category,"{""leisure"": ""picnic_table""}"
RAL-03A,node,4936027130,,leisure,picnic_table,Point,low_value_category,"{""leisure"": ""picnic_table""}"
RAL-03A,node,4936027131,,amenity,bbq,Point,unnamed_not_inherently_meaningful,"{""amenity"": ""bbq"", ""covered"": ""no""}"
RAL-03A,node,5840644057,Morrill Dr at Cates Ave (NB),public_transport,platform,Point,transport_platform_infrastructure,"{""bench"": ""no"", ""bin"": ""yes"", ""bus"": ""yes"", ""highway"": ""bus_stop"", ""mapillary"": ""1345666352484979"", ""name"": ""Morrill Dr at Cates Ave (NB)"", ""network"": ""Wolfline;GoRaleigh"", ""operator"": ""Transdev"", ""passenger_information_display"": ""no"", ""public_transport"": ""platform"", ""ref"": ""8567"", ""shelter"": ""no"", ""survey:date"": ""2020-02-08""}"
RAL-03A,node,6507308245,Varsity Dr at West Deck,public_transport,platform,Point,transport_platform_infrastructure,"{""bench"": ""no"", ""bin"": ""no"", ""bus"": ""yes"", ""highway"": ""bus_stop"", ""mapillary"": ""335694977915140"", ""name"": ""Varsity Dr at West Deck"", ""network"": ""Wolfline"", ""public_transport"": ""platform"", ""ref"": ""136"", ""shelter"": ""no"", ""survey:date"": ""2019-01-02""}"
RAL-03A,node,6507325942,Wolf Village Shelter #2 (EB),public_transport,platform,Point,transport_platform_infrastructure,"{""bench"": ""yes"", ""bin"": ""yes"", ""bus"": ""yes"", ""highway"": ""bus_stop"", ""name"": ""Wolf Village Shelter #2 (EB)"", ""network"": ""Wolfline"", ""operator"": ""NC State University"", ""public_transport"": ""platform"", ""ref"": ""255"", ""shelter"": ""yes"", ""tactile_paving"": ""no""}"
RAL-03A,node,6507326630,Morrill Dr at Carmichael Gym,public_transport,platform,Point,transport_platform_infrastructure,"{""bench"": ""yes"", ""bin"": ""yes"", ""bus"": ""yes"", ""check_date"": ""2026-07-20"", ""check_date:shelter"": ""2026-07-20"", ""highway"": ""bus_stop"", ""mapillary"": ""832653674039522"", ""name"": ""Morrill Dr at Carmichael Gym"", ""network"": ""Wolfline;GoRaleigh"", ""public_transport"": ""platform"", ""ref"": ""8525"", ""shelter"": ""yes""}"
RAL-03A,node,6507340796,Dan Allen Dr at Witherspoon Student Center,public_transport,platform,Point,transport_platform_infrastructure,"{""bench"": ""no"", ""bin"": ""no"", ""bus"": ""yes"", ""highway"": ""bus_stop"", ""mapillary"": ""1935374053286775"", ""name"": ""Dan Allen Dr at Witherspoon Student Center"", ""network"": ""Wolfline"", ""public_transport"": ""platform"", ""ref"": ""225"", ""shelter"": ""yes"", ""survey:date"": ""2018-12-08""}"
RAL-03A,node,6507340797,Sullivan Dr at Lee Lot,public_transport,platform,Point,transport_platform_infrastructure,"{""bench"": ""no"", ""bin"": ""no"", ""bus"": ""yes"", ""highway"": ""bus_stop"", ""mapillary"": ""2882678108647110"", ""name"": ""Sullivan Dr at Lee Lot"", ""network"": ""Wolfline"", ""public_transport"": ""platform"", ""ref"": ""263"", ""shelter"": ""no"", ""survey:date"": ""2019-05-12""}"
RAL-03A,node,6507343432,Faucette Dr at Weaver Labs,public_transport,platform,Point,transport_platform_infrastructure,"{""bench"": ""yes"", ""bin"": ""no"", ""bus"": ""yes"", ""highway"": ""bus_stop"", ""lit"": ""no"", ""mapillary"": ""537286580988324"", ""name"": ""Faucette Dr at Weaver Labs"", ""network"": ""Wolfline"", ""public_transport"": ""platform"", ""ref"": ""132"", ""shelter"": ""no"", ""survey:date"": ""2019-01-02"", ""tactile_paving"": ""no""}"
RAL-03A,node,6507344312,Faucette Dr at Varsity Dr (Butler),public_transport,platform,Point,transport_platform_infrastructure,"{""bench"": ""yes"", ""bin"": ""no"", ""bus"": ""yes"", ""highway"": ""bus_stop"", ""lit"": ""no"", ""mapillary"": ""4281212158598339"", ""name"": ""Faucette Dr at Varsity Dr (Butler)"", ""network"": ""Wolfline"", ""public_transport"": ""platform"", ""ref"": ""137"", ""shelter"": ""no"", ""survey:date"": ""2019-08-04"", ""tactile_paving"": ""no""}"
RAL-03A,node,6507347088,Varsity Dr at Campus Police,public_transport,platform,Point,transport_platform_infrastructure,"{""bench"": ""no"", ""bin"": ""yes"", ""bus"": ""yes"", ""highway"": ""bus_stop"", ""mapillary"": ""345636946988018"", ""name"": ""Varsity Dr at Campus Police"", ""network"": ""Wolfline"", ""public_transport"": ""platform"", ""ref"": ""270"", ""shelter"": ""no"", ""survey:date"": ""2019-01-20""}"
RAL-03A,node,6507347090,Cates Ave at Talley Student Center,public_transport,platform,Point,transport_platform_infrastructure,"{""bench"": ""no"", ""bin"": ""no"", ""bus"": ""yes"", ""highway"": ""bus_stop"", ""mapillary"": ""487717182502528"", ""name"": ""Cates Ave at Talley Student Center"", ""network"": ""Wolfline"", ""public_transport"": ""platform"", ""ref"": ""150"", ""shelter"": ""no"", ""survey:date"": ""2019-08-04""}"
RAL-03A,node,6507347556,Cates Ave at Witherspoon Student Center,public_transport,platform,Point,transport_platform_infrastructure,"{""bench"": ""no"", ""bin"": ""no"", ""bus"": ""yes"", ""highway"": ""bus_stop"", ""mapillary"": ""467434394479716"", ""name"": ""Cates Ave at Witherspoon Student Center"", ""network"": ""Wolfline"", ""public_transport"": ""platform"", ""ref"": ""121"", ""shelter"": ""no"", ""survey:date"": ""2019-01-02""}"
RAL-03A,node,6507350913,Dan Allen Dr at Lee Lot,public_transport,platform,Point,transport_platform_infrastructure,"{""bench"": ""no"", ""bin"": ""no"", ""bus"": ""yes"", ""highway"": ""bus_stop"", ""mapillary"": ""308497950785230"", ""name"": ""Dan Allen Dr at Lee Lot"", ""network"": ""Wolfline"", ""public_transport"": ""platform"", ""ref"": ""231"", ""shelter"": ""no"", ""survey:date"": ""2018-12-08"", ""tactile_paving"": ""no""}"
RAL-03A,node,6507352246,Dan Allen Dr at Hodges Bldg,public_transport,platform,Point,transport_platform_infrastructure,"{""bench"": ""no"", ""bin"": ""no"", ""bus"": ""yes"", ""highway"": ""bus_stop"", ""mapillary"": ""259996335809383"", ""name"": ""Dan Allen Dr at Hodges Bldg"", ""network"": ""Wolfline"", ""public_transport"": ""platform"", ""ref"": ""140"", ""shelter"": ""no"", ""survey:date"": ""2019-03-16""}"
RAL-03A,node,6507355475,Dan Allen Dr at Schaub Food Science Bldg,public_transport,platform,Point,transport_platform_infrastructure,"{""bench"": ""no"", ""bin"": ""no"", ""bus"": ""yes"", ""highway"": ""bus_stop"", ""mapillary"": ""184883510156459"", ""name"": ""Dan Allen Dr at Schaub Food Science Bldg"", ""network"": ""Wolfline"", ""public_transport"": ""platform"", ""ref"": ""249"", ""shelter"": ""no"", ""survey:date"": ""2019-01-02""}"
RAL-03A,node,6507357419,Sullivan Dr at West Lot,public_transport,platform,Point,transport_platform_infrastructure,"{""bench"": ""yes"", ""bin"": ""yes"", ""bus"": ""yes"", ""check_date"": ""2025-03-11"", ""check_date:tactile_paving"": ""2025-03-11"", ""highway"": ""bus_stop"", ""mapillary"": ""460583445024063"", ""name"": ""Sullivan Dr at West Lot"", ""network"": ""Wolfline"", ""public_transport"": ""platform"", ""ref"": ""123"", ""shelter"": ""yes"", ""tactile_paving"": ""no""}"
RAL-03A,node,6507359406,Faucette Dr at Dan Allen Dr (Robertson),public_transport,platform,Point,transport_platform_infrastructure,"{""bench"": ""no"", ""bin"": ""no"", ""bus"": ""yes"", ""highway"": ""bus_stop"", ""mapillary"": ""1441860689492280"", ""name"": ""Faucette Dr at Dan Allen Dr (Robertson)"", ""network"": ""Wolfline"", ""public_transport"": ""platform"", ""ref"": ""141"", ""shelter"": ""no"", ""survey:date"": ""2019-01-02""}"
RAL-03A,node,6507363454,Ligon St at Method Rd (King Village),public_transport,platform,Point,transport_platform_infrastructure,"{""bus"": ""yes"", ""highway"": ""bus_stop"", ""name"": ""Ligon St at Method Rd (King Village)"", ""network"": ""Wolfline"", ""public_transport"": ""platform"", ""ref"": ""127""}"
RAL-03A,node,6507364011,Dunn Ave at Jeter Dr (Coliseum Parking Deck),public_transport,platform,Point,transport_platform_infrastructure,"{""bench"": ""yes"", ""bin"": ""yes"", ""bus"": ""yes"", ""check_date:shelter"": ""2023-11-01"", ""highway"": ""bus_stop"", ""name"": ""Dunn Ave at Jeter Dr (Coliseum Parking Deck)"", ""network"": ""Wolfline;GoRaleigh"", ""public_transport"": ""platform"", ""ref"": ""9613"", ""shelter"": ""yes"", ""tactile_paving"": ""no""}"
RAL-03A,node,6507364661,Sullivan Dr at Admin Services (EB),public_transport,platform,Point,transport_platform_infrastructure,"{""bus"": ""yes"", ""highway"": ""bus_stop"", ""name"": ""Sullivan Dr at Admin Services (EB)"", ""network"": ""Wolfline"", ""public_transport"": ""platform"", ""ref"": ""184""}"
RAL-03A,node,6507368127,Ligon St at King Village,public_transport,platform,Point,transport_platform_infrastructure,"{""bus"": ""yes"", ""highway"": ""bus_stop"", ""name"": ""Ligon St at King Village"", ""network"": ""Wolfline"", ""public_transport"": ""platform"", ""ref"": ""126""}"
RAL-03A,node,6507370047,Ligon St at O'kelly St (King Village),public_transport,platform,Point,transport_platform_infrastructure,"{""bus"": ""yes"", ""highway"": ""bus_stop"", ""name"": ""Ligon St at O'kelly St (King Village)"", ""network"": ""Wolfline"", ""public_transport"": ""platform"", ""ref"": ""125""}"
RAL-03A,node,6507371286,Wolf Village Shelter #1 (WB),public_transport,platform,Point,transport_platform_infrastructure,"{""bench"": ""yes"", ""bin"": ""yes"", ""bus"": ""yes"", ""highway"": ""bus_stop"", ""name"": ""Wolf Village Shelter #1 (WB)"", ""network"": ""Wolfline"", ""operator"": ""NC State University"", ""public_transport"": ""platform"", ""ref"": ""215"", ""shelter"": ""yes"", ""tactile_paving"": ""no""}"
RAL-03A,node,6510040760,Morrill Dr at Faucette Dr,public_transport,platform,Point,transport_platform_infrastructure,"{""bench"": ""no"", ""bin"": ""yes"", ""bus"": ""yes"", ""highway"": ""bus_stop"", ""name"": ""Morrill Dr at Faucette Dr"", ""network"": ""Wolfline;GoRaleigh"", ""public_transport"": ""platform"", ""ref"": ""9614"", ""shelter"": ""no""}"
RAL-03A,node,6993756773,Starbucks,amenity,cafe,Point,retained:named_poi,"{""addr:city"": ""Raleigh"", ""addr:housenumber"": ""2610"", ""addr:postcode"": ""27607"", ""addr:state"": ""NC"", ""addr:street"": ""Cates Avenue"", ""amenity"": ""cafe"", ""branch"": ""NCSU Talley Student Union"", ""brand"": ""Starbucks"", ""brand:wikidata"": ""Q37158"", ""cuisine"": ""coffee_shop"", ""name"": ""Starbucks"", ""official_name"": ""Starbucks Coffee"", ""opening_hours"": ""Su-Fr 07:30-21:00; Sa 07:30-17:00"", ""outdoor_seating"": ""yes"", ""phone"": ""+1 919-513-2013"", ""ref"": ""1009485"", ""takeaway"": ""yes"", ""website"": ""https://www.starbucks.com/store-locator/store/1009485/ncsu-talley-student-union-2610-cates-ave-raleigh-nc-27607-us""}"
RAL-03A,node,7706101071,Bike Route,tourism,information,Point,retained:named_poi,"{""information"": ""guidepost"", ""name"": ""Bike Route"", ""note"": ""To Sign; Centennial Campus sign; bike route sign; forward arrow"", ""operator"": ""City of Raleigh"", ""ref"": ""7"", ""tourism"": ""information""}"
RAL-03A,node,8567663934,,amenity,parking_entrance,Point,low_value_category,"{""amenity"": ""parking_entrance""}"
RAL-03A,node,8567663939,,amenity,parking_entrance,Point,low_value_category,"{""amenity"": ""parking_entrance""}"
RAL-03A,node,8567663943,,amenity,parking_entrance,Point,low_value_category,"{""amenity"": ""parking_entrance""}"
RAL-03A,node,8567663945,,amenity,parking_entrance,Point,low_value_category,"{""amenity"": ""parking_entrance""}"
RAL-03A,node,8904134510,,amenity,mailroom,Point,unnamed_not_inherently_meaningful,"{""amenity"": ""mailroom""}"
RAL-03A,node,8904195056,,amenity,mailroom,Point,unnamed_not_inherently_meaningful,"{""amenity"": ""mailroom""}"
RAL-03A,node,10222153986,,tourism,information,Point,unnamed_not_inherently_meaningful,"{""information"": ""map"", ""tourism"": ""information""}"
RAL-03A,node,10222156049,,amenity,bench,Point,low_value_category,"{""amenity"": ""bench"", ""armrest"": ""yes"", ""backrest"": ""yes"", ""bench:type"": ""swing"", ""material"": ""wood""}"
RAL-03A,node,10222156052,,tourism,information,Point,unnamed_not_inherently_meaningful,"{""information"": ""map"", ""tourism"": ""information""}"
RAL-03A,node,11651137388,,amenity,bicycle_parking,Point,low_value_category,"{""amenity"": ""bicycle_parking"", ""bicycle_parking"": ""wall_loops"", ""capacity"": ""5"", ""covered"": ""no""}"
RAL-03A,node,11704631602,,amenity,bicycle_parking,Point,low_value_category,"{""amenity"": ""bicycle_parking"", ""bicycle_parking"": ""stands""}"
RAL-03A,node,11704631630,,amenity,bicycle_parking,Point,low_value_category,"{""amenity"": ""bicycle_parking"", ""bicycle_parking"": ""wave"", ""capacity"": ""28"", ""covered"": ""no"", ""fee"": ""no"", ""indoor"": ""no"", ""level"": ""0"", ""lit"": ""yes""}"
RAL-03A,node,12588787607,,amenity,recycling,Point,low_value_category,"{""amenity"": ""recycling"", ""colour"": ""yellow"", ""recycling:electrical_items"": ""yes"", ""recycling_type"": ""container""}"
RAL-03A,node,12588787613,,amenity,recycling,Point,low_value_category,"{""amenity"": ""recycling"", ""colour"": ""yellow"", ""recycling:electrical_items"": ""yes"", ""recycling_type"": ""container""}"
RAL-03A,node,12588787614,,amenity,recycling,Point,low_value_category,"{""amenity"": ""recycling"", ""colour"": ""yellow"", ""recycling:electrical_items"": ""yes"", ""recycling_type"": ""container""}"
RAL-03A,node,12588787615,,amenity,recycling,Point,low_value_category,"{""amenity"": ""recycling"", ""colour"": ""yellow"", ""recycling:electrical_items"": ""yes"", ""recycling_type"": ""container""}"
RAL-03A,node,12588787616,,amenity,recycling,Point,low_value_category,"{""amenity"": ""recycling"", ""colour"": ""yellow"", ""recycling:electrical_items"": ""yes"", ""recycling_type"": ""container""}"
RAL-03A,node,12652673293,Riparian Buffer,tourism,information,Point,retained:named_poi,"{""board_type"": ""nature"", ""information"": ""board"", ""name"": ""Riparian Buffer"", ""tourism"": ""information""}"
RAL-03A,node,12652680239,Non-Native Plants,tourism,information,Point,retained:named_poi,"{""board_type"": ""plants"", ""information"": ""board"", ""name"": ""Non-Native Plants"", ""tourism"": ""information""}"
RAL-03A,node,12652716637,,amenity,bench,Point,low_value_category,"{""amenity"": ""bench"", ""backrest"": ""no""}"
RAL-03A,node,13121271218,,amenity,waste_basket,Point,low_value_category,"{""amenity"": ""waste_basket"", ""covered"": ""yes"", ""indoor"": ""no"", ""material"": ""steel"", ""waste"": ""cigarettes;trash""}"
RAL-03A,node,13121271219,,amenity,recycling,Point,low_value_category,"{""amenity"": ""recycling"", ""covered"": ""yes"", ""indoor"": ""no"", ""recycling:cans"": ""yes"", ""recycling:paper"": ""yes"", ""recycling:plastic_bottles"": ""yes"", ""recycling_type"": ""container""}"
RAL-03A,node,13121271222,,amenity,waste_basket,Point,low_value_category,"{""amenity"": ""waste_basket"", ""covered"": ""no"", ""indoor"": ""no"", ""material"": ""steel"", ""waste"": ""trash""}"
RAL-03A,node,13121271223,,amenity,recycling,Point,low_value_category,"{""amenity"": ""recycling"", ""covered"": ""yes"", ""indoor"": ""no"", ""recycling:cans"": ""yes"", ""recycling:glass_bottles"": ""yes"", ""recycling:paper"": ""yes"", ""recycling:plastic_bottles"": ""yes"", ""recycling_type"": ""container""}"
RAL-03A,node,13121271224,,amenity,bench,Point,low_value_category,"{""amenity"": ""bench"", ""armrest"": ""yes"", ""backrest"": ""yes"", ""material"": ""wood""}"
RAL-03A,node,13121271225,,amenity,bench,Point,low_value_category,"{""amenity"": ""bench"", ""armrest"": ""yes"", ""backrest"": ""yes"", ""bench:type"": ""swing"", ""material"": ""wood""}"
RAL-03A,node,13121271226,,amenity,bench,Point,low_value_category,"{""amenity"": ""bench"", ""armrest"": ""yes"", ""backrest"": ""yes"", ""bench:type"": ""swing"", ""material"": ""wood""}"
RAL-03A,node,13121271227,,amenity,table,Point,unnamed_not_inherently_meaningful,"{""amenity"": ""table"", ""lit"": ""no"", ""material"": ""steel"", ""seats"": ""4""}"
RAL-03A,node,13121271228,,amenity,table,Point,unnamed_not_inherently_meaningful,"{""amenity"": ""table"", ""lit"": ""no"", ""material"": ""steel"", ""seats"": ""4""}"
RAL-03A,node,13121271229,,amenity,table,Point,unnamed_not_inherently_meaningful,"{""amenity"": ""table"", ""lit"": ""no"", ""material"": ""steel"", ""seats"": ""4""}"
RAL-03A,node,13121271230,,amenity,table,Point,unnamed_not_inherently_meaningful,"{""amenity"": ""table"", ""lit"": ""no"", ""material"": ""steel"", ""seats"": ""4""}"
RAL-03A,node,13121271231,,amenity,bbq,Point,unnamed_not_inherently_meaningful,"{""amenity"": ""bbq"", ""covered"": ""no"", ""fuel"": ""charcoal"", ""lit"": ""no""}"
RAL-03A,node,13121271232,,amenity,bbq,Point,unnamed_not_inherently_meaningful,"{""amenity"": ""bbq"", ""covered"": ""no"", ""fuel"": ""charcoal"", ""lit"": ""no""}"
RAL-03A,node,13121271233,,amenity,bench,Point,low_value_category,"{""amenity"": ""bench"", ""armrest"": ""yes"", ""backrest"": ""yes"", ""material"": ""wood""}"
RAL-03A,node,13239638240,,amenity,waste_basket,Point,low_value_category,"{""amenity"": ""waste_basket"", ""covered"": ""no"", ""indoor"": ""no"", ""material"": ""steel"", ""waste"": ""trash;organic""}"
RAL-03A,node,13239638248,,amenity,waste_basket,Point,low_value_category,"{""amenity"": ""waste_basket"", ""covered"": ""no"", ""indoor"": ""no"", ""material"": ""steel"", ""waste"": ""trash;organic""}"
RAL-03A,node,13239638249,,amenity,recycling,Point,low_value_category,"{""amenity"": ""recycling"", ""covered"": ""yes"", ""indoor"": ""no"", ""material"": ""steel"", ""recycling:cans"": ""yes"", ""recycling:glass_bottles"": ""yes"", ""recycling:plastic_bottles"": ""yes"", ""recycling_type"": ""container""}"
RAL-03A,node,13239638256,,amenity,recycling,Point,low_value_category,"{""amenity"": ""recycling"", ""covered"": ""no"", ""indoor"": ""no"", ""material"": ""steel"", ""recycling:cans"": ""yes"", ""recycling:glass_bottles"": ""yes"", ""recycling:plastic_bottles"": ""yes"", ""recycling_type"": ""container""}"
RAL-03A,node,13239638266,,amenity,bench,Point,low_value_category,"{""amenity"": ""bench"", ""armrest"": ""yes"", ""backrest"": ""yes"", ""bench:type"": ""swing"", ""lit"": ""no"", ""material"": ""metal""}"
RAL-03A,node,13239638267,,amenity,bench,Point,low_value_category,"{""amenity"": ""bench"", ""armrest"": ""yes"", ""backrest"": ""yes"", ""bench:type"": ""swing"", ""lit"": ""no"", ""material"": ""metal""}"
RAL-03A,node,13239638268,,amenity,waste_basket,Point,low_value_category,"{""amenity"": ""waste_basket"", ""covered"": ""yes"", ""indoor"": ""no"", ""material"": ""steel"", ""waste"": ""trash;organic;cigarettes""}"
RAL-03A,node,13239638270,,amenity,bench,Point,low_value_category,"{""amenity"": ""bench"", ""armrest"": ""yes"", ""backrest"": ""yes"", ""material"": ""wood""}"
RAL-03A,node,13239638271,,amenity,bench,Point,low_value_category,"{""amenity"": ""bench"", ""armrest"": ""yes"", ""backrest"": ""yes"", ""material"": ""wood""}"
RAL-03A,node,13239638272,,leisure,picnic_table,Point,low_value_category,"{""bench"": ""yes"", ""leisure"": ""picnic_table"", ""lit"": ""no"", ""material"": ""steel""}"
RAL-03A,node,13239638273,,leisure,picnic_table,Point,low_value_category,"{""bench"": ""yes"", ""leisure"": ""picnic_table"", ""lit"": ""no"", ""material"": ""steel""}"
RAL-03A,node,13239638274,,amenity,bbq,Point,unnamed_not_inherently_meaningful,"{""amenity"": ""bbq"", ""covered"": ""no"", ""fuel"": ""charcoal""}"
RAL-03A,node,13239638275,,amenity,bbq,Point,unnamed_not_inherently_meaningful,"{""amenity"": ""bbq"", ""covered"": ""no"", ""fuel"": ""charcoal""}"
RAL-03A,node,13239638282,,amenity,recycling,Point,low_value_category,"{""amenity"": ""recycling"", ""covered"": ""yes"", ""indoor"": ""no"", ""recycling:cans"": ""yes"", ""recycling:glass_bottles"": ""yes"", ""recycling:plastic_bottles"": ""yes"", ""recycling_type"": ""container""}"
RAL-03A,node,13250238883,,amenity,recycling,Point,low_value_category,"{""amenity"": ""recycling"", ""covered"": ""yes"", ""indoor"": ""no"", ""material"": ""plastic"", ""recycling:electrical_items"": ""yes"", ""recycling_type"": ""container""}"
RAL-03A,node,13250238885,,amenity,bicycle_parking,Point,low_value_category,"{""amenity"": ""bicycle_parking"", ""bicycle_parking"": ""safe_loops"", ""capacity"": ""36"", ""covered"": ""no"", ""fee"": ""no"", ""indoor"": ""no"", ""lit"": ""no""}"
RAL-03A,node,13250238887,,amenity,bicycle_parking,Point,low_value_category,"{""amenity"": ""bicycle_parking"", ""bicycle_parking"": ""safe_loops"", ""capacity"": ""24"", ""covered"": ""no"", ""fee"": ""no"", ""indoor"": ""no"", ""lit"": ""no""}"
RAL-03A,node,13250246627,,amenity,bicycle_repair_station,Point,low_value_category,"{""amenity"": ""bicycle_repair_station"", ""fee"": ""no"", ""service:bicycle:pump"": ""yes""}"
RAL-03A,node,13250246628,,amenity,bicycle_parking,Point,low_value_category,"{""amenity"": ""bicycle_parking"", ""bicycle_parking"": ""safe_loops"", ""capacity"": ""12"", ""covered"": ""no"", ""fee"": ""no"", ""indoor"": ""no"", ""level"": ""0""}"
RAL-03A,node,13256603648,,amenity,recycling,Point,low_value_category,"{""amenity"": ""recycling"", ""recycling_type"": ""container""}"
RAL-03A,node,13256603649,,amenity,waste_basket,Point,low_value_category,"{""amenity"": ""waste_basket"", ""material"": ""steel"", ""waste"": ""trash;cigarettes""}"
RAL-03A,node,13256603656,,amenity,bench,Point,low_value_category,"{""amenity"": ""bench"", ""armrest"": ""yes"", ""backrest"": ""yes"", ""material"": ""wood""}"
RAL-03A,node,13256603657,,amenity,bicycle_parking,Point,low_value_category,"{""amenity"": ""bicycle_parking"", ""bicycle_parking"": ""safe_loops"", ""capacity"": ""6"", ""covered"": ""no"", ""fee"": ""no"", ""indoor"": ""no"", ""lit"": ""yes""}"
RAL-03A,node,13256603658,,amenity,bicycle_parking,Point,low_value_category,"{""amenity"": ""bicycle_parking"", ""bicycle_parking"": ""safe_loops"", ""capacity"": ""6"", ""covered"": ""no"", ""fee"": ""no"", ""indoor"": ""no"", ""lit"": ""no""}"
RAL-03A,node,13256603660,,amenity,bicycle_parking,Point,low_value_category,"{""amenity"": ""bicycle_parking"", ""bicycle_parking"": ""safe_loops"", ""capacity"": ""6"", ""covered"": ""no"", ""fee"": ""no"", ""indoor"": ""no"", ""lit"": ""no""}"
RAL-03A,node,13256603661,,amenity,bicycle_parking,Point,low_value_category,"{""amenity"": ""bicycle_parking"", ""bicycle_parking"": ""safe_loops"", ""capacity"": ""6"", ""covered"": ""no"", ""fee"": ""no"", ""indoor"": ""no"", ""lit"": ""yes""}"
RAL-03A,node,13256603663,,amenity,bicycle_parking,Point,low_value_category,"{""amenity"": ""bicycle_parking"", ""bicycle_parking"": ""safe_loops"", ""capacity"": ""6"", ""covered"": ""no"", ""fee"": ""no"", ""indoor"": ""no"", ""lit"": ""no""}"
RAL-03A,node,13256603664,,amenity,bicycle_parking,Point,low_value_category,"{""amenity"": ""bicycle_parking"", ""bicycle_parking"": ""safe_loops"", ""capacity"": ""6"", ""covered"": ""no"", ""fee"": ""no"", ""indoor"": ""no"", ""lit"": ""no""}"
RAL-03A,node,13256603667,,amenity,bicycle_parking,Point,low_value_category,"{""amenity"": ""bicycle_parking"", ""bicycle_parking"": ""safe_loops"", ""capacity"": ""6"", ""covered"": ""no"", ""fee"": ""no"", ""indoor"": ""no""}"
RAL-03A,node,13256603668,,amenity,bicycle_parking,Point,low_value_category,"{""amenity"": ""bicycle_parking"", ""bicycle_parking"": ""safe_loops"", ""capacity"": ""6"", ""covered"": ""no"", ""fee"": ""no"", ""indoor"": ""no""}"
RAL-03A,node,13256603671,,amenity,bicycle_parking,Point,low_value_category,"{""amenity"": ""bicycle_parking"", ""bicycle_parking"": ""safe_loops"", ""capacity"": ""12"", ""covered"": ""no"", ""fee"": ""no"", ""indoor"": ""no""}"
RAL-03A,node,13256603674,Wolf Village Market,shop,convenience,Point,retained:named_poi,"{""addr:floor"": ""G"", ""addr:housenumber"": ""2740"", ""addr:street"": ""Wolf Village Way"", ""check_date"": ""2025-10-25"", ""level"": ""0"", ""name"": ""Wolf Village Market"", ""opening_hours"": ""Mo-Fr 16:00-23:00; Sa-Su 13:00-23:00"", ""shop"": ""convenience"", ""website"": ""https://dining.ncsu.edu/location/wolf-village-market/""}"
RAL-03A,node,13256603675,,amenity,waste_basket,Point,low_value_category,"{""amenity"": ""waste_basket"", ""material"": ""steel"", ""waste"": ""trash;cigarettes""}"
RAL-03A,node,13256603676,,amenity,recycling,Point,low_value_category,"{""amenity"": ""recycling"", ""recycling_type"": ""container""}"
RAL-03A,node,13256603677,,amenity,bicycle_parking,Point,low_value_category,"{""amenity"": ""bicycle_parking"", ""bicycle_parking"": ""wave"", ""capacity"": ""12"", ""covered"": ""no"", ""fee"": ""no""}"
RAL-03A,node,13256603684,,amenity,bench,Point,low_value_category,"{""amenity"": ""bench"", ""armrest"": ""yes"", ""backrest"": ""yes"", ""material"": ""wood""}"
RAL-03A,node,13256603690,,amenity,bench,Point,low_value_category,"{""amenity"": ""bench"", ""armrest"": ""yes"", ""backrest"": ""yes"", ""material"": ""wood""}"
RAL-03A,node,13256603698,,amenity,recycling,Point,low_value_category,"{""amenity"": ""recycling"", ""recycling_type"": ""container""}"
RAL-03A,node,13256603699,,amenity,waste_basket,Point,low_value_category,"{""amenity"": ""waste_basket"", ""material"": ""steel"", ""waste"": ""trash;cigarettes""}"
RAL-03A,node,13256625903,,amenity,bench,Point,low_value_category,"{""amenity"": ""bench"", ""armrest"": ""yes"", ""backrest"": ""yes"", ""material"": ""wood""}"
RAL-03A,node,13256625904,,amenity,bench,Point,low_value_category,"{""amenity"": ""bench"", ""armrest"": ""yes"", ""backrest"": ""yes"", ""material"": ""wood""}"
RAL-03A,node,13256625908,,amenity,recycling,Point,low_value_category,"{""amenity"": ""recycling"", ""colour"": ""yellow"", ""material"": ""plastic"", ""recycling:electrical_items"": ""yes"", ""recycling_type"": ""container""}"
RAL-03A,node,13256625911,,amenity,bicycle_parking,Point,low_value_category,"{""amenity"": ""bicycle_parking"", ""bicycle_parking"": ""wave"", ""capacity"": ""8"", ""covered"": ""no"", ""fee"": ""no"", ""lit"": ""yes""}"
RAL-03A,node,13256625916,,amenity,waste_basket,Point,low_value_category,"{""amenity"": ""waste_basket"", ""material"": ""steel"", ""waste"": ""trash;cigarettes""}"
RAL-03A,node,13256625917,,amenity,recycling,Point,low_value_category,"{""amenity"": ""recycling"", ""recycling_type"": ""container""}"
RAL-03A,node,13256625924,,amenity,bicycle_parking,Point,low_value_category,"{""amenity"": ""bicycle_parking"", ""bicycle_parking"": ""safe_loops"", ""capacity"": ""12"", ""covered"": ""no"", ""fee"": ""no""}"
RAL-03A,node,13256625925,,amenity,bench,Point,low_value_category,"{""amenity"": ""bench"", ""armrest"": ""yes"", ""backrest"": ""yes"", ""material"": ""wood""}"
RAL-03A,node,13256625929,,amenity,bench,Point,low_value_category,"{""amenity"": ""bench"", ""armrest"": ""yes"", ""backrest"": ""yes"", ""material"": ""wood""}"
RAL-03A,node,13256625932,,amenity,bench,Point,low_value_category,"{""amenity"": ""bench"", ""armrest"": ""yes"", ""backrest"": ""yes"", ""material"": ""wood""}"
RAL-03A,node,13256625934,,amenity,bench,Point,low_value_category,"{""amenity"": ""bench"", ""armrest"": ""yes"", ""backrest"": ""yes"", ""material"": ""wood""}"
RAL-03A,node,13256625937,,amenity,waste_basket,Point,low_value_category,"{""amenity"": ""waste_basket"", ""material"": ""steel"", ""waste"": ""trash;cigarettes""}"
RAL-03A,node,13256625938,,amenity,recycling,Point,low_value_category,"{""amenity"": ""recycling"", ""recycling_type"": ""container""}"
RAL-03A,node,13256625947,,amenity,bicycle_parking,Point,low_value_category,"{""amenity"": ""bicycle_parking"", ""bicycle_parking"": ""safe_loops"", ""capacity"": ""7"", ""covered"": ""no"", ""fee"": ""no""}"
RAL-03A,node,13325136641,,amenity,recycling,Point,low_value_category,"{""amenity"": ""recycling"", ""recycling:cans"": ""yes"", ""recycling:cardboard"": ""yes"", ""recycling:glass"": ""yes"", ""recycling:glass_bottles"": ""yes"", ""recycling:paper"": ""yes"", ""recycling:plastic_bottles"": ""yes"", ""recycling_type"": ""container""}"
RAL-03A,node,13325136642,,amenity,recycling,Point,low_value_category,"{""amenity"": ""recycling"", ""recycling:green_waste"": ""yes"", ""recycling_type"": ""container""}"
RAL-03A,node,13325136643,,amenity,recycling,Point,low_value_category,"{""amenity"": ""recycling"", ""recycling:cans"": ""yes"", ""recycling:plastic_bottles"": ""yes"", ""recycling_type"": ""container""}"
RAL-03A,node,13325136644,,amenity,waste_basket,Point,low_value_category,"{""amenity"": ""waste_basket"", ""material"": ""steel"", ""waste"": ""trash""}"
RAL-03A,node,13325136646,,amenity,recycling,Point,low_value_category,"{""amenity"": ""recycling"", ""colour"": ""yellow"", ""material"": ""plastic"", ""recycling:electrical_items"": ""yes"", ""recycling_type"": ""container""}"
RAL-03A,node,13325136647,,amenity,recycling,Point,low_value_category,"{""amenity"": ""recycling"", ""recycling:cans"": ""yes"", ""recycling:cardboard"": ""yes"", ""recycling:glass"": ""yes"", ""recycling:glass_bottles"": ""yes"", ""recycling:paper"": ""yes"", ""recycling:plastic"": ""yes"", ""recycling:plastic_bottles"": ""yes"", ""recycling_type"": ""container""}"
RAL-03A,node,13325136648,,amenity,recycling,Point,low_value_category,"{""amenity"": ""recycling"", ""recycling:cans"": ""yes"", ""recycling:cardboard"": ""yes"", ""recycling:glass"": ""yes"", ""recycling:glass_bottles"": ""yes"", ""recycling:paper"": ""yes"", ""recycling:plastic"": ""yes"", ""recycling:plastic_bottles"": ""yes"", ""recycling_type"": ""container""}"
RAL-03A,node,13325136655,,amenity,recycling,Point,low_value_category,"{""amenity"": ""recycling"", ""recycling:cans"": ""yes"", ""recycling:plastic_bottles"": ""yes"", ""recycling_type"": ""container""}"
RAL-03A,node,13325136656,,amenity,waste_basket,Point,low_value_category,"{""amenity"": ""waste_basket"", ""material"": ""steel"", ""waste"": ""trash""}"
RAL-03A,node,13325136658,,amenity,shelter,Point,low_value_category,"{""amenity"": ""shelter"", ""bench"": ""yes""}"
RAL-03A,node,13325136659,SOL Garden,leisure,garden,Point,retained:named_poi,"{""email"": ""solgarden-org@ncsu.edu"", ""garden:type"": ""community"", ""leisure"": ""garden"", ""name"": ""SOL Garden"", ""website"": ""https://docs.google.com/document/d/1wo8vHXhGCCI70m8lYSPIQ0vD_wounlsHlBFWZvnfEK8/edit?usp=sharing""}"
RAL-03A,node,13325136663,,amenity,shelter,Point,low_value_category,"{""amenity"": ""shelter"", ""shelter_type"": ""picnic_shelter""}"
RAL-03A,node,13325136664,,amenity,waste_basket,Point,low_value_category,"{""amenity"": ""waste_basket"", ""material"": ""steel"", ""waste"": ""trash""}"
RAL-03A,node,13325136665,,amenity,recycling,Point,low_value_category,"{""amenity"": ""recycling"", ""recycling:cans"": ""yes"", ""recycling:plastic_bottles"": ""yes"", ""recycling_type"": ""container""}"
RAL-03A,node,13325136671,,amenity,bicycle_parking,Point,low_value_category,"{""amenity"": ""bicycle_parking"", ""bicycle_parking"": ""loops"", ""capacity"": ""1"", ""covered"": ""no"", ""fee"": ""no""}"
RAL-03A,node,13325136673,,amenity,shelter,Point,low_value_category,"{""amenity"": ""shelter""}"
RAL-03A,node,13404753006,,amenity,bicycle_repair_station,Point,low_value_category,"{""amenity"": ""bicycle_repair_station""}"
RAL-03A,node,13404753007,,amenity,bicycle_parking,Point,low_value_category,"{""amenity"": ""bicycle_parking"", ""bicycle_parking"": ""stands""}"
RAL-03A,node,13448120889,,amenity,waste_basket,Point,low_value_category,"{""amenity"": ""waste_basket"", ""covered"": ""no"", ""indoor"": ""no"", ""material"": ""steel"", ""waste"": ""trash""}"
RAL-03A,node,13448120890,,amenity,recycling,Point,low_value_category,"{""amenity"": ""recycling"", ""covered"": ""yes"", ""indoor"": ""no"", ""material"": ""steel"", ""recycling:cans"": ""yes"", ""recycling:glass_bottles"": ""yes"", ""recycling:plastic_bottles"": ""yes"", ""recycling_type"": ""container""}"
RAL-03A,node,14214327186,NC State Crafts Center,amenity,arts_centre,Point,retained:named_poi,"{""addr:city"": ""Raleigh"", ""addr:housenumber"": ""210"", ""addr:postcode"": ""27606"", ""addr:state"": ""NC"", ""addr:street"": ""Jensen Drive"", ""amenity"": ""arts_centre"", ""name"": ""NC State Crafts Center"", ""website"": ""https://crafts.arts.ncsu.edu/""}"
RAL-03A,node,14214327187,NC State University Theatre,amenity,theatre,Point,retained:named_poi,"{""addr:housenumber"": ""2610"", ""addr:street"": ""Cates Avenue"", ""amenity"": ""theatre"", ""name"": ""NC State University Theatre"", ""website"": ""https://theatre.arts.ncsu.edu/""}"
RAL-03A,node,14215021908,David Thompson Statue,tourism,artwork,Point,retained:named_poi,"{""artwork_type"": ""statue"", ""material"": ""metal"", ""name"": ""David Thompson Statue"", ""tourism"": ""artwork""}"
RAL-03A,way,33069206,Coliseum Parking Deck,amenity,parking,Polygon,low_value_category,"{""access"": ""yes"", ""addr:city"": ""Raleigh"", ""addr:housenumber"": ""201"", ""addr:postcode"": ""27607"", ""addr:state"": ""NC"", ""addr:street"": ""Jeter Drive"", ""amenity"": ""parking"", ""building"": ""yes"", ""fee"": ""yes"", ""name"": ""Coliseum Parking Deck"", ""opening_hours"": ""North Carolina State University"", ""operator"": ""North Carolina"", ""operator:type"": ""university"", ""parking"": ""multi-storey""}"
RAL-03A,way,33076658,Weisiger Brown Athletic Facility,leisure,sports_centre,Polygon,retained:named_poi,"{""addr:city"": ""Raleigh"", ""addr:housenumber"": ""2500"", ""addr:state"": ""NC"", ""addr:street"": ""Warren Carroll Drive"", ""building"": ""university"", ""ele"": ""116"", ""leisure"": ""sports_centre"", ""name"": ""Weisiger Brown Athletic Facility"", ""opening_hours"": ""Mo-Fr 08:00-17:00""}"
RAL-03A,way,33077427,Doak Field,leisure,pitch,Polygon,retained:named_poi,"{""leisure"": ""pitch"", ""name"": ""Doak Field"", ""sport"": ""baseball"", ""wikidata"": ""Q5286467"", ""wikipedia"": ""en:Doak Field""}"
RAL-03A,way,47692846,Public Safety Center,,,Polygon,no_target_tag,"{""addr:housenumber"": ""2610"", ""addr:state"": ""NC"", ""addr:street"": ""Wolf Village Way"", ""building"": ""yes"", ""name"": ""Public Safety Center"", ""source"": ""WakeGIS""}"
RAL-03A,way,47714141,Carmichael Gymnasium,,,Polygon,no_target_tag,"{""addr:city"": ""Raleigh"", ""addr:postcode"": ""27606"", ""addr:state"": ""NC"", ""building"": ""yes"", ""building:levels"": ""3"", ""building:use"": ""commercial"", ""ele"": ""105"", ""name"": ""Carmichael Gymnasium"", ""source"": ""USGS Geonames""}"
RAL-03A,way,47837907,Case Academic Center,leisure,sports_centre,Polygon,retained:named_poi,"{""addr:city"": ""Raleigh"", ""addr:state"": ""NC"", ""building"": ""yes"", ""building:use"": ""commercial"", ""ele"": ""109"", ""leisure"": ""sports_centre"", ""name"": ""Case Academic Center"", ""source"": ""USGS Geonames""}"
RAL-03A,way,47837910,Thompson Hall,amenity,theatre,Polygon,retained:named_poi,"{""addr:city"": ""Raleigh"", ""addr:housenumber"": ""2241"", ""addr:postcode"": ""27607"", ""addr:state"": ""NC"", ""addr:street"": ""Dunn Avenue"", ""amenity"": ""theatre"", ""building"": ""yes"", ""building:use"": ""commercial"", ""name"": ""Thompson Hall"", ""source"": ""WakeGIS""}"
RAL-03A,way,47917752,Student Health Center,healthcare,doctor,Polygon,retained:named_poi,"{""addr:city"": ""Raleigh"", ""addr:housenumber"": ""2815"", ""addr:postcode"": ""27607"", ""addr:state"": ""NC"", ""addr:street"": ""Cates Avenue"", ""amenity"": ""doctors"", ""building"": ""yes"", ""building:use"": ""commercial"", ""fax"": ""+1-888-972-4151"", ""healthcare"": ""doctor"", ""name"": ""Student Health Center"", ""opening_hours"": ""Mo,We-Fr 08:00-17:00; Tu 09:00-17:00; Sa 09:00-12:00"", ""phone"": ""+1-919-515-2563"", ""source"": ""WakeGIS""}"
RAL-03A,way,47917962,Fountain Dining Hall,amenity,restaurant,Polygon,retained:named_poi,"{""addr:city"": ""Raleigh"", ""addr:housenumber"": ""2520"", ""addr:postcode"": ""27607"", ""addr:state"": ""NC"", ""addr:street"": ""Sullivan Drive"", ""amenity"": ""restaurant"", ""building"": ""yes"", ""building:levels"": ""1"", ""building:material"": ""brick"", ""building:use"": ""commercial"", ""check_date"": ""2025-11-22"", ""name"": ""Fountain Dining Hall"", ""opening_hours"": ""Mo-Fr 07:00-21:00; Sa-Su 09:00-21:00; SH off"", ""payment:cash"": ""yes"", ""payment:credit_cards"": ""yes"", ""payment:debit_cards"": ""yes"", ""source"": ""WakeGIS"", ""website"": ""https://dining.ncsu.edu/location/fountain/""}"
RAL-03A,way,47948195,Price Music Center,amenity,arts_centre,Polygon,retained:named_poi,"{""addr:city"": ""Raleigh"", ""addr:housenumber"": ""2620"", ""addr:postcode"": ""27607"", ""addr:state"": ""NC"", ""addr:street"": ""Cates Avenue"", ""amenity"": ""arts_centre"", ""building"": ""yes"", ""building:use"": ""commercial"", ""ele"": ""112"", ""name"": ""Price Music Center"", ""source"": ""USGS Geonames""}"
RAL-03A,way,80565483,Tucker-Owen Beach,leisure,pitch,Polygon,retained:named_poi,"{""leisure"": ""pitch"", ""name"": ""Tucker-Owen Beach"", ""sport"": ""beachvolleyball"", ""surface"": ""sand""}"
RAL-03A,way,98673119,Lower Miller Field,leisure,pitch,Polygon,retained:named_poi,"{""leisure"": ""pitch"", ""lit"": ""yes"", ""name"": ""Lower Miller Field"", ""sport"": ""soccer"", ""surface"": ""grass""}"
RAL-03A,way,113533636,,amenity,parking,Polygon,low_value_category,"{""access"": ""private"", ""amenity"": ""parking"", ""parking"": ""surface""}"
RAL-03A,way,113533637,,amenity,parking,Polygon,low_value_category,"{""access"": ""private"", ""amenity"": ""parking"", ""parking"": ""surface""}"
RAL-03A,way,113533641,,amenity,parking,Polygon,low_value_category,"{""access"": ""private"", ""amenity"": ""parking"", ""parking"": ""surface""}"
RAL-03A,way,113533647,,amenity,parking,Polygon,low_value_category,"{""access"": ""private"", ""amenity"": ""parking"", ""layer"": ""-1"", ""parking"": ""underground""}"
RAL-03A,way,113533648,,amenity,parking,Polygon,low_value_category,"{""access"": ""private"", ""amenity"": ""parking"", ""parking"": ""surface""}"
RAL-03A,way,113533657,,amenity,parking,Polygon,low_value_category,"{""access"": ""private"", ""amenity"": ""parking"", ""parking"": ""surface""}"
RAL-03A,way,113533670,,amenity,parking,Polygon,low_value_category,"{""access"": ""private"", ""amenity"": ""parking"", ""parking"": ""surface"", ""surface"": ""asphalt""}"
RAL-03A,way,133114595,Dail Softball Stadium,leisure,pitch,Polygon,retained:named_poi,"{""leisure"": ""pitch"", ""name"": ""Dail Softball Stadium"", ""sport"": ""baseball""}"
RAL-03A,way,175679899,Student Services Lot,amenity,parking,Polygon,low_value_category,"{""access"": ""private"", ""amenity"": ""parking"", ""name"": ""Student Services Lot"", ""parking"": ""surface"", ""surface"": ""asphalt""}"
RAL-03A,way,228077585,,amenity,parking,Polygon,low_value_category,"{""access"": ""private"", ""amenity"": ""parking"", ""parking"": ""surface""}"
RAL-03A,way,230124004,,amenity,parking,Polygon,low_value_category,"{""access"": ""private"", ""amenity"": ""parking"", ""parking"": ""surface""}"
RAL-03A,way,234727995,Upper Miller Field,leisure,pitch,Polygon,retained:named_poi,"{""leisure"": ""pitch"", ""name"": ""Upper Miller Field"", ""sport"": ""soccer"", ""surface"": ""artificial_turf""}"
RAL-03A,way,234850946,North Carolina State University,amenity,parking,Polygon,low_value_category,"{""access"": ""yes"", ""amenity"": ""parking"", ""capacity"": ""31"", ""fee"": ""no"", ""fee:conditional"": ""yes @ (Mo-Fr 07:00-17:00)"", ""operator"": ""North Carolina State University"", ""parking"": ""surface""}"
RAL-03A,way,235062453,,amenity,parking,Polygon,low_value_category,"{""access"": ""private"", ""amenity"": ""parking"", ""parking"": ""surface""}"
RAL-03A,way,235063028,,amenity,parking,Polygon,low_value_category,"{""access"": ""private"", ""amenity"": ""parking"", ""parking"": ""surface"", ""surface"": ""asphalt""}"
RAL-03A,way,236316164,,amenity,parking,Polygon,representative_point_outside_region,"{""access"": ""private"", ""amenity"": ""parking"", ""parking"": ""surface""}"
RAL-03A,way,236316740,,amenity,parking,Polygon,representative_point_outside_region,"{""access"": ""private"", ""amenity"": ""parking"", ""parking"": ""surface""}"
RAL-03A,way,236316741,,amenity,parking,Polygon,low_value_category,"{""access"": ""private"", ""amenity"": ""parking"", ""parking"": ""surface""}"
RAL-03A,way,237969294,,amenity,parking,Polygon,representative_point_outside_region,"{""amenity"": ""parking"", ""parking"": ""surface""}"
RAL-03A,way,237969295,,amenity,parking,Polygon,low_value_category,"{""access"": ""private"", ""amenity"": ""parking"", ""parking"": ""surface""}"
RAL-03A,way,237969297,,amenity,parking,Polygon,low_value_category,"{""amenity"": ""parking"", ""parking"": ""surface"", ""surface"": ""asphalt""}"
RAL-03A,way,238490956,Dail Soccer Field,leisure,pitch,Polygon,retained:named_poi,"{""leisure"": ""pitch"", ""lit"": ""yes"", ""name"": ""Dail Soccer Field"", ""sport"": ""soccer"", ""surface"": ""grass""}"
RAL-03A,way,238493964,Carmichael Gymnasium,leisure,sports_centre,Polygon,retained:named_poi,"{""addr:city"": ""Raleigh"", ""addr:postcode"": ""27606"", ""addr:state"": ""NC"", ""building"": ""yes"", ""building:levels"": ""2"", ""building:use"": ""commercial"", ""ele"": ""105"", ""leisure"": ""sports_centre"", ""name"": ""Carmichael Gymnasium"", ""source"": ""USGS Geonames""}"
RAL-03A,way,238493965,Carmichael Gymnasium,leisure,sports_centre,Polygon,retained:named_poi,"{""addr:state"": ""NC"", ""building"": ""yes"", ""building:use"": ""commercial"", ""ele"": ""105"", ""leisure"": ""sports_centre"", ""name"": ""Carmichael Gymnasium"", ""source"": ""USGS Geonames""}"
RAL-03A,way,238494315,Carmichael Recreation Center,leisure,sports_centre,Polygon,retained:named_poi,"{""addr:city"": ""Raleigh"", ""addr:postcode"": ""27606"", ""addr:state"": ""NC"", ""building"": ""yes"", ""building:levels"": ""3"", ""ele"": ""105"", ""leisure"": ""sports_centre"", ""name"": ""Carmichael Recreation Center"", ""opening_hours"": ""Mo-Th 06:00-23:00; Fr 06:00-21:00; Sa 09:00-19:00; Su 10:00-23:00"", ""opening_hours:url"": ""https://wellrec.dasa.ncsu.edu/facilities/facilities-hours/"", ""source"": ""USGS Geonames""}"
RAL-03A,way,239913307,Lee Field,leisure,park,Polygon,retained:named_poi,"{""ele"": ""120"", ""leisure"": ""park"", ""name"": ""Lee Field""}"
RAL-03A,way,239913549,,leisure,pitch,Polygon,unnamed_pitch,"{""access"": ""customers"", ""hoops"": ""8"", ""leisure"": ""pitch"", ""lit"": ""yes"", ""sport"": ""basketball"", ""surface"": ""concrete""}"
RAL-03A,way,239913679,,leisure,pitch,Polygon,unnamed_pitch,"{""leisure"": ""pitch"", ""sport"": ""beachvolleyball"", ""surface"": ""sand""}"
RAL-03A,way,263277712,,amenity,parking,Polygon,low_value_category,"{""access"": ""private"", ""amenity"": ""parking"", ""parking"": ""surface""}"
RAL-03A,way,263277713,,amenity,parking,Polygon,low_value_category,"{""access"": ""private"", ""amenity"": ""parking"", ""parking"": ""surface""}"
RAL-03A,way,263277714,,amenity,parking,Polygon,low_value_category,"{""access"": ""private"", ""addr:city"": ""Raleigh"", ""addr:state"": ""NC"", ""amenity"": ""parking"", ""fee"": ""yes"", ""park_ride"": ""no"", ""parking"": ""surface""}"
RAL-03A,way,263277715,,amenity,parking,Polygon,low_value_category,"{""access"": ""private"", ""amenity"": ""parking"", ""parking"": ""surface""}"
RAL-03A,way,263283524,,amenity,parking,Polygon,low_value_category,"{""access"": ""private"", ""amenity"": ""parking"", ""parking"": ""surface""}"
RAL-03A,way,263283526,,amenity,parking,Polygon,low_value_category,"{""access"": ""customers"", ""amenity"": ""parking"", ""parking"": ""surface""}"
RAL-03A,way,266857786,,amenity,parking,Polygon,low_value_category,"{""access"": ""private"", ""amenity"": ""parking"", ""parking"": ""surface""}"
RAL-03A,way,297307412,Wolf Plaza,leisure,park,Polygon,retained:named_poi,"{""leisure"": ""park"", ""lit"": ""yes"", ""name"": ""Wolf Plaza"", ""surface"": ""brick""}"
RAL-03A,way,297566348,,amenity,parking,Polygon,low_value_category,"{""access"": ""private"", ""amenity"": ""parking"", ""parking"": ""surface"", ""surface"": ""asphalt""}"
RAL-03A,way,297781982,,amenity,parking,Polygon,low_value_category,"{""access"": ""private"", ""amenity"": ""parking"", ""parking"": ""surface""}"
RAL-03A,way,297782801,,amenity,parking,Polygon,low_value_category,"{""access"": ""private"", ""amenity"": ""parking"", ""parking"": ""surface""}"
RAL-03A,way,297784787,West Lot Parking Deck,amenity,parking,Polygon,low_value_category,"{""access"": ""private"", ""amenity"": ""parking"", ""building"": ""parking"", ""name"": ""West Lot Parking Deck"", ""parking"": ""multi-storey""}"
RAL-03A,way,297786358,North Carolina State University,amenity,parking,Polygon,low_value_category,"{""access"": ""yes"", ""amenity"": ""parking"", ""fee"": ""no"", ""fee:conditional"": ""yes @ (Mo-Fr 07:00-17:00)"", ""operator"": ""North Carolina State University"", ""parking"": ""surface""}"
RAL-03A,way,297786359,,amenity,parking,Polygon,low_value_category,"{""access"": ""private"", ""amenity"": ""parking"", ""parking"": ""surface""}"
RAL-03A,way,299589315,,amenity,parking,Polygon,low_value_category,"{""access"": ""private"", ""amenity"": ""parking"", ""parking"": ""surface""}"
RAL-03A,way,352180420,,amenity,parking,Polygon,low_value_category,"{""access"": ""private"", ""amenity"": ""parking"", ""parking"": ""surface"", ""surface"": ""asphalt""}"
RAL-03A,way,386408142,Method Soccer Field,leisure,pitch,Polygon,retained:named_poi,"{""leisure"": ""pitch"", ""name"": ""Method Soccer Field"", ""sport"": ""soccer""}"
RAL-03A,way,386408143,Method Soccer Field,leisure,pitch,Polygon,retained:named_poi,"{""leisure"": ""pitch"", ""name"": ""Method Soccer Field"", ""sport"": ""soccer""}"
RAL-03A,way,413134503,,amenity,parking,Polygon,low_value_category,"{""access"": ""private"", ""amenity"": ""parking"", ""parking"": ""surface""}"
RAL-03A,way,461320208,North Carolina State University Central Campus,amenity,university,Polygon,retained:named_poi,"{""amenity"": ""university"", ""name"": ""North Carolina State University Central Campus""}"
RAL-03A,way,468521308,Tri-Towers Common Area,leisure,park,Polygon,retained:named_poi,"{""landuse"": ""recreation_ground"", ""leisure"": ""park"", ""name"": ""Tri-Towers Common Area""}"
RAL-03A,way,503259478,Wolf Vilage Volleyball Courts,leisure,pitch,Polygon,retained:named_poi,"{""leisure"": ""pitch"", ""lit"": ""no"", ""name"": ""Wolf Vilage Volleyball Courts"", ""sport"": ""beachvolleyball"", ""surface"": ""sand""}"
RAL-03A,way,503260270,,amenity,shelter,Polygon,low_value_category,"{""amenity"": ""shelter"", ""bench"": ""yes"", ""bin"": ""yes"", ""lit"": ""yes"", ""lockable"": ""no"", ""shelter_type"": ""gazebo""}"
RAL-03A,way,506069040,,leisure,pitch,Polygon,unnamed_pitch,"{""leisure"": ""pitch"", ""sport"": ""tennis""}"
RAL-03A,way,506069041,,leisure,pitch,Polygon,unnamed_pitch,"{""leisure"": ""pitch"", ""sport"": ""tennis""}"
RAL-03A,way,506069042,,leisure,pitch,Polygon,unnamed_pitch,"{""leisure"": ""pitch"", ""sport"": ""tennis""}"
RAL-03A,way,506069043,,leisure,pitch,Polygon,unnamed_pitch,"{""leisure"": ""pitch"", ""sport"": ""tennis""}"
RAL-03A,way,506069044,,leisure,pitch,Polygon,unnamed_pitch,"{""leisure"": ""pitch"", ""sport"": ""tennis""}"
RAL-03A,way,506069045,,leisure,pitch,Polygon,unnamed_pitch,"{""leisure"": ""pitch"", ""sport"": ""tennis""}"
RAL-03A,way,506069046,,leisure,pitch,Polygon,unnamed_pitch,"{""leisure"": ""pitch"", ""sport"": ""tennis""}"
RAL-03A,way,506070867,,amenity,parking,Polygon,low_value_category,"{""access"": ""private"", ""amenity"": ""parking"", ""parking"": ""surface""}"
RAL-03A,way,506070870,,amenity,parking,Polygon,low_value_category,"{""access"": ""private"", ""amenity"": ""parking"", ""parking"": ""surface""}"
RAL-03A,way,506071967,,amenity,parking,Polygon,low_value_category,"{""amenity"": ""parking"", ""parking"": ""surface""}"
RAL-03A,way,506071968,,amenity,parking,Polygon,low_value_category,"{""amenity"": ""parking"", ""parking"": ""surface""}"
RAL-03A,way,506071969,,amenity,parking,Polygon,low_value_category,"{""access"": ""private"", ""amenity"": ""parking"", ""parking"": ""surface""}"
RAL-03A,way,555447298,Parents Park,leisure,park,Polygon,retained:named_poi,"{""description"": ""This beautifully landscaped area is adjacent to Lee Residence Hall."", ""landuse"": ""recreation_ground"", ""leisure"": ""park"", ""name"": ""Parents Park""}"
RAL-03A,way,578649946,Stafford Commons,leisure,park,Polygon,retained:named_poi,"{""leisure"": ""park"", ""name"": ""Stafford Commons""}"
RAL-03A,way,581086404,,leisure,pitch,Polygon,unnamed_pitch,"{""leisure"": ""pitch"", ""lit"": ""yes"", ""sport"": ""tennis""}"
RAL-03A,way,581086405,,leisure,pitch,Polygon,unnamed_pitch,"{""leisure"": ""pitch"", ""lit"": ""yes"", ""sport"": ""tennis""}"
RAL-03A,way,581086406,,leisure,pitch,Polygon,unnamed_pitch,"{""leisure"": ""pitch"", ""lit"": ""yes"", ""sport"": ""tennis""}"
RAL-03A,way,581086407,,leisure,pitch,Polygon,unnamed_pitch,"{""leisure"": ""pitch"", ""lit"": ""yes"", ""sport"": ""tennis""}"
RAL-03A,way,581086408,,leisure,pitch,Polygon,unnamed_pitch,"{""leisure"": ""pitch"", ""lit"": ""yes"", ""sport"": ""tennis""}"
RAL-03A,way,581086409,,leisure,pitch,Polygon,unnamed_pitch,"{""leisure"": ""pitch"", ""lit"": ""yes"", ""sport"": ""tennis""}"
RAL-03A,way,581086410,,leisure,pitch,Polygon,unnamed_pitch,"{""leisure"": ""pitch"", ""lit"": ""yes"", ""sport"": ""tennis""}"
RAL-03A,way,581086411,,leisure,pitch,Polygon,unnamed_pitch,"{""leisure"": ""pitch"", ""lit"": ""yes"", ""sport"": ""tennis""}"
RAL-03A,way,581086412,,leisure,pitch,Polygon,unnamed_pitch,"{""leisure"": ""pitch"", ""lit"": ""yes"", ""sport"": ""tennis""}"
RAL-03A,way,581086413,,leisure,pitch,Polygon,unnamed_pitch,"{""leisure"": ""pitch"", ""lit"": ""yes"", ""sport"": ""tennis""}"
RAL-03A,way,581086414,,leisure,pitch,Polygon,unnamed_pitch,"{""leisure"": ""pitch"", ""lit"": ""yes"", ""sport"": ""tennis""}"
RAL-03A,way,581086415,,leisure,pitch,Polygon,unnamed_pitch,"{""leisure"": ""pitch"", ""lit"": ""yes"", ""sport"": ""tennis""}"
RAL-03A,way,596700731,,leisure,pitch,Polygon,unnamed_pitch,"{""leisure"": ""pitch"", ""sport"": ""volleyball""}"
RAL-03A,way,628853992,,amenity,parking,Polygon,low_value_category,"{""amenity"": ""parking"", ""parking"": ""surface""}"
RAL-03A,way,628853993,,amenity,parking,Polygon,low_value_category,"{""amenity"": ""parking"", ""parking"": ""surface""}"
RAL-03A,way,628853996,,amenity,parking,Polygon,low_value_category,"{""amenity"": ""parking"", ""parking"": ""surface""}"
RAL-03A,way,629122407,,amenity,parking,Polygon,low_value_category,"{""amenity"": ""parking"", ""parking"": ""surface""}"
RAL-03A,way,629122408,,amenity,parking,Polygon,low_value_category,"{""access"": ""private"", ""amenity"": ""parking"", ""parking"": ""surface""}"
RAL-03A,way,629122426,,amenity,parking,Polygon,low_value_category,"{""access"": ""private"", ""amenity"": ""parking"", ""parking"": ""surface""}"
RAL-03A,way,629122427,,amenity,parking,Polygon,low_value_category,"{""access"": ""private"", ""amenity"": ""parking"", ""parking"": ""surface""}"
RAL-03A,way,629246607,,amenity,parking,Polygon,low_value_category,"{""amenity"": ""parking"", ""parking"": ""street_side""}"
RAL-03A,way,629246608,,amenity,parking,Polygon,low_value_category,"{""amenity"": ""parking"", ""parking"": ""surface""}"
RAL-03A,way,629246610,,amenity,parking,Polygon,low_value_category,"{""amenity"": ""parking"", ""parking"": ""street_side""}"
RAL-03A,way,629246615,,amenity,parking,Polygon,low_value_category,"{""amenity"": ""parking"", ""parking"": ""surface"", ""surface"": ""asphalt""}"
RAL-03A,way,629523379,,amenity,parking,Polygon,low_value_category,"{""access"": ""private"", ""amenity"": ""parking"", ""parking"": ""surface""}"
RAL-03A,way,629523380,,amenity,parking,Polygon,low_value_category,"{""access"": ""private"", ""amenity"": ""parking"", ""parking"": ""surface""}"
RAL-03A,way,629523381,,amenity,parking,Polygon,low_value_category,"{""access"": ""private"", ""amenity"": ""parking"", ""parking"": ""surface""}"
RAL-03A,way,629523382,,amenity,parking,Polygon,low_value_category,"{""access"": ""private"", ""amenity"": ""parking"", ""parking"": ""surface""}"
RAL-03A,way,637587378,,amenity,parking,Polygon,low_value_category,"{""access"": ""private"", ""amenity"": ""parking"", ""parking"": ""surface""}"
RAL-03A,way,637587383,,amenity,parking,Polygon,low_value_category,"{""access"": ""private"", ""amenity"": ""parking"", ""parking"": ""surface""}"
RAL-03A,way,637587385,,amenity,parking,Polygon,low_value_category,"{""access"": ""private"", ""amenity"": ""parking"", ""parking"": ""surface""}"
RAL-03A,way,637587387,,amenity,parking,Polygon,low_value_category,"{""access"": ""private"", ""amenity"": ""parking"", ""parking"": ""lane""}"
RAL-03A,way,637587388,,amenity,parking,Polygon,low_value_category,"{""access"": ""private"", ""amenity"": ""parking"", ""parking"": ""surface""}"
RAL-03A,way,637587389,,amenity,parking,Polygon,low_value_category,"{""access"": ""private"", ""amenity"": ""parking"", ""parking"": ""surface""}"
RAL-03A,way,666214914,,leisure,pitch,Polygon,unnamed_pitch,"{""leisure"": ""pitch"", ""sport"": ""soccer"", ""surface"": ""grass""}"
RAL-03A,way,676147278,,amenity,toilets,Polygon,low_value_category,"{""amenity"": ""toilets"", ""building"": ""yes""}"
RAL-03A,way,688711425,,leisure,garden,Polygon,unnamed_not_inherently_meaningful,"{""leisure"": ""garden""}"
RAL-03A,way,688711427,,leisure,garden,Polygon,unnamed_not_inherently_meaningful,"{""leisure"": ""garden""}"
RAL-03A,way,688711429,,leisure,garden,Polygon,unnamed_not_inherently_meaningful,"{""leisure"": ""garden""}"
RAL-03A,way,688711433,,leisure,garden,Polygon,unnamed_not_inherently_meaningful,"{""leisure"": ""garden""}"
RAL-03A,way,762963612,,amenity,parking,Polygon,low_value_category,"{""access"": ""private"", ""amenity"": ""parking"", ""parking"": ""surface"", ""surface"": ""asphalt""}"
RAL-03A,way,762963618,,amenity,parking,Polygon,low_value_category,"{""amenity"": ""parking"", ""parking"": ""surface"", ""surface"": ""asphalt""}"
RAL-03A,way,762963620,,amenity,parking,Polygon,low_value_category,"{""access"": ""private"", ""amenity"": ""parking"", ""parking"": ""surface""}"
RAL-03A,way,762963622,North Carolina State University,amenity,parking,Polygon,low_value_category,"{""amenity"": ""parking"", ""operator"": ""North Carolina State University"", ""parking"": ""surface"", ""surface"": ""asphalt""}"
RAL-03A,way,762963623,North Carolina State University,amenity,parking,Polygon,low_value_category,"{""amenity"": ""parking"", ""operator"": ""North Carolina State University"", ""parking"": ""surface"", ""surface"": ""asphalt""}"
RAL-03A,way,762963624,,amenity,parking,Polygon,low_value_category,"{""amenity"": ""parking"", ""parking"": ""surface"", ""surface"": ""asphalt""}"
RAL-03A,way,762963625,,amenity,parking,Polygon,low_value_category,"{""amenity"": ""parking"", ""parking"": ""surface"", ""surface"": ""asphalt""}"
RAL-03A,way,762964589,,amenity,parking,Polygon,low_value_category,"{""access"": ""private"", ""amenity"": ""parking"", ""parking"": ""surface""}"
RAL-03A,way,762964595,,amenity,parking,Polygon,low_value_category,"{""amenity"": ""parking"", ""parking"": ""surface""}"
RAL-03A,way,895033845,,amenity,parking,Polygon,low_value_category,"{""amenity"": ""parking"", ""parking"": ""surface"", ""surface"": ""asphalt""}"
RAL-03A,way,895033858,,amenity,parking,Polygon,low_value_category,"{""amenity"": ""parking"", ""parking"": ""surface"", ""surface"": ""asphalt""}"
RAL-03A,way,895033859,,amenity,parking,Polygon,low_value_category,"{""amenity"": ""parking"", ""parking"": ""surface"", ""surface"": ""asphalt""}"
RAL-03A,way,895033860,,amenity,parking,Polygon,low_value_category,"{""amenity"": ""parking"", ""parking"": ""surface"", ""surface"": ""asphalt""}"
RAL-03A,way,1173751141,,amenity,parking,Polygon,low_value_category,"{""amenity"": ""parking""}"
RAL-03A,way,1173751142,,amenity,parking,Polygon,low_value_category,"{""amenity"": ""parking""}"
RAL-03A,way,1259104272,,leisure,outdoor_seating,Polygon,unnamed_not_inherently_meaningful,"{""leisure"": ""outdoor_seating""}"
RAL-03A,way,1259104275,,leisure,outdoor_seating,Polygon,unnamed_not_inherently_meaningful,"{""leisure"": ""outdoor_seating""}"
RAL-03A,way,1259104276,,leisure,outdoor_seating,Polygon,unnamed_not_inherently_meaningful,"{""leisure"": ""outdoor_seating""}"
RAL-03A,way,1259104277,,leisure,outdoor_seating,Polygon,unnamed_not_inherently_meaningful,"{""leisure"": ""outdoor_seating""}"
RAL-03A,way,1318107883,,leisure,bleachers,Polygon,unnamed_not_inherently_meaningful,"{""leisure"": ""bleachers""}"
RAL-03A,way,1418233426,,amenity,parking,Polygon,low_value_category,"{""amenity"": ""parking""}"
RAL-03A,way,1418233427,,amenity,parking,Polygon,low_value_category,"{""amenity"": ""parking""}"
RAL-03A,way,1418233428,,amenity,parking,Polygon,low_value_category,"{""amenity"": ""parking""}"
RAL-03A,way,1418233429,,amenity,parking,Polygon,low_value_category,"{""amenity"": ""parking""}"
RAL-03A,way,1418769572,,amenity,parking,Polygon,low_value_category,"{""amenity"": ""parking"", ""parking"": ""surface""}"
RAL-03A,way,1562223081,NC State University,amenity,food_court,Polygon,retained:named_poi,"{""amenity"": ""food_court"", ""indoor"": ""area"", ""internet_access:fee"": ""no"", ""operator"": ""NC State University""}"
RAL-03A,relation,6431764,North Carolina State University,amenity,university,Point,representative_point_outside_region,"{""addr:city"": ""Raleigh"", ""addr:postcode"": ""27695"", ""addr:state"": ""NC"", ""amenity"": ""university"", ""ele"": ""118"", ""name"": ""North Carolina State University"", ""name:fr"": ""Université d'État de Caroline du Nord"", ""name:ru"": ""Университет штата Северная Каролина"", ""short_name"": ""NC STATE"", ""type"": ""multipolygon"", ""website"": ""https://www.ncsu.edu/"", ""website:mobile"": ""http://m.ncsu.edu"", ""wikidata"": ""Q1132346"", ""wikipedia"": ""en:North Carolina State University""}"
RAL-03A,relation,14962502,Paul Derr Track,leisure,track,Point,retained:named_poi,"{""lanes"": ""8"", ""leisure"": ""track"", ""name"": ""Paul Derr Track"", ""sport"": ""running"", ""surface"": ""tartan"", ""type"": ""multipolygon"", ""width"": ""8.75""}"
RAL-03B,node,1837176659,,railway,crossing,Point,unnamed_not_inherently_meaningful,"{""railway"": ""crossing""}"
RAL-03B,node,1837176682,,railway,crossing,Point,unnamed_not_inherently_meaningful,"{""crossing:barrier"": ""full"", ""crossing:light"": ""yes"", ""railway"": ""crossing"", ""supervised"": ""no""}"
RAL-03B,node,5580314751,,shop,ticket,Point,unnamed_category_requires_review,"{""shop"": ""ticket""}"
RAL-03B,node,5580314752,,amenity,toilets,Point,low_value_category,"{""amenity"": ""toilets""}"
RAL-03B,node,5835574321,,amenity,drinking_water,Point,low_value_category,"{""amenity"": ""drinking_water"", ""fountain"": ""bubbler""}"
RAL-03B,node,6510040696,Pullen Rd at Cates Ave,public_transport,platform,Point,transport_platform_infrastructure,"{""bench"": ""no"", ""bin"": ""no"", ""bus"": ""yes"", ""highway"": ""bus_stop"", ""lit"": ""no"", ""mapillary"": ""519056145930392"", ""name"": ""Pullen Rd at Cates Ave"", ""network"": ""GoRaleigh"", ""network:wikidata"": ""Q5035469"", ""network:wikipedia"": ""en:GoRaleigh"", ""public_transport"": ""platform"", ""ref"": ""9810"", ""shelter"": ""no"", ""survey:date"": ""2018-12-20"", ""tactile_paving"": ""no""}"
RAL-03B,node,6510040763,Cates Ave at Jensen Dr (EB),public_transport,platform,Point,transport_platform_infrastructure,"{""bench"": ""no"", ""bin"": ""no"", ""bus"": ""yes"", ""highway"": ""bus_stop"", ""name"": ""Cates Ave at Jensen Dr (EB)"", ""network"": ""Wolfline;GoRaleigh"", ""public_transport"": ""platform"", ""ref"": ""9612"", ""shelter"": ""yes"", ""tactile_paving"": ""no""}"
RAL-03B,node,7243433247,Pullen Park,amenity,bicycle_rental,Point,retained:named_poi,"{""amenity"": ""bicycle_rental"", ""capacity"": ""16"", ""name"": ""Pullen Park"", ""network"": ""Citrix Cycle""}"
RAL-03B,node,7251661517,,amenity,parking,Point,low_value_category,"{""amenity"": ""parking""}"
RAL-03B,node,10046226181,,amenity,bicycle_parking,Point,low_value_category,"{""amenity"": ""bicycle_parking"", ""bicycle_parking"": ""staples"", ""capacity"": ""10"", ""covered"": ""no""}"
RAL-03B,node,10048398587,,amenity,bicycle_parking,Point,low_value_category,"{""amenity"": ""bicycle_parking"", ""bicycle_parking"": ""staple"", ""capacity"": ""14"", ""covered"": ""no""}"
RAL-03B,node,10220370899,,amenity,bicycle_parking,Point,low_value_category,"{""amenity"": ""bicycle_parking"", ""capacity"": ""15""}"
RAL-03B,node,10909564564,,amenity,drinking_water,Point,low_value_category,"{""amenity"": ""drinking_water""}"
RAL-03B,node,12532421677,,amenity,bench,Point,low_value_category,"{""amenity"": ""bench""}"
RAL-03B,node,12532462641,,amenity,waste_basket,Point,low_value_category,"{""amenity"": ""waste_basket""}"
RAL-03B,node,13465226842,,railway,level_crossing,Point,railway_track_infrastructure,"{""crossing:barrier"": ""full"", ""crossing:bell"": ""yes"", ""railway"": ""level_crossing""}"
RAL-03B,way,47776518,Train Station,public_transport,platform,Point,transport_platform_infrastructure,"{""area"": ""yes"", ""building:use"": ""commercial"", ""highway"": ""footway"", ""lit"": ""yes"", ""name"": ""Train Station"", ""public_transport"": ""platform"", ""railway"": ""platform"", ""source"": ""WakeGIS"", ""surface"": ""concrete"", ""train"": ""yes""}"
RAL-03B,way,47776986,Theater In The Park,amenity,theatre,Point,retained:named_poi,"{""amenity"": ""theatre"", ""building"": ""yes"", ""building:use"": ""commercial"", ""name"": ""Theater In The Park"", ""ownership"": ""municipal"", ""source"": ""NC Center for Geographic Information and Analysis, Raleigh, North Carolina (http://www.nconemap.com)""}"
RAL-03B,way,47879772,Shelter 4,amenity,shelter,Point,low_value_category,"{""amenity"": ""shelter"", ""bin"": ""yes"", ""building"": ""yes"", ""building:use"": ""commercial"", ""lit"": ""yes"", ""name"": ""Shelter 4"", ""operator"": ""Pullen Park Amusements"", ""shelter_type"": ""picnic_shelter"", ""source"": ""WakeGIS""}"
RAL-03B,way,47933086,Pullen Place,amenity,fast_food,Point,retained:named_poi,"{""amenity"": ""fast_food"", ""building"": ""commercial"", ""building:use"": ""commercial"", ""name"": ""Pullen Place"", ""outdoor_seating"": ""yes"", ""source"": ""WakeGIS"", ""takeaway"": ""only""}"
RAL-03B,way,47933092,Carousel,tourism,attraction,Point,retained:named_poi,"{""building"": ""yes"", ""building:use"": ""commercial"", ""heritage"": ""2"", ""heritage:operator"": ""nrhp"", ""historic"": ""yes"", ""name"": ""Carousel"", ""operator"": ""Pullen Park Amusements"", ""ref:nrhp"": ""76001344"", ""source"": ""WakeGIS"", ""start_date"": ""1924"", ""tourism"": ""attraction"", ""wikidata"": ""Q7259432"", ""wikipedia"": ""en:Pullen Park Carousel""}"
RAL-03B,way,47933095,Carousel Pavilion,amenity,shelter,Point,low_value_category,"{""amenity"": ""shelter"", ""bin"": ""yes"", ""building"": ""yes"", ""building:use"": ""commercial"", ""lit"": ""yes"", ""name"": ""Carousel Pavilion"", ""operator"": ""Pullen Park Amusements"", ""shelter_type"": ""picnic_shelter"", ""source"": ""WakeGIS""}"
RAL-03B,way,172870047,C P Huntington Train,railway,miniature,Point,railway_track_infrastructure,"{""foot"": ""no"", ""name"": ""C P Huntington Train"", ""railway"": ""miniature""}"
RAL-03B,way,175904373,C P Huntington Train,railway,miniature,Point,railway_track_infrastructure,"{""name"": ""C P Huntington Train"", ""railway"": ""miniature""}"
RAL-03B,way,175904374,C P Huntington Train,railway,miniature,Point,railway_track_infrastructure,"{""bridge"": ""yes"", ""layer"": ""1"", ""name"": ""C P Huntington Train"", ""railway"": ""miniature""}"
RAL-03B,way,175904375,C P Huntington Train,railway,miniature,Point,railway_track_infrastructure,"{""bridge"": ""yes"", ""layer"": ""1"", ""name"": ""C P Huntington Train"", ""railway"": ""miniature""}"
RAL-03B,way,236316164,,amenity,parking,Point,low_value_category,"{""access"": ""private"", ""amenity"": ""parking"", ""parking"": ""surface""}"
RAL-03B,way,236486042,,amenity,parking,Point,low_value_category,"{""access"": ""yes"", ""amenity"": ""parking"", ""fee"": ""no"", ""parking"": ""surface""}"
RAL-03B,way,236486043,,amenity,parking,Point,low_value_category,"{""access"": ""yes"", ""amenity"": ""parking"", ""fee"": ""no"", ""parking"": ""surface""}"
RAL-03B,way,236486044,,amenity,parking,Point,low_value_category,"{""amenity"": ""parking"", ""parking"": ""surface""}"
RAL-03B,way,236486045,,amenity,parking,Point,low_value_category,"{""amenity"": ""parking"", ""parking"": ""surface""}"
RAL-03B,way,236486046,,amenity,parking,Point,low_value_category,"{""access"": ""yes"", ""amenity"": ""parking"", ""fee"": ""no"", ""parking"": ""surface""}"
RAL-03B,way,257039734,,leisure,pitch,Point,unnamed_pitch,"{""leisure"": ""pitch"", ""sport"": ""baseball""}"
RAL-03B,way,257039735,,leisure,pitch,Point,unnamed_pitch,"{""leisure"": ""pitch"", ""sport"": ""baseball""}"
RAL-03B,way,317749127,C P Huntington Train,railway,miniature,Point,railway_track_infrastructure,"{""name"": ""C P Huntington Train"", ""railway"": ""miniature""}"
RAL-03B,way,317749128,C P Huntington Train,railway,miniature,Point,railway_track_infrastructure,"{""name"": ""C P Huntington Train"", ""railway"": ""miniature"", ""tunnel"": ""yes""}"
RAL-03B,way,413192947,Shelter 2,amenity,shelter,Point,low_value_category,"{""amenity"": ""shelter"", ""building"": ""yes"", ""name"": ""Shelter 2"", ""operator"": ""Pullen Park Amusements"", ""shelter_type"": ""picnic_shelter""}"
RAL-03B,way,461320208,North Carolina State University Central Campus,amenity,university,Point,representative_point_outside_region,"{""amenity"": ""university"", ""name"": ""North Carolina State University Central Campus""}"
RAL-03B,way,583700646,Pullen Park Amusement Center,tourism,theme_park,Point,retained:named_poi,"{""name"": ""Pullen Park Amusement Center"", ""tourism"": ""theme_park""}"
RAL-03B,way,583700653,Island Gazebo,amenity,shelter,Point,low_value_category,"{""amenity"": ""shelter"", ""bench"": ""yes"", ""lit"": ""no"", ""name"": ""Island Gazebo"", ""shelter_type"": ""gazebo""}"
RAL-03B,way,583700656,,amenity,toilets,Point,low_value_category,"{""access"": ""yes"", ""amenity"": ""toilets"", ""building"": ""toilets"", ""changing_table"": ""yes"", ""fee"": ""no"", ""female"": ""yes"", ""male"": ""yes"", ""toilets:disposal"": ""flush"", ""wheelchair"": ""yes""}"
RAL-03B,way,583703196,Pullen Community Center,amenity,community_centre,Point,retained:named_poi,"{""amenity"": ""community_centre"", ""building"": ""yes"", ""name"": ""Pullen Community Center""}"
RAL-03B,way,583703197,Pullen Park,leisure,park,Point,representative_point_outside_region,"{""internet_access"": ""wlan"", ""leisure"": ""park"", ""name"": ""Pullen Park"", ""wikipedia"": ""en:Pullen Park""}"
RAL-03B,way,583704398,,leisure,playground,Point,unnamed_not_inherently_meaningful,"{""access"": ""yes"", ""leisure"": ""playground""}"
RAL-03B,way,583704399,,leisure,playground,Point,unnamed_not_inherently_meaningful,"{""access"": ""yes"", ""leisure"": ""playground""}"
RAL-03B,way,632259614,Shelter 1,amenity,shelter,Point,low_value_category,"{""amenity"": ""shelter"", ""bin"": ""yes"", ""building"": ""yes"", ""lit"": ""no"", ""name"": ""Shelter 1"", ""operator"": ""Pullen Park Amusements"", ""shelter_type"": ""picnic_shelter""}"
RAL-03B,way,677320326,Shelter 6,amenity,shelter,Point,low_value_category,"{""amenity"": ""shelter"", ""bin"": ""yes"", ""building"": ""yes"", ""building:levels"": ""1"", ""lit"": ""no"", ""name"": ""Shelter 6"", ""operator"": ""Pullen Park Amusements"", ""shelter_type"": ""picnic_shelter""}"
RAL-03B,way,677320617,Shelter 5,amenity,shelter,Point,low_value_category,"{""amenity"": ""shelter"", ""bin"": ""yes"", ""building"": ""yes"", ""lit"": ""no"", ""name"": ""Shelter 5"", ""operator"": ""Pullen Park Amusements"", ""shelter_type"": ""picnic_shelter""}"
RAL-03B,way,736925752,C P Huntington Train,railway,miniature,Point,railway_track_infrastructure,"{""name"": ""C P Huntington Train"", ""railway"": ""miniature"", ""tunnel"": ""building_passage""}"
RAL-03B,way,942676233,Shelter 3,amenity,shelter,Point,low_value_category,"{""amenity"": ""shelter"", ""bin"": ""yes"", ""building"": ""yes"", ""lit"": ""no"", ""name"": ""Shelter 3"", ""operator"": ""Pullen Park Amusements"", ""shelter_type"": ""picnic_shelter""}"
RAL-03B,way,942676234,Fountain Terrace,tourism,picnic_site,Point,retained:named_poi,"{""access"": ""yes"", ""name"": ""Fountain Terrace"", ""operator"": ""Pullen Park Amusements"", ""tourism"": ""picnic_site""}"
RAL-03B,way,946755877,North Carolina State University,amenity,university,Point,representative_point_outside_region,"{""addr:city"": ""Raleigh"", ""addr:postcode"": ""27695"", ""addr:state"": ""NC"", ""amenity"": ""university"", ""name"": ""North Carolina State University""}"
RAL-03B,way,1089547287,C P Huntington Train,railway,miniature,Point,railway_track_infrastructure,"{""bridge"": ""yes"", ""layer"": ""1"", ""name"": ""C P Huntington Train"", ""railway"": ""miniature""}"
RAL-03B,way,1089547288,C P Huntington Train,railway,miniature,Point,railway_track_infrastructure,"{""name"": ""C P Huntington Train"", ""railway"": ""miniature""}"
RAL-03B,way,1173751141,,amenity,parking,Point,representative_point_outside_region,"{""amenity"": ""parking""}"
RAL-03B,way,1223817547,,amenity,parking,Point,low_value_category,"{""amenity"": ""parking""}"
RAL-03B,way,1442028609,,amenity,theatre,Point,retained:inherently_meaningful,"{""amenity"": ""theatre"", ""theatre:type"": ""amphi""}"
RAL-03B,way,1482695573,,leisure,pitch,Point,unnamed_pitch,"{""leisure"": ""pitch"", ""lit"": ""yes"", ""sport"": ""tennis""}"
RAL-03B,way,1482695574,,leisure,pitch,Point,unnamed_pitch,"{""leisure"": ""pitch"", ""lit"": ""yes"", ""sport"": ""tennis""}"
RAL-03B,way,1482695575,,leisure,pitch,Point,unnamed_pitch,"{""leisure"": ""pitch"", ""lit"": ""yes"", ""sport"": ""tennis""}"
RAL-03B,way,1482695576,,leisure,pitch,Point,unnamed_pitch,"{""leisure"": ""pitch"", ""lit"": ""yes"", ""sport"": ""tennis""}"
RAL-03B,way,1482695577,,leisure,pitch,Point,unnamed_pitch,"{""leisure"": ""pitch"", ""lit"": ""yes"", ""sport"": ""tennis""}"
RAL-03B,way,1482695578,,leisure,pitch,Point,unnamed_pitch,"{""leisure"": ""pitch"", ""lit"": ""yes"", ""sport"": ""tennis""}"
RAL-03B,relation,8248496,Pullen Aquatic Center,leisure,sports_centre,Polygon,retained:named_poi,"{""building"": ""commercial"", ""leisure"": ""sports_centre"", ""name"": ""Pullen Aquatic Center"", ""source"": ""WakeGIS"", ""sport"": ""swimming"", ""type"": ""multipolygon""}"
RAL-03B,relation,14962502,Paul Derr Track,leisure,track,Polygon,representative_point_outside_region,"{""lanes"": ""8"", ""leisure"": ""track"", ""name"": ""Paul Derr Track"", ""sport"": ""running"", ""surface"": ""tartan"", ""type"": ""multipolygon"", ""width"": ""8.75""}"
RAL-04,node,668387495,,amenity,parking_entrance,Point,low_value_category,"{""amenity"": ""parking_entrance"", ""bicycle"": ""no"", ""foot"": ""no""}"
RAL-04,node,668387547,,amenity,parking_entrance,Point,low_value_category,"{""amenity"": ""parking_entrance"", ""bicycle"": ""no"", ""foot"": ""no""}"
RAL-04,node,1053135966,,amenity,parking,Point,low_value_category,"{""access"": ""private"", ""amenity"": ""parking"", ""parking"": ""multi-storey""}"
RAL-04,node,1156532512,Bike Rack,amenity,bicycle_parking,Point,low_value_category,"{""alt_name"": ""centennial campus student parking"", ""amenity"": ""bicycle_parking"", ""capacity"": ""16"", ""date"": ""16Feb11"", ""name"": ""Bike Rack"", ""source"": ""Garmin GPSmap 62s""}"
RAL-04,node,1156533023,Bike Rack,amenity,bicycle_parking,Point,low_value_category,"{""alt_name"": ""centennial campus student parking"", ""amenity"": ""bicycle_parking"", ""capacity"": ""16"", ""date"": ""16Feb11"", ""name"": ""Bike Rack"", ""source"": ""Garmin GPSmap 62s""}"
RAL-04,node,1156539403,,amenity,bicycle_parking,Point,low_value_category,"{""alt_name"": ""Engineering building II courtyard"", ""amenity"": ""bicycle_parking"", ""bicycle_parking"": ""stands"", ""capacity"": ""10"", ""covered"": ""no"", ""date"": ""16Fed11"", ""source"": ""Garmin GPSmap 62s""}"
RAL-04,node,1156539410,,amenity,bicycle_parking,Point,low_value_category,"{""alt_name"": ""Engineering building II courtyard"", ""amenity"": ""bicycle_parking"", ""bicycle_parking"": ""wall_loops"", ""capacity"": ""22"", ""covered"": ""no"", ""date"": ""16Feb11"", ""source"": ""Garmin GPSmap 62s""}"
RAL-04,node,1156539416,,amenity,bicycle_parking,Point,low_value_category,"{""alt_name"": ""Engineering building II courtyard"", ""amenity"": ""bicycle_parking"", ""bicycle_parking"": ""stands"", ""capacity"": ""12"", ""covered"": ""no"", ""date"": ""16Feb11"", ""source"": ""GPS""}"
RAL-04,node,1156539421,,amenity,bicycle_parking,Point,low_value_category,"{""alt_name"": ""Engineering building II courtyard"", ""amenity"": ""bicycle_parking"", ""bicycle_parking"": ""rack"", ""capacity"": ""10"", ""covered"": ""no"", ""date"": ""16Feb11"", ""fee"": ""no"", ""source"": ""Garmin GPSmap 62s""}"
RAL-04,node,1156539426,,amenity,bicycle_parking,Point,low_value_category,"{""alt_name"": ""Engineering building II courtyard"", ""amenity"": ""bicycle_parking"", ""bicycle_parking"": ""stands"", ""capacity"": ""8"", ""covered"": ""no"", ""date"": ""16Feb11"", ""source"": ""Garmin GPSmap 62s""}"
RAL-04,node,1168858637,,amenity,bicycle_parking,Point,low_value_category,"{""amenity"": ""bicycle_parking"", ""bicycle_parking"": ""stands"", ""capacity"": ""32"", ""covered"": ""no"", ""source"": ""Garmin62S""}"
RAL-04,node,1168865825,,amenity,bicycle_parking,Point,low_value_category,"{""amenity"": ""bicycle_parking"", ""bicycle_parking"": ""stands"", ""capacity"": ""6"", ""covered"": ""no"", ""source"": ""Garmin62S""}"
RAL-04,node,1168880156,,amenity,bicycle_parking,Point,low_value_category,"{""amenity"": ""bicycle_parking"", ""bicycle_parking"": ""stands"", ""capacity"": ""6"", ""check_date"": ""2023-10-26"", ""covered"": ""no""}"
RAL-04,node,1168880161,,amenity,bicycle_parking,Point,low_value_category,"{""amenity"": ""bicycle_parking"", ""bicycle_parking"": ""stands"", ""capacity"": ""6"", ""check_date"": ""2023-10-26"", ""covered"": ""no""}"
RAL-04,node,1439841728,,amenity,bicycle_parking,Point,low_value_category,"{""amenity"": ""bicycle_parking"", ""bicycle_parking"": ""stands"", ""capacity"": ""1"", ""covered"": ""no""}"
RAL-04,node,1439841747,,amenity,waste_basket,Point,low_value_category,"{""amenity"": ""waste_basket"", ""check_date"": ""2021-07-05""}"
RAL-04,node,1459173463,,tourism,information,Point,unnamed_not_inherently_meaningful,"{""check_date"": ""2022-07-03"", ""information"": ""map"", ""tourism"": ""information""}"
RAL-04,node,1459173466,,amenity,waste_basket,Point,low_value_category,"{""amenity"": ""waste_basket"", ""check_date"": ""2023-01-06""}"
RAL-04,node,1757823993,,amenity,parking_entrance,Point,low_value_category,"{""amenity"": ""parking_entrance""}"
RAL-04,node,2104454759,Disc Golf Course,tourism,information,Point,retained:named_poi,"{""information"": ""board"", ""name"": ""Disc Golf Course"", ""tourism"": ""information""}"
RAL-04,node,2104454809,,amenity,recycling,Point,low_value_category,"{""amenity"": ""recycling"", ""recycling:cans"": ""yes"", ""recycling_type"": ""container""}"
RAL-04,node,2190454252,Lake Raleigh Public Fishing Area,leisure,fishing,Point,retained:named_poi,"{""fishing"": ""yes"", ""leisure"": ""fishing"", ""name"": ""Lake Raleigh Public Fishing Area""}"
RAL-04,node,2190454396,,amenity,bicycle_parking,Point,low_value_category,"{""amenity"": ""bicycle_parking"", ""bicycle_parking"": ""stands"", ""capacity"": ""15"", ""check_date"": ""2023-10-25"", ""covered"": ""yes""}"
RAL-04,node,2470629835,,amenity,waste_disposal,Point,low_value_category,"{""amenity"": ""waste_disposal""}"
RAL-04,node,2470635859,Common Grounds Café & Creamery,amenity,cafe,Point,retained:named_poi,"{""amenity"": ""cafe"", ""internet_access"": ""wlan"", ""name"": ""Common Grounds Café & Creamery"", ""opening_hours"": ""Mo-Th 08:00-23:00; Fr 08:00-17:00; Sa 10:00-17:00; Su 12:00-23:00"", ""source"": ""local knowledge"", ""website"": ""https://www.ncsudining.com/locations/restaurants-cafes/hunt-library/"", ""wheelchair"": ""yes""}"
RAL-04,node,2470637788,Port City Java Coffeehouse Café,amenity,cafe,Point,retained:named_poi,"{""amenity"": ""cafe"", ""cuisine"": ""coffee_shop"", ""internet_access"": ""wlan"", ""name"": ""Port City Java Coffeehouse Café"", ""opening_hours"": ""Tu-Sa 07:30-15:00""}"
RAL-04,node,2470661698,William and Ida Friday Institute for Educational Innovation,amenity,university,Point,retained:named_poi,"{""addr:city"": ""Raleigh"", ""addr:country"": ""US"", ""addr:housenumber"": ""1890"", ""addr:postcode"": ""27606"", ""addr:state"": ""NC"", ""addr:street"": ""Main Campus Drive"", ""amenity"": ""university"", ""name"": ""William and Ida Friday Institute for Educational Innovation"", ""website"": ""https://www.fi.ncsu.edu/""}"
RAL-04,node,2470669436,Department of Mechanical and Aerospace Engineering,amenity,university,Point,retained:named_poi,"{""addr:city"": ""Raleigh"", ""addr:postcode"": ""27606"", ""addr:state"": ""NC"", ""amenity"": ""university"", ""check_date"": ""2026-07-09"", ""name"": ""Department of Mechanical and Aerospace Engineering"", ""source"": ""local knowledge"", ""website"": ""https://www.mae.ncsu.edu/""}"
RAL-04,node,2967818350,,amenity,parking_entrance,Point,low_value_category,"{""amenity"": ""parking_entrance""}"
RAL-04,node,2967838837,Skema Business School,office,educational_institution,Point,retained:named_poi,"{""addr:city"": ""Raleigh"", ""addr:country"": ""US"", ""addr:housenumber"": ""920"", ""addr:postcode"": ""27606"", ""addr:state"": ""NC"", ""addr:street"": ""Main Campus Drive"", ""addr:unit"": ""101"", ""check_date:opening_hours"": ""2023-10-26"", ""name"": ""Skema Business School"", ""office"": ""educational_institution"", ""opening_hours:signed"": ""no"", ""phone"": ""+1 919 535 5700"", ""website"": ""https://www.skema.edu/""}"
RAL-04,node,3011712773,On the Oval Culinary Creations,amenity,restaurant,Point,retained:named_poi,"{""amenity"": ""restaurant"", ""name"": ""On the Oval Culinary Creations""}"
RAL-04,node,3599724848,,public_transport,stop_area,Point,unnamed_not_inherently_meaningful,"{""public_transport"": ""stop_area"", ""type"": ""public_transport""}"
RAL-04,node,3739245357,Dero,amenity,bicycle_repair_station,Point,low_value_category,"{""amenity"": ""bicycle_repair_station"", ""brand"": ""Dero"", ""check_date:service:bicycle:pump"": ""2023-10-25"", ""note"": ""Engineering Building"", ""opening_hours"": ""24/7"", ""service:bicycle:pump"": ""yes""}"
RAL-04,node,4229001894,,leisure,slipway,Point,unnamed_not_inherently_meaningful,"{""leisure"": ""slipway""}"
RAL-04,node,4316533637,North Carolina State University (Centennial Campus),amenity,university,Point,retained:named_poi,"{""amenity"": ""university"", ""check_date"": ""2024-07-11"", ""name"": ""North Carolina State University (Centennial Campus)"", ""website"": ""https://centennial.ncsu.edu/"", ""wikidata"": ""Q24779"", ""wikipedia"": ""en:Centennial Campus of North Carolina State University""}"
RAL-04,node,5257751409,,amenity,vending_machine,Point,low_value_category,"{""amenity"": ""vending_machine"", ""check_date"": ""2026-07-09"", ""indoor"": ""yes"", ""payment:campus_card"": ""yes"", ""payment:cash"": ""yes"", ""payment:coins"": ""yes"", ""vending"": ""drinks,_snacks""}"
RAL-04,node,5267029052,NC Japan Center,amenity,community_centre,Point,retained:named_poi,"{""addr:city"": ""Raleigh"", ""addr:housenumber"": ""705"", ""addr:postcode"": ""27603"", ""addr:state"": ""NC"", ""addr:street"": ""Barbour Drive"", ""amenity"": ""community_centre"", ""description"": ""Provides local cultural events and language classes."", ""email"": ""ncjapancenter@ncsu.edu"", ""name"": ""NC Japan Center"", ""operator"": ""NC State University"", ""phone"": ""+1-919-515-3450"", ""website"": ""https://japan.ncsu.edu/""}"
RAL-04,node,5267029053,"Theophilus Hunter, Sr.",historic,tomb,Point,retained:named_poi,"{""cemetery"": ""grave"", ""historic"": ""tomb"", ""name"": ""Theophilus Hunter, Sr."", ""website"": ""https://japan.ncsu.edu/spring-hill-house.html""}"
RAL-04,node,5840644055,Engineering II (COE),public_transport,platform,Point,transport_platform_infrastructure,"{""bench"": ""yes"", ""bin"": ""yes"", ""bus"": ""yes"", ""highway"": ""bus_stop"", ""lit"": ""yes"", ""name"": ""Engineering II (COE)"", ""network"": ""Wolfline"", ""not:network:wikidata"": ""Q4750893"", ""operator"": ""Transdev"", ""passenger_information_display"": ""no"", ""public_transport"": ""platform"", ""ref"": ""135"", ""shelter"": ""yes"", ""tactile_paving"": ""no""}"
RAL-04,node,6223913718,,amenity,parking_entrance,Point,low_value_category,"{""amenity"": ""parking_entrance""}"
RAL-04,node,6240273034,,amenity,parking_entrance,Point,low_value_category,"{""amenity"": ""parking_entrance""}"
RAL-04,node,6510040602,Wolf Ridge at Initiative Way (SB),public_transport,platform,Point,transport_platform_infrastructure,"{""bus"": ""yes"", ""highway"": ""bus_stop"", ""name"": ""Wolf Ridge at Initiative Way (SB)"", ""network"": ""Wolfline"", ""not:network:wikidata"": ""Q4750893"", ""operator"": ""Transdev"", ""public_transport"": ""platform"", ""ref"": ""253"", ""shelter"": ""yes""}"
RAL-04,node,6510040607,Hunt Library at Partners Way,public_transport,platform,Point,transport_platform_infrastructure,"{""bench"": ""yes"", ""bin"": ""yes"", ""bus"": ""yes"", ""highway"": ""bus_stop"", ""lit"": ""yes"", ""name"": ""Hunt Library at Partners Way"", ""network"": ""Wolfline"", ""public_transport"": ""platform"", ""ref"": ""240"", ""shelter"": ""no"", ""tactile_paving"": ""no"", ""wheelchair"": ""yes""}"
RAL-04,node,6510040609,Main Campus Dr at Partners II (Southbound),public_transport,platform,Point,transport_platform_infrastructure,"{""bus"": ""yes"", ""highway"": ""bus_stop"", ""name"": ""Main Campus Dr at Partners II (Southbound)"", ""network"": ""Wolfline"", ""public_transport"": ""platform"", ""ref"": ""230""}"
RAL-04,node,6510040611,Centennial RS Lots (1st shelter),public_transport,platform,Point,transport_platform_infrastructure,"{""bus"": ""yes"", ""highway"": ""bus_stop"", ""name"": ""Centennial RS Lots (1st shelter)"", ""network"": ""Wolfline"", ""public_transport"": ""platform"", ""ref"": ""208"", ""shelter"": ""yes"", ""wheelchair"": ""yes""}"
RAL-04,node,6510040613,Main Campus Dr at College of Textiles,public_transport,platform,Point,transport_platform_infrastructure,"{""bench"": ""yes"", ""bin"": ""yes"", ""bus"": ""yes"", ""highway"": ""bus_stop"", ""lit"": ""yes"", ""name"": ""Main Campus Dr at College of Textiles"", ""network"": ""Wolfline"", ""public_transport"": ""platform"", ""ref"": ""204"", ""shelter"": ""yes"", ""tactile_paving"": ""no"", ""wheelchair"": ""yes""}"
RAL-04,node,6510040615,Varsity Dr at Avent Ferry Rd,public_transport,platform,Point,transport_platform_infrastructure,"{""bench"": ""no"", ""bin"": ""no"", ""bus"": ""yes"", ""highway"": ""bus_stop"", ""name"": ""Varsity Dr at Avent Ferry Rd"", ""network"": ""Wolfline"", ""public_transport"": ""platform"", ""ref"": ""202"", ""shelter"": ""no"", ""tactile_paving"": ""no""}"
RAL-04,node,6510040620,Centennial RS Lots (2nd shelter),public_transport,platform,Point,transport_platform_infrastructure,"{""bus"": ""yes"", ""highway"": ""bus_stop"", ""name"": ""Centennial RS Lots (2nd shelter)"", ""network"": ""Wolfline"", ""public_transport"": ""platform"", ""ref"": ""193"", ""wheelchair"": ""yes""}"
RAL-04,node,6510040639,Main Campus Dr at Venture Bldgs,public_transport,platform,Point,transport_platform_infrastructure,"{""bench"": ""yes"", ""bin"": ""no"", ""bus"": ""yes"", ""highway"": ""bus_stop"", ""lit"": ""yes"", ""name"": ""Main Campus Dr at Venture Bldgs"", ""network"": ""Wolfline"", ""public_transport"": ""platform"", ""ref"": ""157"", ""shelter"": ""no"", ""tactile_paving"": ""no""}"
RAL-04,node,6510040640,Partners Way at Varsity Dr (College of Engineering),public_transport,platform,Point,transport_platform_infrastructure,"{""bench"": ""yes"", ""bin"": ""yes"", ""bus"": ""yes"", ""highway"": ""bus_stop"", ""lit"": ""yes"", ""name"": ""Partners Way at Varsity Dr (College of Engineering)"", ""network"": ""Wolfline"", ""public_transport"": ""platform"", ""ref"": ""134"", ""shelter"": ""yes"", ""tactile_paving"": ""no""}"
RAL-04,node,6510040646,The Greens at Initiative Way,public_transport,platform,Point,transport_platform_infrastructure,"{""bus"": ""yes"", ""highway"": ""bus_stop"", ""name"": ""The Greens at Initiative Way"", ""network"": ""Wolfline"", ""public_transport"": ""platform"", ""ref"": ""280""}"
RAL-04,node,6510040647,Initiative Way at Main Campus Dr Lots,public_transport,platform,Point,transport_platform_infrastructure,"{""bus"": ""yes"", ""highway"": ""bus_stop"", ""name"": ""Initiative Way at Main Campus Dr Lots"", ""network"": ""Wolfline"", ""public_transport"": ""platform"", ""ref"": ""281""}"
RAL-04,node,6510040648,Barbour Dr at Spring Hill Lot,public_transport,platform,Point,transport_platform_infrastructure,"{""bus"": ""yes"", ""highway"": ""bus_stop"", ""name"": ""Barbour Dr at Spring Hill Lot"", ""network"": ""Wolfline"", ""public_transport"": ""platform"", ""ref"": ""278""}"
RAL-04,node,6510040649,Wolf Ridge at Initiative Way (NB),public_transport,platform,Point,transport_platform_infrastructure,"{""bus"": ""yes"", ""highway"": ""bus_stop"", ""name"": ""Wolf Ridge at Initiative Way (NB)"", ""network"": ""Wolfline"", ""public_transport"": ""platform"", ""ref"": ""279""}"
RAL-04,node,6510040651,Oval Dr at Main Campus Dr,public_transport,platform,Point,transport_platform_infrastructure,"{""bench"": ""no"", ""bin"": ""no"", ""bus"": ""yes"", ""highway"": ""bus_stop"", ""lit"": ""yes"", ""name"": ""Oval Dr at Main Campus Dr"", ""network"": ""Wolfline"", ""public_transport"": ""platform"", ""ref"": ""264"", ""shelter"": ""no"", ""tactile_paving"": ""no""}"
RAL-04,node,7196414105,,amenity,parking_entrance,Point,low_value_category,"{""amenity"": ""parking_entrance""}"
RAL-04,node,7196414107,,amenity,parking_entrance,Point,low_value_category,"{""amenity"": ""parking_entrance""}"
RAL-04,node,7196414108,,amenity,parking_entrance,Point,low_value_category,"{""amenity"": ""parking_entrance""}"
RAL-04,node,7259115690,,amenity,parking_entrance,Point,low_value_category,"{""amenity"": ""parking_entrance""}"
RAL-04,node,9291626989,,amenity,waste_basket,Point,low_value_category,"{""amenity"": ""waste_basket""}"
RAL-04,node,9291626990,,amenity,bench,Point,low_value_category,"{""amenity"": ""bench""}"
RAL-04,node,10049859098,,amenity,bicycle_parking,Point,low_value_category,"{""amenity"": ""bicycle_parking"", ""bicycle_parking"": ""wave"", ""capacity"": ""5"", ""covered"": ""no""}"
RAL-04,node,10049859099,,amenity,bicycle_parking,Point,low_value_category,"{""amenity"": ""bicycle_parking"", ""bicycle_parking"": ""wave"", ""capacity"": ""7"", ""covered"": ""no""}"
RAL-04,node,10049859100,,amenity,bicycle_parking,Point,low_value_category,"{""amenity"": ""bicycle_parking"", ""bicycle_parking"": ""wave"", ""capacity"": ""10"", ""covered"": ""yes""}"
RAL-04,node,10049859101,,amenity,bicycle_parking,Point,low_value_category,"{""amenity"": ""bicycle_parking"", ""bicycle_parking"": ""wave"", ""capacity"": ""10"", ""covered"": ""no""}"
RAL-04,node,10049859103,,amenity,bicycle_parking,Point,low_value_category,"{""amenity"": ""bicycle_parking"", ""bicycle_parking"": ""wave"", ""capacity"": ""7"", ""covered"": ""no""}"
RAL-04,node,10049859104,,amenity,bicycle_parking,Point,low_value_category,"{""amenity"": ""bicycle_parking"", ""bicycle_parking"": ""staple"", ""capacity"": ""10"", ""covered"": ""no""}"
RAL-04,node,10049859105,,amenity,bicycle_parking,Point,low_value_category,"{""amenity"": ""bicycle_parking"", ""bicycle_parking"": ""wave"", ""capacity"": ""5"", ""covered"": ""no""}"
RAL-04,node,10049859107,,amenity,bicycle_parking,Point,low_value_category,"{""amenity"": ""bicycle_parking"", ""bicycle_parking"": ""stands"", ""capacity"": ""16"", ""covered"": ""no""}"
RAL-04,node,10049859109,,amenity,bicycle_parking,Point,low_value_category,"{""amenity"": ""bicycle_parking"", ""bicycle_parking"": ""stands"", ""capacity"": ""6"", ""covered"": ""no""}"
RAL-04,node,10049859110,,amenity,bicycle_parking,Point,low_value_category,"{""amenity"": ""bicycle_parking"", ""bicycle_parking"": ""wave"", ""capacity"": ""5"", ""covered"": ""no""}"
RAL-04,node,10049859111,,amenity,bicycle_parking,Point,low_value_category,"{""amenity"": ""bicycle_parking"", ""bicycle_parking"": ""staple"", ""capacity"": ""4"", ""covered"": ""no""}"
RAL-04,node,10049859113,,amenity,bicycle_parking,Point,low_value_category,"{""amenity"": ""bicycle_parking"", ""bicycle_parking"": ""stands"", ""capacity"": ""24"", ""covered"": ""no""}"
RAL-04,node,10049859114,,amenity,bicycle_parking,Point,low_value_category,"{""amenity"": ""bicycle_parking"", ""bicycle_parking"": ""wave"", ""capacity"": ""15"", ""covered"": ""no""}"
RAL-04,node,10049859115,,amenity,bicycle_parking,Point,low_value_category,"{""amenity"": ""bicycle_parking"", ""bicycle_parking"": ""staple"", ""capacity"": ""2"", ""covered"": ""yes""}"
RAL-04,node,10096200566,,amenity,bicycle_parking,Point,low_value_category,"{""amenity"": ""bicycle_parking"", ""bicycle_parking"": ""wave"", ""capacity"": ""7"", ""covered"": ""no""}"
RAL-04,node,10096200567,,amenity,bicycle_parking,Point,low_value_category,"{""amenity"": ""bicycle_parking"", ""bicycle_parking"": ""wave"", ""capacity"": ""7"", ""covered"": ""no""}"
RAL-04,node,10096200568,,amenity,bicycle_parking,Point,low_value_category,"{""amenity"": ""bicycle_parking"", ""bicycle_parking"": ""staple"", ""capacity"": ""2"", ""covered"": ""no""}"
RAL-04,node,10096200569,,amenity,bicycle_parking,Point,low_value_category,"{""amenity"": ""bicycle_parking"", ""bicycle_parking"": ""staple"", ""capacity"": ""2"", ""covered"": ""no""}"
RAL-04,node,10096200570,,amenity,bicycle_parking,Point,low_value_category,"{""amenity"": ""bicycle_parking"", ""bicycle_parking"": ""staple"", ""capacity"": ""2"", ""covered"": ""no""}"
RAL-04,node,10096200571,,amenity,bicycle_parking,Point,low_value_category,"{""amenity"": ""bicycle_parking"", ""bicycle_parking"": ""wave"", ""capacity"": ""5"", ""covered"": ""no""}"
RAL-04,node,10096200572,,amenity,bicycle_parking,Point,low_value_category,"{""amenity"": ""bicycle_parking"", ""bicycle_parking"": ""wave"", ""capacity"": ""7"", ""covered"": ""no""}"
RAL-04,node,10096200573,,amenity,bicycle_parking,Point,low_value_category,"{""amenity"": ""bicycle_parking"", ""bicycle_parking"": ""staple"", ""capacity"": ""2"", ""covered"": ""no""}"
RAL-04,node,10096200574,,amenity,bicycle_parking,Point,low_value_category,"{""amenity"": ""bicycle_parking"", ""bicycle_parking"": ""wave"", ""capacity"": ""7"", ""covered"": ""no""}"
RAL-04,node,10096200575,,amenity,bicycle_parking,Point,low_value_category,"{""amenity"": ""bicycle_parking"", ""bicycle_parking"": ""wave"", ""capacity"": ""7"", ""covered"": ""no""}"
RAL-04,node,10096200576,,amenity,bicycle_parking,Point,low_value_category,"{""amenity"": ""bicycle_parking"", ""bicycle_parking"": ""wave"", ""capacity"": ""7"", ""covered"": ""no""}"
RAL-04,node,10096200577,,amenity,bicycle_parking,Point,low_value_category,"{""amenity"": ""bicycle_parking"", ""bicycle_parking"": ""wave"", ""capacity"": ""7"", ""covered"": ""no""}"
RAL-04,node,10096200578,,amenity,bicycle_parking,Point,low_value_category,"{""amenity"": ""bicycle_parking"", ""bicycle_parking"": ""wave"", ""capacity"": ""7"", ""covered"": ""no""}"
RAL-04,node,10096200579,,amenity,bicycle_parking,Point,low_value_category,"{""amenity"": ""bicycle_parking"", ""bicycle_parking"": ""wave"", ""capacity"": ""7"", ""covered"": ""no""}"
RAL-04,node,10096200580,,amenity,bicycle_parking,Point,low_value_category,"{""amenity"": ""bicycle_parking"", ""bicycle_parking"": ""staple"", ""capacity"": ""2"", ""covered"": ""no""}"
RAL-04,node,10096200581,,amenity,bicycle_parking,Point,low_value_category,"{""amenity"": ""bicycle_parking"", ""bicycle_parking"": ""wave"", ""capacity"": ""7"", ""covered"": ""no""}"
RAL-04,node,10096200582,,amenity,bicycle_parking,Point,low_value_category,"{""amenity"": ""bicycle_parking"", ""bicycle_parking"": ""wave"", ""capacity"": ""7"", ""covered"": ""no""}"
RAL-04,node,10096200583,,amenity,bicycle_parking,Point,low_value_category,"{""amenity"": ""bicycle_parking"", ""bicycle_parking"": ""wave"", ""capacity"": ""7"", ""covered"": ""no""}"
RAL-04,node,10096258315,,amenity,bicycle_parking,Point,low_value_category,"{""amenity"": ""bicycle_parking"", ""bicycle_parking"": ""loops"", ""capacity"": ""10"", ""covered"": ""no""}"
RAL-04,node,10096258316,,amenity,bicycle_parking,Point,low_value_category,"{""amenity"": ""bicycle_parking"", ""bicycle_parking"": ""loops"", ""capacity"": ""10"", ""covered"": ""no""}"
RAL-04,node,10096258317,,amenity,bicycle_parking,Point,low_value_category,"{""amenity"": ""bicycle_parking"", ""bicycle_parking"": ""loops"", ""capacity"": ""6"", ""covered"": ""no""}"
RAL-04,node,10096258318,,amenity,bicycle_parking,Point,low_value_category,"{""amenity"": ""bicycle_parking"", ""bicycle_parking"": ""stands"", ""capacity"": ""8"", ""covered"": ""no""}"
RAL-04,node,10096258319,,amenity,bicycle_parking,Point,low_value_category,"{""amenity"": ""bicycle_parking"", ""bicycle_parking"": ""stands"", ""capacity"": ""8"", ""covered"": ""no""}"
RAL-04,node,10096258320,,amenity,bicycle_parking,Point,low_value_category,"{""amenity"": ""bicycle_parking"", ""bicycle_parking"": ""wave"", ""capacity"": ""13"", ""covered"": ""no""}"
RAL-04,node,10096258321,,amenity,bicycle_parking,Point,low_value_category,"{""amenity"": ""bicycle_parking"", ""bicycle_parking"": ""staple"", ""capacity"": ""2"", ""covered"": ""no""}"
RAL-04,node,11161470206,Social Fabric,amenity,cafe,Point,retained:named_poi,"{""addr:housenumber"": ""1020"", ""addr:street"": ""Main Campus Drive"", ""amenity"": ""cafe"", ""name"": ""Social Fabric"", ""opening_hours"": ""Mo-Fr 07:30-15:00""}"
RAL-04,node,11195223019,"National Weather Service - Raleigh, NC",office,government,Point,retained:named_poi,"{""check_date:opening_hours"": ""2023-10-30"", ""government"": ""public_service"", ""name"": ""National Weather Service - Raleigh, NC"", ""office"": ""government"", ""opening_hours:signed"": ""no"", ""operator"": ""National Weather Service"", ""operator:short"": ""NWS"", ""operator:wikidata"": ""Q1066823""}"
RAL-04,node,11292138242,,amenity,bicycle_parking,Point,low_value_category,"{""amenity"": ""bicycle_parking"", ""bicycle_parking"": ""rack"", ""capacity"": ""10"", ""covered"": ""no"", ""fee"": ""no""}"
RAL-04,node,11292138243,,amenity,bicycle_parking,Point,low_value_category,"{""amenity"": ""bicycle_parking"", ""bicycle_parking"": ""stands"", ""capacity"": ""18"", ""covered"": ""no"", ""fee"": ""no""}"
RAL-04,node,11292138244,,amenity,bicycle_parking,Point,low_value_category,"{""amenity"": ""bicycle_parking"", ""bicycle_parking"": ""rack"", ""capacity"": ""10"", ""covered"": ""no"", ""fee"": ""no""}"
RAL-04,node,11292138245,,amenity,bicycle_parking,Point,low_value_category,"{""amenity"": ""bicycle_parking"", ""bicycle_parking"": ""rack"", ""capacity"": ""10"", ""covered"": ""no"", ""fee"": ""no""}"
RAL-04,node,11292138246,,amenity,bicycle_parking,Point,low_value_category,"{""amenity"": ""bicycle_parking"", ""bicycle_parking"": ""rack"", ""capacity"": ""10"", ""covered"": ""no"", ""fee"": ""no""}"
RAL-04,node,11292138247,,amenity,bicycle_parking,Point,low_value_category,"{""amenity"": ""bicycle_parking"", ""bicycle_parking"": ""rack"", ""capacity"": ""5"", ""covered"": ""yes"", ""fee"": ""no""}"
RAL-04,node,11292138248,,amenity,bicycle_parking,Point,low_value_category,"{""amenity"": ""bicycle_parking"", ""bicycle_parking"": ""rack"", ""capacity"": ""5"", ""covered"": ""no"", ""fee"": ""no""}"
RAL-04,node,11292138249,,amenity,bicycle_parking,Point,low_value_category,"{""amenity"": ""bicycle_parking"", ""bicycle_parking"": ""rack"", ""capacity"": ""10"", ""covered"": ""no"", ""fee"": ""no""}"
RAL-04,node,11292138250,,amenity,bicycle_parking,Point,low_value_category,"{""amenity"": ""bicycle_parking"", ""bicycle_parking"": ""rack"", ""capacity"": ""10"", ""covered"": ""no"", ""fee"": ""no""}"
RAL-04,node,11292138251,,amenity,bicycle_parking,Point,low_value_category,"{""amenity"": ""bicycle_parking"", ""bicycle_parking"": ""stands"", ""capacity"": ""12"", ""covered"": ""no"", ""fee"": ""no""}"
RAL-04,node,11292138252,,amenity,bicycle_parking,Point,low_value_category,"{""amenity"": ""bicycle_parking"", ""bicycle_parking"": ""rack"", ""capacity"": ""10"", ""covered"": ""no"", ""fee"": ""no""}"
RAL-04,node,11292138253,,amenity,bicycle_parking,Point,low_value_category,"{""amenity"": ""bicycle_parking"", ""bicycle_parking"": ""rack"", ""capacity"": ""10"", ""covered"": ""no"", ""fee"": ""no""}"
RAL-04,node,11292138254,,amenity,bicycle_parking,Point,low_value_category,"{""amenity"": ""bicycle_parking"", ""bicycle_parking"": ""rack"", ""capacity"": ""10"", ""covered"": ""no"", ""fee"": ""no""}"
RAL-04,node,11292138255,,amenity,bicycle_parking,Point,low_value_category,"{""amenity"": ""bicycle_parking"", ""bicycle_parking"": ""rack"", ""capacity"": ""25"", ""covered"": ""no"", ""fee"": ""no""}"
RAL-04,node,11292138256,,amenity,bicycle_parking,Point,low_value_category,"{""amenity"": ""bicycle_parking"", ""bicycle_parking"": ""rack"", ""capacity"": ""10"", ""covered"": ""no"", ""fee"": ""no""}"
RAL-04,node,11292138257,,amenity,bicycle_parking,Point,low_value_category,"{""amenity"": ""bicycle_parking"", ""bicycle_parking"": ""rack"", ""capacity"": ""10"", ""covered"": ""no"", ""fee"": ""no""}"
RAL-04,node,11292138258,,amenity,bicycle_parking,Point,low_value_category,"{""amenity"": ""bicycle_parking"", ""bicycle_parking"": ""rack"", ""capacity"": ""5"", ""covered"": ""no"", ""fee"": ""no""}"
RAL-04,node,11292138259,,amenity,bicycle_parking,Point,low_value_category,"{""amenity"": ""bicycle_parking"", ""bicycle_parking"": ""rack"", ""capacity"": ""10"", ""covered"": ""no"", ""fee"": ""no""}"
RAL-04,node,11292138260,,amenity,bicycle_parking,Point,low_value_category,"{""amenity"": ""bicycle_parking"", ""bicycle_parking"": ""rack"", ""capacity"": ""10"", ""covered"": ""no"", ""fee"": ""no""}"
RAL-04,node,11292138261,,amenity,bicycle_parking,Point,low_value_category,"{""amenity"": ""bicycle_parking"", ""bicycle_parking"": ""stands"", ""capacity"": ""24"", ""covered"": ""yes"", ""fee"": ""no""}"
RAL-04,node,11292138262,,amenity,bicycle_parking,Point,low_value_category,"{""amenity"": ""bicycle_parking"", ""bicycle_parking"": ""stands"", ""capacity"": ""12"", ""covered"": ""no"", ""fee"": ""no""}"
RAL-04,node,11292138263,,amenity,bicycle_parking,Point,low_value_category,"{""amenity"": ""bicycle_parking"", ""bicycle_parking"": ""rack"", ""capacity"": ""7"", ""covered"": ""no"", ""fee"": ""no""}"
RAL-04,node,11292138264,,amenity,bicycle_parking,Point,low_value_category,"{""amenity"": ""bicycle_parking"", ""bicycle_parking"": ""rack"", ""capacity"": ""30"", ""covered"": ""no"", ""fee"": ""no""}"
RAL-04,node,11292138265,,amenity,bicycle_parking,Point,low_value_category,"{""amenity"": ""bicycle_parking"", ""bicycle_parking"": ""rack"", ""capacity"": ""10"", ""covered"": ""no"", ""fee"": ""no""}"
RAL-04,node,11292138266,,amenity,bicycle_parking,Point,low_value_category,"{""amenity"": ""bicycle_parking"", ""bicycle_parking"": ""rack"", ""capacity"": ""13"", ""covered"": ""no"", ""fee"": ""no""}"
RAL-04,node,12322545973,,amenity,recycling,Point,low_value_category,"{""amenity"": ""recycling"", ""colour"": ""yellow"", ""recycling:electrical_items"": ""yes"", ""recycling_type"": ""container""}"
RAL-04,node,12322545974,,amenity,recycling,Point,low_value_category,"{""amenity"": ""recycling"", ""colour"": ""yellow"", ""recycling:electrical_items"": ""yes"", ""recycling_type"": ""container""}"
RAL-04,node,12588764594,,amenity,recycling,Point,low_value_category,"{""amenity"": ""recycling"", ""colour"": ""yellow"", ""recycling:electrical_items"": ""yes"", ""recycling_type"": ""container""}"
RAL-04,node,12588764595,,amenity,recycling,Point,low_value_category,"{""amenity"": ""recycling"", ""colour"": ""yellow"", ""recycling:electrical_items"": ""yes"", ""recycling_type"": ""container""}"
RAL-04,node,12588764596,,amenity,recycling,Point,low_value_category,"{""amenity"": ""recycling"", ""colour"": ""yellow"", ""recycling:electrical_items"": ""yes"", ""recycling_type"": ""container""}"
RAL-04,node,12588764597,,amenity,recycling,Point,low_value_category,"{""amenity"": ""recycling"", ""colour"": ""yellow"", ""recycling:electrical_items"": ""yes"", ""recycling_type"": ""container""}"
RAL-04,node,12588764598,,amenity,recycling,Point,low_value_category,"{""amenity"": ""recycling"", ""colour"": ""yellow"", ""recycling:electrical_items"": ""yes"", ""recycling_type"": ""container""}"
RAL-04,node,12588764599,,amenity,recycling,Point,low_value_category,"{""amenity"": ""recycling"", ""colour"": ""yellow"", ""recycling:electrical_items"": ""yes"", ""recycling_type"": ""container""}"
RAL-04,node,12588764600,,amenity,recycling,Point,low_value_category,"{""amenity"": ""recycling"", ""colour"": ""yellow"", ""recycling:electrical_items"": ""yes"", ""recycling_type"": ""container""}"
RAL-04,node,12588787601,,amenity,recycling,Point,low_value_category,"{""amenity"": ""recycling"", ""colour"": ""yellow"", ""recycling:electrical_items"": ""yes"", ""recycling_type"": ""container""}"
RAL-04,node,12588787602,,amenity,recycling,Point,low_value_category,"{""amenity"": ""recycling"", ""colour"": ""yellow"", ""recycling:electrical_items"": ""yes"", ""recycling_type"": ""container""}"
RAL-04,node,12588787603,,amenity,recycling,Point,low_value_category,"{""amenity"": ""recycling"", ""colour"": ""yellow"", ""recycling:electrical_items"": ""yes"", ""recycling_type"": ""container""}"
RAL-04,node,12588787604,,amenity,recycling,Point,low_value_category,"{""amenity"": ""recycling"", ""colour"": ""yellow"", ""recycling:electrical_items"": ""yes"", ""recycling_type"": ""container""}"
RAL-04,node,12588787605,,amenity,recycling,Point,low_value_category,"{""amenity"": ""recycling"", ""colour"": ""yellow"", ""recycling:electrical_items"": ""yes"", ""recycling_type"": ""container""}"
RAL-04,node,12588787606,,amenity,recycling,Point,low_value_category,"{""amenity"": ""recycling"", ""colour"": ""yellow"", ""recycling:electrical_items"": ""yes"", ""recycling_type"": ""container""}"
RAL-04,node,13063734961,,amenity,bicycle_parking,Point,low_value_category,"{""amenity"": ""bicycle_parking"", ""bicycle_parking"": ""wall_loops"", ""capacity"": ""8"", ""covered"": ""no""}"
RAL-04,node,13368817701,Tammy Lynn Center,amenity,school,Point,retained:named_poi,"{""addr:housenumber"": ""739"", ""addr:postcode"": ""27606"", ""addr:street"": ""Chappell Drive"", ""amenity"": ""school"", ""name"": ""Tammy Lynn Center"", ""phone"": ""+1-919-832-3909"", ""website"": ""https://www.nctlc.org/""}"
RAL-04,node,13706327099,321 Coffee - NC State Centennial,amenity,cafe,Point,retained:named_poi,"{""addr:city"": ""Raleigh"", ""addr:housenumber"": ""930"", ""addr:postcode"": ""27606"", ""addr:state"": ""NC"", ""addr:street"": ""Main Campus Drive"", ""addr:unit"": ""151"", ""amenity"": ""cafe"", ""cuisine"": ""coffee_shop"", ""description"": ""Casual, small coffee shop. Features a small but curated and well labeled menu of coffees, teas, and other beverages, as well as a selection of pastries and pre-made meals. Seating is available to work or meet."", ""internet_access"": ""yes"", ""internet_access:fee"": ""no"", ""name"": ""321 Coffee - NC State Centennial"", ""opening_hours"": ""Mo-Fr 07:00-16:00"", ""outdoor_seating"": ""yes"", ""website"": ""https://321coffee.com""}"
RAL-04,way,33069334,Venture Parking,amenity,parking,Point,low_value_category,"{""access"": ""private"", ""amenity"": ""parking"", ""building"": ""yes"", ""name"": ""Venture Parking"", ""parking"": ""multi-storey""}"
RAL-04,way,33076840,,amenity,parking,Point,low_value_category,"{""access"": ""private"", ""amenity"": ""parking"", ""building"": ""yes"", ""parking"": ""multi-storey""}"
RAL-04,way,47700163,Keystone Deck,amenity,parking,Point,low_value_category,"{""access"": ""private"", ""amenity"": ""parking"", ""building"": ""yes"", ""name"": ""Keystone Deck"", ""parking"": ""multi-storey""}"
RAL-04,way,164068765,Toxicology Deck,amenity,parking,Point,low_value_category,"{""access"": ""private"", ""amenity"": ""parking"", ""building"": ""yes"", ""name"": ""Toxicology Deck"", ""parking"": ""multi-storey""}"
RAL-04,way,164125158,Oval West Parking Deck,amenity,parking,Point,low_value_category,"{""access"": ""private"", ""addr:city"": ""Raleigh"", ""addr:postcode"": ""27606"", ""addr:state"": ""NC"", ""addr:street"": ""Partners Way"", ""amenity"": ""parking"", ""building"": ""yes"", ""name"": ""Oval West Parking Deck"", ""parking"": ""multi-storey"", ""short_name"": ""PWD""}"
RAL-04,way,164125235,Monteith Deck,amenity,parking,Point,low_value_category,"{""access"": ""private"", ""amenity"": ""parking"", ""building"": ""yes"", ""building:levels"": ""1"", ""building:levels:underground"": ""4"", ""layer"": ""-1"", ""location"": ""underground"", ""name"": ""Monteith Deck"", ""parking"": ""multi-storey""}"
RAL-04,way,177166351,James B. Hunt Jr. Library,amenity,library,Point,retained:named_poi,"{""addr:city"": ""Raleigh"", ""addr:country"": ""US"", ""addr:housenumber"": ""1070"", ""addr:postcode"": ""27606"", ""addr:state"": ""NC"", ""addr:street"": ""Partners Way"", ""amenity"": ""library"", ""building"": ""yes"", ""building:levels"": ""5"", ""contact:phone"": ""+1 919 515 7110"", ""contact:website"": ""https://www.lib.ncsu.edu/huntlibrary"", ""internet_access"": ""wlan"", ""name"": ""James B. Hunt Jr. Library"", ""opening_hours"": ""Mo-Th 00:00-24:00; Fr 00:00-22:00; Sa 09:00-22:00; Su 09:00-24:00"", ""operator"": ""NC State"", ""operator:type"": ""university"", ""ref"": ""783A"", ""short_name"": ""JHL"", ""website"": ""https://www.lib.ncsu.edu/huntlibrary""}"
RAL-04,way,194996668,Dorothea Dix Park,leisure,park,Point,representative_point_outside_region,"{""emergency"": ""no"", ""leisure"": ""park"", ""name"": ""Dorothea Dix Park""}"
RAL-04,way,200456347,,leisure,disc_golf_course,Point,unnamed_not_inherently_meaningful,"{""access"": ""unknown"", ""contact:website"": ""http://www.ncsu.edu/facilities/buildings/disk_golf.html"", ""leisure"": ""disc_golf_course"", ""sport"": ""disc_golf"", ""start_date"": ""2010""}"
RAL-04,way,235051706,,amenity,parking,Point,low_value_category,"{""access"": ""private"", ""amenity"": ""parking"", ""parking"": ""surface""}"
RAL-04,way,235051707,,amenity,parking,Point,low_value_category,"{""access"": ""private"", ""amenity"": ""parking"", ""parking"": ""surface""}"
RAL-04,way,235051708,,amenity,parking,Point,low_value_category,"{""access"": ""private"", ""amenity"": ""parking"", ""parking"": ""surface""}"
RAL-04,way,235051709,,amenity,parking,Point,low_value_category,"{""access"": ""private"", ""amenity"": ""parking"", ""parking"": ""surface""}"
RAL-04,way,235051710,,amenity,parking,Point,low_value_category,"{""access"": ""private"", ""amenity"": ""parking"", ""parking"": ""surface""}"
RAL-04,way,235051711,,amenity,parking,Point,low_value_category,"{""access"": ""private"", ""amenity"": ""parking"", ""parking"": ""surface""}"
RAL-04,way,235834661,,amenity,parking,Point,low_value_category,"{""access"": ""private"", ""amenity"": ""parking"", ""parking"": ""surface""}"
RAL-04,way,235834662,,amenity,parking,Point,low_value_category,"{""access"": ""private"", ""amenity"": ""parking"", ""parking"": ""surface""}"
RAL-04,way,235834663,,amenity,parking,Point,low_value_category,"{""access"": ""private"", ""amenity"": ""parking"", ""parking"": ""surface""}"
RAL-04,way,235834664,,amenity,parking,Point,low_value_category,"{""access"": ""private"", ""amenity"": ""parking"", ""parking"": ""surface""}"
RAL-04,way,239240384,,amenity,parking,Point,low_value_category,"{""amenity"": ""parking"", ""capacity"": ""200"", ""parking"": ""surface""}"
RAL-04,way,239261993,,amenity,parking,Point,low_value_category,"{""access"": ""private"", ""amenity"": ""parking"", ""capacity"": ""9"", ""parking"": ""surface"", ""wheelchair"": ""yes""}"
RAL-04,way,239262362,,amenity,parking,Point,low_value_category,"{""access"": ""private"", ""amenity"": ""parking"", ""parking"": ""surface""}"
RAL-04,way,239262363,,leisure,park,Point,retained:inherently_meaningful,"{""leisure"": ""park""}"
RAL-04,way,239262849,,amenity,parking,Point,low_value_category,"{""access"": ""private"", ""amenity"": ""parking"", ""parking"": ""surface"", ""source"": ""Bing imagery""}"
RAL-04,way,239263106,,amenity,parking,Point,low_value_category,"{""access"": ""customers"", ""amenity"": ""parking"", ""fee"": ""no"", ""parking"": ""surface""}"
RAL-04,way,239263107,,amenity,parking,Point,low_value_category,"{""access"": ""customers"", ""amenity"": ""parking"", ""fee"": ""no"", ""parking"": ""surface""}"
RAL-04,way,239263108,,amenity,parking,Point,low_value_category,"{""access"": ""customers"", ""amenity"": ""parking"", ""fee"": ""no"", ""parking"": ""surface""}"
RAL-04,way,239263425,,amenity,parking,Point,low_value_category,"{""access"": ""private"", ""amenity"": ""parking"", ""parking"": ""surface"", ""source"": ""Bing imagery""}"
RAL-04,way,297300830,,amenity,parking,Point,low_value_category,"{""access"": ""permit"", ""amenity"": ""parking"", ""note"": ""Requires RC permit from NC State. Enforced M-F 7:00am to Midnight."", ""parking"": ""surface"", ""supervised"": ""no""}"
RAL-04,way,297300831,,amenity,parking,Point,low_value_category,"{""access"": ""permit"", ""amenity"": ""parking"", ""parking"": ""surface"", ""wheelchair"": ""yes""}"
RAL-04,way,297300832,Oval East Lot,amenity,parking,Point,low_value_category,"{""access"": ""permit"", ""amenity"": ""parking"", ""name"": ""Oval East Lot"", ""parking"": ""surface""}"
RAL-04,way,297305755,The Cistern,leisure,park,Point,retained:named_poi,"{""leisure"": ""park"", ""name"": ""The Cistern""}"
RAL-04,way,297307157,,amenity,parking,Point,low_value_category,"{""access"": ""permit"", ""amenity"": ""parking"", ""parking"": ""lane""}"
RAL-04,way,297307158,,amenity,parking,Point,low_value_category,"{""access"": ""private"", ""amenity"": ""parking"", ""parking"": ""surface""}"
RAL-04,way,297580267,,amenity,parking,Point,low_value_category,"{""access"": ""private"", ""amenity"": ""parking"", ""parking"": ""surface""}"
RAL-04,way,297580268,,amenity,parking,Point,low_value_category,"{""access"": ""private"", ""amenity"": ""parking"", ""parking"": ""surface""}"
RAL-04,way,297580269,,amenity,parking,Point,low_value_category,"{""access"": ""private"", ""amenity"": ""parking"", ""parking"": ""surface""}"
RAL-04,way,304460443,,amenity,parking,Point,low_value_category,"{""access"": ""private"", ""amenity"": ""parking"", ""parking"": ""surface""}"
RAL-04,way,304460444,,amenity,parking,Point,low_value_category,"{""access"": ""private"", ""amenity"": ""parking"", ""parking"": ""surface""}"
RAL-04,way,304460445,,amenity,parking,Point,low_value_category,"{""access"": ""private"", ""amenity"": ""parking"", ""parking"": ""surface""}"
RAL-04,way,304460446,,amenity,parking,Point,low_value_category,"{""access"": ""private"", ""amenity"": ""parking"", ""parking"": ""sheds""}"
RAL-04,way,304460447,,amenity,parking,Point,low_value_category,"{""access"": ""private"", ""amenity"": ""parking"", ""parking"": ""sheds""}"
RAL-04,way,304460448,,amenity,parking,Point,low_value_category,"{""access"": ""private"", ""amenity"": ""parking"", ""parking"": ""surface""}"
RAL-04,way,304460449,,amenity,parking,Point,low_value_category,"{""access"": ""private"", ""amenity"": ""parking"", ""parking"": ""surface""}"
RAL-04,way,304460450,,amenity,parking,Point,low_value_category,"{""access"": ""private"", ""amenity"": ""parking"", ""parking"": ""surface""}"
RAL-04,way,304460451,,amenity,parking,Point,low_value_category,"{""access"": ""private"", ""amenity"": ""parking"", ""parking"": ""surface""}"
RAL-04,way,304460452,,amenity,parking,Point,low_value_category,"{""access"": ""private"", ""amenity"": ""parking"", ""parking"": ""sheds""}"
RAL-04,way,304460453,,amenity,parking,Point,low_value_category,"{""access"": ""private"", ""amenity"": ""parking"", ""parking"": ""sheds""}"
RAL-04,way,304460454,,amenity,parking,Point,low_value_category,"{""access"": ""private"", ""amenity"": ""parking"", ""parking"": ""surface""}"
RAL-04,way,304460455,,amenity,parking,Point,low_value_category,"{""access"": ""private"", ""amenity"": ""parking"", ""parking"": ""surface""}"
RAL-04,way,304460456,,amenity,parking,Point,low_value_category,"{""access"": ""private"", ""amenity"": ""parking"", ""parking"": ""surface""}"
RAL-04,way,304460457,,amenity,parking,Point,low_value_category,"{""access"": ""private"", ""amenity"": ""parking"", ""parking"": ""surface""}"
RAL-04,way,304460458,,amenity,parking,Point,low_value_category,"{""access"": ""private"", ""amenity"": ""parking"", ""parking"": ""surface""}"
RAL-04,way,304460459,,amenity,parking,Point,low_value_category,"{""access"": ""private"", ""amenity"": ""parking"", ""parking"": ""surface""}"
RAL-04,way,304460460,,amenity,parking,Point,low_value_category,"{""access"": ""private"", ""amenity"": ""parking"", ""parking"": ""surface""}"
RAL-04,way,304460461,,amenity,parking,Point,low_value_category,"{""access"": ""private"", ""amenity"": ""parking"", ""parking"": ""surface""}"
RAL-04,way,304460462,,amenity,parking,Point,low_value_category,"{""access"": ""private"", ""amenity"": ""parking"", ""parking"": ""sheds""}"
RAL-04,way,304460463,,amenity,parking,Point,low_value_category,"{""access"": ""private"", ""amenity"": ""parking"", ""parking"": ""surface""}"
RAL-04,way,304460464,,amenity,parking,Point,low_value_category,"{""access"": ""private"", ""amenity"": ""parking"", ""parking"": ""surface""}"
RAL-04,way,304460465,,amenity,parking,Point,low_value_category,"{""access"": ""private"", ""amenity"": ""parking"", ""parking"": ""surface""}"
RAL-04,way,304460466,,amenity,parking,Point,low_value_category,"{""access"": ""private"", ""amenity"": ""parking"", ""parking"": ""surface""}"
RAL-04,way,304460467,,amenity,parking,Point,low_value_category,"{""access"": ""private"", ""amenity"": ""parking"", ""parking"": ""surface""}"
RAL-04,way,304460468,,amenity,parking,Point,low_value_category,"{""access"": ""private"", ""amenity"": ""parking"", ""parking"": ""surface""}"
RAL-04,way,304460469,,amenity,parking,Point,low_value_category,"{""access"": ""private"", ""amenity"": ""parking"", ""parking"": ""surface""}"
RAL-04,way,304460470,,amenity,parking,Point,low_value_category,"{""access"": ""private"", ""amenity"": ""parking"", ""parking"": ""surface""}"
RAL-04,way,304460471,,amenity,parking,Point,low_value_category,"{""access"": ""private"", ""amenity"": ""parking"", ""parking"": ""surface""}"
RAL-04,way,304460472,,amenity,parking,Point,low_value_category,"{""access"": ""private"", ""amenity"": ""parking"", ""parking"": ""surface""}"
RAL-04,way,304460473,,amenity,parking,Point,low_value_category,"{""access"": ""private"", ""amenity"": ""parking"", ""parking"": ""surface""}"
RAL-04,way,304460474,,amenity,parking,Point,low_value_category,"{""access"": ""private"", ""amenity"": ""parking"", ""parking"": ""surface""}"
RAL-04,way,304460475,,amenity,parking,Point,low_value_category,"{""access"": ""private"", ""amenity"": ""parking"", ""parking"": ""surface""}"
RAL-04,way,341862749,K9 Training Course,amenity,training,Point,retained:named_poi,"{""amenity"": ""training"", ""name"": ""K9 Training Course"", ""training"": ""K9""}"
RAL-04,way,352694264,,amenity,parking,Point,low_value_category,"{""access"": ""customers"", ""amenity"": ""parking"", ""fee"": ""yes"", ""parking"": ""surface""}"
RAL-04,way,378067835,Alliance Deck,amenity,parking,Point,low_value_category,"{""access"": ""private"", ""amenity"": ""parking"", ""building"": ""yes"", ""name"": ""Alliance Deck"", ""parking"": ""multi-storey""}"
RAL-04,way,382297658,Information Booth,tourism,information,Point,retained:named_poi,"{""building"": ""commercial"", ""information"": ""map"", ""name"": ""Information Booth"", ""nohousenumber"": ""yes"", ""tourism"": ""information""}"
RAL-04,way,413129356,,amenity,parking,Point,low_value_category,"{""access"": ""private"", ""amenity"": ""parking"", ""parking"": ""surface""}"
RAL-04,way,413129357,,amenity,parking,Point,low_value_category,"{""access"": ""yes"", ""amenity"": ""parking"", ""fee"": ""yes"", ""parking"": ""surface""}"
RAL-04,way,413129358,,amenity,parking,Point,low_value_category,"{""access"": ""private"", ""amenity"": ""parking"", ""parking"": ""surface""}"
RAL-04,way,423487931,,amenity,parking,Point,low_value_category,"{""access"": ""private"", ""amenity"": ""parking"", ""parking"": ""surface""}"
RAL-04,way,423487932,,amenity,parking,Point,low_value_category,"{""access"": ""private"", ""amenity"": ""parking"", ""parking"": ""surface""}"
RAL-04,way,423487933,,amenity,parking,Point,low_value_category,"{""access"": ""private"", ""amenity"": ""parking"", ""parking"": ""surface""}"
RAL-04,way,423487934,,amenity,parking,Point,low_value_category,"{""access"": ""private"", ""amenity"": ""parking"", ""parking"": ""surface""}"
RAL-04,way,423487935,,amenity,parking,Point,low_value_category,"{""access"": ""private"", ""amenity"": ""parking"", ""parking"": ""surface""}"
RAL-04,way,423487936,,amenity,parking,Point,low_value_category,"{""access"": ""private"", ""amenity"": ""parking"", ""parking"": ""surface""}"
RAL-04,way,423487937,,amenity,parking,Point,low_value_category,"{""access"": ""private"", ""amenity"": ""parking"", ""parking"": ""surface""}"
RAL-04,way,426252345,The Oval,leisure,park,Point,retained:named_poi,"{""landuse"": ""recreation_ground"", ""leisure"": ""park"", ""name"": ""The Oval""}"
RAL-04,way,426252349,,leisure,park,Point,retained:inherently_meaningful,"{""leisure"": ""park""}"
RAL-04,way,426252350,,leisure,park,Point,retained:inherently_meaningful,"{""leisure"": ""park""}"
RAL-04,way,426252352,,leisure,park,Point,retained:inherently_meaningful,"{""leisure"": ""park""}"
RAL-04,way,426252353,,leisure,park,Point,retained:inherently_meaningful,"{""leisure"": ""park""}"
RAL-04,way,430436305,Lonnie Poole Golf Course,leisure,golf_course,Point,retained:named_poi,"{""addr:city"": ""Raleigh"", ""addr:housenumber"": ""1509"", ""addr:postcode"": ""27606"", ""addr:street"": ""Main Campus Drive"", ""leisure"": ""golf_course"", ""name"": ""Lonnie Poole Golf Course"", ""phone"": ""+1 919 833 3338"", ""website"": ""https://www.lonniepoolegolfcourse.com/"", ""wikidata"": ""Q6674755""}"
RAL-04,way,544913146,,amenity,parking,Point,low_value_category,"{""access"": ""permissive"", ""amenity"": ""parking"", ""parking"": ""surface"", ""surface"": ""asphalt""}"
RAL-04,way,584475101,,leisure,park,Point,retained:inherently_meaningful,"{""leisure"": ""park""}"
RAL-04,way,584475102,,leisure,park,Point,retained:inherently_meaningful,"{""leisure"": ""park""}"
RAL-04,way,584475103,Venture Courtyard,leisure,park,Point,retained:named_poi,"{""leisure"": ""park"", ""name"": ""Venture Courtyard""}"
RAL-04,way,584475104,,leisure,park,Point,retained:inherently_meaningful,"{""leisure"": ""park""}"
RAL-04,way,584475823,Lake Raleigh Picnic Area,leisure,park,Point,retained:named_poi,"{""leisure"": ""park"", ""name"": ""Lake Raleigh Picnic Area""}"
RAL-04,way,584475824,Textiles Courtyard,leisure,park,Point,retained:named_poi,"{""leisure"": ""park"", ""name"": ""Textiles Courtyard""}"
RAL-04,way,664887034,,amenity,parking,Point,low_value_category,"{""access"": ""yes"", ""amenity"": ""parking"", ""fee"": ""no"", ""parking"": ""surface""}"
RAL-04,way,666513374,Poulton Deck,amenity,parking,Point,low_value_category,"{""access"": ""yes"", ""amenity"": ""parking"", ""building"": ""parking"", ""fee"": ""no"", ""fee:conditional"": ""yes @ (Mo-Fr 07:00-17:00)"", ""name"": ""Poulton Deck"", ""opening_hours"": ""Mo-Fr 07:00-17:00"", ""parking"": ""multi-storey""}"
RAL-04,way,677320624,,amenity,shelter,Point,low_value_category,"{""amenity"": ""shelter"", ""building"": ""yes"", ""shelter_type"": ""public_transport""}"
RAL-04,way,677320792,"The StateView Hotel, Autograph Collection",tourism,hotel,Point,retained:named_poi,"{""addr:city"": ""Raleigh"", ""addr:housenumber"": ""2451"", ""addr:postcode"": ""27606"", ""addr:state"": ""NC"", ""addr:street"": ""Alumni Drive"", ""building"": ""yes"", ""email"": ""info@stateviewhotel.com"", ""fax"": ""+1-984-349-5143"", ""internet_access"": ""wlan"", ""internet_access:fee"": ""no"", ""name"": ""The StateView Hotel, Autograph Collection"", ""phone"": ""+1-919-743-0055"", ""tourism"": ""hotel"", ""website"": ""https://www.marriott.com/hotels/travel/rduas-the-stateview-hotel-autograph-collection/""}"
RAL-04,way,677320871,,amenity,shelter,Point,low_value_category,"{""amenity"": ""shelter"", ""building"": ""yes"", ""shelter_type"": ""public_transport""}"
RAL-04,way,677320998,,office,yes,Point,unnamed_not_inherently_meaningful,"{""building"": ""yes"", ""office"": ""yes""}"
RAL-04,way,677321002,,amenity,bicycle_parking,Point,low_value_category,"{""amenity"": ""bicycle_parking"", ""bicycle_parking"": ""stands"", ""building"": ""roof"", ""building:levels"": ""1"", ""capacity"": ""35"", ""covered"": ""yes"", ""roof:shape"": ""hipped""}"
RAL-04,way,686925988,,amenity,parking,Point,low_value_category,"{""access"": ""permit"", ""amenity"": ""parking"", ""capacity"": ""2"", ""parking"": ""lane""}"
RAL-04,way,686925989,,amenity,parking,Point,low_value_category,"{""access"": ""permit"", ""amenity"": ""parking"", ""parking"": ""surface""}"
RAL-04,way,688713586,,leisure,garden,Point,unnamed_not_inherently_meaningful,"{""leisure"": ""garden""}"
RAL-04,way,688713588,,leisure,garden,Point,unnamed_not_inherently_meaningful,"{""leisure"": ""garden""}"
RAL-04,way,728199514,,amenity,parking,Point,low_value_category,"{""amenity"": ""parking"", ""parking"": ""surface""}"
RAL-04,way,728199516,,leisure,swimming_pool,Point,unnamed_not_inherently_meaningful,"{""leisure"": ""swimming_pool""}"
RAL-04,way,728199519,,amenity,parking,Point,low_value_category,"{""access"": ""customers"", ""amenity"": ""parking"", ""fee"": ""no"", ""parking"": ""surface""}"
RAL-04,way,728199524,,amenity,parking,Point,low_value_category,"{""access"": ""customers"", ""amenity"": ""parking"", ""fee"": ""no"", ""parking"": ""surface""}"
RAL-04,way,736389955,,leisure,swimming_pool,Point,unnamed_not_inherently_meaningful,"{""leisure"": ""swimming_pool""}"
RAL-04,way,736389959,,amenity,parking,Point,low_value_category,"{""access"": ""private"", ""amenity"": ""parking"", ""parking"": ""surface""}"
RAL-04,way,736389997,,amenity,parking,Point,low_value_category,"{""access"": ""private"", ""amenity"": ""parking"", ""parking"": ""surface""}"
RAL-04,way,736389998,,amenity,parking,Point,low_value_category,"{""access"": ""private"", ""amenity"": ""parking"", ""parking"": ""surface""}"
RAL-04,way,736389999,,amenity,parking,Point,low_value_category,"{""access"": ""private"", ""amenity"": ""parking"", ""parking"": ""surface""}"
RAL-04,way,736390000,,amenity,parking,Point,low_value_category,"{""access"": ""private"", ""amenity"": ""parking"", ""parking"": ""surface""}"
RAL-04,way,736390001,,amenity,parking,Point,low_value_category,"{""access"": ""private"", ""amenity"": ""parking"", ""parking"": ""surface""}"
RAL-04,way,736390002,,amenity,parking,Point,low_value_category,"{""access"": ""private"", ""amenity"": ""parking"", ""parking"": ""surface""}"
RAL-04,way,736390003,,amenity,parking,Point,low_value_category,"{""access"": ""private"", ""amenity"": ""parking"", ""parking"": ""surface""}"
RAL-04,way,736390024,,amenity,fountain,Point,unnamed_not_inherently_meaningful,"{""amenity"": ""fountain""}"
RAL-04,way,770943149,Center for Technology and Innovation Parking Deck,amenity,parking,Point,low_value_category,"{""access"": ""private"", ""amenity"": ""parking"", ""building"": ""parking"", ""name"": ""Center for Technology and Innovation Parking Deck"", ""parking"": ""multi-storey""}"
RAL-04,way,779967278,The Greens Dog Park,leisure,park,Point,retained:named_poi,"{""leisure"": ""park"", ""name"": ""The Greens Dog Park""}"
RAL-04,way,833627049,,amenity,parking,Point,low_value_category,"{""access"": ""private"", ""amenity"": ""parking"", ""parking"": ""surface"", ""surface"": ""concrete""}"
RAL-04,way,940578212,,office,yes,Point,unnamed_not_inherently_meaningful,"{""building"": ""yes"", ""office"": ""yes""}"
RAL-04,way,940578213,,office,yes,Point,unnamed_not_inherently_meaningful,"{""building"": ""yes"", ""office"": ""yes""}"
RAL-04,way,940578214,,office,yes,Point,unnamed_not_inherently_meaningful,"{""building"": ""yes"", ""office"": ""yes""}"
RAL-04,way,946861861,North Carolina State University,amenity,parking,Point,low_value_category,"{""access"": ""yes"", ""amenity"": ""parking"", ""fee"": ""yes"", ""operator"": ""North Carolina State University"", ""parking"": ""surface"", ""surface"": ""asphalt""}"
RAL-04,way,967122917,Hunt Rain Garden,leisure,garden,Point,retained:named_poi,"{""access"": ""yes"", ""fee"": ""no"", ""garden:type"": ""rain_garden"", ""leisure"": ""garden"", ""name"": ""Hunt Rain Garden"", ""operator"": ""North Carolina State University"", ""operator:type"": ""university""}"
RAL-04,way,1044483352,,amenity,parking,Point,low_value_category,"{""access"": ""private"", ""amenity"": ""parking"", ""parking"": ""surface"", ""surface"": ""asphalt""}"
RAL-04,way,1044483353,,amenity,parking,Point,low_value_category,"{""access"": ""private"", ""amenity"": ""parking"", ""parking"": ""surface"", ""surface"": ""asphalt""}"
RAL-04,way,1044483359,,amenity,parking,Point,low_value_category,"{""amenity"": ""parking"", ""parking"": ""surface"", ""surface"": ""asphalt""}"
RAL-04,way,1044483360,,amenity,parking,Point,low_value_category,"{""amenity"": ""parking"", ""parking"": ""surface"", ""surface"": ""asphalt""}"
RAL-04,way,1044483368,,amenity,parking,Point,low_value_category,"{""amenity"": ""parking"", ""parking"": ""surface"", ""surface"": ""asphalt""}"
RAL-04,way,1044483369,,amenity,parking,Point,low_value_category,"{""access"": ""private"", ""amenity"": ""parking"", ""parking"": ""surface"", ""surface"": ""asphalt""}"
RAL-04,way,1073395772,,amenity,parking,Point,low_value_category,"{""amenity"": ""parking"", ""parking"": ""lane"", ""surface"": ""asphalt""}"
RAL-04,way,1073395773,,amenity,parking,Point,low_value_category,"{""amenity"": ""parking"", ""parking"": ""lane"", ""surface"": ""asphalt""}"
RAL-04,way,1219349711,Reds and Whites,tourism,artwork,Point,retained:named_poi,"{""area"": ""yes"", ""artist_name"": ""Larry Bell"", ""artwork_type"": ""installation"", ""material"": ""glass"", ""name"": ""Reds and Whites"", ""source"": ""https://news.ncsu.edu/2024/05/reds-and-whites-artwork-larry-bell/"", ""tourism"": ""artwork""}"
RAL-04,way,1231283097,Raleigh Fire Station Number 20,amenity,fire_station,Point,representative_point_outside_region,"{""addr:state"": ""NC"", ""amenity"": ""fire_station"", ""ele"": ""126"", ""gnis:feature_id"": ""2454436"", ""name"": ""Raleigh Fire Station Number 20"", ""source"": ""USGS Geonames""}"
RAL-04,way,1280036306,,leisure,track,Point,unnamed_not_inherently_meaningful,"{""leisure"": ""track"", ""sport"": ""running""}"
RAL-04,way,1323093988,,leisure,pitch,Point,unnamed_pitch,"{""leisure"": ""pitch"", ""sport"": ""beachvolleyball"", ""surface"": ""sand""}"
RAL-04,relation,6431764,North Carolina State University,amenity,university,MultiPolygon,representative_point_outside_region,"{""addr:city"": ""Raleigh"", ""addr:postcode"": ""27695"", ""addr:state"": ""NC"", ""amenity"": ""university"", ""ele"": ""118"", ""name"": ""North Carolina State University"", ""name:fr"": ""Université d'État de Caroline du Nord"", ""name:ru"": ""Университет штата Северная Каролина"", ""short_name"": ""NC STATE"", ""type"": ""multipolygon"", ""website"": ""https://www.ncsu.edu/"", ""website:mobile"": ""http://m.ncsu.edu"", ""wikidata"": ""Q1132346"", ""wikipedia"": ""en:North Carolina State University""}"
RAL-04,relation,8545666,College of Engineering EB II / Oval Dr,public_transport,stop_area,Point,retained:named_poi,"{""name"": ""College of Engineering EB II / Oval Dr"", ""network"": ""Wolfline"", ""operator"": ""Transdev"", ""public_transport"": ""stop_area"", ""type"": ""public_transport""}"
RAL-04,relation,11511774,Partners Way Parking Deck,amenity,parking,Polygon,low_value_category,"{""access"": ""private"", ""amenity"": ""parking"", ""building"": ""parking;yes"", ""fee"": ""yes"", ""fee:conditional"": ""yes @ (Mo-Fr 07:00-17:00)"", ""layer"": ""1"", ""name"": ""Partners Way Parking Deck"", ""parking"": ""multi-storey"", ""payment:credit_cards"": ""yes"", ""type"": ""multipolygon""}"
RAL-05,node,607696788,,amenity,parking_entrance,Point,low_value_category,"{""amenity"": ""parking_entrance""}"
RAL-05,node,5900159552,,amenity,parking_entrance,Point,low_value_category,"{""amenity"": ""parking_entrance""}"
RAL-05,node,5900159766,,amenity,parking_entrance,Point,low_value_category,"{""amenity"": ""parking_entrance""}"
RAL-05,node,5900159895,,amenity,parking_entrance,Point,low_value_category,"{""amenity"": ""parking_entrance""}"
RAL-05,node,5900159896,,amenity,parking_entrance,Point,low_value_category,"{""amenity"": ""parking_entrance""}"
RAL-05,node,5900159987,,amenity,parking_entrance,Point,low_value_category,"{""amenity"": ""parking_entrance""}"
RAL-05,node,5900159988,,amenity,parking_entrance,Point,low_value_category,"{""amenity"": ""parking_entrance""}"
RAL-05,node,5900160023,,amenity,parking_entrance,Point,low_value_category,"{""amenity"": ""parking_entrance""}"
RAL-05,node,5900160028,,amenity,parking_entrance,Point,low_value_category,"{""amenity"": ""parking_entrance""}"
RAL-05,node,5900160029,,amenity,parking_entrance,Point,low_value_category,"{""amenity"": ""parking_entrance""}"
RAL-05,node,5900187966,,amenity,parking_entrance,Point,low_value_category,"{""amenity"": ""parking_entrance""}"
RAL-05,node,5900187967,,amenity,parking_entrance,Point,low_value_category,"{""amenity"": ""parking_entrance""}"
RAL-05,node,5901928920,,amenity,parking_entrance,Point,low_value_category,"{""amenity"": ""parking_entrance""}"
RAL-05,node,6506991272,WakeMed at Wake Tech,public_transport,platform,Point,transport_platform_infrastructure,"{""bench"": ""yes"", ""bin"": ""yes"", ""bus"": ""yes"", ""highway"": ""bus_stop"", ""name"": ""WakeMed at Wake Tech"", ""network"": ""GoRaleigh"", ""network:wikidata"": ""Q5035469"", ""network:wikipedia"": ""en:GoRaleigh"", ""public_transport"": ""platform"", ""ref"": ""8632"", ""shelter"": ""yes""}"
RAL-05,node,6507003664,WakeMed at the Andrews Center,public_transport,platform,Point,transport_platform_infrastructure,"{""bench"": ""yes"", ""bin"": ""yes"", ""bus"": ""yes"", ""highway"": ""bus_stop"", ""name"": ""WakeMed at the Andrews Center"", ""network"": ""GoRaleigh"", ""network:wikidata"": ""Q5035469"", ""network:wikipedia"": ""en:GoRaleigh"", ""public_transport"": ""platform"", ""ref"": ""8633"", ""shelter"": ""yes""}"
RAL-05,node,6507009224,WakeMed Perimeter Rd at Swinburne St,public_transport,platform,Point,transport_platform_infrastructure,"{""bench"": ""no"", ""bin"": ""no"", ""bus"": ""yes"", ""highway"": ""bus_stop"", ""name"": ""WakeMed Perimeter Rd at Swinburne St"", ""network"": ""GoRaleigh"", ""network:wikidata"": ""Q5035469"", ""network:wikipedia"": ""en:GoRaleigh"", ""public_transport"": ""platform"", ""ref"": ""9415"", ""shelter"": ""no""}"
RAL-05,node,6507010163,New Bern Ave at Wake Med (EB),public_transport,platform,Point,transport_platform_infrastructure,"{""bus"": ""yes"", ""highway"": ""bus_stop"", ""name"": ""New Bern Ave at Wake Med (EB)"", ""network"": ""GoTriangle"", ""network:wikidata"": ""Q7840091"", ""network:wikipedia"": ""en:GoTriangle"", ""public_transport"": ""platform"", ""ref"": ""1891""}"
RAL-05,node,6507029747,New Bern Ave at West Campus Dr (EB),public_transport,platform,Point,transport_platform_infrastructure,"{""bench"": ""no"", ""bin"": ""no"", ""bus"": ""yes"", ""highway"": ""bus_stop"", ""name"": ""New Bern Ave at West Campus Dr (EB)"", ""network"": ""GoRaleigh"", ""network:wikidata"": ""Q5035469"", ""network:wikipedia"": ""en:GoRaleigh"", ""public_transport"": ""platform"", ""ref"": ""8330"", ""shelter"": ""no""}"
RAL-05,node,6507032866,West Campus Dr at Galahad Dr,public_transport,platform,Point,transport_platform_infrastructure,"{""bench"": ""yes"", ""bin"": ""yes"", ""bus"": ""yes"", ""highway"": ""bus_stop"", ""name"": ""West Campus Dr at Galahad Dr"", ""network"": ""GoRaleigh"", ""network:wikidata"": ""Q5035469"", ""network:wikipedia"": ""en:GoRaleigh"", ""public_transport"": ""platform"", ""ref"": ""8631"", ""shelter"": ""yes""}"
RAL-05,node,6717727139,Wakemed Heart Center,healthcare,doctor,Point,retained:named_poi,"{""addr:city"": ""Raleigh"", ""addr:housenumber"": ""3000"", ""addr:postcode"": ""27610"", ""addr:state"": ""NC"", ""addr:street"": ""New Bern Avenue"", ""amenity"": ""doctors"", ""healthcare"": ""doctor"", ""healthcare:speciality"": ""cardiology"", ""name"": ""Wakemed Heart Center""}"
RAL-05,node,10304812051,WakeMed Cardiovascular & Thoracic Surgery,healthcare,doctor,Point,retained:named_poi,"{""addr:city"": ""Raleigh"", ""addr:housenumber"": ""3000"", ""addr:postcode"": ""27610"", ""addr:state"": ""NC"", ""addr:street"": ""New Bern Avenue"", ""addr:unit"": ""1100"", ""amenity"": ""doctors"", ""healthcare"": ""doctor"", ""healthcare:speciality"": ""cardiology"", ""name"": ""WakeMed Cardiovascular & Thoracic Surgery"", ""phone"": ""+1-919-231-6333""}"
RAL-05,way,47758565,,amenity,parking,Polygon,low_value_category,"{""amenity"": ""parking"", ""building"": ""parking"", ""parking"": ""multi-storey"", ""source"": ""WakeGIS""}"
RAL-05,way,47776787,,amenity,parking,Polygon,low_value_category,"{""amenity"": ""parking"", ""building"": ""parking"", ""building:use"": ""commercial"", ""parking"": ""multi-storey"", ""source"": ""WakeGIS""}"
RAL-05,way,187536422,,amenity,parking,Polygon,low_value_category,"{""amenity"": ""parking"", ""building"": ""parking"", ""parking"": ""multi-storey""}"
RAL-05,way,187536434,,amenity,parking,Polygon,low_value_category,"{""amenity"": ""parking"", ""parking"": ""surface"", ""surface"": ""asphalt""}"
RAL-05,way,187536438,,amenity,parking,Polygon,low_value_category,"{""amenity"": ""parking"", ""parking"": ""surface"", ""surface"": ""asphalt""}"
RAL-05,way,198165156,Wake Technical Community College: Perry Health Sciences Campus,amenity,college,Polygon,representative_point_outside_region,"{""amenity"": ""college"", ""name"": ""Wake Technical Community College: Perry Health Sciences Campus""}"
RAL-05,way,198168608,WakeMed Health & Hospitals: Raleigh Campus,healthcare,hospital,Polygon,retained:named_poi,"{""addr:city"": ""Raleigh"", ""addr:housenumber"": ""3000"", ""addr:postcode"": ""27610"", ""addr:street"": ""New Bern Avenue"", ""amenity"": ""hospital"", ""beds"": ""628"", ""emergency"": ""yes"", ""healthcare"": ""hospital"", ""name"": ""WakeMed Health & Hospitals: Raleigh Campus"", ""opening_hours"": ""24/7"", ""operator"": ""WakeMed"", ""operator:wikidata"": ""Q7960892"", ""phone"": ""+1 919 350 8000"", ""website"": ""https://www.wakemed.org/location/raleigh-campus""}"
RAL-05,way,624814390,,amenity,parking,Polygon,low_value_category,"{""amenity"": ""parking"", ""building"": ""parking"", ""parking"": ""multi-storey""}"
RAL-05,way,624816652,,amenity,parking,Polygon,low_value_category,"{""amenity"": ""parking"", ""building"": ""parking"", ""parking"": ""multi-storey""}"
RAL-05,way,624816655,,amenity,parking,Polygon,low_value_category,"{""amenity"": ""parking"", ""parking"": ""surface""}"
RAL-05,way,624816656,,amenity,parking,Polygon,low_value_category,"{""amenity"": ""parking"", ""parking"": ""surface""}"
RAL-05,way,624841606,,amenity,parking,Polygon,low_value_category,"{""amenity"": ""parking"", ""parking"": ""surface""}"
RAL-05,way,624841608,,amenity,parking,Polygon,low_value_category,"{""amenity"": ""parking"", ""parking"": ""surface""}"
RAL-05,way,624841619,,amenity,parking,Polygon,low_value_category,"{""amenity"": ""parking"", ""parking"": ""surface""}"
RAL-05,way,625078185,,amenity,parking,Polygon,low_value_category,"{""amenity"": ""parking"", ""parking"": ""surface""}"
RAL-05,way,625078186,,amenity,parking,Polygon,low_value_category,"{""amenity"": ""parking"", ""parking"": ""surface""}"
RAL-05,way,1046176560,,amenity,parking,Polygon,low_value_category,"{""amenity"": ""parking"", ""parking"": ""surface"", ""surface"": ""asphalt""}"
RAL-05,way,1046176563,,amenity,parking,Polygon,low_value_category,"{""amenity"": ""parking"", ""parking"": ""surface"", ""surface"": ""unpaved""}"
RAL-05,way,1046176564,,amenity,parking,Polygon,low_value_category,"{""amenity"": ""parking"", ""parking"": ""surface"", ""surface"": ""unpaved""}"
RAL-05,relation,8680926,,amenity,parking,Point,low_value_category,"{""amenity"": ""parking"", ""parking"": ""surface"", ""surface"": ""asphalt"", ""type"": ""multipolygon""}"
