poi_id,region_id,parent_city,osm_type,osm_id,name,normalized_name,source_geometry_type,representative_latitude,representative_longitude,primary_osm_key,primary_osm_value,brand,operator,address,wikidata,wikipedia,website,raw_tags,retrieved_at_utc,source,review_required,geometry_wkt
DUR-01_osm_node_10030458244,DUR-01,Durham,node,10030458244,Arcana,arcana,Point,35.9964093,-78.9037376,amenity,bar,,,housenumber=331; postcode=27701; street=West Main Street,,,https://arcanadurham.com/,"{""addr:housenumber"": ""331"", ""addr:postcode"": ""27701"", ""addr:street"": ""West Main Street"", ""amenity"": ""bar"", ""check_date"": ""2026-09-21"", ""check_date:opening_hours"": ""2026-09-21"", ""lgbtq"": ""welcome"", ""min_age"": ""21"", ""name"": ""Arcana"", ""opening_hours"": ""Su, Tu-Th 18:00-24:00; Fr-Sa 17:00-00:00"", ""phone"": ""+1-919-973-1675"", ""website"": ""https://arcanadurham.com/""}",2026-10-10T14:14:29Z,OpenStreetMap Overpass API,False,POINT (-78.903738 35.996409)
DUR-01_osm_node_10127544338,DUR-01,Durham,node,10127544338,Blackwell's Bail Bonding,blackwell s bail bonding,Point,35.9854364,-78.8981173,office,bail_bond_agent,,,city=Durham; housenumber=902; postcode=27701; state=NC; street=Fayetteville Street,,,https://blackwellsbonding.com,"{""addr:city"": ""Durham"", ""addr:housenumber"": ""902"", ""addr:postcode"": ""27701"", ""addr:state"": ""NC"", ""addr:street"": ""Fayetteville Street"", ""name"": ""Blackwell's Bail Bonding"", ""office"": ""bail_bond_agent"", ""opening_hours"": ""Mo-Su 09:00- 15:00"", ""phone"": ""+1-919-688-7442"", ""website"": ""https://blackwellsbonding.com""}",2026-10-10T14:14:29Z,OpenStreetMap Overpass API,False,POINT (-78.898117 35.985436)
DUR-01_osm_node_10556268767,DUR-01,Durham,node,10556268767,Law Offices of James Scott Farrin,law offices of james scott farrin,Point,35.9902874,-78.9016653,office,lawyer,,,city=Durham; housenumber=555; postcode=27701; state=NC; street=South Mangum Street; unit=Suite 800,,,https://www.farrin.com/,"{""addr:city"": ""Durham"", ""addr:housenumber"": ""555"", ""addr:postcode"": ""27701"", ""addr:state"": ""NC"", ""addr:street"": ""South Mangum Street"", ""addr:unit"": ""Suite 800"", ""name"": ""Law Offices of James Scott Farrin"", ""office"": ""lawyer"", ""opening_hours"": ""24/7"", ""phone"": ""+1 919-688-4991"", ""website"": ""https://www.farrin.com/""}",2026-10-10T14:14:29Z,OpenStreetMap Overpass API,False,POINT (-78.901665 35.990287)
DUR-01_osm_node_10775614810,DUR-01,Durham,node,10775614810,Green Street Land Buyers,green street land buyers,Point,35.9903656,-78.9015118,office,estate_agent,,,"city=Durham; country=US; postcode=27701; state=NC; street=555 S Mangum St, Suite 100",,,https://greenstreetlandbuyers.com,"{""about"": ""Green Street Land Buyers specializes in buying, selling, and developing land for residential use."", ""addr:city"": ""Durham"", ""addr:country"": ""US"", ""addr:postcode"": ""27701"", ""addr:state"": ""NC"", ""addr:street"": ""555 S Mangum St, Suite 100"", ""name"": ""Green Street Land Buyers"", ""office"": ""estate_agent"", ""opening_hours"": ""Mo-Fr 09:00-18:00"", ""phone"": ""+1-336-800-4970"", ""website"": ""https://greenstreetlandbuyers.com""}",2026-10-10T14:14:29Z,OpenStreetMap Overpass API,False,POINT (-78.901512 35.990366)
DUR-01_osm_node_11672994386,DUR-01,Durham,node,11672994386,The Velvet Hippo,the velvet hippo,Point,35.9964479,-78.900423,amenity,bar,,,city=Durham; housenumber=119; postcode=27701; state=NC; street=Orange Street; unit=3rd Floor,,,https://www.velvethippodurham.com/,"{""addr:city"": ""Durham"", ""addr:housenumber"": ""119"", ""addr:postcode"": ""27701"", ""addr:state"": ""NC"", ""addr:street"": ""Orange Street"", ""addr:unit"": ""3rd Floor"", ""amenity"": ""bar"", ""email"": ""hello@velvethippodurham.com"", ""level"": ""3"", ""min_age"": ""21"", ""name"": ""The Velvet Hippo"", ""phone"": ""+1-919-294-4447"", ""website"": ""https://www.velvethippodurham.com/""}",2026-10-10T14:14:29Z,OpenStreetMap Overpass API,False,POINT (-78.900423 35.996448)
DUR-01_osm_node_11936048785,DUR-01,Durham,node,11936048785,Little Free Library,little free library,Point,36.0003355,-78.9016099,amenity,public_bookcase,Little Free Library,,,,,,"{""amenity"": ""public_bookcase"", ""brand"": ""Little Free Library"", ""brand:wikidata"": ""Q6650101"", ""name"": ""Little Free Library""}",2026-10-10T14:14:29Z,OpenStreetMap Overpass API,False,POINT (-78.90161 36.000336)
DUR-01_osm_node_11955982836,DUR-01,Durham,node,11955982836,Yonderlust Cafe,yonderlust cafe,Point,36.000466,-78.9089807,amenity,cafe,,,city=Durham; housenumber=109; postcode=27701; state=NC; street=North Gregson Street,,,https://yonderlu.st/,"{""addr:city"": ""Durham"", ""addr:housenumber"": ""109"", ""addr:postcode"": ""27701"", ""addr:state"": ""NC"", ""addr:street"": ""North Gregson Street"", ""amenity"": ""cafe"", ""cuisine"": ""coffee_shop"", ""internet_access"": ""wlan"", ""internet_access:fee"": ""no"", ""name"": ""Yonderlust Cafe"", ""opening_hours"": ""Mo-Fr 08:00-18:00, Sa 09:00-18:00, Su 10:00-15:00"", ""outdoor_seating"": ""no"", ""phone"": ""+1-919-237-2265"", ""website"": ""https://yonderlu.st/""}",2026-10-10T14:14:29Z,OpenStreetMap Overpass API,False,POINT (-78.908981 36.000466)
DUR-01_osm_node_11955982837,DUR-01,Durham,node,11955982837,Yonderlust,yonderlust,Point,36.0004223,-78.9090263,shop,outdoor,,,city=Durham; housenumber=109; postcode=27701; state=NC; street=North Gregson Street,,,https://yonderlu.st/,"{""addr:city"": ""Durham"", ""addr:housenumber"": ""109"", ""addr:postcode"": ""27701"", ""addr:state"": ""NC"", ""addr:street"": ""North Gregson Street"", ""internet_access"": ""wlan"", ""internet_access:fee"": ""no"", ""name"": ""Yonderlust"", ""opening_hours"": ""Mo-Sa 10:00-18:00, Su 10:00-15:00"", ""outdoor_seating"": ""no"", ""phone"": ""+1-919-237-2265"", ""shop"": ""outdoor"", ""website"": ""https://yonderlu.st/""}",2026-10-10T14:14:29Z,OpenStreetMap Overpass API,False,POINT (-78.909026 36.000422)
DUR-01_osm_node_1202897086,DUR-01,Durham,node,1202897086,Morgan Imports,morgan imports,Point,35.999434,-78.9095635,shop,gift,,,,,,,"{""name"": ""Morgan Imports"", ""shop"": ""gift""}",2026-10-10T14:14:29Z,OpenStreetMap Overpass API,False,POINT (-78.909564 35.999434)
DUR-01_osm_node_12176992838,DUR-01,Durham,node,12176992838,Thaiangle,thaiangle,Point,35.9957466,-78.8997826,amenity,restaurant,,,housenumber=200; street=North Mangum Street,,,https://www.thaiangleofdurham.com,"{""addr:housenumber"": ""200"", ""addr:street"": ""North Mangum Street"", ""amenity"": ""restaurant"", ""name"": ""Thaiangle"", ""phone"": ""+1 919-237-1387"", ""website"": ""https://www.thaiangleofdurham.com""}",2026-10-10T14:14:29Z,OpenStreetMap Overpass API,False,POINT (-78.899783 35.995747)
DUR-01_osm_node_12186247101,DUR-01,Durham,node,12186247101,YMCA at American Tobacco,ymca at american tobacco,Point,35.9921772,-78.9054176,leisure,fitness_centre,,,city=Durham; housenumber=410; postcode=27701; state=NC; street=Blackwell Street,,,https://www.ymcatriangle.org/locations/ymca-american-tobacco,"{""addr:city"": ""Durham"", ""addr:housenumber"": ""410"", ""addr:postcode"": ""27701"", ""addr:state"": ""NC"", ""addr:street"": ""Blackwell Street"", ""contact:instagram"": ""ymcatriangle"", ""image"": ""https://s3-media0.fl.yelpcdn.com/bphoto/Iw-vdxQFIVTC7BkCnh_DPg/348s.jpg"", ""leisure"": ""fitness_centre"", ""name"": ""YMCA at American Tobacco"", ""opening_hours"": ""Mo-Th 06:00-19:00; Fr 06:00-17:00; Sa 08:00-12:00"", ""phone"": ""+1-919-956-9602"", ""sport"": ""fitness"", ""website"": ""https://www.ymcatriangle.org/locations/ymca-american-tobacco""}",2026-10-10T14:14:29Z,OpenStreetMap Overpass API,False,POINT (-78.905418 35.992177)
DUR-01_osm_node_12300639055,DUR-01,Durham,node,12300639055,Nikos,nikos,Point,36.0001992,-78.9103594,amenity,restaurant,,,city=Durham; country=US; housenumber=905; postcode=27701; state=NC; street=West Main Street; unit=21B,,,https://www.nikosdurham.com/,"{""addr:city"": ""Durham"", ""addr:country"": ""US"", ""addr:housenumber"": ""905"", ""addr:postcode"": ""27701"", ""addr:state"": ""NC"", ""addr:street"": ""West Main Street"", ""addr:unit"": ""21B"", ""amenity"": ""restaurant"", ""cuisine"": ""greek"", ""name"": ""Nikos"", ""website"": ""https://www.nikosdurham.com/""}",2026-10-10T14:14:29Z,OpenStreetMap Overpass API,False,POINT (-78.910359 36.000199)
DUR-01_osm_node_12363048099,DUR-01,Durham,node,12363048099,"Unleashed, the Dog & Cat Store",unleashed the dog and cat store,Point,36.0007955,-78.9102268,shop,pet,,,city=Durham; housenumber=1000; postcode=27701-2098; state=NC; street=West Main Street; unit=1C,,,https://www.unleashedmutt.com,"{""addr:city"": ""Durham"", ""addr:housenumber"": ""1000"", ""addr:postcode"": ""27701-2098"", ""addr:state"": ""NC"", ""addr:street"": ""West Main Street"", ""addr:unit"": ""1C"", ""check_date"": ""2025-02-01"", ""check_date:currency:XBT"": ""2026-04-24"", ""contact:email"": ""alexx@unleashedmutt.com"", ""contact:facebook"": ""https://www.facebook.com/unleasheddowntowndurham"", ""contact:instagram"": ""https://www.instagram.com/unleashed_downtowndurham"", ""currency:XBT"": ""yes"", ""name"": ""Unleashed, the Dog & Cat Store"", ""not:brand:wikidata"": ""Q62122874"", ""opening_hours"": ""Mo-Sa 10:00-20:00; Su 10:00-18:00"", ""payment:lightning"": ""yes"", ""payment:lightning:operator"": ""square"", ""payment:lightning_contactless"": ""no"", ""payment:onchain"": ""no"", ""phone"": ""+1-919-908-1887"", ""shop"": ""pet"", ""website"": ""https://www.unleashedmutt.com""}",2026-10-10T14:14:29Z,OpenStreetMap Overpass API,False,POINT (-78.910227 36.000796)
DUR-01_osm_node_12363048100,DUR-01,Durham,node,12363048100,Mode,mode,Point,36.0008465,-78.9102992,shop,clothes,,,housenumber=1000; street=West Main Street; unit=1A,,,,"{""addr:housenumber"": ""1000"", ""addr:street"": ""West Main Street"", ""addr:unit"": ""1A"", ""check_date"": ""2025-02-01"", ""name"": ""Mode"", ""opening_hours"": ""Mo-Sa 10:00-19:00; Su 12:00-18:00"", ""phone"": ""+1 919-806-3434"", ""second_hand"": ""only"", ""shop"": ""clothes""}",2026-10-10T14:14:29Z,OpenStreetMap Overpass API,False,POINT (-78.910299 36.000846)
DUR-01_osm_node_12469564901,DUR-01,Durham,node,12469564901,Sauna House Durham,sauna house durham,Point,36.0039078,-78.8995562,leisure,sauna,,,postcode=27701,,,https://www.saunahouse.com/,"{""addr:postcode"": ""27701"", ""leisure"": ""sauna"", ""name"": ""Sauna House Durham"", ""website"": ""https://www.saunahouse.com/""}",2026-10-10T14:14:29Z,OpenStreetMap Overpass API,False,POINT (-78.899556 36.003908)
DUR-01_osm_node_12469564902,DUR-01,Durham,node,12469564902,Cugino Forno Durham,cugino forno durham,Point,35.9914132,-78.8900564,amenity,restaurant,,,postcode=27701,,,https://cuginoforno.com/,"{""addr:postcode"": ""27701"", ""amenity"": ""restaurant"", ""cuisine"": ""italian;italian_pizza;pizza"", ""name"": ""Cugino Forno Durham"", ""website"": ""https://cuginoforno.com/""}",2026-10-10T14:14:29Z,OpenStreetMap Overpass API,False,POINT (-78.890056 35.991413)
DUR-01_osm_node_12469711101,DUR-01,Durham,node,12469711101,Hi-Wire Brewing Durham,hi wire brewing durham,Point,35.9915501,-78.8900259,craft,brewery,,,postcode=27701,,,https://hiwirebrewing.com/durham/,"{""addr:postcode"": ""27701"", ""craft"": ""brewery"", ""name"": ""Hi-Wire Brewing Durham"", ""website"": ""https://hiwirebrewing.com/durham/""}",2026-10-10T14:14:29Z,OpenStreetMap Overpass API,False,POINT (-78.890026 35.99155)
DUR-01_osm_node_12552934103,DUR-01,Durham,node,12552934103,Queeny's,queeny s,Point,35.9970546,-78.9007734,amenity,restaurant,,,city=Durham; housenumber=321; postcode=27701; state=NC; street=East Chapel Hill Street; unit=100,,,https://www.queenysdurham.com/,"{""addr:city"": ""Durham"", ""addr:housenumber"": ""321"", ""addr:postcode"": ""27701"", ""addr:state"": ""NC"", ""addr:street"": ""East Chapel Hill Street"", ""addr:unit"": ""100"", ""amenity"": ""restaurant"", ""cuisine"": ""burger;american"", ""delivery"": ""no"", ""email"": ""info@queenysdurham.com"", ""name"": ""Queeny's"", ""opening_hours"": ""Mo-Su 11:45-02:00"", ""takeaway"": ""no"", ""website"": ""https://www.queenysdurham.com/""}",2026-10-10T14:14:29Z,OpenStreetMap Overpass API,False,POINT (-78.900773 35.997055)
DUR-01_osm_node_12555766108,DUR-01,Durham,node,12555766108,Parts & Labor,parts and labor,Point,36.0034499,-78.9002332,amenity,pub,,,city=Durham; housenumber=723; postcode=27701; state=NC; street=Rigsbee Avenue,,,https://partsnlabor.com/,"{""addr:city"": ""Durham"", ""addr:housenumber"": ""723"", ""addr:postcode"": ""27701"", ""addr:state"": ""NC"", ""addr:street"": ""Rigsbee Avenue"", ""amenity"": ""pub"", ""diet:vegan"": ""yes"", ""image"": ""https://lh5.googleusercontent.com/p/AF1QipPw7Noc307RknK2Q_AK-4lTcF_w8l2_tyYVua8x=w408-h272-k-no"", ""name"": ""Parts & Labor"", ""opening_hours"": ""Su-Mo 11:30-00:00, Tu 17:00-00:00; We-Th 11:30-00:00; Fr-Sa 11:30-02:00"", ""outdoor_seating"": ""yes"", ""phone"": ""+1-919-901-0875"", ""smoking"": ""outside"", ""website"": ""https://partsnlabor.com/""}",2026-10-10T14:14:29Z,OpenStreetMap Overpass API,False,POINT (-78.900233 36.00345)
DUR-01_osm_node_12561407598,DUR-01,Durham,node,12561407598,Two Roosters Ice Cream Durham,two roosters ice cream durham,Point,35.9914803,-78.8904395,amenity,ice_cream,,,city=Durham; housenumber=800; postcode=27701; state=NC; street=Taylor Street; unit=Suite,,,,"{""addr:city"": ""Durham"", ""addr:housenumber"": ""800"", ""addr:postcode"": ""27701"", ""addr:state"": ""NC"", ""addr:street"": ""Taylor Street"", ""addr:unit"": ""Suite"", ""amenity"": ""ice_cream"", ""name"": ""Two Roosters Ice Cream Durham"", ""opening_hours"": ""14:00 - 21:00""}",2026-10-10T14:14:29Z,OpenStreetMap Overpass API,False,POINT (-78.89044 35.99148)
DUR-01_osm_node_12564113294,DUR-01,Durham,node,12564113294,Anchor,anchor,Point,35.994993,-78.90826,leisure,fitness_centre,,,city=Durham; housenumber=505; postcode=27701; state=NC; street=South Duke Street; unit=1,,,https://www.anchorpower.co/home,"{""addr:city"": ""Durham"", ""addr:housenumber"": ""505"", ""addr:postcode"": ""27701"", ""addr:state"": ""NC"", ""addr:street"": ""South Duke Street"", ""addr:unit"": ""1"", ""image"": ""https://images.squarespace-cdn.com/content/v1/600b0214ffc0ee18d8b09dd0/7822d37c-83b7-4ac4-8294-ed58f9c25453/IMG_6829.jpg"", ""leisure"": ""fitness_centre"", ""name"": ""Anchor"", ""phone"": ""+1-919-599-6410"", ""sport"": ""powerlifting"", ""website"": ""https://www.anchorpower.co/home""}",2026-10-10T14:14:29Z,OpenStreetMap Overpass API,False,POINT (-78.90826 35.994993)
DUR-01_osm_node_12623643601,DUR-01,Durham,node,12623643601,Dashi Ramen,dashi ramen,Point,35.9970235,-78.8992369,amenity,restaurant,,,city=Durham; housenumber=415; postcode=27701; state=NC; street=East Chapel Hill Street,,,https://www.dashiramen.com/,"{""addr:city"": ""Durham"", ""addr:housenumber"": ""415"", ""addr:postcode"": ""27701"", ""addr:state"": ""NC"", ""addr:street"": ""East Chapel Hill Street"", ""amenity"": ""restaurant"", ""cuisine"": ""japanese;ramen"", ""name"": ""Dashi Ramen"", ""opening_hours"": ""11:30-20:00"", ""phone"": ""+1-919-251-9335"", ""source:addr"": ""Durham Open Data"", ""website"": ""https://www.dashiramen.com/""}",2026-10-10T14:14:29Z,OpenStreetMap Overpass API,False,POINT (-78.899237 35.997024)
DUR-01_osm_node_12824120801,DUR-01,Durham,node,12824120801,Durham Food Hall,durham food hall,Point,36.0014989,-78.9012423,amenity,food_court,,,,,,https://durhamfoodhall.com,"{""amenity"": ""food_court"", ""name"": ""Durham Food Hall"", ""website"": ""https://durhamfoodhall.com""}",2026-10-10T14:14:29Z,OpenStreetMap Overpass API,False,POINT (-78.901242 36.001499)
DUR-01_osm_node_12860921230,DUR-01,Durham,node,12860921230,Twin Suns Tattoo,twin suns tattoo,Point,35.9966729,-78.9038208,shop,tattoo,,,city=Durham; housenumber=339; postcode=27701; state=NC; street=West Main Street,,,https://www.twinsunsdurham.com/,"{""addr:city"": ""Durham"", ""addr:housenumber"": ""339"", ""addr:postcode"": ""27701"", ""addr:state"": ""NC"", ""addr:street"": ""West Main Street"", ""check_date:currency:XBT"": ""2025-05-24"", ""contact:instagram"": ""http://instagram.com/TWINSUNSDURHAM"", ""currency:XBT"": ""yes"", ""name"": ""Twin Suns Tattoo"", ""opening_hours"": ""Mo-Su 12:00-20:00"", ""payment:lightning"": ""yes"", ""payment:lightning_contactless"": ""no"", ""payment:onchain"": ""yes"", ""phone"": ""+1-984-439-8806"", ""shop"": ""tattoo"", ""website"": ""https://www.twinsunsdurham.com/"", ""wheelchair"": ""yes""}",2026-10-10T14:14:29Z,OpenStreetMap Overpass API,False,POINT (-78.903821 35.996673)
DUR-01_osm_node_13015714201,DUR-01,Durham,node,13015714201,Fonda Lupita,fonda lupita,Point,36.0002819,-78.9100187,amenity,restaurant,,,housenumber=905; postcode=27701; street=West Main Street,,,https://fondalupita.com/,"{""addr:housenumber"": ""905"", ""addr:postcode"": ""27701"", ""addr:street"": ""West Main Street"", ""amenity"": ""restaurant"", ""cuisine"": ""mexican"", ""email"": ""fondalupitanc@gmail.com"", ""level"": ""0"", ""name"": ""Fonda Lupita"", ""opening_hours"": ""Mo-Th 11:00-21:00; Fr-Sa 11:00-22:00; Su 11:00-20:00"", ""phone"": ""+1-919-294-4773"", ""website"": ""https://fondalupita.com/"", ""website:menu"": ""https://fondalupita.com/menu""}",2026-10-10T14:14:29Z,OpenStreetMap Overpass API,False,POINT (-78.910019 36.000282)
DUR-01_osm_node_13039533001,DUR-01,Durham,node,13039533001,The Boulder Garden,the boulder garden,Point,35.9998164,-78.9020993,leisure,fitness_centre,,,housenumber=328; postcode=27701; street=Roney Street,,,https://www.thebouldergarden.com/,"{""addr:housenumber"": ""328"", ""addr:postcode"": ""27701"", ""addr:street"": ""Roney Street"", ""contact:instagram"": ""thebouldergarden"", ""internet_access"": ""wlan"", ""leisure"": ""fitness_centre"", ""name"": ""The Boulder Garden"", ""opening_hours"": ""Mo-Fr 16:00-22:00; Sa-Su 10:00-18:00"", ""website"": ""https://www.thebouldergarden.com/""}",2026-10-10T14:14:29Z,OpenStreetMap Overpass API,False,POINT (-78.902099 35.999816)
DUR-01_osm_node_13310553873,DUR-01,Durham,node,13310553873,Durham Bottling Co,durham bottling co,Point,35.9903541,-78.8964197,office,yes,,,city=Durham; housenumber=506; postcode=27701; state=NC; street=Ramseur Street,,,https://www.durhambottling.com/,"{""addr:city"": ""Durham"", ""addr:housenumber"": ""506"", ""addr:postcode"": ""27701"", ""addr:state"": ""NC"", ""addr:street"": ""Ramseur Street"", ""check_date"": ""2025-11-17"", ""check_date:currency:XBT"": ""2025-11-17"", ""currency:XBT"": ""yes"", ""email"": ""info@durhambottling.com"", ""name"": ""Durham Bottling Co"", ""office"": ""yes"", ""payment:lightning"": ""yes"", ""payment:lightning:operator"": ""square"", ""payment:lightning_contactless"": ""no"", ""payment:onchain"": ""no"", ""phone"": ""+19192052924"", ""website"": ""https://www.durhambottling.com/""}",2026-10-10T14:14:29Z,OpenStreetMap Overpass API,False,POINT (-78.89642 35.990354)
DUR-01_osm_node_13376513931,DUR-01,Durham,node,13376513931,Durham Armory,durham armory,Point,35.9979215,-78.9014505,amenity,events_venue,,,housenumber=212; street=Foster Street,,,https://dprplaymore.org/493/6441/Durham-Armory-Rentals,"{""addr:housenumber"": ""212"", ""addr:street"": ""Foster Street"", ""amenity"": ""events_venue"", ""check_date"": ""2025-12-14"", ""name"": ""Durham Armory"", ""website"": ""https://dprplaymore.org/493/6441/Durham-Armory-Rentals""}",2026-10-10T14:14:29Z,OpenStreetMap Overpass API,False,POINT (-78.90145 35.997922)
DUR-01_osm_node_13388816367,DUR-01,Durham,node,13388816367,Durham Salt Cave,durham salt cave,Point,36.0039814,-78.9009096,shop,massage,,,city=Durham; housenumber=410; postcode=27701; state=NC; street=West Geer Street,,,https://durhamsaltcave.com/,"{""addr:city"": ""Durham"", ""addr:housenumber"": ""410"", ""addr:postcode"": ""27701"", ""addr:state"": ""NC"", ""addr:street"": ""West Geer Street"", ""name"": ""Durham Salt Cave"", ""phone"": ""+1 919-724-9967"", ""shop"": ""massage"", ""website"": ""https://durhamsaltcave.com/""}",2026-10-10T14:14:29Z,OpenStreetMap Overpass API,False,POINT (-78.90091 36.003981)
DUR-01_osm_node_13390429301,DUR-01,Durham,node,13390429301,Sherlocks Glass & Dispensary,sherlocks glass and dispensary,Point,36.0010548,-78.8983036,shop,cannabis,,,housenumber=206; postcode=27701; street=Broadway Street,,,https://sherlocksglass.com/,"{""addr:housenumber"": ""206"", ""addr:postcode"": ""27701"", ""addr:street"": ""Broadway Street"", ""level"": ""0"", ""name"": ""Sherlocks Glass & Dispensary"", ""opening_hours"": ""Su 12:00-20:00; Mo-Sa 10:00-18:00"", ""phone"": ""+1-919-908-1112"", ""shop"": ""cannabis"", ""website"": ""https://sherlocksglass.com/""}",2026-10-10T14:14:29Z,OpenStreetMap Overpass API,False,POINT (-78.898304 36.001055)
DUR-01_osm_node_13392735790,DUR-01,Durham,node,13392735790,Redhead Hemp,redhead hemp,Point,35.9970244,-78.8992992,shop,cannabis,,,city=Durham; housenumber=413; postcode=27701; state=NC; street=East Chapel Hill Street,,,https://www.redheadhemp.com/,"{""addr:city"": ""Durham"", ""addr:housenumber"": ""413"", ""addr:postcode"": ""27701"", ""addr:state"": ""NC"", ""addr:street"": ""East Chapel Hill Street"", ""name"": ""Redhead Hemp"", ""opening_hours"": ""Mo-Sa 11:00-21:00; Su 12:00-20:00"", ""phone"": ""+1 404-903-4337"", ""shop"": ""cannabis"", ""website"": ""https://www.redheadhemp.com/""}",2026-10-10T14:14:29Z,OpenStreetMap Overpass API,False,POINT (-78.899299 35.997024)
DUR-01_osm_node_13408173102,DUR-01,Durham,node,13408173102,Kingfisher,kingfisher,Point,35.9970483,-78.9008252,amenity,bar,,,housenumber=321; postcode=27701; street=East Chapel Hill Street,,,https://www.kingfisherdurham.com/,"{""addr:housenumber"": ""321"", ""addr:postcode"": ""27701"", ""addr:street"": ""East Chapel Hill Street"", ""amenity"": ""bar"", ""cuisine"": ""american"", ""name"": ""Kingfisher"", ""opening_hours"": ""Tu-Th 17:00-00:00; Fr-Sa 17:00-01:00; Su 17:00-23:00"", ""website"": ""https://www.kingfisherdurham.com/""}",2026-10-10T14:14:29Z,OpenStreetMap Overpass API,False,POINT (-78.900825 35.997048)
DUR-01_osm_node_13408205001,DUR-01,Durham,node,13408205001,The Roof at The Durham Hotel,the roof at the durham hotel,Point,35.9971041,-78.9009607,amenity,bar,,,housenumber=315; postcode=27701; street=East Chapel Hill Street,,,http://thedurham.com/roof/,"{""addr:housenumber"": ""315"", ""addr:postcode"": ""27701"", ""addr:street"": ""East Chapel Hill Street"", ""amenity"": ""bar"", ""contact:instagram"": ""thedurhamhotel"", ""cuisine"": ""american"", ""email"": ""info@thedurham.com"", ""name"": ""The Roof at The Durham Hotel"", ""opening_hours"": ""Tu-Th 17:00-22:00; Fr-Sa 16:00-23:00"", ""outdoor_seating"": ""yes"", ""website"": ""http://thedurham.com/roof/"", ""website:menu"": ""http://thedurham.com/roof/""}",2026-10-10T14:14:29Z,OpenStreetMap Overpass API,False,POINT (-78.900961 35.997104)
DUR-01_osm_node_13408586201,DUR-01,Durham,node,13408586201,"Press Coffee, Crepes & Cocktails",press coffee crepes and cocktails,Point,35.9925892,-78.9042868,amenity,restaurant,,,housenumber=359; postcode=27701; street=Blackwell Street,,,https://pressccc.com/locations/durham,"{""addr:housenumber"": ""359"", ""addr:postcode"": ""27701"", ""addr:street"": ""Blackwell Street"", ""amenity"": ""restaurant"", ""cuisine"": ""american;coffee_shop"", ""name"": ""Press Coffee, Crepes & Cocktails"", ""opening_hours"": ""Su 09:00-15:00; Mo-Fr 07:00-18:00; Sa 09:00-15:00"", ""phone"": ""+1-919-748-3142"", ""website"": ""https://pressccc.com/locations/durham""}",2026-10-10T14:14:29Z,OpenStreetMap Overpass API,False,POINT (-78.904287 35.992589)
DUR-01_osm_node_13457152014,DUR-01,Durham,node,13457152014,Yours,yours,Point,36.0011921,-78.9084417,shop,photo,,,city=Durham; housenumber=209; postcode=27701; state=NC; street=North Gregson Street,,,https://www.yoursdurham.com,"{""addr:city"": ""Durham"", ""addr:housenumber"": ""209"", ""addr:postcode"": ""27701"", ""addr:state"": ""NC"", ""addr:street"": ""North Gregson Street"", ""check_date"": ""2026-01-15"", ""contact:email"": ""hello@yoursdurham.com"", ""contact:facebook"": ""https://www.facebook.com/yoursdurham"", ""contact:instagram"": ""https://www.instagram.com/yoursdurham"", ""currency:XBT"": ""yes"", ""name"": ""Yours"", ""opening_hours"": ""Th 17:00-19:00; Sa 11:00-14:00"", ""payment:lightning"": ""yes"", ""payment:lightning:operator"": ""square"", ""payment:lightning_contactless"": ""no"", ""payment:onchain"": ""no"", ""phone"": ""+1-919-695-3910"", ""shop"": ""photo"", ""website"": ""https://www.yoursdurham.com""}",2026-10-10T14:14:29Z,OpenStreetMap Overpass API,False,POINT (-78.908442 36.001192)
DUR-01_osm_node_13555949301,DUR-01,Durham,node,13555949301,Hatch Burritos,hatch burritos,Point,36.0010424,-78.8957424,amenity,restaurant,,,housenumber=723; postcode=27701; street=North Mangum Street,,,https://hatchburritosnc.com/,"{""addr:housenumber"": ""723"", ""addr:postcode"": ""27701"", ""addr:street"": ""North Mangum Street"", ""amenity"": ""restaurant"", ""check_date"": ""2026-02-13"", ""check_date:opening_hours"": ""2026-02-13"", ""name"": ""Hatch Burritos"", ""opening_hours"": ""Tu-Th 06:30-15:30; Fr 06:30-15:15; Sa-Su 09:00-16:00"", ""website"": ""https://hatchburritosnc.com/""}",2026-10-10T14:14:29Z,OpenStreetMap Overpass API,False,POINT (-78.895742 36.001042)
DUR-01_osm_node_13556224801,DUR-01,Durham,node,13556224801,TaTaco Inc,tataco inc,Point,36.0033174,-78.9012395,amenity,restaurant,,,housenumber=620; postcode=27701; street=Foster Street,,,https://tataco.toast.site/,"{""addr:housenumber"": ""620"", ""addr:postcode"": ""27701"", ""addr:street"": ""Foster Street"", ""amenity"": ""restaurant"", ""check_date"": ""2026-02-13"", ""cuisine"": ""mexican"", ""name"": ""TaTaco Inc"", ""website"": ""https://tataco.toast.site/""}",2026-10-10T14:14:29Z,OpenStreetMap Overpass API,False,POINT (-78.90124 36.003317)
DUR-01_osm_node_13674638391,DUR-01,Durham,node,13674638391,Ashleigh Bakes Daily,ashleigh bakes daily,Point,35.9960802,-78.9028384,shop,bakery,,,city=Durham; housenumber=307; postcode=27701-3215; state=NC; street=West Main Street,,,https://www.ashleighbakesdaily.com,"{""addr:city"": ""Durham"", ""addr:housenumber"": ""307"", ""addr:postcode"": ""27701-3215"", ""addr:state"": ""NC"", ""addr:street"": ""West Main Street"", ""check_date"": ""2026-03-24"", ""contact:email"": ""ashleighbakesdaily@gmail.com"", ""contact:facebook"": ""https://www.facebook.com/ashleighbakesdaily"", ""contact:instagram"": ""https://www.instagram.com/ashleighbakesdaily"", ""currency:XBT"": ""yes"", ""name"": ""Ashleigh Bakes Daily"", ""opening_hours"": ""We-Sa 15:00-22:00"", ""payment:lightning"": ""yes"", ""payment:lightning:operator"": ""square"", ""payment:lightning_contactless"": ""no"", ""payment:onchain"": ""no"", ""phone"": ""+1-919-907-1096"", ""shop"": ""bakery"", ""website"": ""https://www.ashleighbakesdaily.com""}",2026-10-10T14:14:29Z,OpenStreetMap Overpass API,False,POINT (-78.902838 35.99608)
DUR-01_osm_node_13807087302,DUR-01,Durham,node,13807087302,The Glass Jug Beer Lab - Downtown Durham,the glass jug beer lab downtown durham,Point,36.0013697,-78.9016383,craft,brewery,,,"housenumber=545, Ste 10; postcode=27701; street=Foster Street",,,https://www.glass-jug.com,"{""addr:housenumber"": ""545, Ste 10"", ""addr:postcode"": ""27701"", ""addr:street"": ""Foster Street"", ""craft"": ""brewery"", ""email"": ""info@glass-jug.com"", ""name"": ""The Glass Jug Beer Lab - Downtown Durham"", ""opening_hours"": ""Mo-We 14:00-21:00; Th 14:00-23:00; Fr 12:00-23:00; Sa 11:00-23:00; Su 11:00-21:00"", ""phone"": ""+1-919-381-5797"", ""website"": ""https://www.glass-jug.com""}",2026-10-10T14:14:29Z,OpenStreetMap Overpass API,False,POINT (-78.901638 36.00137)
DUR-01_osm_node_13807326101,DUR-01,Durham,node,13807326101,Atomic Clock Brewing Company,atomic clock brewing company,Point,36.0025499,-78.9040511,craft,brewery,,,housenumber=501; postcode=27701; street=Washington Street,,,,"{""addr:housenumber"": ""501"", ""addr:postcode"": ""27701"", ""addr:street"": ""Washington Street"", ""check_date"": ""2026-05-07"", ""check_date:opening_hours"": ""2026-05-07"", ""craft"": ""brewery"", ""name"": ""Atomic Clock Brewing Company"", ""opening_hours"": ""Mo-We 15:00-22:00; Th 12:00-22:00; Fr-Sa 12:00-23:00; Su 12:00-21:00"", ""phone"": ""+1-919-237-1253""}",2026-10-10T14:14:29Z,OpenStreetMap Overpass API,False,POINT (-78.904051 36.00255)
DUR-01_osm_node_13894874602,DUR-01,Durham,node,13894874602,Simon Says Dip This,simon says dip this,Point,35.9958477,-78.9009922,amenity,ice_cream,,,housenumber=117; postcode=27701; street=West Parrish Street,,,https://simonssaysdipthis.com/,"{""addr:housenumber"": ""117"", ""addr:postcode"": ""27701"", ""addr:street"": ""West Parrish Street"", ""amenity"": ""ice_cream"", ""name"": ""Simon Says Dip This"", ""opening_hours"": ""Su-Th 12:00-22:00; Fr-Sa 12:00-23:00"", ""phone"": ""+19848885070"", ""website"": ""https://simonssaysdipthis.com/""}",2026-10-10T14:14:29Z,OpenStreetMap Overpass API,False,POINT (-78.900992 35.995848)
DUR-01_osm_node_13897479102,DUR-01,Durham,node,13897479102,Atomic Clock Brewing,atomic clock brewing,Point,36.002555,-78.9041528,amenity,bar,,,housenumber=501-A; postcode=27701; street=Washington Street,,,https://m.yelp.com/biz/atomic-clock-brewing-durham,"{""addr:housenumber"": ""501-A"", ""addr:postcode"": ""27701"", ""addr:street"": ""Washington Street"", ""amenity"": ""bar"", ""cuisine"": ""american"", ""name"": ""Atomic Clock Brewing"", ""opening_hours"": ""Fr-Sa 12:00-23:00; Su 12:00-21:00; Mo-We 15:00-22:00; Th 12:00-22:00"", ""phone"": ""+1 919 237 1253"", ""website"": ""https://m.yelp.com/biz/atomic-clock-brewing-durham""}",2026-10-10T14:14:29Z,OpenStreetMap Overpass API,False,POINT (-78.904153 36.002555)
DUR-01_osm_node_13917780568,DUR-01,Durham,node,13917780568,Crank Arm Brewing,crank arm brewing,Point,36.0000683,-78.9049822,amenity,bar,,,city=Durham; housenumber=620; postcode=27701; state=NC; street=Fernway Avenue,,,https://crankarmbrewing.com/durham/,"{""addr:city"": ""Durham"", ""addr:housenumber"": ""620"", ""addr:postcode"": ""27701"", ""addr:state"": ""NC"", ""addr:street"": ""Fernway Avenue"", ""air_conditioning"": ""yes"", ""amenity"": ""bar"", ""contact:facebook"": ""https://www.facebook.com/CrankArmBrew"", ""contact:instagram"": ""https://www.instagram.com/crankarmbrew"", ""craft"": ""brewery"", ""drink:cider"": ""yes"", ""drink:craft_beer"": ""yes"", ""drink:liquor"": ""yes"", ""drink:wine"": ""yes"", ""food"": ""no"", ""indoor_seating"": ""yes"", ""level"": ""1"", ""microbrewery"": ""yes"", ""name"": ""Crank Arm Brewing"", ""opening_hours"": ""Mo-Tu 14:00-22:00; We-Th 14:00-24:00; Fr-Sa 12:00-24:00; Su 12:00-22:00"", ""outdoor_seating"": ""yes"", ""phone"": ""+1-919-324-3529"", ""website"": ""https://crankarmbrewing.com/durham/"", ""wheelchair"": ""yes""}",2026-10-10T14:14:29Z,OpenStreetMap Overpass API,False,POINT (-78.904982 36.000068)
DUR-01_osm_node_13917907872,DUR-01,Durham,node,13917907872,Bull City Veterinary Hospital,bull city veterinary hospital,Point,35.9996229,-78.9045805,amenity,veterinary,,,city=Durham; housenumber=605; postcode=27701; state=NC; street=Fernway Avenue,,,https://bullcityveterinary.com/,"{""addr:city"": ""Durham"", ""addr:housenumber"": ""605"", ""addr:postcode"": ""27701"", ""addr:state"": ""NC"", ""addr:street"": ""Fernway Avenue"", ""amenity"": ""veterinary"", ""contact:facebook"": ""https://www.facebook.com/bullcityveterinaryhospital"", ""contact:instagram"": ""https://www.instagram.com/Bullcityvethospital/"", ""fax"": ""+1-919-973-3433"", ""level"": ""1"", ""name"": ""Bull City Veterinary Hospital"", ""opening_hours"": ""Mo-Fr 08:00-17:30"", ""phone"": ""+1-919-589-4952"", ""website"": ""https://bullcityveterinary.com/"", ""wheelchair"": ""yes""}",2026-10-10T14:14:29Z,OpenStreetMap Overpass API,False,POINT (-78.90458 35.999623)
DUR-01_osm_node_13988589501,DUR-01,Durham,node,13988589501,Ment Beverage Co.,ment beverage co,Point,35.9942323,-78.9039657,craft,brewery,,,housenumber=312; postcode=27701; street=Blackwell Street,,,https://www.mentbev.com/,"{""addr:housenumber"": ""312"", ""addr:postcode"": ""27701"", ""addr:street"": ""Blackwell Street"", ""check_date"": ""2026-07-03"", ""craft"": ""brewery"", ""name"": ""Ment Beverage Co."", ""website"": ""https://www.mentbev.com/""}",2026-10-10T14:14:29Z,OpenStreetMap Overpass API,False,POINT (-78.903966 35.994232)
DUR-01_osm_node_14051458101,DUR-01,Durham,node,14051458101,M Hansik,m hansik,Point,36.0026433,-78.904028,amenity,restaurant,,,housenumber=501; street=Washington Street,,,https://mhansik.m-restaurants.com,"{""addr:housenumber"": ""501"", ""addr:street"": ""Washington Street"", ""amenity"": ""restaurant"", ""contact:instagram"": ""mhansik_durham"", ""cuisine"": ""korean"", ""email"": ""mhansikdurham@gmail.com"", ""name"": ""M Hansik"", ""phone"": ""+19198132338"", ""self_service"": ""no"", ""website"": ""https://mhansik.m-restaurants.com"", ""website:menu"": ""https://mhansik.m-restaurants.com/food-menu""}",2026-10-10T14:14:29Z,OpenStreetMap Overpass API,False,POINT (-78.904028 36.002643)
DUR-01_osm_node_14051458201,DUR-01,Durham,node,14051458201,West End Billiards,west end billiards,Point,35.9978754,-78.9060067,amenity,bar,,,city=Durham; housenumber=601; postcode=27701; state=NC; street=West Main Street; unit=A,,,https://www.westenddurham.com/billiards,"{""addr:city"": ""Durham"", ""addr:housenumber"": ""601"", ""addr:postcode"": ""27701"", ""addr:state"": ""NC"", ""addr:street"": ""West Main Street"", ""addr:unit"": ""A"", ""amenity"": ""bar"", ""name"": ""West End Billiards"", ""opening_hours"": ""Mo-Fr 17:00-26:00; Sa-Su 12:00-26:00"", ""sport"": ""billiards;darts;shuffleboard"", ""website"": ""https://www.westenddurham.com/billiards""}",2026-10-10T14:14:29Z,OpenStreetMap Overpass API,False,POINT (-78.906007 35.997875)
DUR-01_osm_node_14165026701,DUR-01,Durham,node,14165026701,Urban Tails Veterinary Hospital,urban tails veterinary hospital,Point,35.9914114,-78.8895724,amenity,veterinary,,,housenumber=800; street=Taylor Street,,,,"{""addr:housenumber"": ""800"", ""addr:street"": ""Taylor Street"", ""amenity"": ""veterinary"", ""name"": ""Urban Tails Veterinary Hospital"", ""phone"": ""+19842192579""}",2026-10-10T14:14:29Z,OpenStreetMap Overpass API,False,POINT (-78.889572 35.991411)
DUR-01_osm_node_14175532084,DUR-01,Durham,node,14175532084,West End Wine Bar,west end wine bar,Point,35.9980038,-78.9062177,amenity,bar,,,city=Durham; housenumber=601; postcode=27701; state=NC; street=West Main Street; unit=101,,,https://www.westenddurham.com/social,"{""addr:city"": ""Durham"", ""addr:housenumber"": ""601"", ""addr:postcode"": ""27701"", ""addr:state"": ""NC"", ""addr:street"": ""West Main Street"", ""addr:unit"": ""101"", ""alt_name"": ""West End Social"", ""amenity"": ""bar"", ""brewery"": ""yes"", ""name"": ""West End Wine Bar"", ""opening_hours"": ""Mo-Su 15:00-25:00"", ""website"": ""https://www.westenddurham.com/social""}",2026-10-10T14:14:29Z,OpenStreetMap Overpass API,False,POINT (-78.906218 35.998004)
DUR-01_osm_node_1520441325,DUR-01,Durham,node,1520441325,Splat Space,splat space,Point,36.0014752,-78.8949282,leisure,hackerspace,,,city=Durham; housenumber=800; postcode=27701; state=NC; street=North Mangum Street,,,https://splatspace.org/,"{""addr:city"": ""Durham"", ""addr:housenumber"": ""800"", ""addr:postcode"": ""27701"", ""addr:state"": ""NC"", ""addr:street"": ""North Mangum Street"", ""leisure"": ""hackerspace"", ""name"": ""Splat Space"", ""phone"": ""+1 919 704 4225"", ""website"": ""https://splatspace.org/""}",2026-10-10T14:14:29Z,OpenStreetMap Overpass API,False,POINT (-78.894928 36.001475)
DUR-01_osm_node_1520441350,DUR-01,Durham,node,1520441350,Toast,toast,Point,35.9967069,-78.9039761,amenity,restaurant,,,"city=Durham; country=US; full=345 West Main Street, Durham, NC 27701, US; housenumber=345; postcode=27701; state=NC; street=West Main Street",,,https://www.toast-fivepoints.com/,"{""addr:city"": ""Durham"", ""addr:country"": ""US"", ""addr:full"": ""345 West Main Street, Durham, NC 27701, US"", ""addr:housenumber"": ""345"", ""addr:postcode"": ""27701"", ""addr:state"": ""NC"", ""addr:street"": ""West Main Street"", ""amenity"": ""restaurant"", ""cuisine"": ""italian"", ""name"": ""Toast"", ""website"": ""https://www.toast-fivepoints.com/""}",2026-10-10T14:14:29Z,OpenStreetMap Overpass API,False,POINT (-78.903976 35.996707)
DUR-01_osm_node_1598397282,DUR-01,Durham,node,1598397282,Public Hardware,public hardware,Point,35.9985335,-78.8980479,shop,doityourself,,,,,,,"{""name"": ""Public Hardware"", ""shop"": ""doityourself""}",2026-10-10T14:14:29Z,OpenStreetMap Overpass API,False,POINT (-78.898048 35.998534)
DUR-01_osm_node_1605913761,DUR-01,Durham,node,1605913761,Tobacco Road Sports Cafe,tobacco road sports cafe,Point,35.992539,-78.9034521,amenity,restaurant,,,,,,,"{""amenity"": ""restaurant"", ""cuisine"": ""american"", ""name"": ""Tobacco Road Sports Cafe""}",2026-10-10T14:14:29Z,OpenStreetMap Overpass API,False,POINT (-78.903452 35.992539)
DUR-01_osm_node_1605913948,DUR-01,Durham,node,1605913948,Mellow Mushroom,mellow mushroom,Point,35.9916151,-78.905842,amenity,restaurant,Mellow Mushroom,,city=Durham; housenumber=410; postcode=27701; state=NC; street=Blackwell Street,,,https://mellowmushroom.com/store/durham,"{""addr:city"": ""Durham"", ""addr:housenumber"": ""410"", ""addr:postcode"": ""27701"", ""addr:state"": ""NC"", ""addr:street"": ""Blackwell Street"", ""amenity"": ""restaurant"", ""brand"": ""Mellow Mushroom"", ""brand:wikidata"": ""Q17021360"", ""cuisine"": ""pizza"", ""name"": ""Mellow Mushroom"", ""phone"": ""+1-919-680-8500"", ""toilets:wheelchair"": ""yes"", ""website"": ""https://mellowmushroom.com/store/durham"", ""wheelchair"": ""yes""}",2026-10-10T14:14:29Z,OpenStreetMap Overpass API,False,POINT (-78.905842 35.991615)
DUR-01_osm_node_1659112336,DUR-01,Durham,node,1659112336,Dolly's Vintage,dolly s vintage,Point,35.9958228,-78.9024197,shop,clothes,,,,,,http://dollysvintage.com,"{""name"": ""Dolly's Vintage"", ""shop"": ""clothes"", ""website"": ""http://dollysvintage.com""}",2026-10-10T14:14:29Z,OpenStreetMap Overpass API,False,POINT (-78.90242 35.995823)
DUR-01_osm_node_1659112337,DUR-01,Durham,node,1659112337,Main Street Pharmacy,main street pharmacy,Point,35.9957794,-78.9023044,healthcare,pharmacy,,,,,,https://www.mymainstreetpharmacy.com/,"{""amenity"": ""pharmacy"", ""healthcare"": ""pharmacy"", ""name"": ""Main Street Pharmacy"", ""website"": ""https://www.mymainstreetpharmacy.com/""}",2026-10-10T14:14:29Z,OpenStreetMap Overpass API,False,POINT (-78.902304 35.995779)
DUR-01_osm_node_1764663734,DUR-01,Durham,node,1764663734,Cooperativa Latina,cooperativa latina,Point,35.9981053,-78.8984735,amenity,atm,,Cooperativa Latina,,,,,"{""amenity"": ""atm"", ""operator"": ""Cooperativa Latina""}",2026-10-10T14:14:29Z,OpenStreetMap Overpass API,False,POINT (-78.898474 35.998105)
DUR-01_osm_node_1814386593,DUR-01,Durham,node,1814386593,Duke Tower,duke tower,Point,36.0049825,-78.9052357,leisure,miniature_golf,,Duke Tower,,,,,"{""access"": ""private"", ""leisure"": ""miniature_golf"", ""operator"": ""Duke Tower""}",2026-10-10T14:14:29Z,OpenStreetMap Overpass API,False,POINT (-78.905236 36.004982)
DUR-01_osm_node_2012463902,DUR-01,Durham,node,2012463902,Pizzeria Toro,pizzeria toro,Point,35.997125,-78.9036457,amenity,restaurant,,,city=Durham; country=US; housenumber=105; postcode=27701; state=NC; street=East Chapel Hill Street,,,http://www.pizzeriatoro.com/,"{""addr:city"": ""Durham"", ""addr:country"": ""US"", ""addr:housenumber"": ""105"", ""addr:postcode"": ""27701"", ""addr:state"": ""NC"", ""addr:street"": ""East Chapel Hill Street"", ""amenity"": ""restaurant"", ""contact:facebook"": ""https://www.facebook.com/PizzeriaToro"", ""contact:instagram"": ""https://www.instagram.com/pizzeriatoro/"", ""cuisine"": ""pizza;italian"", ""image"": ""https://onthegrid.city/imager/s3_amazonaws_com/onthegrid.city/assets/grid/durham/downtown-durham/pizzeria-toro/IMG_1753_299006722e285f47655d17d1c9136337.jpg"", ""name"": ""Pizzeria Toro"", ""opening_hours"": ""11:00-23:00"", ""phone"": ""+1-919-908-6936"", ""website"": ""http://www.pizzeriatoro.com/""}",2026-10-10T14:14:29Z,OpenStreetMap Overpass API,False,POINT (-78.903646 35.997125)
DUR-01_osm_node_2210536841,DUR-01,Durham,node,2210536841,,,Point,35.9878983,-78.9004686,shop,supermarket,,,,,,,"{""shop"": ""supermarket""}",2026-10-10T14:14:29Z,OpenStreetMap Overpass API,False,POINT (-78.900469 35.987898)
DUR-01_osm_node_2266164066,DUR-01,Durham,node,2266164066,The Parlour,the parlour,Point,35.9966376,-78.9022334,amenity,ice_cream,,,city=Durham; housenumber=117; postcode=27701; state=NC; street=Market Street,,,https://theparlour.co/,"{""addr:city"": ""Durham"", ""addr:housenumber"": ""117"", ""addr:postcode"": ""27701"", ""addr:state"": ""NC"", ""addr:street"": ""Market Street"", ""amenity"": ""ice_cream"", ""contact:email"": ""icecream@theparlour.co"", ""contact:facebook"": ""https://www.facebook.com/theparlourdurham"", ""contact:instagram"": ""https://www.instagram.com/theparlourdurham/"", ""contact:phone"": ""+1-919-564-7999"", ""contact:twitter"": ""https://twitter.com/parlourdurham"", ""contact:website"": ""https://theparlour.co/"", ""diet:vegan"": ""yes"", ""name"": ""The Parlour"", ""opening_hours"": ""Mo-Su 12:00-22:00"", ""shop"": ""confectionery""}",2026-10-10T14:14:29Z,OpenStreetMap Overpass API,False,POINT (-78.902233 35.996638)
DUR-01_osm_node_227144929,DUR-01,Durham,node,227144929,Durham Farmer's Market,durham farmer s market,Point,36.000504,-78.9018502,amenity,marketplace,,,,,,,"{""amenity"": ""marketplace"", ""name"": ""Durham Farmer's Market"", ""opening_hours"": ""Sa 08:00-12:00, We 15:30-18:30""}",2026-10-10T14:14:29Z,OpenStreetMap Overpass API,False,POINT (-78.90185 36.000504)
DUR-01_osm_node_2295007375,DUR-01,Durham,node,2295007375,Loaf,loaf,Point,35.9957292,-78.9006724,shop,bakery,,,city=Durham; country=US; housenumber=111; state=NC; street=West Parrish Street,,,https://www.loafdurham.com/,"{""addr:city"": ""Durham"", ""addr:country"": ""US"", ""addr:housenumber"": ""111"", ""addr:state"": ""NC"", ""addr:street"": ""West Parrish Street"", ""image"": ""https://encrypted-tbn0.gstatic.com/images?q=tbn:ANd9GcQjQYAU_6R2cfwtDNZZBdwBICSShFg6B3ukoA&s"", ""name"": ""Loaf"", ""phone"": ""+1-919-797-1254"", ""shop"": ""bakery"", ""website"": ""https://www.loafdurham.com/""}",2026-10-10T14:14:29Z,OpenStreetMap Overpass API,False,POINT (-78.900672 35.995729)
DUR-01_osm_node_2612382905,DUR-01,Durham,node,2612382905,Jack,jack,Point,36.0000359,-78.9101185,shop,clothes,,,,,,https://www.facebook.com/jack905nc,"{""name"": ""Jack"", ""phone"": ""+1-919-973-4503"", ""shop"": ""clothes"", ""website"": ""https://www.facebook.com/jack905nc""}",2026-10-10T14:14:29Z,OpenStreetMap Overpass API,False,POINT (-78.910118 36.000036)
DUR-01_osm_node_2613374706,DUR-01,Durham,node,2613374706,Alley Twenty Six,alley twenty six,Point,35.9968225,-78.9005355,amenity,bar,,,city=Durham; country=US; housenumber=320; postcode=27701; state=NC; street=East Chapel Hill Street,,,https://www.alleytwentysix.com/,"{""addr:city"": ""Durham"", ""addr:country"": ""US"", ""addr:housenumber"": ""320"", ""addr:postcode"": ""27701"", ""addr:state"": ""NC"", ""addr:street"": ""East Chapel Hill Street"", ""amenity"": ""bar"", ""name"": ""Alley Twenty Six"", ""opening_hours"": ""16:00-02:00"", ""website"": ""https://www.alleytwentysix.com/""}",2026-10-10T14:14:29Z,OpenStreetMap Overpass API,False,POINT (-78.900536 35.996822)
DUR-01_osm_node_2627670478,DUR-01,Durham,node,2627670478,Pompieri Pizza,pompieri pizza,Point,35.995879,-78.8997249,amenity,restaurant,,,city=Durham; country=US; housenumber=102; postcode=27701; state=NC; street=City Hall Plaza; suite=101,,,https://www.pompieripizza.com/,"{""addr:city"": ""Durham"", ""addr:country"": ""US"", ""addr:housenumber"": ""102"", ""addr:postcode"": ""27701"", ""addr:state"": ""NC"", ""addr:street"": ""City Hall Plaza"", ""addr:suite"": ""101"", ""amenity"": ""restaurant"", ""cuisine"": ""pizza"", ""name"": ""Pompieri Pizza"", ""opening_hours"": ""Tu-Th 17:00-22:00; Fr-Sa 17:00-23:00; Su 17:00-21:00"", ""phone"": ""+1-919-973-1589"", ""website"": ""https://www.pompieripizza.com/""}",2026-10-10T14:14:29Z,OpenStreetMap Overpass API,False,POINT (-78.899725 35.995879)
DUR-01_osm_node_2639591502,DUR-01,Durham,node,2639591502,The Pit,the pit,Point,36.0035428,-78.8997761,amenity,restaurant,,,city=Durham; country=US; housenumber=321; state=NC; street=West Geer Street,,,https://thepit-durham.com/,"{""addr:city"": ""Durham"", ""addr:country"": ""US"", ""addr:housenumber"": ""321"", ""addr:state"": ""NC"", ""addr:street"": ""West Geer Street"", ""amenity"": ""restaurant"", ""cuisine"": ""regional"", ""name"": ""The Pit"", ""opening_hours"": ""Mo-Th 11:00-22:00; Fr-Sa 11:00-21:00; Su 11:00-21:00"", ""website"": ""https://thepit-durham.com/""}",2026-10-10T14:14:29Z,OpenStreetMap Overpass API,False,POINT (-78.899776 36.003543)
DUR-01_osm_node_2824997593,DUR-01,Durham,node,2824997593,Bullseye Bicycle,bullseye bicycle,Point,35.997173,-78.9037512,shop,bicycle,,,city=Durham; country=US; housenumber=102; postcode=27701; state=NC; street=Morris Street,,,https://bullseyebicycle.com/,"{""addr:city"": ""Durham"", ""addr:country"": ""US"", ""addr:housenumber"": ""102"", ""addr:postcode"": ""27701"", ""addr:state"": ""NC"", ""addr:street"": ""Morris Street"", ""check_date"": ""2026-07"", ""email"": ""bullseyebicycle@gmail.com"", ""name"": ""Bullseye Bicycle"", ""opening_hours"": ""Mo-Sa 10:00-19:00"", ""phone"": ""+1-919-438-3883"", ""service:bicycle:rental"": ""yes"", ""service:bicycle:repair"": ""yes"", ""service:bicycle:retail"": ""yes"", ""service:bicycle:service"": ""yes"", ""shop"": ""bicycle"", ""website"": ""https://bullseyebicycle.com/""}",2026-10-10T14:14:29Z,OpenStreetMap Overpass API,False,POINT (-78.903751 35.997173)
DUR-01_osm_node_2824997594,DUR-01,Durham,node,2824997594,Viceroy,viceroy,Point,35.9966276,-78.9036835,amenity,restaurant,,,city=Durham; country=US; housenumber=335; postcode=27701; state=NC; street=West Main Street,,,https://www.viceroydurham.com/,"{""addr:city"": ""Durham"", ""addr:country"": ""US"", ""addr:housenumber"": ""335"", ""addr:postcode"": ""27701"", ""addr:state"": ""NC"", ""addr:street"": ""West Main Street"", ""amenity"": ""restaurant"", ""cuisine"": ""indian"", ""name"": ""Viceroy"", ""phone"": ""+1-919-797-0413"", ""reservation"": ""yes"", ""smoking"": ""no"", ""takeaway"": ""yes"", ""website"": ""https://www.viceroydurham.com/""}",2026-10-10T14:14:29Z,OpenStreetMap Overpass API,False,POINT (-78.903684 35.996628)
DUR-01_osm_node_2881677872,DUR-01,Durham,node,2881677872,Mid-South Fencing Club,mid south fencing club,Point,36.001588,-78.9085699,leisure,sports_centre,,,city=Durham; country=US; housenumber=125; postcode=27701; state=NC; street=North Gregson Street,,,https://midsouthfencersclub.org/,"{""addr:city"": ""Durham"", ""addr:country"": ""US"", ""addr:housenumber"": ""125"", ""addr:postcode"": ""27701"", ""addr:state"": ""NC"", ""addr:street"": ""North Gregson Street"", ""leisure"": ""sports_centre"", ""name"": ""Mid-South Fencing Club"", ""sport"": ""fencing"", ""toilets:wheelchair"": ""yes"", ""website"": ""https://midsouthfencersclub.org/"", ""wheelchair"": ""yes""}",2026-10-10T14:14:29Z,OpenStreetMap Overpass API,False,POINT (-78.90857 36.001588)
DUR-01_osm_node_2903642919,DUR-01,Durham,node,2903642919,Moe's Southwest Grill,moe s southwest grill,Point,35.9929672,-78.9039419,amenity,fast_food,Moe's Southwest Grill,,city=Durham; housenumber=359; postcode=27701; state=NC; street=Blackwell Street; unit=115,,,https://locations.moes.com/nc/durham/359-blackwell-street,"{""addr:city"": ""Durham"", ""addr:housenumber"": ""359"", ""addr:postcode"": ""27701"", ""addr:state"": ""NC"", ""addr:street"": ""Blackwell Street"", ""addr:unit"": ""115"", ""amenity"": ""fast_food"", ""branch"": ""American Tobacco Campus"", ""brand"": ""Moe's Southwest Grill"", ""brand:wikidata"": ""Q6889938"", ""cuisine"": ""mexican"", ""name"": ""Moe's Southwest Grill"", ""opening_hours"": ""10:30-21:00"", ""phone"": ""+1 919-973-4797"", ""short_name"": ""Moe's"", ""takeaway"": ""yes"", ""website"": ""https://locations.moes.com/nc/durham/359-blackwell-street""}",2026-10-10T14:14:29Z,OpenStreetMap Overpass API,False,POINT (-78.903942 35.992967)
DUR-01_osm_node_299507889,DUR-01,Durham,node,299507889,Torero's Mexican Restaurant,torero s mexican restaurant,Point,35.9999491,-78.9056283,amenity,restaurant,,,city=Durham; country=US; housenumber=604; postcode=27701; state=NC; street=Fernway Avenue,,,https://torerosdurham.com/,"{""addr:city"": ""Durham"", ""addr:country"": ""US"", ""addr:housenumber"": ""604"", ""addr:postcode"": ""27701"", ""addr:state"": ""NC"", ""addr:street"": ""Fernway Avenue"", ""air_conditioning"": ""yes"", ""amenity"": ""restaurant"", ""bar"": ""yes"", ""contact:facebook"": ""https://www.facebook.com/Toreros1"", ""cuisine"": ""mexican"", ""disused:amenity"": ""restaurant"", ""indoor_seating"": ""yes"", ""name"": ""Torero's Mexican Restaurant"", ""opening_hours"": ""closed"", ""outdoor_seating"": ""yes"", ""phone"": ""+1-919-682-4197"", ""survey:date"": ""2019-10-09"", ""toilets"": ""yes"", ""website"": ""https://torerosdurham.com/""}",2026-10-10T14:14:29Z,OpenStreetMap Overpass API,False,POINT (-78.905628 35.999949)
DUR-01_osm_node_299513078,DUR-01,Durham,node,299513078,Rue Cler,rue cler,Point,35.9970496,-78.899765,amenity,restaurant,,,city=Durham; housenumber=401; postcode=27701; state=NC; street=East Chapel Hill Street,,,,"{""addr:city"": ""Durham"", ""addr:housenumber"": ""401"", ""addr:postcode"": ""27701"", ""addr:state"": ""NC"", ""addr:street"": ""East Chapel Hill Street"", ""amenity"": ""restaurant"", ""name"": ""Rue Cler"", ""source:addr"": ""Durham Open Data""}",2026-10-10T14:14:29Z,OpenStreetMap Overpass API,False,POINT (-78.899765 35.99705)
DUR-01_osm_node_3011325972,DUR-01,Durham,node,3011325972,Jackie Moore Salon,jackie moore salon,Point,35.9995918,-78.910349,shop,beauty,,,city=Durham; country=US; housenumber=905; postcode=27701; state=NC; street=West Main Street,,,http://jackiemoorestyle.com,"{""addr:city"": ""Durham"", ""addr:country"": ""US"", ""addr:housenumber"": ""905"", ""addr:postcode"": ""27701"", ""addr:state"": ""NC"", ""addr:street"": ""West Main Street"", ""name"": ""Jackie Moore Salon"", ""phone"": ""+1-919-687-7777"", ""shop"": ""beauty"", ""website"": ""http://jackiemoorestyle.com""}",2026-10-10T14:14:29Z,OpenStreetMap Overpass API,False,POINT (-78.910349 35.999592)
DUR-01_osm_node_3019454195,DUR-01,Durham,node,3019454195,Truist,truist,Point,35.9950618,-78.908153,amenity,bank,Truist,,,,,,"{""amenity"": ""bank"", ""atm"": ""yes"", ""brand"": ""Truist"", ""brand:wikidata"": ""Q795486"", ""name"": ""Truist"", ""official_name"": ""Branch Banking and Trust Company""}",2026-10-10T14:14:29Z,OpenStreetMap Overpass API,False,POINT (-78.908153 35.995062)
DUR-01_osm_node_3042465478,DUR-01,Durham,node,3042465478,Daisy Cakes,daisy cakes,Point,35.9994165,-78.9016931,amenity,cafe,,,city=Durham; country=US; housenumber=401; postcode=27701; state=NC; street=Foster Street; unit=A,,,,"{""addr:city"": ""Durham"", ""addr:country"": ""US"", ""addr:housenumber"": ""401"", ""addr:postcode"": ""27701"", ""addr:state"": ""NC"", ""addr:street"": ""Foster Street"", ""addr:unit"": ""A"", ""amenity"": ""cafe"", ""name"": ""Daisy Cakes"", ""survey:date"": ""2014-05-17""}",2026-10-10T14:14:29Z,OpenStreetMap Overpass API,False,POINT (-78.901693 35.999416)
DUR-01_osm_node_3042465480,DUR-01,Durham,node,3042465480,Urban Durham,urban durham,Point,35.9996249,-78.9016856,office,yes,,,city=Durham; country=US; housenumber=401; postcode=27701; state=NC; street=Foster Street; unit=C,,,,"{""addr:city"": ""Durham"", ""addr:country"": ""US"", ""addr:housenumber"": ""401"", ""addr:postcode"": ""27701"", ""addr:state"": ""NC"", ""addr:street"": ""Foster Street"", ""addr:unit"": ""C"", ""name"": ""Urban Durham"", ""office"": ""yes""}",2026-10-10T14:14:29Z,OpenStreetMap Overpass API,False,POINT (-78.901686 35.999625)
DUR-01_osm_node_316546627,DUR-01,Durham,node,316546627,Turtle,turtle,Point,36.0006009,-78.9010264,tourism,attraction,,,,,,,"{""historic"": ""monument"", ""name"": ""Turtle"", ""tourism"": ""attraction""}",2026-10-10T14:14:29Z,OpenStreetMap Overpass API,False,POINT (-78.901026 36.000601)
DUR-01_osm_node_317887282,DUR-01,Durham,node,317887282,Major the bull,major the bull,Point,35.9964834,-78.9017079,tourism,attraction,,,,,,,"{""historic"": ""monument"", ""name"": ""Major the bull"", ""tourism"": ""attraction""}",2026-10-10T14:14:29Z,OpenStreetMap Overpass API,False,POINT (-78.901708 35.996483)
DUR-01_osm_node_3312501920,DUR-01,Durham,node,3312501920,Foil Law Offices,foil law offices,Point,35.994677,-78.9002625,office,lawyer,,,,,,http://foillawoffices.com/,"{""fax"": ""+1-919-682-3273"", ""name"": ""Foil Law Offices"", ""office"": ""lawyer"", ""phone"": ""+1-919-688-9631"", ""website"": ""http://foillawoffices.com/""}",2026-10-10T14:14:29Z,OpenStreetMap Overpass API,False,POINT (-78.900262 35.994677)
DUR-01_osm_node_3312503173,DUR-01,Durham,node,3312503173,The Daily Beer Bar,the daily beer bar,Point,35.994744,-78.9004069,amenity,bar,,,city=Durham; housenumber=108; postcode=27701; state=NC; street=East Main Street,,,https://www.thedailybeerbar.com/,"{""addr:city"": ""Durham"", ""addr:housenumber"": ""108"", ""addr:postcode"": ""27701"", ""addr:state"": ""NC"", ""addr:street"": ""East Main Street"", ""amenity"": ""bar"", ""contact:instagram"": ""https://www.instagram.com/thedailydurham"", ""indoor_seating"": ""yes"", ""internet_access"": ""wlan"", ""name"": ""The Daily Beer Bar"", ""opening_hours"": ""Mo 08:00-17:00; Tu-Su 08:00-21:00"", ""opening_hours:kitchen"": ""Mo 10:30-17:00; Tu-Su 10:30-21:00"", ""outdoor_seating"": ""yes"", ""reservation"": ""no"", ""website"": ""https://www.thedailybeerbar.com/"", ""website:menu"": ""https://www.thedailybeerbar.com/menu""}",2026-10-10T14:14:29Z,OpenStreetMap Overpass API,False,POINT (-78.900407 35.994744)
DUR-01_osm_node_3403814894,DUR-01,Durham,node,3403814894,21c Museum Hotel,21c museum hotel,Point,35.9959825,-78.901846,tourism,hotel,,,,,,,"{""name"": ""21c Museum Hotel"", ""tourism"": ""hotel""}",2026-10-10T14:14:29Z,OpenStreetMap Overpass API,False,POINT (-78.901846 35.995982)
DUR-01_osm_node_3566301410,DUR-01,Durham,node,3566301410,Prophecy Social House,prophecy social house,Point,35.9905247,-78.8964105,office,company,,,city=Durham; housenumber=506; postcode=27701; state=NC; street=Ramseur Street,,,,"{""addr:city"": ""Durham"", ""addr:housenumber"": ""506"", ""addr:postcode"": ""27701"", ""addr:state"": ""NC"", ""addr:street"": ""Ramseur Street"", ""name"": ""Prophecy Social House"", ""office"": ""company""}",2026-10-10T14:14:29Z,OpenStreetMap Overpass API,False,POINT (-78.89641 35.990525)
DUR-01_osm_node_3649631209,DUR-01,Durham,node,3649631209,Durham County Department of Public Health,durham county department of public health,Point,35.9920334,-78.8967949,office,government,,,city=Durham; housenumber=414; postcode=27701; state=NC; street=East Main Street,Q30285933,,,"{""addr:city"": ""Durham"", ""addr:housenumber"": ""414"", ""addr:postcode"": ""27701"", ""addr:state"": ""NC"", ""addr:street"": ""East Main Street"", ""name"": ""Durham County Department of Public Health"", ""office"": ""government"", ""phone"": ""+1-919-560-7600"", ""wikidata"": ""Q30285933""}",2026-10-10T14:14:29Z,OpenStreetMap Overpass API,False,POINT (-78.896795 35.992033)
DUR-01_osm_node_3672062439,DUR-01,Durham,node,3672062439,St. Joseph's Historic Foundation Hayti Heritage Center,st joseph s historic foundation hayti heritage center,Point,35.9856393,-78.8980299,amenity,arts_centre,,,city=Durham; housenumber=804; postcode=27701; state=NC; street=Fayetteville Street,,,,"{""addr:city"": ""Durham"", ""addr:housenumber"": ""804"", ""addr:postcode"": ""27701"", ""addr:state"": ""NC"", ""addr:street"": ""Fayetteville Street"", ""amenity"": ""arts_centre"", ""name"": ""St. Joseph's Historic Foundation Hayti Heritage Center""}",2026-10-10T14:14:29Z,OpenStreetMap Overpass API,False,POINT (-78.89803 35.985639)
DUR-01_osm_node_3838090703,DUR-01,Durham,node,3838090703,Schoolkids Records,schoolkids records,Point,35.9999087,-78.9103355,shop,music,,,city=Durham; housenumber=905; postcode=27701; state=NC; street=West Main Street,,,,"{""addr:city"": ""Durham"", ""addr:housenumber"": ""905"", ""addr:postcode"": ""27701"", ""addr:state"": ""NC"", ""addr:street"": ""West Main Street"", ""name"": ""Schoolkids Records"", ""opening_hours"": ""Mo-Sa 10:00-21:00; Su 12:00-19:00"", ""phone"": ""+1 919 688 7022"", ""shop"": ""music""}",2026-10-10T14:14:29Z,OpenStreetMap Overpass API,False,POINT (-78.910336 35.999909)
DUR-01_osm_node_3838090704,DUR-01,Durham,node,3838090704,Indio,indio,Point,36.000082,-78.9101918,shop,variety_store,,,city=Durham; housenumber=905; postcode=27701; state=NC; street=West Main Street,,,https://www.indiodurham.com/,"{""addr:city"": ""Durham"", ""addr:housenumber"": ""905"", ""addr:postcode"": ""27701"", ""addr:state"": ""NC"", ""addr:street"": ""West Main Street"", ""name"": ""Indio"", ""opening_hours"": ""Mo-Sa 11:00-19:00; Su 13:00-17:00"", ""phone"": ""+1 919 797 0456"", ""shop"": ""variety_store"", ""website"": ""https://www.indiodurham.com/""}",2026-10-10T14:14:29Z,OpenStreetMap Overpass API,False,POINT (-78.910192 36.000082)
DUR-01_osm_node_3838090705,DUR-01,Durham,node,3838090705,Hamilton Hill,hamilton hill,Point,35.999799,-78.9101457,shop,jewelry,,,city=Durham; housenumber=905; postcode=27701; state=NC; street=West Main Street,,,https://www.hamiltonhilljewelry.com/,"{""addr:city"": ""Durham"", ""addr:housenumber"": ""905"", ""addr:postcode"": ""27701"", ""addr:state"": ""NC"", ""addr:street"": ""West Main Street"", ""name"": ""Hamilton Hill"", ""opening_hours"": ""Mo-Fr 11:00-18:00; Sa 11:00-17:00"", ""phone"": ""+1-919-683-1474"", ""shop"": ""jewelry"", ""website"": ""https://www.hamiltonhilljewelry.com/""}",2026-10-10T14:14:29Z,OpenStreetMap Overpass API,False,POINT (-78.910146 35.999799)
DUR-01_osm_node_3838090706,DUR-01,Durham,node,3838090706,Bull City Art & Frame Company,bull city art and frame company,Point,36.0003365,-78.9100562,shop,frame,,,city=Durham; housenumber=905; postcode=27701; state=NC; street=West Main Street,,,https://www.bullcityartandframecompany.com/,"{""addr:city"": ""Durham"", ""addr:housenumber"": ""905"", ""addr:postcode"": ""27701"", ""addr:state"": ""NC"", ""addr:street"": ""West Main Street"", ""name"": ""Bull City Art & Frame Company"", ""phone"": ""+1-919-680-4278"", ""shop"": ""frame"", ""website"": ""https://www.bullcityartandframecompany.com/""}",2026-10-10T14:14:29Z,OpenStreetMap Overpass API,False,POINT (-78.910056 36.000336)
DUR-01_osm_node_3838090707,DUR-01,Durham,node,3838090707,James Kennedy Antiques,james kennedy antiques,Point,35.999878,-78.9102569,shop,antiques,,,city=Durham; housenumber=905; postcode=27701; state=NC; street=West Main Street,,,https://www.jameskennedyantiques.com/,"{""addr:city"": ""Durham"", ""addr:housenumber"": ""905"", ""addr:postcode"": ""27701"", ""addr:state"": ""NC"", ""addr:street"": ""West Main Street"", ""name"": ""James Kennedy Antiques"", ""phone"": ""+1-919-682-1040"", ""shop"": ""antiques"", ""website"": ""https://www.jameskennedyantiques.com/""}",2026-10-10T14:14:29Z,OpenStreetMap Overpass API,False,POINT (-78.910257 35.999878)
DUR-01_osm_node_3838090708,DUR-01,Durham,node,3838090708,"Crabtree, Carpenter & Connolly, PLLC Attorneys at Law",crabtree carpenter and connolly pllc attorneys at law,Point,36.0003409,-78.9101674,office,lawyer,,,city=Durham; housenumber=905; postcode=27701; state=NC; street=West Main Street,,,https://www.cccattorneys.com/,"{""addr:city"": ""Durham"", ""addr:housenumber"": ""905"", ""addr:postcode"": ""27701"", ""addr:state"": ""NC"", ""addr:street"": ""West Main Street"", ""name"": ""Crabtree, Carpenter & Connolly, PLLC Attorneys at Law"", ""office"": ""lawyer"", ""opening_hours"": ""Mo-Th 08:30-17:00; Fr 08:30-13:00"", ""phone"": ""+1 919 682 9691"", ""website"": ""https://www.cccattorneys.com/""}",2026-10-10T14:14:29Z,OpenStreetMap Overpass API,False,POINT (-78.910167 36.000341)
DUR-01_osm_node_3931043858,DUR-01,Durham,node,3931043858,Whetstone Apartments,whetstone apartments,Point,35.9952316,-78.9069932,tourism,guest_house,,,,,,,"{""guest_house"": ""bed_and_breakfast"", ""name"": ""Whetstone Apartments"", ""toilets:wheelchair"": ""yes"", ""tourism"": ""guest_house"", ""wheelchair"": ""yes"", ""wheelchair:description"": ""entirely new apartments in downtown Durham. 100% accessible & offer accessible apartments (wider doors, wheelchair height door peep hole, lower kitchen counters & appliances, full functional bathrooms with 7 grab bars, mobile telescoping shower head & pu""}",2026-10-10T14:14:29Z,OpenStreetMap Overpass API,False,POINT (-78.906993 35.995232)
DUR-01_osm_node_3948174627,DUR-01,Durham,node,3948174627,FHI 360,fhi 360,Point,35.9927911,-78.9041757,office,company,,,city=Durham; country=US; housenumber=359; state=NC; street=Blackwell Street,,,https://www.fhi360.org/,"{""addr:city"": ""Durham"", ""addr:country"": ""US"", ""addr:housenumber"": ""359"", ""addr:state"": ""NC"", ""addr:street"": ""Blackwell Street"", ""name"": ""FHI 360"", ""office"": ""company"", ""website"": ""https://www.fhi360.org/""}",2026-10-10T14:14:29Z,OpenStreetMap Overpass API,False,POINT (-78.904176 35.992791)
DUR-01_osm_node_398938445,DUR-01,Durham,node,398938445,The Little Dipper,the little dipper,Point,36.0003914,-78.9101619,amenity,restaurant,,,city=Durham; country=US; housenumber=905; postcode=27701; state=NC; street=West Main Street,,,https://www.littledipperfondue.com/durham,"{""addr:city"": ""Durham"", ""addr:country"": ""US"", ""addr:housenumber"": ""905"", ""addr:postcode"": ""27701"", ""addr:state"": ""NC"", ""addr:street"": ""West Main Street"", ""amenity"": ""restaurant"", ""cuisine"": ""fondue"", ""name"": ""The Little Dipper"", ""phone"": ""+1-919-908-1023"", ""website"": ""https://www.littledipperfondue.com/durham""}",2026-10-10T14:14:29Z,OpenStreetMap Overpass API,False,POINT (-78.910162 36.000391)
DUR-01_osm_node_4086669922,DUR-01,Durham,node,4086669922,QueenBurger,queenburger,Point,35.992746,-78.9042392,amenity,restaurant,,,city=Durham; housenumber=359; postcode=27701; state=NC; street=Blackwell Street,,,,"{""addr:city"": ""Durham"", ""addr:housenumber"": ""359"", ""addr:postcode"": ""27701"", ""addr:state"": ""NC"", ""addr:street"": ""Blackwell Street"", ""amenity"": ""restaurant"", ""name"": ""QueenBurger"", ""takeaway"": ""yes""}",2026-10-10T14:14:29Z,OpenStreetMap Overpass API,False,POINT (-78.904239 35.992746)
DUR-01_osm_node_412144662,DUR-01,Durham,node,412144662,Self-Help Credit Union,self help credit union,Point,35.9959575,-78.9026464,amenity,bank,Self-Help Credit Union,,,,,,"{""amenity"": ""bank"", ""brand"": ""Self-Help Credit Union"", ""brand:wikidata"": ""Q111381769"", ""name"": ""Self-Help Credit Union""}",2026-10-10T14:14:29Z,OpenStreetMap Overpass API,False,POINT (-78.902646 35.995958)
DUR-01_osm_node_4202449596,DUR-01,Durham,node,4202449596,Moshi Moshi,moshi moshi,Point,35.990232,-78.8906036,shop,hairdresser,,,country=US; housenumber=807; postcode=27701; state=NC; street=East Main Street,,,https://www.moshimoshimeanshello.com/,"{""addr:country"": ""US"", ""addr:housenumber"": ""807"", ""addr:postcode"": ""27701"", ""addr:state"": ""NC"", ""addr:street"": ""East Main Street"", ""name"": ""Moshi Moshi"", ""opening_hours"": ""Mo 09:00-19:00, Tu-Th 09:00-20:00, Fr 09:00-19:00, Sa 09:00-18:00"", ""phone"": ""+1 919 564 1272"", ""shop"": ""hairdresser"", ""website"": ""https://www.moshimoshimeanshello.com/""}",2026-10-10T14:14:29Z,OpenStreetMap Overpass API,False,POINT (-78.890604 35.990232)
DUR-01_osm_node_4202449597,DUR-01,Durham,node,4202449597,Shodor,shodor,Point,35.9899341,-78.891248,office,research,,,country=US; housenumber=807; postcode=27701; state=NC; street=East Main Street; suite=7-100,,,https://www.shodor.org/,"{""addr:country"": ""US"", ""addr:housenumber"": ""807"", ""addr:postcode"": ""27701"", ""addr:state"": ""NC"", ""addr:street"": ""East Main Street"", ""addr:suite"": ""7-100"", ""name"": ""Shodor"", ""office"": ""research"", ""phone"": ""+1 919 560 1911"", ""website"": ""https://www.shodor.org/""}",2026-10-10T14:14:29Z,OpenStreetMap Overpass API,False,POINT (-78.891248 35.989934)
DUR-01_osm_node_4379291809,DUR-01,Durham,node,4379291809,American Tobacco Historic District,american tobacco historic district,Point,35.9943285,-78.904297,historic,district,,,city=Durham; housenumber=318; state=NC; street=Blackwell Street,Q16827951,,https://www.americantobaccohistoricdistrict.com/,"{""addr:city"": ""Durham"", ""addr:housenumber"": ""318"", ""addr:state"": ""NC"", ""addr:street"": ""Blackwell Street"", ""alt_name"": ""American Tobacco Campus"", ""historic"": ""district"", ""name"": ""American Tobacco Historic District"", ""place"": ""neighbourhood"", ""website"": ""https://www.americantobaccohistoricdistrict.com/"", ""wikidata"": ""Q16827951""}",2026-10-10T14:14:29Z,OpenStreetMap Overpass API,False,POINT (-78.904297 35.994328)
DUR-01_osm_node_452070540,DUR-01,Durham,node,452070540,Pinhook,pinhook,Point,35.9952638,-78.9015132,amenity,pub,,,city=Durham; housenumber=117; postcode=27701; state=NC; street=West Main Street,,,https://thepinhook.com/,"{""addr:city"": ""Durham"", ""addr:housenumber"": ""117"", ""addr:postcode"": ""27701"", ""addr:state"": ""NC"", ""addr:street"": ""West Main Street"", ""amenity"": ""pub"", ""lgbtq"": ""welcome"", ""name"": ""Pinhook"", ""source:addr"": ""Durham Open Data"", ""website"": ""https://thepinhook.com/""}",2026-10-10T14:14:29Z,OpenStreetMap Overpass API,False,POINT (-78.901513 35.995264)
DUR-01_osm_node_4886513252,DUR-01,Durham,node,4886513252,Bull City Ciderworks,bull city ciderworks,Point,35.9910169,-78.8994207,craft,brewery,,,country=US; housenumber=305; state=NC; street=S Roxboro St,,,https://www.bullcityciderworks.com/durham,"{""addr:country"": ""US"", ""addr:housenumber"": ""305"", ""addr:state"": ""NC"", ""addr:street"": ""S Roxboro St"", ""craft"": ""brewery"", ""name"": ""Bull City Ciderworks"", ""opening_hours"": ""Mo-Th 16:00-23:00, Fr 15:00-24:00, Sa 12:00-24:00, Su 12:00-22:00"", ""payment:cash"": ""yes"", ""payment:cryptocurrencies"": ""no"", ""phone"": ""+1-919-237-2357"", ""website"": ""https://www.bullcityciderworks.com/durham""}",2026-10-10T14:14:29Z,OpenStreetMap Overpass API,False,POINT (-78.899421 35.991017)
DUR-01_osm_node_5076331509,DUR-01,Durham,node,5076331509,American Underground @ Main,american underground main,Point,35.995616,-78.9022076,office,company,,,city=Durham; housenumber=201; postcode=27701; state=NC; street=West Main Street,,,,"{""addr:city"": ""Durham"", ""addr:housenumber"": ""201"", ""addr:postcode"": ""27701"", ""addr:state"": ""NC"", ""addr:street"": ""West Main Street"", ""name"": ""American Underground @ Main"", ""office"": ""company"", ""start_date"": ""2010""}",2026-10-10T14:14:29Z,OpenStreetMap Overpass API,False,POINT (-78.902208 35.995616)
DUR-01_osm_node_5108643721,DUR-01,Durham,node,5108643721,M Sushi,m sushi,Point,35.9972734,-78.9012646,amenity,restaurant,,,city=Durham; housenumber=311; postcode=27701; state=NC; street=Holland Street,,,https://www.m-restaurants.com/location/m-restaurants-sushi/,"{""addr:city"": ""Durham"", ""addr:housenumber"": ""311"", ""addr:postcode"": ""27701"", ""addr:state"": ""NC"", ""addr:street"": ""Holland Street"", ""amenity"": ""restaurant"", ""cuisine"": ""sushi;japanese"", ""image"": ""https://images.getbento.com/accounts/5d1f561a72ef677a34ccab498250185d/media/C2pTyU1lQnmdnCSYSAe8_Battera%20Zushi.jpg?w=1200&fit=crop&auto=compress,format&cs=origin&h=600"", ""internet_access"": ""wlan"", ""name"": ""M Sushi"", ""phone"": ""+1-919-908-9266"", ""reservation"": ""yes"", ""website"": ""https://www.m-restaurants.com/location/m-restaurants-sushi/""}",2026-10-10T14:14:29Z,OpenStreetMap Overpass API,False,POINT (-78.901265 35.997273)
DUR-01_osm_node_5108643821,DUR-01,Durham,node,5108643821,M Kokko,m kokko,Point,35.9973064,-78.9012335,amenity,restaurant,,,city=Durham; housenumber=311; postcode=27701; state=NC; street=Holland Street; unit=B,,,https://www.m-restaurants.com/location/m-restaurants-kokko/,"{""addr:city"": ""Durham"", ""addr:housenumber"": ""311"", ""addr:postcode"": ""27701"", ""addr:state"": ""NC"", ""addr:street"": ""Holland Street"", ""addr:unit"": ""B"", ""amenity"": ""restaurant"", ""cuisine"": ""korean"", ""image"": ""https://www.nctriangledining.com/wp-content/uploads/2016/10/MKokko-FrontNight2.jpg"", ""internet_access"": ""wlan"", ""name"": ""M Kokko"", ""phone"": ""+1-919-908-9332"", ""website"": ""https://www.m-restaurants.com/location/m-restaurants-kokko/""}",2026-10-10T14:14:29Z,OpenStreetMap Overpass API,False,POINT (-78.901234 35.997306)
DUR-01_osm_node_5617695715,DUR-01,Durham,node,5617695715,The Old North Bar,the old north bar,Point,36.0039478,-78.8991217,amenity,bar,,,city=Durham; housenumber=316; postcode=27701; state=NC; street=West Geer Street,,,,"{""addr:city"": ""Durham"", ""addr:housenumber"": ""316"", ""addr:postcode"": ""27701"", ""addr:state"": ""NC"", ""addr:street"": ""West Geer Street"", ""amenity"": ""bar"", ""check_date"": ""2026-02-13"", ""name"": ""The Old North Bar""}",2026-10-10T14:14:29Z,OpenStreetMap Overpass API,False,POINT (-78.899122 36.003948)
DUR-01_osm_node_5638168922,DUR-01,Durham,node,5638168922,It’s a Southern Thing,it s a southern thing,Point,35.9985986,-78.9072082,amenity,restaurant,,,country=US; postcode=27701; state=NC; street=West Main Street,,,https://itsasouthernthingdurham.com/,"{""addr:country"": ""US"", ""addr:postcode"": ""27701"", ""addr:state"": ""NC"", ""addr:street"": ""West Main Street"", ""amenity"": ""restaurant"", ""cuisine"": ""american"", ""name"": ""It’s a Southern Thing"", ""website"": ""https://itsasouthernthingdurham.com/""}",2026-10-10T14:14:29Z,OpenStreetMap Overpass API,False,POINT (-78.907208 35.998599)
DUR-01_osm_node_5785084918,DUR-01,Durham,node,5785084918,Ethereal Tattoo Gallery,ethereal tattoo gallery,Point,36.0033404,-78.8998219,shop,tattoo,,,city=Durham; housenumber=730; postcode=27701; state=NC; street=Rigsbee Avenue,,,,"{""addr:city"": ""Durham"", ""addr:housenumber"": ""730"", ""addr:postcode"": ""27701"", ""addr:state"": ""NC"", ""addr:street"": ""Rigsbee Avenue"", ""name"": ""Ethereal Tattoo Gallery"", ""shop"": ""tattoo"", ""source:addr"": ""Durham Open Data""}",2026-10-10T14:14:29Z,OpenStreetMap Overpass API,False,POINT (-78.899822 36.00334)
DUR-01_osm_node_5792518473,DUR-01,Durham,node,5792518473,Slush,slush,Point,35.9963991,-78.9033078,amenity,restaurant,,,city=Durham; housenumber=321; postcode=27701; state=NC; street=West Main Street,,,,"{""addr:city"": ""Durham"", ""addr:housenumber"": ""321"", ""addr:postcode"": ""27701"", ""addr:state"": ""NC"", ""addr:street"": ""West Main Street"", ""amenity"": ""restaurant"", ""name"": ""Slush"", ""source:addr"": ""Durham Open Data""}",2026-10-10T14:14:29Z,OpenStreetMap Overpass API,False,POINT (-78.903308 35.996399)
DUR-01_osm_node_5792518477,DUR-01,Durham,node,5792518477,M Tempura,m tempura,Point,35.9961571,-78.9005123,amenity,restaurant,,,city=Durham; housenumber=111; postcode=27701; state=NC; street=Orange Street,,,https://www.m-restaurants.com/location/m-restaurants-tempura/,"{""addr:city"": ""Durham"", ""addr:housenumber"": ""111"", ""addr:postcode"": ""27701"", ""addr:state"": ""NC"", ""addr:street"": ""Orange Street"", ""amenity"": ""restaurant"", ""cuisine"": ""japanese;tempura"", ""image"": ""https://www.nctriangledining.com/wp-content/uploads/2018/10/MTempura-InteriorKitchen.jpg"", ""name"": ""M Tempura"", ""phone"": ""+1 919-748-3874"", ""source:addr"": ""Durham Open Data"", ""website"": ""https://www.m-restaurants.com/location/m-restaurants-tempura/""}",2026-10-10T14:14:29Z,OpenStreetMap Overpass API,False,POINT (-78.900512 35.996157)
DUR-01_osm_node_5792518484,DUR-01,Durham,node,5792518484,Rock Paper Scissors Salon,rock paper scissors salon,Point,35.9972452,-78.8992644,shop,beauty,,,city=Durham; housenumber=413; postcode=27701; state=NC; street=East Chapel Hill Street,,,,"{""addr:city"": ""Durham"", ""addr:housenumber"": ""413"", ""addr:postcode"": ""27701"", ""addr:state"": ""NC"", ""addr:street"": ""East Chapel Hill Street"", ""internet_access"": ""wlan"", ""name"": ""Rock Paper Scissors Salon"", ""phone"": ""+1-919-956-7777"", ""shop"": ""beauty"", ""source:addr"": ""Durham Open Data""}",2026-10-10T14:14:29Z,OpenStreetMap Overpass API,False,POINT (-78.899264 35.997245)
DUR-01_osm_node_5840120691,DUR-01,Durham,node,5840120691,Center for Advanced Hindsight,center for advanced hindsight,Point,35.992895,-78.904751,office,association,,,city=Durham; housenumber=334; postcode=27701; state=NC; street=Blackwell Street,,,https://advanced-hindsight.com,"{""addr:city"": ""Durham"", ""addr:housenumber"": ""334"", ""addr:postcode"": ""27701"", ""addr:state"": ""NC"", ""addr:street"": ""Blackwell Street"", ""name"": ""Center for Advanced Hindsight"", ""office"": ""association"", ""source:addr"": ""Durham Open Data"", ""website"": ""https://advanced-hindsight.com""}",2026-10-10T14:14:29Z,OpenStreetMap Overpass API,False,POINT (-78.904751 35.992895)
DUR-01_osm_node_5844548329,DUR-01,Durham,node,5844548329,Durham Station,durham station,Point,35.9960458,-78.9061824,amenity,bus_station,,,city=Durham; housenumber=515; postcode=27701; street=West Pettigrew Street,,,,"{""addr:city"": ""Durham"", ""addr:housenumber"": ""515"", ""addr:postcode"": ""27701"", ""addr:street"": ""West Pettigrew Street"", ""alt_name"": ""Durham Station Transportation Center"", ""amenity"": ""bus_station"", ""bench"": ""yes"", ""bin"": ""yes"", ""bus"": ""yes"", ""departures_board"": ""timetable"", ""highway"": ""bus_stop"", ""lit"": ""yes"", ""name"": ""Durham Station"", ""network"": ""GoDurham;GoTriangle"", ""public_transport"": ""station"", ""ref"": ""5774"", ""shelter"": ""yes"", ""tactile_paving"": ""yes"", ""wheelchair"": ""yes""}",2026-10-10T14:14:29Z,OpenStreetMap Overpass API,False,POINT (-78.906182 35.996046)
DUR-01_osm_node_5849929946,DUR-01,Durham,node,5849929946,La Mala Mexican Inspired Cocktail Bar,la mala mexican inspired cocktail bar,Point,35.9957436,-78.9012117,amenity,bar,,,city=Durham; housenumber=110; postcode=27701; state=NC; street=North Corcoran Street,,,https://lamalamx.com/home/,"{""addr:city"": ""Durham"", ""addr:housenumber"": ""110"", ""addr:postcode"": ""27701"", ""addr:state"": ""NC"", ""addr:street"": ""North Corcoran Street"", ""amenity"": ""bar"", ""image"": ""https://lamalamx.com/wp-content/uploads/brizy/imgs/image_6487327-2-1207x805x162x0x955x805x1698870078.jpg"", ""name"": ""La Mala Mexican Inspired Cocktail Bar"", ""phone"": ""+1-919-797-0104"", ""smoking"": ""no"", ""source:addr"": ""Durham Open Data"", ""website"": ""https://lamalamx.com/home/""}",2026-10-10T14:14:29Z,OpenStreetMap Overpass API,False,POINT (-78.901212 35.995744)
DUR-01_osm_node_6050442005,DUR-01,Durham,node,6050442005,The Bullpen,the bullpen,Point,35.9926069,-78.9043413,amenity,bar,,,,,,,"{""amenity"": ""bar"", ""cuisine"": ""american"", ""name"": ""The Bullpen""}",2026-10-10T14:14:29Z,OpenStreetMap Overpass API,False,POINT (-78.904341 35.992607)
DUR-01_osm_node_6053387309,DUR-01,Durham,node,6053387309,Old Durham Mural,old durham mural,Point,36.0017542,-78.9001292,tourism,artwork,,,,,,,"{""artwork_type"": ""mural"", ""description"": ""Part of the original building left standing"", ""name"": ""Old Durham Mural"", ""tourism"": ""artwork""}",2026-10-10T14:14:29Z,OpenStreetMap Overpass API,False,POINT (-78.900129 36.001754)
DUR-01_osm_node_6562734559,DUR-01,Durham,node,6562734559,Durty Bull Brewery,durty bull brewery,Point,36.0012016,-78.898201,craft,brewery,,,housenumber=Ste 104; street=206 Broadway St,,,https://www.durtybull.com/,"{""addr:housenumber"": ""Ste 104"", ""addr:street"": ""206 Broadway St"", ""craft"": ""brewery"", ""name"": ""Durty Bull Brewery"", ""phone"": ""+1-919-688-2337"", ""product"": ""beer;food"", ""website"": ""https://www.durtybull.com/""}",2026-10-10T14:14:29Z,OpenStreetMap Overpass API,False,POINT (-78.898201 36.001202)
DUR-01_osm_node_6564142217,DUR-01,Durham,node,6564142217,Boxcar Bar + Arcade,boxcar bar arcade,Point,36.0033575,-78.9016031,amenity,bar,,,"street=621 Foster St, Durham, NC 27701",,,https://theboxcarbar.com/durham/,"{""addr:street"": ""621 Foster St, Durham, NC 27701"", ""amenity"": ""bar"", ""description"": ""Bar and arcade"", ""leisure"": ""amusement_arcade"", ""name"": ""Boxcar Bar + Arcade"", ""opening_hours"": ""Mo-Th 17:00-24:00, Su 12:00-24:00, Fr 17:00-01:00, Sa 12:00-01:00"", ""outdoor_seating"": ""yes"", ""phone"": ""+1-984-377-2791"", ""website"": ""https://theboxcarbar.com/durham/""}",2026-10-10T14:14:29Z,OpenStreetMap Overpass API,False,POINT (-78.901603 36.003358)
DUR-01_osm_node_6600829206,DUR-01,Durham,node,6600829206,Ninth Street Bakery,ninth street bakery,Point,35.9968111,-78.9028375,amenity,public_bookcase,,Ninth Street Bakery,,,,,"{""amenity"": ""public_bookcase"", ""check_date"": ""2025-12-14"", ""operator"": ""Ninth Street Bakery""}",2026-10-10T14:14:29Z,OpenStreetMap Overpass API,False,POINT (-78.902838 35.996811)
DUR-01_osm_node_6612191824,DUR-01,Durham,node,6612191824,Urban Axes,urban axes,Point,36.0030588,-78.9016241,amenity,bar,,,city=Durham; housenumber=619; postcode=27701; state=NC; street=Foster Street,,,https://urbanaxes.com/durham/,"{""addr:city"": ""Durham"", ""addr:housenumber"": ""619"", ""addr:postcode"": ""27701"", ""addr:state"": ""NC"", ""addr:street"": ""Foster Street"", ""amenity"": ""bar"", ""name"": ""Urban Axes"", ""website"": ""https://urbanaxes.com/durham/""}",2026-10-10T14:14:29Z,OpenStreetMap Overpass API,False,POINT (-78.901624 36.003059)
DUR-01_osm_node_6737221084,DUR-01,Durham,node,6737221084,Pour,pour,Point,35.9966453,-78.9013136,amenity,bar,,,,,,,"{""amenity"": ""bar"", ""name"": ""Pour"", ""opening_hours"": ""Tu-Th,Su 14:00-12:00, Fr,Sa 14:00-01:00""}",2026-10-10T14:14:29Z,OpenStreetMap Overpass API,False,POINT (-78.901314 35.996645)
DUR-01_osm_node_6737259048,DUR-01,Durham,node,6737259048,Neomonde,neomonde,Point,35.996379,-78.9013636,amenity,restaurant,,,city=Durham; housenumber=202; postcode=27701; state=NC; street=Corcoran Street; unit=300,,,https://www.neomonde.com,"{""addr:city"": ""Durham"", ""addr:housenumber"": ""202"", ""addr:postcode"": ""27701"", ""addr:state"": ""NC"", ""addr:street"": ""Corcoran Street"", ""addr:unit"": ""300"", ""amenity"": ""restaurant"", ""contact:phone"": ""+1-919-680-1886"", ""contact:website"": ""https://www.neomonde.com"", ""cuisine"": ""mediterranean"", ""diet:gluten_free"": ""yes"", ""diet:halal"": ""yes"", ""diet:vegan"": ""yes"", ""diet:vegetarian"": ""yes"", ""level"": ""0"", ""name"": ""Neomonde"", ""opening_hours"": ""Mo-Su 11:00-20:00"", ""outdoor_seating"": ""yes""}",2026-10-10T14:14:29Z,OpenStreetMap Overpass API,False,POINT (-78.901364 35.996379)
DUR-01_osm_node_6737268458,DUR-01,Durham,node,6737268458,Sacred Mandala,sacred mandala,Point,35.9970416,-78.8995031,shop,tattoo,,,city=Durham; housenumber=405 A; postcode=27701; state=NC; street=East Chapel Hill Street,,,https://www.sacredmandalastudio.com/,"{""addr:city"": ""Durham"", ""addr:housenumber"": ""405 A"", ""addr:postcode"": ""27701"", ""addr:state"": ""NC"", ""addr:street"": ""East Chapel Hill Street"", ""contact:facebook"": ""https://www.facebook.com/sacredmandalastudio/"", ""email"": ""sacredmandalastudio@gmail.com"", ""name"": ""Sacred Mandala"", ""opening_hours"": ""Mo-Th 12:00-19:00; Fr,Sa 12:00-21:00; Su 12:00-20:00"", ""phone"": ""+1 919-748-4638"", ""shop"": ""tattoo"", ""website"": ""https://www.sacredmandalastudio.com/""}",2026-10-10T14:14:29Z,OpenStreetMap Overpass API,False,POINT (-78.899503 35.997042)
DUR-01_osm_node_6737268588,DUR-01,Durham,node,6737268588,Bulldega Urban Market,bulldega urban market,Point,35.9960194,-78.9014162,amenity,marketplace,,,city=Durham; housenumber=129; postcode=27701; state=NC; street=West Parrish Street,,,,"{""addr:city"": ""Durham"", ""addr:housenumber"": ""129"", ""addr:postcode"": ""27701"", ""addr:state"": ""NC"", ""addr:street"": ""West Parrish Street"", ""amenity"": ""marketplace"", ""name"": ""Bulldega Urban Market""}",2026-10-10T14:14:29Z,OpenStreetMap Overpass API,False,POINT (-78.901416 35.996019)
DUR-01_osm_node_6737271803,DUR-01,Durham,node,6737271803,Visionary Leadership in the New South,visionary leadership in the new south,Point,35.9964051,-78.9015088,tourism,artwork,,,,,,,"{""artwork_type"": ""sculpture"", ""name"": ""Visionary Leadership in the New South"", ""tourism"": ""artwork""}",2026-10-10T14:14:29Z,OpenStreetMap Overpass API,False,POINT (-78.901509 35.996405)
DUR-01_osm_node_6737445588,DUR-01,Durham,node,6737445588,Winding Out,winding out,Point,35.9958745,-78.9002397,tourism,artwork,,,,,,,"{""artist_name"": ""Robert Winkler"", ""artwork_type"": ""sculpture"", ""description"": ""\""Walk past & around it and watch each angle as it appears to move.\"""", ""material"": ""metal"", ""name"": ""Winding Out"", ""source:description"": ""sign"", ""tourism"": ""artwork""}",2026-10-10T14:14:29Z,OpenStreetMap Overpass API,False,POINT (-78.90024 35.995874)
DUR-01_osm_node_6737445589,DUR-01,Durham,node,6737445589,NC Escape,nc escape,Point,35.9964863,-78.9004186,leisure,escape_game,,,city=Durham; housenumber=119; postcode=27701; state=NC; street=Orange Street; unit=101,,,,"{""addr:city"": ""Durham"", ""addr:housenumber"": ""119"", ""addr:postcode"": ""27701"", ""addr:state"": ""NC"", ""addr:street"": ""Orange Street"", ""addr:unit"": ""101"", ""leisure"": ""escape_game"", ""level"": ""0"", ""name"": ""NC Escape""}",2026-10-10T14:14:29Z,OpenStreetMap Overpass API,False,POINT (-78.900419 35.996486)
DUR-01_osm_node_6737445591,DUR-01,Durham,node,6737445591,Durham Parole,durham parole,Point,35.9964256,-78.90043,office,yes,,,city=Durham; housenumber=119; postcode=27701; state=NC; street=Orange Street; unit=100;200-201,,,,"{""addr:city"": ""Durham"", ""addr:housenumber"": ""119"", ""addr:postcode"": ""27701"", ""addr:state"": ""NC"", ""addr:street"": ""Orange Street"", ""addr:unit"": ""100;200-201"", ""level"": ""1"", ""name"": ""Durham Parole"", ""office"": ""yes""}",2026-10-10T14:14:29Z,OpenStreetMap Overpass API,False,POINT (-78.90043 35.996426)
DUR-01_osm_node_6737445593,DUR-01,Durham,node,6737445593,Hiltzheimer Law,hiltzheimer law,Point,35.9964898,-78.9005309,office,lawyer,,,city=Durham; housenumber=119; postcode=27701; state=NC; street=Orange Street; unit=300,,,,"{""addr:city"": ""Durham"", ""addr:housenumber"": ""119"", ""addr:postcode"": ""27701"", ""addr:state"": ""NC"", ""addr:street"": ""Orange Street"", ""addr:unit"": ""300"", ""level"": ""1"", ""name"": ""Hiltzheimer Law"", ""office"": ""lawyer""}",2026-10-10T14:14:29Z,OpenStreetMap Overpass API,False,POINT (-78.900531 35.99649)
DUR-01_osm_node_6737445594,DUR-01,Durham,node,6737445594,True Care,true care,Point,35.9964462,-78.9005024,office,yes,,,city=Durham; housenumber=119; postcode=27701; state=NC; street=Orange Street; unit=301,,,,"{""addr:city"": ""Durham"", ""addr:housenumber"": ""119"", ""addr:postcode"": ""27701"", ""addr:state"": ""NC"", ""addr:street"": ""Orange Street"", ""addr:unit"": ""301"", ""level"": ""2"", ""name"": ""True Care"", ""office"": ""yes""}",2026-10-10T14:14:29Z,OpenStreetMap Overpass API,False,POINT (-78.900502 35.996446)
DUR-01_osm_node_6737445595,DUR-01,Durham,node,6737445595,The Orange Street Collective,the orange street collective,Point,35.9964051,-78.9005262,office,yes,,,city=Durham; housenumber=119; postcode=27701; state=NC; street=Orange Street; unit=302,,,,"{""addr:city"": ""Durham"", ""addr:housenumber"": ""119"", ""addr:postcode"": ""27701"", ""addr:state"": ""NC"", ""addr:street"": ""Orange Street"", ""addr:unit"": ""302"", ""level"": ""2"", ""name"": ""The Orange Street Collective"", ""office"": ""yes""}",2026-10-10T14:14:29Z,OpenStreetMap Overpass API,False,POINT (-78.900526 35.996405)
DUR-01_osm_node_685493947,DUR-01,Durham,node,685493947,El Rodeo,el rodeo,Point,35.999523,-78.909865,amenity,restaurant,,,,,,https://elrodeonc.com/brightleaf/,"{""amenity"": ""restaurant"", ""cuisine"": ""mexican"", ""diet:vegetarian"": ""yes"", ""name"": ""El Rodeo"", ""opening_hours"": ""Mo-Th 11:00-22:00; Fr,Sa 11:00-23:00; Su 11:00-21:30"", ""takeaway"": ""yes"", ""website"": ""https://elrodeonc.com/brightleaf/""}",2026-10-10T14:14:29Z,OpenStreetMap Overpass API,False,POINT (-78.909865 35.999523)
DUR-01_osm_node_685505785,DUR-01,Durham,node,685505785,SunTrust,suntrust,Point,35.9997052,-78.9099329,amenity,atm,SunTrust,SunTrust,,,,,"{""amenity"": ""atm"", ""brand"": ""SunTrust"", ""brand:wikidata"": ""Q181507"", ""name"": ""SunTrust"", ""operator"": ""SunTrust"", ""operator:wikidata"": ""Q181507"", ""operator:wikipedia"": ""en:SunTrust Banks""}",2026-10-10T14:14:29Z,OpenStreetMap Overpass API,False,POINT (-78.909933 35.999705)
DUR-01_osm_node_685507980,DUR-01,Durham,node,685507980,Wentworth & Leggett Bookshop,wentworth and leggett bookshop,Point,35.999949,-78.9099809,shop,books,,,,,,,"{""name"": ""Wentworth & Leggett Bookshop"", ""shop"": ""books""}",2026-10-10T14:14:29Z,OpenStreetMap Overpass API,False,POINT (-78.909981 35.999949)
DUR-01_osm_node_7024572472,DUR-01,Durham,node,7024572472,Durham,durham,Point,35.9975323,-78.906464,public_transport,station,,Amtrak,state=NC,Q5316447,,https://www.amtrak.com/stations/dnc,"{""addr:state"": ""NC"", ""name"": ""Durham"", ""network"": ""Amtrak"", ""network:wikidata"": ""Q23239"", ""opening_hours"": ""Mo-Su 06:30-21:00"", ""operator"": ""Amtrak"", ""public_transport"": ""station"", ""railway"": ""station"", ""railway:ref"": ""DNC"", ""train"": ""yes"", ""website"": ""https://www.amtrak.com/stations/dnc"", ""wheelchair"": ""yes"", ""wikidata"": ""Q5316447""}",2026-10-10T14:14:29Z,OpenStreetMap Overpass API,False,POINT (-78.906464 35.997532)
DUR-01_osm_node_7070686673,DUR-01,Durham,node,7070686673,CPSC Little Free Library,cpsc little free library,Point,36.00436,-78.9010261,amenity,public_bookcase,,,,,,,"{""amenity"": ""public_bookcase"", ""check_date"": ""2024-05-26"", ""name"": ""CPSC Little Free Library""}",2026-10-10T14:14:29Z,OpenStreetMap Overpass API,False,POINT (-78.901026 36.00436)
DUR-01_osm_node_7115942134,DUR-01,Durham,node,7115942134,Mount Merrill,mount merrill,Point,36.0008383,-78.9011435,leisure,playground,,,,,,https://durhamcentralpark.org/donate/current-campaigns/mount-merrill/,"{""access"": ""yes"", ""leisure"": ""playground"", ""name"": ""Mount Merrill"", ""start_date"": ""2014"", ""website"": ""https://durhamcentralpark.org/donate/current-campaigns/mount-merrill/""}",2026-10-10T14:14:29Z,OpenStreetMap Overpass API,False,POINT (-78.901144 36.000838)
DUR-01_osm_node_7115942155,DUR-01,Durham,node,7115942155,Pixel Wall Durham,pixel wall durham,Point,36.0010922,-78.9006605,tourism,artwork,,,,,,https://durhamcentralpark.org/pixel-wall-durham/,"{""artist_name"": ""Pixel Patch Creative"", ""artwork_type"": ""installation"", ""name"": ""Pixel Wall Durham"", ""start_date"": ""2018"", ""tourism"": ""artwork"", ""website"": ""https://durhamcentralpark.org/pixel-wall-durham/""}",2026-10-10T14:14:29Z,OpenStreetMap Overpass API,False,POINT (-78.90066 36.001092)
DUR-01_osm_node_7417421614,DUR-01,Durham,node,7417421614,Grace Garden,grace garden,Point,36.0014085,-78.9023788,leisure,garden,,,,,,,"{""description"": ""in memory of Grace Richardson"", ""leisure"": ""garden"", ""name"": ""Grace Garden""}",2026-10-10T14:14:29Z,OpenStreetMap Overpass API,False,POINT (-78.902379 36.001408)
DUR-01_osm_node_748207948,DUR-01,Durham,node,748207948,Ambacco Fountain,ambacco fountain,Point,35.9948598,-78.9041707,amenity,fountain,,,,,,,"{""amenity"": ""fountain"", ""name"": ""Ambacco Fountain""}",2026-10-10T14:14:29Z,OpenStreetMap Overpass API,False,POINT (-78.904171 35.99486)
DUR-01_osm_node_748212194,DUR-01,Durham,node,748212194,Cardinal,cardinal,Point,36.0005169,-78.9009666,historic,monument,,,,,,,"{""historic"": ""monument"", ""name"": ""Cardinal""}",2026-10-10T14:14:29Z,OpenStreetMap Overpass API,False,POINT (-78.900967 36.000517)
DUR-01_osm_node_7674513211,DUR-01,Durham,node,7674513211,KFC,kfc,Point,35.9855391,-78.8993566,amenity,fast_food,KFC,,city=Durham; housenumber=806; postcode=27707; state=NC; street=Fayetteville Street,,,https://locations.kfc.com/nc/durham/806-fayetteville-street,"{""addr:city"": ""Durham"", ""addr:housenumber"": ""806"", ""addr:postcode"": ""27707"", ""addr:state"": ""NC"", ""addr:street"": ""Fayetteville Street"", ""alt_name"": ""Kentucky Fried Chicken"", ""amenity"": ""fast_food"", ""brand"": ""KFC"", ""brand:wikidata"": ""Q524757"", ""cuisine"": ""chicken"", ""name"": ""KFC"", ""source:addr"": ""Durham Open Data"", ""takeaway"": ""yes"", ""website"": ""https://locations.kfc.com/nc/durham/806-fayetteville-street""}",2026-10-10T14:14:29Z,OpenStreetMap Overpass API,False,POINT (-78.899357 35.985539)
DUR-01_osm_node_7674513212,DUR-01,Durham,node,7674513212,Walgreens,walgreens,Point,35.9860014,-78.8992866,shop,chemist,Walgreens,,city=Durham; housenumber=710; postcode=27707; state=NC; street=Fayetteville Street,,,https://www.walgreens.com/locator/walgreens-710+fayetteville+st-durham-nc-27701/id=16152,"{""addr:city"": ""Durham"", ""addr:housenumber"": ""710"", ""addr:postcode"": ""27707"", ""addr:state"": ""NC"", ""addr:street"": ""Fayetteville Street"", ""brand"": ""Walgreens"", ""brand:wikidata"": ""Q1591889"", ""name"": ""Walgreens"", ""shop"": ""chemist"", ""source:addr"": ""Durham Open Data"", ""website"": ""https://www.walgreens.com/locator/walgreens-710+fayetteville+st-durham-nc-27701/id=16152""}",2026-10-10T14:14:29Z,OpenStreetMap Overpass API,False,POINT (-78.899287 35.986001)
DUR-01_osm_node_880747379,DUR-01,Durham,node,880747379,Posh the Salon,posh the salon,Point,35.9985217,-78.9063942,shop,hairdresser,,,city=Durham; country=US; housenumber=610; state=NC; street=Main Street; suite=101,,,,"{""addr:city"": ""Durham"", ""addr:country"": ""US"", ""addr:housenumber"": ""610"", ""addr:state"": ""NC"", ""addr:street"": ""Main Street"", ""addr:suite"": ""101"", ""name"": ""Posh the Salon"", ""shop"": ""hairdresser""}",2026-10-10T14:14:29Z,OpenStreetMap Overpass API,False,POINT (-78.906394 35.998522)
DUR-01_osm_node_880747450,DUR-01,Durham,node,880747450,Vert and Vogue,vert and vogue,Point,35.9997397,-78.9100345,shop,clothes,,,,,,,"{""name"": ""Vert and Vogue"", ""shop"": ""clothes""}",2026-10-10T14:14:29Z,OpenStreetMap Overpass API,False,POINT (-78.910034 35.99974)
DUR-01_osm_node_881029843,DUR-01,Durham,node,881029843,Torero's,torero s,Point,35.9995516,-78.9082914,amenity,restaurant,,,city=Durham; housenumber=800; postcode=27701; state=NC; street=West Main Street,,,,"{""addr:city"": ""Durham"", ""addr:housenumber"": ""800"", ""addr:postcode"": ""27701"", ""addr:state"": ""NC"", ""addr:street"": ""West Main Street"", ""amenity"": ""restaurant"", ""cuisine"": ""mexican"", ""name"": ""Torero's"", ""source:addr"": ""Durham Open Data"", ""wheelchair"": ""yes""}",2026-10-10T14:14:29Z,OpenStreetMap Overpass API,False,POINT (-78.908291 35.999552)
DUR-01_osm_node_9096770036,DUR-01,Durham,node,9096770036,Choice Tattoo,choice tattoo,Point,36.0039499,-78.899188,shop,tattoo,,,city=Durham; housenumber=316B; state=NC; street=West Geer Street,,,,"{""addr:city"": ""Durham"", ""addr:housenumber"": ""316B"", ""addr:state"": ""NC"", ""addr:street"": ""West Geer Street"", ""name"": ""Choice Tattoo"", ""shop"": ""tattoo""}",2026-10-10T14:14:29Z,OpenStreetMap Overpass API,False,POINT (-78.899188 36.00395)
DUR-01_osm_node_9096770037,DUR-01,Durham,node,9096770037,Louella,louella,Point,36.0039499,-78.8992792,amenity,bar,,,city=Durham; housenumber=316A; state=NC; street=West Geer Street,,,,"{""addr:city"": ""Durham"", ""addr:housenumber"": ""316A"", ""addr:state"": ""NC"", ""addr:street"": ""West Geer Street"", ""amenity"": ""bar"", ""name"": ""Louella"", ""opening_hours"": ""Su 11:00-20:00; Tu-Th 11:00-21:00; Fr,Sa 11:00-22:00""}",2026-10-10T14:14:29Z,OpenStreetMap Overpass API,False,POINT (-78.899279 36.00395)
DUR-01_osm_node_922818428,DUR-01,Durham,node,922818428,Ninth Street Bakery,ninth street bakery,Point,35.996751,-78.9027769,shop,bakery,,,city=Durham; housenumber=136; postcode=27701; state=NC; street=East Chapel Hill Street,,,https://www.ninthstbakery.com/,"{""addr:city"": ""Durham"", ""addr:housenumber"": ""136"", ""addr:postcode"": ""27701"", ""addr:state"": ""NC"", ""addr:street"": ""East Chapel Hill Street"", ""check_date:opening_hours"": ""2023-07-17"", ""image"": ""https://fastly.4sqi.net/img/general/width960/7164763_aVBFNXDgEFIKryrziMkqK-4EeeIp-zU_v0bCrjNkqHE.jpg"", ""name"": ""Ninth Street Bakery"", ""opening_hours"": ""Mo-Sa 08:00-17:00; Su 09:00-17:00"", ""phone"": ""+1-919-688-5606"", ""shop"": ""bakery"", ""website"": ""https://www.ninthstbakery.com/"", ""wheelchair"": ""yes""}",2026-10-10T14:14:29Z,OpenStreetMap Overpass API,False,POINT (-78.902777 35.996751)
DUR-01_osm_node_924020952,DUR-01,Durham,node,924020952,Motorco Music Hall,motorco music hall,Point,36.0035821,-78.9002707,amenity,events_venue,,,city=Durham; housenumber=723; postcode=27701; state=NC; street=Rigsbee Avenue,,,https://motorcomusic.com,"{""addr:city"": ""Durham"", ""addr:housenumber"": ""723"", ""addr:postcode"": ""27701"", ""addr:state"": ""NC"", ""addr:street"": ""Rigsbee Avenue"", ""amenity"": ""events_venue"", ""internet_access"": ""wlan"", ""internet_access:fee"": ""no"", ""name"": ""Motorco Music Hall"", ""website"": ""https://motorcomusic.com""}",2026-10-10T14:14:29Z,OpenStreetMap Overpass API,False,POINT (-78.900271 36.003582)
DUR-01_osm_node_964857673,DUR-01,Durham,node,964857673,Piedmont Inspired Food,piedmont inspired food,Point,35.9994984,-78.901689,amenity,restaurant,,,city=Durham; country=US; housenumber=401; postcode=27701; state=NC; street=Foster Street; unit=B2,,,,"{""addr:city"": ""Durham"", ""addr:country"": ""US"", ""addr:housenumber"": ""401"", ""addr:postcode"": ""27701"", ""addr:state"": ""NC"", ""addr:street"": ""Foster Street"", ""addr:unit"": ""B2"", ""amenity"": ""restaurant"", ""name"": ""Piedmont Inspired Food"", ""survey:date"": ""2014-05-17""}",2026-10-10T14:14:29Z,OpenStreetMap Overpass API,False,POINT (-78.901689 35.999498)
DUR-01_osm_relation_10358993,DUR-01,Durham,relation,10358993,Durham,durham,Point,35.9975694,-78.90736,public_transport,stop_area,,,state=NC,,,,"{""addr:state"": ""NC"", ""name"": ""Durham"", ""network"": ""Amtrak"", ""public_transport"": ""stop_area"", ""railway"": ""facility"", ""railway:ref"": ""DNC"", ""type"": ""public_transport""}",2026-10-10T14:14:29Z,OpenStreetMap Overpass API,False,POINT (-78.90736 35.997569)
DUR-01_osm_relation_3423713,DUR-01,Durham,relation,3423713,Trinity United Methodist Church,trinity united methodist church,Polygon,35.9956416,-78.89857630820407,amenity,place_of_worship,,,city=Durham; country=US; housenumber=215; postcode=27701; state=NC; street=North Church Street,,,,"{""addr:city"": ""Durham"", ""addr:country"": ""US"", ""addr:housenumber"": ""215"", ""addr:postcode"": ""27701"", ""addr:state"": ""NC"", ""addr:street"": ""North Church Street"", ""amenity"": ""place_of_worship"", ""building"": ""yes"", ""denomination"": ""methodist"", ""ele"": ""125"", ""gnis:feature_id"": ""2455046"", ""name"": ""Trinity United Methodist Church"", ""phone"": ""+1 919 683 1386"", ""religion"": ""christian"", ""service_times"": ""Su 08:30-09:30; Su 11:00-12:00"", ""type"": ""multipolygon"", ""url"": ""http://www.trinitydurham.org/""}",2026-10-10T14:14:29Z,OpenStreetMap Overpass API,False,"POLYGON ((-78.898688 35.995572, -78.898603 35.995532, -78.898572 35.995516, -78.898613 35.995466, -78.898535 35.995424, -78.898503 35.995463, -78.898472 35.995446, -78.898333 35.995615, -78.8983 35.995597, -78.898242 35.995668, -78.89828 35.995689, -78.898251 35.995725, -78.898442 35.995827, -78.898485 35.995774, -78.898596 35.995834, -78.898638 35.995784, -78.898701 35.995818, -78.898724 35.99579, -78.898754 35.995806, -78.898929 35.995592, -78.89875 35.995496, -78.898688 35.995572))"
DUR-01_osm_relation_74128,DUR-01,Durham,relation,74128,Duke Tower,duke tower,Polygon,36.0049313,-78.90466048104885,tourism,hotel,,,,,,http://duketower.com/,"{""building"": ""yes"", ""name"": ""Duke Tower"", ""tourism"": ""hotel"", ""type"": ""multipolygon"", ""website"": ""http://duketower.com/""}",2026-10-10T14:14:29Z,OpenStreetMap Overpass API,False,"POLYGON ((-78.905449 36.004722, -78.905447 36.005224, -78.905297 36.005224, -78.905297 36.005206, -78.904078 36.005202, -78.904078 36.005217, -78.903868 36.005216, -78.903868 36.005117, -78.903878 36.004723, -78.904024 36.004724, -78.904027 36.004743, -78.905309 36.004746, -78.905309 36.004724, -78.905449 36.004722))"
DUR-01_osm_way_1063459660,DUR-01,Durham,way,1063459660,SpringHill Suites Durham City View,springhill suites durham city view,Polygon,35.9883235,-78.9036082173583,tourism,hotel,SpringHill Suites,,city=Durham; housenumber=705; postcode=27701; state=NC; street=South Mangum Street,,,https://www.marriott.com/en-us/hotels/rduss-springhill-suites-durham-city-view/overview/,"{""addr:city"": ""Durham"", ""addr:housenumber"": ""705"", ""addr:postcode"": ""27701"", ""addr:state"": ""NC"", ""addr:street"": ""South Mangum Street"", ""branch"": ""Durham City View"", ""brand"": ""SpringHill Suites"", ""brand:wikidata"": ""Q7580351"", ""building"": ""yes"", ""name"": ""SpringHill Suites Durham City View"", ""official_name"": ""SpringHill Suites by Marriott"", ""phone"": ""+1 984-983-8003"", ""ref"": ""RDUSS"", ""tourism"": ""hotel"", ""website"": ""https://www.marriott.com/en-us/hotels/rduss-springhill-suites-durham-city-view/overview/""}",2026-10-10T14:14:29Z,OpenStreetMap Overpass API,False,"POLYGON ((-78.903532 35.988787, -78.903285 35.988719, -78.903384 35.988484, -78.903418 35.988494, -78.903582 35.988104, -78.903795 35.988163, -78.903532 35.988787))"
DUR-01_osm_way_1063459664,DUR-01,Durham,way,1063459664,Extra Space Storage,extra space storage,Polygon,35.9890385,-78.90240502188294,shop,storage_rental,Extra Space Storage,,city=Durham; housenumber=355; postcode=27701; state=NC; street=Morehead Avenue,,,,"{""addr:city"": ""Durham"", ""addr:housenumber"": ""355"", ""addr:postcode"": ""27701"", ""addr:state"": ""NC"", ""addr:street"": ""Morehead Avenue"", ""brand"": ""Extra Space Storage"", ""brand:wikidata"": ""Q5422162"", ""building"": ""yes"", ""name"": ""Extra Space Storage"", ""shop"": ""storage_rental""}",2026-10-10T14:14:29Z,OpenStreetMap Overpass API,False,"POLYGON ((-78.902134 35.989135, -78.902343 35.988942, -78.902528 35.988685, -78.902719 35.988774, -78.902456 35.989246, -78.902134 35.989135))"
DUR-01_osm_way_1167569352,DUR-01,Durham,way,1167569352,Durham Bulls Miracle League Park,durham bulls miracle league park,Polygon,35.9904219,-78.90669072134955,leisure,pitch,,,,,,https://www.mltriangle.com/,"{""leisure"": ""pitch"", ""name"": ""Durham Bulls Miracle League Park"", ""sport"": ""baseball"", ""website"": ""https://www.mltriangle.com/""}",2026-10-10T14:14:29Z,OpenStreetMap Overpass API,False,"POLYGON ((-78.906744 35.99064, -78.90693 35.990369, -78.906912 35.990326, -78.906573 35.990186, -78.906502 35.990287, -78.906481 35.99037, -78.906494 35.990474, -78.906558 35.99056, -78.906744 35.99064))"
DUR-01_osm_way_118815913,DUR-01,Durham,way,118815913,Durham Skate Park,durham skate park,Polygon,36.00061665,-78.90022407119905,leisure,pitch,,Durham Parks and Recreation,,,,,"{""access"": ""yes"", ""bicycle"": ""no"", ""leisure"": ""pitch"", ""lit"": ""yes"", ""name"": ""Durham Skate Park"", ""operator"": ""Durham Parks and Recreation"", ""sport"": ""skateboard"", ""surface"": ""concrete""}",2026-10-10T14:14:29Z,OpenStreetMap Overpass API,False,"POLYGON ((-78.900446 36.000483, -78.900438 36.000493, -78.900366 36.000587, -78.900292 36.000646, -78.900261 36.000658, -78.90027 36.000675, -78.900211 36.000706, -78.900257 36.000846, -78.900136 36.000864, -78.900134 36.000767, -78.900119 36.000767, -78.90012 36.000431, -78.90003 36.000433, -78.900029 36.000362, -78.900473 36.000363, -78.900478 36.000398, -78.900446 36.000483))"
DUR-01_osm_way_119077455,DUR-01,Durham,way,119077455,Saint Philips Episcopal Church,saint philips episcopal church,Polygon,35.99296855,-78.89645579949399,amenity,place_of_worship,,,city=Durham; housenumber=108; postcode=27701; state=NC; street=North Queen Street,,,,"{""addr:city"": ""Durham"", ""addr:housenumber"": ""108"", ""addr:postcode"": ""27701"", ""addr:state"": ""NC"", ""addr:street"": ""North Queen Street"", ""amenity"": ""place_of_worship"", ""building"": ""yes"", ""ele"": ""125"", ""gnis:feature_id"": ""2454998"", ""name"": ""Saint Philips Episcopal Church"", ""religion"": ""christian"", ""source:addr"": ""Durham Open Data""}",2026-10-10T14:14:29Z,OpenStreetMap Overpass API,False,"POLYGON ((-78.896218 35.992797, -78.896261 35.992822, -78.896251 35.992833, -78.896267 35.992842, -78.896312 35.992868, -78.896324 35.992854, -78.896377 35.992884, -78.896389 35.992871, -78.896503 35.992937, -78.896522 35.992915, -78.896502 35.992904, -78.896511 35.992893, -78.896521 35.992881, -78.896542 35.992893, -78.896581 35.992847, -78.896683 35.992905, -78.89652 35.993092, -78.896444 35.993048, -78.896404 35.993093, -78.896432 35.993108, -78.89639 35.993157, -78.896362 35.993141, -78.896304 35.993208, -78.896345 35.993232, -78.896306 35.993276, -78.896265 35.993252, -78.896232 35.993289, -78.896208 35.993275, -78.896203 35.993282, -78.89611 35.993228, -78.896116 35.993222, -78.896086 35.993204, -78.896111 35.993176, -78.895948 35.993083, -78.895941 35.993091, -78.895889 35.99306, -78.895929 35.993014, -78.895982 35.993044, -78.895976 35.993052, -78.896133 35.993142, -78.896286 35.992966, -78.89624 35.99294, -78.896262 35.992915, -78.896241 35.992903, -78.896267 35.992874, -78.896232 35.992854, -78.896145 35.992954, -78.896099 35.992928, -78.896061 35.992971, -78.895994 35.992932, -78.89601 35.992914, -78.895964 35.992888, -78.896055 35.992783, -78.896073 35.992794, -78.896167 35.992686, -78.896178 35.992693, -78.89622 35.992646, -78.896304 35.992694, -78.896263 35.992742, -78.896266 35.992743, -78.896218 35.992797))"
DUR-01_osm_way_119349652,DUR-01,Durham,way,119349652,J C's Kitchen,j c s kitchen,Polygon,35.9901542,-78.89268555000001,amenity,restaurant,,,city=Durham; housenumber=706; postcode=27701; state=NC; street=East Main Street,,,,"{""addr:city"": ""Durham"", ""addr:housenumber"": ""706"", ""addr:postcode"": ""27701"", ""addr:state"": ""NC"", ""addr:street"": ""East Main Street"", ""amenity"": ""restaurant"", ""building"": ""yes"", ""name"": ""J C's Kitchen"", ""source:addr"": ""Durham Open Data""}",2026-10-10T14:14:29Z,OpenStreetMap Overpass API,False,"POLYGON ((-78.892587 35.990219, -78.892724 35.990056, -78.892784 35.99009, -78.892647 35.990252, -78.892587 35.990219))"
DUR-01_osm_way_119349698,DUR-01,Durham,way,119349698,Mezcalito Durham,mezcalito durham,Polygon,35.989107649999994,-78.89554118956246,amenity,restaurant,,,city=Durham; housenumber=706; postcode=27701; state=NC; street=Ramseur Street,,,https://mezcalitogrill.com/menu/mezcalitogrill-durham,"{""addr:city"": ""Durham"", ""addr:housenumber"": ""706"", ""addr:postcode"": ""27701"", ""addr:state"": ""NC"", ""addr:street"": ""Ramseur Street"", ""amenity"": ""restaurant"", ""building"": ""yes"", ""cuisine"": ""mexican"", ""image"": ""https://lh5.googleusercontent.com/p/AF1QipMKsyrLTGiLjXu5SPURmaqvUxaOHM02C2kcuUA=w800-h500-k-no"", ""name"": ""Mezcalito Durham"", ""phone"": ""+1-919-937-9416"", ""website"": ""https://mezcalitogrill.com/menu/mezcalitogrill-durham""}",2026-10-10T14:14:29Z,OpenStreetMap Overpass API,False,"POLYGON ((-78.895564 35.989091, -78.895663 35.98905, -78.89571 35.989124, -78.895461 35.989228, -78.895342 35.989044, -78.895492 35.98898, -78.895564 35.989091))"
DUR-01_osm_way_119349714,DUR-01,Durham,way,119349714,The Fruit,the fruit,Polygon,35.9905289,-78.896551135158,amenity,events_venue,,,city=Durham; housenumber=305; postcode=27701; state=NC; street=South Dillard Street,,,https://www.durhamfruit.com/,"{""addr:city"": ""Durham"", ""addr:housenumber"": ""305"", ""addr:postcode"": ""27701"", ""addr:state"": ""NC"", ""addr:street"": ""South Dillard Street"", ""amenity"": ""events_venue"", ""building"": ""yes"", ""description"": ""A century ago, this 22,000sf warehouse was known as the Durham Fruit and Produce Company. Today, The Fruit is a social enterprise dedicated to making and experiencing visual and performing arts that include dance, painting, photography, and drama."", ""name"": ""The Fruit"", ""source:addr"": ""Durham Open Data"", ""website"": ""https://www.durhamfruit.com/""}",2026-10-10T14:14:29Z,OpenStreetMap Overpass API,False,"POLYGON ((-78.896136 35.990407, -78.896604 35.990158, -78.896682 35.99025, -78.896809 35.990389, -78.896906 35.990567, -78.896699 35.990687, -78.896762 35.990759, -78.896679 35.990807, -78.89669 35.990819, -78.89656 35.990899, -78.896342 35.990667, -78.896223 35.990535, -78.896222 35.990536, -78.896218 35.990531, -78.896215 35.990527, -78.896216 35.990527, -78.896136 35.990407))"
DUR-01_osm_way_1257259441,DUR-01,Durham,way,1257259441,Mount Merrill,mount merrill,Polygon,36.0008578,-78.90116839097558,leisure,playground,,,,,,https://durhamcentralpark.org/donate/current-campaigns/mount-merrill/,"{""access"": ""yes"", ""leisure"": ""playground"", ""name"": ""Mount Merrill"", ""website"": ""https://durhamcentralpark.org/donate/current-campaigns/mount-merrill/""}",2026-10-10T14:14:29Z,OpenStreetMap Overpass API,False,"POLYGON ((-78.901264 36.000899, -78.901284 36.000841, -78.901248 36.00078, -78.90116 36.000758, -78.901091 36.000783, -78.901069 36.000828, -78.901053 36.000874, -78.901117 36.000907, -78.901194 36.000928, -78.901229 36.000925, -78.901264 36.000899))"
DUR-01_osm_way_127665464,DUR-01,Durham,way,127665464,Domino's,domino s,Polygon,36.00225075,-78.91330405511401,amenity,fast_food,Domino's,,city=Durham; housenumber=1209; postcode=27701; state=NC; street=West Main Street,,,https://pizza.dominos.com/north-carolina/durham/1209-west-main-street,"{""addr:city"": ""Durham"", ""addr:housenumber"": ""1209"", ""addr:postcode"": ""27701"", ""addr:state"": ""NC"", ""addr:street"": ""West Main Street"", ""amenity"": ""fast_food"", ""brand"": ""Domino's"", ""brand:wikidata"": ""Q839466"", ""building"": ""yes"", ""cuisine"": ""pizza"", ""diet:vegetarian"": ""yes"", ""name"": ""Domino's"", ""opening_hours"": ""Mo-Th 10:30-24:00; Fr-Sa 10:30-01:00; Su 10:30-24:00"", ""phone"": ""+1 919-682-3030"", ""ref"": ""5503"", ""short_name"": ""Domino's"", ""takeaway"": ""yes"", ""website"": ""https://pizza.dominos.com/north-carolina/durham/1209-west-main-street"", ""wheelchair"": ""no""}",2026-10-10T14:14:29Z,OpenStreetMap Overpass API,False,"POLYGON ((-78.913232 36.002257, -78.913302 36.002192, -78.913376 36.002244, -78.913317 36.0023, -78.913307 36.002309, -78.913232 36.002257))"
DUR-01_osm_way_1286934827,DUR-01,Durham,way,1286934827,Cocoa Cinnamon Outdoor Seating,cocoa cinnamon outdoor seating,Polygon,36.0039165,-78.9010425012091,leisure,outdoor_seating,,,,,,,"{""leisure"": ""outdoor_seating"", ""name"": ""Cocoa Cinnamon Outdoor Seating""}",2026-10-10T14:14:29Z,OpenStreetMap Overpass API,False,"POLYGON ((-78.900967 36.004007, -78.901006 36.004006, -78.901011 36.004008, -78.90101 36.003942, -78.901118 36.003942, -78.901121 36.003892, -78.901121 36.003862, -78.900964 36.003866, -78.900967 36.004007))"
DUR-01_osm_way_137952246,DUR-01,Durham,way,137952246,Black Wall Street Gardens,black wall street gardens,Polygon,35.995395,-78.9006706029032,leisure,park,,,,,,,"{""leisure"": ""park"", ""name"": ""Black Wall Street Gardens""}",2026-10-10T14:14:29Z,OpenStreetMap Overpass API,False,"POLYGON ((-78.900336 35.995555, -78.90068 35.995155, -78.900953 35.995291, -78.900726 35.995567, -78.900601 35.995499, -78.900493 35.995636, -78.900336 35.995555))"
DUR-01_osm_way_1525385048,DUR-01,Durham,way,1525385048,Morris Green Park,morris green park,Polygon,35.99994905,-78.90404127703675,leisure,park,,,,,,,"{""leisure"": ""park"", ""name"": ""Morris Green Park""}",2026-10-10T14:14:29Z,OpenStreetMap Overpass API,False,"POLYGON ((-78.903721 36.00001, -78.904347 36.000053, -78.904363 35.999888, -78.904343 35.999826, -78.904124 35.999785, -78.903739 35.999763, -78.903721 36.00001))"
DUR-01_osm_way_1525385049,DUR-01,Durham,way,1525385049,,,Polygon,36.0012583,-78.90475621568606,leisure,park,,,,,,,"{""leisure"": ""park""}",2026-10-10T14:14:29Z,OpenStreetMap Overpass API,False,"POLYGON ((-78.904457 36.00107, -78.904923 36.001097, -78.904923 36.001144, -78.9051 36.001158, -78.905096 36.001216, -78.905045 36.001316, -78.904945 36.0013, -78.904924 36.001398, -78.904428 36.001358, -78.904457 36.00107))"
DUR-01_osm_way_1531915513,DUR-01,Durham,way,1531915513,West Village,west village,Polygon,36.000152650000004,-78.90646203129054,leisure,dog_park,,West Village,,,,https://westvillageapts.com/,"{""access"": ""private"", ""leisure"": ""dog_park"", ""operator"": ""West Village"", ""operator:type"": ""private"", ""website"": ""https://westvillageapts.com/""}",2026-10-10T14:14:29Z,OpenStreetMap Overpass API,False,"POLYGON ((-78.906495 36.000197, -78.9064 36.00014, -78.906429 36.000108, -78.906524 36.000166, -78.906495 36.000197))"
DUR-01_osm_way_170285382,DUR-01,Durham,way,170285382,Duke Tower,duke tower,Polygon,36.004973250000006,-78.9042160603405,leisure,swimming_pool,,Duke Tower,,,,,"{""access"": ""private"", ""covered"": ""no"", ""leisure"": ""swimming_pool"", ""operator"": ""Duke Tower"", ""sport"": ""swimming""}",2026-10-10T14:14:29Z,OpenStreetMap Overpass API,False,"POLYGON ((-78.904275 36.005018, -78.904154 36.005011, -78.904124 36.004999, -78.904112 36.004976, -78.904124 36.004948, -78.904157 36.004937, -78.904273 36.004928, -78.904304 36.004942, -78.90432 36.004971, -78.904309 36.005003, -78.904275 36.005018))"
DUR-01_osm_way_225497492,DUR-01,Durham,way,225497492,,,Polygon,35.98694305,-78.89910901399811,shop,mall,,,,,,,"{""building"": ""supermarket"", ""shop"": ""mall""}",2026-10-10T14:14:29Z,OpenStreetMap Overpass API,False,"POLYGON ((-78.899144 35.987116, -78.899308 35.986881, -78.899077 35.986773, -78.898908 35.987005, -78.899144 35.987116))"
DUR-01_osm_way_225497497,DUR-01,Durham,way,225497497,,,Polygon,35.9879318,-78.90043919656529,shop,mall,,,city=Durham; housenumber=401; postcode=27701; state=NC; street=East Lakewood Avenue,,,,"{""addr:city"": ""Durham"", ""addr:housenumber"": ""401"", ""addr:postcode"": ""27701"", ""addr:state"": ""NC"", ""addr:street"": ""East Lakewood Avenue"", ""building"": ""supermarket"", ""shop"": ""mall"", ""source:addr"": ""Durham Open Data""}",2026-10-10T14:14:29Z,OpenStreetMap Overpass API,False,"POLYGON ((-78.900897 35.98784, -78.900573 35.988265, -78.900078 35.988018, -78.900015 35.988101, -78.900144 35.988165, -78.900016 35.988334, -78.89969 35.988171, -78.899672 35.988194, -78.899349 35.988032, -78.899327 35.988061, -78.898894 35.987845, -78.898956 35.987764, -78.899071 35.987609, -78.899968 35.988045, -78.900326 35.987562, -78.900842 35.987813, -78.900897 35.98784))"
DUR-01_osm_way_225542517,DUR-01,Durham,way,225542517,,,Polygon,35.98506675,-78.8999443405743,shop,mall,,,city=Durham; housenumber=826; postcode=27707; state=NC; street=Fayetteville Street,,,,"{""addr:city"": ""Durham"", ""addr:housenumber"": ""826"", ""addr:postcode"": ""27707"", ""addr:state"": ""NC"", ""addr:street"": ""Fayetteville Street"", ""building"": ""supermarket"", ""shop"": ""mall"", ""source:addr"": ""Durham Open Data""}",2026-10-10T14:14:29Z,OpenStreetMap Overpass API,False,"POLYGON ((-78.899952 35.98473, -78.899769 35.985364, -78.89993 35.98539, -78.900129 35.984769, -78.899952 35.98473))"
DUR-01_osm_way_225542518,DUR-01,Durham,way,225542518,,,Polygon,35.98571595,-78.8996849529022,shop,mall,,,,,,,"{""building"": ""supermarket"", ""shop"": ""mall""}",2026-10-10T14:14:29Z,OpenStreetMap Overpass API,False,"POLYGON ((-78.899716 35.985381, -78.899576 35.985838, -78.899716 35.985859, -78.899791 35.985594, -78.899834 35.985585, -78.899888 35.985412, -78.899716 35.985381))"
DUR-01_osm_way_225542520,DUR-01,Durham,way,225542520,Durham County Courthouse,durham county courthouse,Polygon,35.99217915,-78.90111261883015,amenity,courthouse,,,city=Durham; housenumber=510; postcode=27701; state=NC; street=South Dillard Street,,,,"{""addr:city"": ""Durham"", ""addr:housenumber"": ""510"", ""addr:postcode"": ""27701"", ""addr:state"": ""NC"", ""addr:street"": ""South Dillard Street"", ""amenity"": ""courthouse"", ""building"": ""yes"", ""building:levels"": ""10"", ""name"": ""Durham County Courthouse"", ""source:addr"": ""Durham Open Data""}",2026-10-10T14:14:29Z,OpenStreetMap Overpass API,False,"POLYGON ((-78.90066 35.992207, -78.900964 35.99229, -78.900972 35.992264, -78.901019 35.992276, -78.900997 35.992315, -78.90179 35.992519, -78.901797 35.992496, -78.901859 35.992512, -78.901938 35.992319, -78.90188 35.992306, -78.901893 35.992279, -78.901877 35.992274, -78.901896 35.992239, -78.901795 35.99221, -78.901782 35.992245, -78.901442 35.992151, -78.901513 35.991998, -78.901194 35.991911, -78.901174 35.991965, -78.901127 35.99195, -78.900921 35.991855, -78.90066 35.992207))"
DUR-01_osm_way_225542521,DUR-01,Durham,way,225542521,,,Polygon,35.98455885,-78.89975865,shop,mall,,,city=Durham; housenumber=908; postcode=27707; state=NC; street=Fayetteville Street,,,,"{""addr:city"": ""Durham"", ""addr:housenumber"": ""908"", ""addr:postcode"": ""27707"", ""addr:state"": ""NC"", ""addr:street"": ""Fayetteville Street"", ""building"": ""supermarket"", ""shop"": ""mall"", ""source:addr"": ""Durham Open Data""}",2026-10-10T14:14:29Z,OpenStreetMap Overpass API,False,"POLYGON ((-78.89941 35.984648, -78.89941 35.98444, -78.900107 35.98447, -78.900107 35.98467, -78.89941 35.984648))"
DUR-01_osm_way_239265411,DUR-01,Durham,way,239265411,Family Fare,family fare,Polygon,36.00126285,-78.91063846446794,amenity,fuel,Shell,,housenumber=1016; postcode=27701; street=West Main Street,,,,"{""addr:housenumber"": ""1016"", ""addr:postcode"": ""27701"", ""addr:street"": ""West Main Street"", ""amenity"": ""fuel"", ""brand"": ""Shell"", ""brand:wikidata"": ""Q110716465"", ""building"": ""yes"", ""fuel:diesel"": ""yes"", ""fuel:kerosene"": ""no"", ""name"": ""Family Fare"", ""phone"": ""+1-919-682-0195"", ""shop"": ""convenience""}",2026-10-10T14:14:29Z,OpenStreetMap Overpass API,False,"POLYGON ((-78.910614 36.001368, -78.910519 36.001309, -78.910663 36.001157, -78.910758 36.001216, -78.910614 36.001368))"
DUR-01_osm_way_239265422,DUR-01,Durham,way,239265422,BP,bp,Polygon,35.98758385,-78.90685672607837,amenity,fuel,BP,,housenumber=220; postcode=27707; street=West Lakewood Avenue,,,,"{""addr:housenumber"": ""220"", ""addr:postcode"": ""27707"", ""addr:street"": ""West Lakewood Avenue"", ""amenity"": ""fuel"", ""brand"": ""BP"", ""brand:wikidata"": ""Q152057"", ""building"": ""yes"", ""fuel:diesel"": ""yes"", ""fuel:kerosene"": ""yes"", ""name"": ""BP"", ""phone"": ""+1-919-682-6998"", ""shop"": ""convenience""}",2026-10-10T14:14:29Z,OpenStreetMap Overpass API,False,"POLYGON ((-78.906778 35.987508, -78.90679 35.987485, -78.906862 35.98751, -78.906887 35.987519, -78.9069 35.987494, -78.907005 35.987531, -78.906917 35.987695, -78.90681 35.987658, -78.906824 35.987632, -78.906801 35.987624, -78.906729 35.987599, -78.906745 35.987569, -78.906718 35.987559, -78.906668 35.987542, -78.906701 35.987481, -78.906752 35.987499, -78.906778 35.987508))"
DUR-01_osm_way_239265423,DUR-01,Durham,way,239265423,In & Out Food Mart,in and out food mart,Polygon,35.9843927,-78.89852835931174,amenity,fuel,,,housenumber=907; postcode=27707; street=Fayetteville Street,,,,"{""addr:housenumber"": ""907"", ""addr:postcode"": ""27707"", ""addr:street"": ""Fayetteville Street"", ""amenity"": ""fuel"", ""building"": ""yes"", ""fuel:diesel"": ""no"", ""fuel:kerosene"": ""no"", ""name"": ""In & Out Food Mart"", ""phone"": ""+1-919-688-5948"", ""shop"": ""convenience""}",2026-10-10T14:14:29Z,OpenStreetMap Overpass API,False,"POLYGON ((-78.898446 35.984571, -78.898419 35.984572, -78.898417 35.984461, -78.898444 35.984461, -78.898442 35.984325, -78.898613 35.984323, -78.898617 35.98457, -78.898446 35.984571))"
DUR-01_osm_way_239265454,DUR-01,Durham,way,239265454,Shell,shell,Polygon,36.0012857,-78.91086266540027,amenity,fuel,Shell,,,,,,"{""amenity"": ""fuel"", ""brand"": ""Shell"", ""brand:wikidata"": ""Q110716465"", ""building"": ""roof"", ""layer"": ""1"", ""name"": ""Shell""}",2026-10-10T14:14:29Z,OpenStreetMap Overpass API,False,"POLYGON ((-78.910941 36.001337, -78.910766 36.001308, -78.910785 36.001235, -78.910959 36.001263, -78.910941 36.001337))"
DUR-01_osm_way_29070245,DUR-01,Durham,way,29070245,Durham School of the Arts,durham school of the arts,Point,36.0026634,-78.9070487,amenity,school,,,housenumber=400; postcode=27701; state=NC; street=North Duke Street,Q5316558,,https://www.dpsnc.net/o/durhamschoolofthearts,"{""addr:housenumber"": ""400"", ""addr:postcode"": ""27701"", ""addr:state"": ""NC"", ""addr:street"": ""North Duke Street"", ""amenity"": ""school"", ""check_date"": ""2026-01-16"", ""name"": ""Durham School of the Arts"", ""phone"": ""+1-919-560-3926"", ""source:addr"": ""Durham Open Data"", ""website"": ""https://www.dpsnc.net/o/durhamschoolofthearts"", ""wikidata"": ""Q5316558""}",2026-10-10T14:14:29Z,OpenStreetMap Overpass API,False,POINT (-78.907049 36.002663)
DUR-01_osm_way_291756489,DUR-01,Durham,way,291756489,Downtown Durham Dog Park,downtown durham dog park,Polygon,35.9967716,-78.89550619166667,leisure,dog_park,,,,,,,"{""barrier"": ""fence"", ""leisure"": ""dog_park"", ""name"": ""Downtown Durham Dog Park""}",2026-10-10T14:14:29Z,OpenStreetMap Overpass API,False,"POLYGON ((-78.89549 35.99692, -78.895419 35.996889, -78.895402 35.996882, -78.895388 35.996875, -78.895314 35.996843, -78.895431 35.9967, -78.89557 35.996631, -78.895793 35.99662, -78.89549 35.99692))"
DUR-01_osm_way_30284476,DUR-01,Durham,way,30284476,Brightleaf Square,brightleaf square,Point,36.0000969,-78.9099225,shop,mall,,,city=Durham; country=US; housenumber=905; postcode=27701; state=NC; street=West Main Street,,,,"{""addr:city"": ""Durham"", ""addr:country"": ""US"", ""addr:housenumber"": ""905"", ""addr:postcode"": ""27701"", ""addr:state"": ""NC"", ""addr:street"": ""West Main Street"", ""building"": ""yes"", ""name"": ""Brightleaf Square"", ""shop"": ""mall"", ""source:addr"": ""Durham Open Data""}",2026-10-10T14:14:29Z,OpenStreetMap Overpass API,False,POINT (-78.909922 36.000097)
DUR-01_osm_way_30284503,DUR-01,Durham,way,30284503,Brightleaf Square,brightleaf square,Point,35.999716,-78.9102793,shop,yes,,,city=Durham; country=US; housenumber=905; street=West Main Street,,,,"{""addr:city"": ""Durham"", ""addr:country"": ""US"", ""addr:housenumber"": ""905"", ""addr:street"": ""West Main Street"", ""building"": ""yes"", ""name"": ""Brightleaf Square"", ""shop"": ""yes""}",2026-10-10T14:14:29Z,OpenStreetMap Overpass API,False,POINT (-78.910279 35.999716)
DUR-01_osm_way_30806714,DUR-01,Durham,way,30806714,Bull McCabe's Irish Pub,bull mccabe s irish pub,Point,35.9972242,-78.9050654,amenity,pub,,,city=Durham; country=US; housenumber=415;427; postcode=27701; state=NC; street=West Main Street,,,https://www.bullmccabesirishpub.com/,"{""addr:city"": ""Durham"", ""addr:country"": ""US"", ""addr:housenumber"": ""415;427"", ""addr:postcode"": ""27701"", ""addr:state"": ""NC"", ""addr:street"": ""West Main Street"", ""amenity"": ""pub"", ""building"": ""retail"", ""check_date"": ""2025-12-14"", ""contact:instagram"": ""https://www.instagram.com/bullmccabesdnc"", ""layer"": ""1"", ""name"": ""Bull McCabe's Irish Pub"", ""phone"": ""+1-919-682-3061"", ""source:addr"": ""Durham Open Data"", ""website"": ""https://www.bullmccabesirishpub.com/""}",2026-10-10T14:14:29Z,OpenStreetMap Overpass API,False,POINT (-78.905065 35.997224)
DUR-01_osm_way_30807012,DUR-01,Durham,way,30807012,Hicks Warehouse,hicks warehouse,Point,36.0005998,-78.906683,historic,warehouse,,West Village,city=Durham; housenumber=212; postcode=27701; state=NC; street=North Duke Street,,,,"{""addr:city"": ""Durham"", ""addr:housenumber"": ""212"", ""addr:postcode"": ""27701"", ""addr:state"": ""NC"", ""addr:street"": ""North Duke Street"", ""building"": ""warehouse"", ""building:flats"": ""66"", ""building:levels"": ""2"", ""building:material"": ""brick"", ""building:use"": ""apartments"", ""construction_date"": ""1900"", ""historic"": ""warehouse"", ""name"": ""Hicks Warehouse"", ""operator"": ""West Village"", ""roof:levels"": ""1"", ""smoking"": ""no""}",2026-10-10T14:14:29Z,OpenStreetMap Overpass API,False,POINT (-78.906683 36.0006)
DUR-01_osm_way_30807051,DUR-01,Durham,way,30807051,Toms Warehouse,toms warehouse,Point,36.0001935,-78.9069908,historic,warehouse,,West Village,city=Durham; housenumber=210; postcode=27701; state=NC; street=North Duke Street,,,,"{""addr:city"": ""Durham"", ""addr:housenumber"": ""210"", ""addr:postcode"": ""27701"", ""addr:state"": ""NC"", ""addr:street"": ""North Duke Street"", ""building"": ""warehouse"", ""building:flats"": ""68"", ""building:levels"": ""2"", ""building:material"": ""brick"", ""building:use"": ""apartments"", ""construction_date"": ""1903"", ""historic"": ""warehouse"", ""name"": ""Toms Warehouse"", ""operator"": ""West Village"", ""roof:levels"": ""1"", ""smoking"": ""no"", ""source:addr"": ""Durham Open Data""}",2026-10-10T14:14:29Z,OpenStreetMap Overpass API,False,POINT (-78.906991 36.000194)
DUR-01_osm_way_30840589,DUR-01,Durham,way,30840589,North Carolina State Employee Credit Union,north carolina state employee credit union,Point,35.9949741,-78.9090693,amenity,bank,,,city=Durham; housenumber=504; postcode=27701; state=NC; street=South Duke Street,,,,"{""addr:city"": ""Durham"", ""addr:housenumber"": ""504"", ""addr:postcode"": ""27701"", ""addr:state"": ""NC"", ""addr:street"": ""South Duke Street"", ""amenity"": ""bank"", ""atm"": ""yes"", ""building"": ""yes"", ""name"": ""North Carolina State Employee Credit Union"", ""source:addr"": ""Durham Open Data""}",2026-10-10T14:14:29Z,OpenStreetMap Overpass API,False,POINT (-78.909069 35.994974)
DUR-01_osm_way_30840697,DUR-01,Durham,way,30840697,Durham Bookcases & Other Cool Wood Stuff,durham bookcases and other cool wood stuff,Point,35.9976551,-78.9079334,shop,furniture,,,city=Durham; housenumber=301; postcode=27701; state=NC; street=South Duke Street,,,,"{""addr:city"": ""Durham"", ""addr:housenumber"": ""301"", ""addr:postcode"": ""27701"", ""addr:state"": ""NC"", ""addr:street"": ""South Duke Street"", ""building"": ""yes"", ""name"": ""Durham Bookcases & Other Cool Wood Stuff"", ""shop"": ""furniture"", ""source:addr"": ""Durham Open Data""}",2026-10-10T14:14:29Z,OpenStreetMap Overpass API,False,POINT (-78.907933 35.997655)
DUR-01_osm_way_30840998,DUR-01,Durham,way,30840998,Duke Memorial United Methodist Church,duke memorial united methodist church,Point,35.9974475,-78.9095339,amenity,place_of_worship,,,city=Durham; housenumber=307; postcode=27701; state=NC; street=South Gregson Street,Q5312831,,,"{""addr:city"": ""Durham"", ""addr:housenumber"": ""307"", ""addr:postcode"": ""27701"", ""addr:state"": ""NC"", ""addr:street"": ""South Gregson Street"", ""amenity"": ""place_of_worship"", ""building"": ""yes"", ""denomination"": ""methodist"", ""ele"": ""125"", ""gnis:feature_id"": ""2454342"", ""name"": ""Duke Memorial United Methodist Church"", ""religion"": ""christian"", ""source:addr"": ""Durham Open Data"", ""wikidata"": ""Q5312831""}",2026-10-10T14:14:29Z,OpenStreetMap Overpass API,False,POINT (-78.909534 35.997448)
DUR-01_osm_way_30841024,DUR-01,Durham,way,30841024,Mateo,mateo,Point,35.9967225,-78.9048076,amenity,restaurant,,,city=Durham; housenumber=109; postcode=27701; state=NC; street=West Chapel Hill Street,,,https://mateotapas.com/,"{""addr:city"": ""Durham"", ""addr:housenumber"": ""109"", ""addr:postcode"": ""27701"", ""addr:state"": ""NC"", ""addr:street"": ""West Chapel Hill Street"", ""amenity"": ""restaurant"", ""building"": ""yes"", ""cuisine"": ""tapas"", ""name"": ""Mateo"", ""opening_hours"": ""Tu-Th 11:30-14:30, 17:00-22:30;Fr 11:30-14:30, 17:00- 24:00;Sa 17:00-24:00;Su 17:00-21:30"", ""phone"": ""+1-919-530-8700"", ""source:addr"": ""Durham Open Data"", ""website"": ""https://mateotapas.com/""}",2026-10-10T14:14:29Z,OpenStreetMap Overpass API,False,POINT (-78.904808 35.996722)
DUR-01_osm_way_30885922,DUR-01,Durham,way,30885922,Indigo Montessori,indigo montessori,Point,36.0010343,-78.9115805,amenity,school,,,city=Durham; housenumber=1101; postcode=27701; state=NC; street=West Main Street,,,,"{""addr:city"": ""Durham"", ""addr:housenumber"": ""1101"", ""addr:postcode"": ""27701"", ""addr:state"": ""NC"", ""addr:street"": ""West Main Street"", ""amenity"": ""school"", ""building"": ""yes"", ""name"": ""Indigo Montessori"", ""source:addr"": ""Durham Open Data""}",2026-10-10T14:14:29Z,OpenStreetMap Overpass API,False,POINT (-78.91158 36.001034)
DUR-01_osm_way_30885936,DUR-01,Durham,way,30885936,Skewers Bar and Grill,skewers bar and grill,Point,36.0009975,-78.9111734,amenity,restaurant,,,city=Durham; country=US; housenumber=1013; street=West Main Street,,,https://www.skewersbarandgrill.com/,"{""addr:city"": ""Durham"", ""addr:country"": ""US"", ""addr:housenumber"": ""1013"", ""addr:street"": ""West Main Street"", ""amenity"": ""restaurant"", ""building"": ""yes"", ""name"": ""Skewers Bar and Grill"", ""website"": ""https://www.skewersbarandgrill.com/""}",2026-10-10T14:14:29Z,OpenStreetMap Overpass API,False,POINT (-78.911173 36.000998)
DUR-01_osm_way_30885951,DUR-01,Durham,way,30885951,The Living Room,the living room,Point,36.0006201,-78.9108041,amenity,bar,,,city=Durham; country=US; housenumber=1007; street=West Main Street,,,http://www.socialdurham.com,"{""addr:city"": ""Durham"", ""addr:country"": ""US"", ""addr:housenumber"": ""1007"", ""addr:street"": ""West Main Street"", ""alt_name"": ""Social Gameroom & Tap"", ""amenity"": ""bar"", ""building"": ""retail"", ""name"": ""The Living Room"", ""opening_hours"": ""Mo-Su 16:30-02:00"", ""smoking"": ""outside"", ""source"": ""https://www.facebook.com/thesocialdurham/info?tab=page_info"", ""website"": ""http://www.socialdurham.com"", ""wheelchair"": ""yes""}",2026-10-10T14:14:29Z,OpenStreetMap Overpass API,False,POINT (-78.910804 36.00062)
DUR-01_osm_way_30886159,DUR-01,Durham,way,30886159,Flowers Building,flowers building,Point,35.9999337,-78.9061041,historic,warehouse,,West Village,city=Durham; housenumber=610; postcode=27701; state=NC; street=West Morgan Street,,,,"{""addr:city"": ""Durham"", ""addr:housenumber"": ""610"", ""addr:postcode"": ""27701"", ""addr:state"": ""NC"", ""addr:street"": ""West Morgan Street"", ""building"": ""warehouse"", ""building:flats"": ""82"", ""building:levels"": ""4"", ""building:material"": ""brick"", ""building:use"": ""apartments"", ""construction_date"": ""1916"", ""historic"": ""warehouse"", ""name"": ""Flowers Building"", ""operator"": ""West Village"", ""smoking"": ""no"", ""source:addr"": ""Durham Open Data""}",2026-10-10T14:14:29Z,OpenStreetMap Overpass API,False,POINT (-78.906104 35.999934)
DUR-01_osm_way_30886191,DUR-01,Durham,way,30886191,Imperial Tobacco,imperial tobacco,Point,35.9993129,-78.9041962,historic,building,,,city=Durham; housenumber=605; postcode=27701; state=NC; street=Fernway Avenue,,,,"{""addr:city"": ""Durham"", ""addr:housenumber"": ""605"", ""addr:postcode"": ""27701"", ""addr:state"": ""NC"", ""addr:street"": ""Fernway Avenue"", ""building"": ""yes"", ""historic"": ""building"", ""name"": ""Imperial Tobacco"", ""source:addr"": ""Durham Open Data""}",2026-10-10T14:14:29Z,OpenStreetMap Overpass API,False,POINT (-78.904196 35.999313)
DUR-01_osm_way_30886227,DUR-01,Durham,way,30886227,PNC Bank,pnc bank,Point,35.9984051,-78.9039787,amenity,bank,PNC Bank,,city=Durham; housenumber=500; postcode=27701; state=NC; street=West Morgan Street,,,https://www.pnc.com/MapQuest/mqlocator/MapQuestLocationDetail?key=00818040,"{""addr:city"": ""Durham"", ""addr:housenumber"": ""500"", ""addr:postcode"": ""27701"", ""addr:state"": ""NC"", ""addr:street"": ""West Morgan Street"", ""amenity"": ""bank"", ""atm"": ""yes"", ""brand"": ""PNC Bank"", ""brand:wikidata"": ""Q38928"", ""building"": ""yes"", ""name"": ""PNC Bank"", ""opening_hours"": ""Tu-Th 09:00-17:00; Fr 09:00-18:00"", ""phone"": ""+1-919-687-3700"", ""website"": ""https://www.pnc.com/MapQuest/mqlocator/MapQuestLocationDetail?key=00818040"", ""wheelchair"": ""yes""}",2026-10-10T14:14:29Z,OpenStreetMap Overpass API,False,POINT (-78.903979 35.998405)
DUR-01_osm_way_30886281,DUR-01,Durham,way,30886281,The History Hub Museum,the history hub museum,Point,35.9982815,-78.904965,tourism,museum,,Museum of Durham History,city=Durham; housenumber=521; postcode=27701; state=NC; street=West Morgan Street,,,,"{""addr:city"": ""Durham"", ""addr:housenumber"": ""521"", ""addr:postcode"": ""27701"", ""addr:state"": ""NC"", ""addr:street"": ""West Morgan Street"", ""building"": ""yes"", ""name"": ""The History Hub Museum"", ""operator"": ""Museum of Durham History"", ""source:addr"": ""Durham Open Data"", ""tourism"": ""museum"", ""wheelchair"": ""yes""}",2026-10-10T14:14:29Z,OpenStreetMap Overpass API,False,POINT (-78.904965 35.998282)
DUR-01_osm_way_30886366,DUR-01,Durham,way,30886366,Durham Marriott City Center,durham marriott city center,Point,35.9973445,-78.9025501,tourism,hotel,Marriott,Marriott,city=Durham; housenumber=201; postcode=27701; state=NC; street=Foster Street,,,https://www.marriott.com/hotels/travel/rducv-durham-marriott-convention-center/,"{""addr:city"": ""Durham"", ""addr:housenumber"": ""201"", ""addr:postcode"": ""27701"", ""addr:state"": ""NC"", ""addr:street"": ""Foster Street"", ""air_conditioning"": ""yes"", ""brand"": ""Marriott"", ""brand:wikidata"": ""Q3918608"", ""building"": ""hotel"", ""check_date"": ""2025-12-14"", ""fax"": ""+1-919-768-6037"", ""internet_access"": ""wlan"", ""internet_access:fee"": ""no"", ""name"": ""Durham Marriott City Center"", ""operator"": ""Marriott"", ""phone"": ""+1-919-768-6000"", ""tourism"": ""hotel"", ""website"": ""https://www.marriott.com/hotels/travel/rducv-durham-marriott-convention-center/""}",2026-10-10T14:14:29Z,OpenStreetMap Overpass API,False,POINT (-78.90255 35.997344)
DUR-01_osm_way_30980020,DUR-01,Durham,way,30980020,Carolina Theatre,carolina theatre,Point,35.9977631,-78.9029365,amenity,theatre,,,city=Durham; housenumber=309; postcode=27701; state=NC; street=West Morgan Street,Q4453422,,,"{""addr:city"": ""Durham"", ""addr:housenumber"": ""309"", ""addr:postcode"": ""27701"", ""addr:state"": ""NC"", ""addr:street"": ""West Morgan Street"", ""amenity"": ""theatre"", ""building"": ""yes"", ""check_date"": ""2025-12-14"", ""name"": ""Carolina Theatre"", ""source:addr"": ""Durham Open Data"", ""wikidata"": ""Q4453422""}",2026-10-10T14:14:29Z,OpenStreetMap Overpass API,False,POINT (-78.902936 35.997763)
DUR-01_osm_way_30980030,DUR-01,Durham,way,30980030,Durham Arts Council,durham arts council,Point,35.9978046,-78.9034439,amenity,arts_centre,,,housenumber=120; postcode=27701; street=Morris Street,,,https://durhamarts.org/,"{""addr:housenumber"": ""120"", ""addr:postcode"": ""27701"", ""addr:street"": ""Morris Street"", ""amenity"": ""arts_centre"", ""building"": ""yes"", ""name"": ""Durham Arts Council"", ""website"": ""https://durhamarts.org/""}",2026-10-10T14:14:29Z,OpenStreetMap Overpass API,False,POINT (-78.903444 35.997805)
DUR-01_osm_way_30980036,DUR-01,Durham,way,30980036,Unscripted Hotel,unscripted hotel,Point,35.9964922,-78.9010598,tourism,hotel,,,,,,,"{""building"": ""yes"", ""name"": ""Unscripted Hotel"", ""tourism"": ""hotel""}",2026-10-10T14:14:29Z,OpenStreetMap Overpass API,False,POINT (-78.90106 35.996492)
DUR-01_osm_way_31345285,DUR-01,Durham,way,31345285,The Federal,the federal,Point,36.0007101,-78.9099613,amenity,pub,,,city=Durham; housenumber=914; postcode=27701; state=NC; street=West Main Street,,,,"{""addr:city"": ""Durham"", ""addr:housenumber"": ""914"", ""addr:postcode"": ""27701"", ""addr:state"": ""NC"", ""addr:street"": ""West Main Street"", ""amenity"": ""pub"", ""building"": ""retail"", ""name"": ""The Federal"", ""source:addr"": ""Durham Open Data""}",2026-10-10T14:14:29Z,OpenStreetMap Overpass API,False,POINT (-78.909961 36.00071)
DUR-01_osm_way_31345296,DUR-01,Durham,way,31345296,Shooter's,shooter s,Point,36.0009917,-78.9094757,amenity,bar,,,city=Durham; country=US; housenumber=827; postcode=27701; state=NC; street=West Main Street,,,,"{""addr:city"": ""Durham"", ""addr:country"": ""US"", ""addr:housenumber"": ""827"", ""addr:postcode"": ""27701"", ""addr:state"": ""NC"", ""addr:street"": ""West Main Street"", ""amenity"": ""bar"", ""building"": ""retail"", ""name"": ""Shooter's"", ""source:addr"": ""Durham Open Data"", ""survey:date"": ""2014-06-01""}",2026-10-10T14:14:29Z,OpenStreetMap Overpass API,False,POINT (-78.909476 36.000992)
DUR-01_osm_way_31345342,DUR-01,Durham,way,31345342,Rose's Meat Market and Sweet Shop,rose s meat market and sweet shop,Point,36.0006142,-78.9089019,amenity,restaurant,,,city=Durham; housenumber=121; postcode=27701; state=NC; street=North Gregson Street,,,https://rosesdurham.com/,"{""addr:city"": ""Durham"", ""addr:housenumber"": ""121"", ""addr:postcode"": ""27701"", ""addr:state"": ""NC"", ""addr:street"": ""North Gregson Street"", ""amenity"": ""restaurant"", ""building"": ""yes"", ""check_date"": ""2026-06-15"", ""check_date:opening_hours"": ""2026-06-15"", ""contact:facebook"": ""RosesDurhamNC"", ""name"": ""Rose's Meat Market and Sweet Shop"", ""opening_hours"": ""Th-Fr 11:00-21:00; Sa 11:00-21:30; Su 10:00-17:00"", ""phone"": ""+1 919-797-2233"", ""source:addr"": ""Durham Open Data"", ""website"": ""https://rosesdurham.com/""}",2026-10-10T14:14:29Z,OpenStreetMap Overpass API,False,POINT (-78.908902 36.000614)
DUR-01_osm_way_31345349,DUR-01,Durham,way,31345349,Maverick's Smokehouse and Taproom,maverick s smokehouse and taproom,Point,36.0003136,-78.9091863,amenity,restaurant,,,city=Durham; country=US; housenumber=900; postcode=27701; state=NC; street=West Main Street,,,https://www.maverickssmokehouse.com/,"{""addr:city"": ""Durham"", ""addr:country"": ""US"", ""addr:housenumber"": ""900"", ""addr:postcode"": ""27701"", ""addr:state"": ""NC"", ""addr:street"": ""West Main Street"", ""amenity"": ""restaurant"", ""building"": ""retail"", ""cuisine"": ""barbecue"", ""name"": ""Maverick's Smokehouse and Taproom"", ""opening_hours"": ""Mo-Su 11:20-02:00"", ""outdoor_seating"": ""yes"", ""source:addr"": ""Durham Open Data"", ""website"": ""https://www.maverickssmokehouse.com/""}",2026-10-10T14:14:29Z,OpenStreetMap Overpass API,False,POINT (-78.909186 36.000314)
DUR-01_osm_way_31345379,DUR-01,Durham,way,31345379,Devine's Sports Bar,devine s sports bar,Point,36.000447,-78.9093236,amenity,bar,,,city=Durham; housenumber=904; postcode=27701; state=NC; street=West Main Street,,,,"{""addr:city"": ""Durham"", ""addr:housenumber"": ""904"", ""addr:postcode"": ""27701"", ""addr:state"": ""NC"", ""addr:street"": ""West Main Street"", ""amenity"": ""bar"", ""building"": ""retail"", ""name"": ""Devine's Sports Bar"", ""source:addr"": ""Durham Open Data""}",2026-10-10T14:14:29Z,OpenStreetMap Overpass API,False,POINT (-78.909324 36.000447)
DUR-01_osm_way_31350058,DUR-01,Durham,way,31350058,Goorsha,goorsha,Point,36.0006334,-78.9097919,amenity,restaurant,,,city=Durham; housenumber=910; postcode=27701; state=NC; street=West Main Street,,,,"{""addr:city"": ""Durham"", ""addr:housenumber"": ""910"", ""addr:postcode"": ""27701"", ""addr:state"": ""NC"", ""addr:street"": ""West Main Street"", ""amenity"": ""restaurant"", ""building"": ""retail"", ""cuisine"": ""ethiopian"", ""name"": ""Goorsha"", ""source:addr"": ""Durham Open Data""}",2026-10-10T14:14:29Z,OpenStreetMap Overpass API,False,POINT (-78.909792 36.000633)
DUR-01_osm_way_31350117,DUR-01,Durham,way,31350117,Residence Inn Durham McPherson/Duke University Medical Center Area,residence inn durham mcpherson duke university medical center area,Point,36.0018904,-78.911852,tourism,hotel,Residence Inn,,city=Durham; housenumber=1110; postcode=27701; state=NC; street=West Main Street,,,https://www.marriott.com/rdudd,"{""addr:city"": ""Durham"", ""addr:housenumber"": ""1110"", ""addr:postcode"": ""27701"", ""addr:state"": ""NC"", ""addr:street"": ""West Main Street"", ""branch"": ""Durham McPherson/Duke University Medical Center Area"", ""brand"": ""Residence Inn"", ""brand:wikidata"": ""Q7315394"", ""building"": ""yes"", ""name"": ""Residence Inn Durham McPherson/Duke University Medical Center Area"", ""official_name"": ""Residence Inn by Marriott"", ""phone"": ""+1 919-680-4440"", ""ref"": ""RDUDD"", ""tourism"": ""hotel"", ""website"": ""https://www.marriott.com/rdudd""}",2026-10-10T14:14:29Z,OpenStreetMap Overpass API,False,POINT (-78.911852 36.00189)
DUR-01_osm_way_32118671,DUR-01,Durham,way,32118671,Downtown YMCA,downtown ymca,Point,35.9985037,-78.9010948,leisure,sports_centre,YMCA,YMCA,housenumber=218; postcode=27703; street=Morgan Street,,,,"{""addr:housenumber"": ""218"", ""addr:postcode"": ""27703"", ""addr:street"": ""Morgan Street"", ""brand"": ""YMCA"", ""brand:wikidata"": ""Q157169"", ""building"": ""yes"", ""leisure"": ""sports_centre"", ""name"": ""Downtown YMCA"", ""operator"": ""YMCA""}",2026-10-10T14:14:29Z,OpenStreetMap Overpass API,False,POINT (-78.901095 35.998504)
DUR-01_osm_way_32118683,DUR-01,Durham,way,32118683,Mr. Tire,mr tire,Point,35.9984052,-78.9003739,shop,car_parts,Mr. Tire,,city=Durham; country=US; housenumber=204; postcode=27701; state=NC; street=West Morgan Street,,,,"{""addr:city"": ""Durham"", ""addr:country"": ""US"", ""addr:housenumber"": ""204"", ""addr:postcode"": ""27701"", ""addr:state"": ""NC"", ""addr:street"": ""West Morgan Street"", ""brand"": ""Mr. Tire"", ""brand:wikidata"": ""Q6929249"", ""building"": ""yes"", ""name"": ""Mr. Tire"", ""shop"": ""car_parts"", ""survey:date"": ""2014-06-01""}",2026-10-10T14:14:29Z,OpenStreetMap Overpass API,False,POINT (-78.900374 35.998405)
DUR-01_osm_way_32118755,DUR-01,Durham,way,32118755,The Durham Hotel,the durham hotel,Point,35.9971951,-78.9009597,tourism,hotel,,,city=Durham; housenumber=315; postcode=27701; state=NC; street=East Chapel Hill Street,,,,"{""addr:city"": ""Durham"", ""addr:housenumber"": ""315"", ""addr:postcode"": ""27701"", ""addr:state"": ""NC"", ""addr:street"": ""East Chapel Hill Street"", ""building"": ""yes"", ""name"": ""The Durham Hotel"", ""tourism"": ""hotel""}",2026-10-10T14:14:29Z,OpenStreetMap Overpass API,False,POINT (-78.90096 35.997195)
DUR-01_osm_way_32118811,DUR-01,Durham,way,32118811,United States Postal Service - Durham,united states postal service durham,Point,35.9972558,-78.9002967,amenity,post_office,,United States Postal Service,city=Durham; housenumber=323; postcode=27701; state=NC; street=East Chapel Hill Street,,,https://tools.usps.com/locations/details/1438143,"{""addr:city"": ""Durham"", ""addr:housenumber"": ""323"", ""addr:postcode"": ""27701"", ""addr:state"": ""NC"", ""addr:street"": ""East Chapel Hill Street"", ""amenity"": ""post_office"", ""building"": ""yes"", ""ele"": ""123"", ""gnis:feature_id"": ""2455243"", ""image"": ""https://s3-media0.fl.yelpcdn.com/bphoto/T_nmrtdQZemRARArt48kIw/348s.jpg"", ""name"": ""United States Postal Service - Durham"", ""opening_hours"": ""Mo-Fr 09:00-17:00"", ""operator"": ""United States Postal Service"", ""operator:short"": ""USPS"", ""operator:type"": ""public"", ""operator:wikidata"": ""Q668687"", ""website"": ""https://tools.usps.com/locations/details/1438143""}",2026-10-10T14:14:29Z,OpenStreetMap Overpass API,False,POINT (-78.900297 35.997256)
DUR-01_osm_way_32347980,DUR-01,Durham,way,32347980,Durham Central Jail,durham central jail,Point,35.9931706,-78.9010746,amenity,prison,,,city=Durham; housenumber=219; postcode=27701; state=NC; street=South Mangum Street,,,,"{""addr:city"": ""Durham"", ""addr:housenumber"": ""219"", ""addr:postcode"": ""27701"", ""addr:state"": ""NC"", ""addr:street"": ""South Mangum Street"", ""amenity"": ""prison"", ""building"": ""yes"", ""building:levels"": ""8"", ""name"": ""Durham Central Jail"", ""source:addr"": ""Durham Open Data""}",2026-10-10T14:14:29Z,OpenStreetMap Overpass API,False,POINT (-78.901075 35.993171)
DUR-01_osm_way_32348044,DUR-01,Durham,way,32348044,Durham County Library - Main Library,durham county library main library,Point,35.994909,-78.8966397,amenity,library,,Durham County Government,city=Durham; country=US; county=Durham; housenumber=300; postcode=27701; state=NC; street=North Roxboro Street,,,https://durhamcountylibrary.org/,"{""addr:city"": ""Durham"", ""addr:country"": ""US"", ""addr:county"": ""Durham"", ""addr:housenumber"": ""300"", ""addr:postcode"": ""27701"", ""addr:state"": ""NC"", ""addr:street"": ""North Roxboro Street"", ""amenity"": ""library"", ""building"": ""yes"", ""name"": ""Durham County Library - Main Library"", ""nat_ref"": ""C-DURHAM-D;C-DURHAM-B"", ""opening_hours"": ""Mo-We 09:30-20:00; Th-Sa 09:30-18:00; Su 13:00-18:00"", ""operator"": ""Durham County Government"", ""operator:type"": ""public"", ""phone"": ""+1 919-560-0100;+1 919-560-0155"", ""website"": ""https://durhamcountylibrary.org/""}",2026-10-10T14:14:29Z,OpenStreetMap Overpass API,False,POINT (-78.89664 35.994909)
DUR-01_osm_way_324544661,DUR-01,Durham,way,324544661,Bar Virgile,bar virgile,Polygon,35.99469275,-78.90074654674225,amenity,restaurant,,,city=Durham; housenumber=105; postcode=27701; state=NC; street=South Mangum Street,,,,"{""addr:city"": ""Durham"", ""addr:housenumber"": ""105"", ""addr:postcode"": ""27701"", ""addr:state"": ""NC"", ""addr:street"": ""South Mangum Street"", ""amenity"": ""restaurant"", ""building"": ""yes"", ""name"": ""Bar Virgile"", ""source:addr"": ""Durham Open Data"", ""source:geometry"": ""Bing""}",2026-10-10T14:14:29Z,OpenStreetMap Overpass API,False,"POLYGON ((-78.900776 35.994778, -78.90069 35.99473, -78.900637 35.9947, -78.900718 35.994607, -78.900856 35.994686, -78.900776 35.994778))"
DUR-01_osm_way_324544666,DUR-01,Durham,way,324544666,106 Main,106 main,Polygon,35.99474505,-78.90051066590495,amenity,bar,,,city=Durham; housenumber=106; state=NC; street=East Main Street,,,https://www.facebook.com/106Main,"{""addr:city"": ""Durham"", ""addr:housenumber"": ""106"", ""addr:state"": ""NC"", ""addr:street"": ""East Main Street"", ""amenity"": ""bar"", ""building"": ""yes"", ""name"": ""106 Main"", ""opening_hours"": ""Tu-Th 12:00-22:00; Fr-Sa 12:00-24:00"", ""phone"": ""+1-919-593-0560"", ""source:geometry"": ""Bing"", ""website"": ""https://www.facebook.com/106Main""}",2026-10-10T14:14:29Z,OpenStreetMap Overpass API,False,"POLYGON ((-78.900488 35.994836, -78.900412 35.994793, -78.900562 35.994621, -78.900638 35.994664, -78.900609 35.994697, -78.900488 35.994836))"
DUR-01_osm_way_324544676,DUR-01,Durham,way,324544676,,,Polygon,35.99442195,-78.89881005000001,amenity,courthouse,,,city=Durham; country=US; housenumber=510; postcode=27701; state=NC; street=East Main Street,,,,"{""addr:city"": ""Durham"", ""addr:country"": ""US"", ""addr:housenumber"": ""510"", ""addr:postcode"": ""27701"", ""addr:state"": ""NC"", ""addr:street"": ""East Main Street"", ""amenity"": ""courthouse"", ""building"": ""yes"", ""source:geometry"": ""Bing"", ""survey:date"": ""2014-05-31""}",2026-10-10T14:14:29Z,OpenStreetMap Overpass API,False,"POLYGON ((-78.899186 35.99444, -78.898958 35.994702, -78.898434 35.994404, -78.898662 35.994142, -78.899186 35.99444))"
DUR-01_osm_way_32695858,DUR-01,Durham,way,32695858,Durham City Hall,durham city hall,Point,35.9961927,-78.8988511,amenity,townhall,,,city=Durham; housenumber=101; postcode=27701; state=NC; street=City Hall Plaza,,,,"{""addr:city"": ""Durham"", ""addr:housenumber"": ""101"", ""addr:postcode"": ""27701"", ""addr:state"": ""NC"", ""addr:street"": ""City Hall Plaza"", ""amenity"": ""townhall"", ""building"": ""yes"", ""name"": ""Durham City Hall"", ""opening_hours"": ""Mo-Fr 08:00-17:00"", ""source:addr"": ""Durham Open Data""}",2026-10-10T14:14:29Z,OpenStreetMap Overpass API,False,POINT (-78.898851 35.996193)
DUR-01_osm_way_33052346,DUR-01,Durham,way,33052346,Durham Athletic Park,durham athletic park,Point,36.0028569,-78.9025953,leisure,stadium,,Durham Parks and Recreation,city=Durham; country=US; housenumber=500; postcode=27701; state=NC; street=Corporation Street,Q5316463,en:Durham Athletic Park,,"{""access"": ""yes"", ""addr:city"": ""Durham"", ""addr:country"": ""US"", ""addr:housenumber"": ""500"", ""addr:postcode"": ""27701"", ""addr:state"": ""NC"", ""addr:street"": ""Corporation Street"", ""leisure"": ""stadium"", ""name"": ""Durham Athletic Park"", ""nconemap:OWNER"": ""DURHAM CITY/COUNTY"", ""operator"": ""Durham Parks and Recreation"", ""source"": ""NCOnemap"", ""wikidata"": ""Q5316463"", ""wikipedia"": ""en:Durham Athletic Park""}",2026-10-10T14:14:29Z,OpenStreetMap Overpass API,False,POINT (-78.902595 36.002857)
DUR-01_osm_way_34134056,DUR-01,Durham,way,34134056,Bull City Burger,bull city burger,Point,35.9955282,-78.8997176,amenity,restaurant,,,city=Durham; country=US; housenumber=107; postcode=27701; street=East Parrish Street,,,http://bullcityburgerandbrewery.com,"{""addr:city"": ""Durham"", ""addr:country"": ""US"", ""addr:housenumber"": ""107"", ""addr:postcode"": ""27701"", ""addr:street"": ""East Parrish Street"", ""air_conditioning"": ""yes"", ""amenity"": ""restaurant"", ""building"": ""yes"", ""cuisine"": ""burger"", ""diet:vegetarian"": ""yes"", ""name"": ""Bull City Burger"", ""opening_hours"": ""Mo-Th 11:11-22:00; Fr-Sa 11:11-23:00; Su 11:11-20:00"", ""phone"": ""+1 919 680 2333"", ""website"": ""http://bullcityburgerandbrewery.com"", ""wheelchair"": ""yes""}",2026-10-10T14:14:29Z,OpenStreetMap Overpass API,False,POINT (-78.899718 35.995528)
DUR-01_osm_way_34415865,DUR-01,Durham,way,34415865,First Presbyterian Church,first presbyterian church,Point,35.9939245,-78.8977662,amenity,place_of_worship,,,city=Durham; housenumber=305; postcode=27701; state=NC; street=East Main Street,,,,"{""addr:city"": ""Durham"", ""addr:housenumber"": ""305"", ""addr:postcode"": ""27701"", ""addr:state"": ""NC"", ""addr:street"": ""East Main Street"", ""amenity"": ""place_of_worship"", ""building"": ""yes"", ""ele"": ""123"", ""gnis:feature_id"": ""2454732"", ""name"": ""First Presbyterian Church"", ""religion"": ""christian"", ""source:addr"": ""Durham Open Data""}",2026-10-10T14:14:29Z,OpenStreetMap Overpass API,False,POINT (-78.897766 35.993924)
DUR-01_osm_way_34415878,DUR-01,Durham,way,34415878,First Baptist Church,first baptist church,Point,35.9966485,-78.8966002,amenity,place_of_worship,,,,,,,"{""amenity"": ""place_of_worship"", ""building"": ""yes"", ""denomination"": ""baptist"", ""name"": ""First Baptist Church"", ""religion"": ""christian""}",2026-10-10T14:14:29Z,OpenStreetMap Overpass API,False,POINT (-78.8966 35.996648)
DUR-01_osm_way_34415895,DUR-01,Durham,way,34415895,Durham Fire Station Number 1,durham fire station number 1,Point,35.9965687,-78.8976677,amenity,fire_station,,,state=NC,,,,"{""addr:state"": ""NC"", ""amenity"": ""fire_station"", ""building"": ""yes"", ""ele"": ""124"", ""gnis:feature_id"": ""2454647"", ""name"": ""Durham Fire Station Number 1"", ""source"": ""USGS Geonames""}",2026-10-10T14:14:29Z,OpenStreetMap Overpass API,False,POINT (-78.897668 35.996569)
DUR-01_osm_way_36887968,DUR-01,Durham,way,36887968,Accent Hardwood Flooring,accent hardwood flooring,Point,36.0022741,-78.9017621,shop,doityourself,,,city=Durham; country=US; housenumber=601; postcode=27701; state=NC; street=Foster Street,,,http://accenthardwoodflooring.com,"{""addr:city"": ""Durham"", ""addr:country"": ""US"", ""addr:housenumber"": ""601"", ""addr:postcode"": ""27701"", ""addr:state"": ""NC"", ""addr:street"": ""Foster Street"", ""building"": ""yes"", ""name"": ""Accent Hardwood Flooring"", ""shop"": ""doityourself"", ""website"": ""http://accenthardwoodflooring.com""}",2026-10-10T14:14:29Z,OpenStreetMap Overpass API,False,POINT (-78.901762 36.002274)
DUR-01_osm_way_36887978,DUR-01,Durham,way,36887978,The Rickhouse,the rickhouse,Point,36.0026998,-78.9016832,amenity,events_venue,,,city=Durham; housenumber=609; postcode=27701; state=NC; street=Foster Street,,,,"{""addr:city"": ""Durham"", ""addr:housenumber"": ""609"", ""addr:postcode"": ""27701"", ""addr:state"": ""NC"", ""addr:street"": ""Foster Street"", ""amenity"": ""events_venue"", ""building"": ""yes"", ""name"": ""The Rickhouse"", ""source:addr"": ""Durham Open Data""}",2026-10-10T14:14:29Z,OpenStreetMap Overpass API,False,POINT (-78.901683 36.0027)
DUR-01_osm_way_36888000,DUR-01,Durham,way,36888000,Bull City Running Company,bull city running company,Point,36.0027804,-78.9040107,shop,clothes,,,city=Durham; housenumber=501; postcode=27701; state=NC; street=Washington Street; unit=D,,,https://www.bullcityrunning.com/,"{""addr:city"": ""Durham"", ""addr:housenumber"": ""501"", ""addr:postcode"": ""27701"", ""addr:state"": ""NC"", ""addr:street"": ""Washington Street"", ""addr:unit"": ""D"", ""building"": ""yes"", ""clothes"": ""sports"", ""name"": ""Bull City Running Company"", ""phone"": ""+1-919-748-3218"", ""shop"": ""clothes"", ""source:addr"": ""Durham Open Data"", ""website"": ""https://www.bullcityrunning.com/""}",2026-10-10T14:14:29Z,OpenStreetMap Overpass API,False,POINT (-78.904011 36.00278)
DUR-01_osm_way_374302089,DUR-01,Durham,way,374302089,Ponysaurus Brewing,ponysaurus brewing,Polygon,35.989595050000005,-78.89525759426866,craft,brewery,,,city=Durham; housenumber=219; postcode=27701; state=NC; street=Hood Street,,,https://www.ponysaurusbrewing.com/,"{""addr:city"": ""Durham"", ""addr:housenumber"": ""219"", ""addr:postcode"": ""27701"", ""addr:state"": ""NC"", ""addr:street"": ""Hood Street"", ""building"": ""yes"", ""craft"": ""brewery"", ""image"": ""https://images.squarespace-cdn.com/content/v1/51683440e4b0e454d76df936/1721161293528-F3TURLBYXTYA09GAS6HA/IMG_6873.JPG"", ""name"": ""Ponysaurus Brewing"", ""phone"": ""+1-919-908-0204"", ""source:addr"": ""Durham Open Data"", ""website"": ""https://www.ponysaurusbrewing.com/""}",2026-10-10T14:14:29Z,OpenStreetMap Overpass API,False,"POLYGON ((-78.895428 35.989667, -78.895172 35.989728, -78.895104 35.989523, -78.895315 35.989468, -78.895428 35.989667))"
DUR-01_osm_way_400530002,DUR-01,Durham,way,400530002,Aloft Durham Downtown,aloft durham downtown,Polygon,35.9932382,-78.90283817715911,tourism,hotel,Aloft,,housenumber=345; street=Blackwell Street,,,,"{""addr:housenumber"": ""345"", ""addr:street"": ""Blackwell Street"", ""brand"": ""Aloft"", ""brand:wikidata"": ""Q4734166"", ""building"": ""yes"", ""building:levels"": ""6"", ""building:material"": ""metal"", ""name"": ""Aloft Durham Downtown"", ""tourism"": ""hotel""}",2026-10-10T14:14:29Z,OpenStreetMap Overpass API,False,"POLYGON ((-78.902481 35.993518, -78.902803 35.993607, -78.902825 35.993555, -78.902791 35.993546, -78.902837 35.993438, -78.902859 35.993444, -78.903194 35.992648, -78.903001 35.992595, -78.902969 35.992671, -78.902806 35.993057, -78.902641 35.993452, -78.902522 35.993419, -78.902481 35.993518))"
DUR-01_osm_way_400530129,DUR-01,Durham,way,400530129,Diamond View Park,diamond view park,Polygon,35.9935165,-78.90333394030111,leisure,park,,,,,,,"{""leisure"": ""park"", ""name"": ""Diamond View Park""}",2026-10-10T14:14:29Z,OpenStreetMap Overpass API,False,"POLYGON ((-78.903209 35.994167, -78.902746 35.993928, -78.902816 35.993749, -78.902839 35.993694, -78.902979 35.993339, -78.903132 35.993326, -78.903281 35.993252, -78.903433 35.993118, -78.903531 35.993025, -78.903745 35.993145, -78.903884 35.993225, -78.903967 35.99327, -78.903217 35.994157, -78.903209 35.994167))"
DUR-01_osm_way_404801052,DUR-01,Durham,way,404801052,Self-Help Credit Union,self help credit union,Polygon,35.989250999999996,-78.90288235435665,amenity,bank,,,city=Durham; housenumber=601; postcode=27701; state=NC; street=South Mangum Street,,,,"{""addr:city"": ""Durham"", ""addr:housenumber"": ""601"", ""addr:postcode"": ""27701"", ""addr:state"": ""NC"", ""addr:street"": ""South Mangum Street"", ""amenity"": ""bank"", ""building"": ""yes"", ""name"": ""Self-Help Credit Union"", ""source:addr"": ""Durham Open Data""}",2026-10-10T14:14:29Z,OpenStreetMap Overpass API,False,"POLYGON ((-78.902952 35.98933, -78.902764 35.989267, -78.902813 35.989172, -78.903001 35.989235, -78.902952 35.98933))"
DUR-01_osm_way_433493705,DUR-01,Durham,way,433493705,Durham Bulls Athletic Park,durham bulls athletic park,Polygon,35.991583899999995,-78.90391733102675,leisure,stadium,,,city=Durham; housenumber=409; postcode=27701; state=NC; street=Blackwell Street,Q3041567,,,"{""addr:city"": ""Durham"", ""addr:housenumber"": ""409"", ""addr:postcode"": ""27701"", ""addr:state"": ""NC"", ""addr:street"": ""Blackwell Street"", ""leisure"": ""stadium"", ""name"": ""Durham Bulls Athletic Park"", ""sport"": ""baseball"", ""wheelchair"": ""yes"", ""wikidata"": ""Q3041567""}",2026-10-10T14:14:29Z,OpenStreetMap Overpass API,False,"POLYGON ((-78.904517 35.992368, -78.904477 35.99242, -78.904355 35.992362, -78.904276 35.992461, -78.904014 35.992359, -78.90338 35.992131, -78.903188 35.991981, -78.903123 35.991794, -78.903162 35.991714, -78.902989 35.991666, -78.902956 35.991747, -78.90285 35.991713, -78.902809 35.991807, -78.902538 35.99172, -78.90286 35.99099, -78.902877 35.990952, -78.902903 35.990894, -78.90297 35.990747, -78.90304 35.990703, -78.903172 35.990671, -78.903247 35.990685, -78.903325 35.990724, -78.90354 35.990797, -78.90352 35.990841, -78.903595 35.990862, -78.903617 35.990817, -78.904073 35.990965, -78.904045 35.991022, -78.90413 35.991045, -78.904156 35.990994, -78.904419 35.991079, -78.904408 35.991102, -78.904678 35.991188, -78.904691 35.991168, -78.90477 35.991199, -78.905255 35.991339, -78.905311 35.991413, -78.905317 35.991502, -78.905 35.991828, -78.904944 35.991902, -78.90492 35.991892, -78.904517 35.992368))"
DUR-01_osm_way_44481452,DUR-01,Durham,way,44481452,Cooperativa Latina,cooperativa latina,Point,35.9980747,-78.8986699,amenity,bank,,,city=Durham; country=US; housenumber=100; postcode=27701; state=NC; street=West Morgan Street,,,,"{""addr:city"": ""Durham"", ""addr:country"": ""US"", ""addr:housenumber"": ""100"", ""addr:postcode"": ""27701"", ""addr:state"": ""NC"", ""addr:street"": ""West Morgan Street"", ""amenity"": ""bank"", ""building"": ""yes"", ""name"": ""Cooperativa Latina"", ""survey:date"": ""2014-06-01""}",2026-10-10T14:14:29Z,OpenStreetMap Overpass API,False,POINT (-78.89867 35.998075)
DUR-01_osm_way_515431845,DUR-01,Durham,way,515431845,11-foot-8 Bridge,11 foot 8 bridge,Polygon,35.999075500000004,-78.91013157889192,tourism,attraction,,,city=Durham; country=US; housenumber=201; postcode=27701; state=NC; street=South Gregson Street,Q22905940,en:Norfolk Southern–Gregson Street Overpass,https://11foot8.com,"{""addr:city"": ""Durham"", ""addr:country"": ""US"", ""addr:housenumber"": ""201"", ""addr:postcode"": ""27701"", ""addr:state"": ""NC"", ""addr:street"": ""South Gregson Street"", ""bridge:structure"": ""beam"", ""contact:website"": ""https://11foot8.com"", ""description"": ""Careful drivers! Room under bridge is only 12 feet 4 inches! View less fortunate drivers here: https://11foot8.com"", ""layer"": ""1"", ""loc_name"": ""Can Opener Bridge"", ""man_made"": ""bridge"", ""name"": ""11-foot-8 Bridge"", ""official_name"": ""Norfolk Southern–Gregson Street Overpass"", ""tourism"": ""attraction"", ""wikidata"": ""Q22905940"", ""wikipedia"": ""en:Norfolk Southern–Gregson Street Overpass""}",2026-10-10T14:14:29Z,OpenStreetMap Overpass API,False,"POLYGON ((-78.910254 35.99916, -78.910263 35.999149, -78.910273 35.999138, -78.91001 35.99899, -78.91 35.999002, -78.90999 35.999013, -78.910254 35.99916))"
DUR-01_osm_way_57377599,DUR-01,Durham,way,57377599,Durham Bulls Athletic Park,durham bulls athletic park,Point,35.9917679,-78.9038737,leisure,pitch,,,,,,,"{""fee"": ""yes"", ""indoor"": ""no"", ""leisure"": ""pitch"", ""lit"": ""yes"", ""name"": ""Durham Bulls Athletic Park"", ""sport"": ""baseball"", ""surface"": ""grass"", ""wheelchair"": ""yes""}",2026-10-10T14:14:29Z,OpenStreetMap Overpass API,False,POINT (-78.903874 35.991768)
DUR-01_osm_way_607997936,DUR-01,Durham,way,607997936,Research Square,research square,Polygon,35.997713250000004,-78.90630963538663,amenity,office,,,city=Durham; housenumber=601; postcode=27701; state=NC; street=West Main Street; unit=102,,,https://www.researchsquare.com/,"{""addr:city"": ""Durham"", ""addr:housenumber"": ""601"", ""addr:postcode"": ""27701"", ""addr:state"": ""NC"", ""addr:street"": ""West Main Street"", ""addr:unit"": ""102"", ""amenity"": ""office"", ""building"": ""yes"", ""name"": ""Research Square"", ""website"": ""https://www.researchsquare.com/""}",2026-10-10T14:14:29Z,OpenStreetMap Overpass API,False,"POLYGON ((-78.906412 35.997906, -78.90649 35.997813, -78.906568 35.997721, -78.906206 35.997522, -78.906129 35.997614, -78.906051 35.997705, -78.906412 35.997906))"
DUR-01_osm_way_611676563,DUR-01,Durham,way,611676563,St. Mark A.M.E. Zion Church,st mark a m e zion church,Polygon,35.98825465,-78.901552881206,amenity,place_of_worship,,,city=Durham; housenumber=531; postcode=27701; state=NC; street=South Roxboro Street,,,,"{""addr:city"": ""Durham"", ""addr:housenumber"": ""531"", ""addr:postcode"": ""27701"", ""addr:state"": ""NC"", ""addr:street"": ""South Roxboro Street"", ""amenity"": ""place_of_worship"", ""building"": ""yes"", ""denomination"": ""african_methodist_episcopal_zion"", ""name"": ""St. Mark A.M.E. Zion Church"", ""religion"": ""christian"", ""source:addr"": ""Durham Open Data""}",2026-10-10T14:14:29Z,OpenStreetMap Overpass API,False,"POLYGON ((-78.901389 35.988406, -78.901447 35.988312, -78.901757 35.988438, -78.901772 35.988416, -78.90181 35.988431, -78.901866 35.988342, -78.901836 35.98832, -78.901867 35.988272, -78.901798 35.988243, -78.901784 35.988266, -78.90154 35.988164, -78.901569 35.98812, -78.901464 35.988076, -78.901319 35.988302, -78.90133 35.98831, -78.901295 35.988367, -78.901389 35.988406))"
DUR-01_osm_way_613971295,DUR-01,Durham,way,613971295,The James Joyce Irish Pub,the james joyce irish pub,Polygon,36.00066795,-78.90989216892744,amenity,pub,,,city=Durham; housenumber=912; postcode=27701; state=NC; street=West Main Street,,,,"{""addr:city"": ""Durham"", ""addr:housenumber"": ""912"", ""addr:postcode"": ""27701"", ""addr:state"": ""NC"", ""addr:street"": ""West Main Street"", ""amenity"": ""pub"", ""building"": ""retail"", ""cuisine"": ""pub_food;american;irish"", ""name"": ""The James Joyce Irish Pub"", ""outdoor_seating"": ""yes"", ""smoking"": ""outside"", ""source:addr"": ""Durham Open Data""}",2026-10-10T14:14:29Z,OpenStreetMap Overpass API,False,"POLYGON ((-78.909862 36.000748, -78.909802 36.000715, -78.90989 36.00062, -78.909924 36.000583, -78.909984 36.000621, -78.909862 36.000748))"
DUR-01_osm_way_618332788,DUR-01,Durham,way,618332788,Durham Visitor Information Center,durham visitor information center,Polygon,35.9976168,-78.89807772070681,tourism,information,,,city=Durham; housenumber=101; postcode=27701; state=NC; street=East Morgan Street,,,http://durham-nc.com,"{""addr:city"": ""Durham"", ""addr:housenumber"": ""101"", ""addr:postcode"": ""27701"", ""addr:state"": ""NC"", ""addr:street"": ""East Morgan Street"", ""building"": ""yes"", ""information"": ""office"", ""name"": ""Durham Visitor Information Center"", ""phone"": ""+1-919-687-0288"", ""source"": ""www.durham-nc.com"", ""tourism"": ""information"", ""website"": ""http://durham-nc.com"", ""wheelchair"": ""yes""}",2026-10-10T14:14:29Z,OpenStreetMap Overpass API,False,"POLYGON ((-78.898103 35.997728, -78.898088 35.997747, -78.898058 35.997732, -78.898052 35.99774, -78.897884 35.997651, -78.898038 35.99746, -78.898206 35.997549, -78.89819 35.997569, -78.898219 35.997585, -78.898208 35.997598, -78.89828 35.997636, -78.898175 35.997766, -78.898103 35.997728))"
DUR-01_osm_way_65144881,DUR-01,Durham,way,65144881,Criterion,criterion,Point,35.9966603,-78.9040568,amenity,bar,,,city=Durham; country=US; housenumber=347; postcode=27701; state=NC; street=West Main Street,,,,"{""addr:city"": ""Durham"", ""addr:country"": ""US"", ""addr:housenumber"": ""347"", ""addr:postcode"": ""27701"", ""addr:state"": ""NC"", ""addr:street"": ""West Main Street"", ""amenity"": ""bar"", ""building"": ""yes"", ""name"": ""Criterion"", ""url:info"": ""http://www.opendurham.org/buildings/347-351-west-main-street""}",2026-10-10T14:14:29Z,OpenStreetMap Overpass API,False,POINT (-78.904057 35.99666)
DUR-01_osm_way_65178063,DUR-01,Durham,way,65178063,Miel Bon Bons I Fine Chocolate & Macarons l Extraordinary Desserts,miel bon bons i fine chocolate and macarons l extraordinary desserts,Point,36.000893,-78.9110496,shop,bakery,,,city=Durham; housenumber=1011; postcode=27701; state=NC; street=West Main Street,,,https://www.mielbonbons.com/,"{""addr:city"": ""Durham"", ""addr:housenumber"": ""1011"", ""addr:postcode"": ""27701"", ""addr:state"": ""NC"", ""addr:street"": ""West Main Street"", ""building"": ""yes"", ""name"": ""Miel Bon Bons I Fine Chocolate & Macarons l Extraordinary Desserts"", ""shop"": ""bakery"", ""source:addr"": ""Durham Open Data"", ""website"": ""https://www.mielbonbons.com/""}",2026-10-10T14:14:29Z,OpenStreetMap Overpass API,False,POINT (-78.91105 36.000893)
DUR-01_osm_way_67861976,DUR-01,Durham,way,67861976,Central Park,central park,Point,36.0010671,-78.9020677,leisure,park,,Durham Parks & Recreation,city=Durham; country=US; housenumber=502; postcode=27701; state=NC; street=Foster Street,,,,"{""addr:city"": ""Durham"", ""addr:country"": ""US"", ""addr:housenumber"": ""502"", ""addr:postcode"": ""27701"", ""addr:state"": ""NC"", ""addr:street"": ""Foster Street"", ""leisure"": ""park"", ""name"": ""Central Park"", ""operator"": ""Durham Parks & Recreation"", ""operator:short"": ""DPR"", ""operator:type"": ""public"", ""operator:wikidata"": ""Q110064011""}",2026-10-10T14:14:29Z,OpenStreetMap Overpass API,False,POINT (-78.902068 36.001067)
DUR-01_osm_way_67861979,DUR-01,Durham,way,67861979,Central Park,central park,Point,36.0005859,-78.9007278,leisure,park,,Durham Parks & Recreation,city=Durham; country=US; housenumber=502; postcode=27701; state=NC; street=Foster Street,,,,"{""addr:city"": ""Durham"", ""addr:country"": ""US"", ""addr:housenumber"": ""502"", ""addr:postcode"": ""27701"", ""addr:state"": ""NC"", ""addr:street"": ""Foster Street"", ""leisure"": ""park"", ""name"": ""Central Park"", ""operator"": ""Durham Parks & Recreation"", ""operator:short"": ""DPR"", ""operator:type"": ""public"", ""operator:wikidata"": ""Q110064011""}",2026-10-10T14:14:29Z,OpenStreetMap Overpass API,False,POINT (-78.900728 36.000586)
DUR-01_osm_way_761621436,DUR-01,Durham,way,761621436,Liberty Arts Foundry,liberty arts foundry,Polygon,36.00105015,-78.90123165372341,craft,yes,,Liberty Arts,,,,,"{""building"": ""industrial"", ""building:levels"": ""1"", ""check_date"": ""2024-05-26"", ""craft"": ""yes"", ""name"": ""Liberty Arts Foundry"", ""operator"": ""Liberty Arts""}",2026-10-10T14:14:29Z,OpenStreetMap Overpass API,False,"POLYGON ((-78.901343 36.001109, -78.901344 36.001087, -78.901337 36.001064, -78.901313 36.001036, -78.90128 36.001018, -78.901243 36.00101, -78.901216 36.00101, -78.901183 36.001017, -78.90115 36.001036, -78.901126 36.001064, -78.901118 36.001087, -78.901118 36.001109, -78.901343 36.001109))"
DUR-01_osm_way_78334473,DUR-01,Durham,way,78334473,Kings Sandwich Shop,kings sandwich shop,Point,36.0039372,-78.9015717,amenity,fast_food,,,city=Durham; country=US; housenumber=701; postcode=27701; state=NC; street=Foster Street,,,,"{""addr:city"": ""Durham"", ""addr:country"": ""US"", ""addr:housenumber"": ""701"", ""addr:postcode"": ""27701"", ""addr:state"": ""NC"", ""addr:street"": ""Foster Street"", ""air_conditioning"": ""no"", ""amenity"": ""fast_food"", ""building"": ""yes"", ""check_date"": ""2025-11-20"", ""cuisine"": ""burger"", ""diet:vegan"": ""yes"", ""diet:vegetarian"": ""yes"", ""drive_through"": ""no"", ""internet_access"": ""no"", ""name"": ""Kings Sandwich Shop"", ""opening_hours"": ""Th-Sa 11:00-16:00"", ""outdoor_seating"": ""yes"", ""payment:cash"": ""yes"", ""payment:credit_cards"": ""yes"", ""payment:debit_cards"": ""yes"", ""survey:date"": ""2014-03-08"", ""toilets"": ""no""}",2026-10-10T14:14:29Z,OpenStreetMap Overpass API,False,POINT (-78.901572 36.003937)
DUR-01_osm_way_78334492,DUR-01,Durham,way,78334492,Trinity Food Mart #4,trinity food mart 4,Point,36.0051703,-78.9017534,shop,convenience,,,city=Durham; housenumber=403; postcode=27701; state=NC; street=West Trinity Avenue,,,,"{""addr:city"": ""Durham"", ""addr:housenumber"": ""403"", ""addr:postcode"": ""27701"", ""addr:state"": ""NC"", ""addr:street"": ""West Trinity Avenue"", ""building"": ""yes"", ""check_date"": ""2025-11-25"", ""compressed_air"": ""yes"", ""fuel:diesel"": ""no"", ""fuel:kerosene"": ""no"", ""name"": ""Trinity Food Mart #4"", ""payment:cash"": ""yes"", ""payment:credit_cards"": ""yes"", ""payment:debit_cards"": ""yes"", ""phone"": ""+1-919-688-6758"", ""shop"": ""convenience"", ""source:addr"": ""Durham Open Data"", ""toilets"": ""no""}",2026-10-10T14:14:29Z,OpenStreetMap Overpass API,False,POINT (-78.901753 36.00517)
DUR-01_osm_way_78334498,DUR-01,Durham,way,78334498,Fire Drill Tower,fire drill tower,Point,36.0026182,-78.9035543,historic,yes,,,,,,,"{""building"": ""yes"", ""historic"": ""yes"", ""man_made"": ""tower"", ""name"": ""Fire Drill Tower"", ""tower:construction"": ""brick"", ""tower:type"": ""firefighter_training""}",2026-10-10T14:14:29Z,OpenStreetMap Overpass API,False,POINT (-78.903554 36.002618)
DUR-01_osm_way_79059885,DUR-01,Durham,way,79059885,Cocoa Cinnamon,cocoa cinnamon,Point,36.0039747,-78.9010863,amenity,cafe,,,city=Durham; country=US; housenumber=420; postcode=27701; state=NC; street=West Geer Street,,,https://www.cocoacinnamon.com/,"{""addr:city"": ""Durham"", ""addr:country"": ""US"", ""addr:housenumber"": ""420"", ""addr:postcode"": ""27701"", ""addr:state"": ""NC"", ""addr:street"": ""West Geer Street"", ""amenity"": ""cafe"", ""building"": ""yes"", ""check_date"": ""2025-11-25"", ""internet_access"": ""wlan"", ""internet_access:fee"": ""customers"", ""name"": ""Cocoa Cinnamon"", ""outdoor_seating"": ""yes"", ""payment:cash"": ""yes"", ""payment:credit_cards"": ""yes"", ""payment:debit_cards"": ""yes"", ""source:addr"": ""Durham Open Data"", ""survey:date"": ""2014-03-08"", ""website"": ""https://www.cocoacinnamon.com/""}",2026-10-10T14:14:29Z,OpenStreetMap Overpass API,False,POINT (-78.901086 36.003975)
DUR-01_osm_way_79059889,DUR-01,Durham,way,79059889,The PickleBack 2,the pickleback 2,Point,36.0023913,-78.9002134,amenity,bar,,,housenumber=711; street=Rigsbee Avenue,,,https://www.thebardurham.com/,"{""addr:housenumber"": ""711"", ""addr:street"": ""Rigsbee Avenue"", ""amenity"": ""bar"", ""building"": ""yes"", ""name"": ""The PickleBack 2"", ""website"": ""https://www.thebardurham.com/""}",2026-10-10T14:14:29Z,OpenStreetMap Overpass API,False,POINT (-78.900213 36.002391)
DUR-01_osm_way_79059890,DUR-01,Durham,way,79059890,Courage Fitness,courage fitness,Point,36.0040131,-78.9005279,leisure,fitness_centre,,,city=Durham; housenumber=408; postcode=27701; state=NC; street=West Geer Street,,,,"{""addr:city"": ""Durham"", ""addr:housenumber"": ""408"", ""addr:postcode"": ""27701"", ""addr:state"": ""NC"", ""addr:street"": ""West Geer Street"", ""building"": ""yes"", ""leisure"": ""fitness_centre"", ""name"": ""Courage Fitness"", ""source:addr"": ""Durham Open Data""}",2026-10-10T14:14:29Z,OpenStreetMap Overpass API,False,POINT (-78.900528 36.004013)
DUR-01_osm_way_79059900,DUR-01,Durham,way,79059900,Geer Street Garden,geer street garden,Point,36.0035443,-78.9011227,amenity,pub,,,city=Durham; country=US; housenumber=644; postcode=27701; state=NC; street=Foster Street,,,https://geerstreetgarden.com/,"{""addr:city"": ""Durham"", ""addr:country"": ""US"", ""addr:housenumber"": ""644"", ""addr:postcode"": ""27701"", ""addr:state"": ""NC"", ""addr:street"": ""Foster Street"", ""amenity"": ""pub"", ""building"": ""yes"", ""check_date"": ""2025-11-25"", ""name"": ""Geer Street Garden"", ""outdoor_seating"": ""yes"", ""payment:cash"": ""yes"", ""payment:credit_cards"": ""yes"", ""payment:debit_cards"": ""yes"", ""survey:date"": ""2014-03-08"", ""website"": ""https://geerstreetgarden.com/""}",2026-10-10T14:14:29Z,OpenStreetMap Overpass API,False,POINT (-78.901123 36.003544)
DUR-01_osm_way_79059905,DUR-01,Durham,way,79059905,Hutchins Garage,hutchins garage,Point,36.0040846,-78.8999075,amenity,restaurant,,,,,,,"{""amenity"": ""restaurant"", ""building"": ""yes"", ""cuisine"": ""pizza"", ""name"": ""Hutchins Garage""}",2026-10-10T14:14:29Z,OpenStreetMap Overpass API,False,POINT (-78.899908 36.004085)
DUR-01_osm_way_79059910,DUR-01,Durham,way,79059910,Ellen Cassily Architect,ellen cassily architect,Point,36.0022785,-78.9009972,office,architect,,,city=Durham; country=US; housenumber=600; postcode=27701; state=NC; street=Foster Street,,,https://www.ellencassillyarchitect.com/,"{""addr:city"": ""Durham"", ""addr:country"": ""US"", ""addr:housenumber"": ""600"", ""addr:postcode"": ""27701"", ""addr:state"": ""NC"", ""addr:street"": ""Foster Street"", ""building"": ""retail"", ""name"": ""Ellen Cassily Architect"", ""office"": ""architect"", ""website"": ""https://www.ellencassillyarchitect.com/""}",2026-10-10T14:14:29Z,OpenStreetMap Overpass API,False,POINT (-78.900997 36.002278)
DUR-01_osm_way_79086571,DUR-01,Durham,way,79086571,The Pit Durham Event Venue,the pit durham event venue,Point,36.0035585,-78.899651,amenity,events_venue,,,city=Durham; housenumber=748; postcode=27701; state=NC; street=Rigsbee Avenue,,,https://www.thepit-durham.com/,"{""addr:city"": ""Durham"", ""addr:housenumber"": ""748"", ""addr:postcode"": ""27701"", ""addr:state"": ""NC"", ""addr:street"": ""Rigsbee Avenue"", ""amenity"": ""events_venue"", ""building"": ""yes"", ""name"": ""The Pit Durham Event Venue"", ""source:addr"": ""Durham Open Data"", ""website"": ""https://www.thepit-durham.com/""}",2026-10-10T14:14:29Z,OpenStreetMap Overpass API,False,POINT (-78.899651 36.003558)
DUR-01_osm_way_79086574,DUR-01,Durham,way,79086574,Surf Club,surf club,Point,36.0021704,-78.9002215,amenity,bar,,,city=Durham; housenumber=703; postcode=27701; state=NC; street=Rigsbee Avenue,,,,"{""addr:city"": ""Durham"", ""addr:housenumber"": ""703"", ""addr:postcode"": ""27701"", ""addr:state"": ""NC"", ""addr:street"": ""Rigsbee Avenue"", ""amenity"": ""bar"", ""building"": ""retail"", ""name"": ""Surf Club"", ""source:addr"": ""Durham Open Data""}",2026-10-10T14:14:29Z,OpenStreetMap Overpass API,False,POINT (-78.900222 36.00217)
DUR-01_osm_way_79086576,DUR-01,Durham,way,79086576,LGBTQ Center of Durham,lgbtq center of durham,Point,36.0002085,-78.8978349,amenity,community_centre,,,city=Durham; housenumber=114; postcode=27701; state=NC; street=Hunt Street,,,https://www.lgbtqcenterofdurham.org/,"{""addr:city"": ""Durham"", ""addr:housenumber"": ""114"", ""addr:postcode"": ""27701"", ""addr:state"": ""NC"", ""addr:street"": ""Hunt Street"", ""amenity"": ""community_centre"", ""building"": ""detached"", ""community_centre:for"": ""lgbtq"", ""email"": ""info@lgbtqcenterofdurham.org"", ""lgbtq"": ""primary"", ""name"": ""LGBTQ Center of Durham"", ""opening_hours"": ""Mo-Fr 14:00-20:00; Sa-Su 12:00-18:00"", ""phone"": ""+1 919 827 1436"", ""source:addr"": ""Durham Open Data"", ""website"": ""https://www.lgbtqcenterofdurham.org/"", ""wheelchair"": ""limited""}",2026-10-10T14:14:29Z,OpenStreetMap Overpass API,False,POINT (-78.897835 36.000208)
DUR-01_osm_way_79086590,DUR-01,Durham,way,79086590,Hughes Plumbing,hughes plumbing,Point,36.0011189,-78.8995465,shop,hardware,,,city=Durham; housenumber=604; postcode=27701; state=NC; street=Rigsbee Avenue,,,,"{""addr:city"": ""Durham"", ""addr:housenumber"": ""604"", ""addr:postcode"": ""27701"", ""addr:state"": ""NC"", ""addr:street"": ""Rigsbee Avenue"", ""building"": ""retail"", ""name"": ""Hughes Plumbing"", ""shop"": ""hardware"", ""source:addr"": ""Durham Open Data""}",2026-10-10T14:14:29Z,OpenStreetMap Overpass API,False,POINT (-78.899546 36.001119)
DUR-01_osm_way_79086602,DUR-01,Durham,way,79086602,Sauna House,sauna house,Point,36.0040188,-78.8994812,leisure,sauna,,,city=Durham; housenumber=326; postcode=27701; state=NC; street=West Geer Street,,,,"{""addr:city"": ""Durham"", ""addr:housenumber"": ""326"", ""addr:postcode"": ""27701"", ""addr:state"": ""NC"", ""addr:street"": ""West Geer Street"", ""leisure"": ""sauna"", ""name"": ""Sauna House"", ""source:addr"": ""Durham Open Data""}",2026-10-10T14:14:29Z,OpenStreetMap Overpass API,False,POINT (-78.899481 36.004019)
DUR-01_osm_way_79087118,DUR-01,Durham,way,79087118,Central Park School for Children,central park school for children,Polygon,36.004532499999996,-78.90096371947891,amenity,school,,,city=Durham; housenumber=724; postcode=27701; state=NC; street=Foster Street,,,http://www.cpscnc.org/,"{""addr:city"": ""Durham"", ""addr:housenumber"": ""724"", ""addr:postcode"": ""27701"", ""addr:state"": ""NC"", ""addr:street"": ""Foster Street"", ""amenity"": ""school"", ""name"": ""Central Park School for Children"", ""source:addr"": ""Durham Open Data"", ""website"": ""http://www.cpscnc.org/""}",2026-10-10T14:14:29Z,OpenStreetMap Overpass API,False,"POLYGON ((-78.901285 36.004922, -78.900635 36.004922, -78.900649 36.004143, -78.901286 36.004132, -78.901285 36.004922))"
DUR-01_osm_way_80747499,DUR-01,Durham,way,80747499,Mangum Street Mini Mart,mangum street mini mart,Polygon,36.0013589,-78.8955219042154,shop,convenience,,,city=Durham; housenumber=801; postcode=27701; state=NC; street=North Mangum Street,,,,"{""addr:city"": ""Durham"", ""addr:housenumber"": ""801"", ""addr:postcode"": ""27701"", ""addr:state"": ""NC"", ""addr:street"": ""North Mangum Street"", ""building"": ""yes"", ""name"": ""Mangum Street Mini Mart"", ""shop"": ""convenience"", ""source:addr"": ""Durham Open Data""}",2026-10-10T14:14:29Z,OpenStreetMap Overpass API,False,"POLYGON ((-78.895623 36.001441, -78.895423 36.001398, -78.895442 36.001338, -78.895475 36.001283, -78.895644 36.001379, -78.895623 36.001441))"
DUR-01_osm_way_821937893,DUR-01,Durham,way,821937893,Pelican's SnoBalls,pelican s snoballs,Polygon,35.9869655,-78.89836661942675,amenity,restaurant,,,city=Durham; country=US; housenumber=606; postcode=27701; state=NC; street=Fayetteville Street,,,https://pelicanssnoballs.com/locations/nc/durham/49/,"{""addr:city"": ""Durham"", ""addr:country"": ""US"", ""addr:housenumber"": ""606"", ""addr:postcode"": ""27701"", ""addr:state"": ""NC"", ""addr:street"": ""Fayetteville Street"", ""amenity"": ""restaurant"", ""building"": ""yes"", ""contact:phone"": ""+1-984-244-0174"", ""cuisine"": ""shaved_ice"", ""name"": ""Pelican's SnoBalls"", ""opening_hours"": ""Jun-Sep Mo-Su 11:00-22:00"", ""opening_hours:note"": ""The months are NOT ACCURATE! All information available about the months was \""Summer\""."", ""source"": ""microsoft/BuildingFootprints"", ""website"": ""https://pelicanssnoballs.com/locations/nc/durham/49/""}",2026-10-10T14:14:29Z,OpenStreetMap Overpass API,False,"POLYGON ((-78.898265 35.987013, -78.898355 35.98706, -78.89848 35.986903, -78.898354 35.986837, -78.898305 35.986899, -78.898341 35.986918, -78.898265 35.987013))"
DUR-01_osm_way_858704426,DUR-01,Durham,way,858704426,Prairie Island / Carolina Xeriscape,prairie island carolina xeriscape,Polygon,35.98950295,-78.90679860691057,leisure,nature_reserve,,Extra Terrestrial Projects,,,,https://carolinaxeriscape.org/about,"{""leisure"": ""nature_reserve"", ""name"": ""Prairie Island / Carolina Xeriscape"", ""operator"": ""Extra Terrestrial Projects"", ""website"": ""https://carolinaxeriscape.org/about""}",2026-10-10T14:14:29Z,OpenStreetMap Overpass API,False,"POLYGON ((-78.906874 35.989247, -78.906803 35.989264, -78.906628 35.989768, -78.90688 35.989742, -78.906874 35.989247))"
DUR-01_osm_way_858704427,DUR-01,Durham,way,858704427,Victory Garden,victory garden,Polygon,35.9911163,-78.90454721998796,leisure,garden,,Durham Bulls,,,,,"{""garden:type"": ""vegetable_garden"", ""leisure"": ""garden"", ""name"": ""Victory Garden"", ""operator"": ""Durham Bulls""}",2026-10-10T14:14:29Z,OpenStreetMap Overpass API,False,"POLYGON ((-78.90466 35.991167, -78.904672 35.991142, -78.904436 35.991067, -78.904425 35.991091, -78.90466 35.991167))"
DUR-01_osm_way_99027985,DUR-01,Durham,way,99027985,Durham Performing Arts Center,durham performing arts center,Polygon,35.993267599999996,-78.90223271784303,amenity,theatre,,,city=Durham; housenumber=123; postcode=27701; state=NC; street=Vivian Street,Q5316543,,,"{""addr:city"": ""Durham"", ""addr:housenumber"": ""123"", ""addr:postcode"": ""27701"", ""addr:state"": ""NC"", ""addr:street"": ""Vivian Street"", ""amenity"": ""theatre"", ""building"": ""yes"", ""building:levels"": ""4"", ""check_date"": ""2026-10-09"", ""name"": ""Durham Performing Arts Center"", ""source:addr"": ""Durham Open Data"", ""wheelchair"": ""yes"", ""wheelchair:description"": ""when buying tickets online & requested disabled wheelchair access, DPAC contacted me to make sure I was being accommodated correctly. they removed orchestra seat & had no problem with wheelchair."", ""wikidata"": ""Q5316543""}",2026-10-10T14:14:29Z,OpenStreetMap Overpass API,False,"POLYGON ((-78.902744 35.993066, -78.902679 35.993212, -78.90261 35.993188, -78.902591 35.993225, -78.902529 35.993205, -78.902449 35.993396, -78.902522 35.993419, -78.902481 35.993518, -78.902453 35.993579, -78.902392 35.993715, -78.902054 35.993528, -78.901851 35.99347, -78.901944 35.99331, -78.902048 35.993074, -78.902088 35.992943, -78.902037 35.992932, -78.902054 35.992878, -78.902744 35.993066))"
DUR-01_osm_way_99028585,DUR-01,Durham,way,99028585,Durham Station Transportation Center,durham station transportation center,Polygon,35.996648050000005,-78.9068810049177,amenity,bus_station,,,housename=Durham Station Transportation Center; housenumber=515; postcode=27701; street=W. Pettigrew St.,,,,"{""addr:housename"": ""Durham Station Transportation Center"", ""addr:housenumber"": ""515"", ""addr:postcode"": ""27701"", ""addr:street"": ""W. Pettigrew St."", ""amenity"": ""bus_station"", ""building"": ""station"", ""bus"": ""yes"", ""name"": ""Durham Station Transportation Center"", ""public_transport"": ""station"", ""wheelchair"": ""yes""}",2026-10-10T14:14:29Z,OpenStreetMap Overpass API,False,"POLYGON ((-78.907021 35.996785, -78.907109 35.996671, -78.907111 35.996549, -78.906742 35.996546, -78.906722 35.996573, -78.906692 35.99658, -78.90668 35.9966, -78.906664 35.996629, -78.906641 35.996667, -78.906816 35.99675, -78.906855 35.996765, -78.906896 35.996777, -78.906947 35.996785, -78.906975 35.996787, -78.907021 35.996785))"
DUR-02_osm_node_10049645128,DUR-02,Durham,node,10049645128,Panera Bread,panera bread,Point,36.0006478,-78.9395462,amenity,fast_food,Panera Bread,,city=Durham; housenumber=416; postcode=27708; state=NC; street=Chapel Drive West,,,https://locations.panerabread.com/nc/durham/416-chapel-drive.html,"{""addr:city"": ""Durham"", ""addr:housenumber"": ""416"", ""addr:postcode"": ""27708"", ""addr:state"": ""NC"", ""addr:street"": ""Chapel Drive West"", ""amenity"": ""fast_food"", ""brand"": ""Panera Bread"", ""brand:wikidata"": ""Q7130852"", ""cuisine"": ""sandwich;bakery"", ""name"": ""Panera Bread"", ""opening_hours"": ""07:00-21:00"", ""phone"": ""+1 919-213-6623"", ""short_name"": ""Panera"", ""takeaway"": ""yes"", ""website"": ""https://locations.panerabread.com/nc/durham/416-chapel-drive.html""}",2026-10-10T14:14:29Z,OpenStreetMap Overpass API,False,POINT (-78.939546 36.000648)
DUR-02_osm_node_12983032933,DUR-02,Durham,node,12983032933,Saladelia Cafe,saladelia cafe,Point,36.0023473,-78.9385897,amenity,cafe,,,city=Durham; housenumber=411; postcode=27705; state=NC; street=Chapel Drive,,,https://www.saladelia.com/location/saladelia-vondy/,"{""addr:city"": ""Durham"", ""addr:housenumber"": ""411"", ""addr:postcode"": ""27705"", ""addr:state"": ""NC"", ""addr:street"": ""Chapel Drive"", ""amenity"": ""cafe"", ""internet_access"": ""wlan"", ""name"": ""Saladelia Cafe"", ""opening_hours"": ""Mo-Th 08:00-22:00; Fr 08:00-17:00; Sa 12:00-17:00; Su 12:00-22:00"", ""phone"": ""+1-919-684-2049"", ""website"": ""https://www.saladelia.com/location/saladelia-vondy/""}",2026-10-10T14:14:29Z,OpenStreetMap Overpass API,False,POINT (-78.93859 36.002347)
DUR-02_osm_node_12983037646,DUR-02,Durham,node,12983037646,Saladelia Cafe,saladelia cafe,Point,35.9994123,-78.9439272,amenity,cafe,,,city=Durham; housenumber=201; postcode=27705; state=NC; street=Science Drive,,,https://www.saladelia.com/location/saladelia-sanford/,"{""addr:city"": ""Durham"", ""addr:housenumber"": ""201"", ""addr:postcode"": ""27705"", ""addr:state"": ""NC"", ""addr:street"": ""Science Drive"", ""amenity"": ""cafe"", ""diet:gluten_free"": ""yes"", ""diet:vegan"": ""yes"", ""diet:vegetarian"": ""yes"", ""internet_access"": ""wlan"", ""name"": ""Saladelia Cafe"", ""opening_hours"": ""Mo-Fr 08:00-15:00"", ""outdoor_seating"": ""yes"", ""phone"": ""+1-919-613-7404"", ""website"": ""https://www.saladelia.com/location/saladelia-sanford/""}",2026-10-10T14:14:29Z,OpenStreetMap Overpass API,False,POINT (-78.943927 35.999412)
DUR-02_osm_node_13339410049,DUR-02,Durham,node,13339410049,Memorial Gym,memorial gym,Point,36.007492,-78.9169166,leisure,sports_hall,,,,,,,"{""building:part"": ""sports_hall"", ""leisure"": ""sports_hall"", ""name"": ""Memorial Gym"", ""official_name"": ""Alumni Memorial Gymnasium"", ""sport"": ""multi""}",2026-10-10T14:14:29Z,OpenStreetMap Overpass API,False,POINT (-78.916917 36.007492)
DUR-02_osm_node_1424781767,DUR-02,Durham,node,1424781767,Pitchfork Provisions,pitchfork provisions,Point,35.9991461,-78.9368496,amenity,restaurant,,,,,,,"{""amenity"": ""restaurant"", ""name"": ""Pitchfork Provisions""}",2026-10-10T14:14:29Z,OpenStreetMap Overpass API,False,POINT (-78.93685 35.999146)
DUR-02_osm_node_319195120,DUR-02,Durham,node,319195120,Medical Center Library,medical center library,Point,36.0057757,-78.9377841,amenity,library,,,,,,,"{""amenity"": ""library"", ""name"": ""Medical Center Library"", ""operator:type"": ""university"", ""ref"": ""OCLC-NDK""}",2026-10-10T14:14:29Z,OpenStreetMap Overpass API,False,POINT (-78.937784 36.005776)
DUR-02_osm_node_357810838,DUR-02,Durham,node,357810838,Duke Divinity School,duke divinity school,Point,36.0018774,-78.9393258,amenity,school,,,,,,,"{""amenity"": ""school"", ""ele"": ""120"", ""gnis:feature_id"": ""1026037"", ""name"": ""Duke Divinity School""}",2026-10-10T14:14:29Z,OpenStreetMap Overpass API,False,POINT (-78.939326 36.001877)
DUR-02_osm_node_357813474,DUR-02,Durham,node,357813474,Durham Friends Meetinghouse,durham friends meetinghouse,Point,36.0026727,-78.9267388,amenity,place_of_worship,,,,,,,"{""amenity"": ""place_of_worship"", ""ele"": ""121"", ""gnis:feature_id"": ""2454344"", ""name"": ""Durham Friends Meetinghouse""}",2026-10-10T14:14:29Z,OpenStreetMap Overpass API,False,POINT (-78.926739 36.002673)
DUR-02_osm_node_367908456,DUR-02,Durham,node,367908456,Bell Medical Research Building,bell medical research building,Point,36.0059362,-78.9365758,amenity,doctors,,,city=Durham; housenumber=215; postcode=27705; state=NC; street=Trent Drive,,,,"{""addr:city"": ""Durham"", ""addr:housenumber"": ""215"", ""addr:postcode"": ""27705"", ""addr:state"": ""NC"", ""addr:street"": ""Trent Drive"", ""amenity"": ""doctors"", ""ele"": ""116"", ""gnis:feature_id"": ""1007599"", ""name"": ""Bell Medical Research Building"", ""source"": ""USGS Geonames"", ""source:addr"": ""Durham Open Data""}",2026-10-10T14:14:29Z,OpenStreetMap Overpass API,False,POINT (-78.936576 36.005936)
DUR-02_osm_node_367910963,DUR-02,Durham,node,367910963,Page Auditorium,page auditorium,Point,36.0009765,-78.9400087,amenity,theatre,,,state=NC,,,,"{""addr:state"": ""NC"", ""amenity"": ""theatre"", ""ele"": ""117"", ""gnis:feature_id"": ""1007595"", ""name"": ""Page Auditorium"", ""source"": ""USGS Geonames""}",2026-10-10T14:14:29Z,OpenStreetMap Overpass API,False,POINT (-78.940009 36.000976)
DUR-02_osm_node_4376977801,DUR-02,Durham,node,4376977801,JB Duke Hotel,jb duke hotel,Point,35.9976328,-78.9466296,tourism,hotel,,,,,,,"{""name"": ""JB Duke Hotel"", ""tourism"": ""hotel""}",2026-10-10T14:14:29Z,OpenStreetMap Overpass API,False,POINT (-78.94663 35.997633)
DUR-02_osm_node_4376977802,DUR-02,Durham,node,4376977802,R. David Thomas Executive Conference Center,r david thomas executive conference center,Point,36.0032833,-78.9423809,tourism,hotel,,,,,,,"{""name"": ""R. David Thomas Executive Conference Center"", ""tourism"": ""hotel""}",2026-10-10T14:14:29Z,OpenStreetMap Overpass API,False,POINT (-78.942381 36.003283)
DUR-02_osm_node_4870054736,DUR-02,Durham,node,4870054736,R.J. Reynolds Industries Theater,r j reynolds industries theater,Point,36.0013822,-78.9415819,amenity,theatre,,Duke University,city=Durham; housenumber=125; postcode=27708; state=NC; street=Science Drive,,,,"{""addr:city"": ""Durham"", ""addr:housenumber"": ""125"", ""addr:postcode"": ""27708"", ""addr:state"": ""NC"", ""addr:street"": ""Science Drive"", ""amenity"": ""theatre"", ""name"": ""R.J. Reynolds Industries Theater"", ""operator"": ""Duke University""}",2026-10-10T14:14:29Z,OpenStreetMap Overpass API,False,POINT (-78.941582 36.001382)
DUR-02_osm_node_4870054737,DUR-02,Durham,node,4870054737,Sheafer Laboratory Theater,sheafer laboratory theater,Point,36.0010538,-78.9416044,amenity,theatre,,Duke University,city=Durham; housenumber=125; postcode=27708; state=NC; street=Science Drive,,,,"{""addr:city"": ""Durham"", ""addr:housenumber"": ""125"", ""addr:postcode"": ""27708"", ""addr:state"": ""NC"", ""addr:street"": ""Science Drive"", ""amenity"": ""theatre"", ""name"": ""Sheafer Laboratory Theater"", ""operator"": ""Duke University""}",2026-10-10T14:14:29Z,OpenStreetMap Overpass API,False,POINT (-78.941604 36.001054)
DUR-02_osm_node_4870054738,DUR-02,Durham,node,4870054738,Griffith Film Theater,griffith film theater,Point,36.0011241,-78.9413499,amenity,cinema,,,city=Durham; housenumber=125; postcode=27708; state=NC; street=Science Drive,,,,"{""addr:city"": ""Durham"", ""addr:housenumber"": ""125"", ""addr:postcode"": ""27708"", ""addr:state"": ""NC"", ""addr:street"": ""Science Drive"", ""amenity"": ""cinema"", ""name"": ""Griffith Film Theater""}",2026-10-10T14:14:29Z,OpenStreetMap Overpass API,False,POINT (-78.94135 36.001124)
DUR-02_osm_node_4870054740,DUR-02,Durham,node,4870054740,James B. Duke,james b duke,Point,36.0013138,-78.9390111,tourism,artwork,,,,,,,"{""artwork_type"": ""statue"", ""name"": ""James B. Duke"", ""tourism"": ""artwork""}",2026-10-10T14:14:29Z,OpenStreetMap Overpass API,False,POINT (-78.939011 36.001314)
DUR-02_osm_node_4870085351,DUR-02,Durham,node,4870085351,B.N. Duke,b n duke,Point,36.0084392,-78.9146492,tourism,artwork,,,,,,,"{""artwork_type"": ""statue"", ""name"": ""B.N. Duke"", ""tourism"": ""artwork""}",2026-10-10T14:14:29Z,OpenStreetMap Overpass API,False,POINT (-78.914649 36.008439)
DUR-02_osm_node_553748730,DUR-02,Durham,node,553748730,Beyu Blue,beyu blue,Point,36.0008659,-78.940604,amenity,cafe,,,,,,,"{""amenity"": ""cafe"", ""name"": ""Beyu Blue""}",2026-10-10T14:14:29Z,OpenStreetMap Overpass API,False,POINT (-78.940604 36.000866)
DUR-02_osm_node_5651995412,DUR-02,Durham,node,5651995412,Panda Express,panda express,Point,36.0010509,-78.9406246,amenity,fast_food,Panda Express,,,,,,"{""amenity"": ""fast_food"", ""brand"": ""Panda Express"", ""brand:wikidata"": ""Q1358690"", ""cuisine"": ""chinese"", ""delivery"": ""yes"", ""fixme:atp"": ""no ATP match, check if still exists"", ""name"": ""Panda Express"", ""opening_hours"": ""Mo-Su 11:00-22:00"", ""takeaway"": ""yes""}",2026-10-10T14:14:29Z,OpenStreetMap Overpass API,False,POINT (-78.940625 36.001051)
DUR-02_osm_node_5651995413,DUR-02,Durham,node,5651995413,Il Forno,il forno,Point,36.0006766,-78.9394659,amenity,fast_food,,,,,,http://ilfornokitchen.com/,"{""amenity"": ""fast_food"", ""check_date:opening_hours"": ""2023-02-19"", ""cuisine"": ""italian;pizza"", ""diet:vegetarian"": ""yes"", ""name"": ""Il Forno"", ""opening_hours"": ""Mo-Su 11:00-20:00"", ""website"": ""http://ilfornokitchen.com/""}",2026-10-10T14:14:29Z,OpenStreetMap Overpass API,False,POINT (-78.939466 36.000677)
DUR-02_osm_node_5651995414,DUR-02,Durham,node,5651995414,Au Bon Pain,au bon pain,Point,36.0006305,-78.9395041,amenity,fast_food,Au Bon Pain,,,,,https://www.aubonpain.com/stores/duke-university-bryan-university-center-1st-fl-upper-level,"{""amenity"": ""fast_food"", ""brand"": ""Au Bon Pain"", ""brand:wikidata"": ""Q4818942"", ""cuisine"": ""sandwich"", ""name"": ""Au Bon Pain"", ""opening_hours"": ""Mo-Su 07:00-20:00"", ""takeaway"": ""yes"", ""website"": ""https://www.aubonpain.com/stores/duke-university-bryan-university-center-1st-fl-upper-level""}",2026-10-10T14:14:29Z,OpenStreetMap Overpass API,False,POINT (-78.939504 36.00063)
DUR-02_osm_node_5651995415,DUR-02,Durham,node,5651995415,Tandoor,tandoor,Point,36.000797,-78.939482,amenity,fast_food,,,,,,,"{""amenity"": ""fast_food"", ""check_date:opening_hours"": ""2023-02-19"", ""cuisine"": ""indian"", ""diet:vegetarian"": ""yes"", ""name"": ""Tandoor"", ""opening_hours"": ""Mo-Su 11:00-20:00"", ""takeaway"": ""yes""}",2026-10-10T14:14:29Z,OpenStreetMap Overpass API,False,POINT (-78.939482 36.000797)
DUR-02_osm_node_5651995416,DUR-02,Durham,node,5651995416,The Loop Pizza Grill,the loop pizza grill,Point,36.0008676,-78.9407474,amenity,fast_food,,,,,,https://www.looppizzagrill.com/locations/durhamduke-university.aspx,"{""amenity"": ""fast_food"", ""cuisine"": ""burger;pizza;salad;sandwich"", ""diet:gluten_free"": ""yes"", ""diet:vegan"": ""yes"", ""diet:vegetarian"": ""yes"", ""name"": ""The Loop Pizza Grill"", ""opening_hours"": ""Su-Th 11:00-24:00, Fr-Sa 11:00-02:00"", ""takeaway"": ""yes"", ""website"": ""https://www.looppizzagrill.com/locations/durhamduke-university.aspx""}",2026-10-10T14:14:29Z,OpenStreetMap Overpass API,False,POINT (-78.940747 36.000868)
DUR-02_osm_node_5791152077,DUR-02,Durham,node,5791152077,Brody Theater,brody theater,Point,36.0094145,-78.9164733,amenity,theatre,,Duke University,city=Durham; housenumber=5; postcode=27708; state=NC; street=Brodie Gym Drive,,,,"{""addr:city"": ""Durham"", ""addr:housenumber"": ""5"", ""addr:postcode"": ""27708"", ""addr:state"": ""NC"", ""addr:street"": ""Brodie Gym Drive"", ""amenity"": ""theatre"", ""name"": ""Brody Theater"", ""operator"": ""Duke University""}",2026-10-10T14:14:29Z,OpenStreetMap Overpass API,False,POINT (-78.916473 36.009414)
DUR-02_osm_node_5808304716,DUR-02,Durham,node,5808304716,Duke Department of Health,duke department of health,Point,36.0069919,-78.9335541,healthcare,yes,,,,,,,"{""fixme"": ""This might not exist, because it comes from an OSM note."", ""healthcare"": ""yes"", ""name"": ""Duke Department of Health""}",2026-10-10T14:14:29Z,OpenStreetMap Overpass API,False,POINT (-78.933554 36.006992)
DUR-02_osm_node_6548008132,DUR-02,Durham,node,6548008132,Duke Campus Bookstore,duke campus bookstore,Point,36.0007716,-78.9405805,shop,yes,,,,,,,"{""name"": ""Duke Campus Bookstore"", ""shop"": ""yes""}",2026-10-10T14:14:29Z,OpenStreetMap Overpass API,False,POINT (-78.94058 36.000772)
DUR-02_osm_node_6548008133,DUR-02,Durham,node,6548008133,McDonald's,mcdonald s,Point,36.0009684,-78.9407836,amenity,fast_food,McDonald's,,city=Durham; housenumber=106; postcode=27708; state=NC; street=Bryan Center,,,https://www.mcdonalds.com/us/en-us/location/24758.html,"{""addr:city"": ""Durham"", ""addr:housenumber"": ""106"", ""addr:postcode"": ""27708"", ""addr:state"": ""NC"", ""addr:street"": ""Bryan Center"", ""amenity"": ""fast_food"", ""brand"": ""McDonald's"", ""brand:wikidata"": ""Q38076"", ""cuisine"": ""burger"", ""internet_access"": ""wlan"", ""name"": ""McDonald's"", ""opening_hours"": ""24/7"", ""phone"": ""+1 919-668-2404"", ""takeaway"": ""yes"", ""website"": ""https://www.mcdonalds.com/us/en-us/location/24758.html""}",2026-10-10T14:14:29Z,OpenStreetMap Overpass API,False,POINT (-78.940784 36.000968)
DUR-02_osm_node_6548008134,DUR-02,Durham,node,6548008134,Duke Student Mailbox Center,duke student mailbox center,Point,36.0009178,-78.940922,amenity,post_office,,,,,,,"{""amenity"": ""post_office"", ""name"": ""Duke Student Mailbox Center""}",2026-10-10T14:14:29Z,OpenStreetMap Overpass API,False,POINT (-78.940922 36.000918)
DUR-02_osm_node_6548035047,DUR-02,Durham,node,6548035047,Sazón,saz n,Point,36.0006862,-78.9393818,amenity,fast_food,,,,,,,"{""amenity"": ""fast_food"", ""cuisine"": ""latin_american"", ""drive_through"": ""no"", ""name"": ""Sazón"", ""opening_hours"": ""PH,Mo-Su 11:00-20:00""}",2026-10-10T14:14:29Z,OpenStreetMap Overpass API,False,POINT (-78.939382 36.000686)
DUR-02_osm_node_6548035048,DUR-02,Durham,node,6548035048,The Skillet,the skillet,Point,36.0007248,-78.9395489,amenity,fast_food,,,,,,,"{""amenity"": ""fast_food"", ""cuisine"": ""breakfast"", ""name"": ""The Skillet""}",2026-10-10T14:14:29Z,OpenStreetMap Overpass API,False,POINT (-78.939549 36.000725)
DUR-02_osm_node_6548035049,DUR-02,Durham,node,6548035049,Farmstead,farmstead,Point,36.0007913,-78.9393765,amenity,fast_food,,,,,,,"{""amenity"": ""fast_food"", ""name"": ""Farmstead""}",2026-10-10T14:14:29Z,OpenStreetMap Overpass API,False,POINT (-78.939376 36.000791)
DUR-02_osm_node_6548035050,DUR-02,Durham,node,6548035050,Ginger and Soy,ginger and soy,Point,36.0008686,-78.9393977,amenity,fast_food,,,,,,,"{""amenity"": ""fast_food"", ""name"": ""Ginger and Soy"", ""opening_hours"": ""PH,Mo-Su 11:00-20:00""}",2026-10-10T14:14:29Z,OpenStreetMap Overpass API,False,POINT (-78.939398 36.000869)
DUR-02_osm_node_6548035051,DUR-02,Durham,node,6548035051,JB's Roast,jb s roast,Point,36.0008621,-78.9395224,amenity,fast_food,,,,,,,"{""amenity"": ""fast_food"", ""name"": ""JB's Roast""}",2026-10-10T14:14:29Z,OpenStreetMap Overpass API,False,POINT (-78.939522 36.000862)
DUR-02_osm_node_6548035052,DUR-02,Durham,node,6548035052,Devil's Krafthouse,devil s krafthouse,Point,36.0008042,-78.9395755,amenity,fast_food,,,,,,,"{""amenity"": ""fast_food"", ""name"": ""Devil's Krafthouse""}",2026-10-10T14:14:29Z,OpenStreetMap Overpass API,False,POINT (-78.939576 36.000804)
DUR-02_osm_relation_4079729,DUR-02,Durham,relation,4079729,Duke Medicine Pavillion,duke medicine pavillion,Polygon,36.00599475,-78.93699671357058,healthcare,clinic,,Duke University Health System,city=Durham; housenumber=10; postcode=27710; street=Duke Medicine Circle,,,https://www.dukehealth.org/locations/duke-medicine-pavilion,"{""addr:city"": ""Durham"", ""addr:housenumber"": ""10"", ""addr:postcode"": ""27710"", ""addr:street"": ""Duke Medicine Circle"", ""amenity"": ""clinic"", ""building"": ""yes"", ""emergency"": ""no"", ""healthcare"": ""clinic"", ""name"": ""Duke Medicine Pavillion"", ""operator"": ""Duke University Health System"", ""operator:wikidata"": ""Q5312891"", ""phone"": ""+1 888 275 3853"", ""type"": ""multipolygon"", ""website"": ""https://www.dukehealth.org/locations/duke-medicine-pavilion""}",2026-10-10T14:14:29Z,OpenStreetMap Overpass API,False,"POLYGON ((-78.936584 36.006398, -78.936872 36.006302, -78.937005 36.006417, -78.937321 36.006312, -78.93738 36.006293, -78.937728 36.006177, -78.937785 36.006158, -78.937697 36.005977, -78.937612 36.006013, -78.937438 36.005658, -78.937431 36.005647, -78.937472 36.005637, -78.937427 36.00556, -78.937388 36.005484, -78.937328 36.005505, -78.937277 36.005521, -78.937153 36.005564, -78.937161 36.005594, -78.936986 36.005652, -78.93659 36.005785, -78.936611 36.005803, -78.936568 36.005818, -78.936528 36.00579, -78.936453 36.00586, -78.936494 36.005909, -78.936207 36.006145, -78.936155 36.006105, -78.936091 36.006184, -78.936154 36.006327, -78.936256 36.006479, -78.936349 36.006457, -78.936366 36.006475, -78.936584 36.006398))"
DUR-02_osm_relation_4651947,DUR-02,Durham,relation,4651947,Morris Williams Track,morris williams track,Polygon,35.996285400000005,-78.94516332126969,leisure,track,,,,,,,"{""lanes"": ""8"", ""leisure"": ""track"", ""name"": ""Morris Williams Track"", ""sport"": ""running"", ""type"": ""multipolygon""}",2026-10-10T14:14:29Z,OpenStreetMap Overpass API,False,"POLYGON ((-78.94587 35.996072, -78.945892 35.995992, -78.945891 35.995897, -78.945873 35.99582, -78.945829 35.995743, -78.945732 35.995639, -78.945659 35.995593, -78.945584 35.995558, -78.945523 35.995541, -78.94544 35.99553, -78.94538 35.995527, -78.945322 35.995534, -78.945255 35.995545, -78.945211 35.995561, -78.945122 35.995524, -78.944457 35.996499, -78.944432 35.996581, -78.944428 35.996664, -78.944437 35.996728, -78.944465 35.996795, -78.944525 35.996877, -78.94461 35.996952, -78.944727 35.997006, -78.94484 35.997033, -78.944943 35.997039, -78.945016 35.99703, -78.945092 35.997014, -78.94501 35.997138, -78.94511 35.997183, -78.94587 35.996072))"
DUR-02_osm_way_1467685894,DUR-02,Durham,way,1467685894,Court 5,court 5,Point,35.9976733,-78.9405287,leisure,pitch,,,,,,,"{""leisure"": ""pitch"", ""lit"": ""yes"", ""name"": ""Court 5"", ""sport"": ""tennis"", ""surface"": ""paved""}",2026-10-10T14:14:29Z,OpenStreetMap Overpass API,False,POINT (-78.940529 35.997673)
DUR-02_osm_way_1467685895,DUR-02,Durham,way,1467685895,Court 3,court 3,Point,35.9977119,-78.9403629,leisure,pitch,,,,,,,"{""leisure"": ""pitch"", ""lit"": ""yes"", ""name"": ""Court 3"", ""sport"": ""tennis"", ""surface"": ""paved""}",2026-10-10T14:14:29Z,OpenStreetMap Overpass API,False,POINT (-78.940363 35.997712)
DUR-02_osm_way_1467685896,DUR-02,Durham,way,1467685896,Court 1,court 1,Point,35.9977535,-78.9401971,leisure,pitch,,,,,,,"{""leisure"": ""pitch"", ""lit"": ""yes"", ""name"": ""Court 1"", ""sport"": ""tennis"", ""surface"": ""paved""}",2026-10-10T14:14:29Z,OpenStreetMap Overpass API,False,POINT (-78.940197 35.997754)
DUR-02_osm_way_1467685897,DUR-02,Durham,way,1467685897,Court 2,court 2,Point,35.997794,-78.9400325,leisure,pitch,,,,,,,"{""leisure"": ""pitch"", ""lit"": ""yes"", ""name"": ""Court 2"", ""sport"": ""tennis"", ""surface"": ""paved""}",2026-10-10T14:14:29Z,OpenStreetMap Overpass API,False,POINT (-78.940032 35.997794)
DUR-02_osm_way_1467685898,DUR-02,Durham,way,1467685898,Court 4,court 4,Point,35.9978343,-78.9398672,leisure,pitch,,,,,,,"{""leisure"": ""pitch"", ""lit"": ""yes"", ""name"": ""Court 4"", ""sport"": ""tennis"", ""surface"": ""paved""}",2026-10-10T14:14:29Z,OpenStreetMap Overpass API,False,POINT (-78.939867 35.997834)
DUR-02_osm_way_1467685899,DUR-02,Durham,way,1467685899,Court 6,court 6,Point,35.9978751,-78.9397026,leisure,pitch,,,,,,,"{""leisure"": ""pitch"", ""lit"": ""yes"", ""name"": ""Court 6"", ""sport"": ""tennis"", ""surface"": ""paved""}",2026-10-10T14:14:29Z,OpenStreetMap Overpass API,False,POINT (-78.939703 35.997875)
DUR-02_osm_way_185375489,DUR-02,Durham,way,185375489,East Campus North Quad,east campus north quad,Polygon,36.0081765,-78.91465905263746,leisure,recreation_ground,,,,,,,"{""leisure"": ""recreation_ground"", ""name"": ""East Campus North Quad""}",2026-10-10T14:14:29Z,OpenStreetMap Overpass API,False,"POLYGON ((-78.91488 36.007865, -78.914865 36.008451, -78.914862 36.008491, -78.914841 36.008538, -78.914805 36.008574, -78.91477 36.008593, -78.914727 36.008607, -78.91472 36.008597, -78.914692 36.008593, -78.91468 36.008572, -78.914647 36.008571, -78.914609 36.008572, -78.914597 36.00859, -78.914578 36.008594, -78.914567 36.008604, -78.914527 36.008587, -78.914489 36.008558, -78.914462 36.008522, -78.914447 36.008482, -78.914439 36.008446, -78.914455 36.007857, -78.914512 36.007881, -78.914594 36.007902, -78.914656 36.007907, -78.91473 36.007905, -78.914802 36.007893, -78.91488 36.007865))"
DUR-02_osm_way_185378060,DUR-02,Durham,way,185378060,East Campus South Quad,east campus south quad,Polygon,36.0068338,-78.91469929013562,leisure,recreation_ground,,,,,,,"{""leisure"": ""recreation_ground"", ""name"": ""East Campus South Quad""}",2026-10-10T14:14:29Z,OpenStreetMap Overpass API,False,"POLYGON ((-78.914472 36.007317, -78.914511 36.007305, -78.914578 36.007283, -78.914632 36.007274, -78.91469 36.007269, -78.914749 36.007277, -78.914808 36.007291, -78.914853 36.007314, -78.914899 36.007338, -78.914926 36.006398, -78.914897 36.006354, -78.914859 36.006316, -78.914797 36.006288, -78.914715 36.00628, -78.914634 36.006284, -78.914574 36.006301, -78.914526 36.006336, -78.914498 36.00639, -78.914472 36.007317))"
DUR-02_osm_way_27331652,DUR-02,Durham,way,27331652,School of Nursing,school of nursing,Polygon,36.00633155,-78.93541418460921,amenity,university,,,city=Durham; housenumber=307; postcode=27705; state=NC; street=Trent Drive,,,,"{""addr:city"": ""Durham"", ""addr:housenumber"": ""307"", ""addr:postcode"": ""27705"", ""addr:state"": ""NC"", ""addr:street"": ""Trent Drive"", ""amenity"": ""university"", ""building"": ""yes"", ""name"": ""School of Nursing"", ""source:addr"": ""Durham Open Data""}",2026-10-10T14:14:29Z,OpenStreetMap Overpass API,False,"POLYGON ((-78.935676 36.006199, -78.935503 36.006568, -78.93542 36.006732, -78.935251 36.006682, -78.93526 36.006663, -78.93524 36.006659, -78.93522 36.006654, -78.934866 36.00659, -78.934905 36.006422, -78.934973 36.006432, -78.934973 36.006451, -78.935153 36.006469, -78.935255 36.006242, -78.934995 36.006118, -78.935047 36.006032, -78.93497 36.005989, -78.935015 36.005928, -78.935483 36.006145, -78.935676 36.006199))"
DUR-02_osm_way_27407479,DUR-02,Durham,way,27407479,Williams Athletic Field,williams athletic field,Polygon,36.0079146,-78.91886924757836,leisure,pitch,,,,,,,"{""leisure"": ""pitch"", ""name"": ""Williams Athletic Field"", ""sport"": ""field_hockey"", ""surface"": ""artificial_turf""}",2026-10-10T14:14:29Z,OpenStreetMap Overpass API,False,"POLYGON ((-78.919259 36.008392, -78.919352 36.007496, -78.918479 36.007437, -78.918386 36.008333, -78.919259 36.008392))"
DUR-02_osm_way_27435263,DUR-02,Durham,way,27435263,Lilly Library,lilly library,Polygon,36.007642149999995,-78.91534761850784,amenity,library,,,city=Durham; housenumber=1348; postcode=27705; state=NC; street=Campus Drive,,,,"{""addr:city"": ""Durham"", ""addr:housenumber"": ""1348"", ""addr:postcode"": ""27705"", ""addr:state"": ""NC"", ""addr:street"": ""Campus Drive"", ""amenity"": ""library"", ""building"": ""yes"", ""name"": ""Lilly Library"", ""operator:type"": ""university"", ""ref"": ""Lilly"", ""source:addr"": ""Durham Open Data""}",2026-10-10T14:14:29Z,OpenStreetMap Overpass API,False,"POLYGON ((-78.915467 36.007803, -78.91547 36.007714, -78.915544 36.007716, -78.915549 36.007499, -78.915473 36.007499, -78.915476 36.007409, -78.915204 36.007404, -78.915202 36.007484, -78.915191 36.007484, -78.915188 36.007518, -78.915153 36.007518, -78.915151 36.007599, -78.915148 36.007685, -78.915181 36.007686, -78.91518 36.007719, -78.915195 36.007719, -78.915192 36.007798, -78.915467 36.007803))"
DUR-02_osm_way_27466267,DUR-02,Durham,way,27466267,Brodie Recreation Center,brodie recreation center,Polygon,36.00764395,-78.9170027935682,leisure,sports_centre,,,city=Durham; housenumber=20; postcode=27705; state=NC; street=Brodie Gym Drive,Q136101763,,,"{""addr:city"": ""Durham"", ""addr:housenumber"": ""20"", ""addr:postcode"": ""27705"", ""addr:state"": ""NC"", ""addr:street"": ""Brodie Gym Drive"", ""building"": ""yes"", ""leisure"": ""sports_centre"", ""name"": ""Brodie Recreation Center"", ""official_name"": ""Brenda and Keith Brodie Recreation Center"", ""ref"": ""Brodie"", ""source:addr"": ""Durham Open Data"", ""wikidata"": ""Q136101763""}",2026-10-10T14:14:29Z,OpenStreetMap Overpass API,False,"POLYGON ((-78.917394 36.00798, -78.917037 36.007974, -78.917038 36.007931, -78.916919 36.007929, -78.916914 36.007919, -78.916916 36.007901, -78.91692 36.007893, -78.916942 36.007894, -78.916943 36.007852, -78.916686 36.007847, -78.916692 36.007585, -78.916679 36.007584, -78.916681 36.007513, -78.916696 36.007513, -78.916699 36.007377, -78.916715 36.007378, -78.916715 36.007349, -78.916814 36.00735, -78.916814 36.007317, -78.916826 36.007314, -78.916844 36.007311, -78.916867 36.00731, -78.916894 36.007312, -78.916911 36.007314, -78.916928 36.007319, -78.916927 36.007354, -78.91702 36.007356, -78.917021 36.007342, -78.917031 36.007338, -78.917046 36.007331, -78.917074 36.007323, -78.917106 36.007321, -78.917134 36.007326, -78.917156 36.007331, -78.917177 36.007342, -78.917183 36.007347, -78.917182 36.007368, -78.917363 36.00737, -78.917357 36.007604, -78.917316 36.007603, -78.917314 36.007684, -78.917401 36.007686, -78.917394 36.00798))"
DUR-02_osm_way_29020343,DUR-02,Durham,way,29020343,McGovern-Davison Children's Health Center,mcgovern davison children s health center,Polygon,36.00753065,-78.9364841885626,healthcare,clinic,,,,,,,"{""amenity"": ""clinic"", ""building"": ""yes"", ""healthcare"": ""clinic"", ""healthcare:speciality"": ""paediatrics"", ""name"": ""McGovern-Davison Children's Health Center"", ""phone"": ""+1 919 668 4000""}",2026-10-10T14:14:29Z,OpenStreetMap Overpass API,False,"POLYGON ((-78.936901 36.00756, -78.936765 36.007596, -78.936765 36.007629, -78.936792 36.007644, -78.936802 36.007681, -78.936792 36.007707, -78.936751 36.007718, -78.936751 36.007763, -78.93622 36.007746, -78.936156 36.007772, -78.936084 36.007657, -78.93614 36.007629, -78.93607 36.007502, -78.936741 36.007301, -78.936901 36.00756))"
DUR-02_osm_way_29031538,DUR-02,Durham,way,29031538,Duke Eye Center,duke eye center,Polygon,36.00754164999999,-78.93916808014018,healthcare,clinic,,,city=Durham; housenumber=2351; postcode=27705; street=Erwin Road,,,https://www.dukehealth.org/locations/duke-eye-center,"{""addr:city"": ""Durham"", ""addr:housenumber"": ""2351"", ""addr:postcode"": ""27705"", ""addr:street"": ""Erwin Road"", ""amenity"": ""clinic"", ""building"": ""yes"", ""healthcare"": ""clinic"", ""healthcare:speciality"": ""ophthalmology"", ""name"": ""Duke Eye Center"", ""opening_hours"": ""Mo-Fr 08:00-17:00"", ""phone"": ""+1 919 681 3937"", ""website"": ""https://www.dukehealth.org/locations/duke-eye-center""}",2026-10-10T14:14:29Z,OpenStreetMap Overpass API,False,"POLYGON ((-78.938666 36.007641, -78.93865 36.007646, -78.938657 36.007661, -78.938692 36.007732, -78.938685 36.007734, -78.938668 36.007701, -78.938628 36.007714, -78.938666 36.00779, -78.938696 36.00778, -78.938717 36.007821, -78.938667 36.007837, -78.938747 36.007998, -78.938881 36.007954, -78.939236 36.007837, -78.939239 36.007812, -78.939328 36.007783, -78.939352 36.007799, -78.939375 36.007792, -78.939378 36.007766, -78.93945 36.007743, -78.939467 36.007738, -78.93949 36.007754, -78.939508 36.007748, -78.939513 36.007722, -78.939594 36.007696, -78.939616 36.007712, -78.93964 36.007704, -78.939645 36.007679, -78.93974 36.007648, -78.939764 36.007664, -78.939782 36.007658, -78.939772 36.007637, -78.939687 36.007468, -78.939677 36.007449, -78.939658 36.007455, -78.939654 36.007479, -78.939568 36.007507, -78.939545 36.007492, -78.939522 36.0075, -78.93952 36.007523, -78.939431 36.007552, -78.939408 36.007537, -78.939382 36.007546, -78.939382 36.007568, -78.939292 36.007598, -78.939282 36.007579, -78.939326 36.007564, -78.939258 36.00743, -78.93945 36.007367, -78.93956 36.007331, -78.939464 36.007139, -78.93949 36.00713, -78.939468 36.007086, -78.939154 36.00719, -78.939139 36.007161, -78.93897 36.007217, -78.939104 36.007486, -78.939074 36.007496, -78.939079 36.007505, -78.939053 36.007514, -78.939054 36.007531, -78.938957 36.007563, -78.938945 36.00755, -78.938915 36.007559, -78.938916 36.007577, -78.938822 36.007607, -78.938806 36.007595, -78.938781 36.007603, -78.938779 36.007622, -78.938684 36.007653, -78.938666 36.007641))"
DUR-02_osm_way_30424777,DUR-02,Durham,way,30424777,Nasher Museum of Art,nasher museum of art,Polygon,35.9990522,-78.9290629011139,tourism,museum,,Duke University,city=Durham; housenumber=2001; postcode=27705; state=NC; street=Campus Drive,Q6966836,en:Nasher Museum of Art,https://nasher.duke.edu/,"{""addr:city"": ""Durham"", ""addr:housenumber"": ""2001"", ""addr:postcode"": ""27705"", ""addr:state"": ""NC"", ""addr:street"": ""Campus Drive"", ""building"": ""yes"", ""name"": ""Nasher Museum of Art"", ""operator"": ""Duke University"", ""phone"": ""+1-919-684-5135"", ""tourism"": ""museum"", ""website"": ""https://nasher.duke.edu/"", ""wikidata"": ""Q6966836"", ""wikipedia"": ""en:Nasher Museum of Art""}",2026-10-10T14:14:29Z,OpenStreetMap Overpass API,False,"POLYGON ((-78.929499 35.998954, -78.929516 35.999086, -78.929413 35.999093, -78.929388 35.99919, -78.929302 35.999204, -78.929415 35.999341, -78.92923 35.999438, -78.929133 35.999322, -78.92899 35.999334, -78.928928 35.999407, -78.928691 35.999286, -78.928767 35.999188, -78.928753 35.999182, -78.928727 35.99917, -78.928732 35.999146, -78.928753 35.999099, -78.928512 35.999018, -78.928601 35.998846, -78.92877 35.998902, -78.928881 35.998857, -78.928967 35.998871, -78.92901 35.998684, -78.929284 35.998718, -78.929259 35.998864, -78.929345 35.998906, -78.929353 35.998961, -78.929499 35.998954))"
DUR-02_osm_way_305879102,DUR-02,Durham,way,305879102,Duke University Hospital,duke university hospital,Polygon,36.007021300000005,-78.93734788335824,healthcare,hospital,,Duke University Health System,city=Durham; housenumber=2301; postcode=27710; street=Erwin Road,Q5312894,en:Duke University Hospital,https://www.dukehealth.org/hospitals/duke-university-hospital/home,"{""addr:city"": ""Durham"", ""addr:housenumber"": ""2301"", ""addr:postcode"": ""27710"", ""addr:street"": ""Erwin Road"", ""amenity"": ""hospital"", ""building"": ""yes"", ""emergency"": ""yes"", ""healthcare"": ""hospital"", ""name"": ""Duke University Hospital"", ""opening_hours"": ""24/7"", ""operator"": ""Duke University Health System"", ""operator:wikidata"": ""Q5312891"", ""phone"": ""+1 919 684 8111"", ""website"": ""https://www.dukehealth.org/hospitals/duke-university-hospital/home"", ""wikidata"": ""Q5312894"", ""wikipedia"": ""en:Duke University Hospital""}",2026-10-10T14:14:29Z,OpenStreetMap Overpass API,False,"POLYGON ((-78.937852 36.006295, -78.937875 36.006343, -78.937947 36.006334, -78.937972 36.006374, -78.938028 36.006362, -78.938082 36.006488, -78.93813 36.006471, -78.938127 36.006582, -78.938041 36.006611, -78.938092 36.006768, -78.938159 36.006752, -78.938207 36.006858, -78.938094 36.006903, -78.938073 36.006926, -78.938116 36.006973, -78.938132 36.007048, -78.938205 36.007073, -78.938242 36.007053, -78.938206 36.006995, -78.938207 36.006956, -78.938286 36.006915, -78.938359 36.006908, -78.938404 36.006975, -78.938471 36.006962, -78.938326 36.006665, -78.938404 36.006609, -78.938866 36.00677, -78.938887 36.006778, -78.938886 36.006858, -78.938578 36.006962, -78.938735 36.007274, -78.938334 36.007403, -78.938473 36.007666, -78.938396 36.007712, -78.937951 36.007552, -78.937916 36.007533, -78.937923 36.007458, -78.938262 36.00736, -78.938173 36.007145, -78.938101 36.007128, -78.938047 36.007158, -78.937988 36.007177, -78.937932 36.007173, -78.937867 36.007147, -78.937671 36.007208, -78.93787 36.007585, -78.937875 36.007655, -78.937779 36.007689, -78.937677 36.007681, -78.937588 36.007655, -78.937497 36.007618, -78.93747 36.007574, -78.93747 36.007522, -78.937481 36.007494, -78.936955 36.007648, -78.936901 36.00756, -78.936741 36.007301, -78.93607 36.007502, -78.935898 36.007553, -78.935992 36.007275, -78.936612 36.007088, -78.93651 36.006928, -78.937166 36.006712, -78.937088 36.006545, -78.937389 36.006447, -78.937447 36.006428, -78.937756 36.006327, -78.937788 36.006316, -78.937852 36.006295))"
DUR-02_osm_way_312109133,DUR-02,Durham,way,312109133,Duke University Police,duke university police,Polygon,36.00160305,-78.92625323080514,amenity,police,,,city=Durham; housenumber=502; postcode=27705; state=NC; street=Oregon Street,,,,"{""addr:city"": ""Durham"", ""addr:housenumber"": ""502"", ""addr:postcode"": ""27705"", ""addr:state"": ""NC"", ""addr:street"": ""Oregon Street"", ""amenity"": ""police"", ""building"": ""yes"", ""name"": ""Duke University Police"", ""source:addr"": ""Durham Open Data""}",2026-10-10T14:14:29Z,OpenStreetMap Overpass API,False,"POLYGON ((-78.926247 36.001534, -78.926422 36.001569, -78.926393 36.001666, -78.926249 36.001637, -78.92624 36.001668, -78.926208 36.001662, -78.92619 36.001721, -78.926086 36.0017, -78.926098 36.001665, -78.926077 36.001661, -78.926141 36.001452, -78.92616 36.001456, -78.926172 36.00142, -78.926275 36.001441, -78.926247 36.001534))"
DUR-02_osm_way_32684251,DUR-02,Durham,way,32684251,Duke Clinic,duke clinic,Polygon,36.0044614,-78.93606167913802,amenity,clinic,,,city=Durham; housenumber=40; postcode=27710; street=Duke Medicine Circle,,,https://www.dukehealth.org/locations/duke-clinic,"{""addr:city"": ""Durham"", ""addr:housenumber"": ""40"", ""addr:postcode"": ""27710"", ""addr:street"": ""Duke Medicine Circle"", ""amenity"": ""clinic"", ""building"": ""yes"", ""name"": ""Duke Clinic"", ""phone"": ""+1 919 684 8111"", ""website"": ""https://www.dukehealth.org/locations/duke-clinic""}",2026-10-10T14:14:29Z,OpenStreetMap Overpass API,False,"POLYGON ((-78.936159 36.004135, -78.935584 36.004316, -78.935609 36.004356, -78.935627 36.004385, -78.93597 36.004538, -78.93613 36.004828, -78.93615 36.004864, -78.936208 36.004845, -78.936289 36.00482, -78.936265 36.00478, -78.936452 36.004712, -78.936442 36.004682, -78.936242 36.004304, -78.936207 36.004231, -78.936159 36.004135))"
DUR-02_osm_way_32684295,DUR-02,Durham,way,32684295,Duke Cancer Center,duke cancer center,Polygon,36.004957450000006,-78.93679331779443,healthcare,clinic,,,city=Durham; housenumber=20; postcode=27710; street=Duke Medicine Circle,,,https://www.dukehealth.org/locations/duke-cancer-center,"{""addr:city"": ""Durham"", ""addr:housenumber"": ""20"", ""addr:postcode"": ""27710"", ""addr:street"": ""Duke Medicine Circle"", ""amenity"": ""clinic"", ""building"": ""yes"", ""healthcare"": ""clinic"", ""healthcare:speciality"": ""oncology"", ""name"": ""Duke Cancer Center"", ""phone"": ""+1 919 613 1909"", ""website"": ""https://www.dukehealth.org/locations/duke-cancer-center""}",2026-10-10T14:14:29Z,OpenStreetMap Overpass API,False,"POLYGON ((-78.936476 36.005515, -78.937153 36.005287, -78.93716 36.005283, -78.937211 36.005267, -78.9372 36.005232, -78.937284 36.00519, -78.937275 36.00517, -78.937322 36.005158, -78.937303 36.005116, -78.937316 36.005094, -78.937288 36.005038, -78.937359 36.005016, -78.937301 36.004899, -78.93736 36.004878, -78.937398 36.004822, -78.937378 36.004778, -78.937467 36.004746, -78.937575 36.004448, -78.937566 36.004413, -78.937285 36.0045, -78.93728 36.004528, -78.937052 36.004595, -78.937006 36.004572, -78.936641 36.004683, -78.936617 36.004623, -78.936442 36.004682, -78.936452 36.004712, -78.936265 36.00478, -78.936289 36.00482, -78.936208 36.004845, -78.93646 36.005426, -78.936477 36.005419, -78.936486 36.005437, -78.936443 36.00545, -78.936476 36.005515))"
DUR-02_osm_way_34714176,DUR-02,Durham,way,34714176,Coombs Field Baseball Stadium,coombs field baseball stadium,Polygon,35.99802375,-78.94429434692366,leisure,pitch,,,,Q6111807,,,"{""leisure"": ""pitch"", ""name"": ""Coombs Field Baseball Stadium"", ""sport"": ""baseball"", ""wikidata"": ""Q6111807""}",2026-10-10T14:14:29Z,OpenStreetMap Overpass API,False,"POLYGON ((-78.944047 35.997445, -78.944227 35.997486, -78.944208 35.997527, -78.94437 35.997586, -78.944518 35.997642, -78.94461 35.997705, -78.944782 35.997813, -78.945001 35.997959, -78.944979 35.998089, -78.944929 35.998221, -78.944876 35.998334, -78.9448 35.998424, -78.944702 35.99851, -78.94461 35.998571, -78.94451 35.998619, -78.944398 35.998653, -78.944288 35.99868, -78.944173 35.998694, -78.94405 35.998691, -78.943925 35.998672, -78.943811 35.998612, -78.94369 35.998556, -78.943598 35.998494, -78.943498 35.998413, -78.943618 35.99795, -78.943632 35.997825, -78.943657 35.997774, -78.943702 35.997789, -78.943783 35.997652, -78.943734 35.997633, -78.94381 35.99752, -78.944047 35.997445))"
DUR-02_osm_way_34714205,DUR-02,Durham,way,34714205,Ambler Tennis Stadium,ambler tennis stadium,Polygon,35.99777105,-78.9401116067133,leisure,sports_centre,,,,,,,"{""leisure"": ""sports_centre"", ""name"": ""Ambler Tennis Stadium"", ""sport"": ""tennis"", ""surface"": ""paved""}",2026-10-10T14:14:29Z,OpenStreetMap Overpass API,False,"POLYGON ((-78.940676 35.997807, -78.94052 35.997845, -78.940181 35.997928, -78.939766 35.998028, -78.939664 35.998053, -78.939547 35.997736, -78.940558 35.997488, -78.940676 35.997807))"
DUR-02_osm_way_34714210,DUR-02,Durham,way,34714210,Student Tennis Courts,student tennis courts,Polygon,35.99750335,-78.9397642934486,leisure,pitch,,,,,,,"{""leisure"": ""pitch"", ""name"": ""Student Tennis Courts"", ""sport"": ""tennis"", ""surface"": ""paved""}",2026-10-10T14:14:29Z,OpenStreetMap Overpass API,False,"POLYGON ((-78.94015 35.997243, -78.940219 35.997271, -78.940322 35.997535, -78.939326 35.997771, -78.939206 35.997472, -78.94015 35.997243))"
DUR-02_osm_way_34714259,DUR-02,Durham,way,34714259,Koskinen Stadium,koskinen stadium,Polygon,35.9957873,-78.94401258465335,leisure,pitch,,,,Q6433230,,,"{""leisure"": ""pitch"", ""name"": ""Koskinen Stadium"", ""sport"": ""lacrosse"", ""surface"": ""grass"", ""wikidata"": ""Q6433230""}",2026-10-10T14:14:29Z,OpenStreetMap Overpass API,False,"POLYGON ((-78.94421 35.996405, -78.943408 35.996186, -78.943815 35.995183, -78.944613 35.995389, -78.94421 35.996405))"
DUR-02_osm_way_36884323,DUR-02,Durham,way,36884323,Card Gymnasium,card gymnasium,Polygon,35.9973603,-78.94141976428665,leisure,sports_centre,,,city=Durham; housenumber=320; postcode=27705; state=NC; street=Towerview Drive,Q5038194,,,"{""addr:city"": ""Durham"", ""addr:housenumber"": ""320"", ""addr:postcode"": ""27705"", ""addr:state"": ""NC"", ""addr:street"": ""Towerview Drive"", ""building"": ""yes"", ""leisure"": ""sports_centre"", ""name"": ""Card Gymnasium"", ""source:addr"": ""Durham Open Data"", ""wikidata"": ""Q5038194""}",2026-10-10T14:14:29Z,OpenStreetMap Overpass API,False,"POLYGON ((-78.94128 35.997163, -78.941771 35.997394, -78.941628 35.997593, -78.94154 35.997552, -78.941518 35.997583, -78.941114 35.997394, -78.941165 35.997327, -78.94123 35.997233, -78.94128 35.997163))"
DUR-02_osm_way_36884382,DUR-02,Durham,way,36884382,Sheffield Tennis Center,sheffield tennis center,Polygon,35.9969604,-78.93949360279355,leisure,sports_centre,,,city=Durham; housenumber=204; postcode=27705; state=NC; street=Wannamaker Drive,,,,"{""addr:city"": ""Durham"", ""addr:housenumber"": ""204"", ""addr:postcode"": ""27705"", ""addr:state"": ""NC"", ""addr:street"": ""Wannamaker Drive"", ""building"": ""yes"", ""leisure"": ""sports_centre"", ""name"": ""Sheffield Tennis Center"", ""source:addr"": ""Durham Open Data""}",2026-10-10T14:14:29Z,OpenStreetMap Overpass API,False,"POLYGON ((-78.939784 35.997291, -78.939346 35.997395, -78.939028 35.996541, -78.939475 35.996436, -78.939638 35.996886, -78.939772 35.996861, -78.939789 35.996833, -78.939866 35.996875, -78.939737 35.997049, -78.939703 35.997035, -78.939784 35.997291))"
DUR-02_osm_way_36884389,DUR-02,Durham,way,36884389,Intramural Building,intramural building,Polygon,35.9965434,-78.93988304903488,leisure,sports_centre,,,city=Durham; housenumber=208; postcode=27705; state=NC; street=Wannamaker Drive,,,,"{""addr:city"": ""Durham"", ""addr:housenumber"": ""208"", ""addr:postcode"": ""27705"", ""addr:state"": ""NC"", ""addr:street"": ""Wannamaker Drive"", ""building"": ""yes"", ""leisure"": ""sports_centre"", ""name"": ""Intramural Building"", ""source:addr"": ""Durham Open Data""}",2026-10-10T14:14:29Z,OpenStreetMap Overpass API,False,"POLYGON ((-78.940045 35.996766, -78.939564 35.996542, -78.939722 35.996321, -78.940202 35.996545, -78.940172 35.996587, -78.940244 35.996621, -78.94016 35.996739, -78.940088 35.996706, -78.940045 35.996766))"
DUR-02_osm_way_36884459,DUR-02,Durham,way,36884459,Wilson Recreation Center,wilson recreation center,Polygon,35.996895699999996,-78.94082888889724,leisure,sports_centre,,,city=Durham; housenumber=326; postcode=27705; state=NC; street=Towerview Drive,,,,"{""addr:city"": ""Durham"", ""addr:housenumber"": ""326"", ""addr:postcode"": ""27705"", ""addr:state"": ""NC"", ""addr:street"": ""Towerview Drive"", ""building"": ""yes"", ""leisure"": ""sports_centre"", ""name"": ""Wilson Recreation Center"", ""source:addr"": ""Durham Open Data""}",2026-10-10T14:14:29Z,OpenStreetMap Overpass API,False,"POLYGON ((-78.940581 35.997066, -78.940543 35.997121, -78.940174 35.996952, -78.940465 35.996534, -78.94082 35.996696, -78.940966 35.996487, -78.940993 35.9965, -78.941066 35.996395, -78.941524 35.996604, -78.941382 35.996808, -78.941476 35.996851, -78.941386 35.99698, -78.9413 35.99694, -78.941256 35.997004, -78.941232 35.996993, -78.94119 35.997054, -78.941252 35.997082, -78.941211 35.997142, -78.941172 35.997124, -78.941129 35.997186, -78.94123 35.997233, -78.941165 35.997327, -78.941069 35.997284, -78.941017 35.997358, -78.94088 35.997296, -78.940929 35.997225, -78.940581 35.997066))"
DUR-02_osm_way_391474817,DUR-02,Durham,way,391474817,Perkins Library,perkins library,Polygon,36.0022658,-78.93863095942791,amenity,library,,,city=Durham; housenumber=411; postcode=27705; state=NC; street=Chapel Drive,,,,"{""addr:city"": ""Durham"", ""addr:housenumber"": ""411"", ""addr:postcode"": ""27705"", ""addr:state"": ""NC"", ""addr:street"": ""Chapel Drive"", ""amenity"": ""library"", ""building"": ""yes"", ""name"": ""Perkins Library"", ""operator:type"": ""university"", ""source:addr"": ""Durham Open Data""}",2026-10-10T14:14:29Z,OpenStreetMap Overpass API,False,"POLYGON ((-78.938321 36.002015, -78.938345 36.002026, -78.938459 36.001862, -78.938574 36.001914, -78.938548 36.001953, -78.9387 36.002022, -78.938658 36.002081, -78.938987 36.002231, -78.938938 36.002301, -78.939021 36.002339, -78.938809 36.002643, -78.938712 36.002599, -78.938666 36.002665, -78.93852 36.002598, -78.938474 36.002663, -78.938208 36.002542, -78.938306 36.002401, -78.93823 36.002366, -78.938237 36.002355, -78.938373 36.00216, -78.938395 36.002129, -78.9383 36.002086, -78.938279 36.002076, -78.938321 36.002015))"
DUR-02_osm_way_44055991,DUR-02,Durham,way,44055991,Rubenstein Library,rubenstein library,Polygon,36.0018044,-78.93868538995032,amenity,library,,,city=Durham; housenumber=409; postcode=27705; state=NC; street=Chapel Drive,,,,"{""addr:city"": ""Durham"", ""addr:housenumber"": ""409"", ""addr:postcode"": ""27705"", ""addr:state"": ""NC"", ""addr:street"": ""Chapel Drive"", ""amenity"": ""library"", ""building"": ""yes"", ""name"": ""Rubenstein Library"", ""operator:type"": ""university"", ""source:addr"": ""Durham Open Data""}",2026-10-10T14:14:29Z,OpenStreetMap Overpass API,False,"POLYGON ((-78.9387 36.002022, -78.938548 36.001953, -78.938574 36.001914, -78.938459 36.001862, -78.938345 36.002026, -78.938321 36.002015, -78.93826 36.001988, -78.938132 36.00193, -78.938152 36.001901, -78.938197 36.001922, -78.938428 36.00159, -78.938398 36.001576, -78.938467 36.001477, -78.938594 36.001534, -78.938579 36.001555, -78.93891 36.001706, -78.938943 36.001658, -78.939039 36.001702, -78.939024 36.001724, -78.939119 36.001767, -78.939066 36.001842, -78.93913 36.001871, -78.939038 36.002003, -78.938902 36.001942, -78.938811 36.002073, -78.9387 36.002022))"
DUR-02_osm_way_44055992,DUR-02,Durham,way,44055992,Bostock Library,bostock library,Polygon,36.002964,-78.938293,amenity,library,,,,,,,"{""amenity"": ""library"", ""building"": ""yes"", ""name"": ""Bostock Library"", ""operator:type"": ""university"", ""source"": ""Bing""}",2026-10-10T14:14:29Z,OpenStreetMap Overpass API,False,"POLYGON ((-78.938159 36.002705, -78.938634 36.002916, -78.938427 36.003223, -78.937952 36.003012, -78.938159 36.002705))"
DUR-02_osm_way_479409754,DUR-02,Durham,way,479409754,Putman quad,putman quad,Polygon,36.00396105,-78.94209507559458,leisure,park,,,,,,,"{""leisure"": ""park"", ""name"": ""Putman quad""}",2026-10-10T14:14:29Z,OpenStreetMap Overpass API,False,"POLYGON ((-78.942088 36.004102, -78.94217 36.004024, -78.942267 36.003981, -78.94228 36.003935, -78.942251 36.003895, -78.942198 36.003856, -78.942117 36.003833, -78.942003 36.003797, -78.941922 36.00382, -78.941881 36.003862, -78.941905 36.003941, -78.941975 36.004053, -78.942019 36.004093, -78.942088 36.004102))"
DUR-02_osm_way_479409755,DUR-02,Durham,way,479409755,Harrington Quad,harrington quad,Polygon,36.003614049999996,-78.94017895592924,leisure,park,,,,,,,"{""leisure"": ""park"", ""name"": ""Harrington Quad""}",2026-10-10T14:14:29Z,OpenStreetMap Overpass API,False,"POLYGON ((-78.940458 36.003576, -78.940385 36.003635, -78.940316 36.003685, -78.940226 36.003704, -78.94014 36.003684, -78.939844 36.003744, -78.939897 36.003658, -78.93997 36.003593, -78.940075 36.003558, -78.940188 36.003529, -78.940326 36.003525, -78.94043 36.003546, -78.940458 36.003576))"
DUR-02_osm_way_479661385,DUR-02,Durham,way,479661385,LSRC Quad,lsrc quad,Polygon,36.00458089999999,-78.94084964214952,leisure,park,,,,,,,"{""leisure"": ""park"", ""name"": ""LSRC Quad""}",2026-10-10T14:14:29Z,OpenStreetMap Overpass API,False,"POLYGON ((-78.941626 36.004444, -78.941324 36.003921, -78.94082 36.00412, -78.940962 36.004353, -78.940073 36.004718, -78.940264 36.005004, -78.941626 36.004444))"
DUR-02_osm_way_493984773,DUR-02,Durham,way,493984773,Duke Reclamation Pond,duke reclamation pond,Polygon,36.00323349999999,-78.94860533306468,leisure,park,,,,,,,"{""leisure"": ""park"", ""name"": ""Duke Reclamation Pond""}",2026-10-10T14:14:29Z,OpenStreetMap Overpass API,False,"POLYGON ((-78.951139 36.00315, -78.950893 36.003439, -78.95072 36.003579, -78.948761 36.004934, -78.947208 36.004167, -78.947073 36.003938, -78.946083 36.003317, -78.947283 36.00163, -78.948228 36.001921, -78.948536 36.001966, -78.951139 36.00315))"
DUR-02_osm_way_509731372,DUR-02,Durham,way,509731372,Medical Center Garden,medical center garden,Polygon,36.005258,-78.9378318985791,leisure,park,,,,,,,"{""leisure"": ""park"", ""name"": ""Medical Center Garden""}",2026-10-10T14:14:29Z,OpenStreetMap Overpass API,False,"POLYGON ((-78.938561 36.004995, -78.938434 36.005027, -78.938368 36.005037, -78.938254 36.005056, -78.938138 36.005064, -78.937989 36.005078, -78.93791 36.005094, -78.937792 36.005125, -78.937711 36.005172, -78.937637 36.005214, -78.937503 36.005302, -78.937521 36.005344, -78.937364 36.005406, -78.937306 36.005425, -78.937338 36.005492, -78.937401 36.005474, -78.937432 36.005532, -78.937795 36.005403, -78.937868 36.005385, -78.938561 36.004995))"
DUR-02_osm_way_509731373,DUR-02,Durham,way,509731373,,,Polygon,36.00542765,-78.93571475346867,leisure,park,,,,,,,"{""leisure"": ""park""}",2026-10-10T14:14:29Z,OpenStreetMap Overpass API,False,"POLYGON ((-78.935887 36.004882, -78.935422 36.005031, -78.935378 36.005063, -78.935366 36.005083, -78.935361 36.005118, -78.935347 36.005249, -78.935291 36.005391, -78.935175 36.005567, -78.935085 36.0057, -78.935075 36.005725, -78.935107 36.005762, -78.93571 36.00601, -78.935756 36.006019, -78.935802 36.006008, -78.936114 36.005751, -78.936187 36.005693, -78.936222 36.005626, -78.936222 36.005542, -78.93618 36.005464, -78.935914 36.004938, -78.935887 36.004882))"
DUR-02_osm_way_509731389,DUR-02,Durham,way,509731389,,,Polygon,36.00427740000001,-78.93530657290134,leisure,park,,,,,,,"{""leisure"": ""park""}",2026-10-10T14:14:29Z,OpenStreetMap Overpass API,False,"POLYGON ((-78.936268 36.004084, -78.936222 36.004001, -78.936192 36.004006, -78.936158 36.003996, -78.936123 36.003936, -78.936133 36.003904, -78.936166 36.003896, -78.93611 36.003783, -78.935411 36.003991, -78.935364 36.004001, -78.935395 36.004064, -78.935377 36.004069, -78.935417 36.004148, -78.935342 36.004177, -78.9353 36.004107, -78.935222 36.004114, -78.934955 36.0042, -78.934963 36.004218, -78.9349 36.004241, -78.934933 36.004314, -78.934843 36.004342, -78.934688 36.004029, -78.934793 36.003989, -78.934775 36.003948, -78.935117 36.003836, -78.935077 36.003764, -78.935106 36.003754, -78.934988 36.00352, -78.93494 36.003528, -78.934326 36.004442, -78.934425 36.004503, -78.934468 36.004554, -78.934481 36.004592, -78.934515 36.004641, -78.934561 36.004682, -78.93467 36.004757, -78.934592 36.004824, -78.934602 36.004892, -78.934668 36.004939, -78.934736 36.004965, -78.934808 36.004951, -78.934835 36.00499, -78.93485 36.005016, -78.934918 36.004992, -78.934988 36.004967, -78.93503 36.004994, -78.935205 36.00494, -78.935609 36.004356, -78.935584 36.004316, -78.936268 36.004084))"
DUR-02_osm_way_625075122,DUR-02,Durham,way,625075122,Duke Softball Stadium,duke softball stadium,Polygon,36.0089418,-78.91825358810799,leisure,stadium,,,city=Durham; housenumber=4; postcode=27705; state=NC; street=Brodie Gym Drive,,,,"{""addr:city"": ""Durham"", ""addr:housenumber"": ""4"", ""addr:postcode"": ""27705"", ""addr:state"": ""NC"", ""addr:street"": ""Brodie Gym Drive"", ""leisure"": ""stadium"", ""name"": ""Duke Softball Stadium"", ""source"": ""survey"", ""source:addr"": ""Durham Open Data"", ""sport"": ""softball""}",2026-10-10T14:14:29Z,OpenStreetMap Overpass API,False,"POLYGON ((-78.917813 36.008695, -78.917818 36.008646, -78.918027 36.008649, -78.918026 36.008697, -78.91808 36.008697, -78.918081 36.008674, -78.918302 36.008674, -78.918279 36.008608, -78.918352 36.008609, -78.918352 36.008581, -78.918352 36.00851, -78.91852 36.008511, -78.918761 36.008707, -78.918761 36.008972, -78.918695 36.008972, -78.918695 36.009101, -78.918573 36.009103, -78.918576 36.009265, -78.918504 36.009263, -78.91842 36.009297, -78.918368 36.009313, -78.918301 36.009326, -78.918233 36.009327, -78.91816 36.009322, -78.918087 36.00931, -78.918007 36.009283, -78.91794 36.009249, -78.917883 36.009209, -78.917827 36.009152, -78.917789 36.009097, -78.917762 36.009044, -78.917749 36.008988, -78.917744 36.008912, -78.917752 36.008841, -78.917771 36.008769, -78.917813 36.008695))"
DUR-02_osm_way_625121109,DUR-02,Durham,way,625121109,Baldwin Auditorium,baldwin auditorium,Polygon,36.0090688,-78.9146329,amenity,theatre,,,city=Durham; housenumber=1336; postcode=27705; state=NC; street=Campus Drive,,,,"{""addr:city"": ""Durham"", ""addr:housenumber"": ""1336"", ""addr:postcode"": ""27705"", ""addr:state"": ""NC"", ""addr:street"": ""Campus Drive"", ""amenity"": ""theatre"", ""building"": ""yes"", ""name"": ""Baldwin Auditorium"", ""ref"": ""Baldwin"", ""source:addr"": ""Durham Open Data""}",2026-10-10T14:14:29Z,OpenStreetMap Overpass API,False,"POLYGON ((-78.914522 36.009241, -78.914522 36.009227, -78.914461 36.009226, -78.914463 36.009152, -78.914446 36.009151, -78.914451 36.008979, -78.914468 36.008979, -78.914469 36.008903, -78.914532 36.008904, -78.914536 36.008865, -78.914741 36.008869, -78.91474 36.008896, -78.914745 36.008896, -78.914744 36.008908, -78.914806 36.00891, -78.914804 36.008947, -78.914802 36.008986, -78.914819 36.008986, -78.914814 36.009159, -78.914799 36.009159, -78.914797 36.009232, -78.914735 36.009231, -78.914735 36.009245, -78.914522 36.009241))"
DUR-02_osm_way_625303119,DUR-02,Durham,way,625303119,Cameron Indoor Stadium,cameron indoor stadium,Polygon,35.997449599999996,-78.94226690363465,leisure,pitch,,,city=Durham; housenumber=115; postcode=27705; state=NC; street=Whitford Drive,Q2934766,,,"{""addr:city"": ""Durham"", ""addr:housenumber"": ""115"", ""addr:postcode"": ""27705"", ""addr:state"": ""NC"", ""addr:street"": ""Whitford Drive"", ""building"": ""yes"", ""leisure"": ""pitch"", ""name"": ""Cameron Indoor Stadium"", ""source:addr"": ""Durham Open Data"", ""sport"": ""basketball"", ""wikidata"": ""Q2934766""}",2026-10-10T14:14:29Z,OpenStreetMap Overpass API,False,"POLYGON ((-78.94269 35.997399, -78.942676 35.997392, -78.942702 35.997356, -78.942686 35.99731, -78.942622 35.99728, -78.942625 35.997276, -78.942622 35.997275, -78.942652 35.997232, -78.942657 35.997234, -78.94272 35.997146, -78.942714 35.997143, -78.94274 35.997108, -78.942665 35.997073, -78.94268 35.997051, -78.942596 35.997012, -78.942521 35.996977, -78.942506 35.996999, -78.94243 35.996964, -78.942406 35.996999, -78.9424 35.996996, -78.942338 35.997085, -78.942343 35.997088, -78.94231 35.997134, -78.942247 35.997104, -78.942188 35.997117, -78.942035 35.997334, -78.942012 35.997324, -78.942021 35.997312, -78.94198 35.997292, -78.941872 35.997446, -78.941913 35.997465, -78.941922 35.997453, -78.941944 35.997463, -78.94179 35.997681, -78.941806 35.997729, -78.941868 35.997758, -78.941866 35.997762, -78.942178 35.997908, -78.942181 35.997904, -78.942244 35.997934, -78.942305 35.997917, -78.942319 35.997924, -78.94269 35.997399))"
DUR-02_osm_way_625303125,DUR-02,Durham,way,625303125,William D Murray Building,william d murray building,Polygon,35.99631325,-78.94292859689757,leisure,sports_centre,,,city=Durham; housenumber=110; postcode=27705; state=NC; street=Whitford Drive,,,,"{""addr:city"": ""Durham"", ""addr:housenumber"": ""110"", ""addr:postcode"": ""27705"", ""addr:state"": ""NC"", ""addr:street"": ""Whitford Drive"", ""building"": ""yes"", ""leisure"": ""sports_centre"", ""name"": ""William D Murray Building"", ""source"": ""survey"", ""source:addr"": ""Durham Open Data""}",2026-10-10T14:14:29Z,OpenStreetMap Overpass API,False,"POLYGON ((-78.942791 35.996135, -78.942955 35.996192, -78.942951 35.9962, -78.942985 35.996211, -78.942989 35.996204, -78.943182 35.996271, -78.94307 35.996485, -78.943067 35.996492, -78.942698 35.996363, -78.942675 35.996355, -78.942791 35.996135))"
DUR-02_osm_way_625303127,DUR-02,Durham,way,625303127,Scott Family Pavilion,scott family pavilion,Polygon,35.99657575,-78.94281634377778,leisure,sports_centre,,,city=Durham; housenumber=110; postcode=27705; state=NC; street=Whitford Drive,,,,"{""addr:city"": ""Durham"", ""addr:housenumber"": ""110"", ""addr:postcode"": ""27705"", ""addr:state"": ""NC"", ""addr:street"": ""Whitford Drive"", ""building"": ""yes"", ""leisure"": ""sports_centre"", ""name"": ""Scott Family Pavilion"", ""source"": ""survey"", ""source:addr"": ""Durham Open Data""}",2026-10-10T14:14:29Z,OpenStreetMap Overpass API,False,"POLYGON ((-78.942965 35.996813, -78.942862 35.996764, -78.942567 35.996625, -78.942514 35.9966, -78.942674 35.996375, -78.942688 35.996382, -78.942698 35.996363, -78.943067 35.996492, -78.94307 35.996485, -78.943098 35.996494, -78.94309 35.996509, -78.943085 35.996508, -78.943067 35.996543, -78.943073 35.996544, -78.943066 35.996559, -78.943137 35.996593, -78.942996 35.99679, -78.942985 35.996785, -78.942965 35.996813))"
DUR-02_osm_way_626679838,DUR-02,Durham,way,626679838,Duke Chapel,duke chapel,Polygon,36.00186815,-78.94028608526361,amenity,place_of_worship,,,city=Durham; housenumber=401; postcode=27705; state=NC; street=Chapel Drive,Q5312747,,,"{""addr:city"": ""Durham"", ""addr:housenumber"": ""401"", ""addr:postcode"": ""27705"", ""addr:state"": ""NC"", ""addr:street"": ""Chapel Drive"", ""amenity"": ""place_of_worship"", ""building"": ""university"", ""name"": ""Duke Chapel"", ""opening_hours"": ""10:00-20:00"", ""religion"": ""christian"", ""source"": ""survey"", ""source:addr"": ""Durham Open Data"", ""wikidata"": ""Q5312747""}",2026-10-10T14:14:29Z,OpenStreetMap Overpass API,False,"POLYGON ((-78.940392 36.002104, -78.94039 36.002108, -78.940348 36.002088, -78.940342 36.002097, -78.940322 36.002087, -78.940317 36.002094, -78.940338 36.002103, -78.940328 36.002116, -78.940311 36.002108, -78.940307 36.002114, -78.940299 36.00211, -78.940287 36.002126, -78.940271 36.002119, -78.940283 36.002102, -78.940191 36.00206, -78.940178 36.002076, -78.940162 36.002068, -78.940174 36.002052, -78.940166 36.002048, -78.94017 36.002042, -78.940152 36.002034, -78.940162 36.002021, -78.940182 36.002031, -78.940187 36.002024, -78.940166 36.002015, -78.940175 36.002002, -78.940196 36.002011, -78.940218 36.00198, -78.940171 36.001958, -78.940166 36.001966, -78.94015 36.001958, -78.940155 36.001951, -78.940113 36.001931, -78.940108 36.001939, -78.940092 36.001931, -78.940097 36.001924, -78.940055 36.001904, -78.94005 36.001912, -78.940034 36.001904, -78.940039 36.001897, -78.939997 36.001877, -78.939992 36.001884, -78.939976 36.001877, -78.939981 36.00187, -78.939939 36.00185, -78.939934 36.001857, -78.939918 36.00185, -78.939923 36.001843, -78.939881 36.001823, -78.939876 36.00183, -78.939872 36.001828, -78.939865 36.001838, -78.93985 36.001841, -78.939836 36.001835, -78.939832 36.001822, -78.939839 36.001812, -78.939834 36.00181, -78.939838 36.001805, -78.939806 36.00179, -78.939804 36.001793, -78.93979 36.00179, -78.939811 36.001761, -78.93978 36.001747, -78.939782 36.001743, -78.939775 36.00174, -78.939778 36.001736, -78.93977 36.001733, -78.939759 36.00175, -78.939738 36.00174, -78.93975 36.001724, -78.939744 36.001721, -78.939747 36.001716, -78.939733 36.001709, -78.939793 36.001623, -78.939808 36.00163, -78.939811 36.001625, -78.939817 36.001628, -78.939829 36.001612, -78.939849 36.001621, -78.939838 36.001638, -78.939855 36.001641, -78.939857 36.001637, -78.939888 36.001652, -78.939909 36.001622, -78.939918 36.001631, -78.939916 36.001634, -78.939948 36.001649, -78.939952 36.001644, -78.939957 36.001646, -78.939964 36.001636, -78.939979 36.001632, -78.939993 36.001639, -78.939997 36.001651, -78.93999 36.001661, -78.939994 36.001663, -78.939989 36.00167, -78.940031 36.001689, -78.940036 36.001682, -78.940052 36.00169, -78.940047 36.001697, -78.940089 36.001716, -78.940094 36.001709, -78.94011 36.001717, -78.940105 36.001724, -78.940147 36.001744, -78.940152 36.001736, -78.940168 36.001744, -78.940163 36.001751, -78.940205 36.001771, -78.94021 36.001764, -78.940226 36.001771, -78.940221 36.001778, -78.940263 36.001798, -78.940268 36.00179, -78.940284 36.001798, -78.940279 36.001805, -78.940326 36.001827, -78.940348 36.001796, -78.940327 36.001787, -78.940336 36.001774, -78.940357 36.001783, -78.940362 36.001777, -78.940341 36.001767, -78.94035 36.001754, -78.940368 36.001762, -78.940372 36.001757, -78.940379 36.00176, -78.940392 36.001744, -78.940408 36.001752, -78.940396 36.001768, -78.940432 36.001785, -78.940488 36.001811, -78.9405 36.001795, -78.940516 36.001802, -78.940505 36.001819, -78.940513 36.001823, -78.940509 36.001828, -78.940518 36.001832, -78.940521 36.001828, -78.940533 36.001834, -78.94053 36.001838, -78.940549 36.001847, -78.940552 36.001843, -78.940564 36.001848, -78.940561 36.001852, -78.94058 36.001861, -78.940583 36.001857, -78.940594 36.001862, -78.940592 36.001867, -78.94061 36.001876, -78.940613 36.001871, -78.940625 36.001877, -78.940622 36.001881, -78.940638 36.001893, -78.940643 36.001891, -78.94065 36.0019, -78.940644 36.001903, -78.94065 36.00192, -78.940656 36.00192, -78.940656 36.001931, -78.94065 36.001931, -78.940644 36.001948, -78.94065 36.00195, -78.940643 36.00196, -78.940638 36.001958, -78.940622 36.00197, -78.940633 36.001976, -78.940622 36.001992, -78.94063 36.001996, -78.940625 36.002002, -78.940646 36.002012, -78.940636 36.002025, -78.940616 36.002015, -78.940564 36.002089, -78.940584 36.002099, -78.940575 36.002112, -78.940555 36.002102, -78.94055 36.002109, -78.940542 36.002105, -78.940531 36.00212, -78.940515 36.002113, -78.940526 36.002097, -78.940486 36.002078, -78.940474 36.002094, -78.940469 36.002091, -78.940443 36.002128, -78.940392 36.002104))"
DUR-02_osm_way_664165390,DUR-02,Durham,way,664165390,Wallace Wade Stadium,wallace wade stadium,Polygon,35.995445849999996,-78.94188924076411,leisure,stadium,,,city=Durham; country=US; housenumber=120; postcode=27705; state=NC; street=Bassett Drive,Q3565475,en:Wallace Wade Stadium,,"{""addr:city"": ""Durham"", ""addr:country"": ""US"", ""addr:housenumber"": ""120"", ""addr:postcode"": ""27705"", ""addr:state"": ""NC"", ""addr:street"": ""Bassett Drive"", ""leisure"": ""stadium"", ""name"": ""Wallace Wade Stadium"", ""wikidata"": ""Q3565475"", ""wikipedia"": ""en:Wallace Wade Stadium""}",2026-10-10T14:14:29Z,OpenStreetMap Overpass API,False,"POLYGON ((-78.942689 35.994709, -78.942526 35.994782, -78.942407 35.994831, -78.942397 35.994816, -78.942315 35.994714, -78.942252 35.994648, -78.942183 35.994585, -78.942131 35.994623, -78.94208 35.994565, -78.941991 35.99463, -78.941967 35.994634, -78.94194 35.994546, -78.941665 35.994602, -78.941332 35.994667, -78.941055 35.994723, -78.941097 35.994874, -78.941091 35.994895, -78.940865 35.994845, -78.940847 35.99489, -78.940827 35.994966, -78.940804 35.995106, -78.9408 35.995306, -78.940806 35.995371, -78.940828 35.995487, -78.940882 35.995658, -78.94091 35.995725, -78.940957 35.995818, -78.941047 35.995956, -78.941139 35.996069, -78.941229 35.996157, -78.941304 35.996212, -78.941446 35.996286, -78.941555 35.996323, -78.941652 35.996341, -78.941736 35.996351, -78.941885 35.996352, -78.942116 35.996306, -78.942199 35.996278, -78.942225 35.996266, -78.942358 35.996188, -78.942429 35.996128, -78.94249 35.996064, -78.942549 35.99598, -78.94257 35.995942, -78.94259 35.99589, -78.942615 35.995804, -78.942643 35.995642, -78.942773 35.995645, -78.942828 35.995644, -78.942829 35.995628, -78.942862 35.995628, -78.942861 35.995644, -78.942916 35.995647, -78.942918 35.995557, -78.942964 35.995556, -78.942956 35.995405, -78.942944 35.995318, -78.942927 35.995232, -78.942901 35.995138, -78.942869 35.995046, -78.942831 35.994957, -78.942793 35.994879, -78.942751 35.994804, -78.942689 35.994709))"
DUR-02_osm_way_697187543,DUR-02,Durham,way,697187543,Twinnies Cafe,twinnies cafe,Point,36.0035049,-78.9398651,amenity,cafe,,,,,,,"{""amenity"": ""cafe"", ""building"": ""yes"", ""cuisine"": ""coffee_shop"", ""internet_access"": ""yes"", ""name"": ""Twinnies Cafe""}",2026-10-10T14:14:29Z,OpenStreetMap Overpass API,False,POINT (-78.939865 36.003505)
DUR-02_osm_way_923463968,DUR-02,Durham,way,923463968,Jack Katz Stadium,jack katz stadium,Point,36.0079144,-78.9189339,leisure,stadium,,,,Q16973313,en:Jack Katz Stadium,,"{""leisure"": ""stadium"", ""name"": ""Jack Katz Stadium"", ""wikidata"": ""Q16973313"", ""wikipedia"": ""en:Jack Katz Stadium""}",2026-10-10T14:14:29Z,OpenStreetMap Overpass API,False,POINT (-78.918934 36.007914)
RAL-01_osm_node_10049367856,RAL-01,Raleigh,node,10049367856,Cashpoints,cashpoints,Point,35.7826443,-78.6447226,amenity,atm,,Cashpoints,,,,,"{""amenity"": ""atm"", ""cash_in"": ""yes"", ""drive_through"": ""no"", ""operator"": ""Cashpoints""}",2026-10-10T14:14:29Z,OpenStreetMap Overpass API,False,POINT (-78.644723 35.782644)
RAL-01_osm_node_10120181528,RAL-01,Raleigh,node,10120181528,Charles Aycock,charles aycock,Point,35.779862,-78.6394769,tourism,artwork,,,,,,,"{""artwork_type"": ""statue"", ""name"": ""Charles Aycock"", ""tourism"": ""artwork""}",2026-10-10T14:14:29Z,OpenStreetMap Overpass API,False,POINT (-78.639477 35.779862)
RAL-01_osm_node_10120181529,RAL-01,Raleigh,node,10120181529,Zebulon Baird Vance,zebulon baird vance,Point,35.7798318,-78.6387845,tourism,artwork,,,,,,,"{""artwork_type"": ""statue"", ""name"": ""Zebulon Baird Vance"", ""tourism"": ""artwork""}",2026-10-10T14:14:29Z,OpenStreetMap Overpass API,False,POINT (-78.638784 35.779832)
RAL-01_osm_node_10120181530,RAL-01,Raleigh,node,10120181530,Charles Duncan McIver,charles duncan mciver,Point,35.780147,-78.638713,tourism,artwork,,,,,,,"{""artwork_type"": ""statue"", ""name"": ""Charles Duncan McIver"", ""tourism"": ""artwork""}",2026-10-10T14:14:29Z,OpenStreetMap Overpass API,False,POINT (-78.638713 35.780147)
RAL-01_osm_node_10120181531,RAL-01,Raleigh,node,10120181531,Worth Bagley,worth bagley,Point,35.7801566,-78.6395488,tourism,artwork,,,,,,,"{""artwork_type"": ""statue"", ""name"": ""Worth Bagley"", ""tourism"": ""artwork""}",2026-10-10T14:14:29Z,OpenStreetMap Overpass API,False,POINT (-78.639549 35.780157)
RAL-01_osm_node_10537162720,RAL-01,Raleigh,node,10537162720,The Rainbow Luncheonette,the rainbow luncheonette,Point,35.7915144,-78.6443201,amenity,restaurant,,,city=Raleigh; housenumber=911; postcode=27603; state=NC; street=North West Street,,,,"{""addr:city"": ""Raleigh"", ""addr:housenumber"": ""911"", ""addr:postcode"": ""27603"", ""addr:state"": ""NC"", ""addr:street"": ""North West Street"", ""amenity"": ""restaurant"", ""name"": ""The Rainbow Luncheonette""}",2026-10-10T14:14:29Z,OpenStreetMap Overpass API,False,POINT (-78.64432 35.791514)
RAL-01_osm_node_1055457666,RAL-01,Raleigh,node,1055457666,Big Ed's City Market Restaurant,big ed s city market restaurant,Point,35.7760831,-78.6359932,amenity,restaurant,,,,,,http://www.bigedscitymarket.com/,"{""amenity"": ""restaurant"", ""cuisine"": ""american"", ""name"": ""Big Ed's City Market Restaurant"", ""opening_hours"": ""Mo-Fr 07:00-14:00; Sa 07:00-12:00; Su 08:00-13:00"", ""phone"": ""+1-919-836-9909"", ""website"": ""http://www.bigedscitymarket.com/""}",2026-10-10T14:14:29Z,OpenStreetMap Overpass API,False,POINT (-78.635993 35.776083)
RAL-01_osm_node_1055457677,RAL-01,Raleigh,node,1055457677,Artspace,artspace,Point,35.7756164,-78.6362669,amenity,arts_centre,,,,,,https://artspacenc.org/,"{""amenity"": ""arts_centre"", ""check_date"": ""2026-07-28"", ""name"": ""Artspace"", ""opening_hours"": ""Tu-Sa 10:00-18:00"", ""phone"": ""+1 919-821-2787"", ""website"": ""https://artspacenc.org/""}",2026-10-10T14:14:29Z,OpenStreetMap Overpass API,False,POINT (-78.636267 35.775616)
RAL-01_osm_node_1055457691,RAL-01,Raleigh,node,1055457691,Woody's at City Market,woody s at city market,Point,35.7763657,-78.6364362,amenity,restaurant,,,city=Raleigh; housenumber=205; postcode=27601; state=NC; street=Wolfe Street,,,https://woodyscitymarket.com/,"{""addr:city"": ""Raleigh"", ""addr:housenumber"": ""205"", ""addr:postcode"": ""27601"", ""addr:state"": ""NC"", ""addr:street"": ""Wolfe Street"", ""amenity"": ""restaurant"", ""name"": ""Woody's at City Market"", ""opening_hours"": ""Mo-Su 11:00-02:00"", ""outdoor_seating"": ""yes"", ""website"": ""https://woodyscitymarket.com/""}",2026-10-10T14:14:29Z,OpenStreetMap Overpass API,False,POINT (-78.636436 35.776366)
RAL-01_osm_node_11024079105,RAL-01,Raleigh,node,11024079105,Pelagic Beer & Wine,pelagic beer and wine,Point,35.7888579,-78.633977,amenity,bar,,,city=Raleigh; housenumber=300; postcode=27604; state=NC; street=Pace Street,,,https://www.pelagicbeerandwine.com,"{""addr:city"": ""Raleigh"", ""addr:housenumber"": ""300"", ""addr:postcode"": ""27604"", ""addr:state"": ""NC"", ""addr:street"": ""Pace Street"", ""amenity"": ""bar"", ""check_date:currency:XBT"": ""2026-04-08"", ""contact:email"": ""pelagicbeer@gmail.com"", ""contact:instagram"": ""https://www.instagram.com/pelagicbeer"", ""currency:XBT"": ""yes"", ""internet_access"": ""wlan"", ""name"": ""Pelagic Beer & Wine"", ""opening_hours"": ""Mo-Th 15:00-21:00; Fr-Sa 12:00-22:00; Su 13:00-20:00"", ""outdoor_seating"": ""yes"", ""payment:lightning"": ""yes"", ""payment:lightning:operator"": ""square"", ""payment:lightning_contactless"": ""no"", ""payment:onchain"": ""no"", ""phone"": ""+1-919-706-5955"", ""website"": ""https://www.pelagicbeerandwine.com""}",2026-10-10T14:14:29Z,OpenStreetMap Overpass API,False,POINT (-78.633977 35.788858)
RAL-01_osm_node_11024123405,RAL-01,Raleigh,node,11024123405,Yellow Dog Bread Company,yellow dog bread company,Point,35.7903054,-78.6346637,shop,bakery,,,housenumber=219; postcode=27604; street=East Franklin Street,,,http://yellowdogbread.com,"{""addr:housenumber"": ""219"", ""addr:postcode"": ""27604"", ""addr:street"": ""East Franklin Street"", ""check_date"": ""2026-08-24"", ""check_date:opening_hours"": ""2026-08-24"", ""internet_access"": ""wlan"", ""name"": ""Yellow Dog Bread Company"", ""opening_hours"": ""Tu-Fr 07:00-16:00; Sa 08:00-16:00; Mo,Su off"", ""payment:mastercard"": ""yes"", ""payment:visa"": ""yes"", ""phone"": ""+1 984-232-0291"", ""shop"": ""bakery"", ""website"": ""http://yellowdogbread.com""}",2026-10-10T14:14:29Z,OpenStreetMap Overpass API,False,POINT (-78.634664 35.790305)
RAL-01_osm_node_11045427405,RAL-01,Raleigh,node,11045427405,Boulted Bread,boulted bread,Point,35.7763527,-78.6484856,shop,bakery,,,housenumber=328; postcode=27603; street=Dupont Circle,,,https://boultedbread.com/,"{""addr:housenumber"": ""328"", ""addr:postcode"": ""27603"", ""addr:street"": ""Dupont Circle"", ""air_conditioning"": ""yes"", ""name"": ""Boulted Bread"", ""opening_hours"": ""We-Fr 07:00-16:00; Sa-Su 08:00-16:00; Mo-Tu off"", ""payment:cash"": ""yes"", ""payment:contactless"": ""yes"", ""payment:credit_cards"": ""yes"", ""shop"": ""bakery"", ""website"": ""https://boultedbread.com/""}",2026-10-10T14:14:29Z,OpenStreetMap Overpass API,False,POINT (-78.648486 35.776353)
RAL-01_osm_node_11191292228,RAL-01,Raleigh,node,11191292228,Poyner YMCA,poyner ymca,Point,35.7773979,-78.6390265,leisure,fitness_centre,,,city=Raleigh; housenumber=227; postcode=27601; state=NC; street=Fayetteville Street,,,https://www.ymcatriangle.org/locations/poyner-ymca,"{""addr:city"": ""Raleigh"", ""addr:housenumber"": ""227"", ""addr:postcode"": ""27601"", ""addr:state"": ""NC"", ""addr:street"": ""Fayetteville Street"", ""leisure"": ""fitness_centre"", ""name"": ""Poyner YMCA"", ""phone"": ""+1-919-591-2227"", ""website"": ""https://www.ymcatriangle.org/locations/poyner-ymca""}",2026-10-10T14:14:29Z,OpenStreetMap Overpass API,False,POINT (-78.639026 35.777398)
RAL-01_osm_node_11191339170,RAL-01,Raleigh,node,11191339170,Amitie Macaron Cafe,amitie macaron cafe,Point,35.7773784,-78.6384395,shop,bakery,,,city=Raleigh; housenumber=230; postcode=27601; state=NC; street=South Wilmington Street,,,https://www.amitiemacaron.com/,"{""addr:city"": ""Raleigh"", ""addr:housenumber"": ""230"", ""addr:postcode"": ""27601"", ""addr:state"": ""NC"", ""addr:street"": ""South Wilmington Street"", ""name"": ""Amitie Macaron Cafe"", ""phone"": ""+1-919-615-2023"", ""shop"": ""bakery"", ""website"": ""https://www.amitiemacaron.com/""}",2026-10-10T14:14:29Z,OpenStreetMap Overpass API,False,POINT (-78.63844 35.777378)
RAL-01_osm_node_11274791407,RAL-01,Raleigh,node,11274791407,William & Company,william and company,Point,35.7887394,-78.6341996,amenity,bar,,,city=Raleigh; housenumber=616; postcode=27604; state=NC; street=North Person Street,,,https://williamcobar.com,"{""addr:city"": ""Raleigh"", ""addr:housenumber"": ""616"", ""addr:postcode"": ""27604"", ""addr:state"": ""NC"", ""addr:street"": ""North Person Street"", ""air_conditioning"": ""yes"", ""amenity"": ""bar"", ""email"": ""info@willcobar.com"", ""indoor_seating"": ""yes"", ""name"": ""William & Company"", ""opening_hours"": ""Mo-Fr 17:00-26:00; Sa-Su 14:00-24:00"", ""outdoor_seating"": ""no"", ""payment:credit_cards"": ""yes"", ""payment:debit_cards"": ""yes"", ""website"": ""https://williamcobar.com"", ""wheelchair"": ""yes""}",2026-10-10T14:14:29Z,OpenStreetMap Overpass API,False,POINT (-78.6342 35.788739)
RAL-01_osm_node_11274794692,RAL-01,Raleigh,node,11274794692,Custom Engraving & Trophy,custom engraving and trophy,Point,35.7886566,-78.6342088,shop,trophy,,,city=Raleigh; housenumber=612; postcode=27604; state=NC; street=North Person Street,,,http://www.customengravingandtrophy.com/,"{""addr:city"": ""Raleigh"", ""addr:housenumber"": ""612"", ""addr:postcode"": ""27604"", ""addr:state"": ""NC"", ""addr:street"": ""North Person Street"", ""name"": ""Custom Engraving & Trophy"", ""opening_hours"": ""Mo-Fr 08:30-18:00"", ""payment:credit_cards"": ""yes"", ""payment:debit_cards"": ""yes"", ""phone"": ""+1 919 834 3240"", ""shop"": ""trophy"", ""website"": ""http://www.customengravingandtrophy.com/"", ""wheelchair"": ""yes""}",2026-10-10T14:14:29Z,OpenStreetMap Overpass API,False,POINT (-78.634209 35.788657)
RAL-01_osm_node_11274809175,RAL-01,Raleigh,node,11274809175,Oakwood Pizza Box,oakwood pizza box,Point,35.7885764,-78.6342116,amenity,restaurant,,,city=Raleigh; housenumber=610; postcode=27604; state=NC; street=North Person Street,,,https://oakwoodpizzabox.com/,"{""addr:city"": ""Raleigh"", ""addr:housenumber"": ""610"", ""addr:postcode"": ""27604"", ""addr:state"": ""NC"", ""addr:street"": ""North Person Street"", ""air_conditioning"": ""yes"", ""amenity"": ""restaurant"", ""contact:facebook"": ""oakwoodpizzabox.nc"", ""contact:instagram"": ""oakwoodpizzabox.nc"", ""contact:twitter"": ""oakwoodpizzabox"", ""cuisine"": ""pizza"", ""email"": ""oakwoodpizzabox@gmail.com"", ""indoor_seating"": ""yes"", ""name"": ""Oakwood Pizza Box"", ""opening_hours"": ""Fr-Su 12:00-21:00; We-Th 17:00-21:00"", ""outdoor_seating"": ""no"", ""payment:credit_cards"": ""yes"", ""payment:debit_cards"": ""yes"", ""phone"": ""+1 919 594 1605"", ""self_service"": ""no"", ""smoking"": ""no"", ""website"": ""https://oakwoodpizzabox.com/"", ""website:menu"": ""https://oakwoodpizzabox.com/pdf/PizzaBox_Menu_Digital.pdf"", ""wheelchair"": ""yes""}",2026-10-10T14:14:29Z,OpenStreetMap Overpass API,False,POINT (-78.634212 35.788576)
RAL-01_osm_node_11283746284,RAL-01,Raleigh,node,11283746284,Oak City Cycling,oak city cycling,Point,35.789375,-78.6345734,shop,bicycle,,,city=Raleigh; country=US; housenumber=707; postcode=27604; state=NC; street=North Person Street,,,https://www.oakcitycycling.com/,"{""addr:city"": ""Raleigh"", ""addr:country"": ""US"", ""addr:housenumber"": ""707"", ""addr:postcode"": ""27604"", ""addr:state"": ""NC"", ""addr:street"": ""North Person Street"", ""check_date"": ""2026-07"", ""contact:email"": ""squirrely@oakcitycycling.com"", ""name"": ""Oak City Cycling"", ""opening_hours"": ""Tu-Fr 11:00-19:00; Sa 10:00-17:00"", ""payment:cash"": ""yes"", ""payment:credit_cards"": ""yes"", ""payment:debit_cards"": ""yes"", ""phone"": ""+1-919-436-0527"", ""service:bicycle:parking"": ""yes"", ""service:bicycle:rental"": ""no"", ""service:bicycle:repair"": ""yes"", ""service:bicycle:retail"": ""yes"", ""service:bicycle:second_hand"": ""yes"", ""shop"": ""bicycle"", ""website"": ""https://www.oakcitycycling.com/"", ""wheelchair"": ""limited""}",2026-10-10T14:14:29Z,OpenStreetMap Overpass API,False,POINT (-78.634573 35.789375)
RAL-01_osm_node_11295970101,RAL-01,Raleigh,node,11295970101,Fifi and Talbot,fifi and talbot,Point,35.7785606,-78.6437715,shop,clothes,,,,,,,"{""name"": ""Fifi and Talbot"", ""opening_hours"": ""Tu-Sa 10:00-18:00; Su 11:00-16:00"", ""shop"": ""clothes""}",2026-10-10T14:14:29Z,OpenStreetMap Overpass API,False,POINT (-78.643772 35.778561)
RAL-01_osm_node_11295980332,RAL-01,Raleigh,node,11295980332,Hightide Salon,hightide salon,Point,35.7769768,-78.6440733,shop,hairdresser,,,,,,,"{""check_date:opening_hours"": ""2023-10-28"", ""female"": ""yes"", ""name"": ""Hightide Salon"", ""opening_hours:signed"": ""no"", ""shop"": ""hairdresser""}",2026-10-10T14:14:29Z,OpenStreetMap Overpass API,False,POINT (-78.644073 35.776977)
RAL-01_osm_node_11295993764,RAL-01,Raleigh,node,11295993764,Yoga Soullective,yoga soullective,Point,35.7769805,-78.6439902,leisure,fitness_centre,,,,,,,"{""leisure"": ""fitness_centre"", ""name"": ""Yoga Soullective"", ""opening_hours"": ""Su 09:45-20:00; Mo-Th 06:00-20:00; Fr 06:00-17:30; Sa 08:45-12:00"", ""sport"": ""yoga""}",2026-10-10T14:14:29Z,OpenStreetMap Overpass API,False,POINT (-78.64399 35.77698)
RAL-01_osm_node_11296003937,RAL-01,Raleigh,node,11296003937,Brasco,brasco,Point,35.776973,-78.6438442,office,advertising_agency,,,,,,,"{""name"": ""Brasco"", ""office"": ""advertising_agency""}",2026-10-10T14:14:29Z,OpenStreetMap Overpass API,False,POINT (-78.643844 35.776973)
RAL-01_osm_node_11296027077,RAL-01,Raleigh,node,11296027077,Black & White,black and white,Point,35.7755242,-78.6446983,amenity,cafe,,,,,,,"{""amenity"": ""cafe"", ""name"": ""Black & White"", ""opening_hours"": ""Sa 09:00-18:00; Su 11:00-17:00; Mo-Fr 08:00-18:00""}",2026-10-10T14:14:29Z,OpenStreetMap Overpass API,False,POINT (-78.644698 35.775524)
RAL-01_osm_node_11296048793,RAL-01,Raleigh,node,11296048793,Tuscan Blu,tuscan blu,Point,35.7750695,-78.6448017,amenity,restaurant,,,,,,,"{""amenity"": ""restaurant"", ""check_date:opening_hours"": ""2023-10-28"", ""name"": ""Tuscan Blu"", ""opening_hours:signed"": ""no""}",2026-10-10T14:14:29Z,OpenStreetMap Overpass API,False,POINT (-78.644802 35.77507)
RAL-01_osm_node_11301177049,RAL-01,Raleigh,node,11301177049,Chido Taco,chido taco,Point,35.7730607,-78.6392501,amenity,restaurant,,,city=Raleigh; housenumber=555; postcode=27601; state=NC; street=Fayetteville Street; unit=100,,,https://chidotaco.com/,"{""addr:city"": ""Raleigh"", ""addr:housenumber"": ""555"", ""addr:postcode"": ""27601"", ""addr:state"": ""NC"", ""addr:street"": ""Fayetteville Street"", ""addr:unit"": ""100"", ""air_conditioning"": ""yes"", ""amenity"": ""restaurant"", ""bar"": ""yes"", ""brewery"": ""various"", ""cuisine"": ""mexican"", ""description"": ""Mercado Style Taqueria"", ""drive_through"": ""no"", ""name"": ""Chido Taco"", ""opening_hours"": ""Su-Th 11:00-22:00, Fr,Sa 11:00-24:00"", ""takeaway"": ""yes"", ""website"": ""https://chidotaco.com/""}",2026-10-10T14:14:29Z,OpenStreetMap Overpass API,False,POINT (-78.63925 35.773061)
RAL-01_osm_node_11390147476,RAL-01,Raleigh,node,11390147476,Raleigh Memorial Auditorium,raleigh memorial auditorium,Point,35.7711073,-78.6395895,amenity,theatre,,,city=Raleigh; housenumber=2; postcode=27601; state=NC; street=East South Street,,,,"{""addr:city"": ""Raleigh"", ""addr:housenumber"": ""2"", ""addr:postcode"": ""27601"", ""addr:state"": ""NC"", ""addr:street"": ""East South Street"", ""amenity"": ""theatre"", ""name"": ""Raleigh Memorial Auditorium"", ""phone"": ""+19199968700""}",2026-10-10T14:14:29Z,OpenStreetMap Overpass API,False,POINT (-78.63959 35.771107)
RAL-01_osm_node_11484288969,RAL-01,Raleigh,node,11484288969,RUMAH,rumah,Point,35.7804806,-78.6457049,amenity,community_centre,,,"housenumber=415, suite 101; postcode=27603",,,https://linktr.ee/raleighunitedmutualaidhub,"{""addr:housenumber"": ""415, suite 101"", ""addr:postcode"": ""27603"", ""amenity"": ""community_centre"", ""contact:facebook"": ""100091292288720"", ""contact:instagram"": ""raleighunitedmutualaidhub"", ""email"": ""contact.rumah@gmail.com"", ""name"": ""RUMAH"", ""website"": ""https://linktr.ee/raleighunitedmutualaidhub""}",2026-10-10T14:14:29Z,OpenStreetMap Overpass API,False,POINT (-78.645705 35.780481)
RAL-01_osm_node_11500412490,RAL-01,Raleigh,node,11500412490,Jolie,jolie,Point,35.7888691,-78.6341988,amenity,restaurant,,,city=Raleigh; housenumber=620; postcode=27604; state=NC; street=North Person Street,,,https://restaurantjolie.com/,"{""addr:city"": ""Raleigh"", ""addr:housenumber"": ""620"", ""addr:postcode"": ""27604"", ""addr:state"": ""NC"", ""addr:street"": ""North Person Street"", ""amenity"": ""restaurant"", ""cuisine"": ""french"", ""name"": ""Jolie"", ""opening_hours"": ""Tu-Sa 17:00-22:00"", ""phone"": ""+1 919 803 7221"", ""website"": ""https://restaurantjolie.com/""}",2026-10-10T14:14:29Z,OpenStreetMap Overpass API,False,POINT (-78.634199 35.788869)
RAL-01_osm_node_11500412491,RAL-01,Raleigh,node,11500412491,Cora,cora,Point,35.7891503,-78.6345268,amenity,restaurant,,,city=Raleigh; housenumber=701; postcode=27604; state=NC; street=North Person Street,,,https://corakitchenbar.com,"{""addr:city"": ""Raleigh"", ""addr:housenumber"": ""701"", ""addr:postcode"": ""27604"", ""addr:state"": ""NC"", ""addr:street"": ""North Person Street"", ""amenity"": ""restaurant"", ""check_date"": ""2026-09-04"", ""check_date:opening_hours"": ""2026-09-04"", ""contact:instagram"": ""CORAKITCHENBAR"", ""cuisine"": ""breakfast;mexican;spanish;tapas"", ""email"": ""info@corakitchenbar.com"", ""name"": ""Cora"", ""opening_hours"": ""Mo-Su 08:00-12:00"", ""phone"": ""+1-919-977-1567"", ""website"": ""https://corakitchenbar.com"", ""website:menu"": ""https://corakitchenbar.com/menu""}",2026-10-10T14:14:29Z,OpenStreetMap Overpass API,False,POINT (-78.634527 35.78915)
RAL-01_osm_node_11500412492,RAL-01,Raleigh,node,11500412492,Gallicchio's Market and Eatery,gallicchio s market and eatery,Point,35.7890658,-78.6342038,amenity,restaurant,,,city=Raleigh; housenumber=702; postcode=27604; state=NC; street=North Person Street,,,,"{""addr:city"": ""Raleigh"", ""addr:housenumber"": ""702"", ""addr:postcode"": ""27604"", ""addr:state"": ""NC"", ""addr:street"": ""North Person Street"", ""amenity"": ""restaurant"", ""check_date"": ""2026-09-04"", ""contact:instagram"": ""gallicchiosmarket"", ""name"": ""Gallicchio's Market and Eatery""}",2026-10-10T14:14:29Z,OpenStreetMap Overpass API,False,POINT (-78.634204 35.789066)
RAL-01_osm_node_11500412493,RAL-01,Raleigh,node,11500412493,Standard Beer + Food,standard beer food,Point,35.7903542,-78.6350996,amenity,restaurant,,,city=Raleigh; housenumber=205; postcode=27604; state=NC; street=East Franklin Street,,,https://standardbeerandfood.com/,"{""addr:city"": ""Raleigh"", ""addr:housenumber"": ""205"", ""addr:postcode"": ""27604"", ""addr:state"": ""NC"", ""addr:street"": ""East Franklin Street"", ""amenity"": ""restaurant"", ""name"": ""Standard Beer + Food"", ""opening_hours"": ""Mo-Th 16:00-22:00; Fr 11:30-23:00; Sa 11:00-23:00; Su 11:00-20:30"", ""phone"": ""+1-919-322-1499"", ""website"": ""https://standardbeerandfood.com/""}",2026-10-10T14:14:29Z,OpenStreetMap Overpass API,False,POINT (-78.6351 35.790354)
RAL-01_osm_node_11500412494,RAL-01,Raleigh,node,11500412494,Krave Kava Bar & Tea Lounge,krave kava bar and tea lounge,Point,35.7894635,-78.6345598,amenity,bar,,,city=Raleigh; housenumber=709; postcode=27604; state=NC; street=North Person Street,,,https://www.kravekava.com/,"{""addr:city"": ""Raleigh"", ""addr:housenumber"": ""709"", ""addr:postcode"": ""27604"", ""addr:state"": ""NC"", ""addr:street"": ""North Person Street"", ""amenity"": ""bar"", ""name"": ""Krave Kava Bar & Tea Lounge"", ""opening_hours"": ""Su-Th 12:00-24:00, Fr,Sa 12:00-01:00"", ""phone"": ""+1 919 408 9596"", ""website"": ""https://www.kravekava.com/"", ""wheelchair"": ""limited""}",2026-10-10T14:14:29Z,OpenStreetMap Overpass API,False,POINT (-78.63456 35.789464)
RAL-01_osm_node_11500412495,RAL-01,Raleigh,node,11500412495,So & So Books,so and so books,Point,35.7898414,-78.6345627,shop,books,,,city=Raleigh; housenumber=719; postcode=27604; state=NC; street=North Person Street,,,https://www.soandsobooks.com/,"{""addr:city"": ""Raleigh"", ""addr:housenumber"": ""719"", ""addr:postcode"": ""27604"", ""addr:state"": ""NC"", ""addr:street"": ""North Person Street"", ""name"": ""So & So Books"", ""opening_hours"": ""Tu-Fr 10:00-18:00; Sa 10:00-17:00; Su 13:00-17:00"", ""phone"": ""+19194269502"", ""shop"": ""books"", ""website"": ""https://www.soandsobooks.com/"", ""wheelchair"": ""yes""}",2026-10-10T14:14:29Z,OpenStreetMap Overpass API,False,POINT (-78.634563 35.789841)
RAL-01_osm_node_11500412496,RAL-01,Raleigh,node,11500412496,Flex Nightclub,flex nightclub,Point,35.7784517,-78.6485949,amenity,bar,,,city=Raleigh; housenumber=615; postcode=27603; state=NC; street=West Hargett Street,,,https://www.flex-club.com/,"{""addr:city"": ""Raleigh"", ""addr:housenumber"": ""615"", ""addr:postcode"": ""27603"", ""addr:state"": ""NC"", ""addr:street"": ""West Hargett Street"", ""amenity"": ""bar"", ""lgbtq"": ""primary"", ""name"": ""Flex Nightclub"", ""smoking"": ""outside"", ""website"": ""https://www.flex-club.com/""}",2026-10-10T14:14:29Z,OpenStreetMap Overpass API,False,POINT (-78.648595 35.778452)
RAL-01_osm_node_11680850865,RAL-01,Raleigh,node,11680850865,Little Native Coffee Co.,little native coffee co,Point,35.7744102,-78.6353026,amenity,cafe,,,city=Raleigh; housenumber=426; postcode=27601; state=NC; street=South Person Street,,,https://www.drinklittlenative.com,"{""addr:city"": ""Raleigh"", ""addr:housenumber"": ""426"", ""addr:postcode"": ""27601"", ""addr:state"": ""NC"", ""addr:street"": ""South Person Street"", ""amenity"": ""cafe"", ""cuisine"": ""coffee_shop"", ""internet_access"": ""yes"", ""name"": ""Little Native Coffee Co."", ""opening_hours"": ""Sa-Tu 07:00-17:00; We-Fr 07:00-20:00"", ""outdoor_seating"": ""yes"", ""phone"": ""+1-919-239-4825"", ""website"": ""https://www.drinklittlenative.com"", ""website:menu"": ""http://littlenativecoffee.square.site""}",2026-10-10T14:14:29Z,OpenStreetMap Overpass API,False,POINT (-78.635303 35.77441)
RAL-01_osm_node_11805815216,RAL-01,Raleigh,node,11805815216,The Davie,the davie,Point,35.7753896,-78.6368743,amenity,bar,,,city=Raleigh; housenumber=444; postcode=27601; state=NC; street=South Blount Street; unit=101,,,,"{""addr:city"": ""Raleigh"", ""addr:housenumber"": ""444"", ""addr:postcode"": ""27601"", ""addr:state"": ""NC"", ""addr:street"": ""South Blount Street"", ""addr:unit"": ""101"", ""amenity"": ""bar"", ""brewery"": ""various"", ""min_age"": ""21"", ""name"": ""The Davie""}",2026-10-10T14:14:29Z,OpenStreetMap Overpass API,False,POINT (-78.636874 35.77539)
RAL-01_osm_node_11828706834,RAL-01,Raleigh,node,11828706834,Fallon's Flowers - Main,fallon s flowers main,Point,35.7889215,-78.6508529,shop,florist,,,city=Raleigh; housenumber=700; postcode=27605; state=NC; street=Saint Marys Street,,,,"{""addr:city"": ""Raleigh"", ""addr:housenumber"": ""700"", ""addr:postcode"": ""27605"", ""addr:state"": ""NC"", ""addr:street"": ""Saint Marys Street"", ""name"": ""Fallon's Flowers - Main"", ""payment:cash"": ""yes"", ""payment:credit_cards"": ""yes"", ""payment:visa"": ""yes"", ""shop"": ""florist""}",2026-10-10T14:14:29Z,OpenStreetMap Overpass API,False,POINT (-78.650853 35.788922)
RAL-01_osm_node_11828706835,RAL-01,Raleigh,node,11828706835,Peace Street Market,peace street market,Point,35.7888673,-78.6503085,shop,convenience,,,city=Raleigh; housenumber=804; postcode=27605; state=NC; street=West Peace Street,,,,"{""addr:city"": ""Raleigh"", ""addr:housenumber"": ""804"", ""addr:postcode"": ""27605"", ""addr:state"": ""NC"", ""addr:street"": ""West Peace Street"", ""name"": ""Peace Street Market"", ""shop"": ""convenience""}",2026-10-10T14:14:29Z,OpenStreetMap Overpass API,False,POINT (-78.650308 35.788867)
RAL-01_osm_node_11986844634,RAL-01,Raleigh,node,11986844634,Tempo by Hilton Raleigh Downtown,tempo by hilton raleigh downtown,Point,35.7759024,-78.6426092,tourism,hotel,Tempo,,city=Raleigh; housenumber=200; postcode=27601; state=NC; street=West Davie Street,,,,"{""addr:city"": ""Raleigh"", ""addr:housenumber"": ""200"", ""addr:postcode"": ""27601"", ""addr:state"": ""NC"", ""addr:street"": ""West Davie Street"", ""brand"": ""Tempo"", ""brand:wikidata"": ""Q112144357"", ""name"": ""Tempo by Hilton Raleigh Downtown"", ""official_name"": ""Tempo by Hilton"", ""tourism"": ""hotel""}",2026-10-10T14:14:29Z,OpenStreetMap Overpass API,False,POINT (-78.642609 35.775902)
RAL-01_osm_node_11986844635,RAL-01,Raleigh,node,11986844635,Homewood Suites by Hilton Raleigh Downtown,homewood suites by hilton raleigh downtown,Point,35.7759065,-78.6422396,tourism,hotel,Homewood Suites,,city=Raleigh; housenumber=200; postcode=27601; state=NC; street=West Davie Street,,,,"{""addr:city"": ""Raleigh"", ""addr:housenumber"": ""200"", ""addr:postcode"": ""27601"", ""addr:state"": ""NC"", ""addr:street"": ""West Davie Street"", ""brand"": ""Homewood Suites"", ""brand:wikidata"": ""Q5890701"", ""name"": ""Homewood Suites by Hilton Raleigh Downtown"", ""official_name"": ""Homewood Suites by Hilton"", ""tourism"": ""hotel""}",2026-10-10T14:14:29Z,OpenStreetMap Overpass API,False,POINT (-78.64224 35.775906)
RAL-01_osm_node_1216186193,RAL-01,Raleigh,node,1216186193,Botanical Lounge,botanical lounge,Point,35.7856609,-78.6475829,amenity,bar,,,housenumber=419; street=Glenwood Avenue,,,https://botanicalraleigh.com/,"{""addr:housenumber"": ""419"", ""addr:street"": ""Glenwood Avenue"", ""amenity"": ""bar"", ""check_date"": ""2026-09-29"", ""name"": ""Botanical Lounge"", ""website"": ""https://botanicalraleigh.com/""}",2026-10-10T14:14:29Z,OpenStreetMap Overpass API,False,POINT (-78.647583 35.785661)
RAL-01_osm_node_1216186217,RAL-01,Raleigh,node,1216186217,Sushi O Bistro,sushi o bistro,Point,35.7836279,-78.6472448,amenity,restaurant,,,city=Raleigh; housenumber=222; postcode=27603; state=NC; street=Glenwood Avenue; unit=117,,,,"{""addr:city"": ""Raleigh"", ""addr:housenumber"": ""222"", ""addr:postcode"": ""27603"", ""addr:state"": ""NC"", ""addr:street"": ""Glenwood Avenue"", ""addr:unit"": ""117"", ""amenity"": ""restaurant"", ""cuisine"": ""sushi"", ""name"": ""Sushi O Bistro""}",2026-10-10T14:14:29Z,OpenStreetMap Overpass API,False,POINT (-78.647245 35.783628)
RAL-01_osm_node_1216186227,RAL-01,Raleigh,node,1216186227,Sullivan's Steakhouse,sullivan s steakhouse,Point,35.786009,-78.6471269,amenity,restaurant,,,housenumber=410; street=Glenwood Avenue; unit=100,,,,"{""addr:housenumber"": ""410"", ""addr:street"": ""Glenwood Avenue"", ""addr:unit"": ""100"", ""amenity"": ""restaurant"", ""check_date"": ""2026-09-29"", ""cuisine"": ""steak_house"", ""name"": ""Sullivan's Steakhouse"", ""opening_hours"": ""Mo-Th,Su 11:00-22:00; Fr-Sa 11:00-23:00""}",2026-10-10T14:14:29Z,OpenStreetMap Overpass API,False,POINT (-78.647127 35.786009)
RAL-01_osm_node_1216186257,RAL-01,Raleigh,node,1216186257,Lucky B Sports Pub,lucky b sports pub,Point,35.7859829,-78.6480496,amenity,bar,,,,,,,"{""amenity"": ""bar"", ""name"": ""Lucky B Sports Pub""}",2026-10-10T14:14:29Z,OpenStreetMap Overpass API,False,POINT (-78.64805 35.785983)
RAL-01_osm_node_1216186268,RAL-01,Raleigh,node,1216186268,La Placita,la placita,Point,35.7876496,-78.6474541,amenity,restaurant,,,floor=G; housenumber=605; street=Glenwood Avenue,,,,"{""addr:floor"": ""G"", ""addr:housenumber"": ""605"", ""addr:street"": ""Glenwood Avenue"", ""amenity"": ""restaurant"", ""check_date"": ""2026-09-29"", ""cuisine"": ""mexican"", ""level"": ""0"", ""name"": ""La Placita""}",2026-10-10T14:14:29Z,OpenStreetMap Overpass API,False,POINT (-78.647454 35.78765)
RAL-01_osm_node_1216186321,RAL-01,Raleigh,node,1216186321,Havana Deluxe,havana deluxe,Point,35.7861137,-78.6477009,amenity,bar,,,city=Raleigh; housenumber=437; postcode=27603; state=NC; street=Glenwood Avenue,,,,"{""addr:city"": ""Raleigh"", ""addr:housenumber"": ""437"", ""addr:postcode"": ""27603"", ""addr:state"": ""NC"", ""addr:street"": ""Glenwood Avenue"", ""amenity"": ""bar"", ""check_date"": ""2026-09-29"", ""name"": ""Havana Deluxe""}",2026-10-10T14:14:29Z,OpenStreetMap Overpass API,False,POINT (-78.647701 35.786114)
RAL-01_osm_node_1216186338,RAL-01,Raleigh,node,1216186338,Super Rad Retro Lounge,super rad retro lounge,Point,35.7820663,-78.6473415,amenity,bar,,,city=Raleigh; housenumber=106; postcode=27603; state=NC; street=Glenwood Avenue,,,,"{""addr:city"": ""Raleigh"", ""addr:housenumber"": ""106"", ""addr:postcode"": ""27603"", ""addr:state"": ""NC"", ""addr:street"": ""Glenwood Avenue"", ""amenity"": ""bar"", ""construction"": ""bar"", ""name"": ""Super Rad Retro Lounge""}",2026-10-10T14:14:29Z,OpenStreetMap Overpass API,False,POINT (-78.647342 35.782066)
RAL-01_osm_node_1216186357,RAL-01,Raleigh,node,1216186357,The Underground,the underground,Point,35.7856783,-78.6471483,amenity,nightclub,,,housenumber=410; street=Glenwood Avenue; unit=140,,,,"{""addr:housenumber"": ""410"", ""addr:street"": ""Glenwood Avenue"", ""addr:unit"": ""140"", ""amenity"": ""nightclub"", ""check_date"": ""2026-09-29"", ""name"": ""The Underground""}",2026-10-10T14:14:29Z,OpenStreetMap Overpass API,False,POINT (-78.647148 35.785678)
RAL-01_osm_node_1216186364,RAL-01,Raleigh,node,1216186364,Mosaic,mosaic,Point,35.7826714,-78.6471162,amenity,bar,,,,,,,"{""amenity"": ""bar"", ""name"": ""Mosaic""}",2026-10-10T14:14:29Z,OpenStreetMap Overpass API,False,POINT (-78.647116 35.782671)
RAL-01_osm_node_1216186384,RAL-01,Raleigh,node,1216186384,My Way Tavern,my way tavern,Point,35.7872536,-78.650629,amenity,restaurant,,,city=Raleigh; housenumber=522; postcode=27603; state=NC; street=Saint Marys Street,,,http://www.mywaytavern.com/raleigh,"{""addr:city"": ""Raleigh"", ""addr:housenumber"": ""522"", ""addr:postcode"": ""27603"", ""addr:state"": ""NC"", ""addr:street"": ""Saint Marys Street"", ""amenity"": ""restaurant"", ""name"": ""My Way Tavern"", ""opening_hours"": ""Mo-Su 11:00-00:00"", ""website"": ""http://www.mywaytavern.com/raleigh""}",2026-10-10T14:14:29Z,OpenStreetMap Overpass API,False,POINT (-78.650629 35.787254)
RAL-01_osm_node_1216186394,RAL-01,Raleigh,node,1216186394,Nomad,nomad,Point,35.7845763,-78.6476259,amenity,bar,,,unit=190,,,https://www.nomadcocktailbar.com/,"{""addr:unit"": ""190"", ""amenity"": ""bar"", ""name"": ""Nomad"", ""website"": ""https://www.nomadcocktailbar.com/""}",2026-10-10T14:14:29Z,OpenStreetMap Overpass API,False,POINT (-78.647626 35.784576)
RAL-01_osm_node_1216186407,RAL-01,Raleigh,node,1216186407,Sushi Blues Cafe,sushi blues cafe,Point,35.7844382,-78.6476243,amenity,restaurant,,,,,,http://sushibluescafe.com/,"{""amenity"": ""restaurant"", ""cuisine"": ""japanese"", ""fax"": ""+1 919 6648070"", ""name"": ""Sushi Blues Cafe"", ""opening_hours"": ""Mo 11:30-22:00;Tu-Th 11:30-23:00;Fr 11:30-24:00;Sa 12:00-24:00;Su 12:00-22:00"", ""phone"": ""+1 919 6648061"", ""website"": ""http://sushibluescafe.com/""}",2026-10-10T14:14:29Z,OpenStreetMap Overpass API,False,POINT (-78.647624 35.784438)
RAL-01_osm_node_1216186410,RAL-01,Raleigh,node,1216186410,San Marcos Pizza and Wings,san marcos pizza and wings,Point,35.7884113,-78.6504037,amenity,restaurant,,,city=Raleigh; housenumber=805; postcode=27605; state=NC; street=West Peace Street,,,,"{""addr:city"": ""Raleigh"", ""addr:housenumber"": ""805"", ""addr:postcode"": ""27605"", ""addr:state"": ""NC"", ""addr:street"": ""West Peace Street"", ""amenity"": ""restaurant"", ""cuisine"": ""pizza;american"", ""name"": ""San Marcos Pizza and Wings""}",2026-10-10T14:14:29Z,OpenStreetMap Overpass API,False,POINT (-78.650404 35.788411)
RAL-01_osm_node_1216186442,RAL-01,Raleigh,node,1216186442,Burger Village,burger village,Point,35.7869622,-78.6470947,amenity,restaurant,,,housenumber=510; street=Glenwood Ave,,,,"{""addr:housenumber"": ""510"", ""addr:street"": ""Glenwood Ave"", ""amenity"": ""restaurant"", ""check_date"": ""2026-09-29"", ""cuisine"": ""burger"", ""diet:meat"": ""yes"", ""diet:vegetarian"": ""yes"", ""name"": ""Burger Village"", ""opening_hours"": ""Mo-Th 11:00-15:00,17:00-22:00; Fr-Sa 11:00-23:00; Su 11:00-22:00""}",2026-10-10T14:14:29Z,OpenStreetMap Overpass API,False,POINT (-78.647095 35.786962)
RAL-01_osm_node_1216186460,RAL-01,Raleigh,node,1216186460,Bodega,bodega,Point,35.7878021,-78.6474541,amenity,bar,,,housenumber=607; street=Glenwood Avenue,,,,"{""addr:housenumber"": ""607"", ""addr:street"": ""Glenwood Avenue"", ""amenity"": ""bar"", ""check_date"": ""2026-09-29"", ""fixme"": ""closed when I checked, come back later to find details"", ""name"": ""Bodega""}",2026-10-10T14:14:29Z,OpenStreetMap Overpass API,False,POINT (-78.647454 35.787802)
RAL-01_osm_node_1216186462,RAL-01,Raleigh,node,1216186462,McDonald's,mcdonald s,Point,35.7883236,-78.6491036,amenity,fast_food,McDonald's,,city=Raleigh; housenumber=703; postcode=27605; state=NC; street=West Peace Street,,,https://www.mcdonalds.com/us/en-us/location/1044.html,"{""addr:city"": ""Raleigh"", ""addr:housenumber"": ""703"", ""addr:postcode"": ""27605"", ""addr:state"": ""NC"", ""addr:street"": ""West Peace Street"", ""amenity"": ""fast_food"", ""brand"": ""McDonald's"", ""brand:wikidata"": ""Q38076"", ""cuisine"": ""burger"", ""drive_through"": ""yes"", ""internet_access"": ""wlan"", ""name"": ""McDonald's"", ""opening_hours"": ""Mo-Th 05:00-23:00; Fr-Sa 05:00-24:00; Su 05:30-23:00"", ""phone"": ""+1 919-833-9875"", ""takeaway"": ""yes"", ""website"": ""https://www.mcdonalds.com/us/en-us/location/1044.html""}",2026-10-10T14:14:29Z,OpenStreetMap Overpass API,False,POINT (-78.649104 35.788324)
RAL-01_osm_node_1216186464,RAL-01,Raleigh,node,1216186464,Clouds Brewing,clouds brewing,Point,35.7826453,-78.6464134,amenity,pub,,,city=Raleigh; housenumber=505; postcode=27603; state=NC; street=West Jones Street,,,,"{""addr:city"": ""Raleigh"", ""addr:housenumber"": ""505"", ""addr:postcode"": ""27603"", ""addr:state"": ""NC"", ""addr:street"": ""West Jones Street"", ""amenity"": ""pub"", ""name"": ""Clouds Brewing""}",2026-10-10T14:14:29Z,OpenStreetMap Overpass API,False,POINT (-78.646413 35.782645)
RAL-01_osm_node_1216186465,RAL-01,Raleigh,node,1216186465,The Cupcake Shoppe Bakery,the cupcake shoppe bakery,Point,35.7819926,-78.6473415,shop,pastry,,,city=Raleigh; country=US; housenumber=104; postcode=27603; state=NC; street=Glenwood Avenue,,,http://thecupcakeshopperaleigh.com,"{""addr:city"": ""Raleigh"", ""addr:country"": ""US"", ""addr:housenumber"": ""104"", ""addr:postcode"": ""27603"", ""addr:state"": ""NC"", ""addr:street"": ""Glenwood Avenue"", ""contact:facebook"": ""thecupcakeshoppebakery"", ""contact:instagram"": ""thecupcakeshopperaleigh"", ""contact:phone"": ""+1-919-821-4223"", ""contact:pinterest"": ""cupcakeshoppenc"", ""contact:twitter"": ""@bakeshopgirl"", ""contact:website"": ""http://thecupcakeshopperaleigh.com"", ""name"": ""The Cupcake Shoppe Bakery"", ""opening_hours"": ""Mo-Th 08:30-20:00;Fr-Sa 08:30-22:00;Su closed \""for private parties\"""", ""shop"": ""pastry""}",2026-10-10T14:14:29Z,OpenStreetMap Overpass API,False,POINT (-78.647342 35.781993)
RAL-01_osm_node_1216186471,RAL-01,Raleigh,node,1216186471,Killjoy,killjoy,Point,35.7821751,-78.6456302,amenity,bar,,,city=Raleigh; housenumber=116; postcode=27603; state=NC; street=North West Street,,,,"{""addr:city"": ""Raleigh"", ""addr:housenumber"": ""116"", ""addr:postcode"": ""27603"", ""addr:state"": ""NC"", ""addr:street"": ""North West Street"", ""amenity"": ""bar"", ""name"": ""Killjoy""}",2026-10-10T14:14:29Z,OpenStreetMap Overpass API,False,POINT (-78.64563 35.782175)
RAL-01_osm_node_1216186476,RAL-01,Raleigh,node,1216186476,MoJoe's Burger Joint,mojoe s burger joint,Point,35.7885286,-78.6469767,amenity,fast_food,,,housenumber=620; postcode=27603; street=Glenwood Avenue,,,http://mojoesbirgerjoint.com,"{""addr:housenumber"": ""620"", ""addr:postcode"": ""27603"", ""addr:street"": ""Glenwood Avenue"", ""amenity"": ""fast_food"", ""check_date"": ""2026-09-29"", ""contact:instagram"": ""mojoesburgers"", ""cuisine"": ""burger"", ""email"": ""mojoesburgerjoint@gmail.com"", ""name"": ""MoJoe's Burger Joint"", ""opening_hours"": ""Mo-Su 11:00-22:00"", ""phone"": ""+1-919-832-6799"", ""self_service"": ""no"", ""website"": ""http://mojoesbirgerjoint.com"", ""website:menu"": ""http://mojoesburgerjoint.com/raleigh-glenwood-south-mojoe-s-burger-joint-food-menu""}",2026-10-10T14:14:29Z,OpenStreetMap Overpass API,False,POINT (-78.646977 35.788529)
RAL-01_osm_node_12223563601,RAL-01,Raleigh,node,12223563601,Red Bud Writing Project,red bud writing project,Point,35.7898863,-78.6346251,amenity,school,,,,,,https://www.redbudwriting.org,"{""amenity"": ""school"", ""name"": ""Red Bud Writing Project"", ""website"": ""https://www.redbudwriting.org""}",2026-10-10T14:14:29Z,OpenStreetMap Overpass API,False,POINT (-78.634625 35.789886)
RAL-01_osm_node_12242308685,RAL-01,Raleigh,node,12242308685,Bad Cat Coffee Co,bad cat coffee co,Point,35.7796945,-78.6457426,amenity,cafe,,,floor=G; housenumber=411; street=West Market Street,,,,"{""addr:floor"": ""G"", ""addr:housenumber"": ""411"", ""addr:street"": ""West Market Street"", ""air_conditioning"": ""yes"", ""amenity"": ""cafe"", ""check_date"": ""2024-10-10"", ""cuisine"": ""coffee_shop;crepe;bagel"", ""level"": ""0"", ""name"": ""Bad Cat Coffee Co"", ""opening_hours"": ""Mo-Th,Su 09:00-22:00; Fr-Sa 09:00-24:00"", ""outdoor_seating"": ""no"", ""payment:cash"": ""yes"", ""payment:credit_cards"": ""yes"", ""payment:debit_cards"": ""yes""}",2026-10-10T14:14:29Z,OpenStreetMap Overpass API,False,POINT (-78.645743 35.779694)
RAL-01_osm_node_12242308686,RAL-01,Raleigh,node,12242308686,Opa Raleigh,opa raleigh,Point,35.7797149,-78.6456305,amenity,restaurant,,,floor=G; housenumber=411; street=West Market Street,,,,"{""addr:floor"": ""G"", ""addr:housenumber"": ""411"", ""addr:street"": ""West Market Street"", ""amenity"": ""restaurant"", ""check_date"": ""2024-10-10"", ""cuisine"": ""greek"", ""level"": ""0"", ""name"": ""Opa Raleigh"", ""payment:cash"": ""yes"", ""payment:credit_cards"": ""yes"", ""payment:debit_cards"": ""yes""}",2026-10-10T14:14:29Z,OpenStreetMap Overpass API,False,POINT (-78.64563 35.779715)
RAL-01_osm_node_12242308687,RAL-01,Raleigh,node,12242308687,Iyla's Southern Kitchen,iyla s southern kitchen,Point,35.7796983,-78.6458457,amenity,restaurant,,,floor=G; housenumber=411; street=West Market Street,,,,"{""addr:floor"": ""G"", ""addr:housenumber"": ""411"", ""addr:street"": ""West Market Street"", ""amenity"": ""restaurant"", ""check_date"": ""2024-10-10"", ""cuisine"": ""american"", ""level"": ""0"", ""name"": ""Iyla's Southern Kitchen""}",2026-10-10T14:14:29Z,OpenStreetMap Overpass API,False,POINT (-78.645846 35.779698)
RAL-01_osm_node_12368496501,RAL-01,Raleigh,node,12368496501,Daijobu,daijobu,Point,35.7753824,-78.637358,amenity,restaurant,,,housenumber=170; postcode=27601; street=East Davie Street,,,https://www.daijobu-raleigh.com/,"{""addr:housenumber"": ""170"", ""addr:postcode"": ""27601"", ""addr:street"": ""East Davie Street"", ""amenity"": ""restaurant"", ""cuisine"": ""japanese"", ""name"": ""Daijobu"", ""opening_hours"": ""Tu-Fr 11:30-14:00, Tu-Th 17:00-21:00, Fr,Sa 17:00-21:30; Mo off"", ""website"": ""https://www.daijobu-raleigh.com/"", ""website:menu"": ""https://www.daijobu-raleigh.com/menus""}",2026-10-10T14:14:29Z,OpenStreetMap Overpass API,False,POINT (-78.637358 35.775382)
RAL-01_osm_node_12558223867,RAL-01,Raleigh,node,12558223867,Osprey CFO,osprey cfo,Point,35.780365,-78.6479852,office,accountant,,,city=Raleigh; country=US; floor=5; housenumber=1; postcode=27603; state=NC; street=Glenwood Avenue,,,http://ospreycfo.com,"{""addr:city"": ""Raleigh"", ""addr:country"": ""US"", ""addr:floor"": ""5"", ""addr:housenumber"": ""1"", ""addr:postcode"": ""27603"", ""addr:state"": ""NC"", ""addr:street"": ""Glenwood Avenue"", ""contact:email"": ""info@ospreycfo.com"", ""contact:linkedin"": ""osprey-cfo"", ""contact:phone"": ""+1 984 382-7841"", ""contact:pinterest"": ""ospreycfonc"", ""contact:website"": ""http://ospreycfo.com"", ""contact:youtube"": ""OspreyCFO"", ""name"": ""Osprey CFO"", ""office"": ""accountant"", ""opening_hours"": ""Mo-Fr 08:00-18:00""}",2026-10-10T14:14:29Z,OpenStreetMap Overpass API,False,POINT (-78.647985 35.780365)
RAL-01_osm_node_12564764644,RAL-01,Raleigh,node,12564764644,"Hiltzheimer Law Office, PLLC",hiltzheimer law office pllc,Point,35.7781516,-78.6400393,office,lawyer,,,city=Raleigh; housenumber=19; postcode=27601; state=NC; street=West Hargett Street; unit=Suite 508,,,https://www.hiltzheimer.com/raleigh-criminal-defense/,"{""addr:city"": ""Raleigh"", ""addr:housenumber"": ""19"", ""addr:postcode"": ""27601"", ""addr:state"": ""NC"", ""addr:street"": ""West Hargett Street"", ""addr:unit"": ""Suite 508"", ""contact:avvo"": ""https://www.avvo.com/attorneys/27601-nc-benjamin-hiltzheimer-1896686.html"", ""contact:facebook"": ""hiltzheimerlawoffice"", ""contact:linkedin"": ""bhiltzheimer"", ""contact:twitter"": ""hiltzheimerlaw"", ""email"": ""info@hiltzheimer.com"", ""name"": ""Hiltzheimer Law Office, PLLC"", ""office"": ""lawyer"", ""opening_hours"": ""Mo-Su 08:00-20:00"", ""phone"": ""+1-919-899-9405; +1-919-899-9404"", ""start_date"": ""2011-01-08"", ""website"": ""https://www.hiltzheimer.com/raleigh-criminal-defense/""}",2026-10-10T14:14:29Z,OpenStreetMap Overpass API,False,POINT (-78.640039 35.778152)
RAL-01_osm_node_12674019595,RAL-01,Raleigh,node,12674019595,Longleaf Swine,longleaf swine,Point,35.7808606,-78.6344475,amenity,restaurant,,,city=Raleigh; housenumber=300; postcode=27601; state=NC; street=East Edenton Street,,,https://longleafswine.com,"{""addr:city"": ""Raleigh"", ""addr:housenumber"": ""300"", ""addr:postcode"": ""27601"", ""addr:state"": ""NC"", ""addr:street"": ""East Edenton Street"", ""air_conditioning"": ""yes"", ""amenity"": ""restaurant"", ""bar"": ""yes"", ""cuisine"": ""barbecue"", ""diet:meat"": ""yes"", ""name"": ""Longleaf Swine"", ""opening_hours"": ""We-Th 11:00-21:00; Fr-Sa 11:00-22:00; Su 11:00-21:00"", ""phone"": ""+1-984-200-9649"", ""website"": ""https://longleafswine.com""}",2026-10-10T14:14:29Z,OpenStreetMap Overpass API,False,POINT (-78.634448 35.780861)
RAL-01_osm_node_12677423101,RAL-01,Raleigh,node,12677423101,LaGana Burgers,lagana burgers,Point,35.791372,-78.6442966,amenity,fast_food,,,city=Raleigh; housenumber=911; postcode=27603; state=NC; street=North West Street; unit=105,,,https://lagana.toast.site/order,"{""addr:city"": ""Raleigh"", ""addr:housenumber"": ""911"", ""addr:postcode"": ""27603"", ""addr:state"": ""NC"", ""addr:street"": ""North West Street"", ""addr:unit"": ""105"", ""amenity"": ""fast_food"", ""cuisine"": ""burger"", ""diet:meat"": ""yes"", ""drive_through"": ""no"", ""name"": ""LaGana Burgers"", ""opening_hours"": ""Tu-Sa 11:30-14:30,17:00-20:00"", ""phone"": ""+1-919-664-0380"", ""website"": ""https://lagana.toast.site/order""}",2026-10-10T14:14:29Z,OpenStreetMap Overpass API,False,POINT (-78.644297 35.791372)
RAL-01_osm_node_12817372201,RAL-01,Raleigh,node,12817372201,Thairapy 101 Salon,thairapy 101 salon,Point,35.7832032,-78.6472847,shop,hairdresser,,,city=Raleigh; housenumber=222 #125; postcode=27603; state=NC; street=Glenwood Avenue; unit=125,,,http://www.thairapy101-raleigh.com/services/,"{""addr:city"": ""Raleigh"", ""addr:housenumber"": ""222 #125"", ""addr:postcode"": ""27603"", ""addr:state"": ""NC"", ""addr:street"": ""Glenwood Avenue"", ""addr:unit"": ""125"", ""name"": ""Thairapy 101 Salon"", ""opening_hours"": ""Mo-Fr 10:00-20:00; Sa 10:00-15:00"", ""phone"": ""+1-919-977-8447"", ""shop"": ""hairdresser"", ""website"": ""http://www.thairapy101-raleigh.com/services/""}",2026-10-10T14:14:29Z,OpenStreetMap Overpass API,False,POINT (-78.647285 35.783203)
RAL-01_osm_node_12854873144,RAL-01,Raleigh,node,12854873144,Artisan Flooring of NC,artisan flooring of nc,Point,35.7832097,-78.6462025,craft,floorer,,,city=Raleigh; housenumber=215; postcode=27603; state=NC; street=North West Street; unit=128,,,https://www.artisanflooringofnc.com,"{""addr:city"": ""Raleigh"", ""addr:housenumber"": ""215"", ""addr:postcode"": ""27603"", ""addr:state"": ""NC"", ""addr:street"": ""North West Street"", ""addr:unit"": ""128"", ""contact:linkedin"": ""https://www.linkedin.com/company/artisan-flooring-of-nc/"", ""contact:phone"": ""+1-919-291-4044"", ""contact:pinterest"": ""https://www.pinterest.com/artisanflooringofnc23/"", ""contact:website"": ""https://www.artisanflooringofnc.com"", ""craft"": ""floorer"", ""name"": ""Artisan Flooring of NC""}",2026-10-10T14:14:29Z,OpenStreetMap Overpass API,False,POINT (-78.646202 35.78321)
RAL-01_osm_node_12976065101,RAL-01,Raleigh,node,12976065101,Arch Insurance - Corporate Office,arch insurance corporate office,Point,35.7773053,-78.6458516,office,insurance,,,housenumber=229; street=South West Street,,,,"{""addr:housenumber"": ""229"", ""addr:street"": ""South West Street"", ""name"": ""Arch Insurance - Corporate Office"", ""office"": ""insurance""}",2026-10-10T14:14:29Z,OpenStreetMap Overpass API,False,POINT (-78.645852 35.777305)
RAL-01_osm_node_13030096288,RAL-01,Raleigh,node,13030096288,Domino's,domino s,Point,35.7756624,-78.6374464,amenity,fast_food,Domino's,,,,,,"{""amenity"": ""fast_food"", ""brand"": ""Domino's"", ""brand:wikidata"": ""Q839466"", ""cuisine"": ""pizza"", ""name"": ""Domino's"", ""takeaway"": ""yes""}",2026-10-10T14:14:29Z,OpenStreetMap Overpass API,False,POINT (-78.637446 35.775662)
RAL-01_osm_node_13065226301,RAL-01,Raleigh,node,13065226301,The Bike Library Storefront,the bike library storefront,Point,35.775428,-78.64821,shop,coffee,,,housenumber=600; postcode=27603; street=Dupont Circle,,,https://thebikelibrary.com/,"{""addr:housenumber"": ""600"", ""addr:postcode"": ""27603"", ""addr:street"": ""Dupont Circle"", ""contact:instagram"": ""the.bike.library"", ""email"": ""info@thebikelibrary.com"", ""name"": ""The Bike Library Storefront"", ""opening_hours"": ""Mo 07:00-17:00; Tu-Fr 07:00-18:00; Sa-Su 08:00-18:00"", ""phone"": ""+1-919-322-2991"", ""shop"": ""coffee"", ""website"": ""https://thebikelibrary.com/""}",2026-10-10T14:14:29Z,OpenStreetMap Overpass API,False,POINT (-78.64821 35.775428)
RAL-01_osm_node_13232814409,RAL-01,Raleigh,node,13232814409,Vino,vino,Point,35.78793,-78.6495716,amenity,bar,,,city=Raleigh; housenumber=606; postcode=27603; state=NC; street=Gaston Street,,,,"{""addr:city"": ""Raleigh"", ""addr:housenumber"": ""606"", ""addr:postcode"": ""27603"", ""addr:state"": ""NC"", ""addr:street"": ""Gaston Street"", ""amenity"": ""bar"", ""name"": ""Vino"", ""opening_hours"": ""Su 09:00-22:00, Mo-Fr 10:00-22:00, Sa 10:00-23:00""}",2026-10-10T14:14:29Z,OpenStreetMap Overpass API,False,POINT (-78.649572 35.78793)
RAL-01_osm_node_13280119123,RAL-01,Raleigh,node,13280119123,The Shingle Master,the shingle master,Point,35.7843792,-78.6467191,craft,roofer,,,city=Raleigh; housenumber=509; postcode=27603; state=NC; street=West North Street,,,https://www.theshinglemaster.com/,"{""addr:city"": ""Raleigh"", ""addr:housenumber"": ""509"", ""addr:postcode"": ""27603"", ""addr:state"": ""NC"", ""addr:street"": ""West North Street"", ""contact:facebook"": ""https://www.facebook.com/theshinglemaster"", ""craft"": ""roofer"", ""name"": ""The Shingle Master"", ""opening_hours"": ""Mo-Su 07:00-21:00"", ""phone"": ""+1 919-372-0685"", ""start_date"": ""2010"", ""website"": ""https://www.theshinglemaster.com/""}",2026-10-10T14:14:29Z,OpenStreetMap Overpass API,False,POINT (-78.646719 35.784379)
RAL-01_osm_node_13507725473,RAL-01,Raleigh,node,13507725473,Wake Relief,wake relief,Point,35.7806725,-78.6361168,amenity,social_facility,,,city=Raleigh; housenumber=4; postcode=27601; state=NC; street=North Blount Street,,,https://wakerelief.org/,"{""addr:city"": ""Raleigh"", ""addr:housenumber"": ""4"", ""addr:postcode"": ""27601"", ""addr:state"": ""NC"", ""addr:street"": ""North Blount Street"", ""amenity"": ""social_facility"", ""name"": ""Wake Relief"", ""opening_hours"": ""Mo-Tu 13:00-15:00; We 10:00-12:00"", ""phone"": ""+19193078748"", ""social_facility"": ""food_bank"", ""website"": ""https://wakerelief.org/""}",2026-10-10T14:14:29Z,OpenStreetMap Overpass API,False,POINT (-78.636117 35.780672)
RAL-01_osm_node_13507725474,RAL-01,Raleigh,node,13507725474,North Carolina Department of Public Safety,north carolina department of public safety,Point,35.7830683,-78.6423509,office,government,,,city=Raleigh; housenumber=214; postcode=27601; state=NC; street=West Jones Street,,,https://www.nc.gov/,"{""addr:city"": ""Raleigh"", ""addr:housenumber"": ""214"", ""addr:postcode"": ""27601"", ""addr:state"": ""NC"", ""addr:street"": ""West Jones Street"", ""name"": ""North Carolina Department of Public Safety"", ""office"": ""government"", ""phone"": ""+19197163800"", ""website"": ""https://www.nc.gov/""}",2026-10-10T14:14:29Z,OpenStreetMap Overpass API,False,POINT (-78.642351 35.783068)
RAL-01_osm_node_13507725475,RAL-01,Raleigh,node,13507725475,North Carolina Vital Records,north carolina vital records,Point,35.783593,-78.6418617,office,government,,,city=Raleigh; housenumber=255; postcode=27601; state=NC; street=North McDowell Street,,,https://vitalrecords.nc.gov/,"{""addr:city"": ""Raleigh"", ""addr:housenumber"": ""255"", ""addr:postcode"": ""27601"", ""addr:state"": ""NC"", ""addr:street"": ""North McDowell Street"", ""name"": ""North Carolina Vital Records"", ""office"": ""government"", ""opening_hours"": ""Mo-Fr 08:00-17:00"", ""phone"": ""+19197333000"", ""website"": ""https://vitalrecords.nc.gov/""}",2026-10-10T14:14:29Z,OpenStreetMap Overpass API,False,POINT (-78.641862 35.783593)
RAL-01_osm_node_13531358494,RAL-01,Raleigh,node,13531358494,Blue Chip Window & Door,blue chip window and door,Point,35.7843868,-78.6466826,craft,window_construction,,Joseph Hooker,city=Raleigh; housenumber=509; postcode=27603; state=NC; street=West North Street,,,https://www.bluechipbuilds.com,"{""addr:city"": ""Raleigh"", ""addr:housenumber"": ""509"", ""addr:postcode"": ""27603"", ""addr:state"": ""NC"", ""addr:street"": ""West North Street"", ""contact:facebook"": ""PromiseHomeProjects"", ""contact:instagram"": ""bluechipbuilds"", ""contact:pinterest"": ""bluechipbuilds"", ""craft"": ""window_construction"", ""email"": ""info@bluechipbuilds.com"", ""name"": ""Blue Chip Window & Door"", ""opening_hours"": ""08:00-17:00"", ""operator"": ""Joseph Hooker"", ""phone"": ""+1-919-296-5966"", ""website"": ""https://www.bluechipbuilds.com""}",2026-10-10T14:14:29Z,OpenStreetMap Overpass API,False,POINT (-78.646683 35.784387)
RAL-01_osm_node_13544480941,RAL-01,Raleigh,node,13544480941,Watts & Ward,watts and ward,Point,35.77798,-78.6367442,amenity,bar,,,city=Raleigh; housenumber=200; postcode=27601; state=NC; street=South Blount Street,,,http://wattsandward.com/,"{""addr:city"": ""Raleigh"", ""addr:housenumber"": ""200"", ""addr:postcode"": ""27601"", ""addr:state"": ""NC"", ""addr:street"": ""South Blount Street"", ""amenity"": ""bar"", ""min_age"": ""21"", ""name"": ""Watts & Ward"", ""opening_hours"": ""Tu-Sa 16:00-02:00; Su 14:00-00:00"", ""phone"": ""+19198968016"", ""website"": ""http://wattsandward.com/""}",2026-10-10T14:14:29Z,OpenStreetMap Overpass API,False,POINT (-78.636744 35.77798)
RAL-01_osm_node_13544497320,RAL-01,Raleigh,node,13544497320,City Market Sushi,city market sushi,Point,35.7762828,-78.6357035,amenity,restaurant,,,city=Raleigh; housenumber=315; postcode=27601; state=NC; street=Blake Street,,,http://citymarketsushi.com/,"{""addr:city"": ""Raleigh"", ""addr:housenumber"": ""315"", ""addr:postcode"": ""27601"", ""addr:state"": ""NC"", ""addr:street"": ""Blake Street"", ""amenity"": ""restaurant"", ""cuisine"": ""sushi"", ""name"": ""City Market Sushi"", ""phone"": ""+19193221987"", ""website"": ""http://citymarketsushi.com/""}",2026-10-10T14:14:29Z,OpenStreetMap Overpass API,False,POINT (-78.635704 35.776283)
RAL-01_osm_node_13603089130,RAL-01,Raleigh,node,13603089130,Anise Pho,anise pho,Point,35.7834352,-78.6472638,amenity,restaurant,,,city=Raleigh; housenumber=222; postcode=27603; state=NC; street=Glenwood Avenue; unit=113,,,https://anisepho.com/,"{""addr:city"": ""Raleigh"", ""addr:housenumber"": ""222"", ""addr:postcode"": ""27603"", ""addr:state"": ""NC"", ""addr:street"": ""Glenwood Avenue"", ""addr:unit"": ""113"", ""amenity"": ""restaurant"", ""cuisine"": ""vietnamese"", ""diet:vegan"": ""yes"", ""name"": ""Anise Pho"", ""opening_hours"": ""Mo-Th 11:00-21:00; Fr-Su 11:00-22:00"", ""phone"": ""+19198034539"", ""website"": ""https://anisepho.com/""}",2026-10-10T14:14:29Z,OpenStreetMap Overpass API,False,POINT (-78.647264 35.783435)
RAL-01_osm_node_13603089131,RAL-01,Raleigh,node,13603089131,District,district,Point,35.7837561,-78.6472559,amenity,bar,,,city=Raleigh; housenumber=222; postcode=27603; state=NC; street=Glenwood Avenue; unit=109,,,,"{""addr:city"": ""Raleigh"", ""addr:housenumber"": ""222"", ""addr:postcode"": ""27603"", ""addr:state"": ""NC"", ""addr:street"": ""Glenwood Avenue"", ""addr:unit"": ""109"", ""amenity"": ""bar"", ""name"": ""District""}",2026-10-10T14:14:29Z,OpenStreetMap Overpass API,False,POINT (-78.647256 35.783756)
RAL-01_osm_node_13603089132,RAL-01,Raleigh,node,13603089132,Wonderland Kitchen & Cocktails,wonderland kitchen and cocktails,Point,35.78402,-78.6472162,amenity,restaurant,,,city=Raleigh; housenumber=222; postcode=27603; state=NC; street=Glenwood Avenue,,,,"{""addr:city"": ""Raleigh"", ""addr:housenumber"": ""222"", ""addr:postcode"": ""27603"", ""addr:state"": ""NC"", ""addr:street"": ""Glenwood Avenue"", ""amenity"": ""restaurant"", ""cuisine"": ""mexican"", ""name"": ""Wonderland Kitchen & Cocktails""}",2026-10-10T14:14:29Z,OpenStreetMap Overpass API,False,POINT (-78.647216 35.78402)
RAL-01_osm_node_13603134935,RAL-01,Raleigh,node,13603134935,Ziba’s Kitchen,ziba s kitchen,Point,35.7836198,-78.6477386,amenity,restaurant,,,city=Raleigh; housenumber=215; postcode=27603; state=NC; street=Glenwood Avenue,,,,"{""addr:city"": ""Raleigh"", ""addr:housenumber"": ""215"", ""addr:postcode"": ""27603"", ""addr:state"": ""NC"", ""addr:street"": ""Glenwood Avenue"", ""amenity"": ""restaurant"", ""name"": ""Ziba’s Kitchen"", ""phone"": ""+13365588425""}",2026-10-10T14:14:29Z,OpenStreetMap Overpass API,False,POINT (-78.647739 35.78362)
RAL-01_osm_node_13603163221,RAL-01,Raleigh,node,13603163221,DeMos Pizzeria & Deli,demos pizzeria and deli,Point,35.7832968,-78.647277,amenity,restaurant,,,city=Raleigh; housenumber=222; postcode=27603; state=NC; street=Glenwood Avenue; unit=121,,,https://www.demospizzeriadeli.com/,"{""addr:city"": ""Raleigh"", ""addr:housenumber"": ""222"", ""addr:postcode"": ""27603"", ""addr:state"": ""NC"", ""addr:street"": ""Glenwood Avenue"", ""addr:unit"": ""121"", ""amenity"": ""restaurant"", ""cuisine"": ""pizza"", ""name"": ""DeMos Pizzeria & Deli"", ""opening_hours"": ""Tu-Th 11:00-21:00; Fr-Sa 11:00-02:30; Su 12:00-21:00"", ""phone"": ""+19197541050"", ""website"": ""https://www.demospizzeriadeli.com/""}",2026-10-10T14:14:29Z,OpenStreetMap Overpass API,False,POINT (-78.647277 35.783297)
RAL-01_osm_node_13622952915,RAL-01,Raleigh,node,13622952915,Synaptiq Psychiatry,synaptiq psychiatry,Point,35.7781218,-78.6415341,healthcare,doctor,,,city=Raleigh; housenumber=127; postcode=27601-1393; state=NC; street=West Hargett Street,,,https://synaptiqpsychiatry.com/,"{""addr:city"": ""Raleigh"", ""addr:housenumber"": ""127"", ""addr:postcode"": ""27601-1393"", ""addr:state"": ""NC"", ""addr:street"": ""West Hargett Street"", ""amenity"": ""doctors"", ""check_date"": ""2026-03-06"", ""contact:email"": ""support@synaptiqpsych.com"", ""currency:XBT"": ""yes"", ""healthcare"": ""doctor"", ""healthcare:speciality"": ""psychiatry"", ""name"": ""Synaptiq Psychiatry"", ""opening_hours"": ""Mo-Su 08:00-20:00"", ""payment:lightning"": ""yes"", ""payment:lightning:operator"": ""square"", ""payment:lightning_contactless"": ""no"", ""payment:onchain"": ""no"", ""phone"": ""+1-919-213-9015"", ""website"": ""https://synaptiqpsychiatry.com/""}",2026-10-10T14:14:29Z,OpenStreetMap Overpass API,False,POINT (-78.641534 35.778122)
RAL-01_osm_node_13655683154,RAL-01,Raleigh,node,13655683154,"The Law Office of Christopher R. Detwiler, PLLC",the law office of christopher r detwiler pllc,Point,35.7744408,-78.6399665,office,lawyer,,,city=Raleigh; housenumber=434; postcode=27601; state=NC; street=Fayetteville Street; unit=Suite 1840,,,https://detwilerlaw.com/,"{""addr:city"": ""Raleigh"", ""addr:housenumber"": ""434"", ""addr:postcode"": ""27601"", ""addr:state"": ""NC"", ""addr:street"": ""Fayetteville Street"", ""addr:unit"": ""Suite 1840"", ""contact:facebook"": ""bancowoficial"", ""contact:linkedin"": ""carleene-detwiler-ctm-2a39ab9"", ""name"": ""The Law Office of Christopher R. Detwiler, PLLC"", ""office"": ""lawyer"", ""opening_hours"": ""24/7"", ""payment:cash"": ""yes"", ""payment:cheque"": ""yes"", ""payment:credit_cards"": ""yes"", ""phone"": ""+1-919-526-7545"", ""website"": ""https://detwilerlaw.com/""}",2026-10-10T14:14:29Z,OpenStreetMap Overpass API,False,POINT (-78.639966 35.774441)
RAL-01_osm_node_13659913892,RAL-01,Raleigh,node,13659913892,Raleigh Union Station Bus Facility,raleigh union station bus facility,Point,35.7780444,-78.6466217,amenity,bus_station,,GoTriangle,city=Raleigh; housenumber=525; postcode=27603; state=NC; street=West Hargett Street,,,https://gotriangle.org/,"{""addr:city"": ""Raleigh"", ""addr:housenumber"": ""525"", ""addr:postcode"": ""27603"", ""addr:state"": ""NC"", ""addr:street"": ""West Hargett Street"", ""amenity"": ""bus_station"", ""bus"": ""yes"", ""name"": ""Raleigh Union Station Bus Facility"", ""network"": ""GoTriangle"", ""operator"": ""GoTriangle"", ""public_transport"": ""station"", ""website"": ""https://gotriangle.org/""}",2026-10-10T14:14:29Z,OpenStreetMap Overpass API,False,POINT (-78.646622 35.778044)
RAL-01_osm_node_13706304622,RAL-01,Raleigh,node,13706304622,Side Quest Game Lounge + Bar,side quest game lounge bar,Point,35.7796532,-78.6437157,amenity,bar,,,city=Raleigh; housenumber=317; postcode=27601; state=NC; street=West Morgan Street; unit=113,,,http://sidequestgameloungeandbar.com/,"{""addr:city"": ""Raleigh"", ""addr:housenumber"": ""317"", ""addr:postcode"": ""27601"", ""addr:state"": ""NC"", ""addr:street"": ""West Morgan Street"", ""addr:unit"": ""113"", ""amenity"": ""bar"", ""description"": ""Lounge with chill vibes offering a variety of board games to enjoy and space for board and card game groups to meet. Offers beer, cocktails, mocktails, as well as soft drinks and teas. Limited snack menu also available."", ""min_age"": ""21"", ""name"": ""Side Quest Game Lounge + Bar"", ""opening_hours"": ""Mo-Th 17:00-23:00; Fr 17:00-24:00; Sa 12:00-24:00; Su 12:00-20:00"", ""payment:contactless"": ""yes"", ""payment:credit_cards"": ""yes"", ""payment:debit_cards"": ""yes"", ""phone"": ""+1-919-977-5009"", ""website"": ""http://sidequestgameloungeandbar.com/""}",2026-10-10T14:14:29Z,OpenStreetMap Overpass API,False,POINT (-78.643716 35.779653)
RAL-01_osm_node_13759005004,RAL-01,Raleigh,node,13759005004,"Unleashed, the Dog & Cat Store",unleashed the dog and cat store,Point,35.7759819,-78.635708,shop,pet,,,city=Raleigh; housenumber=329; postcode=27601-1801; state=NC; street=Blake Street,,,https://www.unleashedmutt.com,"{""addr:city"": ""Raleigh"", ""addr:housenumber"": ""329"", ""addr:postcode"": ""27601-1801"", ""addr:state"": ""NC"", ""addr:street"": ""Blake Street"", ""check_date"": ""2026-04-24"", ""contact:email"": ""info@unleashedmutt.com"", ""contact:facebook"": ""https://www.facebook.com/unleashedcitymarket"", ""contact:instagram"": ""https://www.instagram.com/unleashed_community"", ""contact:phone"": ""+1-919-977-6529"", ""currency:XBT"": ""yes"", ""name"": ""Unleashed, the Dog & Cat Store"", ""not:brand:wikidata"": ""Q62122874"", ""opening_hours"": ""Mo-Sa 10:00-20:00; Su 10:00-18:00"", ""payment:lightning"": ""yes"", ""payment:lightning:operator"": ""square"", ""payment:lightning_contactless"": ""no"", ""payment:onchain"": ""no"", ""shop"": ""pet"", ""website"": ""https://www.unleashedmutt.com""}",2026-10-10T14:14:29Z,OpenStreetMap Overpass API,False,POINT (-78.635708 35.775982)
RAL-01_osm_node_13785760340,RAL-01,Raleigh,node,13785760340,Raleigh Lace Museum and Kristin S Conrad Lace Center,raleigh lace museum and kristin s conrad lace center,Point,35.7783818,-78.639003,tourism,museum,,Kristen S Conrad Lace Center Foundation,city=Raleigh; housenumber=133; postcode=27601; state=NC; street=Fayetteville Street,,,https://www.ksclcfoundation.org/museum-IX.php,"{""addr:city"": ""Raleigh"", ""addr:housenumber"": ""133"", ""addr:postcode"": ""27601"", ""addr:state"": ""NC"", ""addr:street"": ""Fayetteville Street"", ""charge"": ""5 USD"", ""fee"": ""yes"", ""level"": ""1"", ""name"": ""Raleigh Lace Museum and Kristin S Conrad Lace Center"", ""opening_hours"": ""Tu-Sa 10:00-17:00"", ""operator"": ""Kristen S Conrad Lace Center Foundation"", ""phone"": ""+19195941861"", ""tourism"": ""museum"", ""website"": ""https://www.ksclcfoundation.org/museum-IX.php""}",2026-10-10T14:14:29Z,OpenStreetMap Overpass API,False,POINT (-78.639003 35.778382)
RAL-01_osm_node_13785804101,RAL-01,Raleigh,node,13785804101,Ammi's Dessert Boutique and Chai House,ammi s dessert boutique and chai house,Point,35.788582,-78.6400721,amenity,cafe,,,housenumber=111; postcode=27604; street=Seaboard Avenue,,,https://ammisnc.com/,"{""addr:housenumber"": ""111"", ""addr:postcode"": ""27604"", ""addr:street"": ""Seaboard Avenue"", ""amenity"": ""cafe"", ""check_date"": ""2026-05-01"", ""check_date:opening_hours"": ""2026-05-01"", ""internet_access"": ""wlan"", ""name"": ""Ammi's Dessert Boutique and Chai House"", ""opening_hours"": ""Fr-Sa 11:00-22:00; Su, Tu-Th 11:00-21:00"", ""phone"": ""+1-919-322-0619"", ""website"": ""https://ammisnc.com/""}",2026-10-10T14:14:29Z,OpenStreetMap Overpass API,False,POINT (-78.640072 35.788582)
RAL-01_osm_node_13879237701,RAL-01,Raleigh,node,13879237701,Tin Roof,tin roof,Point,35.7842951,-78.6472431,amenity,bar,,,housenumber=300; postcode=27603; street=Glenwood Avenue,,,https://tinroofraleigh.com/,"{""addr:housenumber"": ""300"", ""addr:postcode"": ""27603"", ""addr:street"": ""Glenwood Avenue"", ""amenity"": ""bar"", ""name"": ""Tin Roof"", ""opening_hours"": ""Su, Tu 16:00-00:00; We-Sa 16:00-02:00"", ""phone"": ""+1-919-322-2333"", ""website"": ""https://tinroofraleigh.com/""}",2026-10-10T14:14:29Z,OpenStreetMap Overpass API,False,POINT (-78.647243 35.784295)
RAL-01_osm_node_13944143901,RAL-01,Raleigh,node,13944143901,Mustang House,mustang house,Point,35.7749852,-78.6391678,amenity,restaurant,,,housenumber=411; postcode=27601; street=Fayetteville Street; unit=109,,,http://mustanghouseraleigh.com,"{""addr:housenumber"": ""411"", ""addr:postcode"": ""27601"", ""addr:street"": ""Fayetteville Street"", ""addr:unit"": ""109"", ""amenity"": ""restaurant"", ""contact:facebook"": ""mustanghousenc"", ""contact:instagram"": ""mustanghousenc"", ""cuisine"": ""nepalese"", ""name"": ""Mustang House"", ""opening_hours"": ""Mo-Th 10:30-21:45; Fr 10:30-21:40; Sa 10:30-21:45"", ""phone"": ""+1-919-758-8759"", ""website"": ""http://mustanghouseraleigh.com""}",2026-10-10T14:14:29Z,OpenStreetMap Overpass API,False,POINT (-78.639168 35.774985)
RAL-01_osm_node_13949999004,RAL-01,Raleigh,node,13949999004,Wake County Register of Deeds,wake county register of deeds,Point,35.7766592,-78.6396232,office,government,,,street=300 S Salsbury St.,,,https://www.wake.gov/departments-government/register-deeds,"{""addr:street"": ""300 S Salsbury St."", ""description"": ""Located inside the County Courthouse, on the far eastern side. Passport services and marriage services are possible here, among others."", ""name"": ""Wake County Register of Deeds"", ""office"": ""government"", ""opening_hours"": ""Mo-Fr 08:30-17:00"", ""phone"": ""+1-919-856-5460"", ""website"": ""https://www.wake.gov/departments-government/register-deeds""}",2026-10-10T14:14:29Z,OpenStreetMap Overpass API,False,POINT (-78.639623 35.776659)
RAL-01_osm_node_14042090054,RAL-01,Raleigh,node,14042090054,The Bike Library,the bike library,Point,35.7753929,-78.6482095,amenity,cafe,,,,,,https://thebikelibrary.com/,"{""amenity"": ""cafe"", ""check_date"": ""2026-07"", ""email"": ""info@thebikelibrary.com"", ""name"": ""The Bike Library"", ""opening_hours"": ""Mo-Fr 07:00-17:00; Sa-Su 08:00-17:00"", ""opening_hours:sales"": ""Tu-Sa 10:00-17:00"", ""phone"": ""+1-919-322-2991"", ""service:bicycle:repair"": ""yes"", ""service:bicycle:retail"": ""yes"", ""shop"": ""bicycle"", ""website"": ""https://thebikelibrary.com/""}",2026-10-10T14:14:29Z,OpenStreetMap Overpass API,False,POINT (-78.64821 35.775393)
RAL-01_osm_node_14046279601,RAL-01,Raleigh,node,14046279601,Veloce Italian Market,veloce italian market,Point,35.7741825,-78.6391735,amenity,fast_food,,,housenumber=443; postcode=27601; street=Fayetteville Street,,,https://velocemarketnc.com/,"{""addr:housenumber"": ""443"", ""addr:postcode"": ""27601"", ""addr:street"": ""Fayetteville Street"", ""amenity"": ""fast_food"", ""check_date"": ""2026-07-24"", ""check_date:opening_hours"": ""2026-07-24"", ""contact:instagram"": ""veloce_italian_market"", ""cuisine"": ""italian"", ""name"": ""Veloce Italian Market"", ""opening_hours"": ""Mo-Sa 11:00-20:00"", ""phone"": ""+1 919-307-3703"", ""website"": ""https://velocemarketnc.com/""}",2026-10-10T14:14:29Z,OpenStreetMap Overpass API,False,POINT (-78.639174 35.774182)
RAL-01_osm_node_14108194127,RAL-01,Raleigh,node,14108194127,Wright Brothers Electric Co.,wright brothers electric co,Point,35.7895928,-78.6345982,craft,electrician,,,city=Raleigh; housenumber=711; postcode=27604; state=NC; street=North Person Street,,,,"{""addr:city"": ""Raleigh"", ""addr:housenumber"": ""711"", ""addr:postcode"": ""27604"", ""addr:state"": ""NC"", ""addr:street"": ""North Person Street"", ""craft"": ""electrician"", ""name"": ""Wright Brothers Electric Co.""}",2026-10-10T14:14:29Z,OpenStreetMap Overpass API,False,POINT (-78.634598 35.789593)
RAL-01_osm_node_14108194128,RAL-01,Raleigh,node,14108194128,Courtland and Cait Fabrics,courtland and cait fabrics,Point,35.7896894,-78.6345827,shop,fabric,,,city=Raleigh; housenumber=713; postcode=27604; state=NC; street=North Person Street,,,,"{""addr:city"": ""Raleigh"", ""addr:housenumber"": ""713"", ""addr:postcode"": ""27604"", ""addr:state"": ""NC"", ""addr:street"": ""North Person Street"", ""name"": ""Courtland and Cait Fabrics"", ""opening_hours"": ""Tu-Fr 10:00-18:00; Sa 10:00-17:00"", ""phone"": ""+1 919 218 5558"", ""shop"": ""fabric"", ""wheelchair"": ""yes""}",2026-10-10T14:14:29Z,OpenStreetMap Overpass API,False,POINT (-78.634583 35.789689)
RAL-01_osm_node_14108194129,RAL-01,Raleigh,node,14108194129,Molly's Wax Shop,molly s wax shop,Point,35.7897424,-78.6345761,shop,beauty,,,city=Raleigh; housenumber=715; postcode=27604; state=NC; street=North Person Street,,,,"{""addr:city"": ""Raleigh"", ""addr:housenumber"": ""715"", ""addr:postcode"": ""27604"", ""addr:state"": ""NC"", ""addr:street"": ""North Person Street"", ""name"": ""Molly's Wax Shop"", ""opening_hours"": ""Tu-Fr 11:30-16:00; Sa 12:00-16:00"", ""shop"": ""beauty"", ""wheelchair"": ""yes""}",2026-10-10T14:14:29Z,OpenStreetMap Overpass API,False,POINT (-78.634576 35.789742)
RAL-01_osm_node_14108194130,RAL-01,Raleigh,node,14108194130,The Bird's Nest Beauty Parlor,the bird s nest beauty parlor,Point,35.7897723,-78.6345722,shop,beauty,,,city=Raleigh; housenumber=715; postcode=27604; state=NC; street=North Person Street,,,,"{""addr:city"": ""Raleigh"", ""addr:housenumber"": ""715"", ""addr:postcode"": ""27604"", ""addr:state"": ""NC"", ""addr:street"": ""North Person Street"", ""name"": ""The Bird's Nest Beauty Parlor"", ""opening_hours"": ""Th,Fr 10:00-19:00; Sa 10:00-17:00"", ""shop"": ""beauty"", ""wheelchair"": ""yes""}",2026-10-10T14:14:29Z,OpenStreetMap Overpass API,False,POINT (-78.634572 35.789772)
RAL-01_osm_node_14110970041,RAL-01,Raleigh,node,14110970041,In Situ Studio,in situ studio,Point,35.78913,-78.634196,office,architect,,,,,,,"{""name"": ""In Situ Studio"", ""office"": ""architect""}",2026-10-10T14:14:29Z,OpenStreetMap Overpass API,False,POINT (-78.634196 35.78913)
RAL-01_osm_node_14110970061,RAL-01,Raleigh,node,14110970061,Han-Dee Hugo's,han dee hugo s,Point,35.7878108,-78.634094,shop,convenience,,,city=Raleigh; housenumber=540; postcode=27604; state=NC; street=North Person Street,,,http://www.hhugos.com/,"{""addr:city"": ""Raleigh"", ""addr:housenumber"": ""540"", ""addr:postcode"": ""27604"", ""addr:state"": ""NC"", ""addr:street"": ""North Person Street"", ""name"": ""Han-Dee Hugo's"", ""opening_hours"": ""Mo-Su 06:00-23:00"", ""phone"": ""+1 919 828 2100"", ""shop"": ""convenience"", ""website"": ""http://www.hhugos.com/"", ""wheelchair"": ""yes""}",2026-10-10T14:14:29Z,OpenStreetMap Overpass API,False,POINT (-78.634094 35.787811)
RAL-01_osm_node_14111037235,RAL-01,Raleigh,node,14111037235,Edge Of Urge,edge of urge,Point,35.7903293,-78.634842,shop,clothes,,,,,,,"{""name"": ""Edge Of Urge"", ""opening_hours"": ""Su,Mo 12:00-17:00; Tu-Th 11:00-18:00; Fr,Sa 11:00-19:00"", ""shop"": ""clothes""}",2026-10-10T14:14:29Z,OpenStreetMap Overpass API,False,POINT (-78.634842 35.790329)
RAL-01_osm_node_14138737101,RAL-01,Raleigh,node,14138737101,Kokoro Ramen & Izakaya,kokoro ramen and izakaya,Point,35.776736,-78.6365028,amenity,restaurant,,,housenumber=200; postcode=27601; street=East Martin Street,,,http://kokororamennc.com,"{""addr:housenumber"": ""200"", ""addr:postcode"": ""27601"", ""addr:street"": ""East Martin Street"", ""amenity"": ""restaurant"", ""cuisine"": ""japanese;ramen"", ""email"": ""kokororamennc@gmail.com"", ""name"": ""Kokoro Ramen & Izakaya"", ""opening_hours"": ""Su 12:00-20:30; Tu-Th 11:30-14:30, 17:00-21:00; Fr 11:30-14:30, 17:00-21:45; Sa 12:00-21:45"", ""phone"": ""+1-919-900-7099"", ""self_service"": ""no"", ""website"": ""http://kokororamennc.com"", ""website:menu"": ""https://kokororamennc.smiledining.com/?2026080501""}",2026-10-10T14:14:29Z,OpenStreetMap Overpass API,False,POINT (-78.636503 35.776736)
RAL-01_osm_node_14164692831,RAL-01,Raleigh,node,14164692831,La Mala,la mala,Point,35.7826118,-78.6456657,amenity,bar,,,city=Raleigh; housenumber=126; postcode=27603; state=NC; street=North West Street,,,,"{""addr:city"": ""Raleigh"", ""addr:housenumber"": ""126"", ""addr:postcode"": ""27603"", ""addr:state"": ""NC"", ""addr:street"": ""North West Street"", ""amenity"": ""bar"", ""name"": ""La Mala""}",2026-10-10T14:14:29Z,OpenStreetMap Overpass API,False,POINT (-78.645666 35.782612)
RAL-01_osm_node_14164692832,RAL-01,Raleigh,node,14164692832,The Brass Tap,the brass tap,Point,35.7812649,-78.6456816,amenity,pub,The Brass Tap,,city=Raleigh; housenumber=16; postcode=27603; state=NC; street=North West Street,,,,"{""addr:city"": ""Raleigh"", ""addr:housenumber"": ""16"", ""addr:postcode"": ""27603"", ""addr:state"": ""NC"", ""addr:street"": ""North West Street"", ""amenity"": ""pub"", ""brand"": ""The Brass Tap"", ""brand:wikidata"": ""Q64358002"", ""cuisine"": ""american"", ""name"": ""The Brass Tap""}",2026-10-10T14:14:29Z,OpenStreetMap Overpass API,False,POINT (-78.645682 35.781265)
RAL-01_osm_node_14164692833,RAL-01,Raleigh,node,14164692833,"Press Coffee, Crepes & Cocktails",press coffee crepes and cocktails,Point,35.7808131,-78.6457057,amenity,cafe,,,city=Raleigh; housenumber=400; postcode=27603; state=NC; street=Hillsborough Street,,,,"{""addr:city"": ""Raleigh"", ""addr:housenumber"": ""400"", ""addr:postcode"": ""27603"", ""addr:state"": ""NC"", ""addr:street"": ""Hillsborough Street"", ""amenity"": ""cafe"", ""cuisine"": ""crepe;coffee_shop;brunch"", ""name"": ""Press Coffee, Crepes & Cocktails"", ""outdoor_seating"": ""yes""}",2026-10-10T14:14:29Z,OpenStreetMap Overpass API,False,POINT (-78.645706 35.780813)
RAL-01_osm_node_14227731190,RAL-01,Raleigh,node,14227731190,Jubala Coffee,jubala coffee,Point,35.7803408,-78.6436026,amenity,cafe,,,city=Raleigh; housenumber=301; postcode=27603; state=NC; street=Hillsborough Street; unit=Suite 120,,,https://www.jubalacoffee.com/,"{""addr:city"": ""Raleigh"", ""addr:housenumber"": ""301"", ""addr:postcode"": ""27603"", ""addr:state"": ""NC"", ""addr:street"": ""Hillsborough Street"", ""addr:unit"": ""Suite 120"", ""amenity"": ""cafe"", ""cuisine"": ""coffee_shop"", ""name"": ""Jubala Coffee"", ""opening_hours"": ""Mo-Su,PH 07:00-17:00"", ""outdoor_seating"": ""yes"", ""phone"": ""+1 919-913-0535"", ""website"": ""https://www.jubalacoffee.com/""}",2026-10-10T14:14:29Z,OpenStreetMap Overpass API,False,POINT (-78.643603 35.780341)
RAL-01_osm_node_14232394211,RAL-01,Raleigh,node,14232394211,NC Hemp Shoppe,nc hemp shoppe,Point,35.7879176,-78.6474524,shop,cannabis,,,floor=G; housenumber=609; street=Glenwood Avenue,,,,"{""addr:floor"": ""G"", ""addr:housenumber"": ""609"", ""addr:street"": ""Glenwood Avenue"", ""check_date"": ""2026-09-29"", ""level"": ""0"", ""name"": ""NC Hemp Shoppe"", ""opening_hours"": ""Mo-We,Su 10:00-23:00; Th 10:00-01:00; Fr-Sa 10:00-03:00"", ""shop"": ""cannabis""}",2026-10-10T14:14:29Z,OpenStreetMap Overpass API,False,POINT (-78.647452 35.787918)
RAL-01_osm_node_14232394212,RAL-01,Raleigh,node,14232394212,Vidrio,vidrio,Point,35.7866369,-78.6470943,amenity,restaurant,,,housenumber=500; street=Glenwood Ave,,,,"{""addr:housenumber"": ""500"", ""addr:street"": ""Glenwood Ave"", ""amenity"": ""restaurant"", ""check_date"": ""2026-09-29"", ""cuisine"": ""moroccan"", ""diet:dairy_free"": ""yes"", ""diet:gluten_free"": ""yes"", ""diet:meat"": ""yes"", ""diet:vegetarian"": ""yes"", ""name"": ""Vidrio"", ""opening_hours"": ""Mo-Th,Su 16:00-22:00; Fr-Sa 16:00-23:00""}",2026-10-10T14:14:29Z,OpenStreetMap Overpass API,False,POINT (-78.647094 35.786637)
RAL-01_osm_node_14232394213,RAL-01,Raleigh,node,14232394213,Dogwood Bar & Eatery,dogwood bar and eatery,Point,35.7877846,-78.6470511,amenity,bar,,,housenumber=610; street=Glenwood Avenue,,,,"{""addr:housenumber"": ""610"", ""addr:street"": ""Glenwood Avenue"", ""amenity"": ""bar"", ""check_date"": ""2026-09-29"", ""name"": ""Dogwood Bar & Eatery""}",2026-10-10T14:14:29Z,OpenStreetMap Overpass API,False,POINT (-78.647051 35.787785)
RAL-01_osm_node_14232394214,RAL-01,Raleigh,node,14232394214,Gladwell Orthodontics,gladwell orthodontics,Point,35.7871271,-78.646812,healthcare,dentist,,,housenumber=510; street=Glenwood Ave; unit=100,,,https://gladwellorthodontics.com,"{""addr:housenumber"": ""510"", ""addr:street"": ""Glenwood Ave"", ""addr:unit"": ""100"", ""amenity"": ""dentist"", ""check_date"": ""2026-09-29"", ""healthcare"": ""dentist"", ""healthcare:speciality"": ""orthodontics"", ""name"": ""Gladwell Orthodontics"", ""phone"": ""+1 919-453-6325"", ""website"": ""https://gladwellorthodontics.com""}",2026-10-10T14:14:29Z,OpenStreetMap Overpass API,False,POINT (-78.646812 35.787127)
RAL-01_osm_node_14235320389,RAL-01,Raleigh,node,14235320389,"Marcilliat & Mills, PLLC",marcilliat and mills pllc,Point,35.7781023,-78.6399776,office,lawyer,,,city=Raleigh; housenumber=19; postcode=27601; state=NC; street=W Hargett St; unit=700,,,https://nclawteam.com/raleigh-criminal-defense-attorney/sex-crimes/,"{""addr:city"": ""Raleigh"", ""addr:housenumber"": ""19"", ""addr:postcode"": ""27601"", ""addr:state"": ""NC"", ""addr:street"": ""W Hargett St"", ""addr:unit"": ""700"", ""name"": ""Marcilliat & Mills, PLLC"", ""office"": ""lawyer"", ""opening_hours"": ""24/7"", ""phone"": ""+1-919-838-6643"", ""website"": ""https://nclawteam.com/raleigh-criminal-defense-attorney/sex-crimes/""}",2026-10-10T14:14:29Z,OpenStreetMap Overpass API,False,POINT (-78.639978 35.778102)
RAL-01_osm_node_14237645728,RAL-01,Raleigh,node,14237645728,Alcohol Rehab Raleigh,alcohol rehab raleigh,Point,35.7741991,-78.6387584,healthcare,rehabilitation,,,city=Raleigh; housenumber=421; postcode=27601; state=NC; street=Fayetteville Street; unit=1100,,,http://alcoholrehabraleigh.com/,"{""addr:city"": ""Raleigh"", ""addr:housenumber"": ""421"", ""addr:postcode"": ""27601"", ""addr:state"": ""NC"", ""addr:street"": ""Fayetteville Street"", ""addr:unit"": ""1100"", ""email"": ""contact@alcoholrehabraleigh.com"", ""healthcare"": ""rehabilitation"", ""healthcare:speciality"": ""alcohol_rehab_facilities;mental_health_counseling"", ""name"": ""Alcohol Rehab Raleigh"", ""opening_hours"": ""00:00-24:00 open"", ""phone"": ""+1-828-440-4650"", ""website"": ""http://alcoholrehabraleigh.com/""}",2026-10-10T14:14:29Z,OpenStreetMap Overpass API,False,POINT (-78.638758 35.774199)
RAL-01_osm_node_1829200046,RAL-01,Raleigh,node,1829200046,North Carolina Fallen Firefighters,north carolina fallen firefighters,Point,35.7777201,-78.6426916,historic,memorial,,,housenumber=200; street=South Dawson Street,,,,"{""addr:housenumber"": ""200"", ""addr:street"": ""South Dawson Street"", ""artist_name"": ""Carl W. Regutti"", ""historic"": ""memorial"", ""memorial"": ""statue"", ""name"": ""North Carolina Fallen Firefighters"", ""start_date"": ""2006-05-06""}",2026-10-10T14:14:29Z,OpenStreetMap Overpass API,False,POINT (-78.642692 35.77772)
RAL-01_osm_node_1979955041,RAL-01,Raleigh,node,1979955041,Church in the Woods,church in the woods,Point,35.7774303,-78.6351594,amenity,place_of_worship,,,,,,,"{""amenity"": ""place_of_worship"", ""denomination"": ""outreach ministry"", ""name"": ""Church in the Woods"", ""religion"": ""christian"", ""source"": ""http://churchinthewoods.net/""}",2026-10-10T14:14:29Z,OpenStreetMap Overpass API,False,POINT (-78.635159 35.77743)
RAL-01_osm_node_2072382353,RAL-01,Raleigh,node,2072382353,Flying Saucer Draught Emporium,flying saucer draught emporium,Point,35.7799487,-78.6447955,amenity,restaurant,,,,,,,"{""amenity"": ""restaurant"", ""cuisine"": ""american"", ""name"": ""Flying Saucer Draught Emporium""}",2026-10-10T14:14:29Z,OpenStreetMap Overpass API,False,POINT (-78.644796 35.779949)
RAL-01_osm_node_2072382489,RAL-01,Raleigh,node,2072382489,The Roast Grill,the roast grill,Point,35.780248,-78.6457571,amenity,restaurant,,,,,,,"{""amenity"": ""restaurant"", ""cuisine"": ""american"", ""name"": ""The Roast Grill""}",2026-10-10T14:14:29Z,OpenStreetMap Overpass API,False,POINT (-78.645757 35.780248)
RAL-01_osm_node_2072383343,RAL-01,Raleigh,node,2072383343,"Hatch, Little & Bunn, L.L.P.",hatch little and bunn l l p,Point,35.7803111,-78.6447124,office,lawyer,,,,,,,"{""name"": ""Hatch, Little & Bunn, L.L.P."", ""office"": ""lawyer""}",2026-10-10T14:14:29Z,OpenStreetMap Overpass API,False,POINT (-78.644712 35.780311)
RAL-01_osm_node_2072383501,RAL-01,Raleigh,node,2072383501,Second Empire Restaurant and Tavern,second empire restaurant and tavern,Point,35.7808964,-78.6446923,amenity,restaurant,,,city=Raleigh; housenumber=330; postcode=27603; state=NC; street=Hillsborough Street,,,https://www.second-empire.com/,"{""addr:city"": ""Raleigh"", ""addr:housenumber"": ""330"", ""addr:postcode"": ""27603"", ""addr:state"": ""NC"", ""addr:street"": ""Hillsborough Street"", ""amenity"": ""restaurant"", ""name"": ""Second Empire Restaurant and Tavern"", ""phone"": ""+1-919-829-3663"", ""website"": ""https://www.second-empire.com/""}",2026-10-10T14:14:29Z,OpenStreetMap Overpass API,False,POINT (-78.644692 35.780896)
RAL-01_osm_node_2072410558,RAL-01,Raleigh,node,2072410558,View Bar & Game Room,view bar and game room,Point,35.778896,-78.6449195,amenity,nightclub,,Legends Nightclub,city=Raleigh; country=US; housenumber=119; postcode=27601; state=NC; street=South Harrington Street,,,https://legends-club.com/,"{""addr:city"": ""Raleigh"", ""addr:country"": ""US"", ""addr:housenumber"": ""119"", ""addr:postcode"": ""27601"", ""addr:state"": ""NC"", ""addr:street"": ""South Harrington Street"", ""amenity"": ""nightclub"", ""lgbtq"": ""primary"", ""name"": ""View Bar & Game Room"", ""operator"": ""Legends Nightclub"", ""phone"": ""+19195011456"", ""smoking"": ""outside"", ""website"": ""https://legends-club.com/""}",2026-10-10T14:14:29Z,OpenStreetMap Overpass API,False,POINT (-78.64492 35.778896)
RAL-01_osm_node_2072412051,RAL-01,Raleigh,node,2072412051,John Montgomery Violins Inc,john montgomery violins inc,Point,35.7805036,-78.6463355,shop,musical_instrument,,,,,,,"{""name"": ""John Montgomery Violins Inc"", ""shop"": ""musical_instrument""}",2026-10-10T14:14:29Z,OpenStreetMap Overpass API,False,POINT (-78.646336 35.780504)
RAL-01_osm_node_2072416037,RAL-01,Raleigh,node,2072416037,"Wilson's Outdoor Equipment, Inc.",wilson s outdoor equipment inc,Point,35.780088,-78.6461826,shop,hardware,,,,,,,"{""name"": ""Wilson's Outdoor Equipment, Inc."", ""shop"": ""hardware""}",2026-10-10T14:14:29Z,OpenStreetMap Overpass API,False,POINT (-78.646183 35.780088)
RAL-01_osm_node_2098187833,RAL-01,Raleigh,node,2098187833,Mulino Italian Kitchen & Bar,mulino italian kitchen and bar,Point,35.7845575,-78.6435513,amenity,restaurant,,,city=Raleigh; housenumber=309; postcode=27603; state=NC; street=N Dawson St,,,https://mulinoraleigh.com/,"{""addr:city"": ""Raleigh"", ""addr:housenumber"": ""309"", ""addr:postcode"": ""27603"", ""addr:state"": ""NC"", ""addr:street"": ""N Dawson St"", ""amenity"": ""restaurant"", ""cuisine"": ""italian"", ""name"": ""Mulino Italian Kitchen & Bar"", ""phone"": ""+1-919-838-8595"", ""website"": ""https://mulinoraleigh.com/""}",2026-10-10T14:14:29Z,OpenStreetMap Overpass API,False,POINT (-78.643551 35.784558)
RAL-01_osm_node_2144920174,RAL-01,Raleigh,node,2144920174,The Pit,the pit,Point,35.7759121,-78.6447083,amenity,restaurant,,,city=Raleigh; housenumber=328; postcode=27601; state=NC; street=West Davie Street,,,https://www.thepit-bbq.com,"{""addr:city"": ""Raleigh"", ""addr:housenumber"": ""328"", ""addr:postcode"": ""27601"", ""addr:state"": ""NC"", ""addr:street"": ""West Davie Street"", ""amenity"": ""restaurant"", ""covered"": ""yes"", ""cuisine"": ""barbecue"", ""internet_access"": ""wlan"", ""name"": ""The Pit"", ""opening_hours"": ""Mo-Th 11:00-22:00; Fr-Sa 11:00-23:00; Su 11:00-21:00"", ""outdoor_seating"": ""yes"", ""phone"": ""+1 919 890 4500"", ""smoking"": ""no"", ""source"": ""Site survey"", ""takeaway"": ""yes"", ""website"": ""https://www.thepit-bbq.com"", ""wheelchair"": ""yes""}",2026-10-10T14:14:29Z,OpenStreetMap Overpass API,False,POINT (-78.644708 35.775912)
RAL-01_osm_node_2147083590,RAL-01,Raleigh,node,2147083590,"Young Hearts Distilling, Restaurant and Bar",young hearts distilling restaurant and bar,Point,35.7774605,-78.6381231,craft,distillery,,,city=Raleigh; country=US; housenumber=225; postcode=27601; state=NC; street=S Wilmington Street,,,https://www.trophybrewing.com,"{""addr:city"": ""Raleigh"", ""addr:country"": ""US"", ""addr:housenumber"": ""225"", ""addr:postcode"": ""27601"", ""addr:state"": ""NC"", ""addr:street"": ""S Wilmington Street"", ""atm"": ""no"", ""craft"": ""distillery"", ""cuisine"": ""american"", ""food"": ""yes"", ""name"": ""Young Hearts Distilling, Restaurant and Bar"", ""outdoor_seating"": ""yes"", ""phone"": ""+1-919-424-7817"", ""smoking"": ""no"", ""takeaway"": ""yes"", ""website"": ""https://www.trophybrewing.com"", ""wheelchair"": ""limited""}",2026-10-10T14:14:29Z,OpenStreetMap Overpass API,False,POINT (-78.638123 35.77746)
RAL-01_osm_node_2147107893,RAL-01,Raleigh,node,2147107893,Sitti Authentic Lebanese,sitti authentic lebanese,Point,35.7783596,-78.6380771,amenity,restaurant,,,,,,https://www.sitti-raleigh.com/,"{""amenity"": ""restaurant"", ""cuisine"": ""lebanese"", ""delivery"": ""no"", ""name"": ""Sitti Authentic Lebanese"", ""opening_hours"": ""Mo-Th 11:00-22:00; Fr-Sa 11:00-23:00; Su 12:00-22:00"", ""outdoor_seating"": ""yes"", ""phone"": ""+1-919-239-4070"", ""smoking"": ""no"", ""source"": ""Site visit"", ""takeaway"": ""yes"", ""website"": ""https://www.sitti-raleigh.com/"", ""wheelchair"": ""limited""}",2026-10-10T14:14:29Z,OpenStreetMap Overpass API,False,POINT (-78.638077 35.77836)
RAL-01_osm_node_2153542348,RAL-01,Raleigh,node,2153542348,Bad Daddy's Burger Bar,bad daddy s burger bar,Point,35.7885657,-78.6398617,amenity,fast_food,,,country=US; housenumber=111; postcode=27604; state=NC; street=Seaboard Avenue,,,https://baddaddysburgerbar.com/,"{""addr:country"": ""US"", ""addr:housenumber"": ""111"", ""addr:postcode"": ""27604"", ""addr:state"": ""NC"", ""addr:street"": ""Seaboard Avenue"", ""amenity"": ""fast_food"", ""cuisine"": ""burger"", ""name"": ""Bad Daddy's Burger Bar"", ""opening_hours"": ""Su-Th 11:00-22:00; Fr-Sa 11:00-23:00"", ""website"": ""https://baddaddysburgerbar.com/""}",2026-10-10T14:14:29Z,OpenStreetMap Overpass API,False,POINT (-78.639862 35.788566)
RAL-01_osm_node_2198231992,RAL-01,Raleigh,node,2198231992,Mecca Restaurant,mecca restaurant,Point,35.7770398,-78.6386608,amenity,restaurant,,,city=Raleigh; housenumber=13; postcode=27601; state=NC; street=East Martin Street,,,https://www.mecca-restaurant.com/,"{""addr:city"": ""Raleigh"", ""addr:housenumber"": ""13"", ""addr:postcode"": ""27601"", ""addr:state"": ""NC"", ""addr:street"": ""East Martin Street"", ""amenity"": ""restaurant"", ""cuisine"": ""american"", ""name"": ""Mecca Restaurant"", ""phone"": ""+1-919-832-5714"", ""website"": ""https://www.mecca-restaurant.com/""}",2026-10-10T14:14:29Z,OpenStreetMap Overpass API,False,POINT (-78.638661 35.77704)
RAL-01_osm_node_2198232041,RAL-01,Raleigh,node,2198232041,Carroll's Kitchen,carroll s kitchen,Point,35.7770358,-78.6384418,amenity,restaurant,,,city=Raleigh; housenumber=19; postcode=27601; state=NC; street=East Martin Street,,,https://www.carrollskitchen.org/,"{""addr:city"": ""Raleigh"", ""addr:housenumber"": ""19"", ""addr:postcode"": ""27601"", ""addr:state"": ""NC"", ""addr:street"": ""East Martin Street"", ""amenity"": ""restaurant"", ""name"": ""Carroll's Kitchen"", ""phone"": ""+1-919-670-3622"", ""website"": ""https://www.carrollskitchen.org/""}",2026-10-10T14:14:29Z,OpenStreetMap Overpass API,False,POINT (-78.638442 35.777036)
RAL-01_osm_node_2335652036,RAL-01,Raleigh,node,2335652036,Meymandi Concert Hall,meymandi concert hall,Point,35.7712286,-78.6401366,amenity,theatre,,,,,,https://www.dukeenergycenterraleigh.com/venue/meymandi-concert-hall,"{""amenity"": ""theatre"", ""name"": ""Meymandi Concert Hall"", ""website"": ""https://www.dukeenergycenterraleigh.com/venue/meymandi-concert-hall""}",2026-10-10T14:14:29Z,OpenStreetMap Overpass API,False,POINT (-78.640137 35.771229)
RAL-01_osm_node_2335652040,RAL-01,Raleigh,node,2335652040,Fletcher Opera Theater,fletcher opera theater,Point,35.7713203,-78.6391285,amenity,theatre,,,,,,https://www.dukeenergycenterraleigh.com/venue/fletcher-opera-theater,"{""amenity"": ""theatre"", ""name"": ""Fletcher Opera Theater"", ""official_name"": ""A. J. Fletcher Opera Theater"", ""website"": ""https://www.dukeenergycenterraleigh.com/venue/fletcher-opera-theater""}",2026-10-10T14:14:29Z,OpenStreetMap Overpass API,False,POINT (-78.639128 35.77132)
RAL-01_osm_node_2335652044,RAL-01,Raleigh,node,2335652044,Kennedy Theater,kennedy theater,Point,35.7707707,-78.6396661,amenity,theatre,,,,,,https://www.dukeenergycenterraleigh.com/venue/kennedy-theatre,"{""amenity"": ""theatre"", ""name"": ""Kennedy Theater"", ""website"": ""https://www.dukeenergycenterraleigh.com/venue/kennedy-theatre""}",2026-10-10T14:14:29Z,OpenStreetMap Overpass API,False,POINT (-78.639666 35.770771)
RAL-01_osm_node_2335652048,RAL-01,Raleigh,node,2335652048,Memorial Auditorium,memorial auditorium,Point,35.7712761,-78.6396305,amenity,theatre,,,,,,https://www.dukeenergycenterraleigh.com/venue/memorial-auditorium,"{""amenity"": ""theatre"", ""name"": ""Memorial Auditorium"", ""website"": ""https://www.dukeenergycenterraleigh.com/venue/memorial-auditorium""}",2026-10-10T14:14:29Z,OpenStreetMap Overpass API,False,POINT (-78.63963 35.771276)
RAL-01_osm_node_2335652065,RAL-01,Raleigh,node,2335652065,Betty Ray McCain Art Gallery,betty ray mccain art gallery,Point,35.7714229,-78.6395984,tourism,gallery,,,,,,,"{""fixme"": ""Unknown location within building."", ""name"": ""Betty Ray McCain Art Gallery"", ""tourism"": ""gallery""}",2026-10-10T14:14:29Z,OpenStreetMap Overpass API,False,POINT (-78.639598 35.771423)
RAL-01_osm_node_2566339185,RAL-01,Raleigh,node,2566339185,Tir Na Nog Irish Pub,tir na nog irish pub,Point,35.7773891,-78.6367708,amenity,pub,,,,,,,"{""amenity"": ""pub"", ""name"": ""Tir Na Nog Irish Pub""}",2026-10-10T14:14:29Z,OpenStreetMap Overpass API,False,POINT (-78.636771 35.777389)
RAL-01_osm_node_2566339186,RAL-01,Raleigh,node,2566339186,Bida Manda,bida manda,Point,35.7772541,-78.6367789,amenity,restaurant,,,,,,,"{""amenity"": ""restaurant"", ""cuisine"": ""lao;thai"", ""name"": ""Bida Manda""}",2026-10-10T14:14:29Z,OpenStreetMap Overpass API,False,POINT (-78.636779 35.777254)
RAL-01_osm_node_2566339187,RAL-01,Raleigh,node,2566339187,The Pour House Music Hall & Record Shop,the pour house music hall and record shop,Point,35.7771606,-78.6367896,shop,music,,,housenumber=224; postcode=27601; street=South Blount Street,,,https://www.pourhouseraleigh.com/,"{""addr:housenumber"": ""224"", ""addr:postcode"": ""27601"", ""addr:street"": ""South Blount Street"", ""contact:facebook"": ""thepourhousemusichall"", ""contact:instagram"": ""thepourhouse"", ""contact:twitter"": ""ThePourHouse"", ""email"": ""rachel@the-pour-house.com"", ""name"": ""The Pour House Music Hall & Record Shop"", ""note"": ""Not a music store, but a small music hall/concert venue. Couldn't find an accurate point description to describe that."", ""opening_hours"": ""Tu-Su 12:00-18:00"", ""phone"": ""+1-919-821-1120"", ""shop"": ""music"", ""website"": ""https://www.pourhouseraleigh.com/""}",2026-10-10T14:14:29Z,OpenStreetMap Overpass API,False,POINT (-78.63679 35.777161)
RAL-01_osm_node_2566350158,RAL-01,Raleigh,node,2566350158,Slim's,slim s,Point,35.7773952,-78.6381276,amenity,pub,,,,,,,"{""amenity"": ""pub"", ""name"": ""Slim's""}",2026-10-10T14:14:29Z,OpenStreetMap Overpass API,False,POINT (-78.638128 35.777395)
RAL-01_osm_node_2566377007,RAL-01,Raleigh,node,2566377007,El Rodeo Mexican Restaurant,el rodeo mexican restaurant,Point,35.7756429,-78.6365704,amenity,restaurant,,,city=Raleigh; housenumber=329; postcode=27601; state=NC; street=South Blount Street,,,https://elrodeorest.com/,"{""addr:city"": ""Raleigh"", ""addr:housenumber"": ""329"", ""addr:postcode"": ""27601"", ""addr:state"": ""NC"", ""addr:street"": ""South Blount Street"", ""amenity"": ""restaurant"", ""cuisine"": ""mexican"", ""name"": ""El Rodeo Mexican Restaurant"", ""opening_hours"": ""Mo-Sa 11:00-22:00; Su 11:30-21:00"", ""phone"": ""+1-919-829-0777"", ""website"": ""https://elrodeorest.com/""}",2026-10-10T14:14:29Z,OpenStreetMap Overpass API,False,POINT (-78.63657 35.775643)
RAL-01_osm_node_2566388184,RAL-01,Raleigh,node,2566388184,42nd Street Oyster Bar,42nd street oyster bar,Point,35.7831205,-78.64624,amenity,restaurant,,,,,,,"{""amenity"": ""restaurant"", ""closed"": ""yes"", ""name"": ""42nd Street Oyster Bar""}",2026-10-10T14:14:29Z,OpenStreetMap Overpass API,False,POINT (-78.64624 35.78312)
RAL-01_osm_node_2731382547,RAL-01,Raleigh,node,2731382547,Caffe Luna,caffe luna,Point,35.7780662,-78.6367632,amenity,restaurant,,,city=Raleigh; housenumber=136; postcode=27601; state=NC; street=East Hargett Street,,,https://cafeluna.com/,"{""addr:city"": ""Raleigh"", ""addr:housenumber"": ""136"", ""addr:postcode"": ""27601"", ""addr:state"": ""NC"", ""addr:street"": ""East Hargett Street"", ""amenity"": ""restaurant"", ""cuisine"": ""italian"", ""name"": ""Caffe Luna"", ""opening_hours"": ""Tu-Th 17:00-21:00; Fr-Sa 17:00-21:00"", ""phone"": ""+19198326090"", ""website"": ""https://cafeluna.com/""}",2026-10-10T14:14:29Z,OpenStreetMap Overpass API,False,POINT (-78.636763 35.778066)
RAL-01_osm_node_2782527413,RAL-01,Raleigh,node,2782527413,Gravy Italian-American Kitchen,gravy italian american kitchen,Point,35.7784984,-78.6380687,amenity,restaurant,,,city=Raleigh; housenumber=135; postcode=27601; state=NC; street=South Wilmington Street,,,https://www.gravyraleigh.com/,"{""addr:city"": ""Raleigh"", ""addr:housenumber"": ""135"", ""addr:postcode"": ""27601"", ""addr:state"": ""NC"", ""addr:street"": ""South Wilmington Street"", ""amenity"": ""restaurant"", ""cuisine"": ""italian"", ""name"": ""Gravy Italian-American Kitchen"", ""opening_hours"": ""Mo-Th 11:00-22:00; Fr 11:00-23:00; Sa 11:00-15:00,17:00-23:00; Su 11:00-15:00,17:00-22:00"", ""phone"": ""+1 919-896-8513"", ""website"": ""https://www.gravyraleigh.com/""}",2026-10-10T14:14:29Z,OpenStreetMap Overpass API,False,POINT (-78.638069 35.778498)
RAL-01_osm_node_2782527698,RAL-01,Raleigh,node,2782527698,Wells Fargo,wells fargo,Point,35.778605,-78.639522,amenity,bank,Wells Fargo,,,,,,"{""amenity"": ""bank"", ""atm"": ""yes"", ""brand"": ""Wells Fargo"", ""brand:wikidata"": ""Q744149"", ""drive_through"": ""no"", ""name"": ""Wells Fargo""}",2026-10-10T14:14:29Z,OpenStreetMap Overpass API,False,POINT (-78.639522 35.778605)
RAL-01_osm_node_2921397003,RAL-01,Raleigh,node,2921397003,American Bail Bonds,american bail bonds,Point,35.775759,-78.6402734,office,bail_bond_agent,,,country=US; housenumber=33; postcode=27601; state=NC; street=West Davie Street,,,https://bailbondsraleigh.us/,"{""addr:country"": ""US"", ""addr:housenumber"": ""33"", ""addr:postcode"": ""27601"", ""addr:state"": ""NC"", ""addr:street"": ""West Davie Street"", ""fixme"": ""Location?"", ""name"": ""American Bail Bonds"", ""office"": ""bail_bond_agent"", ""phone"": ""+1 919 8329002"", ""website"": ""https://bailbondsraleigh.us/""}",2026-10-10T14:14:29Z,OpenStreetMap Overpass API,False,POINT (-78.640273 35.775759)
RAL-01_osm_node_2921397004,RAL-01,Raleigh,node,2921397004,Askew Taylor,askew taylor,Point,35.7822193,-78.6473295,shop,craft,,,country=US; housenumber=110; postcode=27603; state=NC; street=Glenwood Avenue,,,http://www.askewtaylor.com/,"{""addr:country"": ""US"", ""addr:housenumber"": ""110"", ""addr:postcode"": ""27603"", ""addr:state"": ""NC"", ""addr:street"": ""Glenwood Avenue"", ""name"": ""Askew Taylor"", ""phone"": ""+1 919 8344497"", ""shop"": ""craft"", ""website"": ""http://www.askewtaylor.com/""}",2026-10-10T14:14:29Z,OpenStreetMap Overpass API,False,POINT (-78.64733 35.782219)
RAL-01_osm_node_2921397007,RAL-01,Raleigh,node,2921397007,Split,split,Point,35.7853813,-78.6475832,amenity,bar,,,country=US; housenumber=407; postcode=27603; state=NC; street=Glenwood Avenue,,,,"{""addr:country"": ""US"", ""addr:housenumber"": ""407"", ""addr:postcode"": ""27603"", ""addr:state"": ""NC"", ""addr:street"": ""Glenwood Avenue"", ""amenity"": ""bar"", ""check_date"": ""2026-09-29"", ""name"": ""Split""}",2026-10-10T14:14:29Z,OpenStreetMap Overpass API,False,POINT (-78.647583 35.785381)
RAL-01_osm_node_2921397008,RAL-01,Raleigh,node,2921397008,Revolver,revolver,Point,35.7826199,-78.6473251,shop,second_hand,,,country=US; housenumber=122; postcode=27603; state=NC; street=Glenwood Avenue,,,http://www.catbanjo.com/,"{""addr:country"": ""US"", ""addr:housenumber"": ""122"", ""addr:postcode"": ""27603"", ""addr:state"": ""NC"", ""addr:street"": ""Glenwood Avenue"", ""name"": ""Revolver"", ""phone"": ""+1 919 6151428"", ""shop"": ""second_hand"", ""website"": ""http://www.catbanjo.com/""}",2026-10-10T14:14:29Z,OpenStreetMap Overpass API,False,POINT (-78.647325 35.78262)
RAL-01_osm_node_2921397009,RAL-01,Raleigh,node,2921397009,Clark Art,clark art,Point,35.7843073,-78.6471668,shop,art,,,country=US; housenumber=300; postcode=27603; state=NC; street=Glenwood Avenue,,,,"{""addr:country"": ""US"", ""addr:housenumber"": ""300"", ""addr:postcode"": ""27603"", ""addr:state"": ""NC"", ""addr:street"": ""Glenwood Avenue"", ""contact:facebook"": ""https://www.facebook.com/pages/Clark-Art/163551186396"", ""contact:phone"": ""+1 919 8328319"", ""name"": ""Clark Art"", ""opening_hours"": ""Mo-Fr 08:30-17:30;Sa 09:30-13:00"", ""shop"": ""art""}",2026-10-10T14:14:29Z,OpenStreetMap Overpass API,False,POINT (-78.647167 35.784307)
RAL-01_osm_node_2921397011,RAL-01,Raleigh,node,2921397011,Split,split,Point,35.7853414,-78.6475854,amenity,bar,,,country=US; housenumber=403; postcode=27603; state=NC; street=Glenwood Avenue,,,,"{""addr:country"": ""US"", ""addr:housenumber"": ""403"", ""addr:postcode"": ""27603"", ""addr:state"": ""NC"", ""addr:street"": ""Glenwood Avenue"", ""amenity"": ""bar"", ""check_date"": ""2026-09-29"", ""name"": ""Split""}",2026-10-10T14:14:29Z,OpenStreetMap Overpass API,False,POINT (-78.647585 35.785341)
RAL-01_osm_node_2921397013,RAL-01,Raleigh,node,2921397013,Hibernian,hibernian,Point,35.7848041,-78.6475493,amenity,pub,,,country=US; housenumber=311; postcode=27603; state=NC; street=Glenwood Avenue,,,https://hibernianpub.com/about/glenwood/,"{""addr:country"": ""US"", ""addr:housenumber"": ""311"", ""addr:postcode"": ""27603"", ""addr:state"": ""NC"", ""addr:street"": ""Glenwood Avenue"", ""amenity"": ""pub"", ""check_date"": ""2026-09-04"", ""check_date:opening_hours"": ""2026-09-04"", ""cuisine"": ""irish"", ""fax"": ""+1 919 8332275"", ""food"": ""yes"", ""mapillary"": ""4051081044976208"", ""name"": ""Hibernian"", ""opening_hours"": ""Mo-Fr 11:00-02:00; Sa-Su 10:00-02:00"", ""phone"": ""+1 919 8332258"", ""survey:date"": ""2019-07-06"", ""theme"": ""irish"", ""website"": ""https://hibernianpub.com/about/glenwood/""}",2026-10-10T14:14:29Z,OpenStreetMap Overpass API,False,POINT (-78.647549 35.784804)
RAL-01_osm_node_2921397015,RAL-01,Raleigh,node,2921397015,Kelly Odom,kelly odom,Point,35.78193,-78.6472722,shop,florist,,,country=US; housenumber=102; postcode=27603; state=NC; street=Glenwood Avenue,,,https://www.kellyodom.com/,"{""addr:country"": ""US"", ""addr:housenumber"": ""102"", ""addr:postcode"": ""27603"", ""addr:state"": ""NC"", ""addr:street"": ""Glenwood Avenue"", ""fax"": ""+1 919 8290993"", ""name"": ""Kelly Odom"", ""opening_hours"": ""Mo-Fr 09:00-17:00;Sa 10:00-15:00"", ""phone"": ""+1 919 8293888"", ""shop"": ""florist"", ""start_date"": ""1985"", ""website"": ""https://www.kellyodom.com/""}",2026-10-10T14:14:29Z,OpenStreetMap Overpass API,False,POINT (-78.647272 35.78193)
RAL-01_osm_node_2921397016,RAL-01,Raleigh,node,2921397016,Myriad Media,myriad media,Point,35.7752092,-78.6405273,office,company,,,unit=100,,,https://www.myriadmedia.net/,"{""addr:unit"": ""100"", ""name"": ""Myriad Media"", ""office"": ""company"", ""website"": ""https://www.myriadmedia.net/""}",2026-10-10T14:14:29Z,OpenStreetMap Overpass API,False,POINT (-78.640527 35.775209)
RAL-01_osm_node_2921397017,RAL-01,Raleigh,node,2921397017,Rye Bar & Southern Kitchen,rye bar and southern kitchen,Point,35.7736589,-78.6396822,amenity,restaurant,,,city=Raleigh; housenumber=500; postcode=27601; state=NC; street=Fayetteville Street,,,https://www.ryeraleigh.com/,"{""addr:city"": ""Raleigh"", ""addr:housenumber"": ""500"", ""addr:postcode"": ""27601"", ""addr:state"": ""NC"", ""addr:street"": ""Fayetteville Street"", ""amenity"": ""restaurant"", ""cuisine"": ""american"", ""name"": ""Rye Bar & Southern Kitchen"", ""opening_hours"": ""Mo-Fr 06:30-23:00;Sa-Su 07:00-23:00"", ""phone"": ""+1-919-227-3370"", ""website"": ""https://www.ryeraleigh.com/""}",2026-10-10T14:14:29Z,OpenStreetMap Overpass API,False,POINT (-78.639682 35.773659)
RAL-01_osm_node_2921397021,RAL-01,Raleigh,node,2921397021,Sono,sono,Point,35.7759268,-78.6391293,amenity,restaurant,,,city=Raleigh; housenumber=319; postcode=27601; state=NC; street=Fayetteville Street; unit=101,,,https://www.sonoraleigh.com/,"{""addr:city"": ""Raleigh"", ""addr:housenumber"": ""319"", ""addr:postcode"": ""27601"", ""addr:state"": ""NC"", ""addr:street"": ""Fayetteville Street"", ""addr:unit"": ""101"", ""amenity"": ""restaurant"", ""cuisine"": ""japanese"", ""fax"": ""+1 919 3417971"", ""name"": ""Sono"", ""opening_hours"": ""Mo-Th 11:00-14:00,17:00-22:00;Fr 11:00-14:00,17:00-23:00;Sa 17:00-23:00;Su 17:00-22:00"", ""phone"": ""+1-919-521-5328"", ""website"": ""https://www.sonoraleigh.com/""}",2026-10-10T14:14:29Z,OpenStreetMap Overpass API,False,POINT (-78.639129 35.775927)
RAL-01_osm_node_2921397022,RAL-01,Raleigh,node,2921397022,Starbucks,starbucks,Point,35.7738556,-78.6396649,amenity,cafe,Starbucks,,city=Raleigh; housenumber=500; postcode=27601; state=NC; street=Fayetteville Street,,,https://www.starbucks.com/store-locator/store/7706/marriott-downtown-raleigh-500-fayetteville-st-mall-raleigh-nc-276012118-us,"{""addr:city"": ""Raleigh"", ""addr:housenumber"": ""500"", ""addr:postcode"": ""27601"", ""addr:state"": ""NC"", ""addr:street"": ""Fayetteville Street"", ""amenity"": ""cafe"", ""branch"": ""Marriott Downtown Raleigh"", ""brand"": ""Starbucks"", ""brand:wikidata"": ""Q37158"", ""check_date"": ""2026-07-24"", ""check_date:opening_hours"": ""2026-07-24"", ""cuisine"": ""coffee_shop"", ""name"": ""Starbucks"", ""official_name"": ""Starbucks Coffee"", ""opening_hours"": ""Mo-Fr 06:30-19:00; Sa 07:00-19:00; Su 07:00-17:00"", ""phone"": ""+1 919-334-9894"", ""takeaway"": ""yes"", ""website"": ""https://www.starbucks.com/store-locator/store/7706/marriott-downtown-raleigh-500-fayetteville-st-mall-raleigh-nc-276012118-us""}",2026-10-10T14:14:29Z,OpenStreetMap Overpass API,False,POINT (-78.639665 35.773856)
RAL-01_osm_node_2921397023,RAL-01,Raleigh,node,2921397023,Tesoro Hair Design,tesoro hair design,Point,35.784722,-78.6472097,shop,hairdresser,,,country=US; housenumber=320; postcode=27603; state=NC; street=Glenwood Avenue,,,http://www.tesorohairdesign.com/,"{""addr:country"": ""US"", ""addr:housenumber"": ""320"", ""addr:postcode"": ""27603"", ""addr:state"": ""NC"", ""addr:street"": ""Glenwood Avenue"", ""name"": ""Tesoro Hair Design"", ""opening_hours"": ""Mo,Tu,Fr 10:00-18:00; We,Th 10:00-19:00; Sa 10:00-17:00"", ""phone"": ""+1 919 8967206"", ""shop"": ""hairdresser"", ""website"": ""http://www.tesorohairdesign.com/""}",2026-10-10T14:14:29Z,OpenStreetMap Overpass API,False,POINT (-78.64721 35.784722)
RAL-01_osm_node_3157442920,RAL-01,Raleigh,node,3157442920,Element Gastropub,element gastropub,Point,35.7743758,-78.638974,amenity,restaurant,,,city=Raleigh; housenumber=421; postcode=27601; state=NC; street=Fayetteville Street,,,https://elementgastropub.com/,"{""addr:city"": ""Raleigh"", ""addr:housenumber"": ""421"", ""addr:postcode"": ""27601"", ""addr:state"": ""NC"", ""addr:street"": ""Fayetteville Street"", ""amenity"": ""restaurant"", ""diet:vegan"": ""only"", ""name"": ""Element Gastropub"", ""opening_hours"": ""Su 11:00-15:00; Tu-Th 11:00-14:00, 16:00-21:00; Fr-Sa 11:00-14:00,16:00-22:00"", ""phone"": ""+1 919-703-6538"", ""website"": ""https://elementgastropub.com/""}",2026-10-10T14:14:29Z,OpenStreetMap Overpass API,False,POINT (-78.638974 35.774376)
RAL-01_osm_node_3248742644,RAL-01,Raleigh,node,3248742644,Crema,crema,Point,35.7742094,-78.6389835,amenity,cafe,,,city=Raleigh; housenumber=421; postcode=27601; state=NC; street=Fayetteville Street,,,https://cremaandmore.com/,"{""addr:city"": ""Raleigh"", ""addr:housenumber"": ""421"", ""addr:postcode"": ""27601"", ""addr:state"": ""NC"", ""addr:street"": ""Fayetteville Street"", ""amenity"": ""cafe"", ""check_date"": ""2026-07-24"", ""check_date:opening_hours"": ""2026-07-24"", ""cuisine"": ""coffee_shop;ice_cream;breakfast;sandwich"", ""name"": ""Crema"", ""opening_hours"": ""Mo-Th 07:30-14:30; Fr 07:30-14:00"", ""outdoor_seating"": ""yes"", ""phone"": ""+1 919 834 7279"", ""takeaway"": ""yes"", ""website"": ""https://cremaandmore.com/""}",2026-10-10T14:14:29Z,OpenStreetMap Overpass API,False,POINT (-78.638984 35.774209)
RAL-01_osm_node_3248742646,RAL-01,Raleigh,node,3248742646,BB&T,bb and t,Point,35.7743478,-78.6398722,amenity,bank,,,city=Raleigh; housenumber=434; postcode=27601; state=NC; street=Fayetteville Street,,,,"{""addr:city"": ""Raleigh"", ""addr:housenumber"": ""434"", ""addr:postcode"": ""27601"", ""addr:state"": ""NC"", ""addr:street"": ""Fayetteville Street"", ""amenity"": ""bank"", ""atm"": ""yes"", ""name"": ""BB&T""}",2026-10-10T14:14:29Z,OpenStreetMap Overpass API,False,POINT (-78.639872 35.774348)
RAL-01_osm_node_3248742652,RAL-01,Raleigh,node,3248742652,Duke Energy,duke energy,Point,35.7750896,-78.6391484,office,company,,,city=Raleigh; housenumber=411; postcode=27601; state=NC; street=Fayetteville Street,,,,"{""addr:city"": ""Raleigh"", ""addr:housenumber"": ""411"", ""addr:postcode"": ""27601"", ""addr:state"": ""NC"", ""addr:street"": ""Fayetteville Street"", ""name"": ""Duke Energy"", ""office"": ""company""}",2026-10-10T14:14:29Z,OpenStreetMap Overpass API,False,POINT (-78.639148 35.77509)
RAL-01_osm_node_3248742653,RAL-01,Raleigh,node,3248742653,Capital Bank,capital bank,Point,35.7757733,-78.639142,amenity,bank,Capital Bank,,city=Raleigh; housenumber=333; postcode=27601; state=NC; street=Fayetteville Street,,,https://www.capitalbank-us.com/,"{""addr:city"": ""Raleigh"", ""addr:housenumber"": ""333"", ""addr:postcode"": ""27601"", ""addr:state"": ""NC"", ""addr:street"": ""Fayetteville Street"", ""amenity"": ""bank"", ""atm"": ""yes"", ""brand"": ""Capital Bank"", ""brand:wikidata"": ""Q5035481"", ""name"": ""Capital Bank"", ""opening_hours"": ""Mo-Th 09:00-17:00;Fr 09:00-18:00"", ""phone"": ""+1-919-645-0868"", ""website"": ""https://www.capitalbank-us.com/""}",2026-10-10T14:14:29Z,OpenStreetMap Overpass API,False,POINT (-78.639142 35.775773)
RAL-01_osm_node_3248742656,RAL-01,Raleigh,node,3248742656,Jimmy V's Osteria + Bar,jimmy v s osteria bar,Point,35.7747799,-78.6395982,amenity,restaurant,,,city=Raleigh; housenumber=420; postcode=27601; state=NC; street=Fayetteville Street,,,https://www.jimmyvsraleigh.com/,"{""addr:city"": ""Raleigh"", ""addr:housenumber"": ""420"", ""addr:postcode"": ""27601"", ""addr:state"": ""NC"", ""addr:street"": ""Fayetteville Street"", ""amenity"": ""restaurant"", ""cuisine"": ""italian"", ""name"": ""Jimmy V's Osteria + Bar"", ""phone"": ""+1-919-256-1451"", ""website"": ""https://www.jimmyvsraleigh.com/""}",2026-10-10T14:14:29Z,OpenStreetMap Overpass API,False,POINT (-78.639598 35.77478)
RAL-01_osm_node_3248742657,RAL-01,Raleigh,node,3248742657,ABC 11 Eyewitness News,abc 11 eyewitness news,Point,35.7761084,-78.639113,office,yes,,,city=Raleigh; housenumber=319; postcode=27601; state=NC; street=Fayetteville Street,,,https://abc11.com/,"{""addr:city"": ""Raleigh"", ""addr:housenumber"": ""319"", ""addr:postcode"": ""27601"", ""addr:state"": ""NC"", ""addr:street"": ""Fayetteville Street"", ""name"": ""ABC 11 Eyewitness News"", ""office"": ""yes"", ""phone"": ""+1-919-899-3600"", ""website"": ""https://abc11.com/""}",2026-10-10T14:14:29Z,OpenStreetMap Overpass API,False,POINT (-78.639113 35.776108)
RAL-01_osm_node_3248743361,RAL-01,Raleigh,node,3248743361,PNC Bank,pnc bank,Point,35.7766537,-78.639084,amenity,bank,PNC Bank,,city=Raleigh; housenumber=301; postcode=27601; state=NC; street=Fayetteville Street,,,https://www.pnc.com/,"{""addr:city"": ""Raleigh"", ""addr:housenumber"": ""301"", ""addr:postcode"": ""27601"", ""addr:state"": ""NC"", ""addr:street"": ""Fayetteville Street"", ""amenity"": ""bank"", ""atm"": ""yes"", ""brand"": ""PNC Bank"", ""brand:wikidata"": ""Q38928"", ""name"": ""PNC Bank"", ""phone"": ""+1-888-762-2265"", ""website"": ""https://www.pnc.com/""}",2026-10-10T14:14:29Z,OpenStreetMap Overpass API,False,POINT (-78.639084 35.776654)
RAL-01_osm_node_3248743362,RAL-01,Raleigh,node,3248743362,ORO Restaurant & Lounge,oro restaurant and lounge,Point,35.7767563,-78.6385031,amenity,restaurant,,,city=Raleigh; housenumber=18; postcode=27601; state=NC; street=East Martin Street,,,https://www.ororaleigh.com/,"{""addr:city"": ""Raleigh"", ""addr:housenumber"": ""18"", ""addr:postcode"": ""27601"", ""addr:state"": ""NC"", ""addr:street"": ""East Martin Street"", ""amenity"": ""restaurant"", ""cuisine"": ""american"", ""name"": ""ORO Restaurant & Lounge"", ""opening_hours"": ""Tu-Th 17:00-21:00; Fr,Sa 17:00-22:00"", ""phone"": ""+1-919-239-4010"", ""website"": ""https://www.ororaleigh.com/""}",2026-10-10T14:14:29Z,OpenStreetMap Overpass API,False,POINT (-78.638503 35.776756)
RAL-01_osm_node_3248743365,RAL-01,Raleigh,node,3248743365,Downtown Dental,downtown dental,Point,35.77809,-78.6390218,healthcare,dentist,,,city=Raleigh; housenumber=205; postcode=27601; state=NC; street=Fayetteville Street; unit=100,,,https://www.thedowntowndentists.com/,"{""addr:city"": ""Raleigh"", ""addr:housenumber"": ""205"", ""addr:postcode"": ""27601"", ""addr:state"": ""NC"", ""addr:street"": ""Fayetteville Street"", ""addr:unit"": ""100"", ""amenity"": ""dentist"", ""healthcare"": ""dentist"", ""name"": ""Downtown Dental"", ""phone"": ""+1-919-948-7722"", ""website"": ""https://www.thedowntowndentists.com/""}",2026-10-10T14:14:29Z,OpenStreetMap Overpass API,False,POINT (-78.639022 35.77809)
RAL-01_osm_node_3248743367,RAL-01,Raleigh,node,3248743367,Christian Science Reading Room,christian science reading room,Point,35.7781423,-78.6390182,shop,books,Christian Science Reading Room,First Church of Christ,city=Raleigh; housenumber=201; postcode=27601; state=NC; street=Fayetteville Street,,,,"{""addr:city"": ""Raleigh"", ""addr:housenumber"": ""201"", ""addr:postcode"": ""27601"", ""addr:state"": ""NC"", ""addr:street"": ""Fayetteville Street"", ""books"": ""religion"", ""brand"": ""Christian Science Reading Room"", ""brand:wikidata"": ""Q5110122"", ""name"": ""Christian Science Reading Room"", ""operator"": ""First Church of Christ"", ""shop"": ""books""}",2026-10-10T14:14:29Z,OpenStreetMap Overpass API,False,POINT (-78.639018 35.778142)
RAL-01_osm_node_3248743373,RAL-01,Raleigh,node,3248743373,Unorthodox Vintage,unorthodox vintage,Point,35.7780274,-78.6383864,shop,clothes,,,city=Raleigh; housenumber=206; postcode=27601; state=NC; street=South Wilmington Street,,,https://www.instagram.com/unorthodoxvintage,"{""addr:city"": ""Raleigh"", ""addr:housenumber"": ""206"", ""addr:postcode"": ""27601"", ""addr:state"": ""NC"", ""addr:street"": ""South Wilmington Street"", ""name"": ""Unorthodox Vintage"", ""phone"": ""+1-984-344-6024"", ""shop"": ""clothes"", ""website"": ""https://www.instagram.com/unorthodoxvintage""}",2026-10-10T14:14:29Z,OpenStreetMap Overpass API,False,POINT (-78.638386 35.778027)
RAL-01_osm_node_3248743374,RAL-01,Raleigh,node,3248743374,The ZEN Succulent,the zen succulent,Point,35.7779671,-78.6383899,shop,gift,,,city=Raleigh; housenumber=208; postcode=27601; state=NC; street=South Wilmington Street,,,https://thezensucculent.com/,"{""addr:city"": ""Raleigh"", ""addr:housenumber"": ""208"", ""addr:postcode"": ""27601"", ""addr:state"": ""NC"", ""addr:street"": ""South Wilmington Street"", ""name"": ""The ZEN Succulent"", ""phone"": ""+1-919-916-5115"", ""shop"": ""gift"", ""website"": ""https://thezensucculent.com/""}",2026-10-10T14:14:29Z,OpenStreetMap Overpass API,False,POINT (-78.63839 35.777967)
RAL-01_osm_node_3248743375,RAL-01,Raleigh,node,3248743375,The PIzza Times,the pizza times,Point,35.7779011,-78.6383926,amenity,restaurant,,,city=Raleigh; housenumber=210; postcode=27601; state=NC; street=South Wilmington Street,,,https://www.raleightimespizza.com/,"{""addr:city"": ""Raleigh"", ""addr:housenumber"": ""210"", ""addr:postcode"": ""27601"", ""addr:state"": ""NC"", ""addr:street"": ""South Wilmington Street"", ""amenity"": ""restaurant"", ""cuisine"": ""pizza"", ""name"": ""The PIzza Times"", ""phone"": ""+1-919-832-4411"", ""website"": ""https://www.raleightimespizza.com/""}",2026-10-10T14:14:29Z,OpenStreetMap Overpass API,False,POINT (-78.638393 35.777901)
RAL-01_osm_node_3248743384,RAL-01,Raleigh,node,3248743384,Newbridge Bank,newbridge bank,Point,35.778413,-78.6390059,amenity,bank,,,city=Raleigh; housenumber=133; postcode=27601; state=NC; street=Fayetteville Street,,,,"{""addr:city"": ""Raleigh"", ""addr:housenumber"": ""133"", ""addr:postcode"": ""27601"", ""addr:state"": ""NC"", ""addr:street"": ""Fayetteville Street"", ""amenity"": ""bank"", ""atm"": ""yes"", ""name"": ""Newbridge Bank""}",2026-10-10T14:14:29Z,OpenStreetMap Overpass API,False,POINT (-78.639006 35.778413)
RAL-01_osm_node_3305289268,RAL-01,Raleigh,node,3305289268,"Andrew Osterlund, Architect, PLLC",andrew osterlund architect pllc,Point,35.7781825,-78.6397265,office,architect,,,city=Raleigh; housenumber=7; postcode=27601; state=NC; street=West Hargett Street,,,https://www.aoarchitect.com/,"{""addr:city"": ""Raleigh"", ""addr:housenumber"": ""7"", ""addr:postcode"": ""27601"", ""addr:state"": ""NC"", ""addr:street"": ""West Hargett Street"", ""name"": ""Andrew Osterlund, Architect, PLLC"", ""office"": ""architect"", ""website"": ""https://www.aoarchitect.com/""}",2026-10-10T14:14:29Z,OpenStreetMap Overpass API,False,POINT (-78.639726 35.778182)
RAL-01_osm_node_3305289269,RAL-01,Raleigh,node,3305289269,CVS Pharmacy,cvs pharmacy,Point,35.7781149,-78.6394371,healthcare,pharmacy,CVS Pharmacy,,,,,http://www.cvs.com/stores/cvs-pharmacy-address/200+Fayetteville+Street-Raleigh-NC-27601/storeid=4056,"{""amenity"": ""pharmacy"", ""brand"": ""CVS Pharmacy"", ""brand:website"": ""https://www.cvs.com/"", ""brand:wikidata"": ""Q2078880"", ""dispensing"": ""yes"", ""healthcare"": ""pharmacy"", ""name"": ""CVS Pharmacy"", ""opening_hours"": ""Mo-Fr 08:00-18:00; Sa 09:00-13:00"", ""phone"": ""+1-919-834-3336"", ""short_name"": ""CVS"", ""website"": ""http://www.cvs.com/stores/cvs-pharmacy-address/200+Fayetteville+Street-Raleigh-NC-27601/storeid=4056""}",2026-10-10T14:14:29Z,OpenStreetMap Overpass API,False,POINT (-78.639437 35.778115)
RAL-01_osm_node_3305289271,RAL-01,Raleigh,node,3305289271,DECO Raleigh,deco raleigh,Point,35.7779855,-78.6400868,shop,gift,,,housenumber=207; postcode=27601; street=South Salisbury Street,,,https://www.decoraleigh.com/,"{""addr:housenumber"": ""207"", ""addr:postcode"": ""27601"", ""addr:street"": ""South Salisbury Street"", ""contact:instagram"": ""decoraleigh"", ""email"": ""contact@decoraleigh.com"", ""name"": ""DECO Raleigh"", ""opening_hours"": ""Mo-Sa 11:00-19:00;Su 11:00-17:00"", ""phone"": ""+1 919-828-5484"", ""shop"": ""gift"", ""website"": ""https://www.decoraleigh.com/""}",2026-10-10T14:14:29Z,OpenStreetMap Overpass API,False,POINT (-78.640087 35.777986)
RAL-01_osm_node_3305442675,RAL-01,Raleigh,node,3305442675,Berkeley Cafe,berkeley cafe,Point,35.7769453,-78.6428012,amenity,restaurant,,,,,,https://www.facebook.com/pages/Berkeley-Cafe/35414122239,"{""amenity"": ""restaurant"", ""name"": ""Berkeley Cafe"", ""opening_hours"": ""Mo-Th 11:00-24:00; Fr-Sa 11:00-02:00; Su 11:00-23:00; Mo-Su 10:00-22:00"", ""phone"": ""+1 919-828-9190"", ""website"": ""https://www.facebook.com/pages/Berkeley-Cafe/35414122239""}",2026-10-10T14:14:29Z,OpenStreetMap Overpass API,False,POINT (-78.642801 35.776945)
RAL-01_osm_node_3305442677,RAL-01,Raleigh,node,3305442677,Capitol Smoke,capitol smoke,Point,35.7769425,-78.6427061,shop,tobacco,,,,,,https://www.facebook.com/capitolsmoke,"{""name"": ""Capitol Smoke"", ""opening_hours"": ""Mo-Su 10:00-22:00"", ""phone"": ""+1 919-916-5966"", ""shop"": ""tobacco"", ""website"": ""https://www.facebook.com/capitolsmoke""}",2026-10-10T14:14:29Z,OpenStreetMap Overpass API,False,POINT (-78.642706 35.776942)
RAL-01_osm_node_3305442700,RAL-01,Raleigh,node,3305442700,311 Gallery,311 gallery,Point,35.7769896,-78.6442316,tourism,gallery,,,,,,http://311gallery.com/,"{""fee"": ""no"", ""name"": ""311 Gallery"", ""opening_hours"": ""We-Sa 11:30-16:00"", ""phone"": ""+1-919-247-4915"", ""tourism"": ""gallery"", ""website"": ""http://311gallery.com/""}",2026-10-10T14:14:29Z,OpenStreetMap Overpass API,False,POINT (-78.644232 35.77699)
RAL-01_osm_node_3305510861,RAL-01,Raleigh,node,3305510861,HQ Raleigh,hq raleigh,Point,35.7767466,-78.6453439,office,company,,,,,,https://hqraleigh.com/,"{""name"": ""HQ Raleigh"", ""office"": ""company"", ""website"": ""https://hqraleigh.com/""}",2026-10-10T14:14:29Z,OpenStreetMap Overpass API,False,POINT (-78.645344 35.776747)
RAL-01_osm_node_3305510862,RAL-01,Raleigh,node,3305510862,LGBT Center of Raleigh,lgbt center of raleigh,Point,35.7781753,-78.639904,amenity,community_centre,,,city=Raleigh; housenumber=19; postcode=27601; state=NC; street=West Hargett Street; unit=507,,,https://www.lgbtcenterofraleigh.com/,"{""addr:city"": ""Raleigh"", ""addr:housenumber"": ""19"", ""addr:postcode"": ""27601"", ""addr:state"": ""NC"", ""addr:street"": ""West Hargett Street"", ""addr:unit"": ""507"", ""amenity"": ""community_centre"", ""club"": ""lgbtq"", ""community_centre:for"": ""lgbtq"", ""contact:email"": ""info@lgbtCenterofRaleigh.com"", ""contact:facebook"": ""https://www.facebook.com/lgbtcenterofraleigh"", ""contact:instagram"": ""https://www.instagram.com/lgbtcenterofraleigh/"", ""contact:phone"": ""+1-919-832-4484"", ""contact:twitter"": ""https://twitter.com/lgbtcenterral"", ""contact:youtube"": ""https://www.youtube.com/user/LGBTCenterOfRaleigh"", ""lgbtq"": ""primary"", ""name"": ""LGBT Center of Raleigh"", ""opening_hours"": ""Mo-Fr 12:00-20:00"", ""website"": ""https://www.lgbtcenterofraleigh.com/""}",2026-10-10T14:14:29Z,OpenStreetMap Overpass API,False,POINT (-78.639904 35.778175)
RAL-01_osm_node_3305510898,RAL-01,Raleigh,node,3305510898,Circa 1888,circa 1888,Point,35.7759126,-78.645688,amenity,nightclub,,,,,,http://raleighwarehousedistrict.com/the-whiskey-room/,"{""amenity"": ""nightclub"", ""name"": ""Circa 1888"", ""website"": ""http://raleighwarehousedistrict.com/the-whiskey-room/""}",2026-10-10T14:14:29Z,OpenStreetMap Overpass API,False,POINT (-78.645688 35.775913)
RAL-01_osm_node_3305510899,RAL-01,Raleigh,node,3305510899,"William-Cozart, Inc.",william cozart inc,Point,35.7762601,-78.6453699,shop,antiques,,,,,,https://www.facebook.com/pages/William-Cozart-Inc/168956276448605,"{""name"": ""William-Cozart, Inc."", ""opening_hours"": ""Mo-Fr 12:00-17:00"", ""phone"": ""+1 919-834-5708"", ""shop"": ""antiques"", ""website"": ""https://www.facebook.com/pages/William-Cozart-Inc/168956276448605""}",2026-10-10T14:14:29Z,OpenStreetMap Overpass API,False,POINT (-78.64537 35.77626)
RAL-01_osm_node_3307013373,RAL-01,Raleigh,node,3307013373,Clyde Cooper's BBQ,clyde cooper s bbq,Point,35.7762672,-78.6381649,amenity,restaurant,,,city=Raleigh; housenumber=327; postcode=27601; state=NC; street=South Wilmington Street,,,https://clydecoopersbbq.com/,"{""addr:city"": ""Raleigh"", ""addr:housenumber"": ""327"", ""addr:postcode"": ""27601"", ""addr:state"": ""NC"", ""addr:street"": ""South Wilmington Street"", ""amenity"": ""restaurant"", ""cuisine"": ""barbecue"", ""name"": ""Clyde Cooper's BBQ"", ""opening_hours"": ""Mo-Sa 10:00-18:00"", ""payment:cash"": ""yes"", ""payment:cheque"": ""no"", ""payment:credit_cards"": ""no"", ""phone"": ""+1 919-832-7614"", ""smoking"": ""no"", ""website"": ""https://clydecoopersbbq.com/""}",2026-10-10T14:14:29Z,OpenStreetMap Overpass API,False,POINT (-78.638165 35.776267)
RAL-01_osm_node_3307013375,RAL-01,Raleigh,node,3307013375,"Mort's Inc. Raleigh, NC - Trophies, Plaques and Awards",mort s inc raleigh nc trophies plaques and awards,Point,35.7758457,-78.6428615,shop,yes,,,,,,http://www.mortstrophies.com,"{""name"": ""Mort's Inc. Raleigh, NC - Trophies, Plaques and Awards"", ""opening_hours"": ""Mo-Fr 09:00-17:30"", ""phone"": ""+1 919-828-2887"", ""shop"": ""yes"", ""website"": ""http://www.mortstrophies.com""}",2026-10-10T14:14:29Z,OpenStreetMap Overpass API,False,POINT (-78.642862 35.775846)
RAL-01_osm_node_3307013445,RAL-01,Raleigh,node,3307013445,Raleigh Denim Workshop + Curatory,raleigh denim workshop curatory,Point,35.7770029,-78.6446251,shop,clothes,,,,,,http://raleighworkshop.com/,"{""name"": ""Raleigh Denim Workshop + Curatory"", ""phone"": ""+1-919-917-8969"", ""shop"": ""clothes"", ""website"": ""http://raleighworkshop.com/""}",2026-10-10T14:14:29Z,OpenStreetMap Overpass API,False,POINT (-78.644625 35.777003)
RAL-01_osm_node_3307013446,RAL-01,Raleigh,node,3307013446,anthony ulinski studio and gallery,anthony ulinski studio and gallery,Point,35.7762712,-78.644617,shop,art,,,,,,https://www.anthonyulinski.com/,"{""name"": ""anthony ulinski studio and gallery"", ""phone"": ""+1-919-832-1446"", ""shop"": ""art"", ""website"": ""https://www.anthonyulinski.com/""}",2026-10-10T14:14:29Z,OpenStreetMap Overpass API,False,POINT (-78.644617 35.776271)
RAL-01_osm_node_3311658363,RAL-01,Raleigh,node,3311658363,Alter EGO Style House,alter ego style house,Point,35.7783534,-78.6373268,shop,hairdresser,,,,,,https://www.alteregoraleigh.com/,"{""name"": ""Alter EGO Style House"", ""opening_hours"": ""Tu-Th 08:00-21:00; Mo, Fr 08:00-20:00; Sa-Su 08:00-16:00"", ""phone"": ""+1 919-832-6239"", ""shop"": ""hairdresser"", ""website"": ""https://www.alteregoraleigh.com/""}",2026-10-10T14:14:29Z,OpenStreetMap Overpass API,False,POINT (-78.637327 35.778353)
RAL-01_osm_node_3311658364,RAL-01,Raleigh,node,3311658364,Blake Street Shops & Studios,blake street shops and studios,Point,35.7758789,-78.6359596,shop,art,,,,,,http://blakestreetshops.com/,"{""name"": ""Blake Street Shops & Studios"", ""shop"": ""art"", ""website"": ""http://blakestreetshops.com/""}",2026-10-10T14:14:29Z,OpenStreetMap Overpass API,False,POINT (-78.63596 35.775879)
RAL-01_osm_node_3311658366,RAL-01,Raleigh,node,3311658366,Blackbird Books and Coffee,blackbird books and coffee,Point,35.7761189,-78.6357096,shop,books,,,city=Raleigh; housenumber=325; postcode=27601; state=NC; street=Blake Street,,,,"{""addr:city"": ""Raleigh"", ""addr:housenumber"": ""325"", ""addr:postcode"": ""27601"", ""addr:state"": ""NC"", ""addr:street"": ""Blake Street"", ""email"": ""blackbirdbooksandcoffee@gmail.com"", ""name"": ""Blackbird Books and Coffee"", ""opening_hours"": ""Tu-Sa 09:00-19:00; Su 10:00-15:00"", ""shop"": ""books""}",2026-10-10T14:14:29Z,OpenStreetMap Overpass API,False,POINT (-78.63571 35.776119)
RAL-01_osm_node_3311658368,RAL-01,Raleigh,node,3311658368,Krav Maga Ralelgh,krav maga ralelgh,Point,35.778324,-78.6372861,leisure,sports_centre,,,,,,https://kravmagaraleigh.com/,"{""leisure"": ""sports_centre"", ""name"": ""Krav Maga Ralelgh"", ""phone"": ""+1-919-602-3923"", ""sport"": ""fitness"", ""website"": ""https://kravmagaraleigh.com/""}",2026-10-10T14:14:29Z,OpenStreetMap Overpass API,False,POINT (-78.637286 35.778324)
RAL-01_osm_node_3311658369,RAL-01,Raleigh,node,3311658369,Lisa Stewart + CalligraphyPets,lisa stewart calligraphypets,Point,35.7761744,-78.635707,shop,clothes,,,,,,https://www.lisa-stewart.com/,"{""name"": ""Lisa Stewart + CalligraphyPets"", ""opening_hours"": ""Mo 11:00-16:00;Th-Fr 11:00-18:00;Sa 11:00-17:00;Su 11:00-16:00"", ""phone"": ""+1 888-877-4592"", ""shop"": ""clothes"", ""website"": ""https://www.lisa-stewart.com/""}",2026-10-10T14:14:29Z,OpenStreetMap Overpass API,False,POINT (-78.635707 35.776174)
RAL-01_osm_node_3311658567,RAL-01,Raleigh,node,3311658567,The Design Gallery Salon,the design gallery salon,Point,35.7760571,-78.6357129,shop,hairdresser,,,,,,http://www.designgallerysalon.com/,"{""name"": ""The Design Gallery Salon"", ""opening_hours"": ""Tu 10:00-19:00;We 10:00-17:00;Th-Fr 10:00-19:00;Sa 10:00-17:00"", ""phone"": ""+1-919-832-6567"", ""shop"": ""hairdresser"", ""website"": ""http://www.designgallerysalon.com/""}",2026-10-10T14:14:29Z,OpenStreetMap Overpass API,False,POINT (-78.635713 35.776057)
RAL-01_osm_node_3311658569,RAL-01,Raleigh,node,3311658569,The Remedy Diner,the remedy diner,Point,35.7783054,-78.6369163,amenity,restaurant,,,,,,https://www.theremedydiner.com/,"{""amenity"": ""restaurant"", ""name"": ""The Remedy Diner"", ""opening_hours"": ""Su-Th 11:00-22:00; Fr,Sa 11:00-24:00"", ""outdoor_seating"": ""yes"", ""phone"": ""+1-919-835-3553"", ""website"": ""https://www.theremedydiner.com/""}",2026-10-10T14:14:29Z,OpenStreetMap Overpass API,False,POINT (-78.636916 35.778305)
RAL-01_osm_node_3311658571,RAL-01,Raleigh,node,3311658571,VanNess & Fellows Tattoo Boutique,vanness and fellows tattoo boutique,Point,35.7766797,-78.6354127,shop,tattoo,,,,,,http://vannessandfellows.com/,"{""name"": ""VanNess & Fellows Tattoo Boutique"", ""opening_hours"": ""Tu-Sa 11:00-20:00"", ""phone"": ""+1 919-301-8955"", ""shop"": ""tattoo"", ""website"": ""http://vannessandfellows.com/""}",2026-10-10T14:14:29Z,OpenStreetMap Overpass API,False,POINT (-78.635413 35.77668)
RAL-01_osm_node_3311658572,RAL-01,Raleigh,node,3311658572,Vic's Italian Restaurant,vic s italian restaurant,Point,35.7758905,-78.63571,amenity,restaurant,,,,,,http://www.vicsitalianrestaurant.com/,"{""amenity"": ""restaurant"", ""cuisine"": ""italian"", ""name"": ""Vic's Italian Restaurant"", ""opening_hours"": ""Mo-Th 11:00-22:00;Fr-Sa 11:00-23:00;Su 11:00-21:00"", ""phone"": ""+1 919-829-7090"", ""website"": ""http://www.vicsitalianrestaurant.com/""}",2026-10-10T14:14:29Z,OpenStreetMap Overpass API,False,POINT (-78.63571 35.77589)
RAL-01_osm_node_3311658573,RAL-01,Raleigh,node,3311658573,cimos,cimos,Point,35.7783302,-78.6377125,shop,books,,,,,,http://www.cimosraleigh.com/,"{""name"": ""cimos"", ""opening_hours"": ""Mo 11:00-16:00;Tu-Fr 11:00-18:00;Sa 12:00-16:00"", ""phone"": ""+1 919-838-6640"", ""shop"": ""books"", ""website"": ""http://www.cimosraleigh.com/""}",2026-10-10T14:14:29Z,OpenStreetMap Overpass API,False,POINT (-78.637712 35.77833)
RAL-01_osm_node_3311658574,RAL-01,Raleigh,node,3311658574,dhic,dhic,Point,35.7789596,-78.638042,office,ngo,,,,,,https://www.dhic.org/,"{""name"": ""dhic"", ""office"": ""ngo"", ""website"": ""https://www.dhic.org/""}",2026-10-10T14:14:29Z,OpenStreetMap Overpass API,False,POINT (-78.638042 35.77896)
RAL-01_osm_node_3311663688,RAL-01,Raleigh,node,3311663688,Centro,centro,Point,35.7792709,-78.6383213,amenity,restaurant,,,,,,https://www.centroraleigh.com/,"{""amenity"": ""restaurant"", ""cuisine"": ""mexican"", ""name"": ""Centro"", ""opening_hours"": ""Mo-Th 11:30-14:30,17:30-21:30;Fr 11:30-14:30,17:30-22:30;Sa 11:00-14:30,17:30-22:30"", ""phone"": ""+1 919-835-3593"", ""website"": ""https://www.centroraleigh.com/""}",2026-10-10T14:14:29Z,OpenStreetMap Overpass API,False,POINT (-78.638321 35.779271)
RAL-01_osm_node_3360555927,RAL-01,Raleigh,node,3360555927,The Anchor,the anchor,Point,35.7779685,-78.6390376,amenity,bar,,,city=Raleigh; housenumber=207; postcode=27601; state=NC; street=Fayetteville Street,,,,"{""addr:city"": ""Raleigh"", ""addr:housenumber"": ""207"", ""addr:postcode"": ""27601"", ""addr:state"": ""NC"", ""addr:street"": ""Fayetteville Street"", ""amenity"": ""bar"", ""name"": ""The Anchor""}",2026-10-10T14:14:29Z,OpenStreetMap Overpass API,False,POINT (-78.639038 35.777968)
RAL-01_osm_node_357783265,RAL-01,Raleigh,node,357783265,Ravenscroft School,ravenscroft school,Point,35.7868181,-78.6483369,amenity,school,,,,,,,"{""amenity"": ""school"", ""ele"": ""88"", ""name"": ""Ravenscroft School""}",2026-10-10T14:14:29Z,OpenStreetMap Overpass API,False,POINT (-78.648337 35.786818)
RAL-01_osm_node_357813467,RAL-01,Raleigh,node,357813467,Dinwiddle Chapel,dinwiddle chapel,Point,35.7892,-78.6379,amenity,place_of_worship,,,,,,,"{""amenity"": ""place_of_worship"", ""ele"": ""102"", ""name"": ""Dinwiddle Chapel"", ""religion"": ""christian""}",2026-10-10T14:14:29Z,OpenStreetMap Overpass API,False,POINT (-78.6379 35.7892)
RAL-01_osm_node_357813657,RAL-01,Raleigh,node,357813657,Glenwood South Fellowship Church,glenwood south fellowship church,Point,35.7847874,-78.6485099,amenity,place_of_worship,,,,,,,"{""amenity"": ""place_of_worship"", ""ele"": ""96"", ""name"": ""Glenwood South Fellowship Church"", ""religion"": ""christian""}",2026-10-10T14:14:29Z,OpenStreetMap Overpass API,False,POINT (-78.64851 35.784787)
RAL-01_osm_node_357813868,RAL-01,Raleigh,node,357813868,New Birth Apostolic Church,new birth apostolic church,Point,35.7720086,-78.6477945,amenity,place_of_worship,,,,,,,"{""amenity"": ""place_of_worship"", ""ele"": ""84"", ""gnis:feature_id"": ""2454885"", ""name"": ""New Birth Apostolic Church"", ""religion"": ""christian""}",2026-10-10T14:14:29Z,OpenStreetMap Overpass API,False,POINT (-78.647794 35.772009)
RAL-01_osm_node_357814024,RAL-01,Raleigh,node,357814024,Raleigh Rescue Mission,raleigh rescue mission,Point,35.7776585,-78.634653,amenity,place_of_worship,,,,,,,"{""amenity"": ""place_of_worship"", ""ele"": ""98"", ""gnis:feature_id"": ""2454956"", ""name"": ""Raleigh Rescue Mission""}",2026-10-10T14:14:29Z,OpenStreetMap Overpass API,False,POINT (-78.634653 35.777658)
RAL-01_osm_node_357814209,RAL-01,Raleigh,node,357814209,Victory Tabernacle Church,victory tabernacle church,Point,35.7722163,-78.6437519,amenity,place_of_worship,,,,,,,"{""amenity"": ""place_of_worship"", ""ele"": ""86"", ""gnis:feature_id"": ""2455063"", ""name"": ""Victory Tabernacle Church"", ""religion"": ""christian""}",2026-10-10T14:14:29Z,OpenStreetMap Overpass API,False,POINT (-78.643752 35.772216)
RAL-01_osm_node_3623985409,RAL-01,Raleigh,node,3623985409,State of Beer,state of beer,Point,35.7804292,-78.6452706,amenity,pub,,,housenumber=A,,,https://www.stateof.beer/,"{""addr:housenumber"": ""A"", ""amenity"": ""pub"", ""amenity_1"": ""bar"", ""amenity_2"": ""bottle_shop"", ""capacity"": ""25"", ""cuisine"": ""sandwich"", ""delivery"": ""no"", ""name"": ""State of Beer"", ""opening_hours"": ""Mo-We 11:00-22:00; Th 11:00-24:00; Fr-Sa 11:00-02:00; Su 12:00-22:00"", ""phone"": ""+1-919-546-9116"", ""shop"": ""beverages"", ""smoking"": ""outside"", ""takeaway"": ""no"", ""website"": ""https://www.stateof.beer/""}",2026-10-10T14:14:29Z,OpenStreetMap Overpass API,False,POINT (-78.645271 35.780429)
RAL-01_osm_node_3623985411,RAL-01,Raleigh,node,3623985411,Runologie,runologie,Point,35.7804094,-78.6453703,shop,shoes,,,housenumber=B; postcode=27603,,,https://runologieraleigh.com/,"{""addr:housenumber"": ""B"", ""addr:postcode"": ""27603"", ""name"": ""Runologie"", ""opening_hours"": ""Mo-Sa 11:00-19:00; Su 12:00-17:00"", ""phone"": ""+1-919-664-8865"", ""shop"": ""shoes"", ""website"": ""https://runologieraleigh.com/""}",2026-10-10T14:14:29Z,OpenStreetMap Overpass API,False,POINT (-78.64537 35.780409)
RAL-01_osm_node_3624138007,RAL-01,Raleigh,node,3624138007,Hobgood Architects,hobgood architects,Point,35.7804843,-78.6454689,office,architect,,,,,,https://www.hobgoodarchitects.com/,"{""name"": ""Hobgood Architects"", ""office"": ""architect"", ""phone"": ""+1-919-828-7711"", ""website"": ""https://www.hobgoodarchitects.com/""}",2026-10-10T14:14:29Z,OpenStreetMap Overpass API,False,POINT (-78.645469 35.780484)
RAL-01_osm_node_3624138632,RAL-01,Raleigh,node,3624138632,Satisky & Silverstein Attorneys & Counselors,satisky and silverstein attorneys and counselors,Point,35.7804914,-78.6456529,office,lawyer,,,housenumber=Suite 201; postcode=27603; street=Hillsborough Street,,,https://satiskysilverstein.com/,"{""addr:housenumber"": ""Suite 201"", ""addr:postcode"": ""27603"", ""addr:street"": ""Hillsborough Street"", ""name"": ""Satisky & Silverstein Attorneys & Counselors"", ""office"": ""lawyer"", ""phone"": ""+1-919-790-9102"", ""website"": ""https://satiskysilverstein.com/""}",2026-10-10T14:14:29Z,OpenStreetMap Overpass API,False,POINT (-78.645653 35.780491)
RAL-01_osm_node_3624162825,RAL-01,Raleigh,node,3624162825,Clark Patterson Lee,clark patterson lee,Point,35.7804953,-78.645772,office,architect,,,city=Raleigh; housenumber=Suite 101; postcode=27603; state=NC; street=Hillsborough Street,Q16910180,en:Clark Patterson Lee,,"{""addr:city"": ""Raleigh"", ""addr:housenumber"": ""Suite 101"", ""addr:postcode"": ""27603"", ""addr:state"": ""NC"", ""addr:street"": ""Hillsborough Street"", ""name"": ""Clark Patterson Lee"", ""office"": ""architect"", ""phone"": ""+1-919-833-6064"", ""wikidata"": ""Q16910180"", ""wikipedia"": ""en:Clark Patterson Lee""}",2026-10-10T14:14:29Z,OpenStreetMap Overpass API,False,POINT (-78.645772 35.780495)
RAL-01_osm_node_3641280058,RAL-01,Raleigh,node,3641280058,Raleigh Police Memorial,raleigh police memorial,Point,35.7785181,-78.6428652,historic,memorial,,,,,,,"{""historic"": ""memorial"", ""name"": ""Raleigh Police Memorial""}",2026-10-10T14:14:29Z,OpenStreetMap Overpass API,False,POINT (-78.642865 35.778518)
RAL-01_osm_node_367908861,RAL-01,Raleigh,node,367908861,Raleigh Fire Station Number 1,raleigh fire station number 1,Point,35.7775914,-78.6438255,amenity,fire_station,,,city=Raleigh; state=NC,,,,"{""addr:city"": ""Raleigh"", ""addr:state"": ""NC"", ""amenity"": ""fire_station"", ""ele"": ""101"", ""gnis:feature_id"": ""2454428"", ""name"": ""Raleigh Fire Station Number 1"", ""source"": ""USGS Geonames""}",2026-10-10T14:14:29Z,OpenStreetMap Overpass API,False,POINT (-78.643826 35.777591)
RAL-01_osm_node_367909237,RAL-01,Raleigh,node,367909237,Finch Library,finch library,Point,35.7883,-78.6372,amenity,library,,,state=NC,,,,"{""addr:state"": ""NC"", ""amenity"": ""library"", ""ele"": ""102"", ""name"": ""Finch Library"", ""operator:type"": ""university"", ""source"": ""USGS Geonames""}",2026-10-10T14:14:29Z,OpenStreetMap Overpass API,False,POINT (-78.6372 35.7883)
RAL-01_osm_node_367911067,RAL-01,Raleigh,node,367911067,Leggett Theater,leggett theater,Point,35.7891,-78.6374,amenity,theatre,,,state=NC,,,,"{""addr:state"": ""NC"", ""amenity"": ""theatre"", ""ele"": ""101"", ""name"": ""Leggett Theater"", ""source"": ""USGS Geonames""}",2026-10-10T14:14:29Z,OpenStreetMap Overpass API,False,POINT (-78.6374 35.7891)
RAL-01_osm_node_3691453629,RAL-01,Raleigh,node,3691453629,La Placita,la placita,Point,35.7875248,-78.6474697,amenity,restaurant,,,floor=G; housenumber=603; street=Glenwood Avenue,,,,"{""addr:floor"": ""G"", ""addr:housenumber"": ""603"", ""addr:street"": ""Glenwood Avenue"", ""amenity"": ""restaurant"", ""check_date"": ""2026-09-29"", ""cuisine"": ""mexican"", ""level"": ""0"", ""name"": ""La Placita""}",2026-10-10T14:14:29Z,OpenStreetMap Overpass API,False,POINT (-78.64747 35.787525)
RAL-01_osm_node_3691461642,RAL-01,Raleigh,node,3691461642,Sugar House,sugar house,Point,35.7874872,-78.6470733,amenity,bar,,,city=Raleigh; housenumber=602; postcode=27603; state=NC; street=Glenwood Avenue,,,,"{""addr:city"": ""Raleigh"", ""addr:housenumber"": ""602"", ""addr:postcode"": ""27603"", ""addr:state"": ""NC"", ""addr:street"": ""Glenwood Avenue"", ""amenity"": ""bar"", ""check_date"": ""2026-09-29"", ""name"": ""Sugar House"", ""outdoor_seating"": ""yes""}",2026-10-10T14:14:29Z,OpenStreetMap Overpass API,False,POINT (-78.647073 35.787487)
RAL-01_osm_node_3691470161,RAL-01,Raleigh,node,3691470161,Puerro's Italian Bistro,puerro s italian bistro,Point,35.7871021,-78.6470894,amenity,restaurant,,,housenumber=510; street=Glenwood Ave,,,,"{""addr:housenumber"": ""510"", ""addr:street"": ""Glenwood Ave"", ""amenity"": ""restaurant"", ""check_date"": ""2026-09-29"", ""cuisine"": ""italian"", ""name"": ""Puerro's Italian Bistro""}",2026-10-10T14:14:29Z,OpenStreetMap Overpass API,False,POINT (-78.647089 35.787102)
RAL-01_osm_node_3691476947,RAL-01,Raleigh,node,3691476947,SMASH,smash,Point,35.7864283,-78.6470869,amenity,restaurant,,,housenumber=500; street=Glenwood Ave,,,,"{""addr:housenumber"": ""500"", ""addr:street"": ""Glenwood Ave"", ""amenity"": ""restaurant"", ""check_date"": ""2026-09-29"", ""cuisine"": ""burger"", ""name"": ""SMASH""}",2026-10-10T14:14:29Z,OpenStreetMap Overpass API,False,POINT (-78.647087 35.786428)
RAL-01_osm_node_3691491947,RAL-01,Raleigh,node,3691491947,Dirty V,dirty v,Point,35.7843429,-78.6476301,amenity,restaurant,,,city=Raleigh; housenumber=301; postcode=27603; state=NC; street=Glenwood Avenue; unit=100,,,https://thedirtyv.com/,"{""addr:city"": ""Raleigh"", ""addr:housenumber"": ""301"", ""addr:postcode"": ""27603"", ""addr:state"": ""NC"", ""addr:street"": ""Glenwood Avenue"", ""addr:unit"": ""100"", ""amenity"": ""restaurant"", ""diet:vegan"": ""only"", ""name"": ""Dirty V"", ""website"": ""https://thedirtyv.com/""}",2026-10-10T14:14:29Z,OpenStreetMap Overpass API,False,POINT (-78.64763 35.784343)
RAL-01_osm_node_3752759687,RAL-01,Raleigh,node,3752759687,A Place at the Table,a place at the table,Point,35.7785559,-78.6442483,amenity,cafe,,,city=Raleigh; housenumber=300; postcode=27601; state=NC; street=West Hargett Street; unit=50,,,https://tableraleigh.org/,"{""addr:city"": ""Raleigh"", ""addr:housenumber"": ""300"", ""addr:postcode"": ""27601"", ""addr:state"": ""NC"", ""addr:street"": ""West Hargett Street"", ""addr:unit"": ""50"", ""amenity"": ""cafe"", ""cuisine"": ""coffee;tea;breakfast;lunch;pastry"", ""internet_access"": ""yes"", ""name"": ""A Place at the Table"", ""opening_hours"": ""Mo-Sa 07:00-14:00"", ""outdoor_seating"": ""yes"", ""smoking"": ""outside"", ""website"": ""https://tableraleigh.org/""}",2026-10-10T14:14:29Z,OpenStreetMap Overpass API,False,POINT (-78.644248 35.778556)
RAL-01_osm_node_3796331874,RAL-01,Raleigh,node,3796331874,Death & Taxes,death and taxes,Point,35.7782232,-78.6404347,amenity,restaurant,,,,,,https://ac-restaurants.com/death-taxes/,"{""amenity"": ""restaurant"", ""capacity"": ""100"", ""name"": ""Death & Taxes"", ""opening_hours"": ""17:00-23:00"", ""phone"": ""+1-984-242-0218"", ""smoking"": ""no"", ""website"": ""https://ac-restaurants.com/death-taxes/""}",2026-10-10T14:14:29Z,OpenStreetMap Overpass API,False,POINT (-78.640435 35.778223)
RAL-01_osm_node_4128436170,RAL-01,Raleigh,node,4128436170,Cuya,cuya,Point,35.7855632,-78.647666,amenity,cafe,,,floor=G; housenumber=413; street=Glenwood Avenue,,,,"{""addr:floor"": ""G"", ""addr:housenumber"": ""413"", ""addr:street"": ""Glenwood Avenue"", ""amenity"": ""cafe"", ""check_date"": ""2026-09-29"", ""cuisine"": ""mexican;sandwich;breakfast;coffee_shop"", ""level"": ""0"", ""name"": ""Cuya"", ""opening_hours"": ""Mo off; Tu-Th 17:00-22:00; Fr 17:00-23:00; Sa 15:00-23:00; Su 15:00-21:00""}",2026-10-10T14:14:29Z,OpenStreetMap Overpass API,False,POINT (-78.647666 35.785563)
RAL-01_osm_node_4134019066,RAL-01,Raleigh,node,4134019066,Shred Nations,shred nations,Point,35.7759156,-78.6388134,office,company,,,city=Raleigh; housenumber=324; postcode=27601; state=NC; street=S Wilmington St,,,https://www.shrednations.com/raleigh/,"{""addr:city"": ""Raleigh"", ""addr:housenumber"": ""324"", ""addr:postcode"": ""27601"", ""addr:state"": ""NC"", ""addr:street"": ""S Wilmington St"", ""name"": ""Shred Nations"", ""office"": ""company"", ""phone"": ""+1-919-324-6619"", ""website"": ""https://www.shrednations.com/raleigh/""}",2026-10-10T14:14:29Z,OpenStreetMap Overpass API,False,POINT (-78.638813 35.775916)
RAL-01_osm_node_4167502533,RAL-01,Raleigh,node,4167502533,Boxcar Bar and Arcade,boxcar bar and arcade,Point,35.7759344,-78.645014,amenity,bar,,,city=Raleigh; housenumber=330; postcode=27601; state=NC; street=West Davie Street,,,https://theboxcarbar.com/,"{""addr:city"": ""Raleigh"", ""addr:housenumber"": ""330"", ""addr:postcode"": ""27601"", ""addr:state"": ""NC"", ""addr:street"": ""West Davie Street"", ""amenity"": ""bar"", ""name"": ""Boxcar Bar and Arcade"", ""opening_hours"": ""Mo-Th 16:00-01:00; Fr-Sa 12:00-02:00; Su 12:00-00:00"", ""website"": ""https://theboxcarbar.com/""}",2026-10-10T14:14:29Z,OpenStreetMap Overpass API,False,POINT (-78.645014 35.775934)
RAL-01_osm_node_4377037912,RAL-01,Raleigh,node,4377037912,Raleigh Guest Suites,raleigh guest suites,Point,35.7749621,-78.6395914,tourism,hotel,,,,,,,"{""name"": ""Raleigh Guest Suites"", ""tourism"": ""hotel""}",2026-10-10T14:14:29Z,OpenStreetMap Overpass API,False,POINT (-78.639591 35.774962)
RAL-01_osm_node_4377037913,RAL-01,Raleigh,node,4377037913,Friendship Inn Capitol,friendship inn capitol,Point,35.7800932,-78.6447905,tourism,hotel,,,,,,,"{""name"": ""Friendship Inn Capitol"", ""tourism"": ""hotel""}",2026-10-10T14:14:29Z,OpenStreetMap Overpass API,False,POINT (-78.64479 35.780093)
RAL-01_osm_node_4422082640,RAL-01,Raleigh,node,4422082640,Seaboard Wine and Tasting Bar,seaboard wine and tasting bar,Point,35.7902105,-78.6398384,shop,beverages,,Douglas Diesing,city=Raleigh; housenumber=802; postcode=27604; state=NC; street=Semart Drive,,,,"{""addr:city"": ""Raleigh"", ""addr:housenumber"": ""802"", ""addr:postcode"": ""27604"", ""addr:state"": ""NC"", ""addr:street"": ""Semart Drive"", ""name"": ""Seaboard Wine and Tasting Bar"", ""operator"": ""Douglas Diesing"", ""shop"": ""beverages""}",2026-10-10T14:14:29Z,OpenStreetMap Overpass API,False,POINT (-78.639838 35.79021)
RAL-01_osm_node_4422082641,RAL-01,Raleigh,node,4422082641,O2 Fitness Seaboard,o2 fitness seaboard,Point,35.7903889,-78.6398357,leisure,sports_centre,,,city=Raleigh; housenumber=802; postcode=27604; state=NC; street=Semart Drive,,,,"{""addr:city"": ""Raleigh"", ""addr:housenumber"": ""802"", ""addr:postcode"": ""27604"", ""addr:state"": ""NC"", ""addr:street"": ""Semart Drive"", ""leisure"": ""sports_centre"", ""name"": ""O2 Fitness Seaboard""}",2026-10-10T14:14:29Z,OpenStreetMap Overpass API,False,POINT (-78.639836 35.790389)
RAL-01_osm_node_4422082642,RAL-01,Raleigh,node,4422082642,Ace Hardware,ace hardware,Point,35.7905412,-78.6398384,shop,doityourself,Ace Hardware,,city=Raleigh; housenumber=802; postcode=27604; state=NC; street=Semart Drive; unit=112,,,,"{""addr:city"": ""Raleigh"", ""addr:housenumber"": ""802"", ""addr:postcode"": ""27604"", ""addr:state"": ""NC"", ""addr:street"": ""Semart Drive"", ""addr:unit"": ""112"", ""brand"": ""Ace Hardware"", ""brand:wikidata"": ""Q4672981"", ""name"": ""Ace Hardware"", ""opening_hours"": ""Mo-Fr 07:30-19:00; Sa 08:00-18:00; Su 10:00-18:00"", ""phone"": ""+1 919-834-8600"", ""ref"": ""16931"", ""shop"": ""doityourself""}",2026-10-10T14:14:29Z,OpenStreetMap Overpass API,False,POINT (-78.639838 35.790541)
RAL-01_osm_node_4507482546,RAL-01,Raleigh,node,4507482546,The Haymaker,the haymaker,Point,35.7734865,-78.6389169,amenity,bar,,,city=Raleigh; country=US; housenumber=555; place=Charter Square Plaza; postcode=27601; state=NC; street=Fayetteville Street; unit=115,,,https://www.thehaymakerraleigh.com/,"{""addr:city"": ""Raleigh"", ""addr:country"": ""US"", ""addr:housenumber"": ""555"", ""addr:place"": ""Charter Square Plaza"", ""addr:postcode"": ""27601"", ""addr:state"": ""NC"", ""addr:street"": ""Fayetteville Street"", ""addr:unit"": ""115"", ""amenity"": ""bar"", ""name"": ""The Haymaker"", ""website"": ""https://www.thehaymakerraleigh.com/""}",2026-10-10T14:14:29Z,OpenStreetMap Overpass API,False,POINT (-78.638917 35.773486)
RAL-01_osm_node_4507482547,RAL-01,Raleigh,node,4507482547,JDavis Architects,jdavis architects,Point,35.773437,-78.6386078,office,architect,,,city=Raleigh; country=US; housenumber=510; postcode=27601; state=NC; street=South Wilmington Street,,,http://www.jdavisarchitects.com/,"{""addr:city"": ""Raleigh"", ""addr:country"": ""US"", ""addr:housenumber"": ""510"", ""addr:postcode"": ""27601"", ""addr:state"": ""NC"", ""addr:street"": ""South Wilmington Street"", ""contact:phone"": ""+1-919-835-1500"", ""contact:website"": ""http://www.jdavisarchitects.com/"", ""name"": ""JDavis Architects"", ""office"": ""architect""}",2026-10-10T14:14:29Z,OpenStreetMap Overpass API,False,POINT (-78.638608 35.773437)
RAL-01_osm_node_4507482552,RAL-01,Raleigh,node,4507482552,Sir Walter Coffee & Kitchen,sir walter coffee and kitchen,Point,35.7735239,-78.6392527,amenity,fast_food,,,city=Raleigh; country=US; housenumber=555; place=Charter Square Plaza; postcode=27601; state=NC; street=Fayetteville Street; unit=110,,,https://sirwaltercoffee.com/,"{""addr:city"": ""Raleigh"", ""addr:country"": ""US"", ""addr:housenumber"": ""555"", ""addr:place"": ""Charter Square Plaza"", ""addr:postcode"": ""27601"", ""addr:state"": ""NC"", ""addr:street"": ""Fayetteville Street"", ""addr:unit"": ""110"", ""amenity"": ""fast_food"", ""check_date"": ""2026-07-24"", ""check_date:opening_hours"": ""2026-07-24"", ""contact:phone"": ""+1 919-999-3324"", ""contact:website"": ""https://sirwaltercoffee.com/"", ""cuisine"": ""american;coffee_shop;grill"", ""name"": ""Sir Walter Coffee & Kitchen"", ""opening_hours"": ""Mo-Th 07:00-22:00; Fr-Sa 07:00-00:00; Su 07:00-17:00"", ""outdoor_seating"": ""yes"", ""smoking"": ""no"", ""takeaway"": ""yes"", ""website:menu"": ""https://order.toasttab.com/online/sir-walter-fayetteville-st-555-fayetteville-street-ste-110""}",2026-10-10T14:14:29Z,OpenStreetMap Overpass API,False,POINT (-78.639253 35.773524)
RAL-01_osm_node_4533068539,RAL-01,Raleigh,node,4533068539,Glenwood South Pharmacy & Market,glenwood south pharmacy and market,Point,35.7851198,-78.6475362,healthcare,pharmacy,,,city=Raleigh; housenumber=401; postcode=27603; state=NC; street=Glenwood Avenue,,,http://www.glenwoodsouthpharmacy.com/,"{""addr:city"": ""Raleigh"", ""addr:housenumber"": ""401"", ""addr:postcode"": ""27603"", ""addr:state"": ""NC"", ""addr:street"": ""Glenwood Avenue"", ""amenity"": ""pharmacy"", ""check_date"": ""2026-09-29"", ""contact:phone"": ""+1-919-856-9502"", ""contact:website"": ""http://www.glenwoodsouthpharmacy.com/"", ""drive_through"": ""no"", ""healthcare"": ""pharmacy"", ""name"": ""Glenwood South Pharmacy & Market"", ""opening_hours"": ""Mo-Th 09:00-22:00; Fr-Sa 09:00-23:00; Su 12:00-20:00""}",2026-10-10T14:14:29Z,OpenStreetMap Overpass API,False,POINT (-78.647536 35.78512)
RAL-01_osm_node_4533068540,RAL-01,Raleigh,node,4533068540,Wells Fargo,wells fargo,Point,35.785103,-78.6475629,amenity,atm,Wells Fargo,Wells Fargo,,,,,"{""amenity"": ""atm"", ""brand"": ""Wells Fargo"", ""brand:wikidata"": ""Q744149"", ""currency:USD"": ""yes"", ""name"": ""Wells Fargo"", ""operator"": ""Wells Fargo"", ""operator:wikidata"": ""Q744149"", ""operator:wikipedia"": ""en:Wells Fargo""}",2026-10-10T14:14:29Z,OpenStreetMap Overpass API,False,POINT (-78.647563 35.785103)
RAL-01_osm_node_4544087503,RAL-01,Raleigh,node,4544087503,42 & Lawrence,42 and lawrence,Point,35.7767257,-78.6368709,amenity,cafe,,,city=Raleigh; country=US; housenumber=134; postcode=27601; state=NC; street=East Martin Street,,,http://www.42lawrence.com/,"{""addr:city"": ""Raleigh"", ""addr:country"": ""US"", ""addr:housenumber"": ""134"", ""addr:postcode"": ""27601"", ""addr:state"": ""NC"", ""addr:street"": ""East Martin Street"", ""amenity"": ""cafe"", ""contact:email"": ""info@42lawrence.com"", ""contact:facebook"": ""https://www.facebook.com/42lawrence"", ""contact:phone"": ""+1-919-322-1668"", ""contact:website"": ""http://www.42lawrence.com/"", ""name"": ""42 & Lawrence""}",2026-10-10T14:14:29Z,OpenStreetMap Overpass API,False,POINT (-78.636871 35.776726)
RAL-01_osm_node_4846523621,RAL-01,Raleigh,node,4846523621,Glenwood South Tailors & Alterations,glenwood south tailors and alterations,Point,35.7872878,-78.650153,craft,tailor,,,country=US; housenumber=743; postcode=27603; state=NC; street=West Johnson Street,,,https://www.glenwoodsouthtailor.com/,"{""addr:country"": ""US"", ""addr:housenumber"": ""743"", ""addr:postcode"": ""27603"", ""addr:state"": ""NC"", ""addr:street"": ""West Johnson Street"", ""craft"": ""tailor"", ""name"": ""Glenwood South Tailors & Alterations"", ""opening_hours"": ""Tu-Fr 12:30-18:30; Sa 10:30-18:00; Su 12:30-16:00"", ""phone"": ""+1-919-951-4755"", ""website"": ""https://www.glenwoodsouthtailor.com/""}",2026-10-10T14:14:29Z,OpenStreetMap Overpass API,False,POINT (-78.650153 35.787288)
RAL-01_osm_node_4891381239,RAL-01,Raleigh,node,4891381239,Virtue Property Solutions,virtue property solutions,Point,35.7732554,-78.638991,office,estate_agent,,,city=Raleigh; housenumber=555; postcode=27601; state=NC; street=Fayetteville Street,,,http://www.tedbuyshousesnc.com/,"{""addr:city"": ""Raleigh"", ""addr:housenumber"": ""555"", ""addr:postcode"": ""27601"", ""addr:state"": ""NC"", ""addr:street"": ""Fayetteville Street"", ""email"": ""tedbuyshousesnc@gmail.com"", ""name"": ""Virtue Property Solutions"", ""office"": ""estate_agent"", ""opening_hours"": ""Mo-Fr 09:00-18:00"", ""phone"": ""+1-919-371-8186"", ""suite"": ""201"", ""website"": ""http://www.tedbuyshousesnc.com/""}",2026-10-10T14:14:29Z,OpenStreetMap Overpass API,False,POINT (-78.638991 35.773255)
RAL-01_osm_node_5534686937,RAL-01,Raleigh,node,5534686937,Red Hat Armadillo,red hat armadillo,Point,35.7750238,-78.6381077,tourism,artwork,,,,,,,"{""name"": ""Red Hat Armadillo"", ""tourism"": ""artwork""}",2026-10-10T14:14:29Z,OpenStreetMap Overpass API,False,POINT (-78.638108 35.775024)
RAL-01_osm_node_5534689364,RAL-01,Raleigh,node,5534689364,Sosta Coffee Shop,sosta coffee shop,Point,35.7754079,-78.6378903,shop,coffee,,,,,,,"{""name"": ""Sosta Coffee Shop"", ""opening_hours"": ""Mo-Fr 09:00-16:00"", ""shop"": ""coffee""}",2026-10-10T14:14:29Z,OpenStreetMap Overpass API,False,POINT (-78.63789 35.775408)
RAL-01_osm_node_5534689365,RAL-01,Raleigh,node,5534689365,Oak City Meatball Shoppe,oak city meatball shoppe,Point,35.775422,-78.6377966,amenity,restaurant,,,,,,,"{""amenity"": ""restaurant"", ""name"": ""Oak City Meatball Shoppe"", ""opening_hours"": ""Tu-Sa 11:00-21:00""}",2026-10-10T14:14:29Z,OpenStreetMap Overpass API,False,POINT (-78.637797 35.775422)
RAL-01_osm_node_5808092227,RAL-01,Raleigh,node,5808092227,Virginia Dare Ballroom,virginia dare ballroom,Point,35.7753428,-78.6396141,leisure,dance,,,,,,,"{""leisure"": ""dance"", ""name"": ""Virginia Dare Ballroom""}",2026-10-10T14:14:29Z,OpenStreetMap Overpass API,False,POINT (-78.639614 35.775343)
RAL-01_osm_node_5808092229,RAL-01,Raleigh,node,5808092229,The North Carolina State Library,the north carolina state library,Point,35.7828436,-78.6370105,amenity,library,,,,,,https://statelibrary.ncdcr.gov/,"{""amenity"": ""library"", ""name"": ""The North Carolina State Library"", ""operator:type"": ""government"", ""website"": ""https://statelibrary.ncdcr.gov/""}",2026-10-10T14:14:29Z,OpenStreetMap Overpass API,False,POINT (-78.63701 35.782844)
RAL-01_osm_node_6173340585,RAL-01,Raleigh,node,6173340585,Whiskey Kitchen,whiskey kitchen,Point,35.7767715,-78.6421605,amenity,restaurant,,,city=Raleigh; housenumber=201; postcode=27601; state=NC; street=West Martin Street,,,https://www.whiskey.kitchen/,"{""addr:city"": ""Raleigh"", ""addr:housenumber"": ""201"", ""addr:postcode"": ""27601"", ""addr:state"": ""NC"", ""addr:street"": ""West Martin Street"", ""amenity"": ""restaurant"", ""name"": ""Whiskey Kitchen"", ""phone"": ""+1-919-803-3181"", ""website"": ""https://www.whiskey.kitchen/""}",2026-10-10T14:14:29Z,OpenStreetMap Overpass API,False,POINT (-78.64216 35.776772)
RAL-01_osm_node_6250338365,RAL-01,Raleigh,node,6250338365,Amorino,amorino,Point,35.7756538,-78.6372745,amenity,ice_cream,Amorino,,,,,,"{""amenity"": ""ice_cream"", ""branch"": ""Gelato"", ""brand"": ""Amorino"", ""brand:wikidata"": ""Q2843884"", ""name"": ""Amorino"", ""opening_hours"": ""Mo-Su 15:00-21:00""}",2026-10-10T14:14:29Z,OpenStreetMap Overpass API,False,POINT (-78.637274 35.775654)
RAL-01_osm_node_6441803385,RAL-01,Raleigh,node,6441803385,Brewery Bhavana,brewery bhavana,Point,35.7773044,-78.6368609,amenity,restaurant,,,housenumber=218; postcode=27601; street=South Blount Street,,,https://brewerybhavana.com/location/taproom/,"{""addr:housenumber"": ""218"", ""addr:postcode"": ""27601"", ""addr:street"": ""South Blount Street"", ""amenity"": ""restaurant"", ""contact:facebook"": ""brewerybhavana"", ""contact:instagram"": ""brewerybhavana"", ""cuisine"": ""chinese"", ""email"": ""info@brewerybhavana.com"", ""name"": ""Brewery Bhavana"", ""opening_hours"": ""Su 11:30-21:00; Mo-Th 11:30-22:00; Fr-Sa 11:30-23:00"", ""phone"": ""+1 919-829-9998"", ""self_service"": ""no"", ""website"": ""https://brewerybhavana.com/location/taproom/"", ""website:menu"": ""https://brewerybhavana.com/food-menu/""}",2026-10-10T14:14:29Z,OpenStreetMap Overpass API,False,POINT (-78.636861 35.777304)
RAL-01_osm_node_6484113986,RAL-01,Raleigh,node,6484113986,Raleigh Beer Garden,raleigh beer garden,Point,35.7881998,-78.6469825,amenity,bar,,,housenumber=614; postcode=27603; street=Glenwood Avenue,,,,"{""addr:housenumber"": ""614"", ""addr:postcode"": ""27603"", ""addr:street"": ""Glenwood Avenue"", ""amenity"": ""bar"", ""check_date"": ""2026-09-29"", ""name"": ""Raleigh Beer Garden"", ""opening_hours"": ""Mo-Su 12:00-12:00""}",2026-10-10T14:14:29Z,OpenStreetMap Overpass API,False,POINT (-78.646982 35.7882)
RAL-01_osm_node_6638710070,RAL-01,Raleigh,node,6638710070,Dram & Draught,dram and draught,Point,35.780117,-78.647967,amenity,bar,,,,,,,"{""amenity"": ""bar"", ""name"": ""Dram & Draught""}",2026-10-10T14:14:29Z,OpenStreetMap Overpass API,False,POINT (-78.647967 35.780117)
RAL-01_osm_node_6724586187,RAL-01,Raleigh,node,6724586187,Gallery C,gallery c,Point,35.7876609,-78.635908,tourism,artwork,,,,,,,"{""name"": ""Gallery C"", ""tourism"": ""artwork""}",2026-10-10T14:14:29Z,OpenStreetMap Overpass API,False,POINT (-78.635908 35.787661)
RAL-01_osm_node_7022986934,RAL-01,Raleigh,node,7022986934,Raleigh,raleigh,Point,35.7772936,-78.647651,public_transport,station,,Amtrak,city=Raleigh; housenumber=510; postcode=27601; state=NC; street=West Martin Street,Q7886096,,,"{""addr:city"": ""Raleigh"", ""addr:housenumber"": ""510"", ""addr:postcode"": ""27601"", ""addr:state"": ""NC"", ""addr:street"": ""West Martin Street"", ""internet_access"": ""wlan"", ""internet_access:fee"": ""no"", ""name"": ""Raleigh"", ""network"": ""Amtrak"", ""network:wikidata"": ""Q23239"", ""operator"": ""Amtrak"", ""public_transport"": ""station"", ""railway"": ""station"", ""railway:ref"": ""RGH"", ""train"": ""yes"", ""wheelchair"": ""yes"", ""wikidata"": ""Q7886096""}",2026-10-10T14:14:29Z,OpenStreetMap Overpass API,False,POINT (-78.647651 35.777294)
RAL-01_osm_node_7105802413,RAL-01,Raleigh,node,7105802413,Manhattan Cafe,manhattan cafe,Point,35.7761267,-78.6384742,amenity,restaurant,,,city=Raleigh; housenumber=320; postcode=27601; state=NC; street=South Wilmington Street,,,https://manhattancafe.com/,"{""addr:city"": ""Raleigh"", ""addr:housenumber"": ""320"", ""addr:postcode"": ""27601"", ""addr:state"": ""NC"", ""addr:street"": ""South Wilmington Street"", ""amenity"": ""restaurant"", ""cuisine"": ""sandwich;salad"", ""drive_through"": ""no"", ""name"": ""Manhattan Cafe"", ""opening_hours"": ""Mo-Fr 11:00-15:00"", ""phone"": ""+1 919 833 6105"", ""website"": ""https://manhattancafe.com/""}",2026-10-10T14:14:29Z,OpenStreetMap Overpass API,False,POINT (-78.638474 35.776127)
RAL-01_osm_node_7105920248,RAL-01,Raleigh,node,7105920248,Sir Walter Coffee,sir walter coffee,Point,35.7756429,-78.6370845,amenity,cafe,,,city=Raleigh; housenumber=145; postcode=27601; state=NC; street=East Davie Street,,,https://raleigh.sirwaltercoffee.com/,"{""addr:city"": ""Raleigh"", ""addr:housenumber"": ""145"", ""addr:postcode"": ""27601"", ""addr:state"": ""NC"", ""addr:street"": ""East Davie Street"", ""amenity"": ""cafe"", ""diet:vegan"": ""yes"", ""diet:vegetarian"": ""yes"", ""name"": ""Sir Walter Coffee"", ""opening_hours"": ""Su-We 07:00-20:00; Th-Sa 07:00-24:00"", ""outdoor_seating"": ""yes"", ""phone"": ""+19193220019"", ""website"": ""https://raleigh.sirwaltercoffee.com/"", ""wheelchair"": ""yes""}",2026-10-10T14:14:29Z,OpenStreetMap Overpass API,False,POINT (-78.637084 35.775643)
RAL-01_osm_node_7106005797,RAL-01,Raleigh,node,7106005797,Hargett Room,hargett room,Point,35.7778959,-78.63548,tourism,picnic_site,,,,,,,"{""name"": ""Hargett Room"", ""tourism"": ""picnic_site""}",2026-10-10T14:14:29Z,OpenStreetMap Overpass API,False,POINT (-78.63548 35.777896)
RAL-01_osm_node_7106005810,RAL-01,Raleigh,node,7106005810,Blount Room,blount room,Point,35.7773688,-78.6363336,tourism,picnic_site,,,,,,,"{""name"": ""Blount Room"", ""tourism"": ""picnic_site""}",2026-10-10T14:14:29Z,OpenStreetMap Overpass API,False,POINT (-78.636334 35.777369)
RAL-01_osm_node_7106006234,RAL-01,Raleigh,node,7106006234,MoFu Shoppe,mofu shoppe,Point,35.7758939,-78.6365895,amenity,restaurant,,,city=Raleigh; housenumber=321; postcode=27601; state=NC; street=South Blount Street,,,https://www.mofushoppe.com,"{""addr:city"": ""Raleigh"", ""addr:housenumber"": ""321"", ""addr:postcode"": ""27601"", ""addr:state"": ""NC"", ""addr:street"": ""South Blount Street"", ""amenity"": ""restaurant"", ""cuisine"": ""asian"", ""name"": ""MoFu Shoppe"", ""opening_hours"": ""Mo 17:00-22:00; Tu-Th 11:30-22:00; Fr-Sa 11:30-23:00"", ""phone"": ""+1-919-301-8465"", ""website"": ""https://www.mofushoppe.com""}",2026-10-10T14:14:29Z,OpenStreetMap Overpass API,False,POINT (-78.63659 35.775894)
RAL-01_osm_node_7243381835,RAL-01,Raleigh,node,7243381835,N Person Street,n person street,Point,35.7889771,-78.6345468,amenity,bicycle_rental,,,,,,,"{""amenity"": ""bicycle_rental"", ""bicycle_rental"": ""docking_station"", ""capacity"": ""10"", ""name"": ""N Person Street"", ""network"": ""Citrix Cycle""}",2026-10-10T14:14:29Z,OpenStreetMap Overpass API,False,POINT (-78.634547 35.788977)
RAL-01_osm_node_7243381836,RAL-01,Raleigh,node,7243381836,Seaboard Station,seaboard station,Point,35.7888126,-78.6400714,amenity,bicycle_rental,,,,,,,"{""amenity"": ""bicycle_rental"", ""capacity"": ""16"", ""name"": ""Seaboard Station"", ""network"": ""Citrix Cycle""}",2026-10-10T14:14:29Z,OpenStreetMap Overpass API,False,POINT (-78.640071 35.788813)
RAL-01_osm_node_7243381844,RAL-01,Raleigh,node,7243381844,Museums,museums,Point,35.7823866,-78.6400623,amenity,bicycle_rental,,,,,,,"{""amenity"": ""bicycle_rental"", ""bicycle_rental"": ""docking_station"", ""capacity"": ""13"", ""name"": ""Museums"", ""network"": ""Citrix Cycle""}",2026-10-10T14:14:29Z,OpenStreetMap Overpass API,False,POINT (-78.640062 35.782387)
RAL-01_osm_node_7243381845,RAL-01,Raleigh,node,7243381845,GoRaleigh Station,goraleigh station,Point,35.7777821,-78.6371574,amenity,bicycle_rental,,,,,,,"{""amenity"": ""bicycle_rental"", ""capacity"": ""22"", ""name"": ""GoRaleigh Station"", ""network"": ""Citrix Cycle""}",2026-10-10T14:14:29Z,OpenStreetMap Overpass API,False,POINT (-78.637157 35.777782)
RAL-01_osm_node_7243408455,RAL-01,Raleigh,node,7243408455,Duke Energy Center,duke energy center,Point,35.7720685,-78.6397098,amenity,bicycle_rental,,,,,,,"{""amenity"": ""bicycle_rental"", ""capacity"": ""19"", ""name"": ""Duke Energy Center"", ""network"": ""Citrix Cycle""}",2026-10-10T14:14:29Z,OpenStreetMap Overpass API,False,POINT (-78.63971 35.772068)
RAL-01_osm_node_7243408456,RAL-01,Raleigh,node,7243408456,Fayetteville Street,fayetteville street,Point,35.7773814,-78.6391642,amenity,bicycle_rental,,,,,,,"{""amenity"": ""bicycle_rental"", ""bicycle_rental"": ""docking_station"", ""capacity"": ""22"", ""name"": ""Fayetteville Street"", ""network"": ""Citrix Cycle""}",2026-10-10T14:14:29Z,OpenStreetMap Overpass API,False,POINT (-78.639164 35.777381)
RAL-01_osm_node_7243408457,RAL-01,Raleigh,node,7243408457,W South Street,w south street,Point,35.7723134,-78.6476828,amenity,bicycle_rental,,,,,,,"{""amenity"": ""bicycle_rental"", ""capacity"": ""16"", ""name"": ""W South Street"", ""network"": ""Citrix Cycle""}",2026-10-10T14:14:29Z,OpenStreetMap Overpass API,False,POINT (-78.647683 35.772313)
RAL-01_osm_node_7243408458,RAL-01,Raleigh,node,7243408458,Davie & Dawson,davie and dawson,Point,35.7757126,-78.6438273,amenity,bicycle_rental,,,,,,,"{""amenity"": ""bicycle_rental"", ""capacity"": ""12"", ""name"": ""Davie & Dawson"", ""network"": ""Citrix Cycle""}",2026-10-10T14:14:29Z,OpenStreetMap Overpass API,False,POINT (-78.643827 35.775713)
RAL-01_osm_node_7243408459,RAL-01,Raleigh,node,7243408459,Raleigh Union Station,raleigh union station,Point,35.7769322,-78.6460679,amenity,bicycle_rental,,,,,,,"{""amenity"": ""bicycle_rental"", ""capacity"": ""19"", ""name"": ""Raleigh Union Station"", ""network"": ""Citrix Cycle""}",2026-10-10T14:14:29Z,OpenStreetMap Overpass API,False,POINT (-78.646068 35.776932)
RAL-01_osm_node_7243408466,RAL-01,Raleigh,node,7243408466,Hillsborough & Harrington,hillsborough and harrington,Point,35.7805412,-78.6451862,amenity,bicycle_rental,,,,,,,"{""amenity"": ""bicycle_rental"", ""capacity"": ""13"", ""name"": ""Hillsborough & Harrington"", ""network"": ""Citrix Cycle""}",2026-10-10T14:14:29Z,OpenStreetMap Overpass API,False,POINT (-78.645186 35.780541)
RAL-01_osm_node_7243408467,RAL-01,Raleigh,node,7243408467,Municipal Building,municipal building,Point,35.7784889,-78.6432083,amenity,bicycle_rental,,,,,,,"{""amenity"": ""bicycle_rental"", ""capacity"": ""8"", ""name"": ""Municipal Building"", ""network"": ""Citrix Cycle""}",2026-10-10T14:14:29Z,OpenStreetMap Overpass API,False,POINT (-78.643208 35.778489)
RAL-01_osm_node_7243408468,RAL-01,Raleigh,node,7243408468,Jones & West,jones and west,Point,35.7828309,-78.6456655,amenity,bicycle_rental,,,,,,,"{""amenity"": ""bicycle_rental"", ""capacity"": ""13"", ""name"": ""Jones & West"", ""network"": ""Citrix Cycle""}",2026-10-10T14:14:29Z,OpenStreetMap Overpass API,False,POINT (-78.645666 35.782831)
RAL-01_osm_node_7243408469,RAL-01,Raleigh,node,7243408469,Four Thirty 9,four thirty 9,Point,35.786215,-78.6474806,amenity,restaurant,,,floor=G; housenumber=439; street=Glenwood Avenue,,,,"{""addr:floor"": ""G"", ""addr:housenumber"": ""439"", ""addr:street"": ""Glenwood Avenue"", ""amenity"": ""restaurant"", ""check_date"": ""2026-09-29"", ""fixme"": ""maybe closer to a pub?"", ""level"": ""0"", ""name"": ""Four Thirty 9"", ""network"": ""Citrix Cycle""}",2026-10-10T14:14:29Z,OpenStreetMap Overpass API,False,POINT (-78.647481 35.786215)
RAL-01_osm_node_7600493737,RAL-01,Raleigh,node,7600493737,Coolidge Law Firm,coolidge law firm,Point,35.7744634,-78.6401917,office,lawyer,,,city=Raleigh; housenumber=434; postcode=27601; state=NC; street=Fayetteville Street; unit=2030,,,https://nccriminallaw.com/,"{""addr:city"": ""Raleigh"", ""addr:housenumber"": ""434"", ""addr:postcode"": ""27601"", ""addr:state"": ""NC"", ""addr:street"": ""Fayetteville Street"", ""addr:unit"": ""2030"", ""name"": ""Coolidge Law Firm"", ""office"": ""lawyer"", ""opening_hours"": ""Mo-Fr 08:30-17:30; Sa, Su off"", ""phone"": ""+1-919-239-8448"", ""website"": ""https://nccriminallaw.com/""}",2026-10-10T14:14:29Z,OpenStreetMap Overpass API,False,POINT (-78.640192 35.774463)
RAL-01_osm_node_7638258821,RAL-01,Raleigh,node,7638258821,North Carolina Veterans,north carolina veterans,Point,35.7808901,-78.6390713,historic,monument,,,,,,,"{""historic"": ""monument"", ""name"": ""North Carolina Veterans"", ""wheelchair"": ""yes""}",2026-10-10T14:14:29Z,OpenStreetMap Overpass API,False,POINT (-78.639071 35.78089)
RAL-01_osm_node_7638258822,RAL-01,Raleigh,node,7638258822,George Washington,george washington,Point,35.779962,-78.6391284,tourism,artwork,,,,,,,"{""artwork_type"": ""statue"", ""name"": ""George Washington"", ""tourism"": ""artwork""}",2026-10-10T14:14:29Z,OpenStreetMap Overpass API,False,POINT (-78.639128 35.779962)
RAL-01_osm_node_7638258823,RAL-01,Raleigh,node,7638258823,Presidents North Carolina Gave the Nation,presidents north carolina gave the nation,Point,35.7803764,-78.6386826,tourism,artwork,,,,,,,"{""artwork_type"": ""statue"", ""name"": ""Presidents North Carolina Gave the Nation"", ""tourism"": ""artwork""}",2026-10-10T14:14:29Z,OpenStreetMap Overpass API,False,POINT (-78.638683 35.780376)
RAL-01_osm_node_7869310945,RAL-01,Raleigh,node,7869310945,Publix,publix,Point,35.788316,-78.6448903,shop,supermarket,Publix,,city=Raleigh; housenumber=417; postcode=27603; state=NC; street=West Peace Street; unit=100,,,https://www.publix.com/locations/1652,"{""addr:city"": ""Raleigh"", ""addr:housenumber"": ""417"", ""addr:postcode"": ""27603"", ""addr:state"": ""NC"", ""addr:street"": ""West Peace Street"", ""addr:unit"": ""100"", ""branch"": ""Peace"", ""brand"": ""Publix"", ""brand:wikidata"": ""Q672170"", ""name"": ""Publix"", ""opening_hours"": ""Mo-Su 07:00-22:00"", ""phone"": ""+1 919-755-5444"", ""ref"": ""1652"", ""shop"": ""supermarket"", ""website"": ""https://www.publix.com/locations/1652""}",2026-10-10T14:14:29Z,OpenStreetMap Overpass API,False,POINT (-78.64489 35.788316)
RAL-01_osm_node_7963884489,RAL-01,Raleigh,node,7963884489,Beanie & Cecil Baby,beanie and cecil baby,Point,35.7887,-78.6409105,shop,furniture,,,city=Raleigh; housenumber=121; postcode=27604; state=NC; street=Seaboard Avenue,,,,"{""addr:city"": ""Raleigh"", ""addr:housenumber"": ""121"", ""addr:postcode"": ""27604"", ""addr:state"": ""NC"", ""addr:street"": ""Seaboard Avenue"", ""name"": ""Beanie & Cecil Baby"", ""phone"": ""+1-919-821-7985"", ""shop"": ""furniture""}",2026-10-10T14:14:29Z,OpenStreetMap Overpass API,False,POINT (-78.64091 35.7887)
RAL-01_osm_node_7967845005,RAL-01,Raleigh,node,7967845005,Crawford and Son,crawford and son,Point,35.7888137,-78.634202,amenity,restaurant,,,city=Raleigh; housenumber=618; postcode=27604; state=NC; street=North Person Street,,,http://www.crawfordandsonrestaurant.com/,"{""addr:city"": ""Raleigh"", ""addr:housenumber"": ""618"", ""addr:postcode"": ""27604"", ""addr:state"": ""NC"", ""addr:street"": ""North Person Street"", ""amenity"": ""restaurant"", ""cuisine"": ""american"", ""name"": ""Crawford and Son"", ""opening_hours"": ""Tu-Sa 17:00-22:00"", ""phone"": ""+1 919 307 4647"", ""website"": ""http://www.crawfordandsonrestaurant.com/""}",2026-10-10T14:14:29Z,OpenStreetMap Overpass API,False,POINT (-78.634202 35.788814)
RAL-01_osm_node_7967845006,RAL-01,Raleigh,node,7967845006,Sugar Euphoria,sugar euphoria,Point,35.7885189,-78.634216,shop,confectionery,,,city=Raleigh; housenumber=610; postcode=27604; state=NC; street=North Person Street,,,https://www.sugareuphoria.com,"{""addr:city"": ""Raleigh"", ""addr:housenumber"": ""610"", ""addr:postcode"": ""27604"", ""addr:state"": ""NC"", ""addr:street"": ""North Person Street"", ""contact:website"": ""https://www.sugareuphoria.com"", ""name"": ""Sugar Euphoria"", ""opening_hours"": ""We,Th 10:00-18:00; Fr,Sa 10:00-20:00"", ""payment:credit_cards"": ""yes"", ""payment:debit_cards"": ""yes"", ""phone"": ""+1 919 917 7099"", ""shop"": ""confectionery"", ""wheelchair"": ""yes""}",2026-10-10T14:14:29Z,OpenStreetMap Overpass API,False,POINT (-78.634216 35.788519)
RAL-01_osm_node_7967845007,RAL-01,Raleigh,node,7967845007,Person Street Pharmacy,person street pharmacy,Point,35.7890562,-78.6341945,healthcare,pharmacy,,,city=Raleigh; housenumber=702; postcode=27604; state=NC; street=North Person Street,,,https://www.personstreetrx.com/,"{""addr:city"": ""Raleigh"", ""addr:housenumber"": ""702"", ""addr:postcode"": ""27604"", ""addr:state"": ""NC"", ""addr:street"": ""North Person Street"", ""amenity"": ""pharmacy"", ""dispensing"": ""yes"", ""drive_through"": ""no"", ""healthcare"": ""pharmacy"", ""name"": ""Person Street Pharmacy"", ""opening_hours"": ""Mo-Fr 09:00-18:00; Sa 09:00-12:00"", ""phone"": ""+1 919 832 6432"", ""website"": ""https://www.personstreetrx.com/"", ""wheelchair"": ""yes""}",2026-10-10T14:14:29Z,OpenStreetMap Overpass API,False,POINT (-78.634194 35.789056)
RAL-01_osm_node_8007415468,RAL-01,Raleigh,node,8007415468,"Kurtz & Blum, PLLC",kurtz and blum pllc,Point,35.7743126,-78.6401901,office,lawyer,,,city=Raleigh; housenumber=434; postcode=27601; state=NC; street=Fayetteville St; unit=710,,,https://www.kurtzandblum.com/,"{""addr:city"": ""Raleigh"", ""addr:housenumber"": ""434"", ""addr:postcode"": ""27601"", ""addr:state"": ""NC"", ""addr:street"": ""Fayetteville St"", ""addr:unit"": ""710"", ""description"": ""Divorce lawyers office"", ""name"": ""Kurtz & Blum, PLLC"", ""office"": ""lawyer"", ""opening_hours"": ""Mo-Fr 08:30-17:30"", ""phone"": ""+19196663769"", ""website"": ""https://www.kurtzandblum.com/""}",2026-10-10T14:14:29Z,OpenStreetMap Overpass API,False,POINT (-78.64019 35.774313)
RAL-01_osm_node_8038223139,RAL-01,Raleigh,node,8038223139,Imurj,imurj,Point,35.776626,-78.6420871,amenity,events_venue,,,,,,,"{""amenity"": ""events_venue"", ""name"": ""Imurj""}",2026-10-10T14:14:29Z,OpenStreetMap Overpass API,False,POINT (-78.642087 35.776626)
RAL-01_osm_node_8059696634,RAL-01,Raleigh,node,8059696634,Wake County Office Building,wake county office building,Point,35.7758737,-78.6398951,office,government,,,city=Raleigh; housenumber=337; postcode=27601; state=NC; street=South Salisbury Street,,,,"{""addr:city"": ""Raleigh"", ""addr:housenumber"": ""337"", ""addr:postcode"": ""27601"", ""addr:state"": ""NC"", ""addr:street"": ""South Salisbury Street"", ""name"": ""Wake County Office Building"", ""office"": ""government""}",2026-10-10T14:14:29Z,OpenStreetMap Overpass API,False,POINT (-78.639895 35.775874)
RAL-01_osm_node_818998163,RAL-01,Raleigh,node,818998163,Studio 714 West,studio 714 west,Point,35.7889055,-78.6498437,shop,hairdresser,,,city=Raleigh; country=US; housenumber=714; postcode=27605; state=NC; street=West Peace Street,,,http://studio714west.com/,"{""addr:city"": ""Raleigh"", ""addr:country"": ""US"", ""addr:housenumber"": ""714"", ""addr:postcode"": ""27605"", ""addr:state"": ""NC"", ""addr:street"": ""West Peace Street"", ""name"": ""Studio 714 West"", ""phone"": ""+1-919-754-9798"", ""shop"": ""hairdresser"", ""website"": ""http://studio714west.com/""}",2026-10-10T14:14:29Z,OpenStreetMap Overpass API,False,POINT (-78.649844 35.788906)
RAL-01_osm_node_821100098,RAL-01,Raleigh,node,821100098,The Black Flower,the black flower,Point,35.788513,-78.646707,amenity,bar,,,city=Raleigh; country=US; housenumber=517; postcode=27603; state=NC; street=West Peace Street,,,http://blackflowerbar.com/,"{""addr:city"": ""Raleigh"", ""addr:country"": ""US"", ""addr:housenumber"": ""517"", ""addr:postcode"": ""27603"", ""addr:state"": ""NC"", ""addr:street"": ""West Peace Street"", ""amenity"": ""bar"", ""name"": ""The Black Flower"", ""phone"": ""+1-919-900-8147"", ""website"": ""http://blackflowerbar.com/""}",2026-10-10T14:14:29Z,OpenStreetMap Overpass API,False,POINT (-78.646707 35.788513)
RAL-01_osm_node_8406512958,RAL-01,Raleigh,node,8406512958,Weaver Street Market,weaver street market,Point,35.778652,-78.6455625,shop,supermarket,,,,,,,"{""name"": ""Weaver Street Market"", ""opening_hours"": ""Mo-Su 08:00-21:00"", ""shop"": ""supermarket""}",2026-10-10T14:14:29Z,OpenStreetMap Overpass API,False,POINT (-78.645562 35.778652)
RAL-01_osm_node_8406516151,RAL-01,Raleigh,node,8406516151,Urban Outfitters,urban outfitters,Point,35.7772788,-78.6453952,shop,clothes,Urban Outfitters,,,,,,"{""brand"": ""Urban Outfitters"", ""brand:wikidata"": ""Q3552193"", ""name"": ""Urban Outfitters"", ""shop"": ""clothes""}",2026-10-10T14:14:29Z,OpenStreetMap Overpass API,False,POINT (-78.645395 35.777279)
RAL-01_osm_node_8408747752,RAL-01,Raleigh,node,8408747752,Father & Son Antiques,father and son antiques,Point,35.7770364,-78.6462773,shop,antiques,,,,,,,"{""name"": ""Father & Son Antiques"", ""shop"": ""antiques""}",2026-10-10T14:14:29Z,OpenStreetMap Overpass API,False,POINT (-78.646277 35.777036)
RAL-01_osm_node_8408967707,RAL-01,Raleigh,node,8408967707,Legends Nightclub,legends nightclub,Point,35.7786224,-78.6448024,amenity,nightclub,,,city=Raleigh; housenumber=330; postcode=27601; state=NC; street=West Hargett Street,,,https://legends-club.com/,"{""addr:city"": ""Raleigh"", ""addr:housenumber"": ""330"", ""addr:postcode"": ""27601"", ""addr:state"": ""NC"", ""addr:street"": ""West Hargett Street"", ""amenity"": ""nightclub"", ""lgbtq"": ""primary"", ""name"": ""Legends Nightclub"", ""phone"": ""+19195011456"", ""smoking"": ""outside"", ""website"": ""https://legends-club.com/""}",2026-10-10T14:14:29Z,OpenStreetMap Overpass API,False,POINT (-78.644802 35.778622)
RAL-01_osm_node_8409041070,RAL-01,Raleigh,node,8409041070,Joja Nails,joja nails,Point,35.7781139,-78.645915,shop,beauty,,,,,,,"{""beauty"": ""nails"", ""name"": ""Joja Nails"", ""opening_hours"": ""Mo-Sa 10:00-18:00; Su 11:30-16:30"", ""shop"": ""beauty""}",2026-10-10T14:14:29Z,OpenStreetMap Overpass API,False,POINT (-78.645915 35.778114)
RAL-01_osm_node_8409082530,RAL-01,Raleigh,node,8409082530,Barcelona Wine Bar,barcelona wine bar,Point,35.7772979,-78.645754,amenity,restaurant,,,city=Raleigh; housenumber=430; postcode=27603; state=NC; street=West Martin Street,,,https://www.barcelonawinebar.com/location/raleigh/,"{""addr:city"": ""Raleigh"", ""addr:housenumber"": ""430"", ""addr:postcode"": ""27603"", ""addr:state"": ""NC"", ""addr:street"": ""West Martin Street"", ""amenity"": ""restaurant"", ""cuisine"": ""tapas"", ""name"": ""Barcelona Wine Bar"", ""opening_hours"": ""Mo-Fr 16:00-00:00; Sa,Su 11:00-00:00"", ""phone"": ""+19198085400"", ""website"": ""https://www.barcelonawinebar.com/location/raleigh/""}",2026-10-10T14:14:29Z,OpenStreetMap Overpass API,False,POINT (-78.645754 35.777298)
RAL-01_osm_node_8409103919,RAL-01,Raleigh,node,8409103919,"Heirloom - Coffee, Tea, Sake",heirloom coffee tea sake,Point,35.777546,-78.6459391,amenity,cafe,,,city=Raleigh; housenumber=219; postcode=27603; state=NC; street=South West Street,,,https://www.heirloombrewshop.com/,"{""addr:city"": ""Raleigh"", ""addr:housenumber"": ""219"", ""addr:postcode"": ""27603"", ""addr:state"": ""NC"", ""addr:street"": ""South West Street"", ""amenity"": ""cafe"", ""internet_access"": ""wlan"", ""internet_access:fee"": ""no"", ""name"": ""Heirloom - Coffee, Tea, Sake"", ""opening_hours"": ""Mo-Tu 08:00-18:00, We-Su 08:00-16:00, We-Su 17:00-21:00"", ""outdoor_seating"": ""yes"", ""website"": ""https://www.heirloombrewshop.com/""}",2026-10-10T14:14:29Z,OpenStreetMap Overpass API,False,POINT (-78.645939 35.777546)
RAL-01_osm_node_8409103920,RAL-01,Raleigh,node,8409103920,Oak Steakhouse Raleigh,oak steakhouse raleigh,Point,35.778375,-78.6457916,amenity,restaurant,,,,,,,"{""amenity"": ""restaurant"", ""name"": ""Oak Steakhouse Raleigh"", ""opening_hours"": ""Su-Th 17:00-21:00, Fr-Su 17:00-22:00""}",2026-10-10T14:14:29Z,OpenStreetMap Overpass API,False,POINT (-78.645792 35.778375)
RAL-01_osm_node_8409103921,RAL-01,Raleigh,node,8409103921,O-Ku Sushi,o ku sushi,Point,35.7783598,-78.6453731,amenity,restaurant,,,,,,,"{""amenity"": ""restaurant"", ""name"": ""O-Ku Sushi"", ""opening_hours"": ""Mo-Su 17:00-22:00+""}",2026-10-10T14:14:29Z,OpenStreetMap Overpass API,False,POINT (-78.645373 35.77836)
RAL-01_osm_node_8409113030,RAL-01,Raleigh,node,8409113030,Retro Modern Furnishings,retro modern furnishings,Point,35.7787471,-78.6436268,shop,furniture,,,,,,,"{""name"": ""Retro Modern Furnishings"", ""shop"": ""furniture""}",2026-10-10T14:14:29Z,OpenStreetMap Overpass API,False,POINT (-78.643627 35.778747)
RAL-01_osm_node_8409113031,RAL-01,Raleigh,node,8409113031,Sorry State Records,sorry state records,Point,35.7796385,-78.644102,shop,music,,,,,,,"{""name"": ""Sorry State Records"", ""shop"": ""music""}",2026-10-10T14:14:29Z,OpenStreetMap Overpass API,False,POINT (-78.644102 35.779638)
RAL-01_osm_node_8409121602,RAL-01,Raleigh,node,8409121602,Cirque de Vol,cirque de vol,Point,35.7785708,-78.6439675,leisure,fitness_centre,,,,,,,"{""leisure"": ""fitness_centre"", ""name"": ""Cirque de Vol"", ""sport"": ""yoga""}",2026-10-10T14:14:29Z,OpenStreetMap Overpass API,False,POINT (-78.643968 35.778571)
RAL-01_osm_node_8409124543,RAL-01,Raleigh,node,8409124543,The Ugly Monkey Party Bar,the ugly monkey party bar,Point,35.7799394,-78.6454157,amenity,bar,,,,,,,"{""amenity"": ""bar"", ""name"": ""The Ugly Monkey Party Bar""}",2026-10-10T14:14:29Z,OpenStreetMap Overpass API,False,POINT (-78.645416 35.779939)
RAL-01_osm_node_8409132516,RAL-01,Raleigh,node,8409132516,Arch & Edge - Cosmetic Tattooing and Esthetics,arch and edge cosmetic tattooing and esthetics,Point,35.7796414,-78.6448559,shop,tattoo,,,,,,,"{""name"": ""Arch & Edge - Cosmetic Tattooing and Esthetics"", ""shop"": ""tattoo""}",2026-10-10T14:14:29Z,OpenStreetMap Overpass API,False,POINT (-78.644856 35.779641)
RAL-01_osm_node_8409137742,RAL-01,Raleigh,node,8409137742,Wine & Design,wine and design,Point,35.7773763,-78.6470685,craft,yes,,,,,,,"{""check_date"": ""2023-07-23"", ""craft"": ""yes"", ""name"": ""Wine & Design""}",2026-10-10T14:14:29Z,OpenStreetMap Overpass API,False,POINT (-78.647068 35.777376)
RAL-01_osm_node_8409139162,RAL-01,Raleigh,node,8409139162,The Flourish Market,the flourish market,Point,35.7769782,-78.6439372,shop,clothes,,,,,,,"{""name"": ""The Flourish Market"", ""opening_hours"": ""Mo-Sa 10:00-19:00; Su 13:00-17:00"", ""shop"": ""clothes""}",2026-10-10T14:14:29Z,OpenStreetMap Overpass API,False,POINT (-78.643937 35.776978)
RAL-01_osm_node_8409141378,RAL-01,Raleigh,node,8409141378,Videri Chocolate Factory - Chocolate Bean to Bar,videri chocolate factory chocolate bean to bar,Point,35.7756619,-78.6447105,shop,chocolate,,,,,,,"{""name"": ""Videri Chocolate Factory - Chocolate Bean to Bar"", ""opening_hours"": ""Tu-Sa 11:00-21:00"", ""shop"": ""chocolate""}",2026-10-10T14:14:29Z,OpenStreetMap Overpass API,False,POINT (-78.64471 35.775662)
RAL-01_osm_node_8409155414,RAL-01,Raleigh,node,8409155414,The Junction Salon & Bar,the junction salon and bar,Point,35.7749775,-78.6448038,shop,hairdresser,,,,,,,"{""female:signed"": ""no"", ""male:signed"": ""no"", ""name"": ""The Junction Salon & Bar"", ""opening_hours"": ""Tu,Th 10:00-20:00; We,Fr 08:00-20:00; Sa 09:00-18:00+"", ""shop"": ""hairdresser""}",2026-10-10T14:14:29Z,OpenStreetMap Overpass API,False,POINT (-78.644804 35.774978)
RAL-01_osm_node_8409155415,RAL-01,Raleigh,node,8409155415,Tasty Beverage Company,tasty beverage company,Point,35.7751497,-78.644802,shop,beverages,,,,,,,"{""name"": ""Tasty Beverage Company"", ""opening_hours"": ""Tu-Th 12:00-20:00; Fr,Sa 12:00-21:00; Su 12:00-18:00"", ""shop"": ""beverages""}",2026-10-10T14:14:29Z,OpenStreetMap Overpass API,False,POINT (-78.644802 35.77515)
RAL-01_osm_node_8409155416,RAL-01,Raleigh,node,8409155416,The Venue Raleigh,the venue raleigh,Point,35.7752933,-78.6447949,amenity,restaurant,,,,,,,"{""amenity"": ""restaurant"", ""check_date:opening_hours"": ""2023-10-28"", ""name"": ""The Venue Raleigh"", ""opening_hours:signed"": ""no""}",2026-10-10T14:14:29Z,OpenStreetMap Overpass API,False,POINT (-78.644795 35.775293)
RAL-01_osm_node_8409195058,RAL-01,Raleigh,node,8409195058,Quercus Studio,quercus studio,Point,35.7780682,-78.6400796,shop,jewelry,,,,,,,"{""name"": ""Quercus Studio"", ""shop"": ""jewelry""}",2026-10-10T14:14:29Z,OpenStreetMap Overpass API,False,POINT (-78.64008 35.778068)
RAL-01_osm_node_8409195059,RAL-01,Raleigh,node,8409195059,Apex Outfitter & Board Co.,apex outfitter and board co,Point,35.7781951,-78.6400726,shop,outdoor,,,,,,,"{""name"": ""Apex Outfitter & Board Co."", ""shop"": ""outdoor""}",2026-10-10T14:14:29Z,OpenStreetMap Overpass API,False,POINT (-78.640073 35.778195)
RAL-01_osm_node_8409195060,RAL-01,Raleigh,node,8409195060,Raleigh Raw Juice Bar & Cafe,raleigh raw juice bar and cafe,Point,35.7781761,-78.6396325,amenity,cafe,,,,,,,"{""amenity"": ""cafe"", ""name"": ""Raleigh Raw Juice Bar & Cafe""}",2026-10-10T14:14:29Z,OpenStreetMap Overpass API,False,POINT (-78.639632 35.778176)
RAL-01_osm_node_8409210392,RAL-01,Raleigh,node,8409210392,Bridge Club,bridge club,Point,35.7782056,-78.6404841,amenity,events_venue,,,,,,,"{""amenity"": ""events_venue"", ""name"": ""Bridge Club""}",2026-10-10T14:14:29Z,OpenStreetMap Overpass API,False,POINT (-78.640484 35.778206)
RAL-01_osm_node_8409326776,RAL-01,Raleigh,node,8409326776,Vita Vite Downtown,vita vite downtown,Point,35.7783082,-78.6442393,amenity,bar,,,,,,,"{""amenity"": ""bar"", ""name"": ""Vita Vite Downtown""}",2026-10-10T14:14:29Z,OpenStreetMap Overpass API,False,POINT (-78.644239 35.778308)
RAL-01_osm_node_8411949001,RAL-01,Raleigh,node,8411949001,Sam Jones BBQ,sam jones bbq,Point,35.7733538,-78.6466643,amenity,restaurant,,,city=Raleigh; housenumber=502; postcode=27601; state=NC; street=West Lenoir Street,,,,"{""addr:city"": ""Raleigh"", ""addr:housenumber"": ""502"", ""addr:postcode"": ""27601"", ""addr:state"": ""NC"", ""addr:street"": ""West Lenoir Street"", ""amenity"": ""restaurant"", ""check_date"": ""2023-05-19"", ""internet_access"": ""wlan"", ""internet_access:fee"": ""customers"", ""name"": ""Sam Jones BBQ"", ""payment:mastercard"": ""yes"", ""payment:visa"": ""yes"", ""phone"": ""+19842062555"", ""wheelchair"": ""yes""}",2026-10-10T14:14:29Z,OpenStreetMap Overpass API,False,POINT (-78.646664 35.773354)
RAL-01_osm_node_8412005325,RAL-01,Raleigh,node,8412005325,Cold Off the Press,cold off the press,Point,35.7725761,-78.6461438,amenity,cafe,,,,,,,"{""amenity"": ""cafe"", ""name"": ""Cold Off the Press""}",2026-10-10T14:14:29Z,OpenStreetMap Overpass API,False,POINT (-78.646144 35.772576)
RAL-01_osm_node_8412019819,RAL-01,Raleigh,node,8412019819,Rebus Works and pH seven,rebus works and ph seven,Point,35.776909,-78.6496447,shop,art,,,,,,,"{""name"": ""Rebus Works and pH seven"", ""opening_hours"": ""Mo-We 08:00-15:00; Th-Sa 08:00-19:00; Su 10:00-15:00"", ""shop"": ""art""}",2026-10-10T14:14:29Z,OpenStreetMap Overpass API,False,POINT (-78.649645 35.776909)
RAL-01_osm_node_8412038451,RAL-01,Raleigh,node,8412038451,Raleigh Embroidery,raleigh embroidery,Point,35.7755353,-78.6486234,shop,craft,,,,,,,"{""name"": ""Raleigh Embroidery"", ""shop"": ""craft""}",2026-10-10T14:14:29Z,OpenStreetMap Overpass API,False,POINT (-78.648623 35.775535)
RAL-01_osm_node_8412051451,RAL-01,Raleigh,node,8412051451,Wye Hill Kitchen & Brewing,wye hill kitchen and brewing,Point,35.7784376,-78.6490616,amenity,restaurant,,,,,,https://wyehill.com/,"{""amenity"": ""restaurant"", ""microbrewery"": ""yes"", ""name"": ""Wye Hill Kitchen & Brewing"", ""phone"": ""+19192755718"", ""website"": ""https://wyehill.com/""}",2026-10-10T14:14:29Z,OpenStreetMap Overpass API,False,POINT (-78.649062 35.778438)
RAL-01_osm_node_8412066310,RAL-01,Raleigh,node,8412066310,Taverna Agora Greek Kitchen & Bar,taverna agora greek kitchen and bar,Point,35.7808368,-78.6444607,amenity,restaurant,,,housenumber=326; postcode=27603; street=Hillsborough Street,,,https://tavernaagora.com/,"{""addr:housenumber"": ""326"", ""addr:postcode"": ""27603"", ""addr:street"": ""Hillsborough Street"", ""amenity"": ""restaurant"", ""cuisine"": ""greek"", ""name"": ""Taverna Agora Greek Kitchen & Bar"", ""opening_hours"": ""Su-Th 11:00-22:00; Fr-Sa 11:00-23:00"", ""phone"": ""+1 919-881-8333"", ""self_service"": ""no"", ""website"": ""https://tavernaagora.com/"", ""website:menu"": ""http://tavernaagora.com/menu""}",2026-10-10T14:14:29Z,OpenStreetMap Overpass API,False,POINT (-78.644461 35.780837)
RAL-01_osm_node_8412073792,RAL-01,Raleigh,node,8412073792,The Hemp Farmacy - Hillsborough,the hemp farmacy hillsborough,Point,35.7805756,-78.6473911,healthcare,pharmacy,,,,,,,"{""amenity"": ""pharmacy"", ""dispensing"": ""yes"", ""healthcare"": ""pharmacy"", ""name"": ""The Hemp Farmacy - Hillsborough""}",2026-10-10T14:14:29Z,OpenStreetMap Overpass API,False,POINT (-78.647391 35.780576)
RAL-01_osm_node_8412074431,RAL-01,Raleigh,node,8412074431,Iyengar Yoga Center of Raleigh,iyengar yoga center of raleigh,Point,35.7796596,-78.6486121,leisure,fitness_centre,,,,,,,"{""leisure"": ""fitness_centre"", ""name"": ""Iyengar Yoga Center of Raleigh"", ""sport"": ""yoga""}",2026-10-10T14:14:29Z,OpenStreetMap Overpass API,False,POINT (-78.648612 35.77966)
RAL-01_osm_node_8412079404,RAL-01,Raleigh,node,8412079404,Good Day Good Night,good day good night,Point,35.7797544,-78.6477911,amenity,restaurant,,,,,,,"{""amenity"": ""restaurant"", ""name"": ""Good Day Good Night""}",2026-10-10T14:14:29Z,OpenStreetMap Overpass API,False,POINT (-78.647791 35.779754)
RAL-01_osm_node_8412106042,RAL-01,Raleigh,node,8412106042,The Tower Escapes,the tower escapes,Point,35.7795017,-78.6410241,leisure,escape_game,,,,,,,"{""leisure"": ""escape_game"", ""name"": ""The Tower Escapes""}",2026-10-10T14:14:29Z,OpenStreetMap Overpass API,False,POINT (-78.641024 35.779502)
RAL-01_osm_node_8412188099,RAL-01,Raleigh,node,8412188099,Gabriel Ryder Salon,gabriel ryder salon,Point,35.7752484,-78.642159,shop,hairdresser,,,,,,,"{""name"": ""Gabriel Ryder Salon"", ""shop"": ""hairdresser""}",2026-10-10T14:14:29Z,OpenStreetMap Overpass API,False,POINT (-78.642159 35.775248)
RAL-01_osm_node_8412296516,RAL-01,Raleigh,node,8412296516,Legends Nightclub,legends nightclub,Point,35.7746699,-78.6443673,amenity,bar,,,city=Raleigh; housenumber=316; postcode=27601; state=NC; street=West Cabarrus Street,,,https://legends-club.com/,"{""addr:city"": ""Raleigh"", ""addr:housenumber"": ""316"", ""addr:postcode"": ""27601"", ""addr:state"": ""NC"", ""addr:street"": ""West Cabarrus Street"", ""amenity"": ""bar"", ""contact:facebook"": ""https://www.facebook.com/legendsnightclubraleigh"", ""min_age"": ""18"", ""name"": ""Legends Nightclub"", ""opening_hours"": ""Fr-Su 21:00-02:30"", ""phone"": ""+19195011456"", ""source"": ""local knowledge"", ""start_date"": ""2025"", ""website"": ""https://legends-club.com/""}",2026-10-10T14:14:29Z,OpenStreetMap Overpass API,False,POINT (-78.644367 35.77467)
RAL-01_osm_node_8726101270,RAL-01,Raleigh,node,8726101270,Five Star Restaurant,five star restaurant,Point,35.7842036,-78.6459028,amenity,restaurant,,,city=Raleigh; housenumber=301; postcode=27603; state=NC; street=North West Street,,,https://www.fivestarraleigh.com/,"{""addr:city"": ""Raleigh"", ""addr:housenumber"": ""301"", ""addr:postcode"": ""27603"", ""addr:state"": ""NC"", ""addr:street"": ""North West Street"", ""amenity"": ""restaurant"", ""cuisine"": ""chinese"", ""name"": ""Five Star Restaurant"", ""website"": ""https://www.fivestarraleigh.com/""}",2026-10-10T14:14:29Z,OpenStreetMap Overpass API,False,POINT (-78.645903 35.784204)
RAL-01_osm_node_8726101271,RAL-01,Raleigh,node,8726101271,The Cardinal Bar,the cardinal bar,Point,35.7896269,-78.6450748,amenity,pub,,,city=Raleigh; housenumber=713; postcode=27603; state=NC; street=North West Street,,,,"{""addr:city"": ""Raleigh"", ""addr:housenumber"": ""713"", ""addr:postcode"": ""27603"", ""addr:state"": ""NC"", ""addr:street"": ""North West Street"", ""amenity"": ""pub"", ""name"": ""The Cardinal Bar""}",2026-10-10T14:14:29Z,OpenStreetMap Overpass API,False,POINT (-78.645075 35.789627)
RAL-01_osm_node_8726101272,RAL-01,Raleigh,node,8726101272,Paul And Jack Bakery,paul and jack bakery,Point,35.7913003,-78.6443312,shop,bakery,,,city=Raleigh; housenumber=911; postcode=27603; state=NC; street=North West Street; unit=Suite 107,,,,"{""addr:city"": ""Raleigh"", ""addr:housenumber"": ""911"", ""addr:postcode"": ""27603"", ""addr:state"": ""NC"", ""addr:street"": ""North West Street"", ""addr:unit"": ""Suite 107"", ""name"": ""Paul And Jack Bakery"", ""opening_hours"": ""Su 07:00-20:00; Mo-Th 07:00-18:00; Fr-Sa 07:00-20:00"", ""shop"": ""bakery""}",2026-10-10T14:14:29Z,OpenStreetMap Overpass API,False,POINT (-78.644331 35.7913)
RAL-01_osm_node_8726110036,RAL-01,Raleigh,node,8726110036,Jersey Mike's Subs,jersey mike s subs,Point,35.7886121,-78.641938,amenity,fast_food,Jersey Mike's Subs,,city=Raleigh; housenumber=200; postcode=27603; state=NC; street=West Peace Street,,,https://www.jerseymikes.com/3026/raleigh-nc,"{""addr:city"": ""Raleigh"", ""addr:housenumber"": ""200"", ""addr:postcode"": ""27603"", ""addr:state"": ""NC"", ""addr:street"": ""West Peace Street"", ""amenity"": ""fast_food"", ""brand"": ""Jersey Mike's Subs"", ""brand:wikidata"": ""Q6184897"", ""cuisine"": ""sandwich"", ""name"": ""Jersey Mike's Subs"", ""short_name"": ""Jersey Mike's"", ""takeaway"": ""yes"", ""website"": ""https://www.jerseymikes.com/3026/raleigh-nc""}",2026-10-10T14:14:29Z,OpenStreetMap Overpass API,False,POINT (-78.641938 35.788612)
RAL-01_osm_node_8865972717,RAL-01,Raleigh,node,8865972717,Iris Coffee Lab,iris coffee lab,Point,35.7862036,-78.6499971,amenity,cafe,,,housenumber=725; postcode=27603; street=Tucker Street,,,https://www.iriscoffeelab.com,"{""addr:housenumber"": ""725"", ""addr:postcode"": ""27603"", ""addr:street"": ""Tucker Street"", ""amenity"": ""cafe"", ""check_date"": ""2026-08-18"", ""internet_access"": ""wlan"", ""name"": ""Iris Coffee Lab"", ""opening_hours"": ""08:00-17:00"", ""outdoor_seating"": ""yes"", ""website"": ""https://www.iriscoffeelab.com""}",2026-10-10T14:14:29Z,OpenStreetMap Overpass API,False,POINT (-78.649997 35.786204)
RAL-01_osm_node_8883930099,RAL-01,Raleigh,node,8883930099,Johnson Street Yacht Club,johnson street yacht club,Point,35.7876443,-78.6495704,amenity,bar,,,city=Raleigh; housenumber=710; postcode=27603; state=NC; street=West Johnson Street,,,,"{""addr:city"": ""Raleigh"", ""addr:housenumber"": ""710"", ""addr:postcode"": ""27603"", ""addr:state"": ""NC"", ""addr:street"": ""West Johnson Street"", ""amenity"": ""bar"", ""name"": ""Johnson Street Yacht Club""}",2026-10-10T14:14:29Z,OpenStreetMap Overpass API,False,POINT (-78.64957 35.787644)
RAL-01_osm_node_8883973554,RAL-01,Raleigh,node,8883973554,Peace and Saint,peace and saint,Point,35.78815,-78.6506518,amenity,bar,,,city=Raleigh; housenumber=616; postcode=27605; state=NC; street=Saint Marys Street,,,,"{""addr:city"": ""Raleigh"", ""addr:housenumber"": ""616"", ""addr:postcode"": ""27605"", ""addr:state"": ""NC"", ""addr:street"": ""Saint Marys Street"", ""amenity"": ""bar"", ""amenity_1"": ""hookah_lounge"", ""name"": ""Peace and Saint""}",2026-10-10T14:14:29Z,OpenStreetMap Overpass API,False,POINT (-78.650652 35.78815)
RAL-01_osm_node_9039089912,RAL-01,Raleigh,node,9039089912,Libations 317,libations 317,Point,35.7796005,-78.6435912,amenity,restaurant,,,housenumber=317; street=W Morgan Street,,,https://www.libations317.com/,"{""addr:housenumber"": ""317"", ""addr:street"": ""W Morgan Street"", ""amenity"": ""restaurant"", ""description"": ""Restaurant and bar"", ""name"": ""Libations 317"", ""opening_hours"": ""Mo, We, Th 14:00-21:30; Sa 11:00-22:30; Su 11:00-18:30"", ""website"": ""https://www.libations317.com/""}",2026-10-10T14:14:29Z,OpenStreetMap Overpass API,False,POINT (-78.643591 35.7796)
RAL-01_osm_node_9147324740,RAL-01,Raleigh,node,9147324740,Ruby Deluxe,ruby deluxe,Point,35.7751916,-78.6398998,amenity,nightclub,,,city=Raleigh; housenumber=415; postcode=27601; state=NC; street=S Salisbury Street,,,,"{""addr:city"": ""Raleigh"", ""addr:housenumber"": ""415"", ""addr:postcode"": ""27601"", ""addr:state"": ""NC"", ""addr:street"": ""S Salisbury Street"", ""amenity"": ""nightclub"", ""lgbtq"": ""primary"", ""name"": ""Ruby Deluxe""}",2026-10-10T14:14:29Z,OpenStreetMap Overpass API,False,POINT (-78.6399 35.775192)
RAL-01_osm_node_9203569343,RAL-01,Raleigh,node,9203569343,Two Roosters,two roosters,Point,35.7903249,-78.6347895,amenity,ice_cream,,,city=Raleigh; housenumber=215; postcode=27604; state=NC; street=East Franklin Street; unit=120,,,https://www.tworoosters.com/,"{""addr:city"": ""Raleigh"", ""addr:housenumber"": ""215"", ""addr:postcode"": ""27604"", ""addr:state"": ""NC"", ""addr:street"": ""East Franklin Street"", ""addr:unit"": ""120"", ""amenity"": ""ice_cream"", ""check_date"": ""2023-07-22"", ""cuisine"": ""ice_cream"", ""name"": ""Two Roosters"", ""opening_hours"": ""Tu-Th,Su 14:00-21:00; Fr-Sa 12:00-22:00"", ""outdoor_seating"": ""yes"", ""payment:mastercard"": ""yes"", ""payment:visa"": ""yes"", ""phone"": ""+19192290491"", ""website"": ""https://www.tworoosters.com/""}",2026-10-10T14:14:29Z,OpenStreetMap Overpass API,False,POINT (-78.63479 35.790325)
RAL-01_osm_node_9203569353,RAL-01,Raleigh,node,9203569353,Wine Authorities,wine authorities,Point,35.7903396,-78.6349424,shop,wine,,,city=Raleigh; housenumber=211; postcode=27604; state=NC; street=East Franklin Street,,,https://www.wineauthorities.com/,"{""addr:city"": ""Raleigh"", ""addr:housenumber"": ""211"", ""addr:postcode"": ""27604"", ""addr:state"": ""NC"", ""addr:street"": ""East Franklin Street"", ""check_date"": ""2023-07-22"", ""name"": ""Wine Authorities"", ""opening_hours"": ""Mo-Th, Sa 10:00-19:00; Fr 10:00-20:00"", ""phone"": ""+19198319463"", ""shop"": ""wine"", ""website"": ""https://www.wineauthorities.com/""}",2026-10-10T14:14:29Z,OpenStreetMap Overpass API,False,POINT (-78.634942 35.79034)
RAL-01_osm_node_9204992815,RAL-01,Raleigh,node,9204992815,Arrow Downtown Raleigh,arrow downtown raleigh,Point,35.7783318,-78.6375949,shop,hairdresser,,,city=Raleigh; housenumber=115; postcode=27601; state=NC; street=East Hargett Street,,,https://guaranteedshorterhair.com/,"{""addr:city"": ""Raleigh"", ""addr:housenumber"": ""115"", ""addr:postcode"": ""27601"", ""addr:state"": ""NC"", ""addr:street"": ""East Hargett Street"", ""contact:instagram"": ""guaranteed_shorter_hair"", ""email"": ""appointments@guaranteedshorterhair.com"", ""name"": ""Arrow Downtown Raleigh"", ""opening_hours"": ""Mo-Fr 09:00-18:00"", ""phone"": ""+19193073242"", ""shop"": ""hairdresser"", ""website"": ""https://guaranteedshorterhair.com/""}",2026-10-10T14:14:29Z,OpenStreetMap Overpass API,False,POINT (-78.637595 35.778332)
RAL-01_osm_node_9662275087,RAL-01,Raleigh,node,9662275087,Law Office of Gregory M. Kash,law office of gregory m kash,Point,35.774295,-78.6402446,office,lawyer,,,"city=Raleigh; postcode=27601; state=NC; street=434 Fayetteville St, #1640",,,https://gregkashlaw.com,"{""addr:city"": ""Raleigh"", ""addr:postcode"": ""27601"", ""addr:state"": ""NC"", ""addr:street"": ""434 Fayetteville St, #1640"", ""country"": ""USA"", ""fax"": ""+1-919-861-0170"", ""name"": ""Law Office of Gregory M. Kash"", ""office"": ""lawyer"", ""opening_hours"": ""Mo-Fr 09:00-17:00"", ""phone"": ""+1-919-861-2006"", ""website"": ""https://gregkashlaw.com""}",2026-10-10T14:14:29Z,OpenStreetMap Overpass API,False,POINT (-78.640245 35.774295)
RAL-01_osm_node_9684234288,RAL-01,Raleigh,node,9684234288,Messer Transmission Inc,messer transmission inc,Point,35.7893959,-78.6350138,shop,motorcycle_repair,,,"full=705 N Person St, Raleigh, NC 27604, USA",,,https://messertransmissioninc.com,"{""addr:full"": ""705 N Person St, Raleigh, NC 27604, USA"", ""name"": ""Messer Transmission Inc"", ""opening_hours"": ""Mo-Th 08:00-17:00; Fr 08:00-13:00"", ""phone"": ""+1-919-834-2612"", ""shop"": ""motorcycle_repair"", ""website"": ""https://messertransmissioninc.com""}",2026-10-10T14:14:29Z,OpenStreetMap Overpass API,False,POINT (-78.635014 35.789396)
RAL-01_osm_node_9773148869,RAL-01,Raleigh,node,9773148869,Pendo,pendo,Point,35.7801782,-78.6437836,office,yes,,,,,,,"{""name"": ""Pendo"", ""office"": ""yes""}",2026-10-10T14:14:29Z,OpenStreetMap Overpass API,False,POINT (-78.643784 35.780178)
RAL-01_osm_node_9860319189,RAL-01,Raleigh,node,9860319189,Person Street Bar,person street bar,Point,35.7904674,-78.6345968,amenity,bar,,,city=Raleigh; housenumber=805; postcode=27604; state=NC; street=North Person Street,,,,"{""addr:city"": ""Raleigh"", ""addr:housenumber"": ""805"", ""addr:postcode"": ""27604"", ""addr:state"": ""NC"", ""addr:street"": ""North Person Street"", ""amenity"": ""bar"", ""name"": ""Person Street Bar"", ""opening_hours"": ""Mo-Fr 16:00-02:00, Sa,Su 14:00-02:00"", ""phone"": ""+1 919 977 5952""}",2026-10-10T14:14:29Z,OpenStreetMap Overpass API,False,POINT (-78.634597 35.790467)
RAL-01_osm_node_9882983300,RAL-01,Raleigh,node,9882983300,The Marketing Machine,the marketing machine,Point,35.7781001,-78.6395665,office,advertising_agency,,,city=Raleigh; housenumber=5; postcode=27601; state=NC; street=West Hargett Street; unit=#1101,,,https://www.themmachine.com/,"{""addr:city"": ""Raleigh"", ""addr:housenumber"": ""5"", ""addr:postcode"": ""27601"", ""addr:state"": ""NC"", ""addr:street"": ""West Hargett Street"", ""addr:unit"": ""#1101"", ""contact:linkedin"": ""https://www.linkedin.com/company/the-marketing-machine/"", ""description"": ""The Marketing Machine (TMM) is a creative marketing agency located in downtown Raleigh, NC. We are passionate about all aspects of branding and marketing and it shows in everything we do."", ""facebook"": ""https://www.facebook.com/themarketingmachine"", ""fax"": ""+1-919-890-3861"", ""name"": ""The Marketing Machine"", ""office"": ""advertising_agency"", ""opening_hours"": ""Mo-Fr 09:00-17:00"", ""phone"": ""+1-919-460-7978"", ""website"": ""https://www.themmachine.com/""}",2026-10-10T14:14:29Z,OpenStreetMap Overpass API,False,POINT (-78.639566 35.7781)
RAL-01_osm_relation_10356072,RAL-01,Raleigh,relation,10356072,Raleigh,raleigh,Point,35.7761635,-78.6466313,public_transport,stop_area,,,state=NC,,,,"{""addr:state"": ""NC"", ""name"": ""Raleigh"", ""network"": ""Amtrak"", ""public_transport"": ""stop_area"", ""railway"": ""facility"", ""railway:ref"": ""RGH"", ""type"": ""public_transport""}",2026-10-10T14:14:29Z,OpenStreetMap Overpass API,False,POINT (-78.646631 35.776164)
RAL-01_osm_relation_14713078,RAL-01,Raleigh,relation,14713078,Edenton Street United Methodist Church,edenton street united methodist church,Point,35.7817905,-78.6426054,amenity,place_of_worship,,,city=Raleigh; housenumber=225; postcode=27603; state=NC; street=West Edenton Street,Q5337018,en:Edenton Street United Methodist Church,,"{""addr:city"": ""Raleigh"", ""addr:housenumber"": ""225"", ""addr:postcode"": ""27603"", ""addr:state"": ""NC"", ""addr:street"": ""West Edenton Street"", ""amenity"": ""place_of_worship"", ""building"": ""yes"", ""building:use"": ""commercial"", ""denomination"": ""methodist"", ""name"": ""Edenton Street United Methodist Church"", ""religion"": ""christian"", ""source"": ""WakeGIS"", ""type"": ""multipolygon"", ""wikidata"": ""Q5337018"", ""wikipedia"": ""en:Edenton Street United Methodist Church""}",2026-10-10T14:14:29Z,OpenStreetMap Overpass API,False,POINT (-78.642605 35.78179)
RAL-01_osm_relation_14724202,RAL-01,Raleigh,relation,14724202,North Carolina Department of Transportation,north carolina department of transportation,Point,35.7799392,-78.637459,office,government,,,city=Raleigh; housenumber=1; postcode=27601; state=NC; street=South Wilmington Street,,,https://www.ncdot.gov/,"{""addr:city"": ""Raleigh"", ""addr:housenumber"": ""1"", ""addr:postcode"": ""27601"", ""addr:state"": ""NC"", ""addr:street"": ""South Wilmington Street"", ""building"": ""yes"", ""building:levels"": ""4"", ""name"": ""North Carolina Department of Transportation"", ""office"": ""government"", ""opening_hours"": ""Mo-Fr 08:00-17:00"", ""phone"": ""+18773684968"", ""type"": ""multipolygon"", ""website"": ""https://www.ncdot.gov/""}",2026-10-10T14:14:29Z,OpenStreetMap Overpass API,False,POINT (-78.637459 35.779939)
RAL-01_osm_relation_14728532,RAL-01,Raleigh,relation,14728532,First Baptist Church of Raleigh,first baptist church of raleigh,Point,35.7792249,-78.6377189,amenity,place_of_worship,,,city=Raleigh; country=US; housenumber=109; state=NC; street=South Wilmington Street,Q5452427,"en:First Baptist Church (Raleigh, North Carolina)",,"{""addr:city"": ""Raleigh"", ""addr:country"": ""US"", ""addr:housenumber"": ""109"", ""addr:state"": ""NC"", ""addr:street"": ""South Wilmington Street"", ""amenity"": ""place_of_worship"", ""building"": ""yes"", ""building:use"": ""commercial"", ""denomination"": ""baptist"", ""name"": ""First Baptist Church of Raleigh"", ""religion"": ""christian"", ""source"": ""WakeGIS"", ""source:geometry"": ""Bing"", ""type"": ""multipolygon"", ""wikidata"": ""Q5452427"", ""wikipedia"": ""en:First Baptist Church (Raleigh, North Carolina)""}",2026-10-10T14:14:29Z,OpenStreetMap Overpass API,False,POINT (-78.637719 35.779225)
RAL-01_osm_relation_16629304,RAL-01,Raleigh,relation,16629304,The Church of the Good Shepherd,the church of the good shepherd,Point,35.7800411,-78.6412524,amenity,place_of_worship,,,,,,,"{""amenity"": ""place_of_worship"", ""building"": ""yes;roof"", ""building:use"": ""commercial"", ""denomination"": ""episcopal"", ""layer"": ""1"", ""name"": ""The Church of the Good Shepherd"", ""religion"": ""christian"", ""source"": ""WakeGIS"", ""type"": ""multipolygon""}",2026-10-10T14:14:29Z,OpenStreetMap Overpass API,False,POINT (-78.641252 35.780041)
RAL-01_osm_relation_16629305,RAL-01,Raleigh,relation,16629305,,,Point,35.7808926,-78.6407098,amenity,place_of_worship,,,city=Raleigh; housenumber=99; postcode=27601; state=NC; street=North Salisbury Street,Q5452427,"en:First Baptist Church (Raleigh, North Carolina)",,"{""addr:city"": ""Raleigh"", ""addr:housenumber"": ""99"", ""addr:postcode"": ""27601"", ""addr:state"": ""NC"", ""addr:street"": ""North Salisbury Street"", ""amenity"": ""place_of_worship"", ""building"": ""yes;church"", ""building:use"": ""commercial"", ""denomination"": ""baptist"", ""religion"": ""christian"", ""source"": ""WakeGIS"", ""type"": ""multipolygon"", ""wikidata"": ""Q5452427"", ""wikipedia"": ""en:First Baptist Church (Raleigh, North Carolina)""}",2026-10-10T14:14:29Z,OpenStreetMap Overpass API,False,POINT (-78.64071 35.780893)
RAL-01_osm_relation_16629306,RAL-01,Raleigh,relation,16629306,First Presbyterian Church,first presbyterian church,Point,35.7789724,-78.6407406,amenity,place_of_worship,,,,Q23302288,,,"{""amenity"": ""place_of_worship"", ""building"": ""church;yes"", ""building:use"": ""commercial"", ""denomination"": ""presbyterian"", ""name"": ""First Presbyterian Church"", ""religion"": ""christian"", ""source"": ""WakeGIS"", ""type"": ""multipolygon"", ""wikidata"": ""Q23302288""}",2026-10-10T14:14:29Z,OpenStreetMap Overpass API,False,POINT (-78.640741 35.778972)
RAL-01_osm_relation_4144751,RAL-01,Raleigh,relation,4144751,Red Hat Tower,red hat tower,Point,35.7751824,-78.6377753,office,it,,,city=Raleigh; housename=Red Hat Tower; housenumber=100; postcode=27601; state=NC; street=East Davie Street,Q7859171,,https://www.redhat.com,"{""access"": ""yes"", ""addr:city"": ""Raleigh"", ""addr:housename"": ""Red Hat Tower"", ""addr:housenumber"": ""100"", ""addr:postcode"": ""27601"", ""addr:state"": ""NC"", ""addr:street"": ""East Davie Street"", ""building"": ""commercial"", ""building:levels"": ""19"", ""fee"": ""yes"", ""height"": ""76.4 m"", ""image"": ""https://commons.wikimedia.org/wiki/File:RedHatHeadquartersRaleigh.jpg"", ""it:type"": ""open_source"", ""layer"": ""1"", ""name"": ""Red Hat Tower"", ""office"": ""it"", ""phone"": ""+1 8887334281"", ""type"": ""multipolygon"", ""website"": ""https://www.redhat.com"", ""wheelchair"": ""yes"", ""wikidata"": ""Q7859171"", ""wikipedia:en"": ""Red Hat Tower""}",2026-10-10T14:14:29Z,OpenStreetMap Overpass API,False,POINT (-78.637775 35.775182)
RAL-01_osm_way_1010738678,RAL-01,Raleigh,way,1010738678,The Avenue,the avenue,Point,35.7809405,-78.6478312,amenity,bar,,,city=Raleigh; housenumber=3; postcode=27603; state=NC; street=Glenwood Avenue,,,https://www.avenueraleigh.com/,"{""addr:city"": ""Raleigh"", ""addr:housenumber"": ""3"", ""addr:postcode"": ""27603"", ""addr:state"": ""NC"", ""addr:street"": ""Glenwood Avenue"", ""amenity"": ""bar"", ""name"": ""The Avenue"", ""parking"": ""surface"", ""surface"": ""asphalt"", ""website"": ""https://www.avenueraleigh.com/""}",2026-10-10T14:14:29Z,OpenStreetMap Overpass API,False,POINT (-78.647831 35.78094)
RAL-01_osm_way_1017266990,RAL-01,Raleigh,way,1017266990,McDonald's,mcdonald s,Point,35.7723053,-78.638234,amenity,fast_food,McDonald's,,city=Raleigh; housenumber=105; postcode=27602; state=NC; street=East South Street,,,https://www.mcdonalds.com/us/en-us/location/5028.html,"{""addr:city"": ""Raleigh"", ""addr:housenumber"": ""105"", ""addr:postcode"": ""27602"", ""addr:state"": ""NC"", ""addr:street"": ""East South Street"", ""amenity"": ""fast_food"", ""brand"": ""McDonald's"", ""brand:wikidata"": ""Q38076"", ""building"": ""yes"", ""cuisine"": ""burger"", ""drive_through"": ""yes"", ""internet_access"": ""wlan"", ""name"": ""McDonald's"", ""opening_hours"": ""05:00-24:00"", ""phone"": ""+1 919-833-7800"", ""takeaway"": ""yes"", ""website"": ""https://www.mcdonalds.com/us/en-us/location/5028.html""}",2026-10-10T14:14:29Z,OpenStreetMap Overpass API,False,POINT (-78.638234 35.772305)
RAL-01_osm_way_1155458749,RAL-01,Raleigh,way,1155458749,Junction West,junction west,Point,35.776821,-78.6464104,amenity,bar,,,city=Raleigh; housenumber=310; postcode=27601; state=NC; street=South West Street,,,,"{""addr:city"": ""Raleigh"", ""addr:housenumber"": ""310"", ""addr:postcode"": ""27601"", ""addr:state"": ""NC"", ""addr:street"": ""South West Street"", ""amenity"": ""bar"", ""building"": ""yes"", ""name"": ""Junction West""}",2026-10-10T14:14:29Z,OpenStreetMap Overpass API,False,POINT (-78.64641 35.776821)
RAL-01_osm_way_1227239269,RAL-01,Raleigh,way,1227239269,Moriarty Construction Field Office,moriarty construction field office,Point,35.7784478,-78.6474704,office,engineer,,,city=Raleigh; housenumber=609; postcode=27603; state=NC; street=West Hargett Street,,,,"{""addr:city"": ""Raleigh"", ""addr:housenumber"": ""609"", ""addr:postcode"": ""27603"", ""addr:state"": ""NC"", ""addr:street"": ""West Hargett Street"", ""building"": ""yes"", ""name"": ""Moriarty Construction Field Office"", ""office"": ""engineer""}",2026-10-10T14:14:29Z,OpenStreetMap Overpass API,False,POINT (-78.64747 35.778448)
RAL-01_osm_way_1227239271,RAL-01,Raleigh,way,1227239271,Flex Nightclub/Bar,flex nightclub bar,Point,35.7784457,-78.6487191,leisure,outdoor_seating,,Flex Nightclub/Bar,,,,,"{""leisure"": ""outdoor_seating"", ""operator"": ""Flex Nightclub/Bar""}",2026-10-10T14:14:29Z,OpenStreetMap Overpass API,False,POINT (-78.648719 35.778446)
RAL-01_osm_way_1292169085,RAL-01,Raleigh,way,1292169085,Hyatt House,hyatt house,Point,35.7884976,-78.6392856,tourism,hotel,Hyatt House,,city=Raleigh; housenumber=11; postcode=27604; state=NC; street=Seaboard Avenue,,,https://www.hyatt.com/hyatt-house/rduxd-hyatt-house-raleigh-downtown-seaboard-station,"{""addr:city"": ""Raleigh"", ""addr:housenumber"": ""11"", ""addr:postcode"": ""27604"", ""addr:state"": ""NC"", ""addr:street"": ""Seaboard Avenue"", ""air_conditioning"": ""yes"", ""bar"": ""yes"", ""branch"": ""Raleigh Downtown Seaboard Station"", ""brand"": ""Hyatt House"", ""brand:wikidata"": ""Q109292191"", ""building"": ""yes"", ""description"": ""Hyatt House Hotel and Suite Accommodations with 149 guest rooms, outdoor pool, fitness center and rooftop bar. Eeasy walking access to shops and restaurants in Seaboard Station"", ""fax"": ""+1 984-326-7711"", ""internet_access"": ""wlan"", ""internet_access:fee"": ""no"", ""name"": ""Hyatt House"", ""payment:credit_cards"": ""yes"", ""payment:debit_cards"": ""yes"", ""phone"": ""+1 984-326-7710"", ""reservation"": ""yes"", ""rooms"": ""149"", ""smoking"": ""no"", ""tourism"": ""hotel"", ""website"": ""https://www.hyatt.com/hyatt-house/rduxd-hyatt-house-raleigh-downtown-seaboard-station"", ""wheelchair"": ""yes""}",2026-10-10T14:14:29Z,OpenStreetMap Overpass API,False,POINT (-78.639286 35.788498)
RAL-01_osm_way_1342745978,RAL-01,Raleigh,way,1342745978,Express Library Fayetteville Street,express library fayetteville street,Point,35.7758527,-78.639645,amenity,library,,,city=Raleigh; county=Wake; housenumber=336; postcode=27601-1743; state=NC; street=Fayetteville Street,,,,"{""addr:city"": ""Raleigh"", ""addr:county"": ""Wake"", ""addr:housenumber"": ""336"", ""addr:postcode"": ""27601-1743"", ""addr:state"": ""NC"", ""addr:street"": ""Fayetteville Street"", ""amenity"": ""library"", ""indoor"": ""area"", ""name"": ""Express Library Fayetteville Street"", ""nat_ref"": ""C-WAKE-EIC"", ""operator:type"": ""public"", ""phone"": ""+1 919-856-6690""}",2026-10-10T14:14:29Z,OpenStreetMap Overpass API,False,POINT (-78.639645 35.775853)
RAL-01_osm_way_135692670,RAL-01,Raleigh,way,135692670,Red Hat Amphitheater,red hat amphitheater,Point,35.7738245,-78.6430617,amenity,theatre,,,city=Raleigh; housenumber=500; postcode=27601; state=NC; street=South McDowell Street,,,https://www.redhatamphitheater.com,"{""addr:city"": ""Raleigh"", ""addr:housenumber"": ""500"", ""addr:postcode"": ""27601"", ""addr:state"": ""NC"", ""addr:street"": ""South McDowell Street"", ""amenity"": ""theatre"", ""building"": ""yes"", ""name"": ""Red Hat Amphitheater"", ""website"": ""https://www.redhatamphitheater.com""}",2026-10-10T14:14:29Z,OpenStreetMap Overpass API,False,POINT (-78.643062 35.773824)
RAL-01_osm_way_135692672,RAL-01,Raleigh,way,135692672,Red Hat Amphitheater,red hat amphitheater,Point,35.7737054,-78.6429154,amenity,theatre,,,city=Raleigh; housenumber=500; postcode=27601; state=NC; street=South Salisbury Street,,,https://www.redhatamphitheater.com/,"{""addr:city"": ""Raleigh"", ""addr:housenumber"": ""500"", ""addr:postcode"": ""27601"", ""addr:state"": ""NC"", ""addr:street"": ""South Salisbury Street"", ""amenity"": ""theatre"", ""name"": ""Red Hat Amphitheater"", ""phone"": ""+1-919-996-8500"", ""theatre:type"": ""amphi"", ""website"": ""https://www.redhatamphitheater.com/""}",2026-10-10T14:14:29Z,OpenStreetMap Overpass API,False,POINT (-78.642915 35.773705)
RAL-01_osm_way_135692673,RAL-01,Raleigh,way,135692673,Atlantic Union Bank Convention Center,atlantic union bank convention center,Point,35.7736489,-78.6413226,amenity,conference_centre,,,city=Raleigh; housenumber=500; postcode=27601; state=NC; street=South Salisbury Street,Q7286901,en:Atlantic Union Bank Convention Center,https://www.raleighconvention.com/,"{""addr:city"": ""Raleigh"", ""addr:housenumber"": ""500"", ""addr:postcode"": ""27601"", ""addr:state"": ""NC"", ""addr:street"": ""South Salisbury Street"", ""air_conditioning"": ""yes"", ""amenity"": ""conference_centre"", ""building"": ""public"", ""check_date"": ""2024-10-28"", ""internet_access"": ""wlan"", ""internet_access:fee"": ""customers"", ""name"": ""Atlantic Union Bank Convention Center"", ""payment:cash"": ""yes"", ""payment:credit_cards"": ""yes"", ""payment:debit_cards"": ""yes"", ""phone"": ""+1-919-996-8500"", ""website"": ""https://www.raleighconvention.com/"", ""wheelchair"": ""yes"", ""wikidata"": ""Q7286901"", ""wikipedia"": ""en:Atlantic Union Bank Convention Center""}",2026-10-10T14:14:29Z,OpenStreetMap Overpass API,False,POINT (-78.641323 35.773649)
RAL-01_osm_way_1442594622,RAL-01,Raleigh,way,1442594622,Incendiary Brewing Co,incendiary brewing co,Point,35.7801974,-78.6483176,amenity,bar,,,city=Raleigh; housenumber=612; postcode=27603; state=NC; street=West Morgan Street,,,,"{""addr:city"": ""Raleigh"", ""addr:housenumber"": ""612"", ""addr:postcode"": ""27603"", ""addr:state"": ""NC"", ""addr:street"": ""West Morgan Street"", ""amenity"": ""bar"", ""building"": ""yes"", ""name"": ""Incendiary Brewing Co"", ""opening_hours"": ""Su 12:00-22:00, Mo-Th 16:00-22:00, Fr-Sa 12:00-00:00""}",2026-10-10T14:14:29Z,OpenStreetMap Overpass API,False,POINT (-78.648318 35.780197)
RAL-01_osm_way_1468147068,RAL-01,Raleigh,way,1468147068,Pop-Pup Dog Park,pop pup dog park,Point,35.779318,-78.6430814,leisure,dog_park,,"City of Raleigh: Parks, Recreation and Cultural Resources",,,,,"{""access"": ""yes"", ""dog"": ""unleashed"", ""leisure"": ""dog_park"", ""name"": ""Pop-Pup Dog Park"", ""operator"": ""City of Raleigh: Parks, Recreation and Cultural Resources"", ""operator:type"": ""government""}",2026-10-10T14:14:29Z,OpenStreetMap Overpass API,False,POINT (-78.643081 35.779318)
RAL-01_osm_way_148163971,RAL-01,Raleigh,way,148163971,State Employee's Credit Union Headquarters,state employee s credit union headquarters,Point,35.782128,-78.6404706,office,financial,,,city=Raleigh; state=NC,,,,"{""addr:city"": ""Raleigh"", ""addr:state"": ""NC"", ""building"": ""yes"", ""building:levels"": ""12"", ""height"": ""46.6 m"", ""name"": ""State Employee's Credit Union Headquarters"", ""office"": ""financial""}",2026-10-10T14:14:29Z,OpenStreetMap Overpass API,False,POINT (-78.640471 35.782128)
RAL-01_osm_way_148163972,RAL-01,Raleigh,way,148163972,North Carolina Museum of Natural Sciences: Nature Research Center,north carolina museum of natural sciences nature research center,Point,35.7823118,-78.640906,tourism,museum,,,city=Raleigh; country=US; housenumber=11; postcode=27601; state=NC; street=West Jones Street,,,https://naturalsciences.org/,"{""addr:city"": ""Raleigh"", ""addr:country"": ""US"", ""addr:housenumber"": ""11"", ""addr:postcode"": ""27601"", ""addr:state"": ""NC"", ""addr:street"": ""West Jones Street"", ""building"": ""yes"", ""building:levels"": ""4"", ""fee"": ""yes"", ""name"": ""North Carolina Museum of Natural Sciences: Nature Research Center"", ""opening_hours"": ""Tu-Su 10:00-17:00"", ""tourism"": ""museum"", ""website"": ""https://naturalsciences.org/""}",2026-10-10T14:14:29Z,OpenStreetMap Overpass API,False,POINT (-78.640906 35.782312)
RAL-01_osm_way_1544185838,RAL-01,Raleigh,way,1544185838,North Carolina Freedom Park,north carolina freedom park,Point,35.7833952,-78.637332,leisure,park,,North Carolina African American Heritage Commission,city=Raleigh; housenumber=218; state=NC; street=North Wilmington Street,,,,"{""addr:city"": ""Raleigh"", ""addr:housenumber"": ""218"", ""addr:state"": ""NC"", ""addr:street"": ""North Wilmington Street"", ""architect"": ""Phil Freelon"", ""leisure"": ""park"", ""name"": ""North Carolina Freedom Park"", ""opening_hours"": ""dawn-dusk"", ""operator"": ""North Carolina African American Heritage Commission"", ""operator:type"": ""government""}",2026-10-10T14:14:29Z,OpenStreetMap Overpass API,False,POINT (-78.637332 35.783395)
RAL-01_osm_way_189846068,RAL-01,Raleigh,way,189846068,Union Square,union square,Point,35.7804097,-78.639098,leisure,park,,,,,,,"{""leisure"": ""park"", ""name"": ""Union Square""}",2026-10-10T14:14:29Z,OpenStreetMap Overpass API,False,POINT (-78.639098 35.78041)
RAL-01_osm_way_195056160,RAL-01,Raleigh,way,195056160,William Peace University,william peace university,Point,35.7895661,-78.6372212,amenity,university,,,city=Raleigh; housenumber=15; postcode=27604; state=NC; street=East Peace Street,Q8016704,en:William Peace University,,"{""addr:city"": ""Raleigh"", ""addr:housenumber"": ""15"", ""addr:postcode"": ""27604"", ""addr:state"": ""NC"", ""addr:street"": ""East Peace Street"", ""amenity"": ""university"", ""name"": ""William Peace University"", ""wikidata"": ""Q8016704"", ""wikipedia"": ""en:William Peace University""}",2026-10-10T14:14:29Z,OpenStreetMap Overpass API,False,POINT (-78.637221 35.789566)
RAL-01_osm_way_196113959,RAL-01,Raleigh,way,196113959,Sacred Heart Cathedral,sacred heart cathedral,Polygon,35.78083530000001,-78.64214685765093,amenity,place_of_worship,,,,Q7397114,,,"{""amenity"": ""place_of_worship"", ""denomination"": ""roman_catholic"", ""name"": ""Sacred Heart Cathedral"", ""religion"": ""christian"", ""wikidata"": ""Q7397114""}",2026-10-10T14:14:29Z,OpenStreetMap Overpass API,False,"POLYGON ((-78.64286 35.780987, -78.642503 35.780972, -78.642516 35.780606, -78.641859 35.780576, -78.641816 35.780591, -78.641802 35.780624, -78.641757 35.781209, -78.641768 35.781237, -78.641813 35.78125, -78.643213 35.781311, -78.643243 35.781309, -78.643259 35.781285, -78.643257 35.780699, -78.643261 35.780683, -78.643252 35.780674, -78.642869 35.780662, -78.64286 35.780987))"
RAL-01_osm_way_196164624,RAL-01,Raleigh,way,196164624,Campbell University: Norman Adrian Wiggins School of Law,campbell university norman adrian wiggins school of law,Polygon,35.78013945,-78.64282684226673,amenity,university,,,,,en:Norman Adrian Wiggins School of Law,,"{""amenity"": ""university"", ""name"": ""Campbell University: Norman Adrian Wiggins School of Law"", ""wikipedia"": ""en:Norman Adrian Wiggins School of Law""}",2026-10-10T14:14:29Z,OpenStreetMap Overpass API,False,"POLYGON ((-78.642355 35.779766, -78.642328 35.780426, -78.64326 35.78046, -78.643286 35.780454, -78.6433 35.780432, -78.643327 35.779853, -78.643323 35.779826, -78.643304 35.779803, -78.643286 35.7798, -78.642355 35.779766))"
RAL-01_osm_way_196343585,RAL-01,Raleigh,way,196343585,,,Polygon,35.78095495,-78.64472361639591,amenity,restaurant,,,city=Raleigh; housenumber=330; postcode=27603; state=NC; street=Hillsborough Street,Q5287722,en:Dodd-Hinsdale House,,"{""addr:city"": ""Raleigh"", ""addr:housenumber"": ""330"", ""addr:postcode"": ""27603"", ""addr:state"": ""NC"", ""addr:street"": ""Hillsborough Street"", ""amenity"": ""restaurant"", ""building"": ""yes"", ""wikidata"": ""Q5287722"", ""wikipedia"": ""en:Dodd-Hinsdale House""}",2026-10-10T14:14:29Z,OpenStreetMap Overpass API,False,"POLYGON ((-78.64472 35.78109, -78.644718 35.781144, -78.644682 35.781144, -78.644683 35.78109, -78.644675 35.78109, -78.644674 35.781133, -78.644566 35.781128, -78.644573 35.780875, -78.644599 35.780875, -78.644599 35.780864, -78.644619 35.780865, -78.64462 35.780848, -78.64466 35.780849, -78.644662 35.780835, -78.644733 35.780837, -78.644734 35.780852, -78.644768 35.780851, -78.644769 35.780869, -78.644794 35.780871, -78.644793 35.780888, -78.644879 35.780891, -78.644874 35.781021, -78.644821 35.781019, -78.64482 35.781034, -78.644839 35.781035, -78.644839 35.781067, -78.644815 35.781066, -78.644814 35.78109, -78.644806 35.781091, -78.644796 35.781103, -78.644776 35.781102, -78.644765 35.78109, -78.64472 35.78109))"
RAL-01_osm_way_196586326,RAL-01,Raleigh,way,196586326,Exploris Middle School,exploris middle school,Polygon,35.7803351,-78.64526881914153,amenity,school,,,,,,,"{""amenity"": ""school"", ""name"": ""Exploris Middle School""}",2026-10-10T14:14:29Z,OpenStreetMap Overpass API,False,"POLYGON ((-78.645087 35.780514, -78.645076 35.780504, -78.645073 35.780494, -78.645104 35.779891, -78.645108 35.779878, -78.64512 35.77987, -78.645131 35.779866, -78.645862 35.779904, -78.645886 35.779901, -78.645891 35.779918, -78.645901 35.779947, -78.645876 35.780176, -78.645464 35.780167, -78.645448 35.780538, -78.645114 35.780525, -78.6451 35.780522, -78.645087 35.780514))"
RAL-01_osm_way_197533234,RAL-01,Raleigh,way,197533234,North Carolina Museum of History,north carolina museum of history,Polygon,35.7818499,-78.63850211854799,tourism,museum,,,city=Raleigh; housenumber=5; postcode=27601; state=NC; street=East Edenton Street,Q7054557,,https://www.ncmuseumofhistory.org/,"{""addr:city"": ""Raleigh"", ""addr:housenumber"": ""5"", ""addr:postcode"": ""27601"", ""addr:state"": ""NC"", ""addr:street"": ""East Edenton Street"", ""name"": ""North Carolina Museum of History"", ""opening_hours"": ""off"", ""phone"": ""+1 919-807-7900"", ""tourism"": ""museum"", ""website"": ""https://www.ncmuseumofhistory.org/"", ""wikidata"": ""Q7054557""}",2026-10-10T14:14:29Z,OpenStreetMap Overpass API,False,"POLYGON ((-78.638133 35.782457, -78.638096 35.782455, -78.638082 35.782451, -78.638077 35.782443, -78.638153 35.781257, -78.638164 35.781247, -78.6382 35.78123, -78.638918 35.781256, -78.638859 35.782485, -78.638133 35.782457))"
RAL-01_osm_way_197842115,RAL-01,Raleigh,way,197842115,North Carolina Museum of Natural Sciences,north carolina museum of natural sciences,Polygon,35.7821583,-78.63950256241006,tourism,museum,,,city=Raleigh; country=US; housenumber=11; postcode=27601; state=NC; street=West Jones Street,Q2483656,en:North Carolina Museum of Natural Sciences,https://naturalsciences.org/,"{""addr:city"": ""Raleigh"", ""addr:country"": ""US"", ""addr:housenumber"": ""11"", ""addr:postcode"": ""27601"", ""addr:state"": ""NC"", ""addr:street"": ""West Jones Street"", ""alt_name"": ""North Carolina Museum of Natural Sciences: Nature Exploration Center"", ""building"": ""yes"", ""fee"": ""no"", ""firearms"": ""no"", ""name"": ""North Carolina Museum of Natural Sciences"", ""opening_hours"": ""Tu-Su 10:00-17:00"", ""phone"": ""+1 919-707-9800"", ""tourism"": ""museum"", ""website"": ""https://naturalsciences.org/"", ""wikidata"": ""Q2483656"", ""wikipedia"": ""en:North Carolina Museum of Natural Sciences""}",2026-10-10T14:14:29Z,OpenStreetMap Overpass API,False,"POLYGON ((-78.639852 35.782423, -78.639375 35.782405, -78.639329 35.782426, -78.639284 35.782435, -78.639235 35.78243, -78.639184 35.782403, -78.639151 35.782354, -78.63916 35.782313, -78.639187 35.782282, -78.639156 35.782276, -78.639158 35.782242, -78.639136 35.782197, -78.639139 35.78212, -78.639165 35.782064, -78.639174 35.782046, -78.639172 35.782004, -78.639173 35.781961, -78.639172 35.781937, -78.639317 35.781939, -78.63988 35.781951, -78.63986 35.782299, -78.639858 35.782331, -78.639852 35.782423))"
RAL-01_osm_way_197842697,RAL-01,Raleigh,way,197842697,,,Polygon,35.78222485,-78.64094605708452,tourism,museum,,,city=Raleigh; housenumber=11; postcode=27601; state=NC; street=West Jones Street,,,https://naturalsciences.org/,"{""addr:city"": ""Raleigh"", ""addr:housenumber"": ""11"", ""addr:postcode"": ""27601"", ""addr:state"": ""NC"", ""addr:street"": ""West Jones Street"", ""fee"": ""yes"", ""tourism"": ""museum"", ""website"": ""https://naturalsciences.org/""}",2026-10-10T14:14:29Z,OpenStreetMap Overpass API,False,"POLYGON ((-78.639122 35.782463, -78.639124 35.781939, -78.639894 35.781951, -78.639879 35.78227, -78.639877 35.782299, -78.640068 35.7823, -78.640364 35.782305, -78.640373 35.782133, -78.640928 35.78216, -78.640958 35.782164, -78.641526 35.782179, -78.64151 35.782494, -78.641507 35.782532, -78.641505 35.782548, -78.641482 35.782549, -78.640081 35.782499, -78.640068 35.782497, -78.640066 35.782476, -78.640074 35.782348, -78.639877 35.782342, -78.639875 35.782476, -78.63987 35.782489, -78.639855 35.782493, -78.639122 35.782463))"
RAL-01_osm_way_197844439,RAL-01,Raleigh,way,197844439,United States Post Office: Capitol,united states post office capitol,Polygon,35.780541,-78.63415977749167,amenity,post_office,,United States Postal Service,,,,,"{""amenity"": ""post_office"", ""name"": ""United States Post Office: Capitol"", ""operator"": ""United States Postal Service"", ""operator:short"": ""USPS"", ""operator:type"": ""public"", ""operator:website"": ""https://www.usps.com"", ""operator:wikidata"": ""Q668687"", ""operator:wikipedia"": ""en:United States Postal Service""}",2026-10-10T14:14:29Z,OpenStreetMap Overpass API,False,"POLYGON ((-78.634252 35.780978, -78.634257 35.780817, -78.634735 35.78083, -78.634762 35.78033, -78.633614 35.780288, -78.633579 35.780287, -78.63356 35.780752, -78.633555 35.780925, -78.634252 35.780978))"
RAL-01_osm_way_197853600,RAL-01,Raleigh,way,197853600,Moore Square Middle School,moore square middle school,Polygon,35.776107350000004,-78.63423387119113,amenity,school,,,,,,,"{""amenity"": ""school"", ""name"": ""Moore Square Middle School""}",2026-10-10T14:14:29Z,OpenStreetMap Overpass API,False,"POLYGON ((-78.6335 35.776661, -78.633475 35.776624, -78.633477 35.776485, -78.633549 35.77573, -78.633552 35.775655, -78.633564 35.775607, -78.633594 35.775565, -78.633655 35.775529, -78.633736 35.775509, -78.634983 35.775548, -78.634924 35.776714, -78.6335 35.776661))"
RAL-01_osm_way_199739106,RAL-01,Raleigh,way,199739106,The Longleaf Hotel,the longleaf hotel,Polygon,35.784236750000005,-78.6425285316906,tourism,hotel,,,,,,https://www.thelongleafhotel.com/,"{""bar"": ""yes"", ""name"": ""The Longleaf Hotel"", ""tourism"": ""hotel"", ""website"": ""https://www.thelongleafhotel.com/""}",2026-10-10T14:14:29Z,OpenStreetMap Overpass API,False,"POLYGON ((-78.641979 35.784042, -78.641963 35.784425, -78.642945 35.784449, -78.643028 35.784351, -78.643071 35.784279, -78.643101 35.784194, -78.643111 35.78409, -78.641979 35.784042))"
RAL-01_osm_way_199752515,RAL-01,Raleigh,way,199752515,Merrimon-Wynne House,merrimon wynne house,Polygon,35.78627185,-78.63575557584696,amenity,events_venue,,,city=Raleigh; country=US; housename=Merrimon-Wynne House; housenumber=500; postcode=27604; state=NC; street=North Blount Street,Q21016052,,https://www.merrimonwynne.com/,"{""addr:city"": ""Raleigh"", ""addr:country"": ""US"", ""addr:housename"": ""Merrimon-Wynne House"", ""addr:housenumber"": ""500"", ""addr:postcode"": ""27604"", ""addr:state"": ""NC"", ""addr:street"": ""North Blount Street"", ""amenity"": ""events_venue"", ""building"": ""yes"", ""name"": ""Merrimon-Wynne House"", ""phone"": ""+1-919-906-1026"", ""website"": ""https://www.merrimonwynne.com/"", ""wikidata"": ""Q21016052""}",2026-10-10T14:14:29Z,OpenStreetMap Overpass API,False,"POLYGON ((-78.635894 35.786378, -78.635729 35.786371, -78.635729 35.786357, -78.635689 35.786356, -78.635689 35.786348, -78.635629 35.786347, -78.635632 35.78624, -78.63569 35.786242, -78.63569 35.786224, -78.635778 35.786226, -78.635778 35.786215, -78.635787 35.786215, -78.635788 35.78621, -78.635834 35.786211, -78.635834 35.78622, -78.635883 35.786222, -78.635878 35.786302, -78.635899 35.786303, -78.635894 35.786378))"
RAL-01_osm_way_204963049,RAL-01,Raleigh,way,204963049,Masonic Temple Building,masonic temple building,Polygon,35.77843775,-78.63889736862716,historic,building,,,city=Raleigh; housenumber=133; postcode=27601; state=NC; street=Fayetteville Street,,"en:Masonic Temple Building (Fayetteville Street, Raleigh, North Carolina)",,"{""addr:city"": ""Raleigh"", ""addr:housenumber"": ""133"", ""addr:postcode"": ""27601"", ""addr:state"": ""NC"", ""addr:street"": ""Fayetteville Street"", ""building"": ""commercial"", ""building:levels"": ""7"", ""description"": ""The Masonic Temple Building was the state's first reinforced concrete skyscraper built in 1907."", ""historic"": ""building"", ""image"": ""https://commons.wikimedia.org/wiki/File:Masonic_Temple_Building_Modern.JPG"", ""name"": ""Masonic Temple Building"", ""start_date"": ""1907"", ""wikipedia"": ""en:Masonic Temple Building (Fayetteville Street, Raleigh, North Carolina)""}",2026-10-10T14:14:29Z,OpenStreetMap Overpass API,False,"POLYGON ((-78.639042 35.778512, -78.639049 35.778344, -78.638754 35.778336, -78.638752 35.778372, -78.638746 35.778504, -78.639042 35.778512))"
RAL-01_osm_way_209632643,RAL-01,Raleigh,way,209632643,First Citizens Bank,first citizens bank,Polygon,35.7771121,-78.63889065000001,amenity,bank,First Citizens Bank,,city=Raleigh; country=US; housenumber=239; postcode=27601; state=NC; street=Fayetteville Street,,,https://www.firstcitizens.com/,"{""addr:city"": ""Raleigh"", ""addr:country"": ""US"", ""addr:housenumber"": ""239"", ""addr:postcode"": ""27601"", ""addr:state"": ""NC"", ""addr:street"": ""Fayetteville Street"", ""amenity"": ""bank"", ""atm"": ""yes"", ""brand"": ""First Citizens Bank"", ""brand:wikidata"": ""Q117419474"", ""building"": ""yes"", ""building:levels"": ""4"", ""name"": ""First Citizens Bank"", ""opening_hours"": ""Mo-Fr 09:00-17:00"", ""phone"": ""+1-919-716-7050"", ""website"": ""https://www.firstcitizens.com/""}",2026-10-10T14:14:29Z,OpenStreetMap Overpass API,False,"POLYGON ((-78.638686 35.77719, -78.638697 35.777017, -78.639095 35.777034, -78.639084 35.777207, -78.638686 35.77719))"
RAL-01_osm_way_209632645,RAL-01,Raleigh,way,209632645,American Underground @ Raleigh,american underground raleigh,Polygon,35.777764000000005,-78.63888539999999,office,startup_incubator,,,city=Raleigh; country=US; housenumber=213; postcode=27601; state=NC; street=Fayetteville Street,,,https://americanunderground.com/,"{""addr:city"": ""Raleigh"", ""addr:country"": ""US"", ""addr:housenumber"": ""213"", ""addr:postcode"": ""27601"", ""addr:state"": ""NC"", ""addr:street"": ""Fayetteville Street"", ""building"": ""yes"", ""building:levels"": ""3"", ""name"": ""American Underground @ Raleigh"", ""office"": ""startup_incubator"", ""website"": ""https://americanunderground.com/""}",2026-10-10T14:14:29Z,OpenStreetMap Overpass API,False,"POLYGON ((-78.638702 35.777724, -78.639072 35.777736, -78.639069 35.777804, -78.638699 35.777792, -78.638702 35.777724))"
RAL-01_osm_way_209632650,RAL-01,Raleigh,way,209632650,One Exchange Plaza,one exchange plaza,Polygon,35.77766015,-78.63872073034457,office,government,,,,,,,"{""building"": ""yes"", ""building:levels"": ""11"", ""name"": ""One Exchange Plaza"", ""office"": ""government"", ""source"": ""City of Raleigh GIS""}",2026-10-10T14:14:29Z,OpenStreetMap Overpass API,False,"POLYGON ((-78.639072 35.777736, -78.638702 35.777724, -78.638362 35.777713, -78.638369 35.777581, -78.638396 35.777563, -78.639057 35.777585, -78.63908 35.777607, -78.639072 35.777736))"
RAL-01_osm_way_209632660,RAL-01,Raleigh,way,209632660,Morning Times,morning times,Polygon,35.778088249999996,-78.63876417382173,amenity,cafe,,,city=Raleigh; country=US; housenumber=10; postcode=27601; state=NC; street=East Hargett Street,,,https://www.morningtimes-raleigh.com/,"{""addr:city"": ""Raleigh"", ""addr:country"": ""US"", ""addr:housenumber"": ""10"", ""addr:postcode"": ""27601"", ""addr:state"": ""NC"", ""addr:street"": ""East Hargett Street"", ""amenity"": ""cafe"", ""building"": ""yes"", ""building:levels"": ""2"", ""name"": ""Morning Times"", ""opening_hours"": ""Mo-Su 07:00-18:00"", ""phone"": ""+1-919-836-1204"", ""website"": ""https://www.morningtimes-raleigh.com/""}",2026-10-10T14:14:29Z,OpenStreetMap Overpass API,False,"POLYGON ((-78.638699 35.778158, -78.638704 35.77806, -78.638827 35.778064, -78.638825 35.778112, -78.638822 35.778162, -78.638699 35.778158))"
RAL-01_osm_way_209632661,RAL-01,Raleigh,way,209632661,Munjo Munjo,munjo munjo,Polygon,35.778095500000006,-78.63838562105329,shop,gift,,,city=Raleigh; country=US; housenumber=20; postcode=27601; state=NC; street=East Hargett Street,,,https://www.munjomunjo.com/,"{""addr:city"": ""Raleigh"", ""addr:country"": ""US"", ""addr:housenumber"": ""20"", ""addr:postcode"": ""27601"", ""addr:state"": ""NC"", ""addr:street"": ""East Hargett Street"", ""building"": ""yes"", ""building:levels"": ""2"", ""name"": ""Munjo Munjo"", ""phone"": ""+1-919-410-8673"", ""shop"": ""gift"", ""website"": ""https://www.munjomunjo.com/""}",2026-10-10T14:14:29Z,OpenStreetMap Overpass API,False,"POLYGON ((-78.638431 35.778062, -78.638426 35.778148, -78.638361 35.778145, -78.63834 35.778129, -78.638344 35.778059, -78.638431 35.778062))"
RAL-01_osm_way_209632662,RAL-01,Raleigh,way,209632662,The Raleigh Times Bar,the raleigh times bar,Polygon,35.77804115,-78.63862260815313,amenity,bar,,,city=Raleigh; country=US; housenumber=14; postcode=27601; state=NC; street=East Hargett Street,,,https://www.raleightimesbar.com/,"{""addr:city"": ""Raleigh"", ""addr:country"": ""US"", ""addr:housenumber"": ""14"", ""addr:postcode"": ""27601"", ""addr:state"": ""NC"", ""addr:street"": ""East Hargett Street"", ""amenity"": ""bar"", ""building"": ""yes"", ""building:levels"": ""2"", ""name"": ""The Raleigh Times Bar"", ""opening_hours"": ""Su-Th 11:00-22:00; Fr,Sa 11:00-24:00"", ""website"": ""https://www.raleightimesbar.com/""}",2026-10-10T14:14:29Z,OpenStreetMap Overpass API,False,"POLYGON ((-78.638574 35.778153, -78.638581 35.778024, -78.638585 35.777936, -78.638671 35.777939, -78.638665 35.778059, -78.638704 35.77806, -78.638699 35.778158, -78.638574 35.778153))"
RAL-01_osm_way_288587395,RAL-01,Raleigh,way,288587395,Fire Wok,fire wok,Polygon,35.77419595,-78.6396762455884,amenity,fast_food,,,city=Raleigh; country=US; housenumber=442; postcode=27601; state=NC; street=Fayetteville Street,,,https://www.firewoknc.com/,"{""addr:city"": ""Raleigh"", ""addr:country"": ""US"", ""addr:housenumber"": ""442"", ""addr:postcode"": ""27601"", ""addr:state"": ""NC"", ""addr:street"": ""Fayetteville Street"", ""amenity"": ""fast_food"", ""building"": ""retail"", ""check_date"": ""2026-07-24"", ""check_date:opening_hours"": ""2026-07-24"", ""cuisine"": ""asian"", ""layer"": ""1"", ""name"": ""Fire Wok"", ""opening_hours"": ""Mo-Fr 11:00-18:00; Sa 11:00-15:00"", ""phone"": ""+1 919-821-8089"", ""website"": ""https://www.firewoknc.com/""}",2026-10-10T14:14:29Z,OpenStreetMap Overpass API,False,"POLYGON ((-78.639736 35.774157, -78.639734 35.774237, -78.639617 35.774235, -78.639619 35.774154, -78.639736 35.774157))"
RAL-01_osm_way_297829071,RAL-01,Raleigh,way,297829071,Central Downtown Plaza,central downtown plaza,Polygon,35.774364250000005,-78.63942374987757,leisure,park,,,,,,,"{""leisure"": ""park"", ""name"": ""Central Downtown Plaza""}",2026-10-10T14:14:29Z,OpenStreetMap Overpass API,False,"POLYGON ((-78.639042 35.77413, -78.639303 35.77414, -78.639428 35.774144, -78.639571 35.774149, -78.639801 35.774157, -78.639801 35.77418, -78.639818 35.774182, -78.639828 35.774182, -78.639809 35.774547, -78.639804 35.774655, -78.639804 35.774672, -78.639539 35.774662, -78.639397 35.774656, -78.639277 35.774651, -78.639014 35.774641, -78.639042 35.77413))"
RAL-01_osm_way_310012128,RAL-01,Raleigh,way,310012128,Wake County Justice Center,wake county justice center,Polygon,35.7764947,-78.64122664876264,amenity,courthouse,,,,,,,"{""amenity"": ""courthouse"", ""building"": ""yes"", ""height"": ""78.3"", ""name"": ""Wake County Justice Center""}",2026-10-10T14:14:29Z,OpenStreetMap Overpass API,False,"POLYGON ((-78.64182 35.77629, -78.641791 35.776851, -78.641772 35.776851, -78.64177 35.776878, -78.641567 35.776873, -78.641566 35.776898, -78.641192 35.77689, -78.641193 35.776868, -78.641102 35.776866, -78.641102 35.776878, -78.640814 35.776871, -78.640815 35.77685, -78.640762 35.776849, -78.640761 35.776865, -78.640466 35.776857, -78.640477 35.776602, -78.640639 35.776606, -78.640648 35.776387, -78.640657 35.776387, -78.64066 35.776318, -78.640486 35.776313, -78.640489 35.776246, -78.640496 35.776246, -78.641279 35.776272, -78.641458 35.776278, -78.64182 35.77629))"
RAL-01_osm_way_310168480,RAL-01,Raleigh,way,310168480,Quorum Center,quorum center,Polygon,35.7823513,-78.64448496298546,tourism,apartment,,,city=Raleigh; housenumber=323; postcode=27603; state=NC; street=West Jones Street,,,,"{""addr:city"": ""Raleigh"", ""addr:housenumber"": ""323"", ""addr:postcode"": ""27603"", ""addr:state"": ""NC"", ""addr:street"": ""West Jones Street"", ""building"": ""yes"", ""layer"": ""1"", ""name"": ""Quorum Center"", ""tourism"": ""apartment""}",2026-10-10T14:14:29Z,OpenStreetMap Overpass API,False,"POLYGON ((-78.644795 35.782078, -78.644793 35.782122, -78.64481 35.782122, -78.644807 35.782184, -78.644788 35.782492, -78.644781 35.782636, -78.644723 35.782644, -78.644673 35.782651, -78.644375 35.782602, -78.644375 35.782622, -78.64415 35.782619, -78.644152 35.782571, -78.644161 35.782571, -78.644158 35.78251, -78.644162 35.782436, -78.64417 35.782375, -78.644177 35.782324, -78.644391 35.782328, -78.644398 35.782108, -78.644446 35.782109, -78.644448 35.782069, -78.644795 35.782078))"
RAL-01_osm_way_310324640,RAL-01,Raleigh,way,310324640,AIA North Carolina,aia north carolina,Polygon,35.7878393,-78.6381291872456,office,ngo,,,city=Raleigh; country=US; housenumber=14; postcode=27604; state=NC; street=East Peace Street,,,,"{""addr:city"": ""Raleigh"", ""addr:country"": ""US"", ""addr:housenumber"": ""14"", ""addr:postcode"": ""27604"", ""addr:state"": ""NC"", ""addr:street"": ""East Peace Street"", ""building"": ""yes"", ""building:levels"": ""3"", ""name"": ""AIA North Carolina"", ""office"": ""ngo""}",2026-10-10T14:14:29Z,OpenStreetMap Overpass API,False,"POLYGON ((-78.638369 35.787784, -78.638365 35.787811, -78.638353 35.787906, -78.637893 35.787868, -78.637909 35.787745, -78.638369 35.787784))"
RAL-01_osm_way_310324647,RAL-01,Raleigh,way,310324647,Jimmy John's,jimmy john s,Polygon,35.7745526,-78.63915345000001,amenity,fast_food,Jimmy John's,,city=Raleigh; country=US; housenumber=437; postcode=27601; state=NC; street=Fayetteville Street,,,https://locations.jimmyjohns.com/nc/raleigh/sandwiches-1025.html,"{""addr:city"": ""Raleigh"", ""addr:country"": ""US"", ""addr:housenumber"": ""437"", ""addr:postcode"": ""27601"", ""addr:state"": ""NC"", ""addr:street"": ""Fayetteville Street"", ""amenity"": ""fast_food"", ""brand"": ""Jimmy John's"", ""brand:wikidata"": ""Q1689380"", ""building"": ""yes"", ""check_date"": ""2026-07-24"", ""check_date:opening_hours"": ""2026-07-24"", ""cuisine"": ""sandwich"", ""layer"": ""1"", ""name"": ""Jimmy John's"", ""official_name"": ""Jimmy John's Gourmet Sandwiches"", ""opening_hours"": ""Mo-Su 10:00-19:00"", ""phone"": ""+1 919-754-0101"", ""takeaway"": ""yes"", ""website"": ""https://locations.jimmyjohns.com/nc/raleigh/sandwiches-1025.html""}",2026-10-10T14:14:29Z,OpenStreetMap Overpass API,False,"POLYGON ((-78.639214 35.774515, -78.63921 35.774594, -78.639093 35.77459, -78.639096 35.774512, -78.639214 35.774515))"
RAL-01_osm_way_310324648,RAL-01,Raleigh,way,310324648,Pita Bowl,pita bowl,Polygon,35.77448715,-78.639662,amenity,fast_food,,,city=Raleigh; country=US; housenumber=438; postcode=27601; state=NC; street=Fayetteville Street,,,,"{""addr:city"": ""Raleigh"", ""addr:country"": ""US"", ""addr:housenumber"": ""438"", ""addr:postcode"": ""27601"", ""addr:state"": ""NC"", ""addr:street"": ""Fayetteville Street"", ""amenity"": ""fast_food"", ""building"": ""retail"", ""layer"": ""1"", ""name"": ""Pita Bowl"", ""opening_hours"": ""Mo-Sa 11:00-20:00""}",2026-10-10T14:14:29Z,OpenStreetMap Overpass API,False,"POLYGON ((-78.639723 35.774449, -78.63972 35.774528, -78.639601 35.774525, -78.639604 35.774446, -78.639723 35.774449))"
RAL-01_osm_way_310454536,RAL-01,Raleigh,way,310454536,PNC Plaza,pnc plaza,Polygon,35.776541800000004,-78.63878725533924,leisure,park,,,,,,,"{""building:part"": ""yes"", ""height"": ""87 m"", ""leisure"": ""park"", ""name"": ""PNC Plaza""}",2026-10-10T14:14:29Z,OpenStreetMap Overpass API,False,"POLYGON ((-78.639144 35.776512, -78.639139 35.776628, -78.638999 35.776625, -78.639 35.77661, -78.638929 35.776598, -78.63884 35.776588, -78.638743 35.77658, -78.638659 35.776575, -78.638592 35.776572, -78.638555 35.776572, -78.638554 35.776611, -78.638429 35.776609, -78.638434 35.776492, -78.638481 35.776493, -78.638481 35.776485, -78.6391 35.776503, -78.639099 35.776511, -78.639144 35.776512))"
RAL-01_osm_way_318468748,RAL-01,Raleigh,way,318468748,Mechanics and Farmers Bank,mechanics and farmers bank,Polygon,35.77843525,-78.63862641625008,amenity,bank,,,city=Raleigh; country=US; housenumber=13; postcode=27601; state=NC; street=East Hargett Street,,,,"{""addr:city"": ""Raleigh"", ""addr:country"": ""US"", ""addr:housenumber"": ""13"", ""addr:postcode"": ""27601"", ""addr:state"": ""NC"", ""addr:street"": ""East Hargett Street"", ""amenity"": ""bank"", ""atm"": ""yes"", ""building"": ""yes"", ""building:levels"": ""3"", ""name"": ""Mechanics and Farmers Bank""}",2026-10-10T14:14:29Z,OpenStreetMap Overpass API,False,"POLYGON ((-78.638752 35.778372, -78.638746 35.778504, -78.638589 35.778499, -78.638588 35.778512, -78.6385 35.778509, -78.638508 35.778338, -78.638597 35.778341, -78.638654 35.778342, -78.638653 35.778369, -78.638752 35.778372))"
RAL-01_osm_way_323712276,RAL-01,Raleigh,way,323712276,Capital Club 16,capital club 16,Polygon,35.7771111,-78.64002672396344,amenity,restaurant,,,city=Raleigh; country=US; housenumber=16; state=NC; street=West Martin Street,,en:Capital Club Building,https://www.capitalclub16.com/,"{""addr:city"": ""Raleigh"", ""addr:country"": ""US"", ""addr:housenumber"": ""16"", ""addr:state"": ""NC"", ""addr:street"": ""West Martin Street"", ""amenity"": ""restaurant"", ""building"": ""yes"", ""building:use"": ""commercial"", ""description"": ""The Capital Club Building was built in 1929. It was designed by architect Frank B. Simpson in Art Deco architecture."", ""historic"": ""building"", ""image"": ""http://en.wikipedia.org/wiki/File:Capital_Club_Building,_Raleigh.jpg"", ""name"": ""Capital Club 16"", ""opening_hours"": ""Mo-Fr 11:30-14:30; Tu,We 17:00-22:00; Th,Fr 17:00-23:00; Sa 18:00-23:00; Su 11:00-16:00"", ""outdoor_seating"": ""yes"", ""phone"": ""+1-919-747-9345"", ""source"": ""WakeGIS"", ""source:geometry"": ""Bing"", ""start_date"": ""1929"", ""website"": ""https://www.capitalclub16.com/"", ""wikipedia"": ""en:Capital Club Building""}",2026-10-10T14:14:29Z,OpenStreetMap Overpass API,False,"POLYGON ((-78.640138 35.777241, -78.64 35.777238, -78.639905 35.777235, -78.639912 35.777052, -78.640146 35.777058, -78.640141 35.777164, -78.640138 35.777241))"
RAL-01_osm_way_323712277,RAL-01,Raleigh,way,323712277,Kings,kings,Polygon,35.77714075,-78.6398146733236,amenity,nightclub,,,city=Raleigh; country=US; housenumber=14; state=NC; street=West Martin Street,,,https://www.kingsraleigh.com/,"{""addr:city"": ""Raleigh"", ""addr:country"": ""US"", ""addr:housenumber"": ""14"", ""addr:state"": ""NC"", ""addr:street"": ""West Martin Street"", ""amenity"": ""nightclub"", ""building"": ""yes"", ""building:levels"": ""2"", ""building:use"": ""commercial"", ""name"": ""Kings"", ""phone"": ""+1 919-833-1091"", ""source"": ""WakeGIS"", ""source:geometry"": ""Bing"", ""website"": ""https://www.kingsraleigh.com/""}",2026-10-10T14:14:29Z,OpenStreetMap Overpass API,False,"POLYGON ((-78.639905 35.777235, -78.639807 35.777232, -78.639717 35.77723, -78.639724 35.777046, -78.639912 35.777052, -78.639905 35.777235))"
RAL-01_osm_way_323712278,RAL-01,Raleigh,way,323712278,Raleigh Banking and Trust Company Building,raleigh banking and trust company building,Polygon,35.778078699999995,-78.63957636397109,historic,building,,,city=Raleigh; country=US; housenumber=5; state=NC; street=West Hargett Street,Q20639525,en:Raleigh Banking and Trust Company Building,,"{""addr:city"": ""Raleigh"", ""addr:country"": ""US"", ""addr:housenumber"": ""5"", ""addr:state"": ""NC"", ""addr:street"": ""West Hargett Street"", ""building"": ""yes"", ""building:levels"": ""11"", ""heritage"": ""yes"", ""historic"": ""building"", ""image"": ""https://commons.wikimedia.org/wiki/File:Raleigh_Banking_and_Trust_Company_Building.jpg"", ""name"": ""Raleigh Banking and Trust Company Building"", ""source:geometry"": ""Bing"", ""wikidata"": ""Q20639525"", ""wikipedia"": ""en:Raleigh Banking and Trust Company Building""}",2026-10-10T14:14:29Z,OpenStreetMap Overpass API,False,"POLYGON ((-78.639392 35.77801, -78.639568 35.778015, -78.639568 35.778049, -78.639653 35.778052, -78.639654 35.778039, -78.639764 35.778043, -78.639762 35.778106, -78.639759 35.7782, -78.639385 35.77819, -78.639392 35.77801))"
RAL-01_osm_way_323712280,RAL-01,Raleigh,way,323712280,Kimbrell's Furniture,kimbrell s furniture,Polygon,35.7778602,-78.63975565082981,shop,furniture,,,city=Raleigh; country=US; housenumber=210; state=NC; street=Fayetteville Street,,,http://kimbrells.com/locations.php,"{""addr:city"": ""Raleigh"", ""addr:country"": ""US"", ""addr:housenumber"": ""210"", ""addr:state"": ""NC"", ""addr:street"": ""Fayetteville Street"", ""building"": ""yes"", ""building:levels"": ""2"", ""building:use"": ""commercial"", ""name"": ""Kimbrell's Furniture"", ""opening_hours"": ""Mo-Sa 10:00-20:00"", ""phone"": ""+1-919-833-2792"", ""shop"": ""furniture"", ""source"": ""WakeGIS"", ""source:geometry"": ""Bing"", ""website"": ""http://kimbrells.com/locations.php""}",2026-10-10T14:14:29Z,OpenStreetMap Overpass API,False,"POLYGON ((-78.640115 35.777806, -78.64011 35.777932, -78.639396 35.777914, -78.639401 35.777788, -78.640115 35.777806))"
RAL-01_osm_way_323712282,RAL-01,Raleigh,way,323712282,City of Raleigh Museum (COR Museum),city of raleigh museum cor museum,Polygon,35.77766295,-78.63974665,tourism,museum,,,city=Raleigh; country=US; housenumber=220; state=NC; street=Fayetteville Street,,en:City of Raleigh Museum,https://www.raleighnc.gov/parks/content/PRecRecreation/Articles/HRMCityMuseum.html,"{""addr:city"": ""Raleigh"", ""addr:country"": ""US"", ""addr:housenumber"": ""220"", ""addr:state"": ""NC"", ""addr:street"": ""Fayetteville Street"", ""building"": ""yes"", ""building:use"": ""commercial"", ""heritage"": ""yes"", ""historic"": ""building"", ""image"": ""https://commons.wikimedia.org/wiki/File:Briggs-Hardware-Building-20080321.jpeg"", ""name"": ""City of Raleigh Museum (COR Museum)"", ""opening_hours"": ""Tu-Sa 09:00-16:00; Su 13:00-16:00"", ""phone"": ""+1-919-996-2220"", ""source"": ""WakeGIS"", ""source:geometry"": ""Bing"", ""start_date"": ""1874"", ""tourism"": ""museum"", ""website"": ""https://www.raleighnc.gov/parks/content/PRecRecreation/Articles/HRMCityMuseum.html"", ""wikipedia"": ""en:City of Raleigh Museum""}",2026-10-10T14:14:29Z,OpenStreetMap Overpass API,False,"POLYGON ((-78.640085 35.777715, -78.639742 35.777706, -78.639405 35.777697, -78.639408 35.777611, -78.639746 35.77762, -78.640089 35.777628, -78.640085 35.777715))"
RAL-01_osm_way_323712283,RAL-01,Raleigh,way,323712283,The Big Easy,the big easy,Polygon,35.77758805,-78.63976655069493,amenity,restaurant,,,city=Raleigh; country=US; housenumber=222; state=NC; street=Fayetteville Street,,,https://www.bigeasync.com/,"{""addr:city"": ""Raleigh"", ""addr:country"": ""US"", ""addr:housenumber"": ""222"", ""addr:state"": ""NC"", ""addr:street"": ""Fayetteville Street"", ""amenity"": ""restaurant"", ""building"": ""yes"", ""building:levels"": ""2"", ""building:use"": ""commercial"", ""check_date"": ""2023-08-09"", ""cuisine"": ""regional"", ""name"": ""The Big Easy"", ""opening_hours"": ""Mo-Su 11:00-02:00"", ""outdoor_seating"": ""yes"", ""phone"": ""+1 919-832-6082"", ""source"": ""WakeGIS"", ""source:geometry"": ""Bing"", ""website"": ""https://www.bigeasync.com/""}",2026-10-10T14:14:29Z,OpenStreetMap Overpass API,False,"POLYGON ((-78.640122 35.777629, -78.640089 35.777628, -78.639746 35.77762, -78.639408 35.777611, -78.639411 35.777547, -78.640125 35.777565, -78.640122 35.777629))"
RAL-01_osm_way_323712286,RAL-01,Raleigh,way,323712286,The Mahler,the mahler,Polygon,35.77736815,-78.63963786988637,shop,art,,,city=Raleigh; country=US; housenumber=228; state=NC; street=Fayetteville Street,,,https://www.themahlerfineart.com/,"{""addr:city"": ""Raleigh"", ""addr:country"": ""US"", ""addr:housenumber"": ""228"", ""addr:state"": ""NC"", ""addr:street"": ""Fayetteville Street"", ""building"": ""yes"", ""building:levels"": ""3"", ""building:use"": ""commercial"", ""name"": ""The Mahler"", ""opening_hours"": ""Mo-Fr 11:00-17:00; Sa 12:00-16:00"", ""phone"": ""+1-919-896-7503"", ""shop"": ""art"", ""source"": ""WakeGIS"", ""source:geometry"": ""Bing"", ""website"": ""https://www.themahlerfineart.com/""}",2026-10-10T14:14:29Z,OpenStreetMap Overpass API,False,"POLYGON ((-78.639417 35.777391, -78.63942 35.777334, -78.639858 35.777345, -78.639856 35.777403, -78.639417 35.777391))"
RAL-01_osm_way_323712287,RAL-01,Raleigh,way,323712287,North State Bank,north state bank,Polygon,35.77728075,-78.6395287243177,amenity,bank,,,city=Raleigh; country=US; housenumber=230; state=NC; street=Fayetteville Street,,,https://www.northstatebank.com,"{""addr:city"": ""Raleigh"", ""addr:country"": ""US"", ""addr:housenumber"": ""230"", ""addr:state"": ""NC"", ""addr:street"": ""Fayetteville Street"", ""amenity"": ""bank"", ""atm"": ""yes"", ""building"": ""yes"", ""building:levels"": ""4"", ""building:use"": ""commercial"", ""name"": ""North State Bank"", ""opening_hours"": ""Mo-Fr 09:00-17:00"", ""phone"": ""+1-919-723-2300"", ""source"": ""WakeGIS"", ""source:geometry"": ""Bing"", ""website"": ""https://www.northstatebank.com""}",2026-10-10T14:14:29Z,OpenStreetMap Overpass API,False,"POLYGON ((-78.639633 35.777339, -78.63942 35.777334, -78.639424 35.777222, -78.639638 35.777228, -78.639633 35.777339))"
RAL-01_osm_way_323749768,RAL-01,Raleigh,way,323749768,Law Office of Dewey P. Brinkley,law office of dewey p brinkley,Polygon,35.777285750000004,-78.63972020098973,office,lawyer,,,city=Raleigh; country=US; housenumber=16; postcode=27601; state=NC; street=West Martin Street,,,https://www.deweybrinkleylaw.com/,"{""addr:city"": ""Raleigh"", ""addr:country"": ""US"", ""addr:housenumber"": ""16"", ""addr:postcode"": ""27601"", ""addr:state"": ""NC"", ""addr:street"": ""West Martin Street"", ""building"": ""yes"", ""email"": ""dewey@deweybrinkleylaw.com"", ""name"": ""Law Office of Dewey P. Brinkley"", ""office"": ""lawyer"", ""phone"": ""+1 919 832 0307"", ""source:geometry"": ""Bing"", ""website"": ""https://www.deweybrinkleylaw.com/""}",2026-10-10T14:14:29Z,OpenStreetMap Overpass API,False,"POLYGON ((-78.639633 35.777339, -78.639638 35.777228, -78.639717 35.77723, -78.639807 35.777232, -78.639803 35.777344, -78.639633 35.777339))"
RAL-01_osm_way_323749771,RAL-01,Raleigh,way,323749771,CrossFit Invoke,crossfit invoke,Polygon,35.7772925,-78.63997039691596,leisure,sports_centre,,,country=US; housenumber=235; postcode=27604; state=NC; street=South Salisbury Street,,,,"{""addr:country"": ""US"", ""addr:housenumber"": ""235"", ""addr:postcode"": ""27604"", ""addr:state"": ""NC"", ""addr:street"": ""South Salisbury Street"", ""building"": ""yes"", ""building:levels"": ""2"", ""leisure"": ""sports_centre"", ""name"": ""CrossFit Invoke"", ""source:geometry"": ""Bing"", ""sport"": ""athletics""}",2026-10-10T14:14:29Z,OpenStreetMap Overpass API,False,"POLYGON ((-78.639803 35.777344, -78.639807 35.777232, -78.639905 35.777235, -78.64 35.777238, -78.640138 35.777241, -78.640134 35.777353, -78.639803 35.777344))"
RAL-01_osm_way_323758992,RAL-01,Raleigh,way,323758992,Sheraton Raleigh Hotel,sheraton raleigh hotel,Polygon,35.7748875,-78.63990248495608,tourism,hotel,Sheraton,,city=Raleigh; country=US; housenumber=421; postcode=27602; state=NC; street=South Salisbury Street,,,https://www.marriott.com/hotels/travel/rdusi-sheraton-raleigh-hotel/,"{""addr:city"": ""Raleigh"", ""addr:country"": ""US"", ""addr:housenumber"": ""421"", ""addr:postcode"": ""27602"", ""addr:state"": ""NC"", ""addr:street"": ""South Salisbury Street"", ""air_conditioning"": ""yes"", ""brand"": ""Sheraton"", ""brand:wikidata"": ""Q634831"", ""building"": ""yes"", ""internet_access"": ""wlan"", ""name"": ""Sheraton Raleigh Hotel"", ""phone"": ""+1-919-834-9900"", ""smoking"": ""outside"", ""source:geometry"": ""Bing"", ""tourism"": ""hotel"", ""website"": ""https://www.marriott.com/hotels/travel/rdusi-sheraton-raleigh-hotel/""}",2026-10-10T14:14:29Z,OpenStreetMap Overpass API,False,"POLYGON ((-78.64026 35.774768, -78.640244 35.77513, -78.63993 35.775121, -78.63954 35.77511, -78.639545 35.775007, -78.639556 35.774748, -78.639846 35.774756, -78.639981 35.77476, -78.64026 35.774768))"
RAL-01_osm_way_323758993,RAL-01,Raleigh,way,323758993,Sir Walter Raleigh Hotel,sir walter raleigh hotel,Polygon,35.77538905,-78.6398805,historic,building,,,,,en:Sir Walter Hotel,,"{""building"": ""yes"", ""building:use"": ""commercial"", ""description"": ""The Sir Walter Raleigh Hotel is the oldest surviving hotel building Constructed between 1923 and 1924 on Fayetteville Street and named after Sir Walter Raleigh,"", ""heritage"": ""yes"", ""historic"": ""building"", ""image"": ""https://commons.wikimedia.org/wiki/File:Sir-Walter-Raleigh-Hotel-20080321.jpeg"", ""name"": ""Sir Walter Raleigh Hotel"", ""source"": ""WakeGIS"", ""source:geometry"": ""Bing"", ""start_date"": ""1923"", ""wikipedia"": ""en:Sir Walter Hotel""}",2026-10-10T14:14:29Z,OpenStreetMap Overpass API,False,"POLYGON ((-78.640226 35.775547, -78.639522 35.775526, -78.639535 35.775231, -78.639925 35.775243, -78.640239 35.775252, -78.640226 35.775547))"
RAL-01_osm_way_323758994,RAL-01,Raleigh,way,323758994,State Court of Appeals,state court of appeals,Polygon,35.7794452,-78.63965905091737,amenity,courthouse,,,city=Raleigh; country=US; housenumber=1; state=NC; street=West Morgan Street,,,https://www.nccourts.gov/courts/court-of-appeals,"{""addr:city"": ""Raleigh"", ""addr:country"": ""US"", ""addr:housenumber"": ""1"", ""addr:state"": ""NC"", ""addr:street"": ""West Morgan Street"", ""amenity"": ""courthouse"", ""building"": ""yes"", ""building:use"": ""commercial"", ""name"": ""State Court of Appeals"", ""source"": ""WakeGIS"", ""source:geometry"": ""Bing"", ""website"": ""https://www.nccourts.gov/courts/court-of-appeals""}",2026-10-10T14:14:29Z,OpenStreetMap Overpass API,False,"POLYGON ((-78.639485 35.779338, -78.63972 35.779344, -78.639718 35.779371, -78.639984 35.779378, -78.639978 35.77953, -78.639334 35.779512, -78.63934 35.779361, -78.639484 35.779365, -78.639485 35.779338))"
RAL-01_osm_way_33106140,RAL-01,Raleigh,way,33106140,Nash Square,nash square,Point,35.7777226,-78.6426728,leisure,park,,,,,,,"{""access"": ""yes"", ""leisure"": ""park"", ""name"": ""Nash Square"", ""ownership"": ""municipal"", ""source"": ""NCOnemap""}",2026-10-10T14:14:29Z,OpenStreetMap Overpass API,False,POINT (-78.642673 35.777723)
RAL-01_osm_way_33106144,RAL-01,Raleigh,way,33106144,Moore Square,moore square,Point,35.7774896,-78.6357917,leisure,park,,,,,,,"{""access"": ""yes"", ""leisure"": ""park"", ""name"": ""Moore Square"", ""ownership"": ""municipal"", ""source"": ""NCOnemap"", ""wheelchair"": ""yes""}",2026-10-10T14:14:29Z,OpenStreetMap Overpass API,False,POINT (-78.635792 35.77749)
RAL-01_osm_way_33106184,RAL-01,Raleigh,way,33106184,Raymond G. Lanier Park,raymond g lanier park,Point,35.7767753,-78.6500411,leisure,park,,"City or Raleigh Parks, Recreation and Cultural Resources",,,,,"{""leisure"": ""park"", ""name"": ""Raymond G. Lanier Park"", ""operator"": ""City or Raleigh Parks, Recreation and Cultural Resources"", ""ownership"": ""municipal"", ""source"": ""NCOnemap;City or Raleigh Parks Recreation and Cultural Resources""}",2026-10-10T14:14:29Z,OpenStreetMap Overpass API,False,POINT (-78.650041 35.776775)
RAL-01_osm_way_336073286,RAL-01,Raleigh,way,336073286,Poole's Diner,poole s diner,Point,35.7747277,-78.6423078,amenity,restaurant,,,city=Raleigh; housenumber=426; state=NC; street=South McDowell Street,,,http://ac-restaurants.com/pooles/,"{""addr:city"": ""Raleigh"", ""addr:housenumber"": ""426"", ""addr:state"": ""NC"", ""addr:street"": ""South McDowell Street"", ""amenity"": ""restaurant"", ""building"": ""commercial"", ""building:levels"": ""1"", ""cuisine"": ""diner"", ""name"": ""Poole's Diner"", ""website"": ""http://ac-restaurants.com/pooles/""}",2026-10-10T14:14:29Z,OpenStreetMap Overpass API,False,POINT (-78.642308 35.774728)
RAL-01_osm_way_368141450,RAL-01,Raleigh,way,368141450,Hampton Inn & Suites Raleigh Downtown,hampton inn and suites raleigh downtown,Point,35.7874946,-78.6466997,tourism,hotel,Hampton Inn & Suites,,city=Raleigh; housenumber=600; postcode=27603; state=NC; street=Glenwood Avenue,,,https://www.hilton.com/en/hotels/rdudwhx-hampton-suites-raleigh-downtown/,"{""addr:city"": ""Raleigh"", ""addr:housenumber"": ""600"", ""addr:postcode"": ""27603"", ""addr:state"": ""NC"", ""addr:street"": ""Glenwood Avenue"", ""branch"": ""Raleigh Downtown"", ""brand"": ""Hampton Inn & Suites"", ""brand:wikidata"": ""Q5646230"", ""building"": ""yes"", ""check_date"": ""2026-09-29"", ""name"": ""Hampton Inn & Suites Raleigh Downtown"", ""official_name"": ""Hampton Inn & Suites by Hilton"", ""phone"": ""+1 919-825-4770"", ""ref"": ""RDUDWHX"", ""tourism"": ""hotel"", ""website"": ""https://www.hilton.com/en/hotels/rdudwhx-hampton-suites-raleigh-downtown/""}",2026-10-10T14:14:29Z,OpenStreetMap Overpass API,False,POINT (-78.6467 35.787495)
RAL-01_osm_way_378543220,RAL-01,Raleigh,way,378543220,Marbles IMAX,marbles imax,Point,35.7791241,-78.6353689,amenity,cinema,,,city=Raleigh; housenumber=201; postcode=27601; state=NC; street=East Hargett Street,Q43096182,,,"{""addr:city"": ""Raleigh"", ""addr:housenumber"": ""201"", ""addr:postcode"": ""27601"", ""addr:state"": ""NC"", ""addr:street"": ""East Hargett Street"", ""amenity"": ""cinema"", ""building"": ""theatre"", ""building:part"": ""yes"", ""name"": ""Marbles IMAX"", ""wheelchair"": ""yes"", ""wikidata"": ""Q43096182""}",2026-10-10T14:14:29Z,OpenStreetMap Overpass API,False,POINT (-78.635369 35.779124)
RAL-01_osm_way_468197031,RAL-01,Raleigh,way,468197031,TreeTunes,treetunes,Point,35.7789086,-78.6363461,leisure,playground,,,,,,,"{""access"": ""customers"", ""leisure"": ""playground"", ""name"": ""TreeTunes""}",2026-10-10T14:14:29Z,OpenStreetMap Overpass API,False,POINT (-78.636346 35.778909)
RAL-01_osm_way_468197033,RAL-01,Raleigh,way,468197033,Sun Sprouts,sun sprouts,Point,35.7788305,-78.6358683,leisure,garden,,,,,,,"{""access"": ""customers"", ""leisure"": ""garden"", ""name"": ""Sun Sprouts""}",2026-10-10T14:14:29Z,OpenStreetMap Overpass API,False,POINT (-78.635868 35.77883)
RAL-01_osm_way_468197036,RAL-01,Raleigh,way,468197036,Marbles Courtyard,marbles courtyard,Point,35.7786341,-78.6357327,leisure,playground,,Marbles Kids Museum,,,,,"{""access"": ""permissive"", ""indoor"": ""no"", ""leisure"": ""playground"", ""name"": ""Marbles Courtyard"", ""operator"": ""Marbles Kids Museum""}",2026-10-10T14:14:29Z,OpenStreetMap Overpass API,False,POINT (-78.635733 35.778634)
RAL-01_osm_way_47663062,RAL-01,Raleigh,way,47663062,Crank Arm Brewing Company,crank arm brewing company,Point,35.7755023,-78.6440409,amenity,pub,,,city=Raleigh; country=US; housenumber=319; postcode=27601; state=NC; street=West Davie Street,,,https://www.crankarmbrewing.com/,"{""addr:city"": ""Raleigh"", ""addr:country"": ""US"", ""addr:housenumber"": ""319"", ""addr:postcode"": ""27601"", ""addr:state"": ""NC"", ""addr:street"": ""West Davie Street"", ""amenity"": ""pub"", ""building"": ""yes"", ""building:use"": ""commercial"", ""craft"": ""brewery"", ""microbrewery"": ""yes"", ""name"": ""Crank Arm Brewing Company"", ""opening_hours"": ""Mo-Th 16:00-24:00; Fr 16:00-02:00; Sa 12:00-02:00; Su 12:00-22:00"", ""outdoor_seating"": ""yes"", ""source"": ""WakeGIS"", ""website"": ""https://www.crankarmbrewing.com/""}",2026-10-10T14:14:29Z,OpenStreetMap Overpass API,False,POINT (-78.644041 35.775502)
RAL-01_osm_way_47663082,RAL-01,Raleigh,way,47663082,Wake County Office Building,wake county office building,Point,35.7758615,-78.6398597,office,government,,,,,,,"{""building"": ""yes"", ""building:levels"": ""16"", ""building:use"": ""commercial"", ""image"": ""https://commons.wikimedia.org/wiki/File:Waverly_F._Akins_Wake_County_Office_Building_-_Raleigh,_NC_-_DSC05813.JPG"", ""name"": ""Wake County Office Building"", ""office"": ""government"", ""source"": ""WakeGIS""}",2026-10-10T14:14:29Z,OpenStreetMap Overpass API,False,POINT (-78.63986 35.775862)
RAL-01_osm_way_47663095,RAL-01,Raleigh,way,47663095,Vintage Church,vintage church,Point,35.7784544,-78.635204,amenity,place_of_worship,,,city=Raleigh; housenumber=118; state=NC; street=South Person Street,,,https://vintagenc.com/,"{""addr:city"": ""Raleigh"", ""addr:housenumber"": ""118"", ""addr:state"": ""NC"", ""addr:street"": ""South Person Street"", ""amenity"": ""place_of_worship"", ""building"": ""church"", ""check_date"": ""2023-08-07"", ""name"": ""Vintage Church"", ""religion"": ""christian"", ""source"": ""WakeGIS"", ""website"": ""https://vintagenc.com/""}",2026-10-10T14:14:29Z,OpenStreetMap Overpass API,False,POINT (-78.635204 35.778454)
RAL-01_osm_way_47663108,RAL-01,Raleigh,way,47663108,Raleigh Municipal Building,raleigh municipal building,Point,35.7787272,-78.6430034,office,government,,,city=Raleigh; country=US; housenumber=222; postcode=27601-1562; state=NC; street=West Hargett Street,,,,"{""addr:city"": ""Raleigh"", ""addr:country"": ""US"", ""addr:housenumber"": ""222"", ""addr:postcode"": ""27601-1562"", ""addr:state"": ""NC"", ""addr:street"": ""West Hargett Street"", ""building"": ""yes"", ""building:levels"": ""6"", ""building:use"": ""commercial"", ""name"": ""Raleigh Municipal Building"", ""office"": ""government"", ""source"": ""WakeGIS""}",2026-10-10T14:14:29Z,OpenStreetMap Overpass API,False,POINT (-78.643003 35.778727)
RAL-01_osm_way_47663698,RAL-01,Raleigh,way,47663698,The Hemp Farmacy,the hemp farmacy,Point,35.7805229,-78.647391,healthcare,pharmacy,,,city=Raleigh; housenumber=527; postcode=27603; street=Hillsborough Street,,,,"{""addr:city"": ""Raleigh"", ""addr:housenumber"": ""527"", ""addr:postcode"": ""27603"", ""addr:street"": ""Hillsborough Street"", ""amenity"": ""pharmacy"", ""building"": ""yes"", ""building:use"": ""commercial"", ""dispensing"": ""no"", ""drive_through"": ""no"", ""healthcare"": ""pharmacy"", ""name"": ""The Hemp Farmacy"", ""opening_hours"": ""Mo-Sa 10:00-19:00,Su 11:00-18:00"", ""phone"": ""+1-919-916-5607"", ""source"": ""WakeGIS""}",2026-10-10T14:14:29Z,OpenStreetMap Overpass API,False,POINT (-78.647391 35.780523)
RAL-01_osm_way_47663708,RAL-01,Raleigh,way,47663708,Wake County Public Safety Center,wake county public safety center,Point,35.7760226,-78.6411746,amenity,police,,,,,,,"{""amenity"": ""police"", ""building"": ""yes"", ""building:use"": ""commercial"", ""layer"": ""1"", ""level"": ""3"", ""name"": ""Wake County Public Safety Center"", ""source"": ""WakeGIS""}",2026-10-10T14:14:29Z,OpenStreetMap Overpass API,False,POINT (-78.641175 35.776023)
RAL-01_osm_way_47663721,RAL-01,Raleigh,way,47663721,Wake County Courthouse,wake county courthouse,Point,35.7762684,-78.6398944,amenity,courthouse,,,city=Raleigh; country=US; housename=Wake County Courthouse; housenumber=316; postcode=27601; state=NC; street=Fayetteville Street,,,,"{""addr:city"": ""Raleigh"", ""addr:country"": ""US"", ""addr:housename"": ""Wake County Courthouse"", ""addr:housenumber"": ""316"", ""addr:postcode"": ""27601"", ""addr:state"": ""NC"", ""addr:street"": ""Fayetteville Street"", ""amenity"": ""courthouse"", ""building"": ""yes"", ""building:levels"": ""14"", ""building:use"": ""commercial"", ""height"": ""65"", ""image"": ""https://commons.wikimedia.org/wiki/File:Wake_County_Courthouse_-_Raleigh,_NC_-_DSC05816.JPG"", ""name"": ""Wake County Courthouse"", ""source"": ""WakeGIS""}",2026-10-10T14:14:29Z,OpenStreetMap Overpass API,False,POINT (-78.639894 35.776268)
RAL-01_osm_way_47728337,RAL-01,Raleigh,way,47728337,Lee Hansley Gallery,lee hansley gallery,Point,35.7840098,-78.6476386,shop,art,,,country=US; housenumber=225; state=NC; street=Glenwood Avenue,,,http://leehansleygallery.com/,"{""addr:country"": ""US"", ""addr:housenumber"": ""225"", ""addr:state"": ""NC"", ""addr:street"": ""Glenwood Avenue"", ""building"": ""yes"", ""building:use"": ""commercial"", ""fax"": ""+1 919 8287550"", ""name"": ""Lee Hansley Gallery"", ""opening_hours"": ""Fr[1] 11:00-22:00;Tu-Sa 11:00-18:00"", ""phone"": ""+1 919 8287557"", ""shop"": ""art"", ""source"": ""WakeGIS"", ""website"": ""http://leehansleygallery.com/""}",2026-10-10T14:14:29Z,OpenStreetMap Overpass API,False,POINT (-78.647639 35.78401)
RAL-01_osm_way_47728576,RAL-01,Raleigh,way,47728576,Gregory L. Seibert,gregory l seibert,Point,35.7823909,-78.647755,office,lawyer,,,country=US; housenumber=117; state=NC; street=Glenwood Avenue,,,http://www.seibert.com/,"{""addr:country"": ""US"", ""addr:housenumber"": ""117"", ""addr:state"": ""NC"", ""addr:street"": ""Glenwood Avenue"", ""building"": ""yes"", ""building:use"": ""commercial"", ""fax"": ""+1 919 5460040"", ""name"": ""Gregory L. Seibert"", ""office"": ""lawyer"", ""phone"": ""+1 919 5460606"", ""source"": ""WakeGIS"", ""website"": ""http://www.seibert.com/""}",2026-10-10T14:14:29Z,OpenStreetMap Overpass API,False,POINT (-78.647755 35.782391)
RAL-01_osm_way_47730105,RAL-01,Raleigh,way,47730105,Duane R. Hall,duane r hall,Point,35.7825501,-78.6477587,office,lawyer,,,country=US; housenumber=123; state=NC; street=Glenwood Avenue,,,http://www.attorneyduanehall.com/,"{""addr:country"": ""US"", ""addr:housenumber"": ""123"", ""addr:state"": ""NC"", ""addr:street"": ""Glenwood Avenue"", ""building"": ""yes"", ""building:use"": ""commercial"", ""name"": ""Duane R. Hall"", ""office"": ""lawyer"", ""phone"": ""+1 919 5822111"", ""source"": ""WakeGIS"", ""website"": ""http://www.attorneyduanehall.com/""}",2026-10-10T14:14:29Z,OpenStreetMap Overpass API,False,POINT (-78.647759 35.78255)
RAL-01_osm_way_47731739,RAL-01,Raleigh,way,47731739,Alchemy,alchemy,Point,35.7876626,-78.6469526,amenity,bar,,,,,,,"{""amenity"": ""bar"", ""building"": ""yes"", ""building:use"": ""commercial"", ""check_date"": ""2026-09-29"", ""name"": ""Alchemy"", ""source"": ""WakeGIS""}",2026-10-10T14:14:29Z,OpenStreetMap Overpass API,False,POINT (-78.646953 35.787663)
RAL-01_osm_way_47732371,RAL-01,Raleigh,way,47732371,Federal Building,federal building,Point,35.7766885,-78.6397731,office,government,,General Services Administration,city=Raleigh; country=US; housenumber=300; postcode=27601; state=NC; street=Fayetteville Street,Q5440038,"en:Federal Building (Raleigh, North Carolina)",,"{""addr:city"": ""Raleigh"", ""addr:country"": ""US"", ""addr:housenumber"": ""300"", ""addr:postcode"": ""27601"", ""addr:state"": ""NC"", ""addr:street"": ""Fayetteville Street"", ""architect"": ""Alfred B. Mullett"", ""building"": ""yes"", ""building:levels"": ""4"", ""building:use"": ""commercial"", ""historic"": ""building"", ""name"": ""Federal Building"", ""office"": ""government"", ""operator"": ""General Services Administration"", ""phone"": ""+1-919-856-4680"", ""source"": ""WakeGIS"", ""wikidata"": ""Q5440038"", ""wikipedia"": ""en:Federal Building (Raleigh, North Carolina)""}",2026-10-10T14:14:29Z,OpenStreetMap Overpass API,False,POINT (-78.639773 35.776688)
RAL-01_osm_way_47732380,RAL-01,Raleigh,way,47732380,Parkview Restaurant,parkview restaurant,Point,35.7768547,-78.6437918,amenity,restaurant,,,city=Raleigh; country=US; housenumber=301; postcode=27601; state=NC; street=West Martin Street,,,https://raleigh.parksiderestaurant.com/,"{""addr:city"": ""Raleigh"", ""addr:country"": ""US"", ""addr:housenumber"": ""301"", ""addr:postcode"": ""27601"", ""addr:state"": ""NC"", ""addr:street"": ""West Martin Street"", ""amenity"": ""restaurant"", ""building"": ""commercial"", ""building:use"": ""commercial"", ""name"": ""Parkview Restaurant"", ""opening_hours"": ""Mo-Fr 11:00-21:00; Sa 10:00-21:00; Su 09:00-20:00"", ""phone"": ""+1-984-232-8969"", ""source"": ""WakeGIS"", ""website"": ""https://raleigh.parksiderestaurant.com/""}",2026-10-10T14:14:29Z,OpenStreetMap Overpass API,False,POINT (-78.643792 35.776855)
RAL-01_osm_way_47732386,RAL-01,Raleigh,way,47732386,CAM Raleigh,cam raleigh,Point,35.7768825,-78.6456551,tourism,museum,,,city=Raleigh; country=US; housenumber=409; state=NC; street=West Martin Street,,,https://camraleigh.org/,"{""addr:city"": ""Raleigh"", ""addr:country"": ""US"", ""addr:housenumber"": ""409"", ""addr:state"": ""NC"", ""addr:street"": ""West Martin Street"", ""building"": ""yes"", ""building:use"": ""commercial"", ""fixme"": ""this building is temporarily closed, needs periodic checks to update hours when repoened. It might also be reopening at a different location..."", ""name"": ""CAM Raleigh"", ""opening_hours"": ""\""temporarily closed\"""", ""phone"": ""+1 919-261-5920"", ""source"": ""WakeGIS"", ""tourism"": ""museum"", ""website"": ""https://camraleigh.org/""}",2026-10-10T14:14:29Z,OpenStreetMap Overpass API,False,POINT (-78.645655 35.776882)
RAL-01_osm_way_47734105,RAL-01,Raleigh,way,47734105,Marshall & Taylor PLLC,marshall and taylor pllc,Point,35.7838717,-78.6476622,office,lawyer,,,country=US; housenumber=221; state=NC; street=Glenwood Avenue,,,http://www.mtlaw.net/,"{""addr:country"": ""US"", ""addr:housenumber"": ""221"", ""addr:state"": ""NC"", ""addr:street"": ""Glenwood Avenue"", ""building"": ""yes"", ""building:use"": ""commercial"", ""fax"": ""+1 919 8331008"", ""name"": ""Marshall & Taylor PLLC"", ""office"": ""lawyer"", ""phone"": ""+1 919 8331040"", ""source"": ""WakeGIS"", ""website"": ""http://www.mtlaw.net/""}",2026-10-10T14:14:29Z,OpenStreetMap Overpass API,False,POINT (-78.647662 35.783872)
RAL-01_osm_way_47759870,RAL-01,Raleigh,way,47759870,Martin Marietta Center for the Performing Arts,martin marietta center for the performing arts,Point,35.7711196,-78.6396003,amenity,arts_centre,,,city=Raleigh; country=US; housenumber=2; postcode=27601; state=NC; street=East South Street,,,https://www.dukeenergycenterraleigh.com/,"{""addr:city"": ""Raleigh"", ""addr:country"": ""US"", ""addr:housenumber"": ""2"", ""addr:postcode"": ""27601"", ""addr:state"": ""NC"", ""addr:street"": ""East South Street"", ""amenity"": ""arts_centre"", ""building"": ""yes"", ""building:use"": ""commercial"", ""name"": ""Martin Marietta Center for the Performing Arts"", ""old_name"": ""Progress Energy Center for the Performing Arts"", ""website"": ""https://www.dukeenergycenterraleigh.com/""}",2026-10-10T14:14:29Z,OpenStreetMap Overpass API,False,POINT (-78.6396 35.77112)
RAL-01_osm_way_47759898,RAL-01,Raleigh,way,47759898,Gringo A Go Go,gringo a go go,Point,35.7812754,-78.6344826,amenity,restaurant,,,city=Raleigh; housenumber=100; postcode=27601; state=NC; street=North Person Street,,,https://gringoraleigh.com/,"{""addr:city"": ""Raleigh"", ""addr:housenumber"": ""100"", ""addr:postcode"": ""27601"", ""addr:state"": ""NC"", ""addr:street"": ""North Person Street"", ""amenity"": ""restaurant"", ""building"": ""yes"", ""building:use"": ""commercial"", ""check_date"": ""2026-01-28"", ""diet:vegan"": ""yes"", ""name"": ""Gringo A Go Go"", ""opening_hours"": ""Mo-Th 11:00-21:00; Fr-Sa 11:00-22:00; Su 11:00-20:00"", ""phone"": ""+19199771438"", ""source"": ""WakeGIS"", ""website"": ""https://gringoraleigh.com/""}",2026-10-10T14:14:29Z,OpenStreetMap Overpass API,False,POINT (-78.634483 35.781275)
RAL-01_osm_way_47759950,RAL-01,Raleigh,way,47759950,Hartwell,hartwell,Point,35.7726886,-78.6490618,shop,repair,,,city=Raleigh; housenumber=620; postcode=27603; state=NC; street=West South Street,,,,"{""addr:city"": ""Raleigh"", ""addr:housenumber"": ""620"", ""addr:postcode"": ""27603"", ""addr:state"": ""NC"", ""addr:street"": ""West South Street"", ""building"": ""yes"", ""building:use"": ""commercial"", ""name"": ""Hartwell"", ""shop"": ""repair"", ""source"": ""WakeGIS""}",2026-10-10T14:14:29Z,OpenStreetMap Overpass API,False,POINT (-78.649062 35.772689)
RAL-01_osm_way_47759988,RAL-01,Raleigh,way,47759988,Pope House Museum,pope house museum,Point,35.7737044,-78.638233,tourism,museum,,,city=Raleigh; housenumber=511; postcode=27601; state=NC; street=South Wilmington Street,Q7229176,,https://raleighnc.gov/pope-house,"{""addr:city"": ""Raleigh"", ""addr:housenumber"": ""511"", ""addr:postcode"": ""27601"", ""addr:state"": ""NC"", ""addr:street"": ""South Wilmington Street"", ""building"": ""yes"", ""building:use"": ""commercial"", ""fee"": ""no"", ""name"": ""Pope House Museum"", ""opening_hours"": ""Sa 09:00-16:00; Su 13:00-16:00"", ""source"": ""WakeGIS"", ""tourism"": ""museum"", ""website"": ""https://raleighnc.gov/pope-house"", ""wikidata"": ""Q7229176""}",2026-10-10T14:14:29Z,OpenStreetMap Overpass API,False,POINT (-78.638233 35.773704)
RAL-01_osm_way_47760005,RAL-01,Raleigh,way,47760005,Raleigh Marriott City Center,raleigh marriott city center,Point,35.7735436,-78.6399774,tourism,hotel,Marriott,Marriott,city=Raleigh; country=US; housenumber=500; postcode=27601; state=NC; street=Fayetteville Street,,,https://www.marriott.com/hotels/travel/rdumc-raleigh-marriott-city-center/,"{""addr:city"": ""Raleigh"", ""addr:country"": ""US"", ""addr:housenumber"": ""500"", ""addr:postcode"": ""27601"", ""addr:state"": ""NC"", ""addr:street"": ""Fayetteville Street"", ""brand"": ""Marriott"", ""brand:wikidata"": ""Q3918608"", ""building"": ""hotel"", ""building:use"": ""commercial"", ""internet_access"": ""wlan"", ""name"": ""Raleigh Marriott City Center"", ""operator"": ""Marriott"", ""phone"": ""+1-919-833-1120"", ""smoking"": ""outside"", ""source"": ""WakeGIS"", ""tourism"": ""hotel"", ""website"": ""https://www.marriott.com/hotels/travel/rdumc-raleigh-marriott-city-center/"", ""wheelchair"": ""yes""}",2026-10-10T14:14:29Z,OpenStreetMap Overpass API,False,POINT (-78.639977 35.773544)
RAL-01_osm_way_47760006,RAL-01,Raleigh,way,47760006,Lincoln Theatre,lincoln theatre,Point,35.7738843,-78.637357,amenity,bar,,,city=Raleigh; country=US; housenumber=126; postcode=27601; state=NC; street=E Cabarrus Street,,,https://www.lincolntheatre.com/,"{""addr:city"": ""Raleigh"", ""addr:country"": ""US"", ""addr:housenumber"": ""126"", ""addr:postcode"": ""27601"", ""addr:state"": ""NC"", ""addr:street"": ""E Cabarrus Street"", ""amenity"": ""bar"", ""building"": ""yes"", ""building:use"": ""commercial"", ""fax"": ""+1-919-852-2021"", ""name"": ""Lincoln Theatre"", ""phone"": ""+1-919-821-4111"", ""source"": ""WakeGIS"", ""website"": ""https://www.lincolntheatre.com/""}",2026-10-10T14:14:29Z,OpenStreetMap Overpass API,False,POINT (-78.637357 35.773884)
RAL-01_osm_way_47760017,RAL-01,Raleigh,way,47760017,One Of One Boutique,one of one boutique,Point,35.7742908,-78.6364895,shop,shoes,,,city=Raleigh; housenumber=207; postcode=27601; state=NC; street=East Cabarrus Street,,,https://www.oneofone919.com/,"{""addr:city"": ""Raleigh"", ""addr:housenumber"": ""207"", ""addr:postcode"": ""27601"", ""addr:state"": ""NC"", ""addr:street"": ""East Cabarrus Street"", ""building"": ""yes"", ""building:use"": ""commercial"", ""name"": ""One Of One Boutique"", ""opening_hours"": ""Mo-Sa 13:00-19:00"", ""phone"": ""+1 919 977 8008"", ""shop"": ""shoes"", ""source"": ""WakeGIS"", ""website"": ""https://www.oneofone919.com/""}",2026-10-10T14:14:29Z,OpenStreetMap Overpass API,False,POINT (-78.63649 35.774291)
RAL-01_osm_way_47760035,RAL-01,Raleigh,way,47760035,Enterprise,enterprise,Point,35.7746197,-78.6416864,amenity,car_rental,Enterprise,,city=Raleigh; housenumber=431; state=NC; street=South McDowell Street,,,,"{""addr:city"": ""Raleigh"", ""addr:housenumber"": ""431"", ""addr:state"": ""NC"", ""addr:street"": ""South McDowell Street"", ""amenity"": ""car_rental"", ""brand"": ""Enterprise"", ""brand:wikidata"": ""Q17085454"", ""building:levels"": ""1"", ""building:use"": ""commercial"", ""name"": ""Enterprise"", ""official_name"": ""Enterprise Rent-A-Car"", ""source"": ""City of Raleigh Land Mgt.""}",2026-10-10T14:14:29Z,OpenStreetMap Overpass API,False,POINT (-78.641686 35.77462)
RAL-01_osm_way_47760042,RAL-01,Raleigh,way,47760042,,,Point,35.7746631,-78.6432064,amenity,police,,,city=Raleigh; state=NC,,,,"{""addr:city"": ""Raleigh"", ""addr:state"": ""NC"", ""amenity"": ""police"", ""building:use"": ""commercial"", ""source"": ""WakeGIS""}",2026-10-10T14:14:29Z,OpenStreetMap Overpass API,False,POINT (-78.643206 35.774663)
RAL-01_osm_way_47760082,RAL-01,Raleigh,way,47760082,Marbles Kids Museum,marbles kids museum,Point,35.7788349,-78.6357428,tourism,museum,,Marbles Kids Museum,city=Raleigh; housenumber=201; postcode=27601; state=NC; street=East Hargett Street,Q14708028,en:Marbles Kids Museum,https://www.marbleskidsmuseum.org/,"{""addr:city"": ""Raleigh"", ""addr:housenumber"": ""201"", ""addr:postcode"": ""27601"", ""addr:state"": ""NC"", ""addr:street"": ""East Hargett Street"", ""building"": ""museum"", ""building:use"": ""commercial"", ""check_date:opening_hours"": ""2023-07-28"", ""fee"": ""yes"", ""fee:conditional"": ""no @ (age < 1)"", ""name"": ""Marbles Kids Museum"", ""opening_hours"": ""Mo-Su 10:00-17:00; Th 10:00-19:00"", ""operator"": ""Marbles Kids Museum"", ""source"": ""WakeGIS"", ""tourism"": ""museum"", ""website"": ""https://www.marbleskidsmuseum.org/"", ""wheelchair"": ""yes"", ""wikidata"": ""Q14708028"", ""wikipedia"": ""en:Marbles Kids Museum""}",2026-10-10T14:14:29Z,OpenStreetMap Overpass API,False,POINT (-78.635743 35.778835)
RAL-01_osm_way_47760088,RAL-01,Raleigh,way,47760088,Citrix,citrix,Point,35.7789646,-78.6465472,office,it,,,city=Raleigh; housenumber=120; postcode=27603; state=NC; street=South West Street,,,,"{""addr:city"": ""Raleigh"", ""addr:housenumber"": ""120"", ""addr:postcode"": ""27603"", ""addr:state"": ""NC"", ""addr:street"": ""South West Street"", ""building"": ""yes"", ""building:use"": ""commercial"", ""name"": ""Citrix"", ""office"": ""it"", ""source"": ""WakeGIS""}",2026-10-10T14:14:29Z,OpenStreetMap Overpass API,False,POINT (-78.646547 35.778965)
RAL-01_osm_way_47760090,RAL-01,Raleigh,way,47760090,The Supreme Court of North Carolina,the supreme court of north carolina,Point,35.7793622,-78.6386332,amenity,courthouse,,,,Q7054626,en:North Carolina Supreme Court,,"{""amenity"": ""courthouse"", ""building"": ""yes"", ""building:use"": ""commercial"", ""name"": ""The Supreme Court of North Carolina"", ""source"": ""WakeGIS"", ""wikidata"": ""Q7054626"", ""wikipedia"": ""en:North Carolina Supreme Court""}",2026-10-10T14:14:29Z,OpenStreetMap Overpass API,False,POINT (-78.638633 35.779362)
RAL-01_osm_way_47776414,RAL-01,Raleigh,way,47776414,State Employees Credit Union,state employees credit union,Point,35.7805727,-78.6370945,amenity,bank,State Employees Credit Union,,city=Raleigh; country=US; housenumber=123; postcode=27601; state=NC; street=New Bern Place,Q7603068,,,"{""addr:city"": ""Raleigh"", ""addr:country"": ""US"", ""addr:housenumber"": ""123"", ""addr:postcode"": ""27601"", ""addr:state"": ""NC"", ""addr:street"": ""New Bern Place"", ""amenity"": ""bank"", ""brand"": ""State Employees Credit Union"", ""brand:wikidata"": ""Q7603196"", ""building"": ""yes"", ""building:use"": ""commercial"", ""name"": ""State Employees Credit Union"", ""short_name"": ""SECU"", ""source"": ""WakeGIS"", ""wikidata"": ""Q7603068""}",2026-10-10T14:14:29Z,OpenStreetMap Overpass API,False,POINT (-78.637094 35.780573)
RAL-01_osm_way_47776441,RAL-01,Raleigh,way,47776441,Christ Episcopal Church,christ episcopal church,Point,35.7807835,-78.6374566,amenity,place_of_worship,,,city=Raleigh; housenumber=120; postcode=27601; state=NC; street=East Edenton Street,Q5108878,"en:Christ Episcopal Church (Raleigh, North Carolina)",,"{""addr:city"": ""Raleigh"", ""addr:housenumber"": ""120"", ""addr:postcode"": ""27601"", ""addr:state"": ""NC"", ""addr:street"": ""East Edenton Street"", ""amenity"": ""place_of_worship"", ""building"": ""yes"", ""building:use"": ""commercial"", ""denomination"": ""episcopal"", ""name"": ""Christ Episcopal Church"", ""ref:dove"": ""10203"", ""religion"": ""christian"", ""source"": ""WakeGIS"", ""wikidata"": ""Q5108878"", ""wikipedia"": ""en:Christ Episcopal Church (Raleigh, North Carolina)""}",2026-10-10T14:14:29Z,OpenStreetMap Overpass API,False,POINT (-78.637457 35.780784)
RAL-01_osm_way_47776442,RAL-01,Raleigh,way,47776442,Char Grill,char grill,Point,35.7810517,-78.6485332,amenity,fast_food,,,city=Raleigh; housenumber=618; postcode=27603; state=NC; street=Hillsborough Street,,,,"{""addr:city"": ""Raleigh"", ""addr:housenumber"": ""618"", ""addr:postcode"": ""27603"", ""addr:state"": ""NC"", ""addr:street"": ""Hillsborough Street"", ""amenity"": ""fast_food"", ""building"": ""yes"", ""building:use"": ""commercial"", ""cuisine"": ""burger;hot_dog"", ""drive_through"": ""no"", ""name"": ""Char Grill"", ""outdoor_seating"": ""yes"", ""source"": ""WakeGIS"", ""takeaway"": ""yes""}",2026-10-10T14:14:29Z,OpenStreetMap Overpass API,False,POINT (-78.648533 35.781052)
RAL-01_osm_way_47776449,RAL-01,Raleigh,way,47776449,Hotel Indigo Raleigh Downtown,hotel indigo raleigh downtown,Point,35.7809741,-78.644094,tourism,hotel,Hotel Indigo,,city=Raleigh; housenumber=320; postcode=27603; state=NC; street=Hillsborough Street,,,https://www.ihg.com/hotelindigo/hotels/us/en/raleigh/rdusc/hoteldetail,"{""addr:city"": ""Raleigh"", ""addr:housenumber"": ""320"", ""addr:postcode"": ""27603"", ""addr:state"": ""NC"", ""addr:street"": ""Hillsborough Street"", ""brand"": ""Hotel Indigo"", ""brand:wikidata"": ""Q5911596"", ""building"": ""yes"", ""building:levels"": ""21"", ""building:use"": ""commercial"", ""email"": ""info@indigoraleigh.com"", ""internet_access"": ""wlan"", ""internet_access:fee"": ""no"", ""name"": ""Hotel Indigo Raleigh Downtown"", ""phone"": ""+19843830320"", ""source"": ""WakeGIS"", ""tourism"": ""hotel"", ""website"": ""https://www.ihg.com/hotelindigo/hotels/us/en/raleigh/rdusc/hoteldetail""}",2026-10-10T14:14:29Z,OpenStreetMap Overpass API,False,POINT (-78.644094 35.780974)
RAL-01_osm_way_47776562,RAL-01,Raleigh,way,47776562,Michaels & Michaels PA,michaels and michaels pa,Point,35.7820706,-78.6477741,office,lawyer,,,,,,,"{""building"": ""yes"", ""building:use"": ""commercial"", ""name"": ""Michaels & Michaels PA"", ""office"": ""lawyer"", ""source"": ""WakeGIS""}",2026-10-10T14:14:29Z,OpenStreetMap Overpass API,False,POINT (-78.647774 35.782071)
RAL-01_osm_way_47776588,RAL-01,Raleigh,way,47776588,Convivium Raleigh,convivium raleigh,Point,35.7830175,-78.6471961,amenity,events_venue,,,city=Raleigh; country=US; housenumber=518; postcode=27603; state=NC; street=West Jones Street,,,,"{""addr:city"": ""Raleigh"", ""addr:country"": ""US"", ""addr:housenumber"": ""518"", ""addr:postcode"": ""27603"", ""addr:state"": ""NC"", ""addr:street"": ""West Jones Street"", ""amenity"": ""events_venue"", ""branch"": ""Fiber"", ""building"": ""yes"", ""building:use"": ""commercial"", ""name"": ""Convivium Raleigh"", ""opening_hours"": ""Mo-Sa 10:00-18:00"", ""smoking"": ""no"", ""source"": ""WakeGIS""}",2026-10-10T14:14:29Z,OpenStreetMap Overpass API,False,POINT (-78.647196 35.783018)
RAL-01_osm_way_47776608,RAL-01,Raleigh,way,47776608,Duncan-Parnell Inc.,duncan parnell inc,Point,35.7832302,-78.6477314,office,company,,,country=US; housenumber=201; state=NC; street=Glenwood Avenue,,,https://duncan-parnell.com/StoreDetails.html?locationId=2,"{""addr:country"": ""US"", ""addr:housenumber"": ""201"", ""addr:state"": ""NC"", ""addr:street"": ""Glenwood Avenue"", ""building"": ""yes"", ""building:use"": ""commercial"", ""fax"": ""+1 919 8286727"", ""name"": ""Duncan-Parnell Inc."", ""office"": ""company"", ""opening_hours"": ""Mo-Fr 07:30-17:00"", ""phone"": ""+1 919 8334677"", ""source"": ""WakeGIS"", ""website"": ""https://duncan-parnell.com/StoreDetails.html?locationId=2""}",2026-10-10T14:14:29Z,OpenStreetMap Overpass API,False,POINT (-78.647731 35.78323)
RAL-01_osm_way_47776624,RAL-01,Raleigh,way,47776624,,,Point,35.7831663,-78.6462807,amenity,restaurant,,,city=Raleigh; housenumber=508; postcode=27603; state=NC; street=West Jones Street,,,,"{""addr:city"": ""Raleigh"", ""addr:housenumber"": ""508"", ""addr:postcode"": ""27603"", ""addr:state"": ""NC"", ""addr:street"": ""West Jones Street"", ""amenity"": ""restaurant"", ""building"": ""yes"", ""building:use"": ""commercial"", ""cuisine"": ""seafood"", ""source"": ""WakeGIS""}",2026-10-10T14:14:29Z,OpenStreetMap Overpass API,False,POINT (-78.646281 35.783166)
RAL-01_osm_way_47776803,RAL-01,Raleigh,way,47776803,TEETS,teets,Point,35.7858425,-78.6476493,amenity,bar,,,country=US; housenumber=425; state=NC; street=Glenwood Avenue,,,https://www.teetsraleigh.com/,"{""addr:country"": ""US"", ""addr:housenumber"": ""425"", ""addr:state"": ""NC"", ""addr:street"": ""Glenwood Avenue"", ""amenity"": ""bar"", ""building"": ""yes"", ""building:use"": ""commercial"", ""check_date"": ""2026-09-29"", ""name"": ""TEETS"", ""opening_hours"": ""Mo-Fr 17:00-02:00; Sa-Su 12:00-02:00"", ""phone"": ""+1-919-803-6112"", ""website"": ""https://www.teetsraleigh.com/""}",2026-10-10T14:14:29Z,OpenStreetMap Overpass API,False,POINT (-78.647649 35.785842)
RAL-01_osm_way_47776880,RAL-01,Raleigh,way,47776880,Archdale Building,archdale building,Point,35.7868612,-78.6387536,office,government,,,housenumber=512; street=North Salisbury Street,,,,"{""addr:housenumber"": ""512"", ""addr:street"": ""North Salisbury Street"", ""building"": ""yes"", ""building:levels"": ""15"", ""building:use"": ""commercial"", ""height"": ""47"", ""name"": ""Archdale Building"", ""office"": ""government"", ""source"": ""WakeGIS""}",2026-10-10T14:14:29Z,OpenStreetMap Overpass API,False,POINT (-78.638754 35.786861)
RAL-01_osm_way_47776939,RAL-01,Raleigh,way,47776939,Oak Heart Veterinary Hospital,oak heart veterinary hospital,Point,35.7887275,-78.634705,amenity,veterinary,,Oak Heart Veterinary Hospital,city=Raleigh; housenumber=916; postcode=27604; state=NC; street=North Person Street,,,https://oakheartvet.com/,"{""addr:city"": ""Raleigh"", ""addr:housenumber"": ""916"", ""addr:postcode"": ""27604"", ""addr:state"": ""NC"", ""addr:street"": ""North Person Street"", ""amenity"": ""veterinary"", ""building"": ""yes"", ""building:use"": ""commercial"", ""name"": ""Oak Heart Veterinary Hospital"", ""opening_hours"": ""Mo-Fr 07:30-17:30; Sa 08:00-24:00"", ""operator"": ""Oak Heart Veterinary Hospital"", ""phone"": ""+1-919-307-8843"", ""source"": ""WakeGIS"", ""website"": ""https://oakheartvet.com/""}",2026-10-10T14:14:29Z,OpenStreetMap Overpass API,False,POINT (-78.634705 35.788728)
RAL-01_osm_way_47776985,RAL-01,Raleigh,way,47776985,,,Point,35.7842763,-78.6423995,tourism,hotel,,,city=Raleigh; housenumber=300; postcode=27603; state=NC; street=N Dawson St,,,,"{""addr:city"": ""Raleigh"", ""addr:housenumber"": ""300"", ""addr:postcode"": ""27603"", ""addr:state"": ""NC"", ""addr:street"": ""N Dawson St"", ""building"": ""yes"", ""building:use"": ""commercial"", ""tourism"": ""hotel""}",2026-10-10T14:14:29Z,OpenStreetMap Overpass API,False,POINT (-78.6424 35.784276)
RAL-01_osm_way_47777095,RAL-01,Raleigh,way,47777095,BP,bp,Point,35.7878108,-78.6340417,amenity,fuel,BP,,,,,,"{""amenity"": ""fuel"", ""brand"": ""BP"", ""brand:wikidata"": ""Q152057"", ""building"": ""yes"", ""building:use"": ""commercial"", ""name"": ""BP"", ""source"": ""WakeGIS""}",2026-10-10T14:14:29Z,OpenStreetMap Overpass API,False,POINT (-78.634042 35.787811)
RAL-01_osm_way_47777115,RAL-01,Raleigh,way,47777115,Mellow Mushroom,mellow mushroom,Point,35.7883643,-78.6474422,amenity,restaurant,Mellow Mushroom,,city=Raleigh; country=US; housenumber=601; postcode=27605; state=NC; street=West Peace Street,,,https://www.mellowmushroom.com/raleigh,"{""addr:city"": ""Raleigh"", ""addr:country"": ""US"", ""addr:housenumber"": ""601"", ""addr:postcode"": ""27605"", ""addr:state"": ""NC"", ""addr:street"": ""West Peace Street"", ""amenity"": ""restaurant"", ""brand"": ""Mellow Mushroom"", ""brand:wikidata"": ""Q17021360"", ""building"": ""yes"", ""building:use"": ""commercial"", ""check_date"": ""2026-09-29"", ""cuisine"": ""pizza"", ""diet:vegan"": ""yes"", ""name"": ""Mellow Mushroom"", ""opening_hours"": ""Mo-Th 11:00-22:00; Fr-Sa 11:00-23:30; Su 11:30-22:00"", ""phone"": ""+1-919-832-3499"", ""source"": ""WakeGIS"", ""website"": ""https://www.mellowmushroom.com/raleigh""}",2026-10-10T14:14:29Z,OpenStreetMap Overpass API,False,POINT (-78.647442 35.788364)
RAL-01_osm_way_47777120,RAL-01,Raleigh,way,47777120,Subway,subway,Point,35.7889214,-78.6493986,amenity,fast_food,Subway,,city=Raleigh; housenumber=706; postcode=27605; state=NC; street=West Peace Street,,,https://restaurants.subway.com/united-states/nc/raleigh/706-w-peace-st,"{""addr:city"": ""Raleigh"", ""addr:housenumber"": ""706"", ""addr:postcode"": ""27605"", ""addr:state"": ""NC"", ""addr:street"": ""West Peace Street"", ""amenity"": ""fast_food"", ""brand"": ""Subway"", ""brand:wikidata"": ""Q244457"", ""building"": ""yes"", ""building:use"": ""commercial"", ""cuisine"": ""sandwich"", ""name"": ""Subway"", ""opening_hours"": ""Mo-Fr 07:00-22:00; Sa-Su 09:00-22:00"", ""phone"": ""+1 919-834-0605"", ""source"": ""WakeGIS"", ""takeaway"": ""yes"", ""website"": ""https://restaurants.subway.com/united-states/nc/raleigh/706-w-peace-st""}",2026-10-10T14:14:29Z,OpenStreetMap Overpass API,False,POINT (-78.649399 35.788921)
RAL-01_osm_way_47777124,RAL-01,Raleigh,way,47777124,Sahara Hookah Cafe,sahara hookah cafe,Point,35.7889044,-78.6491316,amenity,cafe,,,,,,,"{""amenity"": ""cafe"", ""building"": ""yes"", ""building:use"": ""commercial"", ""cuisine"": ""turkish"", ""name"": ""Sahara Hookah Cafe"", ""source"": ""WakeGIS""}",2026-10-10T14:14:29Z,OpenStreetMap Overpass API,False,POINT (-78.649132 35.788904)
RAL-01_osm_way_47777242,RAL-01,Raleigh,way,47777242,Krispy Kreme,krispy kreme,Point,35.7881172,-78.6348185,amenity,fast_food,Krispy Kreme,,city=Raleigh; country=US; housenumber=549; postcode=27604; state=NC; street=North Person Street,,,https://site.krispykreme.com/nc/raleigh/549-n-person-street,"{""addr:city"": ""Raleigh"", ""addr:country"": ""US"", ""addr:housenumber"": ""549"", ""addr:postcode"": ""27604"", ""addr:state"": ""NC"", ""addr:street"": ""North Person Street"", ""amenity"": ""fast_food"", ""brand"": ""Krispy Kreme"", ""brand:wikidata"": ""Q1192805"", ""building"": ""yes"", ""building:levels"": ""1"", ""building:use"": ""commercial"", ""contact:facebook"": ""KrispyKreme"", ""contact:instagram"": ""krispykreme"", ""contact:twitter"": ""krispykreme"", ""cuisine"": ""donut"", ""name"": ""Krispy Kreme"", ""opening_hours"": ""Su-Th 06:00-22:00; Fr-Sa 06:00-23:00"", ""phone"": ""+1-919-833-3682"", ""self_service"": ""no"", ""source"": ""WakeGIS"", ""takeaway"": ""yes"", ""website"": ""https://site.krispykreme.com/nc/raleigh/549-n-person-street""}",2026-10-10T14:14:29Z,OpenStreetMap Overpass API,False,POINT (-78.634818 35.788117)
RAL-01_osm_way_47777255,RAL-01,Raleigh,way,47777255,Starbucks,starbucks,Point,35.7883419,-78.647856,amenity,cafe,Starbucks,,city=Raleigh; country=US; housenumber=609; postcode=27605; state=NC; street=West Peace Street,,,https://www.starbucks.com/store-locator/store/11183/glenwood-ave-peace-st-609-w-peace-st-raleigh-nc-276051519-us,"{""addr:city"": ""Raleigh"", ""addr:country"": ""US"", ""addr:housenumber"": ""609"", ""addr:postcode"": ""27605"", ""addr:state"": ""NC"", ""addr:street"": ""West Peace Street"", ""amenity"": ""cafe"", ""branch"": ""Glenwood Avenue & Peace St"", ""brand"": ""Starbucks"", ""brand:wikidata"": ""Q37158"", ""building"": ""yes"", ""building:use"": ""commercial"", ""cuisine"": ""coffee_shop"", ""name"": ""Starbucks"", ""official_name"": ""Starbucks Coffee"", ""phone"": ""+1 919-754-9007"", ""takeaway"": ""yes"", ""website"": ""https://www.starbucks.com/store-locator/store/11183/glenwood-ave-peace-st-609-w-peace-st-raleigh-nc-276051519-us""}",2026-10-10T14:14:29Z,OpenStreetMap Overpass API,False,POINT (-78.647856 35.788342)
RAL-01_osm_way_577302114,RAL-01,Raleigh,way,577302114,Edison Apartment Courtyard & Dog Park,edison apartment courtyard and dog park,Point,35.7757546,-78.6371907,leisure,park,,,,,,,"{""leisure"": ""park"", ""name"": ""Edison Apartment Courtyard & Dog Park""}",2026-10-10T14:14:29Z,OpenStreetMap Overpass API,False,POINT (-78.637191 35.775755)
RAL-01_osm_way_577302117,RAL-01,Raleigh,way,577302117,Red Hat Outdoor Terrace & Park,red hat outdoor terrace and park,Point,35.7753383,-78.6376621,leisure,park,,,,,,,"{""leisure"": ""park"", ""location"": ""roof"", ""name"": ""Red Hat Outdoor Terrace & Park""}",2026-10-10T14:14:29Z,OpenStreetMap Overpass API,False,POINT (-78.637662 35.775338)
RAL-01_osm_way_577303149,RAL-01,Raleigh,way,577303149,Roofdeck Park,roofdeck park,Point,35.7760884,-78.6386054,leisure,park,,,,,,,"{""leisure"": ""park"", ""name"": ""Roofdeck Park""}",2026-10-10T14:14:29Z,OpenStreetMap Overpass API,False,POINT (-78.638605 35.776088)
RAL-01_osm_way_636706564,RAL-01,Raleigh,way,636706564,Exxon,exxon,Point,35.7884172,-78.6507576,amenity,fuel,Exxon,,,,,,"{""amenity"": ""fuel"", ""brand"": ""Exxon"", ""brand:wikidata"": ""Q109675651"", ""building"": ""yes"", ""mapillary"": ""517327966089902"", ""name"": ""Exxon"", ""survey:date"": ""2019-06-05""}",2026-10-10T14:14:29Z,OpenStreetMap Overpass API,False,POINT (-78.650758 35.788417)
RAL-01_osm_way_647918619,RAL-01,Raleigh,way,647918619,Shaw University,shaw university,Point,35.7707961,-78.6370041,amenity,university,,,,Q3443493,,https://www.shawu.edu,"{""amenity"": ""university"", ""name"": ""Shaw University"", ""website"": ""https://www.shawu.edu"", ""wikidata"": ""Q3443493""}",2026-10-10T14:14:29Z,OpenStreetMap Overpass API,False,POINT (-78.637004 35.770796)
RAL-01_osm_way_674997561,RAL-01,Raleigh,way,674997561,Saint Paul African Methodist Episcopal Church,saint paul african methodist episcopal church,Point,35.7816569,-78.6454011,amenity,place_of_worship,,,,,,,"{""amenity"": ""place_of_worship"", ""building"": ""yes"", ""denomination"": ""african_methodist_episcopal"", ""name"": ""Saint Paul African Methodist Episcopal Church"", ""religion"": ""christian""}",2026-10-10T14:14:29Z,OpenStreetMap Overpass API,False,POINT (-78.645401 35.781657)
RAL-01_osm_way_674997948,RAL-01,Raleigh,way,674997948,Residence Inn Raleigh Downtown,residence inn raleigh downtown,Point,35.7726011,-78.6408139,tourism,hotel,Residence Inn,,city=Raleigh; housenumber=616; postcode=27601; state=NC; street=South Salisbury Street,,,https://www.marriott.com/rdurx,"{""addr:city"": ""Raleigh"", ""addr:housenumber"": ""616"", ""addr:postcode"": ""27601"", ""addr:state"": ""NC"", ""addr:street"": ""South Salisbury Street"", ""branch"": ""Raleigh Downtown"", ""brand"": ""Residence Inn"", ""brand:wikidata"": ""Q7315394"", ""building"": ""yes"", ""name"": ""Residence Inn Raleigh Downtown"", ""official_name"": ""Residence Inn by Marriott"", ""phone"": ""+1 919-856-0017"", ""ref"": ""RDURX"", ""tourism"": ""hotel"", ""website"": ""https://www.marriott.com/rdurx""}",2026-10-10T14:14:29Z,OpenStreetMap Overpass API,False,POINT (-78.640814 35.772601)
RAL-01_osm_way_676665448,RAL-01,Raleigh,way,676665448,Morgan Street Food Hall,morgan street food hall,Point,35.779506,-78.6457847,leisure,outdoor_seating,,Morgan Street Food Hall,,,,,"{""leisure"": ""outdoor_seating"", ""operator"": ""Morgan Street Food Hall""}",2026-10-10T14:14:29Z,OpenStreetMap Overpass API,False,POINT (-78.645785 35.779506)
RAL-01_osm_way_679974311,RAL-01,Raleigh,way,679974311,Holy Trinity Anglican Church,holy trinity anglican church,Point,35.7876435,-78.6371656,amenity,place_of_worship,,,city=Raleigh; housenumber=100; postcode=27604; state=NC; street=East Peace Street,,,,"{""addr:city"": ""Raleigh"", ""addr:housenumber"": ""100"", ""addr:postcode"": ""27604"", ""addr:state"": ""NC"", ""addr:street"": ""East Peace Street"", ""amenity"": ""place_of_worship"", ""building"": ""yes"", ""name"": ""Holy Trinity Anglican Church"", ""religion"": ""christian""}",2026-10-10T14:14:29Z,OpenStreetMap Overpass API,False,POINT (-78.637166 35.787644)
RAL-01_osm_way_762748133,RAL-01,Raleigh,way,762748133,,,Point,35.774643,-78.644163,amenity,bar,,,,,,,"{""amenity"": ""bar"", ""parking"": ""surface""}",2026-10-10T14:14:29Z,OpenStreetMap Overpass API,False,POINT (-78.644163 35.774643)
RAL-01_osm_way_770940248,RAL-01,Raleigh,way,770940248,"The Casso, Raleigh, A Tribute Portfolio Hotel",the casso raleigh a tribute portfolio hotel,Point,35.7796635,-78.6480337,tourism,hotel,Tribute Portfolio,,city=Raleigh; housenumber=603; postcode=27603; state=NC; street=West Morgan Street,,,https://www.marriott.com/hotels/travel/rdutx-the-casso-raleigh-a-tribute-portfolio-hotel/,"{""addr:city"": ""Raleigh"", ""addr:housenumber"": ""603"", ""addr:postcode"": ""27603"", ""addr:state"": ""NC"", ""addr:street"": ""West Morgan Street"", ""air_conditioning"": ""yes"", ""bar"": ""yes"", ""brand"": ""Tribute Portfolio"", ""brand:wikidata"": ""Q92021343"", ""building"": ""yes"", ""email"": ""mar_tri_raleighcontactus@pyramidglobal.com"", ""fax"": ""+1-984-275-2221"", ""internet_access"": ""yes"", ""internet_access:fee"": ""no"", ""name"": ""The Casso, Raleigh, A Tribute Portfolio Hotel"", ""phone"": ""+1-984-275-2220"", ""rooms"": ""126"", ""smoking"": ""no"", ""tourism"": ""hotel"", ""website"": ""https://www.marriott.com/hotels/travel/rdutx-the-casso-raleigh-a-tribute-portfolio-hotel/"", ""wheelchair"": ""yes""}",2026-10-10T14:14:29Z,OpenStreetMap Overpass API,False,POINT (-78.648034 35.779664)
RAL-01_osm_way_843579903,RAL-01,Raleigh,way,843579903,AC Hotel by Marriott Raleigh Downtown,ac hotel by marriott raleigh downtown,Point,35.7815265,-78.6477845,tourism,hotel,AC Hotel,,city=Raleigh; housenumber=9; postcode=27603; state=NC; street=Glenwood Avenue,,,https://www.marriott.com/en-us/hotels/rduad-ac-hotel-raleigh-downtown/overview/,"{""addr:city"": ""Raleigh"", ""addr:housenumber"": ""9"", ""addr:postcode"": ""27603"", ""addr:state"": ""NC"", ""addr:street"": ""Glenwood Avenue"", ""brand"": ""AC Hotel"", ""brand:wikidata"": ""Q5653536"", ""building"": ""yes"", ""name"": ""AC Hotel by Marriott Raleigh Downtown"", ""tourism"": ""hotel"", ""website"": ""https://www.marriott.com/en-us/hotels/rduad-ac-hotel-raleigh-downtown/overview/""}",2026-10-10T14:14:29Z,OpenStreetMap Overpass API,False,POINT (-78.647784 35.781526)
RAL-01_osm_way_99028919,RAL-01,Raleigh,way,99028919,GoRaleigh Station,goraleigh station,Point,35.7775283,-78.6374405,amenity,bus_station,,GoRaleigh,,,,,"{""amenity"": ""bus_station"", ""bus"": ""yes"", ""name"": ""GoRaleigh Station"", ""network"": ""GoRaleigh"", ""operator"": ""GoRaleigh"", ""public_transport"": ""station""}",2026-10-10T14:14:29Z,OpenStreetMap Overpass API,False,POINT (-78.63744 35.777528)
RAL-02_osm_node_13252685393,RAL-02,Raleigh,node,13252685393,Attun,attun,Point,35.7703625,-78.6542298,tourism,artwork,,,,,,https://www.dixparkconservancy.org/art/attun,"{""artist_name"": ""Dewitt Godfrey"", ""artwork_type"": ""sculpture"", ""material"": ""steel"", ""name"": ""Attun"", ""tourism"": ""artwork"", ""website"": ""https://www.dixparkconservancy.org/art/attun""}",2026-10-10T14:14:29Z,OpenStreetMap Overpass API,False,POINT (-78.65423 35.770362)
RAL-02_osm_node_13376172195,RAL-02,Raleigh,node,13376172195,Coffee Bar,coffee bar,Point,35.7671408,-78.6531729,amenity,cafe,,,housenumber=701; street=Palmer Drive,,,,"{""addr:housenumber"": ""701"", ""addr:street"": ""Palmer Drive"", ""amenity"": ""cafe"", ""check_date"": ""2025-12-14"", ""name"": ""Coffee Bar""}",2026-10-10T14:14:29Z,OpenStreetMap Overpass API,False,POINT (-78.653173 35.767141)
RAL-02_osm_node_13376172196,RAL-02,Raleigh,node,13376172196,House of Many Porches Market,house of many porches market,Point,35.7671396,-78.6530342,shop,convenience,,,housenumber=701; street=Palmer Drive,,,https://dixpark.org/houseofmanyporches,"{""addr:housenumber"": ""701"", ""addr:street"": ""Palmer Drive"", ""check_date"": ""2025-12-15"", ""name"": ""House of Many Porches Market"", ""shop"": ""convenience"", ""toilets"": ""yes"", ""website"": ""https://dixpark.org/houseofmanyporches"", ""wheelchair"": ""yes""}",2026-10-10T14:14:29Z,OpenStreetMap Overpass API,False,POINT (-78.653034 35.76714)
RAL-02_osm_node_13376189193,RAL-02,Raleigh,node,13376189193,Dux,dux,Point,35.7694174,-78.6613106,tourism,artwork,,,,,,https://trollmap.com/#/@35.7694x-78.6612z16,"{""artist_name"": ""Thomas Dambo"", ""artwork_type"": ""sculpture"", ""material"": ""wood"", ""name"": ""Dux"", ""tourism"": ""artwork"", ""website"": ""https://trollmap.com/#/@35.7694x-78.6612z16""}",2026-10-10T14:14:29Z,OpenStreetMap Overpass API,False,POINT (-78.661311 35.769417)
RAL-02_osm_node_13376202119,RAL-02,Raleigh,node,13376202119,Get Well Soon,get well soon,Point,35.7697596,-78.6572668,tourism,artwork,,,,,,,"{""artist_name"": ""Lamar Whidbee"", ""artwork_type"": ""mural"", ""fixme"": ""Please merge me into a nearby wall"", ""name"": ""Get Well Soon"", ""tourism"": ""artwork""}",2026-10-10T14:14:29Z,OpenStreetMap Overpass API,False,POINT (-78.657267 35.76976)
RAL-02_osm_node_13376217657,RAL-02,Raleigh,node,13376217657,Daddy Bird Eye,daddy bird eye,Point,35.7695446,-78.6532619,tourism,artwork,,,,,,https://trollmap.com/#/@35.7697x-78.6531z16.25s,"{""artist_name"": ""Thomas Bambo"", ""artwork_type"": ""sculpture"", ""material"": ""wood"", ""name"": ""Daddy Bird Eye"", ""tourism"": ""artwork"", ""website"": ""https://trollmap.com/#/@35.7697x-78.6531z16.25s""}",2026-10-10T14:14:29Z,OpenStreetMap Overpass API,False,POINT (-78.653262 35.769545)
RAL-02_osm_node_13376234927,RAL-02,Raleigh,node,13376234927,Dix,dix,Point,35.773642,-78.6630628,tourism,artwork,,,,,,https://trollmap.com/#/@35.7737x-78.6635z16,"{""artist_name"": ""Thomas Dambo"", ""artwork_type"": ""sculpture"", ""material"": ""wood"", ""name"": ""Dix"", ""tourism"": ""artwork"", ""website"": ""https://trollmap.com/#/@35.7737x-78.6635z16""}",2026-10-10T14:14:29Z,OpenStreetMap Overpass API,False,POINT (-78.663063 35.773642)
RAL-02_osm_node_13376238496,RAL-02,Raleigh,node,13376238496,Dax,dax,Point,35.7696669,-78.6614762,tourism,artwork,,,,,,https://trollmap.com/#/@35.7699x-78.6616z16,"{""artist_name"": ""Thomas Dambo"", ""artwork_type"": ""sculpture"", ""name"": ""Dax"", ""tourism"": ""artwork"", ""website"": ""https://trollmap.com/#/@35.7699x-78.6616z16""}",2026-10-10T14:14:29Z,OpenStreetMap Overpass API,False,POINT (-78.661476 35.769667)
RAL-02_osm_node_13376265868,RAL-02,Raleigh,node,13376265868,Mother Strong Tail,mother strong tail,Point,35.7743622,-78.6628792,tourism,artwork,,,,,,https://trollmap.com/#/@35.7746x-78.6632z16,"{""artist_name"": ""Thomas Dambo"", ""artwork_type"": ""sculpture"", ""material"": ""wood"", ""name"": ""Mother Strong Tail"", ""tourism"": ""artwork"", ""website"": ""https://trollmap.com/#/@35.7746x-78.6632z16""}",2026-10-10T14:14:29Z,OpenStreetMap Overpass API,False,POINT (-78.662879 35.774362)
RAL-02_osm_node_13483083802,RAL-02,Raleigh,node,13483083802,Greg Poole Jr all faiths chapel,greg poole jr all faiths chapel,Point,35.7704812,-78.6568231,amenity,place_of_worship,,,housenumber=1030; postcode=27603; street=Richardson Drive,,,,"{""addr:housenumber"": ""1030"", ""addr:postcode"": ""27603"", ""addr:street"": ""Richardson Drive"", ""amenity"": ""place_of_worship"", ""name"": ""Greg Poole Jr all faiths chapel"", ""religion"": ""christian""}",2026-10-10T14:14:29Z,OpenStreetMap Overpass API,False,POINT (-78.656823 35.770481)
RAL-02_osm_node_13484828949,RAL-02,Raleigh,node,13484828949,NC Department of Health and Human Services Social Services,nc department of health and human services social services,Point,35.769458,-78.6553442,office,government,,,city=Raleigh; housenumber=820; postcode=27603; state=NC; street=South Boylan Avenue,,,,"{""addr:city"": ""Raleigh"", ""addr:housenumber"": ""820"", ""addr:postcode"": ""27603"", ""addr:state"": ""NC"", ""addr:street"": ""South Boylan Avenue"", ""government"": ""healthcare"", ""name"": ""NC Department of Health and Human Services Social Services"", ""office"": ""government""}",2026-10-10T14:14:29Z,OpenStreetMap Overpass API,False,POINT (-78.655344 35.769458)
RAL-02_osm_node_13484828950,RAL-02,Raleigh,node,13484828950,"Melissa Nelson, LCSW",melissa nelson lcsw,Point,35.7693151,-78.6550747,healthcare,doctor,,,city=Raleigh; housenumber=820; postcode=27603; state=NC; street=South Boylan Avenue,,,,"{""addr:city"": ""Raleigh"", ""addr:housenumber"": ""820"", ""addr:postcode"": ""27603"", ""addr:state"": ""NC"", ""addr:street"": ""South Boylan Avenue"", ""amenity"": ""doctors"", ""check_date"": ""2026-01-25"", ""healthcare"": ""doctor"", ""healthcare:speciality"": ""psychiatry"", ""name"": ""Melissa Nelson, LCSW"", ""phone"": ""+19197335154""}",2026-10-10T14:14:29Z,OpenStreetMap Overpass API,False,POINT (-78.655075 35.769315)
RAL-02_osm_node_13484860955,RAL-02,Raleigh,node,13484860955,N. C. Department of Health and Human Services,n c department of health and human services,Point,35.7697945,-78.6565647,office,government,,,city=Raleigh; housenumber=1050; postcode=27603; state=NC; street=Umstead Drive,,,,"{""addr:city"": ""Raleigh"", ""addr:housenumber"": ""1050"", ""addr:postcode"": ""27603"", ""addr:state"": ""NC"", ""addr:street"": ""Umstead Drive"", ""check_date"": ""2026-01-25"", ""name"": ""N. C. Department of Health and Human Services"", ""office"": ""government"", ""phone"": ""+19198553700""}",2026-10-10T14:14:29Z,OpenStreetMap Overpass API,False,POINT (-78.656565 35.769794)
RAL-02_osm_node_13500714420,RAL-02,Raleigh,node,13500714420,Dix Park Conservancy,dix park conservancy,Point,35.7706244,-78.6550012,office,association,,,city=Raleigh; housenumber=900; postcode=27603; state=NC; street=Umstead Drive,,,https://www.dixparkconservancy.org/,"{""addr:city"": ""Raleigh"", ""addr:housenumber"": ""900"", ""addr:postcode"": ""27603"", ""addr:state"": ""NC"", ""addr:street"": ""Umstead Drive"", ""check_date"": ""2026-01-26"", ""name"": ""Dix Park Conservancy"", ""office"": ""association"", ""opening_hours"": ""Mo-Fr 09:00-17:00"", ""phone"": ""+19199871380"", ""website"": ""https://www.dixparkconservancy.org/""}",2026-10-10T14:14:29Z,OpenStreetMap Overpass API,False,POINT (-78.655001 35.770624)
RAL-02_osm_node_13719651863,RAL-02,Raleigh,node,13719651863,Sunflower Power Poles,sunflower power poles,Point,35.7646704,-78.655744,tourism,artwork,,,,,,,"{""artist_name"": ""Thomas Sayre"", ""artwork_type"": ""sculpture"", ""material"": ""stainless_steel"", ""name"": ""Sunflower Power Poles"", ""tourism"": ""artwork""}",2026-10-10T14:14:29Z,OpenStreetMap Overpass API,False,POINT (-78.655744 35.76467)
RAL-02_osm_node_13719651864,RAL-02,Raleigh,node,13719651864,Sunflower Power Poles,sunflower power poles,Point,35.765447,-78.6545913,tourism,artwork,,,,,,,"{""artist_name"": ""Thomas Sayre"", ""artwork_type"": ""sculpture"", ""material"": ""stainless_steel"", ""name"": ""Sunflower Power Poles"", ""tourism"": ""artwork""}",2026-10-10T14:14:29Z,OpenStreetMap Overpass API,False,POINT (-78.654591 35.765447)
RAL-02_osm_node_13719651866,RAL-02,Raleigh,node,13719651866,Sunflower Power Poles,sunflower power poles,Point,35.7669173,-78.6523624,tourism,artwork,,,,,,,"{""artist_name"": ""Thomas Sayre"", ""artwork_type"": ""sculpture"", ""material"": ""stainless_steel"", ""name"": ""Sunflower Power Poles"", ""tourism"": ""artwork""}",2026-10-10T14:14:29Z,OpenStreetMap Overpass API,False,POINT (-78.652362 35.766917)
RAL-02_osm_node_7243433246,RAL-02,Raleigh,node,7243433246,Dorothea Dix Park,dorothea dix park,Point,35.7708043,-78.6641965,amenity,bicycle_rental,,,,,,,"{""amenity"": ""bicycle_rental"", ""bicycle_rental"": ""docking_station"", ""capacity"": ""16"", ""name"": ""Dorothea Dix Park"", ""network"": ""Citrix Cycle""}",2026-10-10T14:14:29Z,OpenStreetMap Overpass API,False,POINT (-78.664196 35.770804)
RAL-02_osm_node_8786724894,RAL-02,Raleigh,node,8786724894,Big Field,big field,Point,35.7690985,-78.6623781,leisure,park,,,,,,,"{""leisure"": ""park"", ""name"": ""Big Field""}",2026-10-10T14:14:29Z,OpenStreetMap Overpass API,False,POINT (-78.662378 35.769098)
RAL-02_osm_way_1079247651,RAL-02,Raleigh,way,1079247651,Sunflower Field,sunflower field,Point,35.772381,-78.6598974,leisure,garden,,,,,,,"{""leisure"": ""garden"", ""name"": ""Sunflower Field""}",2026-10-10T14:14:29Z,OpenStreetMap Overpass API,False,POINT (-78.659897 35.772381)
RAL-02_osm_way_1092763893,RAL-02,Raleigh,way,1092763893,Dog Park at Dix Park,dog park at dix park,Point,35.7708442,-78.6624865,leisure,dog_park,,,city=Raleigh; housenumber=1800; postcode=27695; state=NC; street=Umstead Drive,,,https://dixpark.org/dogpark,"{""access"": ""yes"", ""addr:city"": ""Raleigh"", ""addr:housenumber"": ""1800"", ""addr:postcode"": ""27695"", ""addr:state"": ""NC"", ""addr:street"": ""Umstead Drive"", ""leisure"": ""dog_park"", ""name"": ""Dog Park at Dix Park"", ""website"": ""https://dixpark.org/dogpark"", ""wheelchair"": ""yes""}",2026-10-10T14:14:29Z,OpenStreetMap Overpass API,False,POINT (-78.662486 35.770844)
RAL-02_osm_way_194996668,RAL-02,Raleigh,way,194996668,Dorothea Dix Park,dorothea dix park,Point,35.7700158,-78.6574486,leisure,park,,,,,,,"{""emergency"": ""no"", ""leisure"": ""park"", ""name"": ""Dorothea Dix Park""}",2026-10-10T14:14:29Z,OpenStreetMap Overpass API,False,POINT (-78.657449 35.770016)
RAL-02_osm_way_583072635,RAL-02,Raleigh,way,583072635,Gipson Play Plaza,gipson play plaza,Point,35.7668685,-78.6538661,leisure,park,,,,,,https://dixpark.org/gipsonplayplaza,"{""leisure"": ""park"", ""lit"": ""no"", ""name"": ""Gipson Play Plaza"", ""sport"": ""multi"", ""surface"": ""grass"", ""website"": ""https://dixpark.org/gipsonplayplaza""}",2026-10-10T14:14:29Z,OpenStreetMap Overpass API,False,POINT (-78.653866 35.766868)
RAL-02_osm_way_583695573,RAL-02,Raleigh,way,583695573,,,Point,35.7740966,-78.6593947,leisure,sports_centre,,,,,,,"{""leisure"": ""sports_centre"", ""sport"": ""soccer""}",2026-10-10T14:14:29Z,OpenStreetMap Overpass API,False,POINT (-78.659395 35.774097)
RAL-03A_osm_node_12652673293,RAL-03A,Raleigh,node,12652673293,Riparian Buffer,riparian buffer,Point,35.7860253,-78.6802121,tourism,information,,,,,,,"{""board_type"": ""nature"", ""information"": ""board"", ""name"": ""Riparian Buffer"", ""tourism"": ""information""}",2026-10-10T14:14:29Z,OpenStreetMap Overpass API,False,POINT (-78.680212 35.786025)
RAL-03A_osm_node_12652680239,RAL-03A,Raleigh,node,12652680239,Non-Native Plants,non native plants,Point,35.7855759,-78.6796212,tourism,information,,,,,,,"{""board_type"": ""plants"", ""information"": ""board"", ""name"": ""Non-Native Plants"", ""tourism"": ""information""}",2026-10-10T14:14:29Z,OpenStreetMap Overpass API,False,POINT (-78.679621 35.785576)
RAL-03A_osm_node_13256603674,RAL-03A,Raleigh,node,13256603674,Wolf Village Market,wolf village market,Point,35.7861204,-78.6851183,shop,convenience,,,floor=G; housenumber=2740; street=Wolf Village Way,,,https://dining.ncsu.edu/location/wolf-village-market/,"{""addr:floor"": ""G"", ""addr:housenumber"": ""2740"", ""addr:street"": ""Wolf Village Way"", ""check_date"": ""2025-10-25"", ""level"": ""0"", ""name"": ""Wolf Village Market"", ""opening_hours"": ""Mo-Fr 16:00-23:00; Sa-Su 13:00-23:00"", ""shop"": ""convenience"", ""website"": ""https://dining.ncsu.edu/location/wolf-village-market/""}",2026-10-10T14:14:29Z,OpenStreetMap Overpass API,False,POINT (-78.685118 35.78612)
RAL-03A_osm_node_13325136659,RAL-03A,Raleigh,node,13325136659,SOL Garden,sol garden,Point,35.7861173,-78.6791796,leisure,garden,,,,,,https://docs.google.com/document/d/1wo8vHXhGCCI70m8lYSPIQ0vD_wounlsHlBFWZvnfEK8/edit?usp=sharing,"{""email"": ""solgarden-org@ncsu.edu"", ""garden:type"": ""community"", ""leisure"": ""garden"", ""name"": ""SOL Garden"", ""website"": ""https://docs.google.com/document/d/1wo8vHXhGCCI70m8lYSPIQ0vD_wounlsHlBFWZvnfEK8/edit?usp=sharing""}",2026-10-10T14:14:29Z,OpenStreetMap Overpass API,False,POINT (-78.67918 35.786117)
RAL-03A_osm_node_14214327186,RAL-03A,Raleigh,node,14214327186,NC State Crafts Center,nc state crafts center,Point,35.7828986,-78.667036,amenity,arts_centre,,,city=Raleigh; housenumber=210; postcode=27606; state=NC; street=Jensen Drive,,,https://crafts.arts.ncsu.edu/,"{""addr:city"": ""Raleigh"", ""addr:housenumber"": ""210"", ""addr:postcode"": ""27606"", ""addr:state"": ""NC"", ""addr:street"": ""Jensen Drive"", ""amenity"": ""arts_centre"", ""name"": ""NC State Crafts Center"", ""website"": ""https://crafts.arts.ncsu.edu/""}",2026-10-10T14:14:29Z,OpenStreetMap Overpass API,False,POINT (-78.667036 35.782899)
RAL-03A_osm_node_14214327187,RAL-03A,Raleigh,node,14214327187,NC State University Theatre,nc state university theatre,Point,35.7830031,-78.6667963,amenity,theatre,,,housenumber=2610; street=Cates Avenue,,,https://theatre.arts.ncsu.edu/,"{""addr:housenumber"": ""2610"", ""addr:street"": ""Cates Avenue"", ""amenity"": ""theatre"", ""name"": ""NC State University Theatre"", ""website"": ""https://theatre.arts.ncsu.edu/""}",2026-10-10T14:14:29Z,OpenStreetMap Overpass API,False,POINT (-78.666796 35.783003)
RAL-03A_osm_node_14215021908,RAL-03A,Raleigh,node,14215021908,David Thompson Statue,david thompson statue,Point,35.7839461,-78.6692798,tourism,artwork,,,,,,,"{""artwork_type"": ""statue"", ""material"": ""metal"", ""name"": ""David Thompson Statue"", ""tourism"": ""artwork""}",2026-10-10T14:14:29Z,OpenStreetMap Overpass API,False,POINT (-78.66928 35.783946)
RAL-03A_osm_node_1437667189,RAL-03A,Raleigh,node,1437667189,Wolfpack Outfitters,wolfpack outfitters,Point,35.7836276,-78.6706981,shop,books,,,,,,,"{""name"": ""Wolfpack Outfitters"", ""opening_hours"": ""Mo-Fr 09:00-18:00; Sa 10:00-16:00"", ""shop"": ""books""}",2026-10-10T14:14:29Z,OpenStreetMap Overpass API,False,POINT (-78.670698 35.783628)
RAL-03A_osm_node_2915315335,RAL-03A,Raleigh,node,2915315335,Floodplains,floodplains,Point,35.7802182,-78.6686583,tourism,information,,,,,,,"{""information"": ""map"", ""name"": ""Floodplains"", ""tourism"": ""information""}",2026-10-10T14:14:29Z,OpenStreetMap Overpass API,False,POINT (-78.668658 35.780218)
RAL-03A_osm_node_2915315336,RAL-03A,Raleigh,node,2915315336,Urban Wildlife,urban wildlife,Point,35.7806993,-78.669533,tourism,information,,,,,,,"{""board_type"": ""wildlife"", ""information"": ""board"", ""name"": ""Urban Wildlife"", ""tourism"": ""information""}",2026-10-10T14:14:29Z,OpenStreetMap Overpass API,False,POINT (-78.669533 35.780699)
RAL-03A_osm_node_6993756773,RAL-03A,Raleigh,node,6993756773,Starbucks,starbucks,Point,35.7834778,-78.6707183,amenity,cafe,Starbucks,,city=Raleigh; housenumber=2610; postcode=27607; state=NC; street=Cates Avenue,,,https://www.starbucks.com/store-locator/store/1009485/ncsu-talley-student-union-2610-cates-ave-raleigh-nc-27607-us,"{""addr:city"": ""Raleigh"", ""addr:housenumber"": ""2610"", ""addr:postcode"": ""27607"", ""addr:state"": ""NC"", ""addr:street"": ""Cates Avenue"", ""amenity"": ""cafe"", ""branch"": ""NCSU Talley Student Union"", ""brand"": ""Starbucks"", ""brand:wikidata"": ""Q37158"", ""cuisine"": ""coffee_shop"", ""name"": ""Starbucks"", ""official_name"": ""Starbucks Coffee"", ""opening_hours"": ""Su-Fr 07:30-21:00; Sa 07:30-17:00"", ""outdoor_seating"": ""yes"", ""phone"": ""+1 919-513-2013"", ""ref"": ""1009485"", ""takeaway"": ""yes"", ""website"": ""https://www.starbucks.com/store-locator/store/1009485/ncsu-talley-student-union-2610-cates-ave-raleigh-nc-27607-us""}",2026-10-10T14:14:29Z,OpenStreetMap Overpass API,False,POINT (-78.670718 35.783478)
RAL-03A_osm_node_7706101071,RAL-03A,Raleigh,node,7706101071,Bike Route,bike route,Point,35.7826229,-78.6787081,tourism,information,,City of Raleigh,,,,,"{""information"": ""guidepost"", ""name"": ""Bike Route"", ""note"": ""To Sign; Centennial Campus sign; bike route sign; forward arrow"", ""operator"": ""City of Raleigh"", ""ref"": ""7"", ""tourism"": ""information""}",2026-10-10T14:14:29Z,OpenStreetMap Overpass API,False,POINT (-78.678708 35.782623)
RAL-03A_osm_relation_14962502,RAL-03A,Raleigh,relation,14962502,Paul Derr Track,paul derr track,Point,35.7816862,-78.6692876,leisure,track,,,,,,,"{""lanes"": ""8"", ""leisure"": ""track"", ""name"": ""Paul Derr Track"", ""sport"": ""running"", ""surface"": ""tartan"", ""type"": ""multipolygon"", ""width"": ""8.75""}",2026-10-10T14:14:29Z,OpenStreetMap Overpass API,False,POINT (-78.669288 35.781686)
RAL-03A_osm_way_133114595,RAL-03A,Raleigh,way,133114595,Dail Softball Stadium,dail softball stadium,Polygon,35.782295899999994,-78.67049131718011,leisure,pitch,,,,,,,"{""leisure"": ""pitch"", ""name"": ""Dail Softball Stadium"", ""sport"": ""baseball""}",2026-10-10T14:14:29Z,OpenStreetMap Overpass API,False,"POLYGON ((-78.670863 35.782358, -78.670749 35.782592, -78.670663 35.782617, -78.67039 35.782511, -78.670077 35.782338, -78.670119 35.782254, -78.670182 35.782178, -78.670259 35.782104, -78.670327 35.782051, -78.670407 35.781998, -78.670484 35.781977, -78.670737 35.781982, -78.670974 35.782042, -78.670863 35.782358))"
RAL-03A_osm_way_1562223081,RAL-03A,Raleigh,way,1562223081,NC State University,nc state university,Polygon,35.78441505,-78.6711803811497,amenity,food_court,,NC State University,,,,,"{""amenity"": ""food_court"", ""indoor"": ""area"", ""internet_access:fee"": ""no"", ""operator"": ""NC State University""}",2026-10-10T14:14:29Z,OpenStreetMap Overpass API,False,"POLYGON ((-78.671547 35.784504, -78.671381 35.784464, -78.67122 35.78435, -78.671121 35.784251, -78.671063 35.784159, -78.670925 35.784138, -78.670949 35.784366, -78.671011 35.784339, -78.671101 35.784521, -78.671147 35.784481, -78.671341 35.784608, -78.671362 35.784563, -78.671537 35.784652, -78.671545 35.784617, -78.671547 35.784504))"
RAL-03A_osm_way_234727995,RAL-03A,Raleigh,way,234727995,Upper Miller Field,upper miller field,Polygon,35.78228865,-78.67524776893187,leisure,pitch,,,,,,,"{""leisure"": ""pitch"", ""name"": ""Upper Miller Field"", ""sport"": ""soccer"", ""surface"": ""artificial_turf""}",2026-10-10T14:14:29Z,OpenStreetMap Overpass API,False,"POLYGON ((-78.675449 35.782532, -78.675767 35.782046, -78.674854 35.781631, -78.674516 35.781649, -78.67397 35.781563, -78.6738 35.781817, -78.675449 35.782532))"
RAL-03A_osm_way_238490956,RAL-03A,Raleigh,way,238490956,Dail Soccer Field,dail soccer field,Polygon,35.7816824,-78.66929819600873,leisure,pitch,,,,,,,"{""leisure"": ""pitch"", ""lit"": ""yes"", ""name"": ""Dail Soccer Field"", ""sport"": ""soccer"", ""surface"": ""grass""}",2026-10-10T14:14:29Z,OpenStreetMap Overpass API,False,"POLYGON ((-78.668872 35.781204, -78.668571 35.781741, -78.668638 35.781796, -78.669569 35.782142, -78.66965 35.782163, -78.669726 35.782166, -78.670025 35.781624, -78.669971 35.781583, -78.669893 35.781544, -78.669041 35.781231, -78.66896 35.78121, -78.668872 35.781204))"
RAL-03A_osm_way_238493964,RAL-03A,Raleigh,way,238493964,Carmichael Gymnasium,carmichael gymnasium,Polygon,35.7838306,-78.67313659530376,leisure,sports_centre,,,city=Raleigh; postcode=27606; state=NC,,,,"{""addr:city"": ""Raleigh"", ""addr:postcode"": ""27606"", ""addr:state"": ""NC"", ""building"": ""yes"", ""building:levels"": ""2"", ""building:use"": ""commercial"", ""ele"": ""105"", ""leisure"": ""sports_centre"", ""name"": ""Carmichael Gymnasium"", ""source"": ""USGS Geonames""}",2026-10-10T14:14:29Z,OpenStreetMap Overpass API,False,"POLYGON ((-78.672671 35.783614, -78.672686 35.783587, -78.672719 35.783599, -78.672763 35.78352, -78.673701 35.78386, -78.673794 35.783894, -78.673633 35.784186, -78.672572 35.783801, -78.672531 35.783786, -78.672602 35.783658, -78.67264 35.783671, -78.672671 35.783614))"
RAL-03A_osm_way_238493965,RAL-03A,Raleigh,way,238493965,Carmichael Gymnasium,carmichael gymnasium,Polygon,35.78371555,-78.67254834159246,leisure,sports_centre,,,state=NC,,,,"{""addr:state"": ""NC"", ""building"": ""yes"", ""building:use"": ""commercial"", ""ele"": ""105"", ""leisure"": ""sports_centre"", ""name"": ""Carmichael Gymnasium"", ""source"": ""USGS Geonames""}",2026-10-10T14:14:29Z,OpenStreetMap Overpass API,False,"POLYGON ((-78.672531 35.783786, -78.67251 35.783825, -78.672484 35.783816, -78.672454 35.783805, -78.67247 35.783777, -78.672479 35.78376, -78.672498 35.783767, -78.672613 35.783559, -78.672631 35.783565, -78.672653 35.783573, -78.672637 35.783601, -78.672671 35.783614, -78.67264 35.783671, -78.672602 35.783658, -78.672531 35.783786))"
RAL-03A_osm_way_238494315,RAL-03A,Raleigh,way,238494315,Carmichael Recreation Center,carmichael recreation center,Polygon,35.7826838,-78.67159211935527,leisure,sports_centre,,,city=Raleigh; postcode=27606; state=NC,,,,"{""addr:city"": ""Raleigh"", ""addr:postcode"": ""27606"", ""addr:state"": ""NC"", ""building"": ""yes"", ""building:levels"": ""3"", ""ele"": ""105"", ""leisure"": ""sports_centre"", ""name"": ""Carmichael Recreation Center"", ""opening_hours"": ""Mo-Th 06:00-23:00; Fr 06:00-21:00; Sa 09:00-19:00; Su 10:00-23:00"", ""opening_hours:url"": ""https://wellrec.dasa.ncsu.edu/facilities/facilities-hours/"", ""source"": ""USGS Geonames""}",2026-10-10T14:14:29Z,OpenStreetMap Overpass API,False,"POLYGON ((-78.671399 35.78247, -78.671314 35.782611, -78.671328 35.782617, -78.671276 35.782708, -78.671783 35.782896, -78.671803 35.782853, -78.671834 35.78286, -78.671846 35.782802, -78.671832 35.782795, -78.671908 35.782659, -78.671399 35.78247))"
RAL-03A_osm_way_239913307,RAL-03A,Raleigh,way,239913307,Lee Field,lee field,Polygon,35.786664099999996,-78.6786312905521,leisure,park,,,,,,,"{""ele"": ""120"", ""leisure"": ""park"", ""name"": ""Lee Field""}",2026-10-10T14:14:29Z,OpenStreetMap Overpass API,False,"POLYGON ((-78.678666 35.78742, -78.67796 35.787164, -78.678081 35.78693, -78.678055 35.786779, -78.678445 35.786041, -78.679379 35.786384, -78.67929 35.786549, -78.678989 35.78679, -78.678666 35.78742))"
RAL-03A_osm_way_297307412,RAL-03A,Raleigh,way,297307412,Wolf Plaza,wolf plaza,Polygon,35.7849862,-78.67201417096571,leisure,park,,,,,,,"{""leisure"": ""park"", ""lit"": ""yes"", ""name"": ""Wolf Plaza"", ""surface"": ""brick""}",2026-10-10T14:14:29Z,OpenStreetMap Overpass API,False,"POLYGON ((-78.672123 35.785113, -78.671978 35.785059, -78.671826 35.785004, -78.6719 35.784858, -78.67206 35.784916, -78.672204 35.784968, -78.672123 35.785113))"
RAL-03A_osm_way_33076658,RAL-03A,Raleigh,way,33076658,Weisiger Brown Athletic Facility,weisiger brown athletic facility,Polygon,35.78061815,-78.6707557472042,leisure,sports_centre,,,city=Raleigh; housenumber=2500; state=NC; street=Warren Carroll Drive,,,,"{""addr:city"": ""Raleigh"", ""addr:housenumber"": ""2500"", ""addr:state"": ""NC"", ""addr:street"": ""Warren Carroll Drive"", ""building"": ""university"", ""ele"": ""116"", ""leisure"": ""sports_centre"", ""name"": ""Weisiger Brown Athletic Facility"", ""opening_hours"": ""Mo-Fr 08:00-17:00""}",2026-10-10T14:14:29Z,OpenStreetMap Overpass API,False,"POLYGON ((-78.671106 35.780205, -78.67099 35.780256, -78.671013 35.780289, -78.670562 35.780489, -78.670396 35.780242, -78.670313 35.780118, -78.670092 35.780216, -78.670039 35.78024, -78.670516 35.780949, -78.670583 35.780919, -78.670639 35.781002, -78.670914 35.78088, -78.671037 35.781064, -78.671148 35.781014, -78.671083 35.780917, -78.671213 35.78086, -78.67115 35.780766, -78.671279 35.780709, -78.671156 35.780527, -78.671284 35.780471, -78.671106 35.780205))"
RAL-03A_osm_way_33077427,RAL-03A,Raleigh,way,33077427,Doak Field,doak field,Polygon,35.78715715,-78.67953449842592,leisure,pitch,,,,Q5286467,en:Doak Field,,"{""leisure"": ""pitch"", ""name"": ""Doak Field"", ""sport"": ""baseball"", ""wikidata"": ""Q5286467"", ""wikipedia"": ""en:Doak Field""}",2026-10-10T14:14:29Z,OpenStreetMap Overpass API,False,"POLYGON ((-78.679824 35.787726, -78.679349 35.787548, -78.679176 35.787346, -78.678913 35.787251, -78.679095 35.786829, -78.679369 35.786637, -78.679806 35.786635, -78.68024 35.786824, -78.680104 35.787064, -78.680135 35.78731, -78.679916 35.787698, -78.679824 35.787726))"
RAL-03A_osm_way_386408142,RAL-03A,Raleigh,way,386408142,Method Soccer Field,method soccer field,Polygon,35.78756965,-78.69299407417958,leisure,pitch,,,,,,,"{""leisure"": ""pitch"", ""name"": ""Method Soccer Field"", ""sport"": ""soccer""}",2026-10-10T14:14:29Z,OpenStreetMap Overpass API,False,"POLYGON ((-78.69365 35.787876, -78.693663 35.787282, -78.692338 35.787263, -78.692325 35.787857, -78.69365 35.787876))"
RAL-03A_osm_way_386408143,RAL-03A,Raleigh,way,386408143,Method Soccer Field,method soccer field,Polygon,35.78859365,-78.69302160000001,leisure,pitch,,,,,,,"{""leisure"": ""pitch"", ""name"": ""Method Soccer Field"", ""sport"": ""soccer""}",2026-10-10T14:14:29Z,OpenStreetMap Overpass API,False,"POLYGON ((-78.693677 35.7889, -78.693691 35.788306, -78.692366 35.788287, -78.692353 35.788881, -78.693677 35.7889))"
RAL-03A_osm_way_461320208,RAL-03A,Raleigh,way,461320208,North Carolina State University Central Campus,north carolina state university central campus,Polygon,35.783828549999996,-78.67138252427054,amenity,university,,,,,,,"{""amenity"": ""university"", ""name"": ""North Carolina State University Central Campus""}",2026-10-10T14:14:29Z,OpenStreetMap Overpass API,False,"POLYGON ((-78.674835 35.786387, -78.666416 35.783354, -78.665357 35.782972, -78.665922 35.781877, -78.666601 35.781541, -78.667141 35.781002, -78.66718 35.780332, -78.667257 35.780359, -78.668194 35.780693, -78.668627 35.780848, -78.670301 35.781627, -78.67111 35.782003, -78.671254 35.78207, -78.671283 35.782084, -78.676051 35.784303, -78.674835 35.786387))"
RAL-03A_osm_way_468521308,RAL-03A,Raleigh,way,468521308,Tri-Towers Common Area,tri towers common area,Polygon,35.78493625,-78.67346955047873,leisure,park,,,,,,,"{""landuse"": ""recreation_ground"", ""leisure"": ""park"", ""name"": ""Tri-Towers Common Area""}",2026-10-10T14:14:29Z,OpenStreetMap Overpass API,False,"POLYGON ((-78.673787 35.785376, -78.67407 35.784831, -78.673703 35.784697, -78.673773 35.78455, -78.673616 35.784495, -78.673543 35.784639, -78.67317 35.7845, -78.672865 35.785041, -78.673201 35.785166, -78.673294 35.785136, -78.673327 35.785214, -78.673787 35.785376))"
RAL-03A_osm_way_47837907,RAL-03A,Raleigh,way,47837907,Case Academic Center,case academic center,Polygon,35.7828393,-78.66958002765699,leisure,sports_centre,,,city=Raleigh; state=NC,,,,"{""addr:city"": ""Raleigh"", ""addr:state"": ""NC"", ""building"": ""yes"", ""building:use"": ""commercial"", ""ele"": ""109"", ""leisure"": ""sports_centre"", ""name"": ""Case Academic Center"", ""source"": ""USGS Geonames""}",2026-10-10T14:14:29Z,OpenStreetMap Overpass API,False,"POLYGON ((-78.669542 35.782944, -78.66937 35.782882, -78.669402 35.782823, -78.669404 35.782819, -78.669376 35.782809, -78.669378 35.782802, -78.669417 35.782731, -78.669446 35.782742, -78.669481 35.782679, -78.669733 35.782772, -78.669792 35.782794, -78.669786 35.782804, -78.669758 35.782856, -78.669787 35.782866, -78.669744 35.782945, -78.669741 35.782944, -78.669715 35.782935, -78.669684 35.782993, -78.669683 35.782994, -78.66962 35.782972, -78.669542 35.782944))"
RAL-03A_osm_way_47837910,RAL-03A,Raleigh,way,47837910,Thompson Hall,thompson hall,Polygon,35.7827872,-78.6669105497341,amenity,theatre,,,city=Raleigh; housenumber=2241; postcode=27607; state=NC; street=Dunn Avenue,,,,"{""addr:city"": ""Raleigh"", ""addr:housenumber"": ""2241"", ""addr:postcode"": ""27607"", ""addr:state"": ""NC"", ""addr:street"": ""Dunn Avenue"", ""amenity"": ""theatre"", ""building"": ""yes"", ""building:use"": ""commercial"", ""name"": ""Thompson Hall"", ""source"": ""WakeGIS""}",2026-10-10T14:14:29Z,OpenStreetMap Overpass API,False,"POLYGON ((-78.666635 35.782994, -78.666685 35.782904, -78.666643 35.782889, -78.66683 35.782555, -78.666869 35.782569, -78.666919 35.782479, -78.666971 35.782498, -78.667063 35.782333, -78.667227 35.782394, -78.667136 35.782557, -78.667188 35.782576, -78.667136 35.78267, -78.667178 35.782685, -78.666994 35.783014, -78.666956 35.783, -78.666904 35.783093, -78.666635 35.782994))"
RAL-03A_osm_way_47917752,RAL-03A,Raleigh,way,47917752,Student Health Center,student health center,Polygon,35.7846124,-78.67521555218113,healthcare,doctor,,,city=Raleigh; housenumber=2815; postcode=27607; state=NC; street=Cates Avenue,,,,"{""addr:city"": ""Raleigh"", ""addr:housenumber"": ""2815"", ""addr:postcode"": ""27607"", ""addr:state"": ""NC"", ""addr:street"": ""Cates Avenue"", ""amenity"": ""doctors"", ""building"": ""yes"", ""building:use"": ""commercial"", ""fax"": ""+1-888-972-4151"", ""healthcare"": ""doctor"", ""name"": ""Student Health Center"", ""opening_hours"": ""Mo,We-Fr 08:00-17:00; Tu 09:00-17:00; Sa 09:00-12:00"", ""phone"": ""+1-919-515-2563"", ""source"": ""WakeGIS""}",2026-10-10T14:14:29Z,OpenStreetMap Overpass API,False,"POLYGON ((-78.675603 35.784509, -78.675743 35.784559, -78.675562 35.78489, -78.675594 35.784901, -78.675578 35.78493, -78.67544 35.784881, -78.675416 35.784924, -78.675312 35.784886, -78.675336 35.784842, -78.675215 35.784798, -78.675189 35.784846, -78.674688 35.784665, -78.674815 35.784434, -78.675078 35.784529, -78.675174 35.784354, -78.675494 35.78447, -78.675603 35.784509))"
RAL-03A_osm_way_47917962,RAL-03A,Raleigh,way,47917962,Fountain Dining Hall,fountain dining hall,Polygon,35.785473350000004,-78.67763957414527,amenity,restaurant,,,city=Raleigh; housenumber=2520; postcode=27607; state=NC; street=Sullivan Drive,,,https://dining.ncsu.edu/location/fountain/,"{""addr:city"": ""Raleigh"", ""addr:housenumber"": ""2520"", ""addr:postcode"": ""27607"", ""addr:state"": ""NC"", ""addr:street"": ""Sullivan Drive"", ""amenity"": ""restaurant"", ""building"": ""yes"", ""building:levels"": ""1"", ""building:material"": ""brick"", ""building:use"": ""commercial"", ""check_date"": ""2025-11-22"", ""name"": ""Fountain Dining Hall"", ""opening_hours"": ""Mo-Fr 07:00-21:00; Sa-Su 09:00-21:00; SH off"", ""payment:cash"": ""yes"", ""payment:credit_cards"": ""yes"", ""payment:debit_cards"": ""yes"", ""source"": ""WakeGIS"", ""website"": ""https://dining.ncsu.edu/location/fountain/""}",2026-10-10T14:14:29Z,OpenStreetMap Overpass API,False,"POLYGON ((-78.677353 35.785486, -78.677368 35.785457, -78.677387 35.785424, -78.677293 35.78539, -78.677432 35.785136, -78.677749 35.785249, -78.677759 35.785231, -78.678003 35.785318, -78.677978 35.785366, -78.678017 35.78538, -78.677963 35.78548, -78.677923 35.785466, -78.677838 35.785623, -78.677769 35.785598, -78.677651 35.785816, -78.677344 35.785706, -78.677413 35.78558, -78.677383 35.785569, -78.67735 35.785557, -78.677364 35.785531, -78.677382 35.785497, -78.677353 35.785486))"
RAL-03A_osm_way_47948195,RAL-03A,Raleigh,way,47948195,Price Music Center,price music center,Polygon,35.78407955,-78.67171719877949,amenity,arts_centre,,,city=Raleigh; housenumber=2620; postcode=27607; state=NC; street=Cates Avenue,,,,"{""addr:city"": ""Raleigh"", ""addr:housenumber"": ""2620"", ""addr:postcode"": ""27607"", ""addr:state"": ""NC"", ""addr:street"": ""Cates Avenue"", ""amenity"": ""arts_centre"", ""building"": ""yes"", ""building:use"": ""commercial"", ""ele"": ""112"", ""name"": ""Price Music Center"", ""source"": ""USGS Geonames""}",2026-10-10T14:14:29Z,OpenStreetMap Overpass API,False,"POLYGON ((-78.671447 35.784192, -78.671638 35.783844, -78.671715 35.783872, -78.671718 35.783867, -78.671759 35.783882, -78.671804 35.783899, -78.671818 35.783905, -78.671922 35.783943, -78.671961 35.783957, -78.671988 35.783967, -78.671763 35.784376, -78.671661 35.784339, -78.671415 35.78425, -78.671447 35.784192))"
RAL-03A_osm_way_503259478,RAL-03A,Raleigh,way,503259478,Wolf Vilage Volleyball Courts,wolf vilage volleyball courts,Polygon,35.78578895,-78.68468336150106,leisure,pitch,,,,,,,"{""leisure"": ""pitch"", ""lit"": ""no"", ""name"": ""Wolf Vilage Volleyball Courts"", ""sport"": ""beachvolleyball"", ""surface"": ""sand""}",2026-10-10T14:14:29Z,OpenStreetMap Overpass API,False,"POLYGON ((-78.684835 35.785867, -78.684864 35.785804, -78.684836 35.785774, -78.684815 35.785723, -78.684805 35.785682, -78.684813 35.785647, -78.684784 35.785627, -78.684733 35.785624, -78.684476 35.785699, -78.684583 35.785936, -78.684835 35.785867))"
RAL-03A_osm_way_555447298,RAL-03A,Raleigh,way,555447298,Parents Park,parents park,Polygon,35.7861583,-78.67974414558478,leisure,park,,,,,,,"{""description"": ""This beautifully landscaped area is adjacent to Lee Residence Hall."", ""landuse"": ""recreation_ground"", ""leisure"": ""park"", ""name"": ""Parents Park""}",2026-10-10T14:14:29Z,OpenStreetMap Overpass API,False,"POLYGON ((-78.680619 35.786873, -78.680901 35.786606, -78.680853 35.786486, -78.680589 35.786255, -78.680354 35.786045, -78.680156 35.785886, -78.679912 35.785703, -78.679599 35.785449, -78.679328 35.785268, -78.67927 35.785306, -78.679172 35.785316, -78.678997 35.785477, -78.678936 35.785487, -78.678783 35.785744, -78.678851 35.785818, -78.678887 35.785885, -78.678781 35.786062, -78.67959 35.786407, -78.680619 35.786873))"
RAL-03A_osm_way_578649946,RAL-03A,Raleigh,way,578649946,Stafford Commons,stafford commons,Polygon,35.78469575,-78.67109596022726,leisure,park,,,,,,,"{""leisure"": ""park"", ""name"": ""Stafford Commons""}",2026-10-10T14:14:29Z,OpenStreetMap Overpass API,False,"POLYGON ((-78.670264 35.784441, -78.670221 35.784452, -78.670259 35.784485, -78.670293 35.784505, -78.67032 35.784529, -78.670353 35.784566, -78.670382 35.784595, -78.670429 35.784633, -78.67047 35.784659, -78.670516 35.78468, -78.670555 35.78469, -78.670599 35.784701, -78.670689 35.784717, -78.670759 35.784737, -78.670842 35.784775, -78.670894 35.784801, -78.671012 35.784859, -78.671225 35.784914, -78.671348 35.784953, -78.67152 35.785046, -78.671762 35.78513, -78.671826 35.785004, -78.671929 35.7848, -78.671714 35.784728, -78.671549 35.784675, -78.671358 35.784583, -78.671356 35.784585, -78.671341 35.784608, -78.671299 35.784677, -78.671083 35.784546, -78.670942 35.784452, -78.670902 35.784433, -78.670861 35.784409, -78.670811 35.784376, -78.670764 35.784352, -78.670725 35.784326, -78.670684 35.7843, -78.67066 35.784282, -78.670652 35.78427, -78.670636 35.784251, -78.670557 35.784308, -78.670462 35.784363, -78.67033 35.784421, -78.670293 35.784434, -78.670264 35.784441))"
RAL-03A_osm_way_80565483,RAL-03A,Raleigh,way,80565483,Tucker-Owen Beach,tucker owen beach,Polygon,35.785008399999995,-78.67359049999999,leisure,pitch,,,,,,,"{""leisure"": ""pitch"", ""name"": ""Tucker-Owen Beach"", ""sport"": ""beachvolleyball"", ""surface"": ""sand""}",2026-10-10T14:14:29Z,OpenStreetMap Overpass API,False,"POLYGON ((-78.673708 35.785009, -78.673524 35.78493, -78.673473 35.785008, -78.673657 35.785087, -78.673708 35.785009))"
RAL-03A_osm_way_98673119,RAL-03A,Raleigh,way,98673119,Lower Miller Field,lower miller field,Polygon,35.78302,-78.67522787706389,leisure,pitch,,,,,,,"{""leisure"": ""pitch"", ""lit"": ""yes"", ""name"": ""Lower Miller Field"", ""sport"": ""soccer"", ""surface"": ""grass""}",2026-10-10T14:14:29Z,OpenStreetMap Overpass API,False,"POLYGON ((-78.676498 35.783907, -78.676706 35.783776, -78.677127 35.783422, -78.675272 35.782594, -78.672762 35.781511, -78.67248 35.781535, -78.672268 35.781584, -78.67206 35.781644, -78.671872 35.78172, -78.671757 35.781805, -78.67171 35.781885, -78.67176 35.781903, -78.671792 35.781996, -78.672214 35.782168, -78.672222 35.782155, -78.672238 35.782162, -78.672255 35.782169, -78.672247 35.782181, -78.672362 35.78223, -78.673281 35.782618, -78.67556 35.783584, -78.675782 35.783669, -78.676047 35.783756, -78.676353 35.783858, -78.676498 35.783907))"
RAL-03B_osm_node_7243433247,RAL-03B,Raleigh,node,7243433247,Pullen Park,pullen park,Point,35.7799008,-78.661702,amenity,bicycle_rental,,,,,,,"{""amenity"": ""bicycle_rental"", ""capacity"": ""16"", ""name"": ""Pullen Park"", ""network"": ""Citrix Cycle""}",2026-10-10T14:14:29Z,OpenStreetMap Overpass API,False,POINT (-78.661702 35.779901)
RAL-03B_osm_relation_8248496,RAL-03B,Raleigh,relation,8248496,Pullen Aquatic Center,pullen aquatic center,Polygon,35.7809338,-78.66150114165659,leisure,sports_centre,,,,,,,"{""building"": ""commercial"", ""leisure"": ""sports_centre"", ""name"": ""Pullen Aquatic Center"", ""source"": ""WakeGIS"", ""sport"": ""swimming"", ""type"": ""multipolygon""}",2026-10-10T14:14:29Z,OpenStreetMap Overpass API,False,"POLYGON ((-78.661288 35.780844, -78.661416 35.780636, -78.66148 35.780537, -78.661757 35.780651, -78.661785 35.780605, -78.661906 35.780654, -78.66193 35.780664, -78.661888 35.780733, -78.661774 35.780917, -78.661799 35.78095, -78.661739 35.78098, -78.661717 35.780972, -78.66164 35.781095, -78.661667 35.781106, -78.661635 35.781158, -78.661606 35.781146, -78.661538 35.781255, -78.661506 35.781308, -78.661504 35.78131, -78.661102 35.781145, -78.66113 35.781099, -78.66111 35.781091, -78.661197 35.78095, -78.661203 35.780953, -78.661258 35.78087, -78.661288 35.780844))"
RAL-03B_osm_way_1442028609,RAL-03B,Raleigh,way,1442028609,,,Point,35.7798113,-78.6626404,amenity,theatre,,,,,,,"{""amenity"": ""theatre"", ""theatre:type"": ""amphi""}",2026-10-10T14:14:29Z,OpenStreetMap Overpass API,False,POINT (-78.66264 35.779811)
RAL-03B_osm_way_47776986,RAL-03B,Raleigh,way,47776986,Theater In The Park,theater in the park,Point,35.784287,-78.6624423,amenity,theatre,,,,,,,"{""amenity"": ""theatre"", ""building"": ""yes"", ""building:use"": ""commercial"", ""name"": ""Theater In The Park"", ""ownership"": ""municipal"", ""source"": ""NC Center for Geographic Information and Analysis, Raleigh, North Carolina (http://www.nconemap.com)""}",2026-10-10T14:14:29Z,OpenStreetMap Overpass API,False,POINT (-78.662442 35.784287)
RAL-03B_osm_way_47933086,RAL-03B,Raleigh,way,47933086,Pullen Place,pullen place,Point,35.7792305,-78.6630535,amenity,fast_food,,,,,,,"{""amenity"": ""fast_food"", ""building"": ""commercial"", ""building:use"": ""commercial"", ""name"": ""Pullen Place"", ""outdoor_seating"": ""yes"", ""source"": ""WakeGIS"", ""takeaway"": ""only""}",2026-10-10T14:14:29Z,OpenStreetMap Overpass API,False,POINT (-78.663054 35.77923)
RAL-03B_osm_way_47933092,RAL-03B,Raleigh,way,47933092,Carousel,carousel,Point,35.7799362,-78.6637855,tourism,attraction,,Pullen Park Amusements,,Q7259432,en:Pullen Park Carousel,,"{""building"": ""yes"", ""building:use"": ""commercial"", ""heritage"": ""2"", ""heritage:operator"": ""nrhp"", ""historic"": ""yes"", ""name"": ""Carousel"", ""operator"": ""Pullen Park Amusements"", ""ref:nrhp"": ""76001344"", ""source"": ""WakeGIS"", ""start_date"": ""1924"", ""tourism"": ""attraction"", ""wikidata"": ""Q7259432"", ""wikipedia"": ""en:Pullen Park Carousel""}",2026-10-10T14:14:29Z,OpenStreetMap Overpass API,False,POINT (-78.663786 35.779936)
RAL-03B_osm_way_583700646,RAL-03B,Raleigh,way,583700646,Pullen Park Amusement Center,pullen park amusement center,Point,35.7796454,-78.6641087,tourism,theme_park,,,,,,,"{""name"": ""Pullen Park Amusement Center"", ""tourism"": ""theme_park""}",2026-10-10T14:14:29Z,OpenStreetMap Overpass API,False,POINT (-78.664109 35.779645)
RAL-03B_osm_way_583703196,RAL-03B,Raleigh,way,583703196,Pullen Community Center,pullen community center,Point,35.780655,-78.6608726,amenity,community_centre,,,,,,,"{""amenity"": ""community_centre"", ""building"": ""yes"", ""name"": ""Pullen Community Center""}",2026-10-10T14:14:29Z,OpenStreetMap Overpass API,False,POINT (-78.660873 35.780655)
RAL-03B_osm_way_942676234,RAL-03B,Raleigh,way,942676234,Fountain Terrace,fountain terrace,Point,35.7801414,-78.6646975,tourism,picnic_site,,Pullen Park Amusements,,,,,"{""access"": ""yes"", ""name"": ""Fountain Terrace"", ""operator"": ""Pullen Park Amusements"", ""tourism"": ""picnic_site""}",2026-10-10T14:14:29Z,OpenStreetMap Overpass API,False,POINT (-78.664698 35.780141)
RAL-04_osm_node_11161470206,RAL-04,Raleigh,node,11161470206,Social Fabric,social fabric,Point,35.7701476,-78.678258,amenity,cafe,,,housenumber=1020; street=Main Campus Drive,,,,"{""addr:housenumber"": ""1020"", ""addr:street"": ""Main Campus Drive"", ""amenity"": ""cafe"", ""name"": ""Social Fabric"", ""opening_hours"": ""Mo-Fr 07:30-15:00""}",2026-10-10T14:14:29Z,OpenStreetMap Overpass API,False,POINT (-78.678258 35.770148)
RAL-04_osm_node_11195223019,RAL-04,Raleigh,node,11195223019,"National Weather Service - Raleigh, NC",national weather service raleigh nc,Point,35.7723633,-78.680487,office,government,,National Weather Service,,,,,"{""check_date:opening_hours"": ""2023-10-30"", ""government"": ""public_service"", ""name"": ""National Weather Service - Raleigh, NC"", ""office"": ""government"", ""opening_hours:signed"": ""no"", ""operator"": ""National Weather Service"", ""operator:short"": ""NWS"", ""operator:wikidata"": ""Q1066823""}",2026-10-10T14:14:29Z,OpenStreetMap Overpass API,False,POINT (-78.680487 35.772363)
RAL-04_osm_node_13368817701,RAL-04,Raleigh,node,13368817701,Tammy Lynn Center,tammy lynn center,Point,35.7687355,-78.6837782,amenity,school,,,housenumber=739; postcode=27606; street=Chappell Drive,,,https://www.nctlc.org/,"{""addr:housenumber"": ""739"", ""addr:postcode"": ""27606"", ""addr:street"": ""Chappell Drive"", ""amenity"": ""school"", ""name"": ""Tammy Lynn Center"", ""phone"": ""+1-919-832-3909"", ""website"": ""https://www.nctlc.org/""}",2026-10-10T14:14:29Z,OpenStreetMap Overpass API,False,POINT (-78.683778 35.768736)
RAL-04_osm_node_13706327099,RAL-04,Raleigh,node,13706327099,321 Coffee - NC State Centennial,321 coffee nc state centennial,Point,35.772436,-78.6779958,amenity,cafe,,,city=Raleigh; housenumber=930; postcode=27606; state=NC; street=Main Campus Drive; unit=151,,,https://321coffee.com,"{""addr:city"": ""Raleigh"", ""addr:housenumber"": ""930"", ""addr:postcode"": ""27606"", ""addr:state"": ""NC"", ""addr:street"": ""Main Campus Drive"", ""addr:unit"": ""151"", ""amenity"": ""cafe"", ""cuisine"": ""coffee_shop"", ""description"": ""Casual, small coffee shop. Features a small but curated and well labeled menu of coffees, teas, and other beverages, as well as a selection of pastries and pre-made meals. Seating is available to work or meet."", ""internet_access"": ""yes"", ""internet_access:fee"": ""no"", ""name"": ""321 Coffee - NC State Centennial"", ""opening_hours"": ""Mo-Fr 07:00-16:00"", ""outdoor_seating"": ""yes"", ""website"": ""https://321coffee.com""}",2026-10-10T14:14:29Z,OpenStreetMap Overpass API,False,POINT (-78.677996 35.772436)
RAL-04_osm_node_2104454759,RAL-04,Raleigh,node,2104454759,Disc Golf Course,disc golf course,Point,35.7666882,-78.6768523,tourism,information,,,,,,,"{""information"": ""board"", ""name"": ""Disc Golf Course"", ""tourism"": ""information""}",2026-10-10T14:14:29Z,OpenStreetMap Overpass API,False,POINT (-78.676852 35.766688)
RAL-04_osm_node_2190454252,RAL-04,Raleigh,node,2190454252,Lake Raleigh Public Fishing Area,lake raleigh public fishing area,Point,35.7667311,-78.6776953,leisure,fishing,,,,,,,"{""fishing"": ""yes"", ""leisure"": ""fishing"", ""name"": ""Lake Raleigh Public Fishing Area""}",2026-10-10T14:14:29Z,OpenStreetMap Overpass API,False,POINT (-78.677695 35.766731)
RAL-04_osm_node_2470635859,RAL-04,Raleigh,node,2470635859,Common Grounds Café & Creamery,common grounds caf and creamery,Point,35.7696433,-78.6765448,amenity,cafe,,,,,,https://www.ncsudining.com/locations/restaurants-cafes/hunt-library/,"{""amenity"": ""cafe"", ""internet_access"": ""wlan"", ""name"": ""Common Grounds Café & Creamery"", ""opening_hours"": ""Mo-Th 08:00-23:00; Fr 08:00-17:00; Sa 10:00-17:00; Su 12:00-23:00"", ""source"": ""local knowledge"", ""website"": ""https://www.ncsudining.com/locations/restaurants-cafes/hunt-library/"", ""wheelchair"": ""yes""}",2026-10-10T14:14:29Z,OpenStreetMap Overpass API,False,POINT (-78.676545 35.769643)
RAL-04_osm_node_2470637788,RAL-04,Raleigh,node,2470637788,Port City Java Coffeehouse Café,port city java coffeehouse caf,Point,35.7717111,-78.6738559,amenity,cafe,,,,,,,"{""amenity"": ""cafe"", ""cuisine"": ""coffee_shop"", ""internet_access"": ""wlan"", ""name"": ""Port City Java Coffeehouse Café"", ""opening_hours"": ""Tu-Sa 07:30-15:00""}",2026-10-10T14:14:29Z,OpenStreetMap Overpass API,False,POINT (-78.673856 35.771711)
RAL-04_osm_node_2470661698,RAL-04,Raleigh,node,2470661698,William and Ida Friday Institute for Educational Innovation,william and ida friday institute for educational innovation,Point,35.7586559,-78.6880202,amenity,university,,,city=Raleigh; country=US; housenumber=1890; postcode=27606; state=NC; street=Main Campus Drive,,,https://www.fi.ncsu.edu/,"{""addr:city"": ""Raleigh"", ""addr:country"": ""US"", ""addr:housenumber"": ""1890"", ""addr:postcode"": ""27606"", ""addr:state"": ""NC"", ""addr:street"": ""Main Campus Drive"", ""amenity"": ""university"", ""name"": ""William and Ida Friday Institute for Educational Innovation"", ""website"": ""https://www.fi.ncsu.edu/""}",2026-10-10T14:14:29Z,OpenStreetMap Overpass API,False,POINT (-78.68802 35.758656)
RAL-04_osm_node_2470669436,RAL-04,Raleigh,node,2470669436,Department of Mechanical and Aerospace Engineering,department of mechanical and aerospace engineering,Point,35.7710755,-78.6738071,amenity,university,,,city=Raleigh; postcode=27606; state=NC,,,https://www.mae.ncsu.edu/,"{""addr:city"": ""Raleigh"", ""addr:postcode"": ""27606"", ""addr:state"": ""NC"", ""amenity"": ""university"", ""check_date"": ""2026-07-09"", ""name"": ""Department of Mechanical and Aerospace Engineering"", ""source"": ""local knowledge"", ""website"": ""https://www.mae.ncsu.edu/""}",2026-10-10T14:14:29Z,OpenStreetMap Overpass API,False,POINT (-78.673807 35.771076)
RAL-04_osm_node_2967838837,RAL-04,Raleigh,node,2967838837,Skema Business School,skema business school,Point,35.7726854,-78.6779008,office,educational_institution,,,city=Raleigh; country=US; housenumber=920; postcode=27606; state=NC; street=Main Campus Drive; unit=101,,,https://www.skema.edu/,"{""addr:city"": ""Raleigh"", ""addr:country"": ""US"", ""addr:housenumber"": ""920"", ""addr:postcode"": ""27606"", ""addr:state"": ""NC"", ""addr:street"": ""Main Campus Drive"", ""addr:unit"": ""101"", ""check_date:opening_hours"": ""2023-10-26"", ""name"": ""Skema Business School"", ""office"": ""educational_institution"", ""opening_hours:signed"": ""no"", ""phone"": ""+1 919 535 5700"", ""website"": ""https://www.skema.edu/""}",2026-10-10T14:14:29Z,OpenStreetMap Overpass API,False,POINT (-78.677901 35.772685)
RAL-04_osm_node_3011712773,RAL-04,Raleigh,node,3011712773,On the Oval Culinary Creations,on the oval culinary creations,Point,35.7702302,-78.6744446,amenity,restaurant,,,,,,,"{""amenity"": ""restaurant"", ""name"": ""On the Oval Culinary Creations""}",2026-10-10T14:14:29Z,OpenStreetMap Overpass API,False,POINT (-78.674445 35.77023)
RAL-04_osm_node_4316533637,RAL-04,Raleigh,node,4316533637,North Carolina State University (Centennial Campus),north carolina state university centennial campus,Point,35.7708033,-78.6747332,amenity,university,,,,Q24779,en:Centennial Campus of North Carolina State University,https://centennial.ncsu.edu/,"{""amenity"": ""university"", ""check_date"": ""2024-07-11"", ""name"": ""North Carolina State University (Centennial Campus)"", ""website"": ""https://centennial.ncsu.edu/"", ""wikidata"": ""Q24779"", ""wikipedia"": ""en:Centennial Campus of North Carolina State University""}",2026-10-10T14:14:29Z,OpenStreetMap Overpass API,False,POINT (-78.674733 35.770803)
RAL-04_osm_node_5267029052,RAL-04,Raleigh,node,5267029052,NC Japan Center,nc japan center,Point,35.7726648,-78.6667851,amenity,community_centre,,NC State University,city=Raleigh; housenumber=705; postcode=27603; state=NC; street=Barbour Drive,,,https://japan.ncsu.edu/,"{""addr:city"": ""Raleigh"", ""addr:housenumber"": ""705"", ""addr:postcode"": ""27603"", ""addr:state"": ""NC"", ""addr:street"": ""Barbour Drive"", ""amenity"": ""community_centre"", ""description"": ""Provides local cultural events and language classes."", ""email"": ""ncjapancenter@ncsu.edu"", ""name"": ""NC Japan Center"", ""operator"": ""NC State University"", ""phone"": ""+1-919-515-3450"", ""website"": ""https://japan.ncsu.edu/""}",2026-10-10T14:14:29Z,OpenStreetMap Overpass API,False,POINT (-78.666785 35.772665)
RAL-04_osm_node_5267029053,RAL-04,Raleigh,node,5267029053,"Theophilus Hunter, Sr.",theophilus hunter sr,Point,35.7720058,-78.6669116,historic,tomb,,,,,,https://japan.ncsu.edu/spring-hill-house.html,"{""cemetery"": ""grave"", ""historic"": ""tomb"", ""name"": ""Theophilus Hunter, Sr."", ""website"": ""https://japan.ncsu.edu/spring-hill-house.html""}",2026-10-10T14:14:29Z,OpenStreetMap Overpass API,False,POINT (-78.666912 35.772006)
RAL-04_osm_relation_8545666,RAL-04,Raleigh,relation,8545666,College of Engineering EB II / Oval Dr,college of engineering eb ii oval dr,Point,35.7721303,-78.6735556,public_transport,stop_area,,Transdev,,,,,"{""name"": ""College of Engineering EB II / Oval Dr"", ""network"": ""Wolfline"", ""operator"": ""Transdev"", ""public_transport"": ""stop_area"", ""type"": ""public_transport""}",2026-10-10T14:14:29Z,OpenStreetMap Overpass API,False,POINT (-78.673556 35.77213)
RAL-04_osm_way_1219349711,RAL-04,Raleigh,way,1219349711,Reds and Whites,reds and whites,Point,35.7697484,-78.6754443,tourism,artwork,,,,,,,"{""area"": ""yes"", ""artist_name"": ""Larry Bell"", ""artwork_type"": ""installation"", ""material"": ""glass"", ""name"": ""Reds and Whites"", ""source"": ""https://news.ncsu.edu/2024/05/reds-and-whites-artwork-larry-bell/"", ""tourism"": ""artwork""}",2026-10-10T14:14:29Z,OpenStreetMap Overpass API,False,POINT (-78.675444 35.769748)
RAL-04_osm_way_177166351,RAL-04,Raleigh,way,177166351,James B. Hunt Jr. Library,james b hunt jr library,Point,35.7692962,-78.6764433,amenity,library,,NC State,city=Raleigh; country=US; housenumber=1070; postcode=27606; state=NC; street=Partners Way,,,https://www.lib.ncsu.edu/huntlibrary,"{""addr:city"": ""Raleigh"", ""addr:country"": ""US"", ""addr:housenumber"": ""1070"", ""addr:postcode"": ""27606"", ""addr:state"": ""NC"", ""addr:street"": ""Partners Way"", ""amenity"": ""library"", ""building"": ""yes"", ""building:levels"": ""5"", ""contact:phone"": ""+1 919 515 7110"", ""contact:website"": ""https://www.lib.ncsu.edu/huntlibrary"", ""internet_access"": ""wlan"", ""name"": ""James B. Hunt Jr. Library"", ""opening_hours"": ""Mo-Th 00:00-24:00; Fr 00:00-22:00; Sa 09:00-22:00; Su 09:00-24:00"", ""operator"": ""NC State"", ""operator:type"": ""university"", ""ref"": ""783A"", ""short_name"": ""JHL"", ""website"": ""https://www.lib.ncsu.edu/huntlibrary""}",2026-10-10T14:14:29Z,OpenStreetMap Overpass API,False,POINT (-78.676443 35.769296)
RAL-04_osm_way_239262363,RAL-04,Raleigh,way,239262363,,,Point,35.7714621,-78.6742607,leisure,park,,,,,,,"{""leisure"": ""park""}",2026-10-10T14:14:29Z,OpenStreetMap Overpass API,False,POINT (-78.674261 35.771462)
RAL-04_osm_way_297305755,RAL-04,Raleigh,way,297305755,The Cistern,the cistern,Point,35.7689736,-78.6731175,leisure,park,,,,,,,"{""leisure"": ""park"", ""name"": ""The Cistern""}",2026-10-10T14:14:29Z,OpenStreetMap Overpass API,False,POINT (-78.673118 35.768974)
RAL-04_osm_way_341862749,RAL-04,Raleigh,way,341862749,K9 Training Course,k9 training course,Point,35.7709474,-78.6660461,amenity,training,,,,,,,"{""amenity"": ""training"", ""name"": ""K9 Training Course"", ""training"": ""K9""}",2026-10-10T14:14:29Z,OpenStreetMap Overpass API,False,POINT (-78.666046 35.770947)
RAL-04_osm_way_382297658,RAL-04,Raleigh,way,382297658,Information Booth,information booth,Point,35.7745518,-78.6792142,tourism,information,,,,,,,"{""building"": ""commercial"", ""information"": ""map"", ""name"": ""Information Booth"", ""nohousenumber"": ""yes"", ""tourism"": ""information""}",2026-10-10T14:14:29Z,OpenStreetMap Overpass API,False,POINT (-78.679214 35.774552)
RAL-04_osm_way_426252345,RAL-04,Raleigh,way,426252345,The Oval,the oval,Point,35.7705113,-78.6749236,leisure,park,,,,,,,"{""landuse"": ""recreation_ground"", ""leisure"": ""park"", ""name"": ""The Oval""}",2026-10-10T14:14:29Z,OpenStreetMap Overpass API,False,POINT (-78.674924 35.770511)
RAL-04_osm_way_426252349,RAL-04,Raleigh,way,426252349,,,Point,35.7695799,-78.6757292,leisure,park,,,,,,,"{""leisure"": ""park""}",2026-10-10T14:14:29Z,OpenStreetMap Overpass API,False,POINT (-78.675729 35.76958)
RAL-04_osm_way_426252350,RAL-04,Raleigh,way,426252350,,,Point,35.7694906,-78.675452,leisure,park,,,,,,,"{""leisure"": ""park""}",2026-10-10T14:14:29Z,OpenStreetMap Overpass API,False,POINT (-78.675452 35.769491)
RAL-04_osm_way_426252352,RAL-04,Raleigh,way,426252352,,,Point,35.771051,-78.6745619,leisure,park,,,,,,,"{""leisure"": ""park""}",2026-10-10T14:14:29Z,OpenStreetMap Overpass API,False,POINT (-78.674562 35.771051)
RAL-04_osm_way_426252353,RAL-04,Raleigh,way,426252353,,,Point,35.7704272,-78.6751571,leisure,park,,,,,,,"{""leisure"": ""park""}",2026-10-10T14:14:29Z,OpenStreetMap Overpass API,False,POINT (-78.675157 35.770427)
RAL-04_osm_way_430436305,RAL-04,Raleigh,way,430436305,Lonnie Poole Golf Course,lonnie poole golf course,Point,35.7581288,-78.6792347,leisure,golf_course,,,city=Raleigh; housenumber=1509; postcode=27606; street=Main Campus Drive,Q6674755,,https://www.lonniepoolegolfcourse.com/,"{""addr:city"": ""Raleigh"", ""addr:housenumber"": ""1509"", ""addr:postcode"": ""27606"", ""addr:street"": ""Main Campus Drive"", ""leisure"": ""golf_course"", ""name"": ""Lonnie Poole Golf Course"", ""phone"": ""+1 919 833 3338"", ""website"": ""https://www.lonniepoolegolfcourse.com/"", ""wikidata"": ""Q6674755""}",2026-10-10T14:14:29Z,OpenStreetMap Overpass API,False,POINT (-78.679235 35.758129)
RAL-04_osm_way_584475101,RAL-04,Raleigh,way,584475101,,,Point,35.7698726,-78.6772494,leisure,park,,,,,,,"{""leisure"": ""park""}",2026-10-10T14:14:29Z,OpenStreetMap Overpass API,False,POINT (-78.677249 35.769873)
RAL-04_osm_way_584475102,RAL-04,Raleigh,way,584475102,,,Point,35.7687614,-78.6760758,leisure,park,,,,,,,"{""leisure"": ""park""}",2026-10-10T14:14:29Z,OpenStreetMap Overpass API,False,POINT (-78.676076 35.768761)
RAL-04_osm_way_584475103,RAL-04,Raleigh,way,584475103,Venture Courtyard,venture courtyard,Point,35.7722866,-78.6777477,leisure,park,,,,,,,"{""leisure"": ""park"", ""name"": ""Venture Courtyard""}",2026-10-10T14:14:29Z,OpenStreetMap Overpass API,False,POINT (-78.677748 35.772287)
RAL-04_osm_way_584475104,RAL-04,Raleigh,way,584475104,,,Point,35.7741502,-78.6753413,leisure,park,,,,,,,"{""leisure"": ""park""}",2026-10-10T14:14:29Z,OpenStreetMap Overpass API,False,POINT (-78.675341 35.77415)
RAL-04_osm_way_584475823,RAL-04,Raleigh,way,584475823,Lake Raleigh Picnic Area,lake raleigh picnic area,Point,35.76833,-78.678466,leisure,park,,,,,,,"{""leisure"": ""park"", ""name"": ""Lake Raleigh Picnic Area""}",2026-10-10T14:14:29Z,OpenStreetMap Overpass API,False,POINT (-78.678466 35.76833)
RAL-04_osm_way_584475824,RAL-04,Raleigh,way,584475824,Textiles Courtyard,textiles courtyard,Point,35.7700732,-78.678948,leisure,park,,,,,,,"{""leisure"": ""park"", ""name"": ""Textiles Courtyard""}",2026-10-10T14:14:29Z,OpenStreetMap Overpass API,False,POINT (-78.678948 35.770073)
RAL-04_osm_way_677320792,RAL-04,Raleigh,way,677320792,"The StateView Hotel, Autograph Collection",the stateview hotel autograph collection,Point,35.7641033,-78.678102,tourism,hotel,,,city=Raleigh; housenumber=2451; postcode=27606; state=NC; street=Alumni Drive,,,https://www.marriott.com/hotels/travel/rduas-the-stateview-hotel-autograph-collection/,"{""addr:city"": ""Raleigh"", ""addr:housenumber"": ""2451"", ""addr:postcode"": ""27606"", ""addr:state"": ""NC"", ""addr:street"": ""Alumni Drive"", ""building"": ""yes"", ""email"": ""info@stateviewhotel.com"", ""fax"": ""+1-984-349-5143"", ""internet_access"": ""wlan"", ""internet_access:fee"": ""no"", ""name"": ""The StateView Hotel, Autograph Collection"", ""phone"": ""+1-919-743-0055"", ""tourism"": ""hotel"", ""website"": ""https://www.marriott.com/hotels/travel/rduas-the-stateview-hotel-autograph-collection/""}",2026-10-10T14:14:29Z,OpenStreetMap Overpass API,False,POINT (-78.678102 35.764103)
RAL-04_osm_way_779967278,RAL-04,Raleigh,way,779967278,The Greens Dog Park,the greens dog park,Point,35.7659424,-78.6729797,leisure,park,,,,,,,"{""leisure"": ""park"", ""name"": ""The Greens Dog Park""}",2026-10-10T14:14:29Z,OpenStreetMap Overpass API,False,POINT (-78.67298 35.765942)
RAL-04_osm_way_967122917,RAL-04,Raleigh,way,967122917,Hunt Rain Garden,hunt rain garden,Point,35.7690697,-78.6761996,leisure,garden,,North Carolina State University,,,,,"{""access"": ""yes"", ""fee"": ""no"", ""garden:type"": ""rain_garden"", ""leisure"": ""garden"", ""name"": ""Hunt Rain Garden"", ""operator"": ""North Carolina State University"", ""operator:type"": ""university""}",2026-10-10T14:14:29Z,OpenStreetMap Overpass API,False,POINT (-78.6762 35.76907)
RAL-05_osm_node_10304812051,RAL-05,Raleigh,node,10304812051,WakeMed Cardiovascular & Thoracic Surgery,wakemed cardiovascular and thoracic surgery,Point,35.7847565,-78.5891127,healthcare,doctor,,,city=Raleigh; housenumber=3000; postcode=27610; state=NC; street=New Bern Avenue; unit=1100,,,,"{""addr:city"": ""Raleigh"", ""addr:housenumber"": ""3000"", ""addr:postcode"": ""27610"", ""addr:state"": ""NC"", ""addr:street"": ""New Bern Avenue"", ""addr:unit"": ""1100"", ""amenity"": ""doctors"", ""healthcare"": ""doctor"", ""healthcare:speciality"": ""cardiology"", ""name"": ""WakeMed Cardiovascular & Thoracic Surgery"", ""phone"": ""+1-919-231-6333""}",2026-10-10T14:14:29Z,OpenStreetMap Overpass API,False,POINT (-78.589113 35.784756)
RAL-05_osm_node_6717727139,RAL-05,Raleigh,node,6717727139,Wakemed Heart Center,wakemed heart center,Point,35.7846543,-78.5891359,healthcare,doctor,,,city=Raleigh; housenumber=3000; postcode=27610; state=NC; street=New Bern Avenue,,,,"{""addr:city"": ""Raleigh"", ""addr:housenumber"": ""3000"", ""addr:postcode"": ""27610"", ""addr:state"": ""NC"", ""addr:street"": ""New Bern Avenue"", ""amenity"": ""doctors"", ""healthcare"": ""doctor"", ""healthcare:speciality"": ""cardiology"", ""name"": ""Wakemed Heart Center""}",2026-10-10T14:14:29Z,OpenStreetMap Overpass API,False,POINT (-78.589136 35.784654)
RAL-05_osm_way_198168608,RAL-05,Raleigh,way,198168608,WakeMed Health & Hospitals: Raleigh Campus,wakemed health and hospitals raleigh campus,Polygon,35.7826101,-78.5882426603876,healthcare,hospital,,WakeMed,city=Raleigh; housenumber=3000; postcode=27610; street=New Bern Avenue,,,https://www.wakemed.org/location/raleigh-campus,"{""addr:city"": ""Raleigh"", ""addr:housenumber"": ""3000"", ""addr:postcode"": ""27610"", ""addr:street"": ""New Bern Avenue"", ""amenity"": ""hospital"", ""beds"": ""628"", ""emergency"": ""yes"", ""healthcare"": ""hospital"", ""name"": ""WakeMed Health & Hospitals: Raleigh Campus"", ""opening_hours"": ""24/7"", ""operator"": ""WakeMed"", ""operator:wikidata"": ""Q7960892"", ""phone"": ""+1 919 350 8000"", ""website"": ""https://www.wakemed.org/location/raleigh-campus""}",2026-10-10T14:14:29Z,OpenStreetMap Overpass API,False,"POLYGON ((-78.588145 35.787003, -78.58592 35.78536, -78.586004 35.785282, -78.585758 35.785095, -78.586364 35.784494, -78.586332 35.784399, -78.586316 35.784246, -78.586294 35.78419, -78.586165 35.783977, -78.585908 35.783693, -78.585404 35.783759, -78.585119 35.783368, -78.585076 35.783307, -78.58562 35.783052, -78.585513 35.782895, -78.58635 35.782508, -78.58586 35.781755, -78.585857 35.781738, -78.585865 35.781716, -78.586116 35.781598, -78.586313 35.781529, -78.586465 35.781485, -78.586674 35.781446, -78.586881 35.781431, -78.587168 35.781442, -78.587391 35.781472, -78.587673 35.781551, -78.5887 35.781862, -78.588748 35.781701, -78.588815 35.781538, -78.588963 35.781196, -78.588989 35.7811, -78.589003 35.780974, -78.588995 35.780824, -78.58899 35.780528, -78.589014 35.780493, -78.589061 35.780443, -78.589089 35.780389, -78.589089 35.78033, -78.589049 35.780267, -78.589 35.780234, -78.588925 35.780223, -78.588856 35.78023, -78.588782 35.780284, -78.588745 35.780349, -78.588743 35.780384, -78.587783 35.78016, -78.587827 35.778229, -78.588503 35.778195, -78.588833 35.778179, -78.58914 35.778219, -78.589285 35.778256, -78.589271 35.779288, -78.589585 35.779549, -78.591148 35.780288, -78.59118 35.780822, -78.590864 35.780891, -78.59073 35.780959, -78.590537 35.781128, -78.590403 35.781272, -78.590288 35.781457, -78.59022 35.781626, -78.590201 35.781774, -78.590225 35.781907, -78.590328 35.78226, -78.590346 35.78239, -78.59036 35.782532, -78.590352 35.782689, -78.59032 35.782902, -78.590277 35.783222, -78.590292 35.783504, -78.590336 35.783655, -78.590443 35.783831, -78.590528 35.783957, -78.590663 35.784088, -78.590806 35.784203, -78.590902 35.784268, -78.590921 35.784299, -78.590918 35.78434, -78.590897 35.784368, -78.589617 35.785547, -78.588719 35.786377, -78.588448 35.786644, -78.588275 35.786838, -78.588145 35.787003))"
